subject,dataset,pipeline,feature,classifier,da,method_row,pair_id,target_id,seed_used,ci_alpha,code_protocol_version,feature_fit_protocol,dist_type,partition_mode,proxy_direction,borrowed_local_idx,borrowed_abs_idx,combiner,harmonize,score_mode,stage,local_idx,session_abs_idx,session_label,role,is_best,weight,dist_to_session,dist_est_method,dist_est,dist_lwr,dist_upr
1,bnci004,MMP_moe,CSP,lda,none,0,0,0,3894,0.05,no_leakage_v1_alpha005,gate_all_sources_proxy_source_only_final_training_only,mmd,,,,,moe,coral,near_nearest_proxy,main,0.0,1,1train,nearest,True,0.5336413497361561,0.0,direct,0.15479429421145158,0.10951923406953266,0.2075532201523754
1,bnci004,MMP_moe,CSP,lda,none,0,0,0,3894,0.05,no_leakage_v1_alpha005,gate_all_sources_proxy_source_only_final_training_only,mmd,,,,,moe,coral,near_nearest_proxy,anchor,0.0,1,1train,target,False,,0.0,direct,0.15479429421145158,0.10951923406953266,0.2075532201523754
1,bnci004,MMP_moe,CSP,lda,none,0,0,0,3894,0.05,no_leakage_v1_alpha005,gate_all_sources_proxy_source_only_final_training_only,mmd,,,,,moe,coral,near_nearest_proxy,final,0.0,1,1train,train,True,0.5336413497361561,0.0,direct,0.15479429421145158,0.10951923406953266,0.2075532201523754
1,bnci004,MMP_moe,CSP,lda,none,0,0,0,3894,0.05,no_leakage_v1_alpha005,gate_all_sources_proxy_source_only_final_training_only,mmd,,,,,moe,coral,near_nearest_proxy,main,1.0,2,2train,far,False,,0.0,direct,0.2677908118498112,0.21720981663009,0.3341826663503873
1,bnci004,MMP_moe,CSP,lda,none,0,0,0,3894,0.05,no_leakage_v1_alpha005,gate_all_sources_proxy_source_only_final_training_only,mmd,,,,,moe,coral,near_nearest_proxy,anchor,1.0,2,2train,not_used,False,,0.0,direct,0.2677908118498112,0.21720981663009,0.3341826663503873
1,bnci004,MMP_moe,CSP,lda,none,0,0,0,3894,0.05,no_leakage_v1_alpha005,gate_all_sources_proxy_source_only_final_training_only,mmd,,,,,moe,coral,near_nearest_proxy,final,1.0,2,2train,not_used,False,,0.0,direct,0.2677908118498112,0.21720981663009,0.3341826663503873
1,bnci004,MMP_moe,CSP,lda,none,0,0,0,3894,0.05,no_leakage_v1_alpha005,gate_all_sources_proxy_source_only_final_training_only,mmd,,,,,moe,coral,near_nearest_proxy,main,2.0,3,3test,far,False,,0.0,direct,0.42666275895036443,0.3645532122278271,0.47829302418358366
1,bnci004,MMP_moe,CSP,lda,none,0,0,0,3894,0.05,no_leakage_v1_alpha005,gate_all_sources_proxy_source_only_final_training_only,mmd,,,,,moe,coral,near_nearest_proxy,anchor,2.0,3,3test,not_used,False,,0.0,direct,0.42666275895036443,0.3645532122278271,0.47829302418358366
1,bnci004,MMP_moe,CSP,lda,none,0,0,0,3894,0.05,no_leakage_v1_alpha005,gate_all_sources_proxy_source_only_final_training_only,mmd,,,,,moe,coral,near_nearest_proxy,final,2.0,3,3test,not_used,False,,0.0,direct,0.42666275895036443,0.3645532122278271,0.47829302418358366
1,bnci004,MMP_moe,CSP,lda,none,0,0,0,3894,0.05,no_leakage_v1_alpha005,gate_all_sources_proxy_source_only_final_training_only,mmd,,,,,moe,coral,near_nearest_proxy,main,3.0,4,4test,near,False,0.4663586502638438,0.0,direct,0.17712698870369464,0.12154894447751857,0.2346483324437963
1,bnci004,MMP_moe,CSP,lda,none,0,0,0,3894,0.05,no_leakage_v1_alpha005,gate_all_sources_proxy_source_only_final_training_only,mmd,,,,,moe,coral,near_nearest_proxy,anchor,3.0,4,4test,proxy_source,False,1.0,0.0,direct,0.17712698870369464,0.12154894447751857,0.2346483324437963
1,bnci004,MMP_moe,CSP,lda,none,0,0,0,3894,0.05,no_leakage_v1_alpha005,gate_all_sources_proxy_source_only_final_training_only,mmd,,,,,moe,coral,near_nearest_proxy,final,3.0,4,4test,train,False,0.4663586502638438,0.0,direct,0.17712698870369464,0.12154894447751857,0.2346483324437963
1,bnci004,MMP_moe,CSP,lda,none,0,0,0,3894,0.05,no_leakage_v1_alpha005,gate_all_sources_proxy_source_only_final_training_only,mmd,,,,,moe,coral,near_nearest_proxy,main,,0,0train,target,False,,,,,,
1,bnci004,MMP_moe,CSP,lda,none,0,0,0,3894,0.05,no_leakage_v1_alpha005,gate_all_sources_proxy_source_only_final_training_only,mmd,,,,,moe,coral,near_nearest_proxy,final,,0,0train,target,False,,,,,,
1,bnci004,MMP_moe,CSP,lda,none,0,1,1,3925,0.05,no_leakage_v1_alpha005,gate_all_sources_proxy_source_only_final_training_only,mmd,,,,,moe,coral,near_nearest_proxy,main,0.0,0,0train,nearest,True,1.0,1.0,direct,0.14308598774797054,0.097934310345209,0.18792818336857597
1,bnci004,MMP_moe,CSP,lda,none,0,1,1,3925,0.05,no_leakage_v1_alpha005,gate_all_sources_proxy_source_only_final_training_only,mmd,,,,,moe,coral,near_nearest_proxy,anchor,0.0,0,0train,target,False,,1.0,direct,0.14308598774797054,0.097934310345209,0.18792818336857597
1,bnci004,MMP_moe,CSP,lda,none,0,1,1,3925,0.05,no_leakage_v1_alpha005,gate_all_sources_proxy_source_only_final_training_only,mmd,,,,,moe,coral,near_nearest_proxy,final,0.0,0,0train,train,True,1.0,1.0,direct,0.14308598774797054,0.097934310345209,0.18792818336857597
1,bnci004,MMP_moe,CSP,lda,none,0,1,1,3925,0.05,no_leakage_v1_alpha005,gate_all_sources_proxy_source_only_final_training_only,mmd,,,,,moe,coral,near_nearest_proxy,main,1.0,2,2train,far,False,,1.0,direct,0.3178659987831032,0.2634984835996137,0.37611172273670435
1,bnci004,MMP_moe,CSP,lda,none,0,1,1,3925,0.05,no_leakage_v1_alpha005,gate_all_sources_proxy_source_only_final_training_only,mmd,,,,,moe,coral,near_nearest_proxy,anchor,1.0,2,2train,not_used,False,,1.0,direct,0.3178659987831032,0.2634984835996137,0.37611172273670435
1,bnci004,MMP_moe,CSP,lda,none,0,1,1,3925,0.05,no_leakage_v1_alpha005,gate_all_sources_proxy_source_only_final_training_only,mmd,,,,,moe,coral,near_nearest_proxy,final,1.0,2,2train,not_used,False,,1.0,direct,0.3178659987831032,0.2634984835996137,0.37611172273670435
1,bnci004,MMP_moe,CSP,lda,none,0,1,1,3925,0.05,no_leakage_v1_alpha005,gate_all_sources_proxy_source_only_final_training_only,mmd,,,,,moe,coral,near_nearest_proxy,main,2.0,3,3test,far,False,,1.0,direct,0.4326332162435787,0.3877012084766255,0.47773660182500827
1,bnci004,MMP_moe,CSP,lda,none,0,1,1,3925,0.05,no_leakage_v1_alpha005,gate_all_sources_proxy_source_only_final_training_only,mmd,,,,,moe,coral,near_nearest_proxy,anchor,2.0,3,3test,not_used,False,,1.0,direct,0.4326332162435787,0.3877012084766255,0.47773660182500827
1,bnci004,MMP_moe,CSP,lda,none,0,1,1,3925,0.05,no_leakage_v1_alpha005,gate_all_sources_proxy_source_only_final_training_only,mmd,,,,,moe,coral,near_nearest_proxy,final,2.0,3,3test,not_used,False,,1.0,direct,0.4326332162435787,0.3877012084766255,0.47773660182500827
1,bnci004,MMP_moe,CSP,lda,none,0,1,1,3925,0.05,no_leakage_v1_alpha005,gate_all_sources_proxy_source_only_final_training_only,mmd,,,,,moe,coral,near_nearest_proxy,main,3.0,4,4test,far,False,,1.0,direct,0.305981096847752,0.25301816681943984,0.3626300785984436
1,bnci004,MMP_moe,CSP,lda,none,0,1,1,3925,0.05,no_leakage_v1_alpha005,gate_all_sources_proxy_source_only_final_training_only,mmd,,,,,moe,coral,near_nearest_proxy,anchor,3.0,4,4test,second_nearest_fallback_source,False,1.0,1.0,direct,0.305981096847752,0.25301816681943984,0.3626300785984436
1,bnci004,MMP_moe,CSP,lda,none,0,1,1,3925,0.05,no_leakage_v1_alpha005,gate_all_sources_proxy_source_only_final_training_only,mmd,,,,,moe,coral,near_nearest_proxy,final,3.0,4,4test,not_used,False,,1.0,direct,0.305981096847752,0.25301816681943984,0.3626300785984436
1,bnci004,MMP_moe,CSP,lda,none,0,1,1,3925,0.05,no_leakage_v1_alpha005,gate_all_sources_proxy_source_only_final_training_only,mmd,,,,,moe,coral,near_nearest_proxy,main,,1,1train,target,False,,,,,,
1,bnci004,MMP_moe,CSP,lda,none,0,1,1,3925,0.05,no_leakage_v1_alpha005,gate_all_sources_proxy_source_only_final_training_only,mmd,,,,,moe,coral,near_nearest_proxy,final,,1,1train,target,False,,,,,,
1,bnci004,MMP_moe,CSP,lda,none,0,2,2,3956,0.05,no_leakage_v1_alpha005,gate_all_sources_proxy_source_only_final_training_only,mmd,,,,,moe,coral,near_nearest_proxy,main,0.0,0,0train,nearest,True,0.35989781080046795,2.0,direct,0.19807052990815305,0.15997068486241217,0.24240784598979076
1,bnci004,MMP_moe,CSP,lda,none,0,2,2,3956,0.05,no_leakage_v1_alpha005,gate_all_sources_proxy_source_only_final_training_only,mmd,,,,,moe,coral,near_nearest_proxy,anchor,0.0,0,0train,target,False,,2.0,direct,0.19807052990815305,0.15997068486241217,0.24240784598979076
1,bnci004,MMP_moe,CSP,lda,none,0,2,2,3956,0.05,no_leakage_v1_alpha005,gate_all_sources_proxy_source_only_final_training_only,mmd,,,,,moe,coral,near_nearest_proxy,final,0.0,0,0train,train,True,0.35989781080046795,2.0,direct,0.19807052990815305,0.15997068486241217,0.24240784598979076
1,bnci004,MMP_moe,CSP,lda,none,0,2,2,3956,0.05,no_leakage_v1_alpha005,gate_all_sources_proxy_source_only_final_training_only,mmd,,,,,moe,coral,near_nearest_proxy,main,1.0,1,1train,far,False,,2.0,direct,0.3417674963798411,0.2940269818334725,0.4055390539144558
1,bnci004,MMP_moe,CSP,lda,none,0,2,2,3956,0.05,no_leakage_v1_alpha005,gate_all_sources_proxy_source_only_final_training_only,mmd,,,,,moe,coral,near_nearest_proxy,anchor,1.0,1,1train,not_used,False,,2.0,direct,0.3417674963798411,0.2940269818334725,0.4055390539144558
1,bnci004,MMP_moe,CSP,lda,none,0,2,2,3956,0.05,no_leakage_v1_alpha005,gate_all_sources_proxy_source_only_final_training_only,mmd,,,,,moe,coral,near_nearest_proxy,final,1.0,1,1train,not_used,False,,2.0,direct,0.3417674963798411,0.2940269818334725,0.4055390539144558
1,bnci004,MMP_moe,CSP,lda,none,0,2,2,3956,0.05,no_leakage_v1_alpha005,gate_all_sources_proxy_source_only_final_training_only,mmd,,,,,moe,coral,near_nearest_proxy,main,2.0,3,3test,near,False,0.3531848651530587,2.0,direct,0.20183525355789494,0.16104774201260807,0.24243485286103406
1,bnci004,MMP_moe,CSP,lda,none,0,2,2,3956,0.05,no_leakage_v1_alpha005,gate_all_sources_proxy_source_only_final_training_only,mmd,,,,,moe,coral,near_nearest_proxy,anchor,2.0,3,3test,proxy_source,False,0.5517632514188517,2.0,direct,0.20183525355789494,0.16104774201260807,0.24243485286103406
1,bnci004,MMP_moe,CSP,lda,none,0,2,2,3956,0.05,no_leakage_v1_alpha005,gate_all_sources_proxy_source_only_final_training_only,mmd,,,,,moe,coral,near_nearest_proxy,final,2.0,3,3test,train,False,0.3531848651530587,2.0,direct,0.20183525355789494,0.16104774201260807,0.24243485286103406
1,bnci004,MMP_moe,CSP,lda,none,0,2,2,3956,0.05,no_leakage_v1_alpha005,gate_all_sources_proxy_source_only_final_training_only,mmd,,,,,moe,coral,near_nearest_proxy,main,3.0,4,4test,near,False,0.2869173240464733,2.0,direct,0.24845213970758093,0.2034956891145809,0.3079378132942687
1,bnci004,MMP_moe,CSP,lda,none,0,2,2,3956,0.05,no_leakage_v1_alpha005,gate_all_sources_proxy_source_only_final_training_only,mmd,,,,,moe,coral,near_nearest_proxy,anchor,3.0,4,4test,proxy_source,False,0.4482367485811484,2.0,direct,0.24845213970758093,0.2034956891145809,0.3079378132942687
1,bnci004,MMP_moe,CSP,lda,none,0,2,2,3956,0.05,no_leakage_v1_alpha005,gate_all_sources_proxy_source_only_final_training_only,mmd,,,,,moe,coral,near_nearest_proxy,final,3.0,4,4test,train,False,0.2869173240464733,2.0,direct,0.24845213970758093,0.2034956891145809,0.3079378132942687
1,bnci004,MMP_moe,CSP,lda,none,0,2,2,3956,0.05,no_leakage_v1_alpha005,gate_all_sources_proxy_source_only_final_training_only,mmd,,,,,moe,coral,near_nearest_proxy,main,,2,2train,target,False,,,,,,
1,bnci004,MMP_moe,CSP,lda,none,0,2,2,3956,0.05,no_leakage_v1_alpha005,gate_all_sources_proxy_source_only_final_training_only,mmd,,,,,moe,coral,near_nearest_proxy,final,,2,2train,target,False,,,,,,
1,bnci004,MMP_moe,CSP,lda,none,0,3,3,3987,0.05,no_leakage_v1_alpha005,gate_all_sources_proxy_source_only_final_training_only,mmd,,,,,moe,coral,near_nearest_proxy,main,0.0,0,0train,far,False,,3.0,direct,0.33620701399549213,0.28318397100732945,0.3875126528891886
1,bnci004,MMP_moe,CSP,lda,none,0,3,3,3987,0.05,no_leakage_v1_alpha005,gate_all_sources_proxy_source_only_final_training_only,mmd,,,,,moe,coral,near_nearest_proxy,anchor,0.0,0,0train,second_nearest_fallback_source,False,1.0,3.0,direct,0.33620701399549213,0.28318397100732945,0.3875126528891886
1,bnci004,MMP_moe,CSP,lda,none,0,3,3,3987,0.05,no_leakage_v1_alpha005,gate_all_sources_proxy_source_only_final_training_only,mmd,,,,,moe,coral,near_nearest_proxy,final,0.0,0,0train,not_used,False,,3.0,direct,0.33620701399549213,0.28318397100732945,0.3875126528891886
1,bnci004,MMP_moe,CSP,lda,none,0,3,3,3987,0.05,no_leakage_v1_alpha005,gate_all_sources_proxy_source_only_final_training_only,mmd,,,,,moe,coral,near_nearest_proxy,main,1.0,1,1train,far,False,,3.0,direct,0.49880510328285305,0.449921089275508,0.5479329585841785
1,bnci004,MMP_moe,CSP,lda,none,0,3,3,3987,0.05,no_leakage_v1_alpha005,gate_all_sources_proxy_source_only_final_training_only,mmd,,,,,moe,coral,near_nearest_proxy,anchor,1.0,1,1train,not_used,False,,3.0,direct,0.49880510328285305,0.449921089275508,0.5479329585841785
1,bnci004,MMP_moe,CSP,lda,none,0,3,3,3987,0.05,no_leakage_v1_alpha005,gate_all_sources_proxy_source_only_final_training_only,mmd,,,,,moe,coral,near_nearest_proxy,final,1.0,1,1train,not_used,False,,3.0,direct,0.49880510328285305,0.449921089275508,0.5479329585841785
1,bnci004,MMP_moe,CSP,lda,none,0,3,3,3987,0.05,no_leakage_v1_alpha005,gate_all_sources_proxy_source_only_final_training_only,mmd,,,,,moe,coral,near_nearest_proxy,main,2.0,2,2train,nearest,True,1.0,3.0,direct,0.22101040356312918,0.1709285890235399,0.2688603802981365
1,bnci004,MMP_moe,CSP,lda,none,0,3,3,3987,0.05,no_leakage_v1_alpha005,gate_all_sources_proxy_source_only_final_training_only,mmd,,,,,moe,coral,near_nearest_proxy,anchor,2.0,2,2train,target,False,,3.0,direct,0.22101040356312918,0.1709285890235399,0.2688603802981365
1,bnci004,MMP_moe,CSP,lda,none,0,3,3,3987,0.05,no_leakage_v1_alpha005,gate_all_sources_proxy_source_only_final_training_only,mmd,,,,,moe,coral,near_nearest_proxy,final,2.0,2,2train,train,True,1.0,3.0,direct,0.22101040356312918,0.1709285890235399,0.2688603802981365
1,bnci004,MMP_moe,CSP,lda,none,0,3,3,3987,0.05,no_leakage_v1_alpha005,gate_all_sources_proxy_source_only_final_training_only,mmd,,,,,moe,coral,near_nearest_proxy,main,3.0,4,4test,far,False,,3.0,direct,0.3743031719432352,0.31615708169788126,0.4326270271479938
1,bnci004,MMP_moe,CSP,lda,none,0,3,3,3987,0.05,no_leakage_v1_alpha005,gate_all_sources_proxy_source_only_final_training_only,mmd,,,,,moe,coral,near_nearest_proxy,anchor,3.0,4,4test,not_used,False,,3.0,direct,0.3743031719432352,0.31615708169788126,0.4326270271479938
1,bnci004,MMP_moe,CSP,lda,none,0,3,3,3987,0.05,no_leakage_v1_alpha005,gate_all_sources_proxy_source_only_final_training_only,mmd,,,,,moe,coral,near_nearest_proxy,final,3.0,4,4test,not_used,False,,3.0,direct,0.3743031719432352,0.31615708169788126,0.4326270271479938
1,bnci004,MMP_moe,CSP,lda,none,0,3,3,3987,0.05,no_leakage_v1_alpha005,gate_all_sources_proxy_source_only_final_training_only,mmd,,,,,moe,coral,near_nearest_proxy,main,,3,3test,target,False,,,,,,
1,bnci004,MMP_moe,CSP,lda,none,0,3,3,3987,0.05,no_leakage_v1_alpha005,gate_all_sources_proxy_source_only_final_training_only,mmd,,,,,moe,coral,near_nearest_proxy,final,,3,3test,target,False,,,,,,
1,bnci004,MMP_moe,CSP,lda,none,0,4,4,4018,0.05,no_leakage_v1_alpha005,gate_all_sources_proxy_source_only_final_training_only,mmd,,,,,moe,coral,near_nearest_proxy,main,0.0,0,0train,nearest,True,0.607416680280804,4.0,direct,0.13728059464471623,0.09952761702816525,0.1794441068616901
1,bnci004,MMP_moe,CSP,lda,none,0,4,4,4018,0.05,no_leakage_v1_alpha005,gate_all_sources_proxy_source_only_final_training_only,mmd,,,,,moe,coral,near_nearest_proxy,anchor,0.0,0,0train,target,False,,4.0,direct,0.13728059464471623,0.09952761702816525,0.1794441068616901
1,bnci004,MMP_moe,CSP,lda,none,0,4,4,4018,0.05,no_leakage_v1_alpha005,gate_all_sources_proxy_source_only_final_training_only,mmd,,,,,moe,coral,near_nearest_proxy,final,0.0,0,0train,train,True,0.607416680280804,4.0,direct,0.13728059464471623,0.09952761702816525,0.1794441068616901
1,bnci004,MMP_moe,CSP,lda,none,0,4,4,4018,0.05,no_leakage_v1_alpha005,gate_all_sources_proxy_source_only_final_training_only,mmd,,,,,moe,coral,near_nearest_proxy,main,1.0,1,1train,far,False,,4.0,direct,0.30239812464074106,0.23926702971167366,0.3559530798135503
1,bnci004,MMP_moe,CSP,lda,none,0,4,4,4018,0.05,no_leakage_v1_alpha005,gate_all_sources_proxy_source_only_final_training_only,mmd,,,,,moe,coral,near_nearest_proxy,anchor,1.0,1,1train,not_used,False,,4.0,direct,0.30239812464074106,0.23926702971167366,0.3559530798135503
1,bnci004,MMP_moe,CSP,lda,none,0,4,4,4018,0.05,no_leakage_v1_alpha005,gate_all_sources_proxy_source_only_final_training_only,mmd,,,,,moe,coral,near_nearest_proxy,final,1.0,1,1train,not_used,False,,4.0,direct,0.30239812464074106,0.23926702971167366,0.3559530798135503
1,bnci004,MMP_moe,CSP,lda,none,0,4,4,4018,0.05,no_leakage_v1_alpha005,gate_all_sources_proxy_source_only_final_training_only,mmd,,,,,moe,coral,near_nearest_proxy,main,2.0,2,2train,near,False,0.39258331971919597,4.0,direct,0.21240519836419197,0.1676907488605967,0.26267170135517826
1,bnci004,MMP_moe,CSP,lda,none,0,4,4,4018,0.05,no_leakage_v1_alpha005,gate_all_sources_proxy_source_only_final_training_only,mmd,,,,,moe,coral,near_nearest_proxy,anchor,2.0,2,2train,proxy_source,False,1.0,4.0,direct,0.21240519836419197,0.1676907488605967,0.26267170135517826
1,bnci004,MMP_moe,CSP,lda,none,0,4,4,4018,0.05,no_leakage_v1_alpha005,gate_all_sources_proxy_source_only_final_training_only,mmd,,,,,moe,coral,near_nearest_proxy,final,2.0,2,2train,train,False,0.39258331971919597,4.0,direct,0.21240519836419197,0.1676907488605967,0.26267170135517826
1,bnci004,MMP_moe,CSP,lda,none,0,4,4,4018,0.05,no_leakage_v1_alpha005,gate_all_sources_proxy_source_only_final_training_only,mmd,,,,,moe,coral,near_nearest_proxy,main,3.0,3,3test,far,False,,4.0,direct,0.3400814991241653,0.2911814938068759,0.39223634644873817
1,bnci004,MMP_moe,CSP,lda,none,0,4,4,4018,0.05,no_leakage_v1_alpha005,gate_all_sources_proxy_source_only_final_training_only,mmd,,,,,moe,coral,near_nearest_proxy,anchor,3.0,3,3test,not_used,False,,4.0,direct,0.3400814991241653,0.2911814938068759,0.39223634644873817
1,bnci004,MMP_moe,CSP,lda,none,0,4,4,4018,0.05,no_leakage_v1_alpha005,gate_all_sources_proxy_source_only_final_training_only,mmd,,,,,moe,coral,near_nearest_proxy,final,3.0,3,3test,not_used,False,,4.0,direct,0.3400814991241653,0.2911814938068759,0.39223634644873817
1,bnci004,MMP_moe,CSP,lda,none,0,4,4,4018,0.05,no_leakage_v1_alpha005,gate_all_sources_proxy_source_only_final_training_only,mmd,,,,,moe,coral,near_nearest_proxy,main,,4,4test,target,False,,,,,,
1,bnci004,MMP_moe,CSP,lda,none,0,4,4,4018,0.05,no_leakage_v1_alpha005,gate_all_sources_proxy_source_only_final_training_only,mmd,,,,,moe,coral,near_nearest_proxy,final,,4,4test,target,False,,,,,,
1,bnci004,MMP_moe,CSP,lda,sa,1,0,0,4891,0.05,no_leakage_v1_alpha005,gate_all_sources_proxy_source_only_final_training_only,mmd,,,,,moe,coral,near_nearest_proxy,main,0.0,1,1train,nearest,True,0.5268790607642112,0.0,direct,0.15733231893308772,0.11055126666996498,0.21901430232796915
1,bnci004,MMP_moe,CSP,lda,sa,1,0,0,4891,0.05,no_leakage_v1_alpha005,gate_all_sources_proxy_source_only_final_training_only,mmd,,,,,moe,coral,near_nearest_proxy,anchor,0.0,1,1train,target,False,,0.0,direct,0.15733231893308772,0.11055126666996498,0.21901430232796915
1,bnci004,MMP_moe,CSP,lda,sa,1,0,0,4891,0.05,no_leakage_v1_alpha005,gate_all_sources_proxy_source_only_final_training_only,mmd,,,,,moe,coral,near_nearest_proxy,final,0.0,1,1train,train,True,0.5268790607642112,0.0,direct,0.15733231893308772,0.11055126666996498,0.21901430232796915
1,bnci004,MMP_moe,CSP,lda,sa,1,0,0,4891,0.05,no_leakage_v1_alpha005,gate_all_sources_proxy_source_only_final_training_only,mmd,,,,,moe,coral,near_nearest_proxy,main,1.0,2,2train,far,False,,0.0,direct,0.270508942000854,0.21987497122770458,0.33487407438932354
1,bnci004,MMP_moe,CSP,lda,sa,1,0,0,4891,0.05,no_leakage_v1_alpha005,gate_all_sources_proxy_source_only_final_training_only,mmd,,,,,moe,coral,near_nearest_proxy,anchor,1.0,2,2train,not_used,False,,0.0,direct,0.270508942000854,0.21987497122770458,0.33487407438932354
1,bnci004,MMP_moe,CSP,lda,sa,1,0,0,4891,0.05,no_leakage_v1_alpha005,gate_all_sources_proxy_source_only_final_training_only,mmd,,,,,moe,coral,near_nearest_proxy,final,1.0,2,2train,not_used,False,,0.0,direct,0.270508942000854,0.21987497122770458,0.33487407438932354
1,bnci004,MMP_moe,CSP,lda,sa,1,0,0,4891,0.05,no_leakage_v1_alpha005,gate_all_sources_proxy_source_only_final_training_only,mmd,,,,,moe,coral,near_nearest_proxy,main,2.0,3,3test,far,False,,0.0,direct,0.43374244836352605,0.3845991448130501,0.4912342325806886
1,bnci004,MMP_moe,CSP,lda,sa,1,0,0,4891,0.05,no_leakage_v1_alpha005,gate_all_sources_proxy_source_only_final_training_only,mmd,,,,,moe,coral,near_nearest_proxy,anchor,2.0,3,3test,not_used,False,,0.0,direct,0.43374244836352605,0.3845991448130501,0.4912342325806886
1,bnci004,MMP_moe,CSP,lda,sa,1,0,0,4891,0.05,no_leakage_v1_alpha005,gate_all_sources_proxy_source_only_final_training_only,mmd,,,,,moe,coral,near_nearest_proxy,final,2.0,3,3test,not_used,False,,0.0,direct,0.43374244836352605,0.3845991448130501,0.4912342325806886
1,bnci004,MMP_moe,CSP,lda,sa,1,0,0,4891,0.05,no_leakage_v1_alpha005,gate_all_sources_proxy_source_only_final_training_only,mmd,,,,,moe,coral,near_nearest_proxy,main,3.0,4,4test,near,False,0.47312093923578885,0.0,direct,0.17520923575975936,0.12426684043112957,0.23753878280400129
1,bnci004,MMP_moe,CSP,lda,sa,1,0,0,4891,0.05,no_leakage_v1_alpha005,gate_all_sources_proxy_source_only_final_training_only,mmd,,,,,moe,coral,near_nearest_proxy,anchor,3.0,4,4test,proxy_source,False,1.0,0.0,direct,0.17520923575975936,0.12426684043112957,0.23753878280400129
1,bnci004,MMP_moe,CSP,lda,sa,1,0,0,4891,0.05,no_leakage_v1_alpha005,gate_all_sources_proxy_source_only_final_training_only,mmd,,,,,moe,coral,near_nearest_proxy,final,3.0,4,4test,train,False,0.47312093923578885,0.0,direct,0.17520923575975936,0.12426684043112957,0.23753878280400129
1,bnci004,MMP_moe,CSP,lda,sa,1,0,0,4891,0.05,no_leakage_v1_alpha005,gate_all_sources_proxy_source_only_final_training_only,mmd,,,,,moe,coral,near_nearest_proxy,main,,0,0train,target,False,,,,,,
1,bnci004,MMP_moe,CSP,lda,sa,1,0,0,4891,0.05,no_leakage_v1_alpha005,gate_all_sources_proxy_source_only_final_training_only,mmd,,,,,moe,coral,near_nearest_proxy,final,,0,0train,target,False,,,,,,
1,bnci004,MMP_moe,CSP,lda,sa,1,1,1,4922,0.05,no_leakage_v1_alpha005,gate_all_sources_proxy_source_only_final_training_only,mmd,,,,,moe,coral,near_nearest_proxy,main,0.0,0,0train,nearest,True,1.0,1.0,direct,0.14087999961223735,0.09358868053950893,0.19112143886327096
1,bnci004,MMP_moe,CSP,lda,sa,1,1,1,4922,0.05,no_leakage_v1_alpha005,gate_all_sources_proxy_source_only_final_training_only,mmd,,,,,moe,coral,near_nearest_proxy,anchor,0.0,0,0train,target,False,,1.0,direct,0.14087999961223735,0.09358868053950893,0.19112143886327096
1,bnci004,MMP_moe,CSP,lda,sa,1,1,1,4922,0.05,no_leakage_v1_alpha005,gate_all_sources_proxy_source_only_final_training_only,mmd,,,,,moe,coral,near_nearest_proxy,final,0.0,0,0train,train,True,1.0,1.0,direct,0.14087999961223735,0.09358868053950893,0.19112143886327096
1,bnci004,MMP_moe,CSP,lda,sa,1,1,1,4922,0.05,no_leakage_v1_alpha005,gate_all_sources_proxy_source_only_final_training_only,mmd,,,,,moe,coral,near_nearest_proxy,main,1.0,2,2train,far,False,,1.0,direct,0.3187742367788652,0.2657771979727937,0.37988308311781327
1,bnci004,MMP_moe,CSP,lda,sa,1,1,1,4922,0.05,no_leakage_v1_alpha005,gate_all_sources_proxy_source_only_final_training_only,mmd,,,,,moe,coral,near_nearest_proxy,anchor,1.0,2,2train,not_used,False,,1.0,direct,0.3187742367788652,0.2657771979727937,0.37988308311781327
1,bnci004,MMP_moe,CSP,lda,sa,1,1,1,4922,0.05,no_leakage_v1_alpha005,gate_all_sources_proxy_source_only_final_training_only,mmd,,,,,moe,coral,near_nearest_proxy,final,1.0,2,2train,not_used,False,,1.0,direct,0.3187742367788652,0.2657771979727937,0.37988308311781327
1,bnci004,MMP_moe,CSP,lda,sa,1,1,1,4922,0.05,no_leakage_v1_alpha005,gate_all_sources_proxy_source_only_final_training_only,mmd,,,,,moe,coral,near_nearest_proxy,main,2.0,3,3test,far,False,,1.0,direct,0.4334173465742683,0.3848763275463426,0.48321696946489634
1,bnci004,MMP_moe,CSP,lda,sa,1,1,1,4922,0.05,no_leakage_v1_alpha005,gate_all_sources_proxy_source_only_final_training_only,mmd,,,,,moe,coral,near_nearest_proxy,anchor,2.0,3,3test,not_used,False,,1.0,direct,0.4334173465742683,0.3848763275463426,0.48321696946489634
1,bnci004,MMP_moe,CSP,lda,sa,1,1,1,4922,0.05,no_leakage_v1_alpha005,gate_all_sources_proxy_source_only_final_training_only,mmd,,,,,moe,coral,near_nearest_proxy,final,2.0,3,3test,not_used,False,,1.0,direct,0.4334173465742683,0.3848763275463426,0.48321696946489634
1,bnci004,MMP_moe,CSP,lda,sa,1,1,1,4922,0.05,no_leakage_v1_alpha005,gate_all_sources_proxy_source_only_final_training_only,mmd,,,,,moe,coral,near_nearest_proxy,main,3.0,4,4test,far,False,,1.0,direct,0.3072191081922657,0.2649155264474145,0.35522841335448674
1,bnci004,MMP_moe,CSP,lda,sa,1,1,1,4922,0.05,no_leakage_v1_alpha005,gate_all_sources_proxy_source_only_final_training_only,mmd,,,,,moe,coral,near_nearest_proxy,anchor,3.0,4,4test,second_nearest_fallback_source,False,1.0,1.0,direct,0.3072191081922657,0.2649155264474145,0.35522841335448674
1,bnci004,MMP_moe,CSP,lda,sa,1,1,1,4922,0.05,no_leakage_v1_alpha005,gate_all_sources_proxy_source_only_final_training_only,mmd,,,,,moe,coral,near_nearest_proxy,final,3.0,4,4test,not_used,False,,1.0,direct,0.3072191081922657,0.2649155264474145,0.35522841335448674
1,bnci004,MMP_moe,CSP,lda,sa,1,1,1,4922,0.05,no_leakage_v1_alpha005,gate_all_sources_proxy_source_only_final_training_only,mmd,,,,,moe,coral,near_nearest_proxy,main,,1,1train,target,False,,,,,,
1,bnci004,MMP_moe,CSP,lda,sa,1,1,1,4922,0.05,no_leakage_v1_alpha005,gate_all_sources_proxy_source_only_final_training_only,mmd,,,,,moe,coral,near_nearest_proxy,final,,1,1train,target,False,,,,,,
1,bnci004,MMP_moe,CSP,lda,sa,1,2,2,4953,0.05,no_leakage_v1_alpha005,gate_all_sources_proxy_source_only_final_training_only,mmd,,,,,moe,coral,near_nearest_proxy,main,0.0,0,0train,nearest,True,0.3570502242736497,2.0,direct,0.2013142877949708,0.15515190142119684,0.24947884422495384
1,bnci004,MMP_moe,CSP,lda,sa,1,2,2,4953,0.05,no_leakage_v1_alpha005,gate_all_sources_proxy_source_only_final_training_only,mmd,,,,,moe,coral,near_nearest_proxy,anchor,0.0,0,0train,target,False,,2.0,direct,0.2013142877949708,0.15515190142119684,0.24947884422495384
1,bnci004,MMP_moe,CSP,lda,sa,1,2,2,4953,0.05,no_leakage_v1_alpha005,gate_all_sources_proxy_source_only_final_training_only,mmd,,,,,moe,coral,near_nearest_proxy,final,0.0,0,0train,train,True,0.3570502242736497,2.0,direct,0.2013142877949708,0.15515190142119684,0.24947884422495384
1,bnci004,MMP_moe,CSP,lda,sa,1,2,2,4953,0.05,no_leakage_v1_alpha005,gate_all_sources_proxy_source_only_final_training_only,mmd,,,,,moe,coral,near_nearest_proxy,main,1.0,1,1train,far,False,,2.0,direct,0.3404461573120723,0.28745629918290855,0.40291144900670645
1,bnci004,MMP_moe,CSP,lda,sa,1,2,2,4953,0.05,no_leakage_v1_alpha005,gate_all_sources_proxy_source_only_final_training_only,mmd,,,,,moe,coral,near_nearest_proxy,anchor,1.0,1,1train,not_used,False,,2.0,direct,0.3404461573120723,0.28745629918290855,0.40291144900670645
1,bnci004,MMP_moe,CSP,lda,sa,1,2,2,4953,0.05,no_leakage_v1_alpha005,gate_all_sources_proxy_source_only_final_training_only,mmd,,,,,moe,coral,near_nearest_proxy,final,1.0,1,1train,not_used,False,,2.0,direct,0.3404461573120723,0.28745629918290855,0.40291144900670645
1,bnci004,MMP_moe,CSP,lda,sa,1,2,2,4953,0.05,no_leakage_v1_alpha005,gate_all_sources_proxy_source_only_final_training_only,mmd,,,,,moe,coral,near_nearest_proxy,main,2.0,3,3test,near,False,0.355610138571225,2.0,direct,0.20212953808225975,0.16617438977137108,0.24723581324948207
1,bnci004,MMP_moe,CSP,lda,sa,1,2,2,4953,0.05,no_leakage_v1_alpha005,gate_all_sources_proxy_source_only_final_training_only,mmd,,,,,moe,coral,near_nearest_proxy,anchor,2.0,3,3test,proxy_source,False,0.5530916286104723,2.0,direct,0.20212953808225975,0.16617438977137108,0.24723581324948207
1,bnci004,MMP_moe,CSP,lda,sa,1,2,2,4953,0.05,no_leakage_v1_alpha005,gate_all_sources_proxy_source_only_final_training_only,mmd,,,,,moe,coral,near_nearest_proxy,final,2.0,3,3test,train,False,0.355610138571225,2.0,direct,0.20212953808225975,0.16617438977137108,0.24723581324948207
1,bnci004,MMP_moe,CSP,lda,sa,1,2,2,4953,0.05,no_leakage_v1_alpha005,gate_all_sources_proxy_source_only_final_training_only,mmd,,,,,moe,coral,near_nearest_proxy,main,3.0,4,4test,near,False,0.2873396371551253,2.0,direct,0.2501547716456055,0.20561983669948963,0.29961802048119357
1,bnci004,MMP_moe,CSP,lda,sa,1,2,2,4953,0.05,no_leakage_v1_alpha005,gate_all_sources_proxy_source_only_final_training_only,mmd,,,,,moe,coral,near_nearest_proxy,anchor,3.0,4,4test,proxy_source,False,0.4469083713895277,2.0,direct,0.2501547716456055,0.20561983669948963,0.29961802048119357
1,bnci004,MMP_moe,CSP,lda,sa,1,2,2,4953,0.05,no_leakage_v1_alpha005,gate_all_sources_proxy_source_only_final_training_only,mmd,,,,,moe,coral,near_nearest_proxy,final,3.0,4,4test,train,False,0.2873396371551253,2.0,direct,0.2501547716456055,0.20561983669948963,0.29961802048119357
1,bnci004,MMP_moe,CSP,lda,sa,1,2,2,4953,0.05,no_leakage_v1_alpha005,gate_all_sources_proxy_source_only_final_training_only,mmd,,,,,moe,coral,near_nearest_proxy,main,,2,2train,target,False,,,,,,
1,bnci004,MMP_moe,CSP,lda,sa,1,2,2,4953,0.05,no_leakage_v1_alpha005,gate_all_sources_proxy_source_only_final_training_only,mmd,,,,,moe,coral,near_nearest_proxy,final,,2,2train,target,False,,,,,,
1,bnci004,MMP_moe,CSP,lda,sa,1,3,3,4984,0.05,no_leakage_v1_alpha005,gate_all_sources_proxy_source_only_final_training_only,mmd,,,,,moe,coral,near_nearest_proxy,main,0.0,0,0train,far,False,,3.0,direct,0.334973614250269,0.2911232833368893,0.38063795791916755
1,bnci004,MMP_moe,CSP,lda,sa,1,3,3,4984,0.05,no_leakage_v1_alpha005,gate_all_sources_proxy_source_only_final_training_only,mmd,,,,,moe,coral,near_nearest_proxy,anchor,0.0,0,0train,second_nearest_fallback_source,False,1.0,3.0,direct,0.334973614250269,0.2911232833368893,0.38063795791916755
1,bnci004,MMP_moe,CSP,lda,sa,1,3,3,4984,0.05,no_leakage_v1_alpha005,gate_all_sources_proxy_source_only_final_training_only,mmd,,,,,moe,coral,near_nearest_proxy,final,0.0,0,0train,not_used,False,,3.0,direct,0.334973614250269,0.2911232833368893,0.38063795791916755
1,bnci004,MMP_moe,CSP,lda,sa,1,3,3,4984,0.05,no_leakage_v1_alpha005,gate_all_sources_proxy_source_only_final_training_only,mmd,,,,,moe,coral,near_nearest_proxy,main,1.0,1,1train,far,False,,3.0,direct,0.49993492724116456,0.450298698268067,0.5481212597785284
1,bnci004,MMP_moe,CSP,lda,sa,1,3,3,4984,0.05,no_leakage_v1_alpha005,gate_all_sources_proxy_source_only_final_training_only,mmd,,,,,moe,coral,near_nearest_proxy,anchor,1.0,1,1train,not_used,False,,3.0,direct,0.49993492724116456,0.450298698268067,0.5481212597785284
1,bnci004,MMP_moe,CSP,lda,sa,1,3,3,4984,0.05,no_leakage_v1_alpha005,gate_all_sources_proxy_source_only_final_training_only,mmd,,,,,moe,coral,near_nearest_proxy,final,1.0,1,1train,not_used,False,,3.0,direct,0.49993492724116456,0.450298698268067,0.5481212597785284
1,bnci004,MMP_moe,CSP,lda,sa,1,3,3,4984,0.05,no_leakage_v1_alpha005,gate_all_sources_proxy_source_only_final_training_only,mmd,,,,,moe,coral,near_nearest_proxy,main,2.0,2,2train,nearest,True,1.0,3.0,direct,0.2184229853843038,0.16563506331520683,0.27480933025026505
1,bnci004,MMP_moe,CSP,lda,sa,1,3,3,4984,0.05,no_leakage_v1_alpha005,gate_all_sources_proxy_source_only_final_training_only,mmd,,,,,moe,coral,near_nearest_proxy,anchor,2.0,2,2train,target,False,,3.0,direct,0.2184229853843038,0.16563506331520683,0.27480933025026505
1,bnci004,MMP_moe,CSP,lda,sa,1,3,3,4984,0.05,no_leakage_v1_alpha005,gate_all_sources_proxy_source_only_final_training_only,mmd,,,,,moe,coral,near_nearest_proxy,final,2.0,2,2train,train,True,1.0,3.0,direct,0.2184229853843038,0.16563506331520683,0.27480933025026505
1,bnci004,MMP_moe,CSP,lda,sa,1,3,3,4984,0.05,no_leakage_v1_alpha005,gate_all_sources_proxy_source_only_final_training_only,mmd,,,,,moe,coral,near_nearest_proxy,main,3.0,4,4test,far,False,,3.0,direct,0.37882034361430955,0.32084379905280247,0.43473526692078507
1,bnci004,MMP_moe,CSP,lda,sa,1,3,3,4984,0.05,no_leakage_v1_alpha005,gate_all_sources_proxy_source_only_final_training_only,mmd,,,,,moe,coral,near_nearest_proxy,anchor,3.0,4,4test,not_used,False,,3.0,direct,0.37882034361430955,0.32084379905280247,0.43473526692078507
1,bnci004,MMP_moe,CSP,lda,sa,1,3,3,4984,0.05,no_leakage_v1_alpha005,gate_all_sources_proxy_source_only_final_training_only,mmd,,,,,moe,coral,near_nearest_proxy,final,3.0,4,4test,not_used,False,,3.0,direct,0.37882034361430955,0.32084379905280247,0.43473526692078507
1,bnci004,MMP_moe,CSP,lda,sa,1,3,3,4984,0.05,no_leakage_v1_alpha005,gate_all_sources_proxy_source_only_final_training_only,mmd,,,,,moe,coral,near_nearest_proxy,main,,3,3test,target,False,,,,,,
1,bnci004,MMP_moe,CSP,lda,sa,1,3,3,4984,0.05,no_leakage_v1_alpha005,gate_all_sources_proxy_source_only_final_training_only,mmd,,,,,moe,coral,near_nearest_proxy,final,,3,3test,target,False,,,,,,
1,bnci004,MMP_moe,CSP,lda,sa,1,4,4,5015,0.05,no_leakage_v1_alpha005,gate_all_sources_proxy_source_only_final_training_only,mmd,,,,,moe,coral,near_nearest_proxy,main,0.0,0,0train,nearest,True,0.6050500835804251,4.0,direct,0.1394826737177968,0.10651514058802314,0.17566539338663556
1,bnci004,MMP_moe,CSP,lda,sa,1,4,4,5015,0.05,no_leakage_v1_alpha005,gate_all_sources_proxy_source_only_final_training_only,mmd,,,,,moe,coral,near_nearest_proxy,anchor,0.0,0,0train,target,False,,4.0,direct,0.1394826737177968,0.10651514058802314,0.17566539338663556
1,bnci004,MMP_moe,CSP,lda,sa,1,4,4,5015,0.05,no_leakage_v1_alpha005,gate_all_sources_proxy_source_only_final_training_only,mmd,,,,,moe,coral,near_nearest_proxy,final,0.0,0,0train,train,True,0.6050500835804251,4.0,direct,0.1394826737177968,0.10651514058802314,0.17566539338663556
1,bnci004,MMP_moe,CSP,lda,sa,1,4,4,5015,0.05,no_leakage_v1_alpha005,gate_all_sources_proxy_source_only_final_training_only,mmd,,,,,moe,coral,near_nearest_proxy,main,1.0,1,1train,far,False,,4.0,direct,0.3048096849708162,0.2377920198820481,0.36400724983616717
1,bnci004,MMP_moe,CSP,lda,sa,1,4,4,5015,0.05,no_leakage_v1_alpha005,gate_all_sources_proxy_source_only_final_training_only,mmd,,,,,moe,coral,near_nearest_proxy,anchor,1.0,1,1train,not_used,False,,4.0,direct,0.3048096849708162,0.2377920198820481,0.36400724983616717
1,bnci004,MMP_moe,CSP,lda,sa,1,4,4,5015,0.05,no_leakage_v1_alpha005,gate_all_sources_proxy_source_only_final_training_only,mmd,,,,,moe,coral,near_nearest_proxy,final,1.0,1,1train,not_used,False,,4.0,direct,0.3048096849708162,0.2377920198820481,0.36400724983616717
1,bnci004,MMP_moe,CSP,lda,sa,1,4,4,5015,0.05,no_leakage_v1_alpha005,gate_all_sources_proxy_source_only_final_training_only,mmd,,,,,moe,coral,near_nearest_proxy,main,2.0,2,2train,near,False,0.39494991641957483,4.0,direct,0.21368333042381288,0.16809549534804227,0.2621888515296536
1,bnci004,MMP_moe,CSP,lda,sa,1,4,4,5015,0.05,no_leakage_v1_alpha005,gate_all_sources_proxy_source_only_final_training_only,mmd,,,,,moe,coral,near_nearest_proxy,anchor,2.0,2,2train,proxy_source,False,1.0,4.0,direct,0.21368333042381288,0.16809549534804227,0.2621888515296536
1,bnci004,MMP_moe,CSP,lda,sa,1,4,4,5015,0.05,no_leakage_v1_alpha005,gate_all_sources_proxy_source_only_final_training_only,mmd,,,,,moe,coral,near_nearest_proxy,final,2.0,2,2train,train,False,0.39494991641957483,4.0,direct,0.21368333042381288,0.16809549534804227,0.2621888515296536
1,bnci004,MMP_moe,CSP,lda,sa,1,4,4,5015,0.05,no_leakage_v1_alpha005,gate_all_sources_proxy_source_only_final_training_only,mmd,,,,,moe,coral,near_nearest_proxy,main,3.0,3,3test,far,False,,4.0,direct,0.34221657932024657,0.2938369298504265,0.3920046226016413
1,bnci004,MMP_moe,CSP,lda,sa,1,4,4,5015,0.05,no_leakage_v1_alpha005,gate_all_sources_proxy_source_only_final_training_only,mmd,,,,,moe,coral,near_nearest_proxy,anchor,3.0,3,3test,not_used,False,,4.0,direct,0.34221657932024657,0.2938369298504265,0.3920046226016413
1,bnci004,MMP_moe,CSP,lda,sa,1,4,4,5015,0.05,no_leakage_v1_alpha005,gate_all_sources_proxy_source_only_final_training_only,mmd,,,,,moe,coral,near_nearest_proxy,final,3.0,3,3test,not_used,False,,4.0,direct,0.34221657932024657,0.2938369298504265,0.3920046226016413
1,bnci004,MMP_moe,CSP,lda,sa,1,4,4,5015,0.05,no_leakage_v1_alpha005,gate_all_sources_proxy_source_only_final_training_only,mmd,,,,,moe,coral,near_nearest_proxy,main,,4,4test,target,False,,,,,,
1,bnci004,MMP_moe,CSP,lda,sa,1,4,4,5015,0.05,no_leakage_v1_alpha005,gate_all_sources_proxy_source_only_final_training_only,mmd,,,,,moe,coral,near_nearest_proxy,final,,4,4test,target,False,,,,,,
1,bnci004,MMP_moe,CSP,lda,pt,2,0,0,5888,0.05,no_leakage_v1_alpha005,gate_all_sources_proxy_source_only_final_training_only,mmd,,,,,moe,coral,near_nearest_proxy,main,0.0,1,1train,nearest,True,0.530983861327848,0.0,direct,0.1573018337988623,0.11232919036861884,0.20850982843594196
1,bnci004,MMP_moe,CSP,lda,pt,2,0,0,5888,0.05,no_leakage_v1_alpha005,gate_all_sources_proxy_source_only_final_training_only,mmd,,,,,moe,coral,near_nearest_proxy,anchor,0.0,1,1train,target,False,,0.0,direct,0.1573018337988623,0.11232919036861884,0.20850982843594196
1,bnci004,MMP_moe,CSP,lda,pt,2,0,0,5888,0.05,no_leakage_v1_alpha005,gate_all_sources_proxy_source_only_final_training_only,mmd,,,,,moe,coral,near_nearest_proxy,final,0.0,1,1train,train,True,0.530983861327848,0.0,direct,0.1573018337988623,0.11232919036861884,0.20850982843594196
1,bnci004,MMP_moe,CSP,lda,pt,2,0,0,5888,0.05,no_leakage_v1_alpha005,gate_all_sources_proxy_source_only_final_training_only,mmd,,,,,moe,coral,near_nearest_proxy,main,1.0,2,2train,far,False,,0.0,direct,0.27375112632222026,0.2145266078380803,0.33665244470326733
1,bnci004,MMP_moe,CSP,lda,pt,2,0,0,5888,0.05,no_leakage_v1_alpha005,gate_all_sources_proxy_source_only_final_training_only,mmd,,,,,moe,coral,near_nearest_proxy,anchor,1.0,2,2train,not_used,False,,0.0,direct,0.27375112632222026,0.2145266078380803,0.33665244470326733
1,bnci004,MMP_moe,CSP,lda,pt,2,0,0,5888,0.05,no_leakage_v1_alpha005,gate_all_sources_proxy_source_only_final_training_only,mmd,,,,,moe,coral,near_nearest_proxy,final,1.0,2,2train,not_used,False,,0.0,direct,0.27375112632222026,0.2145266078380803,0.33665244470326733
1,bnci004,MMP_moe,CSP,lda,pt,2,0,0,5888,0.05,no_leakage_v1_alpha005,gate_all_sources_proxy_source_only_final_training_only,mmd,,,,,moe,coral,near_nearest_proxy,main,2.0,3,3test,far,False,,0.0,direct,0.4312530139021671,0.3817287113385477,0.4858831112887332
1,bnci004,MMP_moe,CSP,lda,pt,2,0,0,5888,0.05,no_leakage_v1_alpha005,gate_all_sources_proxy_source_only_final_training_only,mmd,,,,,moe,coral,near_nearest_proxy,anchor,2.0,3,3test,not_used,False,,0.0,direct,0.4312530139021671,0.3817287113385477,0.4858831112887332
1,bnci004,MMP_moe,CSP,lda,pt,2,0,0,5888,0.05,no_leakage_v1_alpha005,gate_all_sources_proxy_source_only_final_training_only,mmd,,,,,moe,coral,near_nearest_proxy,final,2.0,3,3test,not_used,False,,0.0,direct,0.4312530139021671,0.3817287113385477,0.4858831112887332
1,bnci004,MMP_moe,CSP,lda,pt,2,0,0,5888,0.05,no_leakage_v1_alpha005,gate_all_sources_proxy_source_only_final_training_only,mmd,,,,,moe,coral,near_nearest_proxy,main,3.0,4,4test,near,False,0.4690161386721519,0.0,direct,0.1780851236988645,0.12706246401751645,0.23321636298795875
1,bnci004,MMP_moe,CSP,lda,pt,2,0,0,5888,0.05,no_leakage_v1_alpha005,gate_all_sources_proxy_source_only_final_training_only,mmd,,,,,moe,coral,near_nearest_proxy,anchor,3.0,4,4test,proxy_source,False,1.0,0.0,direct,0.1780851236988645,0.12706246401751645,0.23321636298795875
1,bnci004,MMP_moe,CSP,lda,pt,2,0,0,5888,0.05,no_leakage_v1_alpha005,gate_all_sources_proxy_source_only_final_training_only,mmd,,,,,moe,coral,near_nearest_proxy,final,3.0,4,4test,train,False,0.4690161386721519,0.0,direct,0.1780851236988645,0.12706246401751645,0.23321636298795875
1,bnci004,MMP_moe,CSP,lda,pt,2,0,0,5888,0.05,no_leakage_v1_alpha005,gate_all_sources_proxy_source_only_final_training_only,mmd,,,,,moe,coral,near_nearest_proxy,main,,0,0train,target,False,,,,,,
1,bnci004,MMP_moe,CSP,lda,pt,2,0,0,5888,0.05,no_leakage_v1_alpha005,gate_all_sources_proxy_source_only_final_training_only,mmd,,,,,moe,coral,near_nearest_proxy,final,,0,0train,target,False,,,,,,
1,bnci004,MMP_moe,CSP,lda,pt,2,1,1,5919,0.05,no_leakage_v1_alpha005,gate_all_sources_proxy_source_only_final_training_only,mmd,,,,,moe,coral,near_nearest_proxy,main,0.0,0,0train,nearest,True,1.0,1.0,direct,0.1417984435765895,0.10253750887079632,0.1891343611710534
1,bnci004,MMP_moe,CSP,lda,pt,2,1,1,5919,0.05,no_leakage_v1_alpha005,gate_all_sources_proxy_source_only_final_training_only,mmd,,,,,moe,coral,near_nearest_proxy,anchor,0.0,0,0train,target,False,,1.0,direct,0.1417984435765895,0.10253750887079632,0.1891343611710534
1,bnci004,MMP_moe,CSP,lda,pt,2,1,1,5919,0.05,no_leakage_v1_alpha005,gate_all_sources_proxy_source_only_final_training_only,mmd,,,,,moe,coral,near_nearest_proxy,final,0.0,0,0train,train,True,1.0,1.0,direct,0.1417984435765895,0.10253750887079632,0.1891343611710534
1,bnci004,MMP_moe,CSP,lda,pt,2,1,1,5919,0.05,no_leakage_v1_alpha005,gate_all_sources_proxy_source_only_final_training_only,mmd,,,,,moe,coral,near_nearest_proxy,main,1.0,2,2train,far,False,,1.0,direct,0.31484729587530697,0.25544919814774286,0.36532507938785613
1,bnci004,MMP_moe,CSP,lda,pt,2,1,1,5919,0.05,no_leakage_v1_alpha005,gate_all_sources_proxy_source_only_final_training_only,mmd,,,,,moe,coral,near_nearest_proxy,anchor,1.0,2,2train,not_used,False,,1.0,direct,0.31484729587530697,0.25544919814774286,0.36532507938785613
1,bnci004,MMP_moe,CSP,lda,pt,2,1,1,5919,0.05,no_leakage_v1_alpha005,gate_all_sources_proxy_source_only_final_training_only,mmd,,,,,moe,coral,near_nearest_proxy,final,1.0,2,2train,not_used,False,,1.0,direct,0.31484729587530697,0.25544919814774286,0.36532507938785613
1,bnci004,MMP_moe,CSP,lda,pt,2,1,1,5919,0.05,no_leakage_v1_alpha005,gate_all_sources_proxy_source_only_final_training_only,mmd,,,,,moe,coral,near_nearest_proxy,main,2.0,3,3test,far,False,,1.0,direct,0.43315269748640445,0.39197411121216813,0.480129241697901
1,bnci004,MMP_moe,CSP,lda,pt,2,1,1,5919,0.05,no_leakage_v1_alpha005,gate_all_sources_proxy_source_only_final_training_only,mmd,,,,,moe,coral,near_nearest_proxy,anchor,2.0,3,3test,not_used,False,,1.0,direct,0.43315269748640445,0.39197411121216813,0.480129241697901
1,bnci004,MMP_moe,CSP,lda,pt,2,1,1,5919,0.05,no_leakage_v1_alpha005,gate_all_sources_proxy_source_only_final_training_only,mmd,,,,,moe,coral,near_nearest_proxy,final,2.0,3,3test,not_used,False,,1.0,direct,0.43315269748640445,0.39197411121216813,0.480129241697901
1,bnci004,MMP_moe,CSP,lda,pt,2,1,1,5919,0.05,no_leakage_v1_alpha005,gate_all_sources_proxy_source_only_final_training_only,mmd,,,,,moe,coral,near_nearest_proxy,main,3.0,4,4test,far,False,,1.0,direct,0.30800383365907197,0.2582905329430233,0.36559246091724923
1,bnci004,MMP_moe,CSP,lda,pt,2,1,1,5919,0.05,no_leakage_v1_alpha005,gate_all_sources_proxy_source_only_final_training_only,mmd,,,,,moe,coral,near_nearest_proxy,anchor,3.0,4,4test,second_nearest_fallback_source,False,1.0,1.0,direct,0.30800383365907197,0.2582905329430233,0.36559246091724923
1,bnci004,MMP_moe,CSP,lda,pt,2,1,1,5919,0.05,no_leakage_v1_alpha005,gate_all_sources_proxy_source_only_final_training_only,mmd,,,,,moe,coral,near_nearest_proxy,final,3.0,4,4test,not_used,False,,1.0,direct,0.30800383365907197,0.2582905329430233,0.36559246091724923
1,bnci004,MMP_moe,CSP,lda,pt,2,1,1,5919,0.05,no_leakage_v1_alpha005,gate_all_sources_proxy_source_only_final_training_only,mmd,,,,,moe,coral,near_nearest_proxy,main,,1,1train,target,False,,,,,,
1,bnci004,MMP_moe,CSP,lda,pt,2,1,1,5919,0.05,no_leakage_v1_alpha005,gate_all_sources_proxy_source_only_final_training_only,mmd,,,,,moe,coral,near_nearest_proxy,final,,1,1train,target,False,,,,,,
1,bnci004,MMP_moe,CSP,lda,pt,2,2,2,5950,0.05,no_leakage_v1_alpha005,gate_all_sources_proxy_source_only_final_training_only,mmd,,,,,moe,coral,near_nearest_proxy,main,0.0,0,0train,near,False,0.3568058185948945,2.0,direct,0.19974766646550424,0.1615233629902794,0.245300111287095
1,bnci004,MMP_moe,CSP,lda,pt,2,2,2,5950,0.05,no_leakage_v1_alpha005,gate_all_sources_proxy_source_only_final_training_only,mmd,,,,,moe,coral,near_nearest_proxy,anchor,0.0,0,0train,proxy_source,False,0.5559696433000499,2.0,direct,0.19974766646550424,0.1615233629902794,0.245300111287095
1,bnci004,MMP_moe,CSP,lda,pt,2,2,2,5950,0.05,no_leakage_v1_alpha005,gate_all_sources_proxy_source_only_final_training_only,mmd,,,,,moe,coral,near_nearest_proxy,final,0.0,0,0train,train,False,0.3568058185948945,2.0,direct,0.19974766646550424,0.1615233629902794,0.245300111287095
1,bnci004,MMP_moe,CSP,lda,pt,2,2,2,5950,0.05,no_leakage_v1_alpha005,gate_all_sources_proxy_source_only_final_training_only,mmd,,,,,moe,coral,near_nearest_proxy,main,1.0,1,1train,far,False,,2.0,direct,0.344927473126903,0.28256069727744765,0.4128676363749045
1,bnci004,MMP_moe,CSP,lda,pt,2,2,2,5950,0.05,no_leakage_v1_alpha005,gate_all_sources_proxy_source_only_final_training_only,mmd,,,,,moe,coral,near_nearest_proxy,anchor,1.0,1,1train,not_used,False,,2.0,direct,0.344927473126903,0.28256069727744765,0.4128676363749045
1,bnci004,MMP_moe,CSP,lda,pt,2,2,2,5950,0.05,no_leakage_v1_alpha005,gate_all_sources_proxy_source_only_final_training_only,mmd,,,,,moe,coral,near_nearest_proxy,final,1.0,1,1train,not_used,False,,2.0,direct,0.344927473126903,0.28256069727744765,0.4128676363749045
1,bnci004,MMP_moe,CSP,lda,pt,2,2,2,5950,0.05,no_leakage_v1_alpha005,gate_all_sources_proxy_source_only_final_training_only,mmd,,,,,moe,coral,near_nearest_proxy,main,2.0,3,3test,nearest,True,0.35822787647718596,2.0,direct,0.19895472380448667,0.15365826232792873,0.24397831653493757
1,bnci004,MMP_moe,CSP,lda,pt,2,2,2,5950,0.05,no_leakage_v1_alpha005,gate_all_sources_proxy_source_only_final_training_only,mmd,,,,,moe,coral,near_nearest_proxy,anchor,2.0,3,3test,target,False,,2.0,direct,0.19895472380448667,0.15365826232792873,0.24397831653493757
1,bnci004,MMP_moe,CSP,lda,pt,2,2,2,5950,0.05,no_leakage_v1_alpha005,gate_all_sources_proxy_source_only_final_training_only,mmd,,,,,moe,coral,near_nearest_proxy,final,2.0,3,3test,train,True,0.35822787647718596,2.0,direct,0.19895472380448667,0.15365826232792873,0.24397831653493757
1,bnci004,MMP_moe,CSP,lda,pt,2,2,2,5950,0.05,no_leakage_v1_alpha005,gate_all_sources_proxy_source_only_final_training_only,mmd,,,,,moe,coral,near_nearest_proxy,main,3.0,4,4test,near,False,0.2849663049279194,2.0,direct,0.2501039605478462,0.2057303910325353,0.3064967010626673
1,bnci004,MMP_moe,CSP,lda,pt,2,2,2,5950,0.05,no_leakage_v1_alpha005,gate_all_sources_proxy_source_only_final_training_only,mmd,,,,,moe,coral,near_nearest_proxy,anchor,3.0,4,4test,proxy_source,False,0.4440303566999499,2.0,direct,0.2501039605478462,0.2057303910325353,0.3064967010626673
1,bnci004,MMP_moe,CSP,lda,pt,2,2,2,5950,0.05,no_leakage_v1_alpha005,gate_all_sources_proxy_source_only_final_training_only,mmd,,,,,moe,coral,near_nearest_proxy,final,3.0,4,4test,train,False,0.2849663049279194,2.0,direct,0.2501039605478462,0.2057303910325353,0.3064967010626673
1,bnci004,MMP_moe,CSP,lda,pt,2,2,2,5950,0.05,no_leakage_v1_alpha005,gate_all_sources_proxy_source_only_final_training_only,mmd,,,,,moe,coral,near_nearest_proxy,main,,2,2train,target,False,,,,,,
1,bnci004,MMP_moe,CSP,lda,pt,2,2,2,5950,0.05,no_leakage_v1_alpha005,gate_all_sources_proxy_source_only_final_training_only,mmd,,,,,moe,coral,near_nearest_proxy,final,,2,2train,target,False,,,,,,
1,bnci004,MMP_moe,CSP,lda,pt,2,3,3,5981,0.05,no_leakage_v1_alpha005,gate_all_sources_proxy_source_only_final_training_only,mmd,,,,,moe,coral,near_nearest_proxy,main,0.0,0,0train,far,False,,3.0,direct,0.33955066537675643,0.29396348728954746,0.379576391742382
1,bnci004,MMP_moe,CSP,lda,pt,2,3,3,5981,0.05,no_leakage_v1_alpha005,gate_all_sources_proxy_source_only_final_training_only,mmd,,,,,moe,coral,near_nearest_proxy,anchor,0.0,0,0train,second_nearest_fallback_source,False,1.0,3.0,direct,0.33955066537675643,0.29396348728954746,0.379576391742382
1,bnci004,MMP_moe,CSP,lda,pt,2,3,3,5981,0.05,no_leakage_v1_alpha005,gate_all_sources_proxy_source_only_final_training_only,mmd,,,,,moe,coral,near_nearest_proxy,final,0.0,0,0train,not_used,False,,3.0,direct,0.33955066537675643,0.29396348728954746,0.379576391742382
1,bnci004,MMP_moe,CSP,lda,pt,2,3,3,5981,0.05,no_leakage_v1_alpha005,gate_all_sources_proxy_source_only_final_training_only,mmd,,,,,moe,coral,near_nearest_proxy,main,1.0,1,1train,far,False,,3.0,direct,0.4986517111354259,0.44129465446955113,0.5511414055590387
1,bnci004,MMP_moe,CSP,lda,pt,2,3,3,5981,0.05,no_leakage_v1_alpha005,gate_all_sources_proxy_source_only_final_training_only,mmd,,,,,moe,coral,near_nearest_proxy,anchor,1.0,1,1train,not_used,False,,3.0,direct,0.4986517111354259,0.44129465446955113,0.5511414055590387
1,bnci004,MMP_moe,CSP,lda,pt,2,3,3,5981,0.05,no_leakage_v1_alpha005,gate_all_sources_proxy_source_only_final_training_only,mmd,,,,,moe,coral,near_nearest_proxy,final,1.0,1,1train,not_used,False,,3.0,direct,0.4986517111354259,0.44129465446955113,0.5511414055590387
1,bnci004,MMP_moe,CSP,lda,pt,2,3,3,5981,0.05,no_leakage_v1_alpha005,gate_all_sources_proxy_source_only_final_training_only,mmd,,,,,moe,coral,near_nearest_proxy,main,2.0,2,2train,nearest,True,1.0,3.0,direct,0.22055921266997525,0.17176101552704684,0.27285328016657906
1,bnci004,MMP_moe,CSP,lda,pt,2,3,3,5981,0.05,no_leakage_v1_alpha005,gate_all_sources_proxy_source_only_final_training_only,mmd,,,,,moe,coral,near_nearest_proxy,anchor,2.0,2,2train,target,False,,3.0,direct,0.22055921266997525,0.17176101552704684,0.27285328016657906
1,bnci004,MMP_moe,CSP,lda,pt,2,3,3,5981,0.05,no_leakage_v1_alpha005,gate_all_sources_proxy_source_only_final_training_only,mmd,,,,,moe,coral,near_nearest_proxy,final,2.0,2,2train,train,True,1.0,3.0,direct,0.22055921266997525,0.17176101552704684,0.27285328016657906
1,bnci004,MMP_moe,CSP,lda,pt,2,3,3,5981,0.05,no_leakage_v1_alpha005,gate_all_sources_proxy_source_only_final_training_only,mmd,,,,,moe,coral,near_nearest_proxy,main,3.0,4,4test,far,False,,3.0,direct,0.37486417861857996,0.32418130713785737,0.43749084173642405
1,bnci004,MMP_moe,CSP,lda,pt,2,3,3,5981,0.05,no_leakage_v1_alpha005,gate_all_sources_proxy_source_only_final_training_only,mmd,,,,,moe,coral,near_nearest_proxy,anchor,3.0,4,4test,not_used,False,,3.0,direct,0.37486417861857996,0.32418130713785737,0.43749084173642405
1,bnci004,MMP_moe,CSP,lda,pt,2,3,3,5981,0.05,no_leakage_v1_alpha005,gate_all_sources_proxy_source_only_final_training_only,mmd,,,,,moe,coral,near_nearest_proxy,final,3.0,4,4test,not_used,False,,3.0,direct,0.37486417861857996,0.32418130713785737,0.43749084173642405
1,bnci004,MMP_moe,CSP,lda,pt,2,3,3,5981,0.05,no_leakage_v1_alpha005,gate_all_sources_proxy_source_only_final_training_only,mmd,,,,,moe,coral,near_nearest_proxy,main,,3,3test,target,False,,,,,,
1,bnci004,MMP_moe,CSP,lda,pt,2,3,3,5981,0.05,no_leakage_v1_alpha005,gate_all_sources_proxy_source_only_final_training_only,mmd,,,,,moe,coral,near_nearest_proxy,final,,3,3test,target,False,,,,,,
1,bnci004,MMP_moe,CSP,lda,pt,2,4,4,6012,0.05,no_leakage_v1_alpha005,gate_all_sources_proxy_source_only_final_training_only,mmd,,,,,moe,coral,near_nearest_proxy,main,0.0,0,0train,nearest,True,0.6058582168381293,4.0,direct,0.13949088425979184,0.10224552948550075,0.17849138963149946
1,bnci004,MMP_moe,CSP,lda,pt,2,4,4,6012,0.05,no_leakage_v1_alpha005,gate_all_sources_proxy_source_only_final_training_only,mmd,,,,,moe,coral,near_nearest_proxy,anchor,0.0,0,0train,target,False,,4.0,direct,0.13949088425979184,0.10224552948550075,0.17849138963149946
1,bnci004,MMP_moe,CSP,lda,pt,2,4,4,6012,0.05,no_leakage_v1_alpha005,gate_all_sources_proxy_source_only_final_training_only,mmd,,,,,moe,coral,near_nearest_proxy,final,0.0,0,0train,train,True,0.6058582168381293,4.0,direct,0.13949088425979184,0.10224552948550075,0.17849138963149946
1,bnci004,MMP_moe,CSP,lda,pt,2,4,4,6012,0.05,no_leakage_v1_alpha005,gate_all_sources_proxy_source_only_final_training_only,mmd,,,,,moe,coral,near_nearest_proxy,main,1.0,1,1train,far,False,,4.0,direct,0.3014189882849571,0.24207007491790125,0.3519486901562678
1,bnci004,MMP_moe,CSP,lda,pt,2,4,4,6012,0.05,no_leakage_v1_alpha005,gate_all_sources_proxy_source_only_final_training_only,mmd,,,,,moe,coral,near_nearest_proxy,anchor,1.0,1,1train,not_used,False,,4.0,direct,0.3014189882849571,0.24207007491790125,0.3519486901562678
1,bnci004,MMP_moe,CSP,lda,pt,2,4,4,6012,0.05,no_leakage_v1_alpha005,gate_all_sources_proxy_source_only_final_training_only,mmd,,,,,moe,coral,near_nearest_proxy,final,1.0,1,1train,not_used,False,,4.0,direct,0.3014189882849571,0.24207007491790125,0.3519486901562678
1,bnci004,MMP_moe,CSP,lda,pt,2,4,4,6012,0.05,no_leakage_v1_alpha005,gate_all_sources_proxy_source_only_final_training_only,mmd,,,,,moe,coral,near_nearest_proxy,main,2.0,2,2train,near,False,0.39414178316187065,4.0,direct,0.21442007351079734,0.17646001703597175,0.2579666985016455
1,bnci004,MMP_moe,CSP,lda,pt,2,4,4,6012,0.05,no_leakage_v1_alpha005,gate_all_sources_proxy_source_only_final_training_only,mmd,,,,,moe,coral,near_nearest_proxy,anchor,2.0,2,2train,proxy_source,False,1.0,4.0,direct,0.21442007351079734,0.17646001703597175,0.2579666985016455
1,bnci004,MMP_moe,CSP,lda,pt,2,4,4,6012,0.05,no_leakage_v1_alpha005,gate_all_sources_proxy_source_only_final_training_only,mmd,,,,,moe,coral,near_nearest_proxy,final,2.0,2,2train,train,False,0.39414178316187065,4.0,direct,0.21442007351079734,0.17646001703597175,0.2579666985016455
1,bnci004,MMP_moe,CSP,lda,pt,2,4,4,6012,0.05,no_leakage_v1_alpha005,gate_all_sources_proxy_source_only_final_training_only,mmd,,,,,moe,coral,near_nearest_proxy,main,3.0,3,3test,far,False,,4.0,direct,0.3454742709197531,0.29641529337801925,0.3989517475933875
1,bnci004,MMP_moe,CSP,lda,pt,2,4,4,6012,0.05,no_leakage_v1_alpha005,gate_all_sources_proxy_source_only_final_training_only,mmd,,,,,moe,coral,near_nearest_proxy,anchor,3.0,3,3test,not_used,False,,4.0,direct,0.3454742709197531,0.29641529337801925,0.3989517475933875
1,bnci004,MMP_moe,CSP,lda,pt,2,4,4,6012,0.05,no_leakage_v1_alpha005,gate_all_sources_proxy_source_only_final_training_only,mmd,,,,,moe,coral,near_nearest_proxy,final,3.0,3,3test,not_used,False,,4.0,direct,0.3454742709197531,0.29641529337801925,0.3989517475933875
1,bnci004,MMP_moe,CSP,lda,pt,2,4,4,6012,0.05,no_leakage_v1_alpha005,gate_all_sources_proxy_source_only_final_training_only,mmd,,,,,moe,coral,near_nearest_proxy,main,,4,4test,target,False,,,,,,
1,bnci004,MMP_moe,CSP,lda,pt,2,4,4,6012,0.05,no_leakage_v1_alpha005,gate_all_sources_proxy_source_only_final_training_only,mmd,,,,,moe,coral,near_nearest_proxy,final,,4,4test,target,False,,,,,,
1,bnci004,MMP_moe,CSP,lda,coral,3,0,0,6885,0.05,no_leakage_v1_alpha005,gate_all_sources_proxy_source_only_final_training_only,mmd,,,,,moe,coral,near_nearest_proxy,main,0.0,1,1train,nearest,True,0.5267606743880259,0.0,direct,0.15541776800002474,0.11122764493738663,0.212892554878728
1,bnci004,MMP_moe,CSP,lda,coral,3,0,0,6885,0.05,no_leakage_v1_alpha005,gate_all_sources_proxy_source_only_final_training_only,mmd,,,,,moe,coral,near_nearest_proxy,anchor,0.0,1,1train,target,False,,0.0,direct,0.15541776800002474,0.11122764493738663,0.212892554878728
1,bnci004,MMP_moe,CSP,lda,coral,3,0,0,6885,0.05,no_leakage_v1_alpha005,gate_all_sources_proxy_source_only_final_training_only,mmd,,,,,moe,coral,near_nearest_proxy,final,0.0,1,1train,train,True,0.5267606743880259,0.0,direct,0.15541776800002474,0.11122764493738663,0.212892554878728
1,bnci004,MMP_moe,CSP,lda,coral,3,0,0,6885,0.05,no_leakage_v1_alpha005,gate_all_sources_proxy_source_only_final_training_only,mmd,,,,,moe,coral,near_nearest_proxy,main,1.0,2,2train,far,False,,0.0,direct,0.2678930762336946,0.2168973212132109,0.32208150304169125
1,bnci004,MMP_moe,CSP,lda,coral,3,0,0,6885,0.05,no_leakage_v1_alpha005,gate_all_sources_proxy_source_only_final_training_only,mmd,,,,,moe,coral,near_nearest_proxy,anchor,1.0,2,2train,not_used,False,,0.0,direct,0.2678930762336946,0.2168973212132109,0.32208150304169125
1,bnci004,MMP_moe,CSP,lda,coral,3,0,0,6885,0.05,no_leakage_v1_alpha005,gate_all_sources_proxy_source_only_final_training_only,mmd,,,,,moe,coral,near_nearest_proxy,final,1.0,2,2train,not_used,False,,0.0,direct,0.2678930762336946,0.2168973212132109,0.32208150304169125
1,bnci004,MMP_moe,CSP,lda,coral,3,0,0,6885,0.05,no_leakage_v1_alpha005,gate_all_sources_proxy_source_only_final_training_only,mmd,,,,,moe,coral,near_nearest_proxy,main,2.0,3,3test,far,False,,0.0,direct,0.4280897203117256,0.37536129490060854,0.483319580909885
1,bnci004,MMP_moe,CSP,lda,coral,3,0,0,6885,0.05,no_leakage_v1_alpha005,gate_all_sources_proxy_source_only_final_training_only,mmd,,,,,moe,coral,near_nearest_proxy,anchor,2.0,3,3test,not_used,False,,0.0,direct,0.4280897203117256,0.37536129490060854,0.483319580909885
1,bnci004,MMP_moe,CSP,lda,coral,3,0,0,6885,0.05,no_leakage_v1_alpha005,gate_all_sources_proxy_source_only_final_training_only,mmd,,,,,moe,coral,near_nearest_proxy,final,2.0,3,3test,not_used,False,,0.0,direct,0.4280897203117256,0.37536129490060854,0.483319580909885
1,bnci004,MMP_moe,CSP,lda,coral,3,0,0,6885,0.05,no_leakage_v1_alpha005,gate_all_sources_proxy_source_only_final_training_only,mmd,,,,,moe,coral,near_nearest_proxy,main,3.0,4,4test,near,False,0.47323932561197407,0.0,direct,0.17299496760767952,0.12326095309531426,0.21896019568405675
1,bnci004,MMP_moe,CSP,lda,coral,3,0,0,6885,0.05,no_leakage_v1_alpha005,gate_all_sources_proxy_source_only_final_training_only,mmd,,,,,moe,coral,near_nearest_proxy,anchor,3.0,4,4test,proxy_source,False,1.0,0.0,direct,0.17299496760767952,0.12326095309531426,0.21896019568405675
1,bnci004,MMP_moe,CSP,lda,coral,3,0,0,6885,0.05,no_leakage_v1_alpha005,gate_all_sources_proxy_source_only_final_training_only,mmd,,,,,moe,coral,near_nearest_proxy,final,3.0,4,4test,train,False,0.47323932561197407,0.0,direct,0.17299496760767952,0.12326095309531426,0.21896019568405675
1,bnci004,MMP_moe,CSP,lda,coral,3,0,0,6885,0.05,no_leakage_v1_alpha005,gate_all_sources_proxy_source_only_final_training_only,mmd,,,,,moe,coral,near_nearest_proxy,main,,0,0train,target,False,,,,,,
1,bnci004,MMP_moe,CSP,lda,coral,3,0,0,6885,0.05,no_leakage_v1_alpha005,gate_all_sources_proxy_source_only_final_training_only,mmd,,,,,moe,coral,near_nearest_proxy,final,,0,0train,target,False,,,,,,
1,bnci004,MMP_moe,CSP,lda,coral,3,1,1,6916,0.05,no_leakage_v1_alpha005,gate_all_sources_proxy_source_only_final_training_only,mmd,,,,,moe,coral,near_nearest_proxy,main,0.0,0,0train,nearest,True,1.0,1.0,direct,0.1406571002285023,0.09881704443193229,0.18529935935042485
1,bnci004,MMP_moe,CSP,lda,coral,3,1,1,6916,0.05,no_leakage_v1_alpha005,gate_all_sources_proxy_source_only_final_training_only,mmd,,,,,moe,coral,near_nearest_proxy,anchor,0.0,0,0train,target,False,,1.0,direct,0.1406571002285023,0.09881704443193229,0.18529935935042485
1,bnci004,MMP_moe,CSP,lda,coral,3,1,1,6916,0.05,no_leakage_v1_alpha005,gate_all_sources_proxy_source_only_final_training_only,mmd,,,,,moe,coral,near_nearest_proxy,final,0.0,0,0train,train,True,1.0,1.0,direct,0.1406571002285023,0.09881704443193229,0.18529935935042485
1,bnci004,MMP_moe,CSP,lda,coral,3,1,1,6916,0.05,no_leakage_v1_alpha005,gate_all_sources_proxy_source_only_final_training_only,mmd,,,,,moe,coral,near_nearest_proxy,main,1.0,2,2train,far,False,,1.0,direct,0.31933999549422676,0.2638939448817185,0.3780584236263701
1,bnci004,MMP_moe,CSP,lda,coral,3,1,1,6916,0.05,no_leakage_v1_alpha005,gate_all_sources_proxy_source_only_final_training_only,mmd,,,,,moe,coral,near_nearest_proxy,anchor,1.0,2,2train,not_used,False,,1.0,direct,0.31933999549422676,0.2638939448817185,0.3780584236263701
1,bnci004,MMP_moe,CSP,lda,coral,3,1,1,6916,0.05,no_leakage_v1_alpha005,gate_all_sources_proxy_source_only_final_training_only,mmd,,,,,moe,coral,near_nearest_proxy,final,1.0,2,2train,not_used,False,,1.0,direct,0.31933999549422676,0.2638939448817185,0.3780584236263701
1,bnci004,MMP_moe,CSP,lda,coral,3,1,1,6916,0.05,no_leakage_v1_alpha005,gate_all_sources_proxy_source_only_final_training_only,mmd,,,,,moe,coral,near_nearest_proxy,main,2.0,3,3test,far,False,,1.0,direct,0.43290274561055364,0.38861356540484404,0.4854342212295568
1,bnci004,MMP_moe,CSP,lda,coral,3,1,1,6916,0.05,no_leakage_v1_alpha005,gate_all_sources_proxy_source_only_final_training_only,mmd,,,,,moe,coral,near_nearest_proxy,anchor,2.0,3,3test,not_used,False,,1.0,direct,0.43290274561055364,0.38861356540484404,0.4854342212295568
1,bnci004,MMP_moe,CSP,lda,coral,3,1,1,6916,0.05,no_leakage_v1_alpha005,gate_all_sources_proxy_source_only_final_training_only,mmd,,,,,moe,coral,near_nearest_proxy,final,2.0,3,3test,not_used,False,,1.0,direct,0.43290274561055364,0.38861356540484404,0.4854342212295568
1,bnci004,MMP_moe,CSP,lda,coral,3,1,1,6916,0.05,no_leakage_v1_alpha005,gate_all_sources_proxy_source_only_final_training_only,mmd,,,,,moe,coral,near_nearest_proxy,main,3.0,4,4test,far,False,,1.0,direct,0.308785036561426,0.24868938204324723,0.3657746322632133
1,bnci004,MMP_moe,CSP,lda,coral,3,1,1,6916,0.05,no_leakage_v1_alpha005,gate_all_sources_proxy_source_only_final_training_only,mmd,,,,,moe,coral,near_nearest_proxy,anchor,3.0,4,4test,second_nearest_fallback_source,False,1.0,1.0,direct,0.308785036561426,0.24868938204324723,0.3657746322632133
1,bnci004,MMP_moe,CSP,lda,coral,3,1,1,6916,0.05,no_leakage_v1_alpha005,gate_all_sources_proxy_source_only_final_training_only,mmd,,,,,moe,coral,near_nearest_proxy,final,3.0,4,4test,not_used,False,,1.0,direct,0.308785036561426,0.24868938204324723,0.3657746322632133
1,bnci004,MMP_moe,CSP,lda,coral,3,1,1,6916,0.05,no_leakage_v1_alpha005,gate_all_sources_proxy_source_only_final_training_only,mmd,,,,,moe,coral,near_nearest_proxy,main,,1,1train,target,False,,,,,,
1,bnci004,MMP_moe,CSP,lda,coral,3,1,1,6916,0.05,no_leakage_v1_alpha005,gate_all_sources_proxy_source_only_final_training_only,mmd,,,,,moe,coral,near_nearest_proxy,final,,1,1train,target,False,,,,,,
1,bnci004,MMP_moe,CSP,lda,coral,3,2,2,6947,0.05,no_leakage_v1_alpha005,gate_all_sources_proxy_source_only_final_training_only,mmd,,,,,moe,coral,near_nearest_proxy,main,0.0,0,0train,nearest,True,0.3599648745066158,2.0,direct,0.19854619525135012,0.14766276313757998,0.23974840275184073
1,bnci004,MMP_moe,CSP,lda,coral,3,2,2,6947,0.05,no_leakage_v1_alpha005,gate_all_sources_proxy_source_only_final_training_only,mmd,,,,,moe,coral,near_nearest_proxy,anchor,0.0,0,0train,target,False,,2.0,direct,0.19854619525135012,0.14766276313757998,0.23974840275184073
1,bnci004,MMP_moe,CSP,lda,coral,3,2,2,6947,0.05,no_leakage_v1_alpha005,gate_all_sources_proxy_source_only_final_training_only,mmd,,,,,moe,coral,near_nearest_proxy,final,0.0,0,0train,train,True,0.3599648745066158,2.0,direct,0.19854619525135012,0.14766276313757998,0.23974840275184073
1,bnci004,MMP_moe,CSP,lda,coral,3,2,2,6947,0.05,no_leakage_v1_alpha005,gate_all_sources_proxy_source_only_final_training_only,mmd,,,,,moe,coral,near_nearest_proxy,main,1.0,1,1train,far,False,,2.0,direct,0.3401533022281775,0.2878461272714087,0.3971093333476604
1,bnci004,MMP_moe,CSP,lda,coral,3,2,2,6947,0.05,no_leakage_v1_alpha005,gate_all_sources_proxy_source_only_final_training_only,mmd,,,,,moe,coral,near_nearest_proxy,anchor,1.0,1,1train,not_used,False,,2.0,direct,0.3401533022281775,0.2878461272714087,0.3971093333476604
1,bnci004,MMP_moe,CSP,lda,coral,3,2,2,6947,0.05,no_leakage_v1_alpha005,gate_all_sources_proxy_source_only_final_training_only,mmd,,,,,moe,coral,near_nearest_proxy,final,1.0,1,1train,not_used,False,,2.0,direct,0.3401533022281775,0.2878461272714087,0.3971093333476604
1,bnci004,MMP_moe,CSP,lda,coral,3,2,2,6947,0.05,no_leakage_v1_alpha005,gate_all_sources_proxy_source_only_final_training_only,mmd,,,,,moe,coral,near_nearest_proxy,main,2.0,3,3test,near,False,0.3529008638364754,2.0,direct,0.2025205111273007,0.15417138187106372,0.2524064551759987
1,bnci004,MMP_moe,CSP,lda,coral,3,2,2,6947,0.05,no_leakage_v1_alpha005,gate_all_sources_proxy_source_only_final_training_only,mmd,,,,,moe,coral,near_nearest_proxy,anchor,2.0,3,3test,proxy_source,False,0.5513773381803609,2.0,direct,0.2025205111273007,0.15417138187106372,0.2524064551759987
1,bnci004,MMP_moe,CSP,lda,coral,3,2,2,6947,0.05,no_leakage_v1_alpha005,gate_all_sources_proxy_source_only_final_training_only,mmd,,,,,moe,coral,near_nearest_proxy,final,2.0,3,3test,train,False,0.3529008638364754,2.0,direct,0.2025205111273007,0.15417138187106372,0.2524064551759987
1,bnci004,MMP_moe,CSP,lda,coral,3,2,2,6947,0.05,no_leakage_v1_alpha005,gate_all_sources_proxy_source_only_final_training_only,mmd,,,,,moe,coral,near_nearest_proxy,main,3.0,4,4test,near,False,0.28713426165690864,2.0,direct,0.248907004951673,0.19473208699858216,0.3015928089125404
1,bnci004,MMP_moe,CSP,lda,coral,3,2,2,6947,0.05,no_leakage_v1_alpha005,gate_all_sources_proxy_source_only_final_training_only,mmd,,,,,moe,coral,near_nearest_proxy,anchor,3.0,4,4test,proxy_source,False,0.44862266181963895,2.0,direct,0.248907004951673,0.19473208699858216,0.3015928089125404
1,bnci004,MMP_moe,CSP,lda,coral,3,2,2,6947,0.05,no_leakage_v1_alpha005,gate_all_sources_proxy_source_only_final_training_only,mmd,,,,,moe,coral,near_nearest_proxy,final,3.0,4,4test,train,False,0.28713426165690864,2.0,direct,0.248907004951673,0.19473208699858216,0.3015928089125404
1,bnci004,MMP_moe,CSP,lda,coral,3,2,2,6947,0.05,no_leakage_v1_alpha005,gate_all_sources_proxy_source_only_final_training_only,mmd,,,,,moe,coral,near_nearest_proxy,main,,2,2train,target,False,,,,,,
1,bnci004,MMP_moe,CSP,lda,coral,3,2,2,6947,0.05,no_leakage_v1_alpha005,gate_all_sources_proxy_source_only_final_training_only,mmd,,,,,moe,coral,near_nearest_proxy,final,,2,2train,target,False,,,,,,
1,bnci004,MMP_moe,CSP,lda,coral,3,3,3,6978,0.05,no_leakage_v1_alpha005,gate_all_sources_proxy_source_only_final_training_only,mmd,,,,,moe,coral,near_nearest_proxy,main,0.0,0,0train,far,False,,3.0,direct,0.33849355788579233,0.2929038948178329,0.3854805715132885
1,bnci004,MMP_moe,CSP,lda,coral,3,3,3,6978,0.05,no_leakage_v1_alpha005,gate_all_sources_proxy_source_only_final_training_only,mmd,,,,,moe,coral,near_nearest_proxy,anchor,0.0,0,0train,second_nearest_fallback_source,False,1.0,3.0,direct,0.33849355788579233,0.2929038948178329,0.3854805715132885
1,bnci004,MMP_moe,CSP,lda,coral,3,3,3,6978,0.05,no_leakage_v1_alpha005,gate_all_sources_proxy_source_only_final_training_only,mmd,,,,,moe,coral,near_nearest_proxy,final,0.0,0,0train,not_used,False,,3.0,direct,0.33849355788579233,0.2929038948178329,0.3854805715132885
1,bnci004,MMP_moe,CSP,lda,coral,3,3,3,6978,0.05,no_leakage_v1_alpha005,gate_all_sources_proxy_source_only_final_training_only,mmd,,,,,moe,coral,near_nearest_proxy,main,1.0,1,1train,far,False,,3.0,direct,0.4990449996519699,0.4450853805905551,0.5434436634013078
1,bnci004,MMP_moe,CSP,lda,coral,3,3,3,6978,0.05,no_leakage_v1_alpha005,gate_all_sources_proxy_source_only_final_training_only,mmd,,,,,moe,coral,near_nearest_proxy,anchor,1.0,1,1train,not_used,False,,3.0,direct,0.4990449996519699,0.4450853805905551,0.5434436634013078
1,bnci004,MMP_moe,CSP,lda,coral,3,3,3,6978,0.05,no_leakage_v1_alpha005,gate_all_sources_proxy_source_only_final_training_only,mmd,,,,,moe,coral,near_nearest_proxy,final,1.0,1,1train,not_used,False,,3.0,direct,0.4990449996519699,0.4450853805905551,0.5434436634013078
1,bnci004,MMP_moe,CSP,lda,coral,3,3,3,6978,0.05,no_leakage_v1_alpha005,gate_all_sources_proxy_source_only_final_training_only,mmd,,,,,moe,coral,near_nearest_proxy,main,2.0,2,2train,nearest,True,1.0,3.0,direct,0.22164659611760754,0.17793164039222167,0.27572499932695244
1,bnci004,MMP_moe,CSP,lda,coral,3,3,3,6978,0.05,no_leakage_v1_alpha005,gate_all_sources_proxy_source_only_final_training_only,mmd,,,,,moe,coral,near_nearest_proxy,anchor,2.0,2,2train,target,False,,3.0,direct,0.22164659611760754,0.17793164039222167,0.27572499932695244
1,bnci004,MMP_moe,CSP,lda,coral,3,3,3,6978,0.05,no_leakage_v1_alpha005,gate_all_sources_proxy_source_only_final_training_only,mmd,,,,,moe,coral,near_nearest_proxy,final,2.0,2,2train,train,True,1.0,3.0,direct,0.22164659611760754,0.17793164039222167,0.27572499932695244
1,bnci004,MMP_moe,CSP,lda,coral,3,3,3,6978,0.05,no_leakage_v1_alpha005,gate_all_sources_proxy_source_only_final_training_only,mmd,,,,,moe,coral,near_nearest_proxy,main,3.0,4,4test,far,False,,3.0,direct,0.376432636621696,0.3210620961285233,0.44004754561821086
1,bnci004,MMP_moe,CSP,lda,coral,3,3,3,6978,0.05,no_leakage_v1_alpha005,gate_all_sources_proxy_source_only_final_training_only,mmd,,,,,moe,coral,near_nearest_proxy,anchor,3.0,4,4test,not_used,False,,3.0,direct,0.376432636621696,0.3210620961285233,0.44004754561821086
1,bnci004,MMP_moe,CSP,lda,coral,3,3,3,6978,0.05,no_leakage_v1_alpha005,gate_all_sources_proxy_source_only_final_training_only,mmd,,,,,moe,coral,near_nearest_proxy,final,3.0,4,4test,not_used,False,,3.0,direct,0.376432636621696,0.3210620961285233,0.44004754561821086
1,bnci004,MMP_moe,CSP,lda,coral,3,3,3,6978,0.05,no_leakage_v1_alpha005,gate_all_sources_proxy_source_only_final_training_only,mmd,,,,,moe,coral,near_nearest_proxy,main,,3,3test,target,False,,,,,,
1,bnci004,MMP_moe,CSP,lda,coral,3,3,3,6978,0.05,no_leakage_v1_alpha005,gate_all_sources_proxy_source_only_final_training_only,mmd,,,,,moe,coral,near_nearest_proxy,final,,3,3test,target,False,,,,,,
1,bnci004,MMP_moe,CSP,lda,coral,3,4,4,7009,0.05,no_leakage_v1_alpha005,gate_all_sources_proxy_source_only_final_training_only,mmd,,,,,moe,coral,near_nearest_proxy,main,0.0,0,0train,nearest,True,0.6035510138130613,4.0,direct,0.13950354771456616,0.10205709936227915,0.18041336732298704
1,bnci004,MMP_moe,CSP,lda,coral,3,4,4,7009,0.05,no_leakage_v1_alpha005,gate_all_sources_proxy_source_only_final_training_only,mmd,,,,,moe,coral,near_nearest_proxy,anchor,0.0,0,0train,target,False,,4.0,direct,0.13950354771456616,0.10205709936227915,0.18041336732298704
1,bnci004,MMP_moe,CSP,lda,coral,3,4,4,7009,0.05,no_leakage_v1_alpha005,gate_all_sources_proxy_source_only_final_training_only,mmd,,,,,moe,coral,near_nearest_proxy,final,0.0,0,0train,train,True,0.6035510138130613,4.0,direct,0.13950354771456616,0.10205709936227915,0.18041336732298704
1,bnci004,MMP_moe,CSP,lda,coral,3,4,4,7009,0.05,no_leakage_v1_alpha005,gate_all_sources_proxy_source_only_final_training_only,mmd,,,,,moe,coral,near_nearest_proxy,main,1.0,1,1train,far,False,,4.0,direct,0.2984817838043747,0.2480007609228873,0.35249717813790643
1,bnci004,MMP_moe,CSP,lda,coral,3,4,4,7009,0.05,no_leakage_v1_alpha005,gate_all_sources_proxy_source_only_final_training_only,mmd,,,,,moe,coral,near_nearest_proxy,anchor,1.0,1,1train,not_used,False,,4.0,direct,0.2984817838043747,0.2480007609228873,0.35249717813790643
1,bnci004,MMP_moe,CSP,lda,coral,3,4,4,7009,0.05,no_leakage_v1_alpha005,gate_all_sources_proxy_source_only_final_training_only,mmd,,,,,moe,coral,near_nearest_proxy,final,1.0,1,1train,not_used,False,,4.0,direct,0.2984817838043747,0.2480007609228873,0.35249717813790643
1,bnci004,MMP_moe,CSP,lda,coral,3,4,4,7009,0.05,no_leakage_v1_alpha005,gate_all_sources_proxy_source_only_final_training_only,mmd,,,,,moe,coral,near_nearest_proxy,main,2.0,2,2train,near,False,0.3964489861869386,4.0,direct,0.21237969496527065,0.16999841379349118,0.2550607530117943
1,bnci004,MMP_moe,CSP,lda,coral,3,4,4,7009,0.05,no_leakage_v1_alpha005,gate_all_sources_proxy_source_only_final_training_only,mmd,,,,,moe,coral,near_nearest_proxy,anchor,2.0,2,2train,proxy_source,False,1.0,4.0,direct,0.21237969496527065,0.16999841379349118,0.2550607530117943
1,bnci004,MMP_moe,CSP,lda,coral,3,4,4,7009,0.05,no_leakage_v1_alpha005,gate_all_sources_proxy_source_only_final_training_only,mmd,,,,,moe,coral,near_nearest_proxy,final,2.0,2,2train,train,False,0.3964489861869386,4.0,direct,0.21237969496527065,0.16999841379349118,0.2550607530117943
1,bnci004,MMP_moe,CSP,lda,coral,3,4,4,7009,0.05,no_leakage_v1_alpha005,gate_all_sources_proxy_source_only_final_training_only,mmd,,,,,moe,coral,near_nearest_proxy,main,3.0,3,3test,far,False,,4.0,direct,0.34341805460584185,0.28548015559930223,0.39465017538819686
1,bnci004,MMP_moe,CSP,lda,coral,3,4,4,7009,0.05,no_leakage_v1_alpha005,gate_all_sources_proxy_source_only_final_training_only,mmd,,,,,moe,coral,near_nearest_proxy,anchor,3.0,3,3test,not_used,False,,4.0,direct,0.34341805460584185,0.28548015559930223,0.39465017538819686
1,bnci004,MMP_moe,CSP,lda,coral,3,4,4,7009,0.05,no_leakage_v1_alpha005,gate_all_sources_proxy_source_only_final_training_only,mmd,,,,,moe,coral,near_nearest_proxy,final,3.0,3,3test,not_used,False,,4.0,direct,0.34341805460584185,0.28548015559930223,0.39465017538819686
1,bnci004,MMP_moe,CSP,lda,coral,3,4,4,7009,0.05,no_leakage_v1_alpha005,gate_all_sources_proxy_source_only_final_training_only,mmd,,,,,moe,coral,near_nearest_proxy,main,,4,4test,target,False,,,,,,
1,bnci004,MMP_moe,CSP,lda,coral,3,4,4,7009,0.05,no_leakage_v1_alpha005,gate_all_sources_proxy_source_only_final_training_only,mmd,,,,,moe,coral,near_nearest_proxy,final,,4,4test,target,False,,,,,,
1,bnci004,MMP_moe,CSP,svm_radial,none,4,0,0,7882,0.05,no_leakage_v1_alpha005,gate_all_sources_proxy_source_only_final_training_only,mmd,,,,,moe,coral,near_nearest_proxy,main,0.0,1,1train,nearest,True,0.5356048529252396,0.0,direct,0.15149568758918686,0.1014479106144283,0.19464474975969454
1,bnci004,MMP_moe,CSP,svm_radial,none,4,0,0,7882,0.05,no_leakage_v1_alpha005,gate_all_sources_proxy_source_only_final_training_only,mmd,,,,,moe,coral,near_nearest_proxy,anchor,0.0,1,1train,target,False,,0.0,direct,0.15149568758918686,0.1014479106144283,0.19464474975969454
1,bnci004,MMP_moe,CSP,svm_radial,none,4,0,0,7882,0.05,no_leakage_v1_alpha005,gate_all_sources_proxy_source_only_final_training_only,mmd,,,,,moe,coral,near_nearest_proxy,final,0.0,1,1train,train,True,0.5356048529252396,0.0,direct,0.15149568758918686,0.1014479106144283,0.19464474975969454
1,bnci004,MMP_moe,CSP,svm_radial,none,4,0,0,7882,0.05,no_leakage_v1_alpha005,gate_all_sources_proxy_source_only_final_training_only,mmd,,,,,moe,coral,near_nearest_proxy,main,1.0,2,2train,far,False,,0.0,direct,0.2685731453949453,0.21036539758728517,0.34104090148763994
1,bnci004,MMP_moe,CSP,svm_radial,none,4,0,0,7882,0.05,no_leakage_v1_alpha005,gate_all_sources_proxy_source_only_final_training_only,mmd,,,,,moe,coral,near_nearest_proxy,anchor,1.0,2,2train,not_used,False,,0.0,direct,0.2685731453949453,0.21036539758728517,0.34104090148763994
1,bnci004,MMP_moe,CSP,svm_radial,none,4,0,0,7882,0.05,no_leakage_v1_alpha005,gate_all_sources_proxy_source_only_final_training_only,mmd,,,,,moe,coral,near_nearest_proxy,final,1.0,2,2train,not_used,False,,0.0,direct,0.2685731453949453,0.21036539758728517,0.34104090148763994
1,bnci004,MMP_moe,CSP,svm_radial,none,4,0,0,7882,0.05,no_leakage_v1_alpha005,gate_all_sources_proxy_source_only_final_training_only,mmd,,,,,moe,coral,near_nearest_proxy,main,2.0,3,3test,far,False,,0.0,direct,0.42774859772257656,0.3703217579313576,0.4843143335636584
1,bnci004,MMP_moe,CSP,svm_radial,none,4,0,0,7882,0.05,no_leakage_v1_alpha005,gate_all_sources_proxy_source_only_final_training_only,mmd,,,,,moe,coral,near_nearest_proxy,anchor,2.0,3,3test,not_used,False,,0.0,direct,0.42774859772257656,0.3703217579313576,0.4843143335636584
1,bnci004,MMP_moe,CSP,svm_radial,none,4,0,0,7882,0.05,no_leakage_v1_alpha005,gate_all_sources_proxy_source_only_final_training_only,mmd,,,,,moe,coral,near_nearest_proxy,final,2.0,3,3test,not_used,False,,0.0,direct,0.42774859772257656,0.3703217579313576,0.4843143335636584
1,bnci004,MMP_moe,CSP,svm_radial,none,4,0,0,7882,0.05,no_leakage_v1_alpha005,gate_all_sources_proxy_source_only_final_training_only,mmd,,,,,moe,coral,near_nearest_proxy,main,3.0,4,4test,near,False,0.46439514707476043,0.0,direct,0.1747259789229833,0.12531814736839766,0.22631232450411382
1,bnci004,MMP_moe,CSP,svm_radial,none,4,0,0,7882,0.05,no_leakage_v1_alpha005,gate_all_sources_proxy_source_only_final_training_only,mmd,,,,,moe,coral,near_nearest_proxy,anchor,3.0,4,4test,proxy_source,False,1.0,0.0,direct,0.1747259789229833,0.12531814736839766,0.22631232450411382
1,bnci004,MMP_moe,CSP,svm_radial,none,4,0,0,7882,0.05,no_leakage_v1_alpha005,gate_all_sources_proxy_source_only_final_training_only,mmd,,,,,moe,coral,near_nearest_proxy,final,3.0,4,4test,train,False,0.46439514707476043,0.0,direct,0.1747259789229833,0.12531814736839766,0.22631232450411382
1,bnci004,MMP_moe,CSP,svm_radial,none,4,0,0,7882,0.05,no_leakage_v1_alpha005,gate_all_sources_proxy_source_only_final_training_only,mmd,,,,,moe,coral,near_nearest_proxy,main,,0,0train,target,False,,,,,,
1,bnci004,MMP_moe,CSP,svm_radial,none,4,0,0,7882,0.05,no_leakage_v1_alpha005,gate_all_sources_proxy_source_only_final_training_only,mmd,,,,,moe,coral,near_nearest_proxy,final,,0,0train,target,False,,,,,,
1,bnci004,MMP_moe,CSP,svm_radial,none,4,1,1,7913,0.05,no_leakage_v1_alpha005,gate_all_sources_proxy_source_only_final_training_only,mmd,,,,,moe,coral,near_nearest_proxy,main,0.0,0,0train,nearest,True,1.0,1.0,direct,0.14317321855626822,0.10143183933738893,0.18557621357145337
1,bnci004,MMP_moe,CSP,svm_radial,none,4,1,1,7913,0.05,no_leakage_v1_alpha005,gate_all_sources_proxy_source_only_final_training_only,mmd,,,,,moe,coral,near_nearest_proxy,anchor,0.0,0,0train,target,False,,1.0,direct,0.14317321855626822,0.10143183933738893,0.18557621357145337
1,bnci004,MMP_moe,CSP,svm_radial,none,4,1,1,7913,0.05,no_leakage_v1_alpha005,gate_all_sources_proxy_source_only_final_training_only,mmd,,,,,moe,coral,near_nearest_proxy,final,0.0,0,0train,train,True,1.0,1.0,direct,0.14317321855626822,0.10143183933738893,0.18557621357145337
1,bnci004,MMP_moe,CSP,svm_radial,none,4,1,1,7913,0.05,no_leakage_v1_alpha005,gate_all_sources_proxy_source_only_final_training_only,mmd,,,,,moe,coral,near_nearest_proxy,main,1.0,2,2train,far,False,,1.0,direct,0.3183954946826691,0.2697600846496386,0.3729654777292637
1,bnci004,MMP_moe,CSP,svm_radial,none,4,1,1,7913,0.05,no_leakage_v1_alpha005,gate_all_sources_proxy_source_only_final_training_only,mmd,,,,,moe,coral,near_nearest_proxy,anchor,1.0,2,2train,not_used,False,,1.0,direct,0.3183954946826691,0.2697600846496386,0.3729654777292637
1,bnci004,MMP_moe,CSP,svm_radial,none,4,1,1,7913,0.05,no_leakage_v1_alpha005,gate_all_sources_proxy_source_only_final_training_only,mmd,,,,,moe,coral,near_nearest_proxy,final,1.0,2,2train,not_used,False,,1.0,direct,0.3183954946826691,0.2697600846496386,0.3729654777292637
1,bnci004,MMP_moe,CSP,svm_radial,none,4,1,1,7913,0.05,no_leakage_v1_alpha005,gate_all_sources_proxy_source_only_final_training_only,mmd,,,,,moe,coral,near_nearest_proxy,main,2.0,3,3test,far,False,,1.0,direct,0.42977043513124275,0.3869725445532817,0.4795492089215357
1,bnci004,MMP_moe,CSP,svm_radial,none,4,1,1,7913,0.05,no_leakage_v1_alpha005,gate_all_sources_proxy_source_only_final_training_only,mmd,,,,,moe,coral,near_nearest_proxy,anchor,2.0,3,3test,not_used,False,,1.0,direct,0.42977043513124275,0.3869725445532817,0.4795492089215357
1,bnci004,MMP_moe,CSP,svm_radial,none,4,1,1,7913,0.05,no_leakage_v1_alpha005,gate_all_sources_proxy_source_only_final_training_only,mmd,,,,,moe,coral,near_nearest_proxy,final,2.0,3,3test,not_used,False,,1.0,direct,0.42977043513124275,0.3869725445532817,0.4795492089215357
1,bnci004,MMP_moe,CSP,svm_radial,none,4,1,1,7913,0.05,no_leakage_v1_alpha005,gate_all_sources_proxy_source_only_final_training_only,mmd,,,,,moe,coral,near_nearest_proxy,main,3.0,4,4test,far,False,,1.0,direct,0.3103664893047343,0.26303955382698735,0.3620127185894133
1,bnci004,MMP_moe,CSP,svm_radial,none,4,1,1,7913,0.05,no_leakage_v1_alpha005,gate_all_sources_proxy_source_only_final_training_only,mmd,,,,,moe,coral,near_nearest_proxy,anchor,3.0,4,4test,second_nearest_fallback_source,False,1.0,1.0,direct,0.3103664893047343,0.26303955382698735,0.3620127185894133
1,bnci004,MMP_moe,CSP,svm_radial,none,4,1,1,7913,0.05,no_leakage_v1_alpha005,gate_all_sources_proxy_source_only_final_training_only,mmd,,,,,moe,coral,near_nearest_proxy,final,3.0,4,4test,not_used,False,,1.0,direct,0.3103664893047343,0.26303955382698735,0.3620127185894133
1,bnci004,MMP_moe,CSP,svm_radial,none,4,1,1,7913,0.05,no_leakage_v1_alpha005,gate_all_sources_proxy_source_only_final_training_only,mmd,,,,,moe,coral,near_nearest_proxy,main,,1,1train,target,False,,,,,,
1,bnci004,MMP_moe,CSP,svm_radial,none,4,1,1,7913,0.05,no_leakage_v1_alpha005,gate_all_sources_proxy_source_only_final_training_only,mmd,,,,,moe,coral,near_nearest_proxy,final,,1,1train,target,False,,,,,,
1,bnci004,MMP_moe,CSP,svm_radial,none,4,2,2,7944,0.05,no_leakage_v1_alpha005,gate_all_sources_proxy_source_only_final_training_only,mmd,,,,,moe,coral,near_nearest_proxy,main,0.0,0,0train,near,False,0.3557942138049101,2.0,direct,0.20038776988742352,0.15942292761564433,0.24516140461137045
1,bnci004,MMP_moe,CSP,svm_radial,none,4,2,2,7944,0.05,no_leakage_v1_alpha005,gate_all_sources_proxy_source_only_final_training_only,mmd,,,,,moe,coral,near_nearest_proxy,anchor,0.0,0,0train,proxy_source,False,0.5527972492159448,2.0,direct,0.20038776988742352,0.15942292761564433,0.24516140461137045
1,bnci004,MMP_moe,CSP,svm_radial,none,4,2,2,7944,0.05,no_leakage_v1_alpha005,gate_all_sources_proxy_source_only_final_training_only,mmd,,,,,moe,coral,near_nearest_proxy,final,0.0,0,0train,train,False,0.3557942138049101,2.0,direct,0.20038776988742352,0.15942292761564433,0.24516140461137045
1,bnci004,MMP_moe,CSP,svm_radial,none,4,2,2,7944,0.05,no_leakage_v1_alpha005,gate_all_sources_proxy_source_only_final_training_only,mmd,,,,,moe,coral,near_nearest_proxy,main,1.0,1,1train,far,False,,2.0,direct,0.34180119563987515,0.2802016616278415,0.39546108795491214
1,bnci004,MMP_moe,CSP,svm_radial,none,4,2,2,7944,0.05,no_leakage_v1_alpha005,gate_all_sources_proxy_source_only_final_training_only,mmd,,,,,moe,coral,near_nearest_proxy,anchor,1.0,1,1train,not_used,False,,2.0,direct,0.34180119563987515,0.2802016616278415,0.39546108795491214
1,bnci004,MMP_moe,CSP,svm_radial,none,4,2,2,7944,0.05,no_leakage_v1_alpha005,gate_all_sources_proxy_source_only_final_training_only,mmd,,,,,moe,coral,near_nearest_proxy,final,1.0,1,1train,not_used,False,,2.0,direct,0.34180119563987515,0.2802016616278415,0.39546108795491214
1,bnci004,MMP_moe,CSP,svm_radial,none,4,2,2,7944,0.05,no_leakage_v1_alpha005,gate_all_sources_proxy_source_only_final_training_only,mmd,,,,,moe,coral,near_nearest_proxy,main,2.0,3,3test,nearest,True,0.35637484754211807,2.0,direct,0.2000612808516324,0.15962938532930349,0.24751571782634627
1,bnci004,MMP_moe,CSP,svm_radial,none,4,2,2,7944,0.05,no_leakage_v1_alpha005,gate_all_sources_proxy_source_only_final_training_only,mmd,,,,,moe,coral,near_nearest_proxy,anchor,2.0,3,3test,target,False,,2.0,direct,0.2000612808516324,0.15962938532930349,0.24751571782634627
1,bnci004,MMP_moe,CSP,svm_radial,none,4,2,2,7944,0.05,no_leakage_v1_alpha005,gate_all_sources_proxy_source_only_final_training_only,mmd,,,,,moe,coral,near_nearest_proxy,final,2.0,3,3test,train,True,0.35637484754211807,2.0,direct,0.2000612808516324,0.15962938532930349,0.24751571782634627
1,bnci004,MMP_moe,CSP,svm_radial,none,4,2,2,7944,0.05,no_leakage_v1_alpha005,gate_all_sources_proxy_source_only_final_training_only,mmd,,,,,moe,coral,near_nearest_proxy,main,3.0,4,4test,near,False,0.28783093865297177,2.0,direct,0.24770400756831262,0.19028081066432226,0.30179702686245746
1,bnci004,MMP_moe,CSP,svm_radial,none,4,2,2,7944,0.05,no_leakage_v1_alpha005,gate_all_sources_proxy_source_only_final_training_only,mmd,,,,,moe,coral,near_nearest_proxy,anchor,3.0,4,4test,proxy_source,False,0.44720275078405536,2.0,direct,0.24770400756831262,0.19028081066432226,0.30179702686245746
1,bnci004,MMP_moe,CSP,svm_radial,none,4,2,2,7944,0.05,no_leakage_v1_alpha005,gate_all_sources_proxy_source_only_final_training_only,mmd,,,,,moe,coral,near_nearest_proxy,final,3.0,4,4test,train,False,0.28783093865297177,2.0,direct,0.24770400756831262,0.19028081066432226,0.30179702686245746
1,bnci004,MMP_moe,CSP,svm_radial,none,4,2,2,7944,0.05,no_leakage_v1_alpha005,gate_all_sources_proxy_source_only_final_training_only,mmd,,,,,moe,coral,near_nearest_proxy,main,,2,2train,target,False,,,,,,
1,bnci004,MMP_moe,CSP,svm_radial,none,4,2,2,7944,0.05,no_leakage_v1_alpha005,gate_all_sources_proxy_source_only_final_training_only,mmd,,,,,moe,coral,near_nearest_proxy,final,,2,2train,target,False,,,,,,
1,bnci004,MMP_moe,CSP,svm_radial,none,4,3,3,7975,0.05,no_leakage_v1_alpha005,gate_all_sources_proxy_source_only_final_training_only,mmd,,,,,moe,coral,near_nearest_proxy,main,0.0,0,0train,far,False,,3.0,direct,0.33942056146526633,0.2943949812926652,0.3838394244835102
1,bnci004,MMP_moe,CSP,svm_radial,none,4,3,3,7975,0.05,no_leakage_v1_alpha005,gate_all_sources_proxy_source_only_final_training_only,mmd,,,,,moe,coral,near_nearest_proxy,anchor,0.0,0,0train,second_nearest_fallback_source,False,1.0,3.0,direct,0.33942056146526633,0.2943949812926652,0.3838394244835102
1,bnci004,MMP_moe,CSP,svm_radial,none,4,3,3,7975,0.05,no_leakage_v1_alpha005,gate_all_sources_proxy_source_only_final_training_only,mmd,,,,,moe,coral,near_nearest_proxy,final,0.0,0,0train,not_used,False,,3.0,direct,0.33942056146526633,0.2943949812926652,0.3838394244835102
1,bnci004,MMP_moe,CSP,svm_radial,none,4,3,3,7975,0.05,no_leakage_v1_alpha005,gate_all_sources_proxy_source_only_final_training_only,mmd,,,,,moe,coral,near_nearest_proxy,main,1.0,1,1train,far,False,,3.0,direct,0.49918908222777914,0.4452943019012339,0.5560100350647066
1,bnci004,MMP_moe,CSP,svm_radial,none,4,3,3,7975,0.05,no_leakage_v1_alpha005,gate_all_sources_proxy_source_only_final_training_only,mmd,,,,,moe,coral,near_nearest_proxy,anchor,1.0,1,1train,not_used,False,,3.0,direct,0.49918908222777914,0.4452943019012339,0.5560100350647066
1,bnci004,MMP_moe,CSP,svm_radial,none,4,3,3,7975,0.05,no_leakage_v1_alpha005,gate_all_sources_proxy_source_only_final_training_only,mmd,,,,,moe,coral,near_nearest_proxy,final,1.0,1,1train,not_used,False,,3.0,direct,0.49918908222777914,0.4452943019012339,0.5560100350647066
1,bnci004,MMP_moe,CSP,svm_radial,none,4,3,3,7975,0.05,no_leakage_v1_alpha005,gate_all_sources_proxy_source_only_final_training_only,mmd,,,,,moe,coral,near_nearest_proxy,main,2.0,2,2train,nearest,True,1.0,3.0,direct,0.2221160501828087,0.17409461505347792,0.2680553678449196
1,bnci004,MMP_moe,CSP,svm_radial,none,4,3,3,7975,0.05,no_leakage_v1_alpha005,gate_all_sources_proxy_source_only_final_training_only,mmd,,,,,moe,coral,near_nearest_proxy,anchor,2.0,2,2train,target,False,,3.0,direct,0.2221160501828087,0.17409461505347792,0.2680553678449196
1,bnci004,MMP_moe,CSP,svm_radial,none,4,3,3,7975,0.05,no_leakage_v1_alpha005,gate_all_sources_proxy_source_only_final_training_only,mmd,,,,,moe,coral,near_nearest_proxy,final,2.0,2,2train,train,True,1.0,3.0,direct,0.2221160501828087,0.17409461505347792,0.2680553678449196
1,bnci004,MMP_moe,CSP,svm_radial,none,4,3,3,7975,0.05,no_leakage_v1_alpha005,gate_all_sources_proxy_source_only_final_training_only,mmd,,,,,moe,coral,near_nearest_proxy,main,3.0,4,4test,far,False,,3.0,direct,0.37784235317273757,0.33244815095859404,0.4299955517593276
1,bnci004,MMP_moe,CSP,svm_radial,none,4,3,3,7975,0.05,no_leakage_v1_alpha005,gate_all_sources_proxy_source_only_final_training_only,mmd,,,,,moe,coral,near_nearest_proxy,anchor,3.0,4,4test,not_used,False,,3.0,direct,0.37784235317273757,0.33244815095859404,0.4299955517593276
1,bnci004,MMP_moe,CSP,svm_radial,none,4,3,3,7975,0.05,no_leakage_v1_alpha005,gate_all_sources_proxy_source_only_final_training_only,mmd,,,,,moe,coral,near_nearest_proxy,final,3.0,4,4test,not_used,False,,3.0,direct,0.37784235317273757,0.33244815095859404,0.4299955517593276
1,bnci004,MMP_moe,CSP,svm_radial,none,4,3,3,7975,0.05,no_leakage_v1_alpha005,gate_all_sources_proxy_source_only_final_training_only,mmd,,,,,moe,coral,near_nearest_proxy,main,,3,3test,target,False,,,,,,
1,bnci004,MMP_moe,CSP,svm_radial,none,4,3,3,7975,0.05,no_leakage_v1_alpha005,gate_all_sources_proxy_source_only_final_training_only,mmd,,,,,moe,coral,near_nearest_proxy,final,,3,3test,target,False,,,,,,
1,bnci004,MMP_moe,CSP,svm_radial,none,4,4,4,8006,0.05,no_leakage_v1_alpha005,gate_all_sources_proxy_source_only_final_training_only,mmd,,,,,moe,coral,near_nearest_proxy,main,0.0,0,0train,nearest,True,0.6021777390716183,4.0,direct,0.141601027558941,0.10220857568419053,0.17913921043617936
1,bnci004,MMP_moe,CSP,svm_radial,none,4,4,4,8006,0.05,no_leakage_v1_alpha005,gate_all_sources_proxy_source_only_final_training_only,mmd,,,,,moe,coral,near_nearest_proxy,anchor,0.0,0,0train,target,False,,4.0,direct,0.141601027558941,0.10220857568419053,0.17913921043617936
1,bnci004,MMP_moe,CSP,svm_radial,none,4,4,4,8006,0.05,no_leakage_v1_alpha005,gate_all_sources_proxy_source_only_final_training_only,mmd,,,,,moe,coral,near_nearest_proxy,final,0.0,0,0train,train,True,0.6021777390716183,4.0,direct,0.141601027558941,0.10220857568419053,0.17913921043617936
1,bnci004,MMP_moe,CSP,svm_radial,none,4,4,4,8006,0.05,no_leakage_v1_alpha005,gate_all_sources_proxy_source_only_final_training_only,mmd,,,,,moe,coral,near_nearest_proxy,main,1.0,1,1train,far,False,,4.0,direct,0.3030527640652245,0.24374648653814018,0.3628258492333668
1,bnci004,MMP_moe,CSP,svm_radial,none,4,4,4,8006,0.05,no_leakage_v1_alpha005,gate_all_sources_proxy_source_only_final_training_only,mmd,,,,,moe,coral,near_nearest_proxy,anchor,1.0,1,1train,not_used,False,,4.0,direct,0.3030527640652245,0.24374648653814018,0.3628258492333668
1,bnci004,MMP_moe,CSP,svm_radial,none,4,4,4,8006,0.05,no_leakage_v1_alpha005,gate_all_sources_proxy_source_only_final_training_only,mmd,,,,,moe,coral,near_nearest_proxy,final,1.0,1,1train,not_used,False,,4.0,direct,0.3030527640652245,0.24374648653814018,0.3628258492333668
1,bnci004,MMP_moe,CSP,svm_radial,none,4,4,4,8006,0.05,no_leakage_v1_alpha005,gate_all_sources_proxy_source_only_final_training_only,mmd,,,,,moe,coral,near_nearest_proxy,main,2.0,2,2train,near,False,0.3978222609283817,4.0,direct,0.21433991849060907,0.17108926752823517,0.26115993416624833
1,bnci004,MMP_moe,CSP,svm_radial,none,4,4,4,8006,0.05,no_leakage_v1_alpha005,gate_all_sources_proxy_source_only_final_training_only,mmd,,,,,moe,coral,near_nearest_proxy,anchor,2.0,2,2train,proxy_source,False,1.0,4.0,direct,0.21433991849060907,0.17108926752823517,0.26115993416624833
1,bnci004,MMP_moe,CSP,svm_radial,none,4,4,4,8006,0.05,no_leakage_v1_alpha005,gate_all_sources_proxy_source_only_final_training_only,mmd,,,,,moe,coral,near_nearest_proxy,final,2.0,2,2train,train,False,0.3978222609283817,4.0,direct,0.21433991849060907,0.17108926752823517,0.26115993416624833
1,bnci004,MMP_moe,CSP,svm_radial,none,4,4,4,8006,0.05,no_leakage_v1_alpha005,gate_all_sources_proxy_source_only_final_training_only,mmd,,,,,moe,coral,near_nearest_proxy,main,3.0,3,3test,far,False,,4.0,direct,0.3384403527822654,0.2858534894818896,0.3926794831287554
1,bnci004,MMP_moe,CSP,svm_radial,none,4,4,4,8006,0.05,no_leakage_v1_alpha005,gate_all_sources_proxy_source_only_final_training_only,mmd,,,,,moe,coral,near_nearest_proxy,anchor,3.0,3,3test,not_used,False,,4.0,direct,0.3384403527822654,0.2858534894818896,0.3926794831287554
1,bnci004,MMP_moe,CSP,svm_radial,none,4,4,4,8006,0.05,no_leakage_v1_alpha005,gate_all_sources_proxy_source_only_final_training_only,mmd,,,,,moe,coral,near_nearest_proxy,final,3.0,3,3test,not_used,False,,4.0,direct,0.3384403527822654,0.2858534894818896,0.3926794831287554
1,bnci004,MMP_moe,CSP,svm_radial,none,4,4,4,8006,0.05,no_leakage_v1_alpha005,gate_all_sources_proxy_source_only_final_training_only,mmd,,,,,moe,coral,near_nearest_proxy,main,,4,4test,target,False,,,,,,
1,bnci004,MMP_moe,CSP,svm_radial,none,4,4,4,8006,0.05,no_leakage_v1_alpha005,gate_all_sources_proxy_source_only_final_training_only,mmd,,,,,moe,coral,near_nearest_proxy,final,,4,4test,target,False,,,,,,
1,bnci004,MMP_moe,CSP,svm_radial,sa,5,0,0,8879,0.05,no_leakage_v1_alpha005,gate_all_sources_proxy_source_only_final_training_only,mmd,,,,,moe,coral,near_nearest_proxy,main,0.0,1,1train,nearest,True,0.5360482763486556,0.0,direct,0.15508136841582,0.10398265549341798,0.20637777830665927
1,bnci004,MMP_moe,CSP,svm_radial,sa,5,0,0,8879,0.05,no_leakage_v1_alpha005,gate_all_sources_proxy_source_only_final_training_only,mmd,,,,,moe,coral,near_nearest_proxy,anchor,0.0,1,1train,target,False,,0.0,direct,0.15508136841582,0.10398265549341798,0.20637777830665927
1,bnci004,MMP_moe,CSP,svm_radial,sa,5,0,0,8879,0.05,no_leakage_v1_alpha005,gate_all_sources_proxy_source_only_final_training_only,mmd,,,,,moe,coral,near_nearest_proxy,final,0.0,1,1train,train,True,0.5360482763486556,0.0,direct,0.15508136841582,0.10398265549341798,0.20637777830665927
1,bnci004,MMP_moe,CSP,svm_radial,sa,5,0,0,8879,0.05,no_leakage_v1_alpha005,gate_all_sources_proxy_source_only_final_training_only,mmd,,,,,moe,coral,near_nearest_proxy,main,1.0,2,2train,far,False,,0.0,direct,0.27065592191499144,0.2086775820187889,0.3431052934367612
1,bnci004,MMP_moe,CSP,svm_radial,sa,5,0,0,8879,0.05,no_leakage_v1_alpha005,gate_all_sources_proxy_source_only_final_training_only,mmd,,,,,moe,coral,near_nearest_proxy,anchor,1.0,2,2train,not_used,False,,0.0,direct,0.27065592191499144,0.2086775820187889,0.3431052934367612
1,bnci004,MMP_moe,CSP,svm_radial,sa,5,0,0,8879,0.05,no_leakage_v1_alpha005,gate_all_sources_proxy_source_only_final_training_only,mmd,,,,,moe,coral,near_nearest_proxy,final,1.0,2,2train,not_used,False,,0.0,direct,0.27065592191499144,0.2086775820187889,0.3431052934367612
1,bnci004,MMP_moe,CSP,svm_radial,sa,5,0,0,8879,0.05,no_leakage_v1_alpha005,gate_all_sources_proxy_source_only_final_training_only,mmd,,,,,moe,coral,near_nearest_proxy,main,2.0,3,3test,far,False,,0.0,direct,0.4304825775178338,0.37738705282429885,0.4839525953190909
1,bnci004,MMP_moe,CSP,svm_radial,sa,5,0,0,8879,0.05,no_leakage_v1_alpha005,gate_all_sources_proxy_source_only_final_training_only,mmd,,,,,moe,coral,near_nearest_proxy,anchor,2.0,3,3test,not_used,False,,0.0,direct,0.4304825775178338,0.37738705282429885,0.4839525953190909
1,bnci004,MMP_moe,CSP,svm_radial,sa,5,0,0,8879,0.05,no_leakage_v1_alpha005,gate_all_sources_proxy_source_only_final_training_only,mmd,,,,,moe,coral,near_nearest_proxy,final,2.0,3,3test,not_used,False,,0.0,direct,0.4304825775178338,0.37738705282429885,0.4839525953190909
1,bnci004,MMP_moe,CSP,svm_radial,sa,5,0,0,8879,0.05,no_leakage_v1_alpha005,gate_all_sources_proxy_source_only_final_training_only,mmd,,,,,moe,coral,near_nearest_proxy,main,3.0,4,4test,near,False,0.4639517236513444,0.0,direct,0.17918065197687716,0.12165372188043305,0.23190601671124658
1,bnci004,MMP_moe,CSP,svm_radial,sa,5,0,0,8879,0.05,no_leakage_v1_alpha005,gate_all_sources_proxy_source_only_final_training_only,mmd,,,,,moe,coral,near_nearest_proxy,anchor,3.0,4,4test,proxy_source,False,1.0,0.0,direct,0.17918065197687716,0.12165372188043305,0.23190601671124658
1,bnci004,MMP_moe,CSP,svm_radial,sa,5,0,0,8879,0.05,no_leakage_v1_alpha005,gate_all_sources_proxy_source_only_final_training_only,mmd,,,,,moe,coral,near_nearest_proxy,final,3.0,4,4test,train,False,0.4639517236513444,0.0,direct,0.17918065197687716,0.12165372188043305,0.23190601671124658
1,bnci004,MMP_moe,CSP,svm_radial,sa,5,0,0,8879,0.05,no_leakage_v1_alpha005,gate_all_sources_proxy_source_only_final_training_only,mmd,,,,,moe,coral,near_nearest_proxy,main,,0,0train,target,False,,,,,,
1,bnci004,MMP_moe,CSP,svm_radial,sa,5,0,0,8879,0.05,no_leakage_v1_alpha005,gate_all_sources_proxy_source_only_final_training_only,mmd,,,,,moe,coral,near_nearest_proxy,final,,0,0train,target,False,,,,,,
1,bnci004,MMP_moe,CSP,svm_radial,sa,5,1,1,8910,0.05,no_leakage_v1_alpha005,gate_all_sources_proxy_source_only_final_training_only,mmd,,,,,moe,coral,near_nearest_proxy,main,0.0,0,0train,nearest,True,1.0,1.0,direct,0.14093151790847616,0.10445718504377983,0.1887150741613204
1,bnci004,MMP_moe,CSP,svm_radial,sa,5,1,1,8910,0.05,no_leakage_v1_alpha005,gate_all_sources_proxy_source_only_final_training_only,mmd,,,,,moe,coral,near_nearest_proxy,anchor,0.0,0,0train,target,False,,1.0,direct,0.14093151790847616,0.10445718504377983,0.1887150741613204
1,bnci004,MMP_moe,CSP,svm_radial,sa,5,1,1,8910,0.05,no_leakage_v1_alpha005,gate_all_sources_proxy_source_only_final_training_only,mmd,,,,,moe,coral,near_nearest_proxy,final,0.0,0,0train,train,True,1.0,1.0,direct,0.14093151790847616,0.10445718504377983,0.1887150741613204
1,bnci004,MMP_moe,CSP,svm_radial,sa,5,1,1,8910,0.05,no_leakage_v1_alpha005,gate_all_sources_proxy_source_only_final_training_only,mmd,,,,,moe,coral,near_nearest_proxy,main,1.0,2,2train,far,False,,1.0,direct,0.31989852681789577,0.27127836023909746,0.377575544964764
1,bnci004,MMP_moe,CSP,svm_radial,sa,5,1,1,8910,0.05,no_leakage_v1_alpha005,gate_all_sources_proxy_source_only_final_training_only,mmd,,,,,moe,coral,near_nearest_proxy,anchor,1.0,2,2train,not_used,False,,1.0,direct,0.31989852681789577,0.27127836023909746,0.377575544964764
1,bnci004,MMP_moe,CSP,svm_radial,sa,5,1,1,8910,0.05,no_leakage_v1_alpha005,gate_all_sources_proxy_source_only_final_training_only,mmd,,,,,moe,coral,near_nearest_proxy,final,1.0,2,2train,not_used,False,,1.0,direct,0.31989852681789577,0.27127836023909746,0.377575544964764
1,bnci004,MMP_moe,CSP,svm_radial,sa,5,1,1,8910,0.05,no_leakage_v1_alpha005,gate_all_sources_proxy_source_only_final_training_only,mmd,,,,,moe,coral,near_nearest_proxy,main,2.0,3,3test,far,False,,1.0,direct,0.43188942182650975,0.392167372763151,0.47775774494131285
1,bnci004,MMP_moe,CSP,svm_radial,sa,5,1,1,8910,0.05,no_leakage_v1_alpha005,gate_all_sources_proxy_source_only_final_training_only,mmd,,,,,moe,coral,near_nearest_proxy,anchor,2.0,3,3test,not_used,False,,1.0,direct,0.43188942182650975,0.392167372763151,0.47775774494131285
1,bnci004,MMP_moe,CSP,svm_radial,sa,5,1,1,8910,0.05,no_leakage_v1_alpha005,gate_all_sources_proxy_source_only_final_training_only,mmd,,,,,moe,coral,near_nearest_proxy,final,2.0,3,3test,not_used,False,,1.0,direct,0.43188942182650975,0.392167372763151,0.47775774494131285
1,bnci004,MMP_moe,CSP,svm_radial,sa,5,1,1,8910,0.05,no_leakage_v1_alpha005,gate_all_sources_proxy_source_only_final_training_only,mmd,,,,,moe,coral,near_nearest_proxy,main,3.0,4,4test,far,False,,1.0,direct,0.30591008914855755,0.2587795347049239,0.363917614890684
1,bnci004,MMP_moe,CSP,svm_radial,sa,5,1,1,8910,0.05,no_leakage_v1_alpha005,gate_all_sources_proxy_source_only_final_training_only,mmd,,,,,moe,coral,near_nearest_proxy,anchor,3.0,4,4test,second_nearest_fallback_source,False,1.0,1.0,direct,0.30591008914855755,0.2587795347049239,0.363917614890684
1,bnci004,MMP_moe,CSP,svm_radial,sa,5,1,1,8910,0.05,no_leakage_v1_alpha005,gate_all_sources_proxy_source_only_final_training_only,mmd,,,,,moe,coral,near_nearest_proxy,final,3.0,4,4test,not_used,False,,1.0,direct,0.30591008914855755,0.2587795347049239,0.363917614890684
1,bnci004,MMP_moe,CSP,svm_radial,sa,5,1,1,8910,0.05,no_leakage_v1_alpha005,gate_all_sources_proxy_source_only_final_training_only,mmd,,,,,moe,coral,near_nearest_proxy,main,,1,1train,target,False,,,,,,
1,bnci004,MMP_moe,CSP,svm_radial,sa,5,1,1,8910,0.05,no_leakage_v1_alpha005,gate_all_sources_proxy_source_only_final_training_only,mmd,,,,,moe,coral,near_nearest_proxy,final,,1,1train,target,False,,,,,,
1,bnci004,MMP_moe,CSP,svm_radial,sa,5,2,2,8941,0.05,no_leakage_v1_alpha005,gate_all_sources_proxy_source_only_final_training_only,mmd,,,,,moe,coral,near_nearest_proxy,main,0.0,0,0train,nearest,True,0.35776464886925174,2.0,direct,0.19993991081645351,0.1567162624762782,0.24798986027694817
1,bnci004,MMP_moe,CSP,svm_radial,sa,5,2,2,8941,0.05,no_leakage_v1_alpha005,gate_all_sources_proxy_source_only_final_training_only,mmd,,,,,moe,coral,near_nearest_proxy,anchor,0.0,0,0train,target,False,,2.0,direct,0.19993991081645351,0.1567162624762782,0.24798986027694817
1,bnci004,MMP_moe,CSP,svm_radial,sa,5,2,2,8941,0.05,no_leakage_v1_alpha005,gate_all_sources_proxy_source_only_final_training_only,mmd,,,,,moe,coral,near_nearest_proxy,final,0.0,0,0train,train,True,0.35776464886925174,2.0,direct,0.19993991081645351,0.1567162624762782,0.24798986027694817
1,bnci004,MMP_moe,CSP,svm_radial,sa,5,2,2,8941,0.05,no_leakage_v1_alpha005,gate_all_sources_proxy_source_only_final_training_only,mmd,,,,,moe,coral,near_nearest_proxy,main,1.0,1,1train,far,False,,2.0,direct,0.34615463488211773,0.2909966386992849,0.40778936739257676
1,bnci004,MMP_moe,CSP,svm_radial,sa,5,2,2,8941,0.05,no_leakage_v1_alpha005,gate_all_sources_proxy_source_only_final_training_only,mmd,,,,,moe,coral,near_nearest_proxy,anchor,1.0,1,1train,not_used,False,,2.0,direct,0.34615463488211773,0.2909966386992849,0.40778936739257676
1,bnci004,MMP_moe,CSP,svm_radial,sa,5,2,2,8941,0.05,no_leakage_v1_alpha005,gate_all_sources_proxy_source_only_final_training_only,mmd,,,,,moe,coral,near_nearest_proxy,final,1.0,1,1train,not_used,False,,2.0,direct,0.34615463488211773,0.2909966386992849,0.40778936739257676
1,bnci004,MMP_moe,CSP,svm_radial,sa,5,2,2,8941,0.05,no_leakage_v1_alpha005,gate_all_sources_proxy_source_only_final_training_only,mmd,,,,,moe,coral,near_nearest_proxy,main,2.0,3,3test,near,False,0.3540867970896117,2.0,direct,0.20201667007636753,0.15613691117595482,0.23963631322419535
1,bnci004,MMP_moe,CSP,svm_radial,sa,5,2,2,8941,0.05,no_leakage_v1_alpha005,gate_all_sources_proxy_source_only_final_training_only,mmd,,,,,moe,coral,near_nearest_proxy,anchor,2.0,3,3test,proxy_source,False,0.5513349529361639,2.0,direct,0.20201667007636753,0.15613691117595482,0.23963631322419535
1,bnci004,MMP_moe,CSP,svm_radial,sa,5,2,2,8941,0.05,no_leakage_v1_alpha005,gate_all_sources_proxy_source_only_final_training_only,mmd,,,,,moe,coral,near_nearest_proxy,final,2.0,3,3test,train,False,0.3540867970896117,2.0,direct,0.20201667007636753,0.15613691117595482,0.23963631322419535
1,bnci004,MMP_moe,CSP,svm_radial,sa,5,2,2,8941,0.05,no_leakage_v1_alpha005,gate_all_sources_proxy_source_only_final_training_only,mmd,,,,,moe,coral,near_nearest_proxy,main,3.0,4,4test,near,False,0.28814855404113654,2.0,direct,0.24824522143561026,0.20515347523554942,0.2971260042058515
1,bnci004,MMP_moe,CSP,svm_radial,sa,5,2,2,8941,0.05,no_leakage_v1_alpha005,gate_all_sources_proxy_source_only_final_training_only,mmd,,,,,moe,coral,near_nearest_proxy,anchor,3.0,4,4test,proxy_source,False,0.44866504706383625,2.0,direct,0.24824522143561026,0.20515347523554942,0.2971260042058515
1,bnci004,MMP_moe,CSP,svm_radial,sa,5,2,2,8941,0.05,no_leakage_v1_alpha005,gate_all_sources_proxy_source_only_final_training_only,mmd,,,,,moe,coral,near_nearest_proxy,final,3.0,4,4test,train,False,0.28814855404113654,2.0,direct,0.24824522143561026,0.20515347523554942,0.2971260042058515
1,bnci004,MMP_moe,CSP,svm_radial,sa,5,2,2,8941,0.05,no_leakage_v1_alpha005,gate_all_sources_proxy_source_only_final_training_only,mmd,,,,,moe,coral,near_nearest_proxy,main,,2,2train,target,False,,,,,,
1,bnci004,MMP_moe,CSP,svm_radial,sa,5,2,2,8941,0.05,no_leakage_v1_alpha005,gate_all_sources_proxy_source_only_final_training_only,mmd,,,,,moe,coral,near_nearest_proxy,final,,2,2train,target,False,,,,,,
1,bnci004,MMP_moe,CSP,svm_radial,sa,5,3,3,8972,0.05,no_leakage_v1_alpha005,gate_all_sources_proxy_source_only_final_training_only,mmd,,,,,moe,coral,near_nearest_proxy,main,0.0,0,0train,far,False,,3.0,direct,0.3371081431934354,0.29276550631317194,0.38270477222734745
1,bnci004,MMP_moe,CSP,svm_radial,sa,5,3,3,8972,0.05,no_leakage_v1_alpha005,gate_all_sources_proxy_source_only_final_training_only,mmd,,,,,moe,coral,near_nearest_proxy,anchor,0.0,0,0train,second_nearest_fallback_source,False,1.0,3.0,direct,0.3371081431934354,0.29276550631317194,0.38270477222734745
1,bnci004,MMP_moe,CSP,svm_radial,sa,5,3,3,8972,0.05,no_leakage_v1_alpha005,gate_all_sources_proxy_source_only_final_training_only,mmd,,,,,moe,coral,near_nearest_proxy,final,0.0,0,0train,not_used,False,,3.0,direct,0.3371081431934354,0.29276550631317194,0.38270477222734745
1,bnci004,MMP_moe,CSP,svm_radial,sa,5,3,3,8972,0.05,no_leakage_v1_alpha005,gate_all_sources_proxy_source_only_final_training_only,mmd,,,,,moe,coral,near_nearest_proxy,main,1.0,1,1train,far,False,,3.0,direct,0.498885253821425,0.4500829947332144,0.5474532048481215
1,bnci004,MMP_moe,CSP,svm_radial,sa,5,3,3,8972,0.05,no_leakage_v1_alpha005,gate_all_sources_proxy_source_only_final_training_only,mmd,,,,,moe,coral,near_nearest_proxy,anchor,1.0,1,1train,not_used,False,,3.0,direct,0.498885253821425,0.4500829947332144,0.5474532048481215
1,bnci004,MMP_moe,CSP,svm_radial,sa,5,3,3,8972,0.05,no_leakage_v1_alpha005,gate_all_sources_proxy_source_only_final_training_only,mmd,,,,,moe,coral,near_nearest_proxy,final,1.0,1,1train,not_used,False,,3.0,direct,0.498885253821425,0.4500829947332144,0.5474532048481215
1,bnci004,MMP_moe,CSP,svm_radial,sa,5,3,3,8972,0.05,no_leakage_v1_alpha005,gate_all_sources_proxy_source_only_final_training_only,mmd,,,,,moe,coral,near_nearest_proxy,main,2.0,2,2train,nearest,True,1.0,3.0,direct,0.2197179619831125,0.17234087926816935,0.27058998121533195
1,bnci004,MMP_moe,CSP,svm_radial,sa,5,3,3,8972,0.05,no_leakage_v1_alpha005,gate_all_sources_proxy_source_only_final_training_only,mmd,,,,,moe,coral,near_nearest_proxy,anchor,2.0,2,2train,target,False,,3.0,direct,0.2197179619831125,0.17234087926816935,0.27058998121533195
1,bnci004,MMP_moe,CSP,svm_radial,sa,5,3,3,8972,0.05,no_leakage_v1_alpha005,gate_all_sources_proxy_source_only_final_training_only,mmd,,,,,moe,coral,near_nearest_proxy,final,2.0,2,2train,train,True,1.0,3.0,direct,0.2197179619831125,0.17234087926816935,0.27058998121533195
1,bnci004,MMP_moe,CSP,svm_radial,sa,5,3,3,8972,0.05,no_leakage_v1_alpha005,gate_all_sources_proxy_source_only_final_training_only,mmd,,,,,moe,coral,near_nearest_proxy,main,3.0,4,4test,far,False,,3.0,direct,0.37583454532737887,0.3279160177250789,0.42605650271939693
1,bnci004,MMP_moe,CSP,svm_radial,sa,5,3,3,8972,0.05,no_leakage_v1_alpha005,gate_all_sources_proxy_source_only_final_training_only,mmd,,,,,moe,coral,near_nearest_proxy,anchor,3.0,4,4test,not_used,False,,3.0,direct,0.37583454532737887,0.3279160177250789,0.42605650271939693
1,bnci004,MMP_moe,CSP,svm_radial,sa,5,3,3,8972,0.05,no_leakage_v1_alpha005,gate_all_sources_proxy_source_only_final_training_only,mmd,,,,,moe,coral,near_nearest_proxy,final,3.0,4,4test,not_used,False,,3.0,direct,0.37583454532737887,0.3279160177250789,0.42605650271939693
1,bnci004,MMP_moe,CSP,svm_radial,sa,5,3,3,8972,0.05,no_leakage_v1_alpha005,gate_all_sources_proxy_source_only_final_training_only,mmd,,,,,moe,coral,near_nearest_proxy,main,,3,3test,target,False,,,,,,
1,bnci004,MMP_moe,CSP,svm_radial,sa,5,3,3,8972,0.05,no_leakage_v1_alpha005,gate_all_sources_proxy_source_only_final_training_only,mmd,,,,,moe,coral,near_nearest_proxy,final,,3,3test,target,False,,,,,,
1,bnci004,MMP_moe,CSP,svm_radial,sa,5,4,4,9003,0.05,no_leakage_v1_alpha005,gate_all_sources_proxy_source_only_final_training_only,mmd,,,,,moe,coral,near_nearest_proxy,main,0.0,0,0train,nearest,True,0.6048254992228684,4.0,direct,0.13830866210591203,0.0979825062340373,0.18058622117932807
1,bnci004,MMP_moe,CSP,svm_radial,sa,5,4,4,9003,0.05,no_leakage_v1_alpha005,gate_all_sources_proxy_source_only_final_training_only,mmd,,,,,moe,coral,near_nearest_proxy,anchor,0.0,0,0train,target,False,,4.0,direct,0.13830866210591203,0.0979825062340373,0.18058622117932807
1,bnci004,MMP_moe,CSP,svm_radial,sa,5,4,4,9003,0.05,no_leakage_v1_alpha005,gate_all_sources_proxy_source_only_final_training_only,mmd,,,,,moe,coral,near_nearest_proxy,final,0.0,0,0train,train,True,0.6048254992228684,4.0,direct,0.13830866210591203,0.0979825062340373,0.18058622117932807
1,bnci004,MMP_moe,CSP,svm_radial,sa,5,4,4,9003,0.05,no_leakage_v1_alpha005,gate_all_sources_proxy_source_only_final_training_only,mmd,,,,,moe,coral,near_nearest_proxy,main,1.0,1,1train,far,False,,4.0,direct,0.30030377059057317,0.2515497567350502,0.3507142699189753
1,bnci004,MMP_moe,CSP,svm_radial,sa,5,4,4,9003,0.05,no_leakage_v1_alpha005,gate_all_sources_proxy_source_only_final_training_only,mmd,,,,,moe,coral,near_nearest_proxy,anchor,1.0,1,1train,not_used,False,,4.0,direct,0.30030377059057317,0.2515497567350502,0.3507142699189753
1,bnci004,MMP_moe,CSP,svm_radial,sa,5,4,4,9003,0.05,no_leakage_v1_alpha005,gate_all_sources_proxy_source_only_final_training_only,mmd,,,,,moe,coral,near_nearest_proxy,final,1.0,1,1train,not_used,False,,4.0,direct,0.30030377059057317,0.2515497567350502,0.3507142699189753
1,bnci004,MMP_moe,CSP,svm_radial,sa,5,4,4,9003,0.05,no_leakage_v1_alpha005,gate_all_sources_proxy_source_only_final_training_only,mmd,,,,,moe,coral,near_nearest_proxy,main,2.0,2,2train,near,False,0.39517450077713157,4.0,direct,0.21168576183824112,0.17104601540041328,0.25272585777189965
1,bnci004,MMP_moe,CSP,svm_radial,sa,5,4,4,9003,0.05,no_leakage_v1_alpha005,gate_all_sources_proxy_source_only_final_training_only,mmd,,,,,moe,coral,near_nearest_proxy,anchor,2.0,2,2train,proxy_source,False,1.0,4.0,direct,0.21168576183824112,0.17104601540041328,0.25272585777189965
1,bnci004,MMP_moe,CSP,svm_radial,sa,5,4,4,9003,0.05,no_leakage_v1_alpha005,gate_all_sources_proxy_source_only_final_training_only,mmd,,,,,moe,coral,near_nearest_proxy,final,2.0,2,2train,train,False,0.39517450077713157,4.0,direct,0.21168576183824112,0.17104601540041328,0.25272585777189965
1,bnci004,MMP_moe,CSP,svm_radial,sa,5,4,4,9003,0.05,no_leakage_v1_alpha005,gate_all_sources_proxy_source_only_final_training_only,mmd,,,,,moe,coral,near_nearest_proxy,main,3.0,3,3test,far,False,,4.0,direct,0.34262526327922305,0.29479549783771736,0.3871890380875523
1,bnci004,MMP_moe,CSP,svm_radial,sa,5,4,4,9003,0.05,no_leakage_v1_alpha005,gate_all_sources_proxy_source_only_final_training_only,mmd,,,,,moe,coral,near_nearest_proxy,anchor,3.0,3,3test,not_used,False,,4.0,direct,0.34262526327922305,0.29479549783771736,0.3871890380875523
1,bnci004,MMP_moe,CSP,svm_radial,sa,5,4,4,9003,0.05,no_leakage_v1_alpha005,gate_all_sources_proxy_source_only_final_training_only,mmd,,,,,moe,coral,near_nearest_proxy,final,3.0,3,3test,not_used,False,,4.0,direct,0.34262526327922305,0.29479549783771736,0.3871890380875523
1,bnci004,MMP_moe,CSP,svm_radial,sa,5,4,4,9003,0.05,no_leakage_v1_alpha005,gate_all_sources_proxy_source_only_final_training_only,mmd,,,,,moe,coral,near_nearest_proxy,main,,4,4test,target,False,,,,,,
1,bnci004,MMP_moe,CSP,svm_radial,sa,5,4,4,9003,0.05,no_leakage_v1_alpha005,gate_all_sources_proxy_source_only_final_training_only,mmd,,,,,moe,coral,near_nearest_proxy,final,,4,4test,target,False,,,,,,
1,bnci004,MMP_moe,CSP,svm_radial,pt,6,0,0,9876,0.05,no_leakage_v1_alpha005,gate_all_sources_proxy_source_only_final_training_only,mmd,,,,,moe,coral,near_nearest_proxy,main,0.0,1,1train,nearest,True,0.40095330160486575,0.0,direct,0.15866136699599676,0.1094466691875643,0.21602828963076703
1,bnci004,MMP_moe,CSP,svm_radial,pt,6,0,0,9876,0.05,no_leakage_v1_alpha005,gate_all_sources_proxy_source_only_final_training_only,mmd,,,,,moe,coral,near_nearest_proxy,anchor,0.0,1,1train,target,False,,0.0,direct,0.15866136699599676,0.1094466691875643,0.21602828963076703
1,bnci004,MMP_moe,CSP,svm_radial,pt,6,0,0,9876,0.05,no_leakage_v1_alpha005,gate_all_sources_proxy_source_only_final_training_only,mmd,,,,,moe,coral,near_nearest_proxy,final,0.0,1,1train,train,True,0.40095330160486575,0.0,direct,0.15866136699599676,0.1094466691875643,0.21602828963076703
1,bnci004,MMP_moe,CSP,svm_radial,pt,6,0,0,9876,0.05,no_leakage_v1_alpha005,gate_all_sources_proxy_source_only_final_training_only,mmd,,,,,moe,coral,near_nearest_proxy,main,1.0,2,2train,near,False,0.23510549243346704,0.0,direct,0.27058476653835795,0.21588138841053667,0.33039951700648224
1,bnci004,MMP_moe,CSP,svm_radial,pt,6,0,0,9876,0.05,no_leakage_v1_alpha005,gate_all_sources_proxy_source_only_final_training_only,mmd,,,,,moe,coral,near_nearest_proxy,anchor,1.0,2,2train,proxy_source,False,0.3924660515838287,0.0,direct,0.27058476653835795,0.21588138841053667,0.33039951700648224
1,bnci004,MMP_moe,CSP,svm_radial,pt,6,0,0,9876,0.05,no_leakage_v1_alpha005,gate_all_sources_proxy_source_only_final_training_only,mmd,,,,,moe,coral,near_nearest_proxy,final,1.0,2,2train,train,False,0.23510549243346704,0.0,direct,0.27058476653835795,0.21588138841053667,0.33039951700648224
1,bnci004,MMP_moe,CSP,svm_radial,pt,6,0,0,9876,0.05,no_leakage_v1_alpha005,gate_all_sources_proxy_source_only_final_training_only,mmd,,,,,moe,coral,near_nearest_proxy,main,2.0,3,3test,far,False,,0.0,direct,0.4295678622101996,0.3639905403804038,0.49420548487088545
1,bnci004,MMP_moe,CSP,svm_radial,pt,6,0,0,9876,0.05,no_leakage_v1_alpha005,gate_all_sources_proxy_source_only_final_training_only,mmd,,,,,moe,coral,near_nearest_proxy,anchor,2.0,3,3test,not_used,False,,0.0,direct,0.4295678622101996,0.3639905403804038,0.49420548487088545
1,bnci004,MMP_moe,CSP,svm_radial,pt,6,0,0,9876,0.05,no_leakage_v1_alpha005,gate_all_sources_proxy_source_only_final_training_only,mmd,,,,,moe,coral,near_nearest_proxy,final,2.0,3,3test,not_used,False,,0.0,direct,0.4295678622101996,0.3639905403804038,0.49420548487088545
1,bnci004,MMP_moe,CSP,svm_radial,pt,6,0,0,9876,0.05,no_leakage_v1_alpha005,gate_all_sources_proxy_source_only_final_training_only,mmd,,,,,moe,coral,near_nearest_proxy,main,3.0,4,4test,near,False,0.36394120596166724,0.0,direct,0.17479701365000774,0.128662065052138,0.22555584305328713
1,bnci004,MMP_moe,CSP,svm_radial,pt,6,0,0,9876,0.05,no_leakage_v1_alpha005,gate_all_sources_proxy_source_only_final_training_only,mmd,,,,,moe,coral,near_nearest_proxy,anchor,3.0,4,4test,proxy_source,False,0.6075339484161713,0.0,direct,0.17479701365000774,0.128662065052138,0.22555584305328713
1,bnci004,MMP_moe,CSP,svm_radial,pt,6,0,0,9876,0.05,no_leakage_v1_alpha005,gate_all_sources_proxy_source_only_final_training_only,mmd,,,,,moe,coral,near_nearest_proxy,final,3.0,4,4test,train,False,0.36394120596166724,0.0,direct,0.17479701365000774,0.128662065052138,0.22555584305328713
1,bnci004,MMP_moe,CSP,svm_radial,pt,6,0,0,9876,0.05,no_leakage_v1_alpha005,gate_all_sources_proxy_source_only_final_training_only,mmd,,,,,moe,coral,near_nearest_proxy,main,,0,0train,target,False,,,,,,
1,bnci004,MMP_moe,CSP,svm_radial,pt,6,0,0,9876,0.05,no_leakage_v1_alpha005,gate_all_sources_proxy_source_only_final_training_only,mmd,,,,,moe,coral,near_nearest_proxy,final,,0,0train,target,False,,,,,,
1,bnci004,MMP_moe,CSP,svm_radial,pt,6,1,1,9907,0.05,no_leakage_v1_alpha005,gate_all_sources_proxy_source_only_final_training_only,mmd,,,,,moe,coral,near_nearest_proxy,main,0.0,0,0train,nearest,True,1.0,1.0,direct,0.14002605455379086,0.10147423018609725,0.1857053889421805
1,bnci004,MMP_moe,CSP,svm_radial,pt,6,1,1,9907,0.05,no_leakage_v1_alpha005,gate_all_sources_proxy_source_only_final_training_only,mmd,,,,,moe,coral,near_nearest_proxy,anchor,0.0,0,0train,target,False,,1.0,direct,0.14002605455379086,0.10147423018609725,0.1857053889421805
1,bnci004,MMP_moe,CSP,svm_radial,pt,6,1,1,9907,0.05,no_leakage_v1_alpha005,gate_all_sources_proxy_source_only_final_training_only,mmd,,,,,moe,coral,near_nearest_proxy,final,0.0,0,0train,train,True,1.0,1.0,direct,0.14002605455379086,0.10147423018609725,0.1857053889421805
1,bnci004,MMP_moe,CSP,svm_radial,pt,6,1,1,9907,0.05,no_leakage_v1_alpha005,gate_all_sources_proxy_source_only_final_training_only,mmd,,,,,moe,coral,near_nearest_proxy,main,1.0,2,2train,far,False,,1.0,direct,0.31482460872309964,0.2605247578232663,0.37597964866888345
1,bnci004,MMP_moe,CSP,svm_radial,pt,6,1,1,9907,0.05,no_leakage_v1_alpha005,gate_all_sources_proxy_source_only_final_training_only,mmd,,,,,moe,coral,near_nearest_proxy,anchor,1.0,2,2train,not_used,False,,1.0,direct,0.31482460872309964,0.2605247578232663,0.37597964866888345
1,bnci004,MMP_moe,CSP,svm_radial,pt,6,1,1,9907,0.05,no_leakage_v1_alpha005,gate_all_sources_proxy_source_only_final_training_only,mmd,,,,,moe,coral,near_nearest_proxy,final,1.0,2,2train,not_used,False,,1.0,direct,0.31482460872309964,0.2605247578232663,0.37597964866888345
1,bnci004,MMP_moe,CSP,svm_radial,pt,6,1,1,9907,0.05,no_leakage_v1_alpha005,gate_all_sources_proxy_source_only_final_training_only,mmd,,,,,moe,coral,near_nearest_proxy,main,2.0,3,3test,far,False,,1.0,direct,0.43205526587897114,0.38585764668503925,0.482368139648828
1,bnci004,MMP_moe,CSP,svm_radial,pt,6,1,1,9907,0.05,no_leakage_v1_alpha005,gate_all_sources_proxy_source_only_final_training_only,mmd,,,,,moe,coral,near_nearest_proxy,anchor,2.0,3,3test,not_used,False,,1.0,direct,0.43205526587897114,0.38585764668503925,0.482368139648828
1,bnci004,MMP_moe,CSP,svm_radial,pt,6,1,1,9907,0.05,no_leakage_v1_alpha005,gate_all_sources_proxy_source_only_final_training_only,mmd,,,,,moe,coral,near_nearest_proxy,final,2.0,3,3test,not_used,False,,1.0,direct,0.43205526587897114,0.38585764668503925,0.482368139648828
1,bnci004,MMP_moe,CSP,svm_radial,pt,6,1,1,9907,0.05,no_leakage_v1_alpha005,gate_all_sources_proxy_source_only_final_training_only,mmd,,,,,moe,coral,near_nearest_proxy,main,3.0,4,4test,far,False,,1.0,direct,0.31126191883228027,0.2619792856392068,0.3638329694428839
1,bnci004,MMP_moe,CSP,svm_radial,pt,6,1,1,9907,0.05,no_leakage_v1_alpha005,gate_all_sources_proxy_source_only_final_training_only,mmd,,,,,moe,coral,near_nearest_proxy,anchor,3.0,4,4test,second_nearest_fallback_source,False,1.0,1.0,direct,0.31126191883228027,0.2619792856392068,0.3638329694428839
1,bnci004,MMP_moe,CSP,svm_radial,pt,6,1,1,9907,0.05,no_leakage_v1_alpha005,gate_all_sources_proxy_source_only_final_training_only,mmd,,,,,moe,coral,near_nearest_proxy,final,3.0,4,4test,not_used,False,,1.0,direct,0.31126191883228027,0.2619792856392068,0.3638329694428839
1,bnci004,MMP_moe,CSP,svm_radial,pt,6,1,1,9907,0.05,no_leakage_v1_alpha005,gate_all_sources_proxy_source_only_final_training_only,mmd,,,,,moe,coral,near_nearest_proxy,main,,1,1train,target,False,,,,,,
1,bnci004,MMP_moe,CSP,svm_radial,pt,6,1,1,9907,0.05,no_leakage_v1_alpha005,gate_all_sources_proxy_source_only_final_training_only,mmd,,,,,moe,coral,near_nearest_proxy,final,,1,1train,target,False,,,,,,
1,bnci004,MMP_moe,CSP,svm_radial,pt,6,2,2,9938,0.05,no_leakage_v1_alpha005,gate_all_sources_proxy_source_only_final_training_only,mmd,,,,,moe,coral,near_nearest_proxy,main,0.0,0,0train,nearest,True,0.35679714568490567,2.0,direct,0.20031923285020983,0.16280528105490813,0.24731161316389685
1,bnci004,MMP_moe,CSP,svm_radial,pt,6,2,2,9938,0.05,no_leakage_v1_alpha005,gate_all_sources_proxy_source_only_final_training_only,mmd,,,,,moe,coral,near_nearest_proxy,anchor,0.0,0,0train,target,False,,2.0,direct,0.20031923285020983,0.16280528105490813,0.24731161316389685
1,bnci004,MMP_moe,CSP,svm_radial,pt,6,2,2,9938,0.05,no_leakage_v1_alpha005,gate_all_sources_proxy_source_only_final_training_only,mmd,,,,,moe,coral,near_nearest_proxy,final,0.0,0,0train,train,True,0.35679714568490567,2.0,direct,0.20031923285020983,0.16280528105490813,0.24731161316389685
1,bnci004,MMP_moe,CSP,svm_radial,pt,6,2,2,9938,0.05,no_leakage_v1_alpha005,gate_all_sources_proxy_source_only_final_training_only,mmd,,,,,moe,coral,near_nearest_proxy,main,1.0,1,1train,far,False,,2.0,direct,0.34442360320928445,0.2902865209182276,0.3917300201078684
1,bnci004,MMP_moe,CSP,svm_radial,pt,6,2,2,9938,0.05,no_leakage_v1_alpha005,gate_all_sources_proxy_source_only_final_training_only,mmd,,,,,moe,coral,near_nearest_proxy,anchor,1.0,1,1train,not_used,False,,2.0,direct,0.34442360320928445,0.2902865209182276,0.3917300201078684
1,bnci004,MMP_moe,CSP,svm_radial,pt,6,2,2,9938,0.05,no_leakage_v1_alpha005,gate_all_sources_proxy_source_only_final_training_only,mmd,,,,,moe,coral,near_nearest_proxy,final,1.0,1,1train,not_used,False,,2.0,direct,0.34442360320928445,0.2902865209182276,0.3917300201078684
1,bnci004,MMP_moe,CSP,svm_radial,pt,6,2,2,9938,0.05,no_leakage_v1_alpha005,gate_all_sources_proxy_source_only_final_training_only,mmd,,,,,moe,coral,near_nearest_proxy,main,2.0,3,3test,near,False,0.3558880944757984,2.0,direct,0.20083091433859837,0.158700349697401,0.24921595908035124
1,bnci004,MMP_moe,CSP,svm_radial,pt,6,2,2,9938,0.05,no_leakage_v1_alpha005,gate_all_sources_proxy_source_only_final_training_only,mmd,,,,,moe,coral,near_nearest_proxy,anchor,2.0,3,3test,proxy_source,False,0.5533061492004119,2.0,direct,0.20083091433859837,0.158700349697401,0.24921595908035124
1,bnci004,MMP_moe,CSP,svm_radial,pt,6,2,2,9938,0.05,no_leakage_v1_alpha005,gate_all_sources_proxy_source_only_final_training_only,mmd,,,,,moe,coral,near_nearest_proxy,final,2.0,3,3test,train,False,0.3558880944757984,2.0,direct,0.20083091433859837,0.158700349697401,0.24921595908035124
1,bnci004,MMP_moe,CSP,svm_radial,pt,6,2,2,9938,0.05,no_leakage_v1_alpha005,gate_all_sources_proxy_source_only_final_training_only,mmd,,,,,moe,coral,near_nearest_proxy,main,3.0,4,4test,near,False,0.2873147598392959,2.0,direct,0.24876341204715,0.1968306390883318,0.3112235395515925
1,bnci004,MMP_moe,CSP,svm_radial,pt,6,2,2,9938,0.05,no_leakage_v1_alpha005,gate_all_sources_proxy_source_only_final_training_only,mmd,,,,,moe,coral,near_nearest_proxy,anchor,3.0,4,4test,proxy_source,False,0.446693850799588,2.0,direct,0.24876341204715,0.1968306390883318,0.3112235395515925
1,bnci004,MMP_moe,CSP,svm_radial,pt,6,2,2,9938,0.05,no_leakage_v1_alpha005,gate_all_sources_proxy_source_only_final_training_only,mmd,,,,,moe,coral,near_nearest_proxy,final,3.0,4,4test,train,False,0.2873147598392959,2.0,direct,0.24876341204715,0.1968306390883318,0.3112235395515925
1,bnci004,MMP_moe,CSP,svm_radial,pt,6,2,2,9938,0.05,no_leakage_v1_alpha005,gate_all_sources_proxy_source_only_final_training_only,mmd,,,,,moe,coral,near_nearest_proxy,main,,2,2train,target,False,,,,,,
1,bnci004,MMP_moe,CSP,svm_radial,pt,6,2,2,9938,0.05,no_leakage_v1_alpha005,gate_all_sources_proxy_source_only_final_training_only,mmd,,,,,moe,coral,near_nearest_proxy,final,,2,2train,target,False,,,,,,
1,bnci004,MMP_moe,CSP,svm_radial,pt,6,3,3,9969,0.05,no_leakage_v1_alpha005,gate_all_sources_proxy_source_only_final_training_only,mmd,,,,,moe,coral,near_nearest_proxy,main,0.0,0,0train,far,False,,3.0,direct,0.34109503109378364,0.29315686399684676,0.38087075219276667
1,bnci004,MMP_moe,CSP,svm_radial,pt,6,3,3,9969,0.05,no_leakage_v1_alpha005,gate_all_sources_proxy_source_only_final_training_only,mmd,,,,,moe,coral,near_nearest_proxy,anchor,0.0,0,0train,second_nearest_fallback_source,False,1.0,3.0,direct,0.34109503109378364,0.29315686399684676,0.38087075219276667
1,bnci004,MMP_moe,CSP,svm_radial,pt,6,3,3,9969,0.05,no_leakage_v1_alpha005,gate_all_sources_proxy_source_only_final_training_only,mmd,,,,,moe,coral,near_nearest_proxy,final,0.0,0,0train,not_used,False,,3.0,direct,0.34109503109378364,0.29315686399684676,0.38087075219276667
1,bnci004,MMP_moe,CSP,svm_radial,pt,6,3,3,9969,0.05,no_leakage_v1_alpha005,gate_all_sources_proxy_source_only_final_training_only,mmd,,,,,moe,coral,near_nearest_proxy,main,1.0,1,1train,far,False,,3.0,direct,0.495775573605861,0.44593343523088635,0.5497009414767275
1,bnci004,MMP_moe,CSP,svm_radial,pt,6,3,3,9969,0.05,no_leakage_v1_alpha005,gate_all_sources_proxy_source_only_final_training_only,mmd,,,,,moe,coral,near_nearest_proxy,anchor,1.0,1,1train,not_used,False,,3.0,direct,0.495775573605861,0.44593343523088635,0.5497009414767275
1,bnci004,MMP_moe,CSP,svm_radial,pt,6,3,3,9969,0.05,no_leakage_v1_alpha005,gate_all_sources_proxy_source_only_final_training_only,mmd,,,,,moe,coral,near_nearest_proxy,final,1.0,1,1train,not_used,False,,3.0,direct,0.495775573605861,0.44593343523088635,0.5497009414767275
1,bnci004,MMP_moe,CSP,svm_radial,pt,6,3,3,9969,0.05,no_leakage_v1_alpha005,gate_all_sources_proxy_source_only_final_training_only,mmd,,,,,moe,coral,near_nearest_proxy,main,2.0,2,2train,nearest,True,1.0,3.0,direct,0.21861025211302837,0.16657650565194976,0.265467715831145
1,bnci004,MMP_moe,CSP,svm_radial,pt,6,3,3,9969,0.05,no_leakage_v1_alpha005,gate_all_sources_proxy_source_only_final_training_only,mmd,,,,,moe,coral,near_nearest_proxy,anchor,2.0,2,2train,target,False,,3.0,direct,0.21861025211302837,0.16657650565194976,0.265467715831145
1,bnci004,MMP_moe,CSP,svm_radial,pt,6,3,3,9969,0.05,no_leakage_v1_alpha005,gate_all_sources_proxy_source_only_final_training_only,mmd,,,,,moe,coral,near_nearest_proxy,final,2.0,2,2train,train,True,1.0,3.0,direct,0.21861025211302837,0.16657650565194976,0.265467715831145
1,bnci004,MMP_moe,CSP,svm_radial,pt,6,3,3,9969,0.05,no_leakage_v1_alpha005,gate_all_sources_proxy_source_only_final_training_only,mmd,,,,,moe,coral,near_nearest_proxy,main,3.0,4,4test,far,False,,3.0,direct,0.3778470254903311,0.3269798603024519,0.4443665381717919
1,bnci004,MMP_moe,CSP,svm_radial,pt,6,3,3,9969,0.05,no_leakage_v1_alpha005,gate_all_sources_proxy_source_only_final_training_only,mmd,,,,,moe,coral,near_nearest_proxy,anchor,3.0,4,4test,not_used,False,,3.0,direct,0.3778470254903311,0.3269798603024519,0.4443665381717919
1,bnci004,MMP_moe,CSP,svm_radial,pt,6,3,3,9969,0.05,no_leakage_v1_alpha005,gate_all_sources_proxy_source_only_final_training_only,mmd,,,,,moe,coral,near_nearest_proxy,final,3.0,4,4test,not_used,False,,3.0,direct,0.3778470254903311,0.3269798603024519,0.4443665381717919
1,bnci004,MMP_moe,CSP,svm_radial,pt,6,3,3,9969,0.05,no_leakage_v1_alpha005,gate_all_sources_proxy_source_only_final_training_only,mmd,,,,,moe,coral,near_nearest_proxy,main,,3,3test,target,False,,,,,,
1,bnci004,MMP_moe,CSP,svm_radial,pt,6,3,3,9969,0.05,no_leakage_v1_alpha005,gate_all_sources_proxy_source_only_final_training_only,mmd,,,,,moe,coral,near_nearest_proxy,final,,3,3test,target,False,,,,,,
1,bnci004,MMP_moe,CSP,svm_radial,pt,6,4,4,10000,0.05,no_leakage_v1_alpha005,gate_all_sources_proxy_source_only_final_training_only,mmd,,,,,moe,coral,near_nearest_proxy,main,0.0,0,0train,nearest,True,0.6005425798612855,4.0,direct,0.14169372294507263,0.10184509188767091,0.182189366347657
1,bnci004,MMP_moe,CSP,svm_radial,pt,6,4,4,10000,0.05,no_leakage_v1_alpha005,gate_all_sources_proxy_source_only_final_training_only,mmd,,,,,moe,coral,near_nearest_proxy,anchor,0.0,0,0train,target,False,,4.0,direct,0.14169372294507263,0.10184509188767091,0.182189366347657
1,bnci004,MMP_moe,CSP,svm_radial,pt,6,4,4,10000,0.05,no_leakage_v1_alpha005,gate_all_sources_proxy_source_only_final_training_only,mmd,,,,,moe,coral,near_nearest_proxy,final,0.0,0,0train,train,True,0.6005425798612855,4.0,direct,0.14169372294507263,0.10184509188767091,0.182189366347657
1,bnci004,MMP_moe,CSP,svm_radial,pt,6,4,4,10000,0.05,no_leakage_v1_alpha005,gate_all_sources_proxy_source_only_final_training_only,mmd,,,,,moe,coral,near_nearest_proxy,main,1.0,1,1train,far,False,,4.0,direct,0.30366308836439715,0.25171980912473246,0.36360577107533976
1,bnci004,MMP_moe,CSP,svm_radial,pt,6,4,4,10000,0.05,no_leakage_v1_alpha005,gate_all_sources_proxy_source_only_final_training_only,mmd,,,,,moe,coral,near_nearest_proxy,anchor,1.0,1,1train,not_used,False,,4.0,direct,0.30366308836439715,0.25171980912473246,0.36360577107533976
1,bnci004,MMP_moe,CSP,svm_radial,pt,6,4,4,10000,0.05,no_leakage_v1_alpha005,gate_all_sources_proxy_source_only_final_training_only,mmd,,,,,moe,coral,near_nearest_proxy,final,1.0,1,1train,not_used,False,,4.0,direct,0.30366308836439715,0.25171980912473246,0.36360577107533976
1,bnci004,MMP_moe,CSP,svm_radial,pt,6,4,4,10000,0.05,no_leakage_v1_alpha005,gate_all_sources_proxy_source_only_final_training_only,mmd,,,,,moe,coral,near_nearest_proxy,main,2.0,2,2train,near,False,0.39945742013871455,4.0,direct,0.2130222414774385,0.16884347700084662,0.2614430104205938
1,bnci004,MMP_moe,CSP,svm_radial,pt,6,4,4,10000,0.05,no_leakage_v1_alpha005,gate_all_sources_proxy_source_only_final_training_only,mmd,,,,,moe,coral,near_nearest_proxy,anchor,2.0,2,2train,proxy_source,False,1.0,4.0,direct,0.2130222414774385,0.16884347700084662,0.2614430104205938
1,bnci004,MMP_moe,CSP,svm_radial,pt,6,4,4,10000,0.05,no_leakage_v1_alpha005,gate_all_sources_proxy_source_only_final_training_only,mmd,,,,,moe,coral,near_nearest_proxy,final,2.0,2,2train,train,False,0.39945742013871455,4.0,direct,0.2130222414774385,0.16884347700084662,0.2614430104205938
1,bnci004,MMP_moe,CSP,svm_radial,pt,6,4,4,10000,0.05,no_leakage_v1_alpha005,gate_all_sources_proxy_source_only_final_training_only,mmd,,,,,moe,coral,near_nearest_proxy,main,3.0,3,3test,far,False,,4.0,direct,0.34358808904248067,0.2910021531229984,0.39856757472741794
1,bnci004,MMP_moe,CSP,svm_radial,pt,6,4,4,10000,0.05,no_leakage_v1_alpha005,gate_all_sources_proxy_source_only_final_training_only,mmd,,,,,moe,coral,near_nearest_proxy,anchor,3.0,3,3test,not_used,False,,4.0,direct,0.34358808904248067,0.2910021531229984,0.39856757472741794
1,bnci004,MMP_moe,CSP,svm_radial,pt,6,4,4,10000,0.05,no_leakage_v1_alpha005,gate_all_sources_proxy_source_only_final_training_only,mmd,,,,,moe,coral,near_nearest_proxy,final,3.0,3,3test,not_used,False,,4.0,direct,0.34358808904248067,0.2910021531229984,0.39856757472741794
1,bnci004,MMP_moe,CSP,svm_radial,pt,6,4,4,10000,0.05,no_leakage_v1_alpha005,gate_all_sources_proxy_source_only_final_training_only,mmd,,,,,moe,coral,near_nearest_proxy,main,,4,4test,target,False,,,,,,
1,bnci004,MMP_moe,CSP,svm_radial,pt,6,4,4,10000,0.05,no_leakage_v1_alpha005,gate_all_sources_proxy_source_only_final_training_only,mmd,,,,,moe,coral,near_nearest_proxy,final,,4,4test,target,False,,,,,,
1,bnci004,MMP_moe,CSP,svm_radial,coral,7,0,0,10873,0.05,no_leakage_v1_alpha005,gate_all_sources_proxy_source_only_final_training_only,mmd,,,,,moe,coral,near_nearest_proxy,main,0.0,1,1train,nearest,True,0.5361383685487513,0.0,direct,0.1537267921975506,0.10699315191464198,0.2064180340420072
1,bnci004,MMP_moe,CSP,svm_radial,coral,7,0,0,10873,0.05,no_leakage_v1_alpha005,gate_all_sources_proxy_source_only_final_training_only,mmd,,,,,moe,coral,near_nearest_proxy,anchor,0.0,1,1train,target,False,,0.0,direct,0.1537267921975506,0.10699315191464198,0.2064180340420072
1,bnci004,MMP_moe,CSP,svm_radial,coral,7,0,0,10873,0.05,no_leakage_v1_alpha005,gate_all_sources_proxy_source_only_final_training_only,mmd,,,,,moe,coral,near_nearest_proxy,final,0.0,1,1train,train,True,0.5361383685487513,0.0,direct,0.1537267921975506,0.10699315191464198,0.2064180340420072
1,bnci004,MMP_moe,CSP,svm_radial,coral,7,0,0,10873,0.05,no_leakage_v1_alpha005,gate_all_sources_proxy_source_only_final_training_only,mmd,,,,,moe,coral,near_nearest_proxy,main,1.0,2,2train,far,False,,0.0,direct,0.2721684990327192,0.21696356722153842,0.3278100465883727
1,bnci004,MMP_moe,CSP,svm_radial,coral,7,0,0,10873,0.05,no_leakage_v1_alpha005,gate_all_sources_proxy_source_only_final_training_only,mmd,,,,,moe,coral,near_nearest_proxy,anchor,1.0,2,2train,not_used,False,,0.0,direct,0.2721684990327192,0.21696356722153842,0.3278100465883727
1,bnci004,MMP_moe,CSP,svm_radial,coral,7,0,0,10873,0.05,no_leakage_v1_alpha005,gate_all_sources_proxy_source_only_final_training_only,mmd,,,,,moe,coral,near_nearest_proxy,final,1.0,2,2train,not_used,False,,0.0,direct,0.2721684990327192,0.21696356722153842,0.3278100465883727
1,bnci004,MMP_moe,CSP,svm_radial,coral,7,0,0,10873,0.05,no_leakage_v1_alpha005,gate_all_sources_proxy_source_only_final_training_only,mmd,,,,,moe,coral,near_nearest_proxy,main,2.0,3,3test,far,False,,0.0,direct,0.42929775276433846,0.37137653953913285,0.48465282323207515
1,bnci004,MMP_moe,CSP,svm_radial,coral,7,0,0,10873,0.05,no_leakage_v1_alpha005,gate_all_sources_proxy_source_only_final_training_only,mmd,,,,,moe,coral,near_nearest_proxy,anchor,2.0,3,3test,not_used,False,,0.0,direct,0.42929775276433846,0.37137653953913285,0.48465282323207515
1,bnci004,MMP_moe,CSP,svm_radial,coral,7,0,0,10873,0.05,no_leakage_v1_alpha005,gate_all_sources_proxy_source_only_final_training_only,mmd,,,,,moe,coral,near_nearest_proxy,final,2.0,3,3test,not_used,False,,0.0,direct,0.42929775276433846,0.37137653953913285,0.48465282323207515
1,bnci004,MMP_moe,CSP,svm_radial,coral,7,0,0,10873,0.05,no_leakage_v1_alpha005,gate_all_sources_proxy_source_only_final_training_only,mmd,,,,,moe,coral,near_nearest_proxy,main,3.0,4,4test,near,False,0.4638616314512487,0.0,direct,0.17767993353946307,0.13222837895191522,0.2354073088824031
1,bnci004,MMP_moe,CSP,svm_radial,coral,7,0,0,10873,0.05,no_leakage_v1_alpha005,gate_all_sources_proxy_source_only_final_training_only,mmd,,,,,moe,coral,near_nearest_proxy,anchor,3.0,4,4test,proxy_source,False,1.0,0.0,direct,0.17767993353946307,0.13222837895191522,0.2354073088824031
1,bnci004,MMP_moe,CSP,svm_radial,coral,7,0,0,10873,0.05,no_leakage_v1_alpha005,gate_all_sources_proxy_source_only_final_training_only,mmd,,,,,moe,coral,near_nearest_proxy,final,3.0,4,4test,train,False,0.4638616314512487,0.0,direct,0.17767993353946307,0.13222837895191522,0.2354073088824031
1,bnci004,MMP_moe,CSP,svm_radial,coral,7,0,0,10873,0.05,no_leakage_v1_alpha005,gate_all_sources_proxy_source_only_final_training_only,mmd,,,,,moe,coral,near_nearest_proxy,main,,0,0train,target,False,,,,,,
1,bnci004,MMP_moe,CSP,svm_radial,coral,7,0,0,10873,0.05,no_leakage_v1_alpha005,gate_all_sources_proxy_source_only_final_training_only,mmd,,,,,moe,coral,near_nearest_proxy,final,,0,0train,target,False,,,,,,
1,bnci004,MMP_moe,CSP,svm_radial,coral,7,1,1,10904,0.05,no_leakage_v1_alpha005,gate_all_sources_proxy_source_only_final_training_only,mmd,,,,,moe,coral,near_nearest_proxy,main,0.0,0,0train,nearest,True,1.0,1.0,direct,0.14220768577742887,0.10050744367715637,0.18897858818050262
1,bnci004,MMP_moe,CSP,svm_radial,coral,7,1,1,10904,0.05,no_leakage_v1_alpha005,gate_all_sources_proxy_source_only_final_training_only,mmd,,,,,moe,coral,near_nearest_proxy,anchor,0.0,0,0train,target,False,,1.0,direct,0.14220768577742887,0.10050744367715637,0.18897858818050262
1,bnci004,MMP_moe,CSP,svm_radial,coral,7,1,1,10904,0.05,no_leakage_v1_alpha005,gate_all_sources_proxy_source_only_final_training_only,mmd,,,,,moe,coral,near_nearest_proxy,final,0.0,0,0train,train,True,1.0,1.0,direct,0.14220768577742887,0.10050744367715637,0.18897858818050262
1,bnci004,MMP_moe,CSP,svm_radial,coral,7,1,1,10904,0.05,no_leakage_v1_alpha005,gate_all_sources_proxy_source_only_final_training_only,mmd,,,,,moe,coral,near_nearest_proxy,main,1.0,2,2train,far,False,,1.0,direct,0.32199549104251074,0.25418502014153915,0.3707925049947827
1,bnci004,MMP_moe,CSP,svm_radial,coral,7,1,1,10904,0.05,no_leakage_v1_alpha005,gate_all_sources_proxy_source_only_final_training_only,mmd,,,,,moe,coral,near_nearest_proxy,anchor,1.0,2,2train,not_used,False,,1.0,direct,0.32199549104251074,0.25418502014153915,0.3707925049947827
1,bnci004,MMP_moe,CSP,svm_radial,coral,7,1,1,10904,0.05,no_leakage_v1_alpha005,gate_all_sources_proxy_source_only_final_training_only,mmd,,,,,moe,coral,near_nearest_proxy,final,1.0,2,2train,not_used,False,,1.0,direct,0.32199549104251074,0.25418502014153915,0.3707925049947827
1,bnci004,MMP_moe,CSP,svm_radial,coral,7,1,1,10904,0.05,no_leakage_v1_alpha005,gate_all_sources_proxy_source_only_final_training_only,mmd,,,,,moe,coral,near_nearest_proxy,main,2.0,3,3test,far,False,,1.0,direct,0.4318698330384254,0.3872295532660658,0.4761026270185631
1,bnci004,MMP_moe,CSP,svm_radial,coral,7,1,1,10904,0.05,no_leakage_v1_alpha005,gate_all_sources_proxy_source_only_final_training_only,mmd,,,,,moe,coral,near_nearest_proxy,anchor,2.0,3,3test,not_used,False,,1.0,direct,0.4318698330384254,0.3872295532660658,0.4761026270185631
1,bnci004,MMP_moe,CSP,svm_radial,coral,7,1,1,10904,0.05,no_leakage_v1_alpha005,gate_all_sources_proxy_source_only_final_training_only,mmd,,,,,moe,coral,near_nearest_proxy,final,2.0,3,3test,not_used,False,,1.0,direct,0.4318698330384254,0.3872295532660658,0.4761026270185631
1,bnci004,MMP_moe,CSP,svm_radial,coral,7,1,1,10904,0.05,no_leakage_v1_alpha005,gate_all_sources_proxy_source_only_final_training_only,mmd,,,,,moe,coral,near_nearest_proxy,main,3.0,4,4test,far,False,,1.0,direct,0.30630864485802883,0.25256772894145346,0.36495310068369863
1,bnci004,MMP_moe,CSP,svm_radial,coral,7,1,1,10904,0.05,no_leakage_v1_alpha005,gate_all_sources_proxy_source_only_final_training_only,mmd,,,,,moe,coral,near_nearest_proxy,anchor,3.0,4,4test,second_nearest_fallback_source,False,1.0,1.0,direct,0.30630864485802883,0.25256772894145346,0.36495310068369863
1,bnci004,MMP_moe,CSP,svm_radial,coral,7,1,1,10904,0.05,no_leakage_v1_alpha005,gate_all_sources_proxy_source_only_final_training_only,mmd,,,,,moe,coral,near_nearest_proxy,final,3.0,4,4test,not_used,False,,1.0,direct,0.30630864485802883,0.25256772894145346,0.36495310068369863
1,bnci004,MMP_moe,CSP,svm_radial,coral,7,1,1,10904,0.05,no_leakage_v1_alpha005,gate_all_sources_proxy_source_only_final_training_only,mmd,,,,,moe,coral,near_nearest_proxy,main,,1,1train,target,False,,,,,,
1,bnci004,MMP_moe,CSP,svm_radial,coral,7,1,1,10904,0.05,no_leakage_v1_alpha005,gate_all_sources_proxy_source_only_final_training_only,mmd,,,,,moe,coral,near_nearest_proxy,final,,1,1train,target,False,,,,,,
1,bnci004,MMP_moe,CSP,svm_radial,coral,7,2,2,10935,0.05,no_leakage_v1_alpha005,gate_all_sources_proxy_source_only_final_training_only,mmd,,,,,moe,coral,near_nearest_proxy,main,0.0,0,0train,near,False,0.35540728533089433,2.0,direct,0.20209769261856608,0.15637805891821954,0.24789363358106348
1,bnci004,MMP_moe,CSP,svm_radial,coral,7,2,2,10935,0.05,no_leakage_v1_alpha005,gate_all_sources_proxy_source_only_final_training_only,mmd,,,,,moe,coral,near_nearest_proxy,anchor,0.0,0,0train,proxy_source,False,0.5531364357871542,2.0,direct,0.20209769261856608,0.15637805891821954,0.24789363358106348
1,bnci004,MMP_moe,CSP,svm_radial,coral,7,2,2,10935,0.05,no_leakage_v1_alpha005,gate_all_sources_proxy_source_only_final_training_only,mmd,,,,,moe,coral,near_nearest_proxy,final,0.0,0,0train,train,False,0.35540728533089433,2.0,direct,0.20209769261856608,0.15637805891821954,0.24789363358106348
1,bnci004,MMP_moe,CSP,svm_radial,coral,7,2,2,10935,0.05,no_leakage_v1_alpha005,gate_all_sources_proxy_source_only_final_training_only,mmd,,,,,moe,coral,near_nearest_proxy,main,1.0,1,1train,far,False,,2.0,direct,0.33873243731332003,0.2798730237381848,0.39058288838421884
1,bnci004,MMP_moe,CSP,svm_radial,coral,7,2,2,10935,0.05,no_leakage_v1_alpha005,gate_all_sources_proxy_source_only_final_training_only,mmd,,,,,moe,coral,near_nearest_proxy,anchor,1.0,1,1train,not_used,False,,2.0,direct,0.33873243731332003,0.2798730237381848,0.39058288838421884
1,bnci004,MMP_moe,CSP,svm_radial,coral,7,2,2,10935,0.05,no_leakage_v1_alpha005,gate_all_sources_proxy_source_only_final_training_only,mmd,,,,,moe,coral,near_nearest_proxy,final,1.0,1,1train,not_used,False,,2.0,direct,0.33873243731332003,0.2798730237381848,0.39058288838421884
1,bnci004,MMP_moe,CSP,svm_radial,coral,7,2,2,10935,0.05,no_leakage_v1_alpha005,gate_all_sources_proxy_source_only_final_training_only,mmd,,,,,moe,coral,near_nearest_proxy,main,2.0,3,3test,nearest,True,0.35746903957768866,2.0,direct,0.20093205925834506,0.1623857497536647,0.2525864661708435
1,bnci004,MMP_moe,CSP,svm_radial,coral,7,2,2,10935,0.05,no_leakage_v1_alpha005,gate_all_sources_proxy_source_only_final_training_only,mmd,,,,,moe,coral,near_nearest_proxy,anchor,2.0,3,3test,target,False,,2.0,direct,0.20093205925834506,0.1623857497536647,0.2525864661708435
1,bnci004,MMP_moe,CSP,svm_radial,coral,7,2,2,10935,0.05,no_leakage_v1_alpha005,gate_all_sources_proxy_source_only_final_training_only,mmd,,,,,moe,coral,near_nearest_proxy,final,2.0,3,3test,train,True,0.35746903957768866,2.0,direct,0.20093205925834506,0.1623857497536647,0.2525864661708435
1,bnci004,MMP_moe,CSP,svm_radial,coral,7,2,2,10935,0.05,no_leakage_v1_alpha005,gate_all_sources_proxy_source_only_final_training_only,mmd,,,,,moe,coral,near_nearest_proxy,main,3.0,4,4test,near,False,0.287123675091417,2.0,direct,0.2501607036269071,0.19248131850878275,0.30496467807950495
1,bnci004,MMP_moe,CSP,svm_radial,coral,7,2,2,10935,0.05,no_leakage_v1_alpha005,gate_all_sources_proxy_source_only_final_training_only,mmd,,,,,moe,coral,near_nearest_proxy,anchor,3.0,4,4test,proxy_source,False,0.4468635642128458,2.0,direct,0.2501607036269071,0.19248131850878275,0.30496467807950495
1,bnci004,MMP_moe,CSP,svm_radial,coral,7,2,2,10935,0.05,no_leakage_v1_alpha005,gate_all_sources_proxy_source_only_final_training_only,mmd,,,,,moe,coral,near_nearest_proxy,final,3.0,4,4test,train,False,0.287123675091417,2.0,direct,0.2501607036269071,0.19248131850878275,0.30496467807950495
1,bnci004,MMP_moe,CSP,svm_radial,coral,7,2,2,10935,0.05,no_leakage_v1_alpha005,gate_all_sources_proxy_source_only_final_training_only,mmd,,,,,moe,coral,near_nearest_proxy,main,,2,2train,target,False,,,,,,
1,bnci004,MMP_moe,CSP,svm_radial,coral,7,2,2,10935,0.05,no_leakage_v1_alpha005,gate_all_sources_proxy_source_only_final_training_only,mmd,,,,,moe,coral,near_nearest_proxy,final,,2,2train,target,False,,,,,,
1,bnci004,MMP_moe,CSP,svm_radial,coral,7,3,3,10966,0.05,no_leakage_v1_alpha005,gate_all_sources_proxy_source_only_final_training_only,mmd,,,,,moe,coral,near_nearest_proxy,main,0.0,0,0train,far,False,,3.0,direct,0.34037264994567196,0.2937387549912281,0.3873948837021337
1,bnci004,MMP_moe,CSP,svm_radial,coral,7,3,3,10966,0.05,no_leakage_v1_alpha005,gate_all_sources_proxy_source_only_final_training_only,mmd,,,,,moe,coral,near_nearest_proxy,anchor,0.0,0,0train,second_nearest_fallback_source,False,1.0,3.0,direct,0.34037264994567196,0.2937387549912281,0.3873948837021337
1,bnci004,MMP_moe,CSP,svm_radial,coral,7,3,3,10966,0.05,no_leakage_v1_alpha005,gate_all_sources_proxy_source_only_final_training_only,mmd,,,,,moe,coral,near_nearest_proxy,final,0.0,0,0train,not_used,False,,3.0,direct,0.34037264994567196,0.2937387549912281,0.3873948837021337
1,bnci004,MMP_moe,CSP,svm_radial,coral,7,3,3,10966,0.05,no_leakage_v1_alpha005,gate_all_sources_proxy_source_only_final_training_only,mmd,,,,,moe,coral,near_nearest_proxy,main,1.0,1,1train,far,False,,3.0,direct,0.501002586293032,0.45377934015799826,0.5549367568383686
1,bnci004,MMP_moe,CSP,svm_radial,coral,7,3,3,10966,0.05,no_leakage_v1_alpha005,gate_all_sources_proxy_source_only_final_training_only,mmd,,,,,moe,coral,near_nearest_proxy,anchor,1.0,1,1train,not_used,False,,3.0,direct,0.501002586293032,0.45377934015799826,0.5549367568383686
1,bnci004,MMP_moe,CSP,svm_radial,coral,7,3,3,10966,0.05,no_leakage_v1_alpha005,gate_all_sources_proxy_source_only_final_training_only,mmd,,,,,moe,coral,near_nearest_proxy,final,1.0,1,1train,not_used,False,,3.0,direct,0.501002586293032,0.45377934015799826,0.5549367568383686
1,bnci004,MMP_moe,CSP,svm_radial,coral,7,3,3,10966,0.05,no_leakage_v1_alpha005,gate_all_sources_proxy_source_only_final_training_only,mmd,,,,,moe,coral,near_nearest_proxy,main,2.0,2,2train,nearest,True,1.0,3.0,direct,0.21924684210700776,0.174307905992229,0.2768787602181051
1,bnci004,MMP_moe,CSP,svm_radial,coral,7,3,3,10966,0.05,no_leakage_v1_alpha005,gate_all_sources_proxy_source_only_final_training_only,mmd,,,,,moe,coral,near_nearest_proxy,anchor,2.0,2,2train,target,False,,3.0,direct,0.21924684210700776,0.174307905992229,0.2768787602181051
1,bnci004,MMP_moe,CSP,svm_radial,coral,7,3,3,10966,0.05,no_leakage_v1_alpha005,gate_all_sources_proxy_source_only_final_training_only,mmd,,,,,moe,coral,near_nearest_proxy,final,2.0,2,2train,train,True,1.0,3.0,direct,0.21924684210700776,0.174307905992229,0.2768787602181051
1,bnci004,MMP_moe,CSP,svm_radial,coral,7,3,3,10966,0.05,no_leakage_v1_alpha005,gate_all_sources_proxy_source_only_final_training_only,mmd,,,,,moe,coral,near_nearest_proxy,main,3.0,4,4test,far,False,,3.0,direct,0.37160765968936793,0.31696620238704226,0.4222140484789824
1,bnci004,MMP_moe,CSP,svm_radial,coral,7,3,3,10966,0.05,no_leakage_v1_alpha005,gate_all_sources_proxy_source_only_final_training_only,mmd,,,,,moe,coral,near_nearest_proxy,anchor,3.0,4,4test,not_used,False,,3.0,direct,0.37160765968936793,0.31696620238704226,0.4222140484789824
1,bnci004,MMP_moe,CSP,svm_radial,coral,7,3,3,10966,0.05,no_leakage_v1_alpha005,gate_all_sources_proxy_source_only_final_training_only,mmd,,,,,moe,coral,near_nearest_proxy,final,3.0,4,4test,not_used,False,,3.0,direct,0.37160765968936793,0.31696620238704226,0.4222140484789824
1,bnci004,MMP_moe,CSP,svm_radial,coral,7,3,3,10966,0.05,no_leakage_v1_alpha005,gate_all_sources_proxy_source_only_final_training_only,mmd,,,,,moe,coral,near_nearest_proxy,main,,3,3test,target,False,,,,,,
1,bnci004,MMP_moe,CSP,svm_radial,coral,7,3,3,10966,0.05,no_leakage_v1_alpha005,gate_all_sources_proxy_source_only_final_training_only,mmd,,,,,moe,coral,near_nearest_proxy,final,,3,3test,target,False,,,,,,
1,bnci004,MMP_moe,CSP,svm_radial,coral,7,4,4,10997,0.05,no_leakage_v1_alpha005,gate_all_sources_proxy_source_only_final_training_only,mmd,,,,,moe,coral,near_nearest_proxy,main,0.0,0,0train,nearest,True,0.6066769489994509,4.0,direct,0.14055414039402792,0.10926043482628142,0.18232217186936278
1,bnci004,MMP_moe,CSP,svm_radial,coral,7,4,4,10997,0.05,no_leakage_v1_alpha005,gate_all_sources_proxy_source_only_final_training_only,mmd,,,,,moe,coral,near_nearest_proxy,anchor,0.0,0,0train,target,False,,4.0,direct,0.14055414039402792,0.10926043482628142,0.18232217186936278
1,bnci004,MMP_moe,CSP,svm_radial,coral,7,4,4,10997,0.05,no_leakage_v1_alpha005,gate_all_sources_proxy_source_only_final_training_only,mmd,,,,,moe,coral,near_nearest_proxy,final,0.0,0,0train,train,True,0.6066769489994509,4.0,direct,0.14055414039402792,0.10926043482628142,0.18232217186936278
1,bnci004,MMP_moe,CSP,svm_radial,coral,7,4,4,10997,0.05,no_leakage_v1_alpha005,gate_all_sources_proxy_source_only_final_training_only,mmd,,,,,moe,coral,near_nearest_proxy,main,1.0,1,1train,far,False,,4.0,direct,0.30426014035013516,0.2531523852134365,0.3581341336194787
1,bnci004,MMP_moe,CSP,svm_radial,coral,7,4,4,10997,0.05,no_leakage_v1_alpha005,gate_all_sources_proxy_source_only_final_training_only,mmd,,,,,moe,coral,near_nearest_proxy,anchor,1.0,1,1train,not_used,False,,4.0,direct,0.30426014035013516,0.2531523852134365,0.3581341336194787
1,bnci004,MMP_moe,CSP,svm_radial,coral,7,4,4,10997,0.05,no_leakage_v1_alpha005,gate_all_sources_proxy_source_only_final_training_only,mmd,,,,,moe,coral,near_nearest_proxy,final,1.0,1,1train,not_used,False,,4.0,direct,0.30426014035013516,0.2531523852134365,0.3581341336194787
1,bnci004,MMP_moe,CSP,svm_radial,coral,7,4,4,10997,0.05,no_leakage_v1_alpha005,gate_all_sources_proxy_source_only_final_training_only,mmd,,,,,moe,coral,near_nearest_proxy,main,2.0,2,2train,near,False,0.39332305100054915,4.0,direct,0.2167967786288434,0.16877308064505284,0.2647220931080574
1,bnci004,MMP_moe,CSP,svm_radial,coral,7,4,4,10997,0.05,no_leakage_v1_alpha005,gate_all_sources_proxy_source_only_final_training_only,mmd,,,,,moe,coral,near_nearest_proxy,anchor,2.0,2,2train,proxy_source,False,1.0,4.0,direct,0.2167967786288434,0.16877308064505284,0.2647220931080574
1,bnci004,MMP_moe,CSP,svm_radial,coral,7,4,4,10997,0.05,no_leakage_v1_alpha005,gate_all_sources_proxy_source_only_final_training_only,mmd,,,,,moe,coral,near_nearest_proxy,final,2.0,2,2train,train,False,0.39332305100054915,4.0,direct,0.2167967786288434,0.16877308064505284,0.2647220931080574
1,bnci004,MMP_moe,CSP,svm_radial,coral,7,4,4,10997,0.05,no_leakage_v1_alpha005,gate_all_sources_proxy_source_only_final_training_only,mmd,,,,,moe,coral,near_nearest_proxy,main,3.0,3,3test,far,False,,4.0,direct,0.3447446672323678,0.29383832061945203,0.39423208421021105
1,bnci004,MMP_moe,CSP,svm_radial,coral,7,4,4,10997,0.05,no_leakage_v1_alpha005,gate_all_sources_proxy_source_only_final_training_only,mmd,,,,,moe,coral,near_nearest_proxy,anchor,3.0,3,3test,not_used,False,,4.0,direct,0.3447446672323678,0.29383832061945203,0.39423208421021105
1,bnci004,MMP_moe,CSP,svm_radial,coral,7,4,4,10997,0.05,no_leakage_v1_alpha005,gate_all_sources_proxy_source_only_final_training_only,mmd,,,,,moe,coral,near_nearest_proxy,final,3.0,3,3test,not_used,False,,4.0,direct,0.3447446672323678,0.29383832061945203,0.39423208421021105
1,bnci004,MMP_moe,CSP,svm_radial,coral,7,4,4,10997,0.05,no_leakage_v1_alpha005,gate_all_sources_proxy_source_only_final_training_only,mmd,,,,,moe,coral,near_nearest_proxy,main,,4,4test,target,False,,,,,,
1,bnci004,MMP_moe,CSP,svm_radial,coral,7,4,4,10997,0.05,no_leakage_v1_alpha005,gate_all_sources_proxy_source_only_final_training_only,mmd,,,,,moe,coral,near_nearest_proxy,final,,4,4test,target,False,,,,,,
1,bnci004,MMP_moe,logvar,lda,none,8,0,0,11870,0.05,no_leakage_v1_alpha005,gate_all_sources_proxy_source_only_final_training_only,mmd,,,,,moe,coral,near_nearest_proxy,main,0.0,1,1train,nearest,True,0.5930615040840714,0.0,direct,0.14160058326923364,0.09825650745640334,0.189283980216485
1,bnci004,MMP_moe,logvar,lda,none,8,0,0,11870,0.05,no_leakage_v1_alpha005,gate_all_sources_proxy_source_only_final_training_only,mmd,,,,,moe,coral,near_nearest_proxy,anchor,0.0,1,1train,target,False,,0.0,direct,0.14160058326923364,0.09825650745640334,0.189283980216485
1,bnci004,MMP_moe,logvar,lda,none,8,0,0,11870,0.05,no_leakage_v1_alpha005,gate_all_sources_proxy_source_only_final_training_only,mmd,,,,,moe,coral,near_nearest_proxy,final,0.0,1,1train,train,True,0.5930615040840714,0.0,direct,0.14160058326923364,0.09825650745640334,0.189283980216485
1,bnci004,MMP_moe,logvar,lda,none,8,0,0,11870,0.05,no_leakage_v1_alpha005,gate_all_sources_proxy_source_only_final_training_only,mmd,,,,,moe,coral,near_nearest_proxy,main,1.0,2,2train,far,False,,0.0,direct,0.3649747697072713,0.29324936948896113,0.44984438359092993
1,bnci004,MMP_moe,logvar,lda,none,8,0,0,11870,0.05,no_leakage_v1_alpha005,gate_all_sources_proxy_source_only_final_training_only,mmd,,,,,moe,coral,near_nearest_proxy,anchor,1.0,2,2train,not_used,False,,0.0,direct,0.3649747697072713,0.29324936948896113,0.44984438359092993
1,bnci004,MMP_moe,logvar,lda,none,8,0,0,11870,0.05,no_leakage_v1_alpha005,gate_all_sources_proxy_source_only_final_training_only,mmd,,,,,moe,coral,near_nearest_proxy,final,1.0,2,2train,not_used,False,,0.0,direct,0.3649747697072713,0.29324936948896113,0.44984438359092993
1,bnci004,MMP_moe,logvar,lda,none,8,0,0,11870,0.05,no_leakage_v1_alpha005,gate_all_sources_proxy_source_only_final_training_only,mmd,,,,,moe,coral,near_nearest_proxy,main,2.0,3,3test,far,False,,0.0,direct,0.6054113705544303,0.5247547441221556,0.680270808735341
1,bnci004,MMP_moe,logvar,lda,none,8,0,0,11870,0.05,no_leakage_v1_alpha005,gate_all_sources_proxy_source_only_final_training_only,mmd,,,,,moe,coral,near_nearest_proxy,anchor,2.0,3,3test,not_used,False,,0.0,direct,0.6054113705544303,0.5247547441221556,0.680270808735341
1,bnci004,MMP_moe,logvar,lda,none,8,0,0,11870,0.05,no_leakage_v1_alpha005,gate_all_sources_proxy_source_only_final_training_only,mmd,,,,,moe,coral,near_nearest_proxy,final,2.0,3,3test,not_used,False,,0.0,direct,0.6054113705544303,0.5247547441221556,0.680270808735341
1,bnci004,MMP_moe,logvar,lda,none,8,0,0,11870,0.05,no_leakage_v1_alpha005,gate_all_sources_proxy_source_only_final_training_only,mmd,,,,,moe,coral,near_nearest_proxy,main,3.0,4,4test,near,False,0.4069384959159286,0.0,direct,0.20636543816486483,0.1460402100631077,0.27307900290954196
1,bnci004,MMP_moe,logvar,lda,none,8,0,0,11870,0.05,no_leakage_v1_alpha005,gate_all_sources_proxy_source_only_final_training_only,mmd,,,,,moe,coral,near_nearest_proxy,anchor,3.0,4,4test,proxy_source,False,1.0,0.0,direct,0.20636543816486483,0.1460402100631077,0.27307900290954196
1,bnci004,MMP_moe,logvar,lda,none,8,0,0,11870,0.05,no_leakage_v1_alpha005,gate_all_sources_proxy_source_only_final_training_only,mmd,,,,,moe,coral,near_nearest_proxy,final,3.0,4,4test,train,False,0.4069384959159286,0.0,direct,0.20636543816486483,0.1460402100631077,0.27307900290954196
1,bnci004,MMP_moe,logvar,lda,none,8,0,0,11870,0.05,no_leakage_v1_alpha005,gate_all_sources_proxy_source_only_final_training_only,mmd,,,,,moe,coral,near_nearest_proxy,main,,0,0train,target,False,,,,,,
1,bnci004,MMP_moe,logvar,lda,none,8,0,0,11870,0.05,no_leakage_v1_alpha005,gate_all_sources_proxy_source_only_final_training_only,mmd,,,,,moe,coral,near_nearest_proxy,final,,0,0train,target,False,,,,,,
1,bnci004,MMP_moe,logvar,lda,none,8,1,1,11901,0.05,no_leakage_v1_alpha005,gate_all_sources_proxy_source_only_final_training_only,mmd,,,,,moe,coral,near_nearest_proxy,main,0.0,0,0train,nearest,True,1.0,1.0,direct,0.14184078811132012,0.10658294937035659,0.18460718101184484
1,bnci004,MMP_moe,logvar,lda,none,8,1,1,11901,0.05,no_leakage_v1_alpha005,gate_all_sources_proxy_source_only_final_training_only,mmd,,,,,moe,coral,near_nearest_proxy,anchor,0.0,0,0train,target,False,,1.0,direct,0.14184078811132012,0.10658294937035659,0.18460718101184484
1,bnci004,MMP_moe,logvar,lda,none,8,1,1,11901,0.05,no_leakage_v1_alpha005,gate_all_sources_proxy_source_only_final_training_only,mmd,,,,,moe,coral,near_nearest_proxy,final,0.0,0,0train,train,True,1.0,1.0,direct,0.14184078811132012,0.10658294937035659,0.18460718101184484
1,bnci004,MMP_moe,logvar,lda,none,8,1,1,11901,0.05,no_leakage_v1_alpha005,gate_all_sources_proxy_source_only_final_training_only,mmd,,,,,moe,coral,near_nearest_proxy,main,1.0,2,2train,far,False,,1.0,direct,0.39960639756008176,0.32153533047832233,0.4820849170309007
1,bnci004,MMP_moe,logvar,lda,none,8,1,1,11901,0.05,no_leakage_v1_alpha005,gate_all_sources_proxy_source_only_final_training_only,mmd,,,,,moe,coral,near_nearest_proxy,anchor,1.0,2,2train,not_used,False,,1.0,direct,0.39960639756008176,0.32153533047832233,0.4820849170309007
1,bnci004,MMP_moe,logvar,lda,none,8,1,1,11901,0.05,no_leakage_v1_alpha005,gate_all_sources_proxy_source_only_final_training_only,mmd,,,,,moe,coral,near_nearest_proxy,final,1.0,2,2train,not_used,False,,1.0,direct,0.39960639756008176,0.32153533047832233,0.4820849170309007
1,bnci004,MMP_moe,logvar,lda,none,8,1,1,11901,0.05,no_leakage_v1_alpha005,gate_all_sources_proxy_source_only_final_training_only,mmd,,,,,moe,coral,near_nearest_proxy,main,2.0,3,3test,far,False,,1.0,direct,0.7049293730435724,0.6364305353226104,0.7925147833047178
1,bnci004,MMP_moe,logvar,lda,none,8,1,1,11901,0.05,no_leakage_v1_alpha005,gate_all_sources_proxy_source_only_final_training_only,mmd,,,,,moe,coral,near_nearest_proxy,anchor,2.0,3,3test,not_used,False,,1.0,direct,0.7049293730435724,0.6364305353226104,0.7925147833047178
1,bnci004,MMP_moe,logvar,lda,none,8,1,1,11901,0.05,no_leakage_v1_alpha005,gate_all_sources_proxy_source_only_final_training_only,mmd,,,,,moe,coral,near_nearest_proxy,final,2.0,3,3test,not_used,False,,1.0,direct,0.7049293730435724,0.6364305353226104,0.7925147833047178
1,bnci004,MMP_moe,logvar,lda,none,8,1,1,11901,0.05,no_leakage_v1_alpha005,gate_all_sources_proxy_source_only_final_training_only,mmd,,,,,moe,coral,near_nearest_proxy,main,3.0,4,4test,far,False,,1.0,direct,0.35137501540547506,0.2859675078478247,0.4243104334214451
1,bnci004,MMP_moe,logvar,lda,none,8,1,1,11901,0.05,no_leakage_v1_alpha005,gate_all_sources_proxy_source_only_final_training_only,mmd,,,,,moe,coral,near_nearest_proxy,anchor,3.0,4,4test,second_nearest_fallback_source,False,1.0,1.0,direct,0.35137501540547506,0.2859675078478247,0.4243104334214451
1,bnci004,MMP_moe,logvar,lda,none,8,1,1,11901,0.05,no_leakage_v1_alpha005,gate_all_sources_proxy_source_only_final_training_only,mmd,,,,,moe,coral,near_nearest_proxy,final,3.0,4,4test,not_used,False,,1.0,direct,0.35137501540547506,0.2859675078478247,0.4243104334214451
1,bnci004,MMP_moe,logvar,lda,none,8,1,1,11901,0.05,no_leakage_v1_alpha005,gate_all_sources_proxy_source_only_final_training_only,mmd,,,,,moe,coral,near_nearest_proxy,main,,1,1train,target,False,,,,,,
1,bnci004,MMP_moe,logvar,lda,none,8,1,1,11901,0.05,no_leakage_v1_alpha005,gate_all_sources_proxy_source_only_final_training_only,mmd,,,,,moe,coral,near_nearest_proxy,final,,1,1train,target,False,,,,,,
1,bnci004,MMP_moe,logvar,lda,none,8,2,2,11932,0.05,no_leakage_v1_alpha005,gate_all_sources_proxy_source_only_final_training_only,mmd,,,,,moe,coral,near_nearest_proxy,main,0.0,0,0train,near,False,0.23513240733136145,2.0,direct,0.21874790344285067,0.1798047272948753,0.2568051969352178
1,bnci004,MMP_moe,logvar,lda,none,8,2,2,11932,0.05,no_leakage_v1_alpha005,gate_all_sources_proxy_source_only_final_training_only,mmd,,,,,moe,coral,near_nearest_proxy,anchor,0.0,0,0train,proxy_source,False,0.33889110179336734,2.0,direct,0.21874790344285067,0.1798047272948753,0.2568051969352178
1,bnci004,MMP_moe,logvar,lda,none,8,2,2,11932,0.05,no_leakage_v1_alpha005,gate_all_sources_proxy_source_only_final_training_only,mmd,,,,,moe,coral,near_nearest_proxy,final,0.0,0,0train,train,False,0.23513240733136145,2.0,direct,0.21874790344285067,0.1798047272948753,0.2568051969352178
1,bnci004,MMP_moe,logvar,lda,none,8,2,2,11932,0.05,no_leakage_v1_alpha005,gate_all_sources_proxy_source_only_final_training_only,mmd,,,,,moe,coral,near_nearest_proxy,main,1.0,1,1train,near,False,0.20240460050870734,2.0,direct,0.25411850192011726,0.2056771565170727,0.3227303329454429
1,bnci004,MMP_moe,logvar,lda,none,8,2,2,11932,0.05,no_leakage_v1_alpha005,gate_all_sources_proxy_source_only_final_training_only,mmd,,,,,moe,coral,near_nearest_proxy,anchor,1.0,1,1train,proxy_source,False,0.29172124273697847,2.0,direct,0.25411850192011726,0.2056771565170727,0.3227303329454429
1,bnci004,MMP_moe,logvar,lda,none,8,2,2,11932,0.05,no_leakage_v1_alpha005,gate_all_sources_proxy_source_only_final_training_only,mmd,,,,,moe,coral,near_nearest_proxy,final,1.0,1,1train,train,False,0.20240460050870734,2.0,direct,0.25411850192011726,0.2056771565170727,0.3227303329454429
1,bnci004,MMP_moe,logvar,lda,none,8,2,2,11932,0.05,no_leakage_v1_alpha005,gate_all_sources_proxy_source_only_final_training_only,mmd,,,,,moe,coral,near_nearest_proxy,main,2.0,3,3test,nearest,True,0.30617119751131994,2.0,direct,0.16799310488542551,0.12161319487590917,0.2195035410693648
1,bnci004,MMP_moe,logvar,lda,none,8,2,2,11932,0.05,no_leakage_v1_alpha005,gate_all_sources_proxy_source_only_final_training_only,mmd,,,,,moe,coral,near_nearest_proxy,anchor,2.0,3,3test,target,False,,2.0,direct,0.16799310488542551,0.12161319487590917,0.2195035410693648
1,bnci004,MMP_moe,logvar,lda,none,8,2,2,11932,0.05,no_leakage_v1_alpha005,gate_all_sources_proxy_source_only_final_training_only,mmd,,,,,moe,coral,near_nearest_proxy,final,2.0,3,3test,train,True,0.30617119751131994,2.0,direct,0.16799310488542551,0.12161319487590917,0.2195035410693648
1,bnci004,MMP_moe,logvar,lda,none,8,2,2,11932,0.05,no_leakage_v1_alpha005,gate_all_sources_proxy_source_only_final_training_only,mmd,,,,,moe,coral,near_nearest_proxy,main,3.0,4,4test,near,False,0.25629179464861135,2.0,direct,0.2006880479585305,0.1528256124488691,0.26152413534068786
1,bnci004,MMP_moe,logvar,lda,none,8,2,2,11932,0.05,no_leakage_v1_alpha005,gate_all_sources_proxy_source_only_final_training_only,mmd,,,,,moe,coral,near_nearest_proxy,anchor,3.0,4,4test,proxy_source,False,0.36938765546965424,2.0,direct,0.2006880479585305,0.1528256124488691,0.26152413534068786
1,bnci004,MMP_moe,logvar,lda,none,8,2,2,11932,0.05,no_leakage_v1_alpha005,gate_all_sources_proxy_source_only_final_training_only,mmd,,,,,moe,coral,near_nearest_proxy,final,3.0,4,4test,train,False,0.25629179464861135,2.0,direct,0.2006880479585305,0.1528256124488691,0.26152413534068786
1,bnci004,MMP_moe,logvar,lda,none,8,2,2,11932,0.05,no_leakage_v1_alpha005,gate_all_sources_proxy_source_only_final_training_only,mmd,,,,,moe,coral,near_nearest_proxy,main,,2,2train,target,False,,,,,,
1,bnci004,MMP_moe,logvar,lda,none,8,2,2,11932,0.05,no_leakage_v1_alpha005,gate_all_sources_proxy_source_only_final_training_only,mmd,,,,,moe,coral,near_nearest_proxy,final,,2,2train,target,False,,,,,,
1,bnci004,MMP_moe,logvar,lda,none,8,3,3,11963,0.05,no_leakage_v1_alpha005,gate_all_sources_proxy_source_only_final_training_only,mmd,,,,,moe,coral,near_nearest_proxy,main,0.0,0,0train,far,False,,3.0,direct,0.3306548430321611,0.28683800375100876,0.37845683773862
1,bnci004,MMP_moe,logvar,lda,none,8,3,3,11963,0.05,no_leakage_v1_alpha005,gate_all_sources_proxy_source_only_final_training_only,mmd,,,,,moe,coral,near_nearest_proxy,anchor,0.0,0,0train,not_used,False,,3.0,direct,0.3306548430321611,0.28683800375100876,0.37845683773862
1,bnci004,MMP_moe,logvar,lda,none,8,3,3,11963,0.05,no_leakage_v1_alpha005,gate_all_sources_proxy_source_only_final_training_only,mmd,,,,,moe,coral,near_nearest_proxy,final,0.0,0,0train,not_used,False,,3.0,direct,0.3306548430321611,0.28683800375100876,0.37845683773862
1,bnci004,MMP_moe,logvar,lda,none,8,3,3,11963,0.05,no_leakage_v1_alpha005,gate_all_sources_proxy_source_only_final_training_only,mmd,,,,,moe,coral,near_nearest_proxy,main,1.0,1,1train,far,False,,3.0,direct,0.39785947502856145,0.3440984573091544,0.45428910456608634
1,bnci004,MMP_moe,logvar,lda,none,8,3,3,11963,0.05,no_leakage_v1_alpha005,gate_all_sources_proxy_source_only_final_training_only,mmd,,,,,moe,coral,near_nearest_proxy,anchor,1.0,1,1train,not_used,False,,3.0,direct,0.39785947502856145,0.3440984573091544,0.45428910456608634
1,bnci004,MMP_moe,logvar,lda,none,8,3,3,11963,0.05,no_leakage_v1_alpha005,gate_all_sources_proxy_source_only_final_training_only,mmd,,,,,moe,coral,near_nearest_proxy,final,1.0,1,1train,not_used,False,,3.0,direct,0.39785947502856145,0.3440984573091544,0.45428910456608634
1,bnci004,MMP_moe,logvar,lda,none,8,3,3,11963,0.05,no_leakage_v1_alpha005,gate_all_sources_proxy_source_only_final_training_only,mmd,,,,,moe,coral,near_nearest_proxy,main,2.0,2,2train,nearest,True,0.5995088734019154,3.0,direct,0.19430517570720682,0.15190739861341537,0.24357520841742142
1,bnci004,MMP_moe,logvar,lda,none,8,3,3,11963,0.05,no_leakage_v1_alpha005,gate_all_sources_proxy_source_only_final_training_only,mmd,,,,,moe,coral,near_nearest_proxy,anchor,2.0,2,2train,target,False,,3.0,direct,0.19430517570720682,0.15190739861341537,0.24357520841742142
1,bnci004,MMP_moe,logvar,lda,none,8,3,3,11963,0.05,no_leakage_v1_alpha005,gate_all_sources_proxy_source_only_final_training_only,mmd,,,,,moe,coral,near_nearest_proxy,final,2.0,2,2train,train,True,0.5995088734019154,3.0,direct,0.19430517570720682,0.15190739861341537,0.24357520841742142
1,bnci004,MMP_moe,logvar,lda,none,8,3,3,11963,0.05,no_leakage_v1_alpha005,gate_all_sources_proxy_source_only_final_training_only,mmd,,,,,moe,coral,near_nearest_proxy,main,3.0,4,4test,near,False,0.4004911265980847,3.0,direct,0.2908625641512345,0.23617866135839632,0.34857422612985767
1,bnci004,MMP_moe,logvar,lda,none,8,3,3,11963,0.05,no_leakage_v1_alpha005,gate_all_sources_proxy_source_only_final_training_only,mmd,,,,,moe,coral,near_nearest_proxy,anchor,3.0,4,4test,proxy_source,False,1.0,3.0,direct,0.2908625641512345,0.23617866135839632,0.34857422612985767
1,bnci004,MMP_moe,logvar,lda,none,8,3,3,11963,0.05,no_leakage_v1_alpha005,gate_all_sources_proxy_source_only_final_training_only,mmd,,,,,moe,coral,near_nearest_proxy,final,3.0,4,4test,train,False,0.4004911265980847,3.0,direct,0.2908625641512345,0.23617866135839632,0.34857422612985767
1,bnci004,MMP_moe,logvar,lda,none,8,3,3,11963,0.05,no_leakage_v1_alpha005,gate_all_sources_proxy_source_only_final_training_only,mmd,,,,,moe,coral,near_nearest_proxy,main,,3,3test,target,False,,,,,,
1,bnci004,MMP_moe,logvar,lda,none,8,3,3,11963,0.05,no_leakage_v1_alpha005,gate_all_sources_proxy_source_only_final_training_only,mmd,,,,,moe,coral,near_nearest_proxy,final,,3,3test,target,False,,,,,,
1,bnci004,MMP_moe,logvar,lda,none,8,4,4,11994,0.05,no_leakage_v1_alpha005,gate_all_sources_proxy_source_only_final_training_only,mmd,,,,,moe,coral,near_nearest_proxy,main,0.0,0,0train,nearest,True,0.5438636124000814,4.0,direct,0.1531271378644936,0.10454257680390676,0.20504184951920593
1,bnci004,MMP_moe,logvar,lda,none,8,4,4,11994,0.05,no_leakage_v1_alpha005,gate_all_sources_proxy_source_only_final_training_only,mmd,,,,,moe,coral,near_nearest_proxy,anchor,0.0,0,0train,target,False,,4.0,direct,0.1531271378644936,0.10454257680390676,0.20504184951920593
1,bnci004,MMP_moe,logvar,lda,none,8,4,4,11994,0.05,no_leakage_v1_alpha005,gate_all_sources_proxy_source_only_final_training_only,mmd,,,,,moe,coral,near_nearest_proxy,final,0.0,0,0train,train,True,0.5438636124000814,4.0,direct,0.1531271378644936,0.10454257680390676,0.20504184951920593
1,bnci004,MMP_moe,logvar,lda,none,8,4,4,11994,0.05,no_leakage_v1_alpha005,gate_all_sources_proxy_source_only_final_training_only,mmd,,,,,moe,coral,near_nearest_proxy,main,1.0,1,1train,far,False,,4.0,direct,0.3035100560787965,0.23980684991486886,0.3691620698516405
1,bnci004,MMP_moe,logvar,lda,none,8,4,4,11994,0.05,no_leakage_v1_alpha005,gate_all_sources_proxy_source_only_final_training_only,mmd,,,,,moe,coral,near_nearest_proxy,anchor,1.0,1,1train,not_used,False,,4.0,direct,0.3035100560787965,0.23980684991486886,0.3691620698516405
1,bnci004,MMP_moe,logvar,lda,none,8,4,4,11994,0.05,no_leakage_v1_alpha005,gate_all_sources_proxy_source_only_final_training_only,mmd,,,,,moe,coral,near_nearest_proxy,final,1.0,1,1train,not_used,False,,4.0,direct,0.3035100560787965,0.23980684991486886,0.3691620698516405
1,bnci004,MMP_moe,logvar,lda,none,8,4,4,11994,0.05,no_leakage_v1_alpha005,gate_all_sources_proxy_source_only_final_training_only,mmd,,,,,moe,coral,near_nearest_proxy,main,2.0,2,2train,near,False,0.45613638759991865,4.0,direct,0.1825777735490367,0.13180212920833728,0.22898074293764473
1,bnci004,MMP_moe,logvar,lda,none,8,4,4,11994,0.05,no_leakage_v1_alpha005,gate_all_sources_proxy_source_only_final_training_only,mmd,,,,,moe,coral,near_nearest_proxy,anchor,2.0,2,2train,proxy_source,False,1.0,4.0,direct,0.1825777735490367,0.13180212920833728,0.22898074293764473
1,bnci004,MMP_moe,logvar,lda,none,8,4,4,11994,0.05,no_leakage_v1_alpha005,gate_all_sources_proxy_source_only_final_training_only,mmd,,,,,moe,coral,near_nearest_proxy,final,2.0,2,2train,train,False,0.45613638759991865,4.0,direct,0.1825777735490367,0.13180212920833728,0.22898074293764473
1,bnci004,MMP_moe,logvar,lda,none,8,4,4,11994,0.05,no_leakage_v1_alpha005,gate_all_sources_proxy_source_only_final_training_only,mmd,,,,,moe,coral,near_nearest_proxy,main,3.0,3,3test,far,False,,4.0,direct,0.3804500199847192,0.3040044321866714,0.4615088084502796
1,bnci004,MMP_moe,logvar,lda,none,8,4,4,11994,0.05,no_leakage_v1_alpha005,gate_all_sources_proxy_source_only_final_training_only,mmd,,,,,moe,coral,near_nearest_proxy,anchor,3.0,3,3test,not_used,False,,4.0,direct,0.3804500199847192,0.3040044321866714,0.4615088084502796
1,bnci004,MMP_moe,logvar,lda,none,8,4,4,11994,0.05,no_leakage_v1_alpha005,gate_all_sources_proxy_source_only_final_training_only,mmd,,,,,moe,coral,near_nearest_proxy,final,3.0,3,3test,not_used,False,,4.0,direct,0.3804500199847192,0.3040044321866714,0.4615088084502796
1,bnci004,MMP_moe,logvar,lda,none,8,4,4,11994,0.05,no_leakage_v1_alpha005,gate_all_sources_proxy_source_only_final_training_only,mmd,,,,,moe,coral,near_nearest_proxy,main,,4,4test,target,False,,,,,,
1,bnci004,MMP_moe,logvar,lda,none,8,4,4,11994,0.05,no_leakage_v1_alpha005,gate_all_sources_proxy_source_only_final_training_only,mmd,,,,,moe,coral,near_nearest_proxy,final,,4,4test,target,False,,,,,,
1,bnci004,MMP_moe,logvar,lda,sa,9,0,0,12867,0.05,no_leakage_v1_alpha005,gate_all_sources_proxy_source_only_final_training_only,mmd,,,,,moe,coral,near_nearest_proxy,main,0.0,1,1train,nearest,True,0.5948026842778226,0.0,direct,0.14158295458133485,0.10436658932437018,0.1894045937495053
1,bnci004,MMP_moe,logvar,lda,sa,9,0,0,12867,0.05,no_leakage_v1_alpha005,gate_all_sources_proxy_source_only_final_training_only,mmd,,,,,moe,coral,near_nearest_proxy,anchor,0.0,1,1train,target,False,,0.0,direct,0.14158295458133485,0.10436658932437018,0.1894045937495053
1,bnci004,MMP_moe,logvar,lda,sa,9,0,0,12867,0.05,no_leakage_v1_alpha005,gate_all_sources_proxy_source_only_final_training_only,mmd,,,,,moe,coral,near_nearest_proxy,final,0.0,1,1train,train,True,0.5948026842778226,0.0,direct,0.14158295458133485,0.10436658932437018,0.1894045937495053
1,bnci004,MMP_moe,logvar,lda,sa,9,0,0,12867,0.05,no_leakage_v1_alpha005,gate_all_sources_proxy_source_only_final_training_only,mmd,,,,,moe,coral,near_nearest_proxy,main,1.0,2,2train,far,False,,0.0,direct,0.3703234007540391,0.2936414650264211,0.44134336685286263
1,bnci004,MMP_moe,logvar,lda,sa,9,0,0,12867,0.05,no_leakage_v1_alpha005,gate_all_sources_proxy_source_only_final_training_only,mmd,,,,,moe,coral,near_nearest_proxy,anchor,1.0,2,2train,not_used,False,,0.0,direct,0.3703234007540391,0.2936414650264211,0.44134336685286263
1,bnci004,MMP_moe,logvar,lda,sa,9,0,0,12867,0.05,no_leakage_v1_alpha005,gate_all_sources_proxy_source_only_final_training_only,mmd,,,,,moe,coral,near_nearest_proxy,final,1.0,2,2train,not_used,False,,0.0,direct,0.3703234007540391,0.2936414650264211,0.44134336685286263
1,bnci004,MMP_moe,logvar,lda,sa,9,0,0,12867,0.05,no_leakage_v1_alpha005,gate_all_sources_proxy_source_only_final_training_only,mmd,,,,,moe,coral,near_nearest_proxy,main,2.0,3,3test,far,False,,0.0,direct,0.601352092407508,0.5287659703152994,0.6789343158987737
1,bnci004,MMP_moe,logvar,lda,sa,9,0,0,12867,0.05,no_leakage_v1_alpha005,gate_all_sources_proxy_source_only_final_training_only,mmd,,,,,moe,coral,near_nearest_proxy,anchor,2.0,3,3test,not_used,False,,0.0,direct,0.601352092407508,0.5287659703152994,0.6789343158987737
1,bnci004,MMP_moe,logvar,lda,sa,9,0,0,12867,0.05,no_leakage_v1_alpha005,gate_all_sources_proxy_source_only_final_training_only,mmd,,,,,moe,coral,near_nearest_proxy,final,2.0,3,3test,not_used,False,,0.0,direct,0.601352092407508,0.5287659703152994,0.6789343158987737
1,bnci004,MMP_moe,logvar,lda,sa,9,0,0,12867,0.05,no_leakage_v1_alpha005,gate_all_sources_proxy_source_only_final_training_only,mmd,,,,,moe,coral,near_nearest_proxy,main,3.0,4,4test,near,False,0.4051973157221775,0.0,direct,0.20783481965629,0.14554927290738623,0.27261322392413956
1,bnci004,MMP_moe,logvar,lda,sa,9,0,0,12867,0.05,no_leakage_v1_alpha005,gate_all_sources_proxy_source_only_final_training_only,mmd,,,,,moe,coral,near_nearest_proxy,anchor,3.0,4,4test,proxy_source,False,1.0,0.0,direct,0.20783481965629,0.14554927290738623,0.27261322392413956
1,bnci004,MMP_moe,logvar,lda,sa,9,0,0,12867,0.05,no_leakage_v1_alpha005,gate_all_sources_proxy_source_only_final_training_only,mmd,,,,,moe,coral,near_nearest_proxy,final,3.0,4,4test,train,False,0.4051973157221775,0.0,direct,0.20783481965629,0.14554927290738623,0.27261322392413956
1,bnci004,MMP_moe,logvar,lda,sa,9,0,0,12867,0.05,no_leakage_v1_alpha005,gate_all_sources_proxy_source_only_final_training_only,mmd,,,,,moe,coral,near_nearest_proxy,main,,0,0train,target,False,,,,,,
1,bnci004,MMP_moe,logvar,lda,sa,9,0,0,12867,0.05,no_leakage_v1_alpha005,gate_all_sources_proxy_source_only_final_training_only,mmd,,,,,moe,coral,near_nearest_proxy,final,,0,0train,target,False,,,,,,
1,bnci004,MMP_moe,logvar,lda,sa,9,1,1,12898,0.05,no_leakage_v1_alpha005,gate_all_sources_proxy_source_only_final_training_only,mmd,,,,,moe,coral,near_nearest_proxy,main,0.0,0,0train,nearest,True,1.0,1.0,direct,0.13720784499343186,0.10072938884793795,0.1813550556935818
1,bnci004,MMP_moe,logvar,lda,sa,9,1,1,12898,0.05,no_leakage_v1_alpha005,gate_all_sources_proxy_source_only_final_training_only,mmd,,,,,moe,coral,near_nearest_proxy,anchor,0.0,0,0train,target,False,,1.0,direct,0.13720784499343186,0.10072938884793795,0.1813550556935818
1,bnci004,MMP_moe,logvar,lda,sa,9,1,1,12898,0.05,no_leakage_v1_alpha005,gate_all_sources_proxy_source_only_final_training_only,mmd,,,,,moe,coral,near_nearest_proxy,final,0.0,0,0train,train,True,1.0,1.0,direct,0.13720784499343186,0.10072938884793795,0.1813550556935818
1,bnci004,MMP_moe,logvar,lda,sa,9,1,1,12898,0.05,no_leakage_v1_alpha005,gate_all_sources_proxy_source_only_final_training_only,mmd,,,,,moe,coral,near_nearest_proxy,main,1.0,2,2train,far,False,,1.0,direct,0.399660509277126,0.3261586396640607,0.47113255405006216
1,bnci004,MMP_moe,logvar,lda,sa,9,1,1,12898,0.05,no_leakage_v1_alpha005,gate_all_sources_proxy_source_only_final_training_only,mmd,,,,,moe,coral,near_nearest_proxy,anchor,1.0,2,2train,not_used,False,,1.0,direct,0.399660509277126,0.3261586396640607,0.47113255405006216
1,bnci004,MMP_moe,logvar,lda,sa,9,1,1,12898,0.05,no_leakage_v1_alpha005,gate_all_sources_proxy_source_only_final_training_only,mmd,,,,,moe,coral,near_nearest_proxy,final,1.0,2,2train,not_used,False,,1.0,direct,0.399660509277126,0.3261586396640607,0.47113255405006216
1,bnci004,MMP_moe,logvar,lda,sa,9,1,1,12898,0.05,no_leakage_v1_alpha005,gate_all_sources_proxy_source_only_final_training_only,mmd,,,,,moe,coral,near_nearest_proxy,main,2.0,3,3test,far,False,,1.0,direct,0.7045698291113064,0.6355902632435018,0.7807959600207411
1,bnci004,MMP_moe,logvar,lda,sa,9,1,1,12898,0.05,no_leakage_v1_alpha005,gate_all_sources_proxy_source_only_final_training_only,mmd,,,,,moe,coral,near_nearest_proxy,anchor,2.0,3,3test,not_used,False,,1.0,direct,0.7045698291113064,0.6355902632435018,0.7807959600207411
1,bnci004,MMP_moe,logvar,lda,sa,9,1,1,12898,0.05,no_leakage_v1_alpha005,gate_all_sources_proxy_source_only_final_training_only,mmd,,,,,moe,coral,near_nearest_proxy,final,2.0,3,3test,not_used,False,,1.0,direct,0.7045698291113064,0.6355902632435018,0.7807959600207411
1,bnci004,MMP_moe,logvar,lda,sa,9,1,1,12898,0.05,no_leakage_v1_alpha005,gate_all_sources_proxy_source_only_final_training_only,mmd,,,,,moe,coral,near_nearest_proxy,main,3.0,4,4test,far,False,,1.0,direct,0.3481755636899052,0.2905230168723058,0.4179913127484771
1,bnci004,MMP_moe,logvar,lda,sa,9,1,1,12898,0.05,no_leakage_v1_alpha005,gate_all_sources_proxy_source_only_final_training_only,mmd,,,,,moe,coral,near_nearest_proxy,anchor,3.0,4,4test,second_nearest_fallback_source,False,1.0,1.0,direct,0.3481755636899052,0.2905230168723058,0.4179913127484771
1,bnci004,MMP_moe,logvar,lda,sa,9,1,1,12898,0.05,no_leakage_v1_alpha005,gate_all_sources_proxy_source_only_final_training_only,mmd,,,,,moe,coral,near_nearest_proxy,final,3.0,4,4test,not_used,False,,1.0,direct,0.3481755636899052,0.2905230168723058,0.4179913127484771
1,bnci004,MMP_moe,logvar,lda,sa,9,1,1,12898,0.05,no_leakage_v1_alpha005,gate_all_sources_proxy_source_only_final_training_only,mmd,,,,,moe,coral,near_nearest_proxy,main,,1,1train,target,False,,,,,,
1,bnci004,MMP_moe,logvar,lda,sa,9,1,1,12898,0.05,no_leakage_v1_alpha005,gate_all_sources_proxy_source_only_final_training_only,mmd,,,,,moe,coral,near_nearest_proxy,final,,1,1train,target,False,,,,,,
1,bnci004,MMP_moe,logvar,lda,sa,9,2,2,12929,0.05,no_leakage_v1_alpha005,gate_all_sources_proxy_source_only_final_training_only,mmd,,,,,moe,coral,near_nearest_proxy,main,0.0,0,0train,near,False,0.23511580551420033,2.0,direct,0.21965609665861735,0.1776854539460491,0.2552153110443716
1,bnci004,MMP_moe,logvar,lda,sa,9,2,2,12929,0.05,no_leakage_v1_alpha005,gate_all_sources_proxy_source_only_final_training_only,mmd,,,,,moe,coral,near_nearest_proxy,anchor,0.0,0,0train,proxy_source,False,0.3387956464406081,2.0,direct,0.21965609665861735,0.1776854539460491,0.2552153110443716
1,bnci004,MMP_moe,logvar,lda,sa,9,2,2,12929,0.05,no_leakage_v1_alpha005,gate_all_sources_proxy_source_only_final_training_only,mmd,,,,,moe,coral,near_nearest_proxy,final,0.0,0,0train,train,False,0.23511580551420033,2.0,direct,0.21965609665861735,0.1776854539460491,0.2552153110443716
1,bnci004,MMP_moe,logvar,lda,sa,9,2,2,12929,0.05,no_leakage_v1_alpha005,gate_all_sources_proxy_source_only_final_training_only,mmd,,,,,moe,coral,near_nearest_proxy,main,1.0,1,1train,near,False,0.2064229643191341,2.0,direct,0.25018848540026484,0.1997022686076712,0.29805535166228536
1,bnci004,MMP_moe,logvar,lda,sa,9,2,2,12929,0.05,no_leakage_v1_alpha005,gate_all_sources_proxy_source_only_final_training_only,mmd,,,,,moe,coral,near_nearest_proxy,anchor,1.0,1,1train,proxy_source,False,0.29745002248461655,2.0,direct,0.25018848540026484,0.1997022686076712,0.29805535166228536
1,bnci004,MMP_moe,logvar,lda,sa,9,2,2,12929,0.05,no_leakage_v1_alpha005,gate_all_sources_proxy_source_only_final_training_only,mmd,,,,,moe,coral,near_nearest_proxy,final,1.0,1,1train,train,False,0.2064229643191341,2.0,direct,0.25018848540026484,0.1997022686076712,0.29805535166228536
1,bnci004,MMP_moe,logvar,lda,sa,9,2,2,12929,0.05,no_leakage_v1_alpha005,gate_all_sources_proxy_source_only_final_training_only,mmd,,,,,moe,coral,near_nearest_proxy,main,2.0,3,3test,nearest,True,0.3060247143541237,2.0,direct,0.16875940657957877,0.12157944716085997,0.21585724914632654
1,bnci004,MMP_moe,logvar,lda,sa,9,2,2,12929,0.05,no_leakage_v1_alpha005,gate_all_sources_proxy_source_only_final_training_only,mmd,,,,,moe,coral,near_nearest_proxy,anchor,2.0,3,3test,target,False,,2.0,direct,0.16875940657957877,0.12157944716085997,0.21585724914632654
1,bnci004,MMP_moe,logvar,lda,sa,9,2,2,12929,0.05,no_leakage_v1_alpha005,gate_all_sources_proxy_source_only_final_training_only,mmd,,,,,moe,coral,near_nearest_proxy,final,2.0,3,3test,train,True,0.3060247143541237,2.0,direct,0.16875940657957877,0.12157944716085997,0.21585724914632654
1,bnci004,MMP_moe,logvar,lda,sa,9,2,2,12929,0.05,no_leakage_v1_alpha005,gate_all_sources_proxy_source_only_final_training_only,mmd,,,,,moe,coral,near_nearest_proxy,main,3.0,4,4test,near,False,0.25243651581254184,2.0,direct,0.20458451747779868,0.15547021508674147,0.2592734532243033
1,bnci004,MMP_moe,logvar,lda,sa,9,2,2,12929,0.05,no_leakage_v1_alpha005,gate_all_sources_proxy_source_only_final_training_only,mmd,,,,,moe,coral,near_nearest_proxy,anchor,3.0,4,4test,proxy_source,False,0.3637543310747753,2.0,direct,0.20458451747779868,0.15547021508674147,0.2592734532243033
1,bnci004,MMP_moe,logvar,lda,sa,9,2,2,12929,0.05,no_leakage_v1_alpha005,gate_all_sources_proxy_source_only_final_training_only,mmd,,,,,moe,coral,near_nearest_proxy,final,3.0,4,4test,train,False,0.25243651581254184,2.0,direct,0.20458451747779868,0.15547021508674147,0.2592734532243033
1,bnci004,MMP_moe,logvar,lda,sa,9,2,2,12929,0.05,no_leakage_v1_alpha005,gate_all_sources_proxy_source_only_final_training_only,mmd,,,,,moe,coral,near_nearest_proxy,main,,2,2train,target,False,,,,,,
1,bnci004,MMP_moe,logvar,lda,sa,9,2,2,12929,0.05,no_leakage_v1_alpha005,gate_all_sources_proxy_source_only_final_training_only,mmd,,,,,moe,coral,near_nearest_proxy,final,,2,2train,target,False,,,,,,
1,bnci004,MMP_moe,logvar,lda,sa,9,3,3,12960,0.05,no_leakage_v1_alpha005,gate_all_sources_proxy_source_only_final_training_only,mmd,,,,,moe,coral,near_nearest_proxy,main,0.0,0,0train,far,False,,3.0,direct,0.3338807553432883,0.27810503078283216,0.39117908599913437
1,bnci004,MMP_moe,logvar,lda,sa,9,3,3,12960,0.05,no_leakage_v1_alpha005,gate_all_sources_proxy_source_only_final_training_only,mmd,,,,,moe,coral,near_nearest_proxy,anchor,0.0,0,0train,not_used,False,,3.0,direct,0.3338807553432883,0.27810503078283216,0.39117908599913437
1,bnci004,MMP_moe,logvar,lda,sa,9,3,3,12960,0.05,no_leakage_v1_alpha005,gate_all_sources_proxy_source_only_final_training_only,mmd,,,,,moe,coral,near_nearest_proxy,final,0.0,0,0train,not_used,False,,3.0,direct,0.3338807553432883,0.27810503078283216,0.39117908599913437
1,bnci004,MMP_moe,logvar,lda,sa,9,3,3,12960,0.05,no_leakage_v1_alpha005,gate_all_sources_proxy_source_only_final_training_only,mmd,,,,,moe,coral,near_nearest_proxy,main,1.0,1,1train,far,False,,3.0,direct,0.3980859605819329,0.3472358265538321,0.446206727784819
1,bnci004,MMP_moe,logvar,lda,sa,9,3,3,12960,0.05,no_leakage_v1_alpha005,gate_all_sources_proxy_source_only_final_training_only,mmd,,,,,moe,coral,near_nearest_proxy,anchor,1.0,1,1train,not_used,False,,3.0,direct,0.3980859605819329,0.3472358265538321,0.446206727784819
1,bnci004,MMP_moe,logvar,lda,sa,9,3,3,12960,0.05,no_leakage_v1_alpha005,gate_all_sources_proxy_source_only_final_training_only,mmd,,,,,moe,coral,near_nearest_proxy,final,1.0,1,1train,not_used,False,,3.0,direct,0.3980859605819329,0.3472358265538321,0.446206727784819
1,bnci004,MMP_moe,logvar,lda,sa,9,3,3,12960,0.05,no_leakage_v1_alpha005,gate_all_sources_proxy_source_only_final_training_only,mmd,,,,,moe,coral,near_nearest_proxy,main,2.0,2,2train,nearest,True,0.6007395668540845,3.0,direct,0.19331871735340445,0.14682058731672915,0.2468425716523634
1,bnci004,MMP_moe,logvar,lda,sa,9,3,3,12960,0.05,no_leakage_v1_alpha005,gate_all_sources_proxy_source_only_final_training_only,mmd,,,,,moe,coral,near_nearest_proxy,anchor,2.0,2,2train,target,False,,3.0,direct,0.19331871735340445,0.14682058731672915,0.2468425716523634
1,bnci004,MMP_moe,logvar,lda,sa,9,3,3,12960,0.05,no_leakage_v1_alpha005,gate_all_sources_proxy_source_only_final_training_only,mmd,,,,,moe,coral,near_nearest_proxy,final,2.0,2,2train,train,True,0.6007395668540845,3.0,direct,0.19331871735340445,0.14682058731672915,0.2468425716523634
1,bnci004,MMP_moe,logvar,lda,sa,9,3,3,12960,0.05,no_leakage_v1_alpha005,gate_all_sources_proxy_source_only_final_training_only,mmd,,,,,moe,coral,near_nearest_proxy,main,3.0,4,4test,near,False,0.3992604331459155,3.0,direct,0.2908738115914483,0.23159760299629922,0.35355762886549136
1,bnci004,MMP_moe,logvar,lda,sa,9,3,3,12960,0.05,no_leakage_v1_alpha005,gate_all_sources_proxy_source_only_final_training_only,mmd,,,,,moe,coral,near_nearest_proxy,anchor,3.0,4,4test,proxy_source,False,1.0,3.0,direct,0.2908738115914483,0.23159760299629922,0.35355762886549136
1,bnci004,MMP_moe,logvar,lda,sa,9,3,3,12960,0.05,no_leakage_v1_alpha005,gate_all_sources_proxy_source_only_final_training_only,mmd,,,,,moe,coral,near_nearest_proxy,final,3.0,4,4test,train,False,0.3992604331459155,3.0,direct,0.2908738115914483,0.23159760299629922,0.35355762886549136
1,bnci004,MMP_moe,logvar,lda,sa,9,3,3,12960,0.05,no_leakage_v1_alpha005,gate_all_sources_proxy_source_only_final_training_only,mmd,,,,,moe,coral,near_nearest_proxy,main,,3,3test,target,False,,,,,,
1,bnci004,MMP_moe,logvar,lda,sa,9,3,3,12960,0.05,no_leakage_v1_alpha005,gate_all_sources_proxy_source_only_final_training_only,mmd,,,,,moe,coral,near_nearest_proxy,final,,3,3test,target,False,,,,,,
1,bnci004,MMP_moe,logvar,lda,sa,9,4,4,12991,0.05,no_leakage_v1_alpha005,gate_all_sources_proxy_source_only_final_training_only,mmd,,,,,moe,coral,near_nearest_proxy,main,0.0,0,0train,nearest,True,0.5345214516240354,4.0,direct,0.16005271446674343,0.10897485306172985,0.20917124608467833
1,bnci004,MMP_moe,logvar,lda,sa,9,4,4,12991,0.05,no_leakage_v1_alpha005,gate_all_sources_proxy_source_only_final_training_only,mmd,,,,,moe,coral,near_nearest_proxy,anchor,0.0,0,0train,target,False,,4.0,direct,0.16005271446674343,0.10897485306172985,0.20917124608467833
1,bnci004,MMP_moe,logvar,lda,sa,9,4,4,12991,0.05,no_leakage_v1_alpha005,gate_all_sources_proxy_source_only_final_training_only,mmd,,,,,moe,coral,near_nearest_proxy,final,0.0,0,0train,train,True,0.5345214516240354,4.0,direct,0.16005271446674343,0.10897485306172985,0.20917124608467833
1,bnci004,MMP_moe,logvar,lda,sa,9,4,4,12991,0.05,no_leakage_v1_alpha005,gate_all_sources_proxy_source_only_final_training_only,mmd,,,,,moe,coral,near_nearest_proxy,main,1.0,1,1train,far,False,,4.0,direct,0.30105919408923515,0.24198059315297188,0.35967817571339694
1,bnci004,MMP_moe,logvar,lda,sa,9,4,4,12991,0.05,no_leakage_v1_alpha005,gate_all_sources_proxy_source_only_final_training_only,mmd,,,,,moe,coral,near_nearest_proxy,anchor,1.0,1,1train,not_used,False,,4.0,direct,0.30105919408923515,0.24198059315297188,0.35967817571339694
1,bnci004,MMP_moe,logvar,lda,sa,9,4,4,12991,0.05,no_leakage_v1_alpha005,gate_all_sources_proxy_source_only_final_training_only,mmd,,,,,moe,coral,near_nearest_proxy,final,1.0,1,1train,not_used,False,,4.0,direct,0.30105919408923515,0.24198059315297188,0.35967817571339694
1,bnci004,MMP_moe,logvar,lda,sa,9,4,4,12991,0.05,no_leakage_v1_alpha005,gate_all_sources_proxy_source_only_final_training_only,mmd,,,,,moe,coral,near_nearest_proxy,main,2.0,2,2train,near,False,0.4654785483759646,4.0,direct,0.1837929559042419,0.14445020059784344,0.2288794764268114
1,bnci004,MMP_moe,logvar,lda,sa,9,4,4,12991,0.05,no_leakage_v1_alpha005,gate_all_sources_proxy_source_only_final_training_only,mmd,,,,,moe,coral,near_nearest_proxy,anchor,2.0,2,2train,proxy_source,False,1.0,4.0,direct,0.1837929559042419,0.14445020059784344,0.2288794764268114
1,bnci004,MMP_moe,logvar,lda,sa,9,4,4,12991,0.05,no_leakage_v1_alpha005,gate_all_sources_proxy_source_only_final_training_only,mmd,,,,,moe,coral,near_nearest_proxy,final,2.0,2,2train,train,False,0.4654785483759646,4.0,direct,0.1837929559042419,0.14445020059784344,0.2288794764268114
1,bnci004,MMP_moe,logvar,lda,sa,9,4,4,12991,0.05,no_leakage_v1_alpha005,gate_all_sources_proxy_source_only_final_training_only,mmd,,,,,moe,coral,near_nearest_proxy,main,3.0,3,3test,far,False,,4.0,direct,0.3803967651109392,0.303666146026124,0.46327052503322885
1,bnci004,MMP_moe,logvar,lda,sa,9,4,4,12991,0.05,no_leakage_v1_alpha005,gate_all_sources_proxy_source_only_final_training_only,mmd,,,,,moe,coral,near_nearest_proxy,anchor,3.0,3,3test,not_used,False,,4.0,direct,0.3803967651109392,0.303666146026124,0.46327052503322885
1,bnci004,MMP_moe,logvar,lda,sa,9,4,4,12991,0.05,no_leakage_v1_alpha005,gate_all_sources_proxy_source_only_final_training_only,mmd,,,,,moe,coral,near_nearest_proxy,final,3.0,3,3test,not_used,False,,4.0,direct,0.3803967651109392,0.303666146026124,0.46327052503322885
1,bnci004,MMP_moe,logvar,lda,sa,9,4,4,12991,0.05,no_leakage_v1_alpha005,gate_all_sources_proxy_source_only_final_training_only,mmd,,,,,moe,coral,near_nearest_proxy,main,,4,4test,target,False,,,,,,
1,bnci004,MMP_moe,logvar,lda,sa,9,4,4,12991,0.05,no_leakage_v1_alpha005,gate_all_sources_proxy_source_only_final_training_only,mmd,,,,,moe,coral,near_nearest_proxy,final,,4,4test,target,False,,,,,,
1,bnci004,MMP_moe,logvar,lda,pt,10,0,0,13864,0.05,no_leakage_v1_alpha005,gate_all_sources_proxy_source_only_final_training_only,mmd,,,,,moe,coral,near_nearest_proxy,main,0.0,1,1train,nearest,True,0.5925568855103819,0.0,direct,0.14344629091310435,0.09846260335115392,0.1945829771576891
1,bnci004,MMP_moe,logvar,lda,pt,10,0,0,13864,0.05,no_leakage_v1_alpha005,gate_all_sources_proxy_source_only_final_training_only,mmd,,,,,moe,coral,near_nearest_proxy,anchor,0.0,1,1train,target,False,,0.0,direct,0.14344629091310435,0.09846260335115392,0.1945829771576891
1,bnci004,MMP_moe,logvar,lda,pt,10,0,0,13864,0.05,no_leakage_v1_alpha005,gate_all_sources_proxy_source_only_final_training_only,mmd,,,,,moe,coral,near_nearest_proxy,final,0.0,1,1train,train,True,0.5925568855103819,0.0,direct,0.14344629091310435,0.09846260335115392,0.1945829771576891
1,bnci004,MMP_moe,logvar,lda,pt,10,0,0,13864,0.05,no_leakage_v1_alpha005,gate_all_sources_proxy_source_only_final_training_only,mmd,,,,,moe,coral,near_nearest_proxy,main,1.0,2,2train,far,False,,0.0,direct,0.37159966270049805,0.3101503725475973,0.45232913747183173
1,bnci004,MMP_moe,logvar,lda,pt,10,0,0,13864,0.05,no_leakage_v1_alpha005,gate_all_sources_proxy_source_only_final_training_only,mmd,,,,,moe,coral,near_nearest_proxy,anchor,1.0,2,2train,not_used,False,,0.0,direct,0.37159966270049805,0.3101503725475973,0.45232913747183173
1,bnci004,MMP_moe,logvar,lda,pt,10,0,0,13864,0.05,no_leakage_v1_alpha005,gate_all_sources_proxy_source_only_final_training_only,mmd,,,,,moe,coral,near_nearest_proxy,final,1.0,2,2train,not_used,False,,0.0,direct,0.37159966270049805,0.3101503725475973,0.45232913747183173
1,bnci004,MMP_moe,logvar,lda,pt,10,0,0,13864,0.05,no_leakage_v1_alpha005,gate_all_sources_proxy_source_only_final_training_only,mmd,,,,,moe,coral,near_nearest_proxy,main,2.0,3,3test,far,False,,0.0,direct,0.5971635530899038,0.5100607320934181,0.6736952479712817
1,bnci004,MMP_moe,logvar,lda,pt,10,0,0,13864,0.05,no_leakage_v1_alpha005,gate_all_sources_proxy_source_only_final_training_only,mmd,,,,,moe,coral,near_nearest_proxy,anchor,2.0,3,3test,not_used,False,,0.0,direct,0.5971635530899038,0.5100607320934181,0.6736952479712817
1,bnci004,MMP_moe,logvar,lda,pt,10,0,0,13864,0.05,no_leakage_v1_alpha005,gate_all_sources_proxy_source_only_final_training_only,mmd,,,,,moe,coral,near_nearest_proxy,final,2.0,3,3test,not_used,False,,0.0,direct,0.5971635530899038,0.5100607320934181,0.6736952479712817
1,bnci004,MMP_moe,logvar,lda,pt,10,0,0,13864,0.05,no_leakage_v1_alpha005,gate_all_sources_proxy_source_only_final_training_only,mmd,,,,,moe,coral,near_nearest_proxy,main,3.0,4,4test,near,False,0.4074431144896181,0.0,direct,0.20861874816986797,0.145555515270203,0.2819910204684888
1,bnci004,MMP_moe,logvar,lda,pt,10,0,0,13864,0.05,no_leakage_v1_alpha005,gate_all_sources_proxy_source_only_final_training_only,mmd,,,,,moe,coral,near_nearest_proxy,anchor,3.0,4,4test,proxy_source,False,1.0,0.0,direct,0.20861874816986797,0.145555515270203,0.2819910204684888
1,bnci004,MMP_moe,logvar,lda,pt,10,0,0,13864,0.05,no_leakage_v1_alpha005,gate_all_sources_proxy_source_only_final_training_only,mmd,,,,,moe,coral,near_nearest_proxy,final,3.0,4,4test,train,False,0.4074431144896181,0.0,direct,0.20861874816986797,0.145555515270203,0.2819910204684888
1,bnci004,MMP_moe,logvar,lda,pt,10,0,0,13864,0.05,no_leakage_v1_alpha005,gate_all_sources_proxy_source_only_final_training_only,mmd,,,,,moe,coral,near_nearest_proxy,main,,0,0train,target,False,,,,,,
1,bnci004,MMP_moe,logvar,lda,pt,10,0,0,13864,0.05,no_leakage_v1_alpha005,gate_all_sources_proxy_source_only_final_training_only,mmd,,,,,moe,coral,near_nearest_proxy,final,,0,0train,target,False,,,,,,
1,bnci004,MMP_moe,logvar,lda,pt,10,1,1,13895,0.05,no_leakage_v1_alpha005,gate_all_sources_proxy_source_only_final_training_only,mmd,,,,,moe,coral,near_nearest_proxy,main,0.0,0,0train,nearest,True,1.0,1.0,direct,0.136546654955074,0.09533037729341824,0.17815825065912375
1,bnci004,MMP_moe,logvar,lda,pt,10,1,1,13895,0.05,no_leakage_v1_alpha005,gate_all_sources_proxy_source_only_final_training_only,mmd,,,,,moe,coral,near_nearest_proxy,anchor,0.0,0,0train,target,False,,1.0,direct,0.136546654955074,0.09533037729341824,0.17815825065912375
1,bnci004,MMP_moe,logvar,lda,pt,10,1,1,13895,0.05,no_leakage_v1_alpha005,gate_all_sources_proxy_source_only_final_training_only,mmd,,,,,moe,coral,near_nearest_proxy,final,0.0,0,0train,train,True,1.0,1.0,direct,0.136546654955074,0.09533037729341824,0.17815825065912375
1,bnci004,MMP_moe,logvar,lda,pt,10,1,1,13895,0.05,no_leakage_v1_alpha005,gate_all_sources_proxy_source_only_final_training_only,mmd,,,,,moe,coral,near_nearest_proxy,main,1.0,2,2train,far,False,,1.0,direct,0.39588077336855976,0.32239868986742276,0.4796883196818308
1,bnci004,MMP_moe,logvar,lda,pt,10,1,1,13895,0.05,no_leakage_v1_alpha005,gate_all_sources_proxy_source_only_final_training_only,mmd,,,,,moe,coral,near_nearest_proxy,anchor,1.0,2,2train,not_used,False,,1.0,direct,0.39588077336855976,0.32239868986742276,0.4796883196818308
1,bnci004,MMP_moe,logvar,lda,pt,10,1,1,13895,0.05,no_leakage_v1_alpha005,gate_all_sources_proxy_source_only_final_training_only,mmd,,,,,moe,coral,near_nearest_proxy,final,1.0,2,2train,not_used,False,,1.0,direct,0.39588077336855976,0.32239868986742276,0.4796883196818308
1,bnci004,MMP_moe,logvar,lda,pt,10,1,1,13895,0.05,no_leakage_v1_alpha005,gate_all_sources_proxy_source_only_final_training_only,mmd,,,,,moe,coral,near_nearest_proxy,main,2.0,3,3test,far,False,,1.0,direct,0.7091351819891831,0.6391813747353466,0.7753289908226487
1,bnci004,MMP_moe,logvar,lda,pt,10,1,1,13895,0.05,no_leakage_v1_alpha005,gate_all_sources_proxy_source_only_final_training_only,mmd,,,,,moe,coral,near_nearest_proxy,anchor,2.0,3,3test,not_used,False,,1.0,direct,0.7091351819891831,0.6391813747353466,0.7753289908226487
1,bnci004,MMP_moe,logvar,lda,pt,10,1,1,13895,0.05,no_leakage_v1_alpha005,gate_all_sources_proxy_source_only_final_training_only,mmd,,,,,moe,coral,near_nearest_proxy,final,2.0,3,3test,not_used,False,,1.0,direct,0.7091351819891831,0.6391813747353466,0.7753289908226487
1,bnci004,MMP_moe,logvar,lda,pt,10,1,1,13895,0.05,no_leakage_v1_alpha005,gate_all_sources_proxy_source_only_final_training_only,mmd,,,,,moe,coral,near_nearest_proxy,main,3.0,4,4test,far,False,,1.0,direct,0.3518490437194784,0.2841492287619646,0.418573027062582
1,bnci004,MMP_moe,logvar,lda,pt,10,1,1,13895,0.05,no_leakage_v1_alpha005,gate_all_sources_proxy_source_only_final_training_only,mmd,,,,,moe,coral,near_nearest_proxy,anchor,3.0,4,4test,second_nearest_fallback_source,False,1.0,1.0,direct,0.3518490437194784,0.2841492287619646,0.418573027062582
1,bnci004,MMP_moe,logvar,lda,pt,10,1,1,13895,0.05,no_leakage_v1_alpha005,gate_all_sources_proxy_source_only_final_training_only,mmd,,,,,moe,coral,near_nearest_proxy,final,3.0,4,4test,not_used,False,,1.0,direct,0.3518490437194784,0.2841492287619646,0.418573027062582
1,bnci004,MMP_moe,logvar,lda,pt,10,1,1,13895,0.05,no_leakage_v1_alpha005,gate_all_sources_proxy_source_only_final_training_only,mmd,,,,,moe,coral,near_nearest_proxy,main,,1,1train,target,False,,,,,,
1,bnci004,MMP_moe,logvar,lda,pt,10,1,1,13895,0.05,no_leakage_v1_alpha005,gate_all_sources_proxy_source_only_final_training_only,mmd,,,,,moe,coral,near_nearest_proxy,final,,1,1train,target,False,,,,,,
1,bnci004,MMP_moe,logvar,lda,pt,10,2,2,13926,0.05,no_leakage_v1_alpha005,gate_all_sources_proxy_source_only_final_training_only,mmd,,,,,moe,coral,near_nearest_proxy,main,0.0,0,0train,near,False,0.23602343873044163,2.0,direct,0.21767295745514384,0.1767350599522188,0.2625678308954815
1,bnci004,MMP_moe,logvar,lda,pt,10,2,2,13926,0.05,no_leakage_v1_alpha005,gate_all_sources_proxy_source_only_final_training_only,mmd,,,,,moe,coral,near_nearest_proxy,anchor,0.0,0,0train,proxy_source,False,0.33987348267396855,2.0,direct,0.21767295745514384,0.1767350599522188,0.2625678308954815
1,bnci004,MMP_moe,logvar,lda,pt,10,2,2,13926,0.05,no_leakage_v1_alpha005,gate_all_sources_proxy_source_only_final_training_only,mmd,,,,,moe,coral,near_nearest_proxy,final,0.0,0,0train,train,False,0.23602343873044163,2.0,direct,0.21767295745514384,0.1767350599522188,0.2625678308954815
1,bnci004,MMP_moe,logvar,lda,pt,10,2,2,13926,0.05,no_leakage_v1_alpha005,gate_all_sources_proxy_source_only_final_training_only,mmd,,,,,moe,coral,near_nearest_proxy,main,1.0,1,1train,near,False,0.20509252926368537,2.0,direct,0.2505013276326809,0.19922673749766232,0.3073677946562595
1,bnci004,MMP_moe,logvar,lda,pt,10,2,2,13926,0.05,no_leakage_v1_alpha005,gate_all_sources_proxy_source_only_final_training_only,mmd,,,,,moe,coral,near_nearest_proxy,anchor,1.0,1,1train,proxy_source,False,0.2953330083071582,2.0,direct,0.2505013276326809,0.19922673749766232,0.3073677946562595
1,bnci004,MMP_moe,logvar,lda,pt,10,2,2,13926,0.05,no_leakage_v1_alpha005,gate_all_sources_proxy_source_only_final_training_only,mmd,,,,,moe,coral,near_nearest_proxy,final,1.0,1,1train,train,False,0.20509252926368537,2.0,direct,0.2505013276326809,0.19922673749766232,0.3073677946562595
1,bnci004,MMP_moe,logvar,lda,pt,10,2,2,13926,0.05,no_leakage_v1_alpha005,gate_all_sources_proxy_source_only_final_training_only,mmd,,,,,moe,coral,near_nearest_proxy,main,2.0,3,3test,nearest,True,0.30555500572296046,2.0,direct,0.16813944934092312,0.12772893777404756,0.21242000369475095
1,bnci004,MMP_moe,logvar,lda,pt,10,2,2,13926,0.05,no_leakage_v1_alpha005,gate_all_sources_proxy_source_only_final_training_only,mmd,,,,,moe,coral,near_nearest_proxy,anchor,2.0,3,3test,target,False,,2.0,direct,0.16813944934092312,0.12772893777404756,0.21242000369475095
1,bnci004,MMP_moe,logvar,lda,pt,10,2,2,13926,0.05,no_leakage_v1_alpha005,gate_all_sources_proxy_source_only_final_training_only,mmd,,,,,moe,coral,near_nearest_proxy,final,2.0,3,3test,train,True,0.30555500572296046,2.0,direct,0.16813944934092312,0.12772893777404756,0.21242000369475095
1,bnci004,MMP_moe,logvar,lda,pt,10,2,2,13926,0.05,no_leakage_v1_alpha005,gate_all_sources_proxy_source_only_final_training_only,mmd,,,,,moe,coral,near_nearest_proxy,main,3.0,4,4test,near,False,0.25332902628291265,2.0,direct,0.20280306361034628,0.1618732252470523,0.24864028383352674
1,bnci004,MMP_moe,logvar,lda,pt,10,2,2,13926,0.05,no_leakage_v1_alpha005,gate_all_sources_proxy_source_only_final_training_only,mmd,,,,,moe,coral,near_nearest_proxy,anchor,3.0,4,4test,proxy_source,False,0.3647935090188733,2.0,direct,0.20280306361034628,0.1618732252470523,0.24864028383352674
1,bnci004,MMP_moe,logvar,lda,pt,10,2,2,13926,0.05,no_leakage_v1_alpha005,gate_all_sources_proxy_source_only_final_training_only,mmd,,,,,moe,coral,near_nearest_proxy,final,3.0,4,4test,train,False,0.25332902628291265,2.0,direct,0.20280306361034628,0.1618732252470523,0.24864028383352674
1,bnci004,MMP_moe,logvar,lda,pt,10,2,2,13926,0.05,no_leakage_v1_alpha005,gate_all_sources_proxy_source_only_final_training_only,mmd,,,,,moe,coral,near_nearest_proxy,main,,2,2train,target,False,,,,,,
1,bnci004,MMP_moe,logvar,lda,pt,10,2,2,13926,0.05,no_leakage_v1_alpha005,gate_all_sources_proxy_source_only_final_training_only,mmd,,,,,moe,coral,near_nearest_proxy,final,,2,2train,target,False,,,,,,
1,bnci004,MMP_moe,logvar,lda,pt,10,3,3,13957,0.05,no_leakage_v1_alpha005,gate_all_sources_proxy_source_only_final_training_only,mmd,,,,,moe,coral,near_nearest_proxy,main,0.0,0,0train,far,False,,3.0,direct,0.33123593177776245,0.2904532343970851,0.3788588374309877
1,bnci004,MMP_moe,logvar,lda,pt,10,3,3,13957,0.05,no_leakage_v1_alpha005,gate_all_sources_proxy_source_only_final_training_only,mmd,,,,,moe,coral,near_nearest_proxy,anchor,0.0,0,0train,not_used,False,,3.0,direct,0.33123593177776245,0.2904532343970851,0.3788588374309877
1,bnci004,MMP_moe,logvar,lda,pt,10,3,3,13957,0.05,no_leakage_v1_alpha005,gate_all_sources_proxy_source_only_final_training_only,mmd,,,,,moe,coral,near_nearest_proxy,final,0.0,0,0train,not_used,False,,3.0,direct,0.33123593177776245,0.2904532343970851,0.3788588374309877
1,bnci004,MMP_moe,logvar,lda,pt,10,3,3,13957,0.05,no_leakage_v1_alpha005,gate_all_sources_proxy_source_only_final_training_only,mmd,,,,,moe,coral,near_nearest_proxy,main,1.0,1,1train,far,False,,3.0,direct,0.3970961777105409,0.3499525264817167,0.4489799689228819
1,bnci004,MMP_moe,logvar,lda,pt,10,3,3,13957,0.05,no_leakage_v1_alpha005,gate_all_sources_proxy_source_only_final_training_only,mmd,,,,,moe,coral,near_nearest_proxy,anchor,1.0,1,1train,not_used,False,,3.0,direct,0.3970961777105409,0.3499525264817167,0.4489799689228819
1,bnci004,MMP_moe,logvar,lda,pt,10,3,3,13957,0.05,no_leakage_v1_alpha005,gate_all_sources_proxy_source_only_final_training_only,mmd,,,,,moe,coral,near_nearest_proxy,final,1.0,1,1train,not_used,False,,3.0,direct,0.3970961777105409,0.3499525264817167,0.4489799689228819
1,bnci004,MMP_moe,logvar,lda,pt,10,3,3,13957,0.05,no_leakage_v1_alpha005,gate_all_sources_proxy_source_only_final_training_only,mmd,,,,,moe,coral,near_nearest_proxy,main,2.0,2,2train,nearest,True,0.5927226337893806,3.0,direct,0.19864726645769815,0.15460405247674824,0.25828670646691965
1,bnci004,MMP_moe,logvar,lda,pt,10,3,3,13957,0.05,no_leakage_v1_alpha005,gate_all_sources_proxy_source_only_final_training_only,mmd,,,,,moe,coral,near_nearest_proxy,anchor,2.0,2,2train,target,False,,3.0,direct,0.19864726645769815,0.15460405247674824,0.25828670646691965
1,bnci004,MMP_moe,logvar,lda,pt,10,3,3,13957,0.05,no_leakage_v1_alpha005,gate_all_sources_proxy_source_only_final_training_only,mmd,,,,,moe,coral,near_nearest_proxy,final,2.0,2,2train,train,True,0.5927226337893806,3.0,direct,0.19864726645769815,0.15460405247674824,0.25828670646691965
1,bnci004,MMP_moe,logvar,lda,pt,10,3,3,13957,0.05,no_leakage_v1_alpha005,gate_all_sources_proxy_source_only_final_training_only,mmd,,,,,moe,coral,near_nearest_proxy,main,3.0,4,4test,near,False,0.40727736621061933,3.0,direct,0.28909761794679695,0.2320278533135073,0.3471754212928323
1,bnci004,MMP_moe,logvar,lda,pt,10,3,3,13957,0.05,no_leakage_v1_alpha005,gate_all_sources_proxy_source_only_final_training_only,mmd,,,,,moe,coral,near_nearest_proxy,anchor,3.0,4,4test,proxy_source,False,1.0,3.0,direct,0.28909761794679695,0.2320278533135073,0.3471754212928323
1,bnci004,MMP_moe,logvar,lda,pt,10,3,3,13957,0.05,no_leakage_v1_alpha005,gate_all_sources_proxy_source_only_final_training_only,mmd,,,,,moe,coral,near_nearest_proxy,final,3.0,4,4test,train,False,0.40727736621061933,3.0,direct,0.28909761794679695,0.2320278533135073,0.3471754212928323
1,bnci004,MMP_moe,logvar,lda,pt,10,3,3,13957,0.05,no_leakage_v1_alpha005,gate_all_sources_proxy_source_only_final_training_only,mmd,,,,,moe,coral,near_nearest_proxy,main,,3,3test,target,False,,,,,,
1,bnci004,MMP_moe,logvar,lda,pt,10,3,3,13957,0.05,no_leakage_v1_alpha005,gate_all_sources_proxy_source_only_final_training_only,mmd,,,,,moe,coral,near_nearest_proxy,final,,3,3test,target,False,,,,,,
1,bnci004,MMP_moe,logvar,lda,pt,10,4,4,13988,0.05,no_leakage_v1_alpha005,gate_all_sources_proxy_source_only_final_training_only,mmd,,,,,moe,coral,near_nearest_proxy,main,0.0,0,0train,nearest,True,0.5372800487293516,4.0,direct,0.15596590771271984,0.109805586877345,0.20910739898374853
1,bnci004,MMP_moe,logvar,lda,pt,10,4,4,13988,0.05,no_leakage_v1_alpha005,gate_all_sources_proxy_source_only_final_training_only,mmd,,,,,moe,coral,near_nearest_proxy,anchor,0.0,0,0train,target,False,,4.0,direct,0.15596590771271984,0.109805586877345,0.20910739898374853
1,bnci004,MMP_moe,logvar,lda,pt,10,4,4,13988,0.05,no_leakage_v1_alpha005,gate_all_sources_proxy_source_only_final_training_only,mmd,,,,,moe,coral,near_nearest_proxy,final,0.0,0,0train,train,True,0.5372800487293516,4.0,direct,0.15596590771271984,0.109805586877345,0.20910739898374853
1,bnci004,MMP_moe,logvar,lda,pt,10,4,4,13988,0.05,no_leakage_v1_alpha005,gate_all_sources_proxy_source_only_final_training_only,mmd,,,,,moe,coral,near_nearest_proxy,main,1.0,1,1train,far,False,,4.0,direct,0.30109768535069104,0.24222328022732195,0.36293287327602985
1,bnci004,MMP_moe,logvar,lda,pt,10,4,4,13988,0.05,no_leakage_v1_alpha005,gate_all_sources_proxy_source_only_final_training_only,mmd,,,,,moe,coral,near_nearest_proxy,anchor,1.0,1,1train,not_used,False,,4.0,direct,0.30109768535069104,0.24222328022732195,0.36293287327602985
1,bnci004,MMP_moe,logvar,lda,pt,10,4,4,13988,0.05,no_leakage_v1_alpha005,gate_all_sources_proxy_source_only_final_training_only,mmd,,,,,moe,coral,near_nearest_proxy,final,1.0,1,1train,not_used,False,,4.0,direct,0.30109768535069104,0.24222328022732195,0.36293287327602985
1,bnci004,MMP_moe,logvar,lda,pt,10,4,4,13988,0.05,no_leakage_v1_alpha005,gate_all_sources_proxy_source_only_final_training_only,mmd,,,,,moe,coral,near_nearest_proxy,main,2.0,2,2train,near,False,0.4627199512706484,4.0,direct,0.18109754037186818,0.1400715221779694,0.2292803739689682
1,bnci004,MMP_moe,logvar,lda,pt,10,4,4,13988,0.05,no_leakage_v1_alpha005,gate_all_sources_proxy_source_only_final_training_only,mmd,,,,,moe,coral,near_nearest_proxy,anchor,2.0,2,2train,proxy_source,False,1.0,4.0,direct,0.18109754037186818,0.1400715221779694,0.2292803739689682
1,bnci004,MMP_moe,logvar,lda,pt,10,4,4,13988,0.05,no_leakage_v1_alpha005,gate_all_sources_proxy_source_only_final_training_only,mmd,,,,,moe,coral,near_nearest_proxy,final,2.0,2,2train,train,False,0.4627199512706484,4.0,direct,0.18109754037186818,0.1400715221779694,0.2292803739689682
1,bnci004,MMP_moe,logvar,lda,pt,10,4,4,13988,0.05,no_leakage_v1_alpha005,gate_all_sources_proxy_source_only_final_training_only,mmd,,,,,moe,coral,near_nearest_proxy,main,3.0,3,3test,far,False,,4.0,direct,0.38272719574558367,0.31557591302963106,0.4676481022460107
1,bnci004,MMP_moe,logvar,lda,pt,10,4,4,13988,0.05,no_leakage_v1_alpha005,gate_all_sources_proxy_source_only_final_training_only,mmd,,,,,moe,coral,near_nearest_proxy,anchor,3.0,3,3test,not_used,False,,4.0,direct,0.38272719574558367,0.31557591302963106,0.4676481022460107
1,bnci004,MMP_moe,logvar,lda,pt,10,4,4,13988,0.05,no_leakage_v1_alpha005,gate_all_sources_proxy_source_only_final_training_only,mmd,,,,,moe,coral,near_nearest_proxy,final,3.0,3,3test,not_used,False,,4.0,direct,0.38272719574558367,0.31557591302963106,0.4676481022460107
1,bnci004,MMP_moe,logvar,lda,pt,10,4,4,13988,0.05,no_leakage_v1_alpha005,gate_all_sources_proxy_source_only_final_training_only,mmd,,,,,moe,coral,near_nearest_proxy,main,,4,4test,target,False,,,,,,
1,bnci004,MMP_moe,logvar,lda,pt,10,4,4,13988,0.05,no_leakage_v1_alpha005,gate_all_sources_proxy_source_only_final_training_only,mmd,,,,,moe,coral,near_nearest_proxy,final,,4,4test,target,False,,,,,,
1,bnci004,MMP_moe,logvar,lda,coral,11,0,0,14861,0.05,no_leakage_v1_alpha005,gate_all_sources_proxy_source_only_final_training_only,mmd,,,,,moe,coral,near_nearest_proxy,main,0.0,1,1train,nearest,True,0.5991997366516408,0.0,direct,0.14194669066443233,0.0955597172654395,0.18864983072119113
1,bnci004,MMP_moe,logvar,lda,coral,11,0,0,14861,0.05,no_leakage_v1_alpha005,gate_all_sources_proxy_source_only_final_training_only,mmd,,,,,moe,coral,near_nearest_proxy,anchor,0.0,1,1train,target,False,,0.0,direct,0.14194669066443233,0.0955597172654395,0.18864983072119113
1,bnci004,MMP_moe,logvar,lda,coral,11,0,0,14861,0.05,no_leakage_v1_alpha005,gate_all_sources_proxy_source_only_final_training_only,mmd,,,,,moe,coral,near_nearest_proxy,final,0.0,1,1train,train,True,0.5991997366516408,0.0,direct,0.14194669066443233,0.0955597172654395,0.18864983072119113
1,bnci004,MMP_moe,logvar,lda,coral,11,0,0,14861,0.05,no_leakage_v1_alpha005,gate_all_sources_proxy_source_only_final_training_only,mmd,,,,,moe,coral,near_nearest_proxy,main,1.0,2,2train,far,False,,0.0,direct,0.3676648144394134,0.2900016143709162,0.44517849542973814
1,bnci004,MMP_moe,logvar,lda,coral,11,0,0,14861,0.05,no_leakage_v1_alpha005,gate_all_sources_proxy_source_only_final_training_only,mmd,,,,,moe,coral,near_nearest_proxy,anchor,1.0,2,2train,not_used,False,,0.0,direct,0.3676648144394134,0.2900016143709162,0.44517849542973814
1,bnci004,MMP_moe,logvar,lda,coral,11,0,0,14861,0.05,no_leakage_v1_alpha005,gate_all_sources_proxy_source_only_final_training_only,mmd,,,,,moe,coral,near_nearest_proxy,final,1.0,2,2train,not_used,False,,0.0,direct,0.3676648144394134,0.2900016143709162,0.44517849542973814
1,bnci004,MMP_moe,logvar,lda,coral,11,0,0,14861,0.05,no_leakage_v1_alpha005,gate_all_sources_proxy_source_only_final_training_only,mmd,,,,,moe,coral,near_nearest_proxy,main,2.0,3,3test,far,False,,0.0,direct,0.5986607467952081,0.5077604702765248,0.7044194857285982
1,bnci004,MMP_moe,logvar,lda,coral,11,0,0,14861,0.05,no_leakage_v1_alpha005,gate_all_sources_proxy_source_only_final_training_only,mmd,,,,,moe,coral,near_nearest_proxy,anchor,2.0,3,3test,not_used,False,,0.0,direct,0.5986607467952081,0.5077604702765248,0.7044194857285982
1,bnci004,MMP_moe,logvar,lda,coral,11,0,0,14861,0.05,no_leakage_v1_alpha005,gate_all_sources_proxy_source_only_final_training_only,mmd,,,,,moe,coral,near_nearest_proxy,final,2.0,3,3test,not_used,False,,0.0,direct,0.5986607467952081,0.5077604702765248,0.7044194857285982
1,bnci004,MMP_moe,logvar,lda,coral,11,0,0,14861,0.05,no_leakage_v1_alpha005,gate_all_sources_proxy_source_only_final_training_only,mmd,,,,,moe,coral,near_nearest_proxy,main,3.0,4,4test,near,False,0.4008002633483591,0.0,direct,0.2122119814832734,0.14562862858904863,0.28910183070942125
1,bnci004,MMP_moe,logvar,lda,coral,11,0,0,14861,0.05,no_leakage_v1_alpha005,gate_all_sources_proxy_source_only_final_training_only,mmd,,,,,moe,coral,near_nearest_proxy,anchor,3.0,4,4test,proxy_source,False,1.0,0.0,direct,0.2122119814832734,0.14562862858904863,0.28910183070942125
1,bnci004,MMP_moe,logvar,lda,coral,11,0,0,14861,0.05,no_leakage_v1_alpha005,gate_all_sources_proxy_source_only_final_training_only,mmd,,,,,moe,coral,near_nearest_proxy,final,3.0,4,4test,train,False,0.4008002633483591,0.0,direct,0.2122119814832734,0.14562862858904863,0.28910183070942125
1,bnci004,MMP_moe,logvar,lda,coral,11,0,0,14861,0.05,no_leakage_v1_alpha005,gate_all_sources_proxy_source_only_final_training_only,mmd,,,,,moe,coral,near_nearest_proxy,main,,0,0train,target,False,,,,,,
1,bnci004,MMP_moe,logvar,lda,coral,11,0,0,14861,0.05,no_leakage_v1_alpha005,gate_all_sources_proxy_source_only_final_training_only,mmd,,,,,moe,coral,near_nearest_proxy,final,,0,0train,target,False,,,,,,
1,bnci004,MMP_moe,logvar,lda,coral,11,1,1,14892,0.05,no_leakage_v1_alpha005,gate_all_sources_proxy_source_only_final_training_only,mmd,,,,,moe,coral,near_nearest_proxy,main,0.0,0,0train,nearest,True,1.0,1.0,direct,0.13396868984959437,0.09527191787378626,0.1776708761837643
1,bnci004,MMP_moe,logvar,lda,coral,11,1,1,14892,0.05,no_leakage_v1_alpha005,gate_all_sources_proxy_source_only_final_training_only,mmd,,,,,moe,coral,near_nearest_proxy,anchor,0.0,0,0train,target,False,,1.0,direct,0.13396868984959437,0.09527191787378626,0.1776708761837643
1,bnci004,MMP_moe,logvar,lda,coral,11,1,1,14892,0.05,no_leakage_v1_alpha005,gate_all_sources_proxy_source_only_final_training_only,mmd,,,,,moe,coral,near_nearest_proxy,final,0.0,0,0train,train,True,1.0,1.0,direct,0.13396868984959437,0.09527191787378626,0.1776708761837643
1,bnci004,MMP_moe,logvar,lda,coral,11,1,1,14892,0.05,no_leakage_v1_alpha005,gate_all_sources_proxy_source_only_final_training_only,mmd,,,,,moe,coral,near_nearest_proxy,main,1.0,2,2train,far,False,,1.0,direct,0.3969854919596301,0.3168015160423366,0.4777203563736255
1,bnci004,MMP_moe,logvar,lda,coral,11,1,1,14892,0.05,no_leakage_v1_alpha005,gate_all_sources_proxy_source_only_final_training_only,mmd,,,,,moe,coral,near_nearest_proxy,anchor,1.0,2,2train,not_used,False,,1.0,direct,0.3969854919596301,0.3168015160423366,0.4777203563736255
1,bnci004,MMP_moe,logvar,lda,coral,11,1,1,14892,0.05,no_leakage_v1_alpha005,gate_all_sources_proxy_source_only_final_training_only,mmd,,,,,moe,coral,near_nearest_proxy,final,1.0,2,2train,not_used,False,,1.0,direct,0.3969854919596301,0.3168015160423366,0.4777203563736255
1,bnci004,MMP_moe,logvar,lda,coral,11,1,1,14892,0.05,no_leakage_v1_alpha005,gate_all_sources_proxy_source_only_final_training_only,mmd,,,,,moe,coral,near_nearest_proxy,main,2.0,3,3test,far,False,,1.0,direct,0.7056709742037196,0.6411995236250204,0.7955268062794193
1,bnci004,MMP_moe,logvar,lda,coral,11,1,1,14892,0.05,no_leakage_v1_alpha005,gate_all_sources_proxy_source_only_final_training_only,mmd,,,,,moe,coral,near_nearest_proxy,anchor,2.0,3,3test,not_used,False,,1.0,direct,0.7056709742037196,0.6411995236250204,0.7955268062794193
1,bnci004,MMP_moe,logvar,lda,coral,11,1,1,14892,0.05,no_leakage_v1_alpha005,gate_all_sources_proxy_source_only_final_training_only,mmd,,,,,moe,coral,near_nearest_proxy,final,2.0,3,3test,not_used,False,,1.0,direct,0.7056709742037196,0.6411995236250204,0.7955268062794193
1,bnci004,MMP_moe,logvar,lda,coral,11,1,1,14892,0.05,no_leakage_v1_alpha005,gate_all_sources_proxy_source_only_final_training_only,mmd,,,,,moe,coral,near_nearest_proxy,main,3.0,4,4test,far,False,,1.0,direct,0.3518480686336904,0.289741696369409,0.41481937268918073
1,bnci004,MMP_moe,logvar,lda,coral,11,1,1,14892,0.05,no_leakage_v1_alpha005,gate_all_sources_proxy_source_only_final_training_only,mmd,,,,,moe,coral,near_nearest_proxy,anchor,3.0,4,4test,second_nearest_fallback_source,False,1.0,1.0,direct,0.3518480686336904,0.289741696369409,0.41481937268918073
1,bnci004,MMP_moe,logvar,lda,coral,11,1,1,14892,0.05,no_leakage_v1_alpha005,gate_all_sources_proxy_source_only_final_training_only,mmd,,,,,moe,coral,near_nearest_proxy,final,3.0,4,4test,not_used,False,,1.0,direct,0.3518480686336904,0.289741696369409,0.41481937268918073
1,bnci004,MMP_moe,logvar,lda,coral,11,1,1,14892,0.05,no_leakage_v1_alpha005,gate_all_sources_proxy_source_only_final_training_only,mmd,,,,,moe,coral,near_nearest_proxy,main,,1,1train,target,False,,,,,,
1,bnci004,MMP_moe,logvar,lda,coral,11,1,1,14892,0.05,no_leakage_v1_alpha005,gate_all_sources_proxy_source_only_final_training_only,mmd,,,,,moe,coral,near_nearest_proxy,final,,1,1train,target,False,,,,,,
1,bnci004,MMP_moe,logvar,lda,coral,11,2,2,14923,0.05,no_leakage_v1_alpha005,gate_all_sources_proxy_source_only_final_training_only,mmd,,,,,moe,coral,near_nearest_proxy,main,0.0,0,0train,near,False,0.23615285651981607,2.0,direct,0.2189246581355435,0.1704239468508425,0.25843231317404725
1,bnci004,MMP_moe,logvar,lda,coral,11,2,2,14923,0.05,no_leakage_v1_alpha005,gate_all_sources_proxy_source_only_final_training_only,mmd,,,,,moe,coral,near_nearest_proxy,anchor,0.0,0,0train,proxy_source,False,0.3385228928677812,2.0,direct,0.2189246581355435,0.1704239468508425,0.25843231317404725
1,bnci004,MMP_moe,logvar,lda,coral,11,2,2,14923,0.05,no_leakage_v1_alpha005,gate_all_sources_proxy_source_only_final_training_only,mmd,,,,,moe,coral,near_nearest_proxy,final,0.0,0,0train,train,False,0.23615285651981607,2.0,direct,0.2189246581355435,0.1704239468508425,0.25843231317404725
1,bnci004,MMP_moe,logvar,lda,coral,11,2,2,14923,0.05,no_leakage_v1_alpha005,gate_all_sources_proxy_source_only_final_training_only,mmd,,,,,moe,coral,near_nearest_proxy,main,1.0,1,1train,near,False,0.20721585999571351,2.0,direct,0.24949688850746643,0.1971410178651866,0.29771949641527823
1,bnci004,MMP_moe,logvar,lda,coral,11,2,2,14923,0.05,no_leakage_v1_alpha005,gate_all_sources_proxy_source_only_final_training_only,mmd,,,,,moe,coral,near_nearest_proxy,anchor,1.0,1,1train,proxy_source,False,0.297041981230271,2.0,direct,0.24949688850746643,0.1971410178651866,0.29771949641527823
1,bnci004,MMP_moe,logvar,lda,coral,11,2,2,14923,0.05,no_leakage_v1_alpha005,gate_all_sources_proxy_source_only_final_training_only,mmd,,,,,moe,coral,near_nearest_proxy,final,1.0,1,1train,train,False,0.20721585999571351,2.0,direct,0.24949688850746643,0.1971410178651866,0.29771949641527823
1,bnci004,MMP_moe,logvar,lda,coral,11,2,2,14923,0.05,no_leakage_v1_alpha005,gate_all_sources_proxy_source_only_final_training_only,mmd,,,,,moe,coral,near_nearest_proxy,main,2.0,3,3test,nearest,True,0.30240210781829857,2.0,direct,0.17096315070378323,0.12193683472029575,0.2201589056330993
1,bnci004,MMP_moe,logvar,lda,coral,11,2,2,14923,0.05,no_leakage_v1_alpha005,gate_all_sources_proxy_source_only_final_training_only,mmd,,,,,moe,coral,near_nearest_proxy,anchor,2.0,3,3test,target,False,,2.0,direct,0.17096315070378323,0.12193683472029575,0.2201589056330993
1,bnci004,MMP_moe,logvar,lda,coral,11,2,2,14923,0.05,no_leakage_v1_alpha005,gate_all_sources_proxy_source_only_final_training_only,mmd,,,,,moe,coral,near_nearest_proxy,final,2.0,3,3test,train,True,0.30240210781829857,2.0,direct,0.17096315070378323,0.12193683472029575,0.2201589056330993
1,bnci004,MMP_moe,logvar,lda,coral,11,2,2,14923,0.05,no_leakage_v1_alpha005,gate_all_sources_proxy_source_only_final_training_only,mmd,,,,,moe,coral,near_nearest_proxy,main,3.0,4,4test,near,False,0.25422917566617176,2.0,direct,0.20335850584238394,0.14798330925946748,0.24775230665377634
1,bnci004,MMP_moe,logvar,lda,coral,11,2,2,14923,0.05,no_leakage_v1_alpha005,gate_all_sources_proxy_source_only_final_training_only,mmd,,,,,moe,coral,near_nearest_proxy,anchor,3.0,4,4test,proxy_source,False,0.3644351259019479,2.0,direct,0.20335850584238394,0.14798330925946748,0.24775230665377634
1,bnci004,MMP_moe,logvar,lda,coral,11,2,2,14923,0.05,no_leakage_v1_alpha005,gate_all_sources_proxy_source_only_final_training_only,mmd,,,,,moe,coral,near_nearest_proxy,final,3.0,4,4test,train,False,0.25422917566617176,2.0,direct,0.20335850584238394,0.14798330925946748,0.24775230665377634
1,bnci004,MMP_moe,logvar,lda,coral,11,2,2,14923,0.05,no_leakage_v1_alpha005,gate_all_sources_proxy_source_only_final_training_only,mmd,,,,,moe,coral,near_nearest_proxy,main,,2,2train,target,False,,,,,,
1,bnci004,MMP_moe,logvar,lda,coral,11,2,2,14923,0.05,no_leakage_v1_alpha005,gate_all_sources_proxy_source_only_final_training_only,mmd,,,,,moe,coral,near_nearest_proxy,final,,2,2train,target,False,,,,,,
1,bnci004,MMP_moe,logvar,lda,coral,11,3,3,14954,0.05,no_leakage_v1_alpha005,gate_all_sources_proxy_source_only_final_training_only,mmd,,,,,moe,coral,near_nearest_proxy,main,0.0,0,0train,far,False,,3.0,direct,0.3293514195852137,0.2835976252678471,0.38785608368308994
1,bnci004,MMP_moe,logvar,lda,coral,11,3,3,14954,0.05,no_leakage_v1_alpha005,gate_all_sources_proxy_source_only_final_training_only,mmd,,,,,moe,coral,near_nearest_proxy,anchor,0.0,0,0train,not_used,False,,3.0,direct,0.3293514195852137,0.2835976252678471,0.38785608368308994
1,bnci004,MMP_moe,logvar,lda,coral,11,3,3,14954,0.05,no_leakage_v1_alpha005,gate_all_sources_proxy_source_only_final_training_only,mmd,,,,,moe,coral,near_nearest_proxy,final,0.0,0,0train,not_used,False,,3.0,direct,0.3293514195852137,0.2835976252678471,0.38785608368308994
1,bnci004,MMP_moe,logvar,lda,coral,11,3,3,14954,0.05,no_leakage_v1_alpha005,gate_all_sources_proxy_source_only_final_training_only,mmd,,,,,moe,coral,near_nearest_proxy,main,1.0,1,1train,far,False,,3.0,direct,0.39737443046905463,0.3508432306141841,0.44637268248157613
1,bnci004,MMP_moe,logvar,lda,coral,11,3,3,14954,0.05,no_leakage_v1_alpha005,gate_all_sources_proxy_source_only_final_training_only,mmd,,,,,moe,coral,near_nearest_proxy,anchor,1.0,1,1train,not_used,False,,3.0,direct,0.39737443046905463,0.3508432306141841,0.44637268248157613
1,bnci004,MMP_moe,logvar,lda,coral,11,3,3,14954,0.05,no_leakage_v1_alpha005,gate_all_sources_proxy_source_only_final_training_only,mmd,,,,,moe,coral,near_nearest_proxy,final,1.0,1,1train,not_used,False,,3.0,direct,0.39737443046905463,0.3508432306141841,0.44637268248157613
1,bnci004,MMP_moe,logvar,lda,coral,11,3,3,14954,0.05,no_leakage_v1_alpha005,gate_all_sources_proxy_source_only_final_training_only,mmd,,,,,moe,coral,near_nearest_proxy,main,2.0,2,2train,nearest,True,0.6001752501359073,3.0,direct,0.19564356325852075,0.14887225804860746,0.23870259418951467
1,bnci004,MMP_moe,logvar,lda,coral,11,3,3,14954,0.05,no_leakage_v1_alpha005,gate_all_sources_proxy_source_only_final_training_only,mmd,,,,,moe,coral,near_nearest_proxy,anchor,2.0,2,2train,target,False,,3.0,direct,0.19564356325852075,0.14887225804860746,0.23870259418951467
1,bnci004,MMP_moe,logvar,lda,coral,11,3,3,14954,0.05,no_leakage_v1_alpha005,gate_all_sources_proxy_source_only_final_training_only,mmd,,,,,moe,coral,near_nearest_proxy,final,2.0,2,2train,train,True,0.6001752501359073,3.0,direct,0.19564356325852075,0.14887225804860746,0.23870259418951467
1,bnci004,MMP_moe,logvar,lda,coral,11,3,3,14954,0.05,no_leakage_v1_alpha005,gate_all_sources_proxy_source_only_final_training_only,mmd,,,,,moe,coral,near_nearest_proxy,main,3.0,4,4test,near,False,0.3998247498640928,3.0,direct,0.29368023091761186,0.23381445389652747,0.35841349090889546
1,bnci004,MMP_moe,logvar,lda,coral,11,3,3,14954,0.05,no_leakage_v1_alpha005,gate_all_sources_proxy_source_only_final_training_only,mmd,,,,,moe,coral,near_nearest_proxy,anchor,3.0,4,4test,proxy_source,False,1.0,3.0,direct,0.29368023091761186,0.23381445389652747,0.35841349090889546
1,bnci004,MMP_moe,logvar,lda,coral,11,3,3,14954,0.05,no_leakage_v1_alpha005,gate_all_sources_proxy_source_only_final_training_only,mmd,,,,,moe,coral,near_nearest_proxy,final,3.0,4,4test,train,False,0.3998247498640928,3.0,direct,0.29368023091761186,0.23381445389652747,0.35841349090889546
1,bnci004,MMP_moe,logvar,lda,coral,11,3,3,14954,0.05,no_leakage_v1_alpha005,gate_all_sources_proxy_source_only_final_training_only,mmd,,,,,moe,coral,near_nearest_proxy,main,,3,3test,target,False,,,,,,
1,bnci004,MMP_moe,logvar,lda,coral,11,3,3,14954,0.05,no_leakage_v1_alpha005,gate_all_sources_proxy_source_only_final_training_only,mmd,,,,,moe,coral,near_nearest_proxy,final,,3,3test,target,False,,,,,,
1,bnci004,MMP_moe,logvar,lda,coral,11,4,4,14985,0.05,no_leakage_v1_alpha005,gate_all_sources_proxy_source_only_final_training_only,mmd,,,,,moe,coral,near_nearest_proxy,main,0.0,0,0train,nearest,True,0.5394260201742136,4.0,direct,0.15713525460404273,0.11385015128319505,0.20788006769894932
1,bnci004,MMP_moe,logvar,lda,coral,11,4,4,14985,0.05,no_leakage_v1_alpha005,gate_all_sources_proxy_source_only_final_training_only,mmd,,,,,moe,coral,near_nearest_proxy,anchor,0.0,0,0train,target,False,,4.0,direct,0.15713525460404273,0.11385015128319505,0.20788006769894932
1,bnci004,MMP_moe,logvar,lda,coral,11,4,4,14985,0.05,no_leakage_v1_alpha005,gate_all_sources_proxy_source_only_final_training_only,mmd,,,,,moe,coral,near_nearest_proxy,final,0.0,0,0train,train,True,0.5394260201742136,4.0,direct,0.15713525460404273,0.11385015128319505,0.20788006769894932
1,bnci004,MMP_moe,logvar,lda,coral,11,4,4,14985,0.05,no_leakage_v1_alpha005,gate_all_sources_proxy_source_only_final_training_only,mmd,,,,,moe,coral,near_nearest_proxy,main,1.0,1,1train,far,False,,4.0,direct,0.3024369503834761,0.25797435088672394,0.3587835324385607
1,bnci004,MMP_moe,logvar,lda,coral,11,4,4,14985,0.05,no_leakage_v1_alpha005,gate_all_sources_proxy_source_only_final_training_only,mmd,,,,,moe,coral,near_nearest_proxy,anchor,1.0,1,1train,not_used,False,,4.0,direct,0.3024369503834761,0.25797435088672394,0.3587835324385607
1,bnci004,MMP_moe,logvar,lda,coral,11,4,4,14985,0.05,no_leakage_v1_alpha005,gate_all_sources_proxy_source_only_final_training_only,mmd,,,,,moe,coral,near_nearest_proxy,final,1.0,1,1train,not_used,False,,4.0,direct,0.3024369503834761,0.25797435088672394,0.3587835324385607
1,bnci004,MMP_moe,logvar,lda,coral,11,4,4,14985,0.05,no_leakage_v1_alpha005,gate_all_sources_proxy_source_only_final_training_only,mmd,,,,,moe,coral,near_nearest_proxy,main,2.0,2,2train,near,False,0.4605739798257865,4.0,direct,0.18403758697836714,0.14702392235309633,0.23121483255280392
1,bnci004,MMP_moe,logvar,lda,coral,11,4,4,14985,0.05,no_leakage_v1_alpha005,gate_all_sources_proxy_source_only_final_training_only,mmd,,,,,moe,coral,near_nearest_proxy,anchor,2.0,2,2train,proxy_source,False,1.0,4.0,direct,0.18403758697836714,0.14702392235309633,0.23121483255280392
1,bnci004,MMP_moe,logvar,lda,coral,11,4,4,14985,0.05,no_leakage_v1_alpha005,gate_all_sources_proxy_source_only_final_training_only,mmd,,,,,moe,coral,near_nearest_proxy,final,2.0,2,2train,train,False,0.4605739798257865,4.0,direct,0.18403758697836714,0.14702392235309633,0.23121483255280392
1,bnci004,MMP_moe,logvar,lda,coral,11,4,4,14985,0.05,no_leakage_v1_alpha005,gate_all_sources_proxy_source_only_final_training_only,mmd,,,,,moe,coral,near_nearest_proxy,main,3.0,3,3test,far,False,,4.0,direct,0.38776769817657436,0.3197557019763322,0.4656427674702085
1,bnci004,MMP_moe,logvar,lda,coral,11,4,4,14985,0.05,no_leakage_v1_alpha005,gate_all_sources_proxy_source_only_final_training_only,mmd,,,,,moe,coral,near_nearest_proxy,anchor,3.0,3,3test,not_used,False,,4.0,direct,0.38776769817657436,0.3197557019763322,0.4656427674702085
1,bnci004,MMP_moe,logvar,lda,coral,11,4,4,14985,0.05,no_leakage_v1_alpha005,gate_all_sources_proxy_source_only_final_training_only,mmd,,,,,moe,coral,near_nearest_proxy,final,3.0,3,3test,not_used,False,,4.0,direct,0.38776769817657436,0.3197557019763322,0.4656427674702085
1,bnci004,MMP_moe,logvar,lda,coral,11,4,4,14985,0.05,no_leakage_v1_alpha005,gate_all_sources_proxy_source_only_final_training_only,mmd,,,,,moe,coral,near_nearest_proxy,main,,4,4test,target,False,,,,,,
1,bnci004,MMP_moe,logvar,lda,coral,11,4,4,14985,0.05,no_leakage_v1_alpha005,gate_all_sources_proxy_source_only_final_training_only,mmd,,,,,moe,coral,near_nearest_proxy,final,,4,4test,target,False,,,,,,
1,bnci004,MMP_moe,logvar,svm_radial,none,12,0,0,15858,0.05,no_leakage_v1_alpha005,gate_all_sources_proxy_source_only_final_training_only,mmd,,,,,moe,coral,near_nearest_proxy,main,0.0,1,1train,nearest,True,0.5895087423944974,0.0,direct,0.14293682438357966,0.10468332739869365,0.19229648398568852
1,bnci004,MMP_moe,logvar,svm_radial,none,12,0,0,15858,0.05,no_leakage_v1_alpha005,gate_all_sources_proxy_source_only_final_training_only,mmd,,,,,moe,coral,near_nearest_proxy,anchor,0.0,1,1train,target,False,,0.0,direct,0.14293682438357966,0.10468332739869365,0.19229648398568852
1,bnci004,MMP_moe,logvar,svm_radial,none,12,0,0,15858,0.05,no_leakage_v1_alpha005,gate_all_sources_proxy_source_only_final_training_only,mmd,,,,,moe,coral,near_nearest_proxy,final,0.0,1,1train,train,True,0.5895087423944974,0.0,direct,0.14293682438357966,0.10468332739869365,0.19229648398568852
1,bnci004,MMP_moe,logvar,svm_radial,none,12,0,0,15858,0.05,no_leakage_v1_alpha005,gate_all_sources_proxy_source_only_final_training_only,mmd,,,,,moe,coral,near_nearest_proxy,main,1.0,2,2train,far,False,,0.0,direct,0.3729673947749977,0.3025645016315391,0.466989426962535
1,bnci004,MMP_moe,logvar,svm_radial,none,12,0,0,15858,0.05,no_leakage_v1_alpha005,gate_all_sources_proxy_source_only_final_training_only,mmd,,,,,moe,coral,near_nearest_proxy,anchor,1.0,2,2train,not_used,False,,0.0,direct,0.3729673947749977,0.3025645016315391,0.466989426962535
1,bnci004,MMP_moe,logvar,svm_radial,none,12,0,0,15858,0.05,no_leakage_v1_alpha005,gate_all_sources_proxy_source_only_final_training_only,mmd,,,,,moe,coral,near_nearest_proxy,final,1.0,2,2train,not_used,False,,0.0,direct,0.3729673947749977,0.3025645016315391,0.466989426962535
1,bnci004,MMP_moe,logvar,svm_radial,none,12,0,0,15858,0.05,no_leakage_v1_alpha005,gate_all_sources_proxy_source_only_final_training_only,mmd,,,,,moe,coral,near_nearest_proxy,main,2.0,3,3test,far,False,,0.0,direct,0.6056028602408864,0.5384366668095777,0.6926853786969798
1,bnci004,MMP_moe,logvar,svm_radial,none,12,0,0,15858,0.05,no_leakage_v1_alpha005,gate_all_sources_proxy_source_only_final_training_only,mmd,,,,,moe,coral,near_nearest_proxy,anchor,2.0,3,3test,not_used,False,,0.0,direct,0.6056028602408864,0.5384366668095777,0.6926853786969798
1,bnci004,MMP_moe,logvar,svm_radial,none,12,0,0,15858,0.05,no_leakage_v1_alpha005,gate_all_sources_proxy_source_only_final_training_only,mmd,,,,,moe,coral,near_nearest_proxy,final,2.0,3,3test,not_used,False,,0.0,direct,0.6056028602408864,0.5384366668095777,0.6926853786969798
1,bnci004,MMP_moe,logvar,svm_radial,none,12,0,0,15858,0.05,no_leakage_v1_alpha005,gate_all_sources_proxy_source_only_final_training_only,mmd,,,,,moe,coral,near_nearest_proxy,main,3.0,4,4test,near,False,0.4104912576055026,0.0,direct,0.2052727921496724,0.1511029565107301,0.276311370801955
1,bnci004,MMP_moe,logvar,svm_radial,none,12,0,0,15858,0.05,no_leakage_v1_alpha005,gate_all_sources_proxy_source_only_final_training_only,mmd,,,,,moe,coral,near_nearest_proxy,anchor,3.0,4,4test,proxy_source,False,1.0,0.0,direct,0.2052727921496724,0.1511029565107301,0.276311370801955
1,bnci004,MMP_moe,logvar,svm_radial,none,12,0,0,15858,0.05,no_leakage_v1_alpha005,gate_all_sources_proxy_source_only_final_training_only,mmd,,,,,moe,coral,near_nearest_proxy,final,3.0,4,4test,train,False,0.4104912576055026,0.0,direct,0.2052727921496724,0.1511029565107301,0.276311370801955
1,bnci004,MMP_moe,logvar,svm_radial,none,12,0,0,15858,0.05,no_leakage_v1_alpha005,gate_all_sources_proxy_source_only_final_training_only,mmd,,,,,moe,coral,near_nearest_proxy,main,,0,0train,target,False,,,,,,
1,bnci004,MMP_moe,logvar,svm_radial,none,12,0,0,15858,0.05,no_leakage_v1_alpha005,gate_all_sources_proxy_source_only_final_training_only,mmd,,,,,moe,coral,near_nearest_proxy,final,,0,0train,target,False,,,,,,
1,bnci004,MMP_moe,logvar,svm_radial,none,12,1,1,15889,0.05,no_leakage_v1_alpha005,gate_all_sources_proxy_source_only_final_training_only,mmd,,,,,moe,coral,near_nearest_proxy,main,0.0,0,0train,nearest,True,1.0,1.0,direct,0.13439931830331928,0.09611388881147769,0.173656983057837
1,bnci004,MMP_moe,logvar,svm_radial,none,12,1,1,15889,0.05,no_leakage_v1_alpha005,gate_all_sources_proxy_source_only_final_training_only,mmd,,,,,moe,coral,near_nearest_proxy,anchor,0.0,0,0train,target,False,,1.0,direct,0.13439931830331928,0.09611388881147769,0.173656983057837
1,bnci004,MMP_moe,logvar,svm_radial,none,12,1,1,15889,0.05,no_leakage_v1_alpha005,gate_all_sources_proxy_source_only_final_training_only,mmd,,,,,moe,coral,near_nearest_proxy,final,0.0,0,0train,train,True,1.0,1.0,direct,0.13439931830331928,0.09611388881147769,0.173656983057837
1,bnci004,MMP_moe,logvar,svm_radial,none,12,1,1,15889,0.05,no_leakage_v1_alpha005,gate_all_sources_proxy_source_only_final_training_only,mmd,,,,,moe,coral,near_nearest_proxy,main,1.0,2,2train,far,False,,1.0,direct,0.3974187909948095,0.31989154233364997,0.4753929745158052
1,bnci004,MMP_moe,logvar,svm_radial,none,12,1,1,15889,0.05,no_leakage_v1_alpha005,gate_all_sources_proxy_source_only_final_training_only,mmd,,,,,moe,coral,near_nearest_proxy,anchor,1.0,2,2train,not_used,False,,1.0,direct,0.3974187909948095,0.31989154233364997,0.4753929745158052
1,bnci004,MMP_moe,logvar,svm_radial,none,12,1,1,15889,0.05,no_leakage_v1_alpha005,gate_all_sources_proxy_source_only_final_training_only,mmd,,,,,moe,coral,near_nearest_proxy,final,1.0,2,2train,not_used,False,,1.0,direct,0.3974187909948095,0.31989154233364997,0.4753929745158052
1,bnci004,MMP_moe,logvar,svm_radial,none,12,1,1,15889,0.05,no_leakage_v1_alpha005,gate_all_sources_proxy_source_only_final_training_only,mmd,,,,,moe,coral,near_nearest_proxy,main,2.0,3,3test,far,False,,1.0,direct,0.6983549646556402,0.6202967958758435,0.7684908270609205
1,bnci004,MMP_moe,logvar,svm_radial,none,12,1,1,15889,0.05,no_leakage_v1_alpha005,gate_all_sources_proxy_source_only_final_training_only,mmd,,,,,moe,coral,near_nearest_proxy,anchor,2.0,3,3test,not_used,False,,1.0,direct,0.6983549646556402,0.6202967958758435,0.7684908270609205
1,bnci004,MMP_moe,logvar,svm_radial,none,12,1,1,15889,0.05,no_leakage_v1_alpha005,gate_all_sources_proxy_source_only_final_training_only,mmd,,,,,moe,coral,near_nearest_proxy,final,2.0,3,3test,not_used,False,,1.0,direct,0.6983549646556402,0.6202967958758435,0.7684908270609205
1,bnci004,MMP_moe,logvar,svm_radial,none,12,1,1,15889,0.05,no_leakage_v1_alpha005,gate_all_sources_proxy_source_only_final_training_only,mmd,,,,,moe,coral,near_nearest_proxy,main,3.0,4,4test,far,False,,1.0,direct,0.3525599484088046,0.28818175636130855,0.42975181588267364
1,bnci004,MMP_moe,logvar,svm_radial,none,12,1,1,15889,0.05,no_leakage_v1_alpha005,gate_all_sources_proxy_source_only_final_training_only,mmd,,,,,moe,coral,near_nearest_proxy,anchor,3.0,4,4test,second_nearest_fallback_source,False,1.0,1.0,direct,0.3525599484088046,0.28818175636130855,0.42975181588267364
1,bnci004,MMP_moe,logvar,svm_radial,none,12,1,1,15889,0.05,no_leakage_v1_alpha005,gate_all_sources_proxy_source_only_final_training_only,mmd,,,,,moe,coral,near_nearest_proxy,final,3.0,4,4test,not_used,False,,1.0,direct,0.3525599484088046,0.28818175636130855,0.42975181588267364
1,bnci004,MMP_moe,logvar,svm_radial,none,12,1,1,15889,0.05,no_leakage_v1_alpha005,gate_all_sources_proxy_source_only_final_training_only,mmd,,,,,moe,coral,near_nearest_proxy,main,,1,1train,target,False,,,,,,
1,bnci004,MMP_moe,logvar,svm_radial,none,12,1,1,15889,0.05,no_leakage_v1_alpha005,gate_all_sources_proxy_source_only_final_training_only,mmd,,,,,moe,coral,near_nearest_proxy,final,,1,1train,target,False,,,,,,
1,bnci004,MMP_moe,logvar,svm_radial,none,12,2,2,15920,0.05,no_leakage_v1_alpha005,gate_all_sources_proxy_source_only_final_training_only,mmd,,,,,moe,coral,near_nearest_proxy,main,0.0,0,0train,near,False,0.23550016439979043,2.0,direct,0.21941590990737908,0.17792145920382155,0.26549856404672695
1,bnci004,MMP_moe,logvar,svm_radial,none,12,2,2,15920,0.05,no_leakage_v1_alpha005,gate_all_sources_proxy_source_only_final_training_only,mmd,,,,,moe,coral,near_nearest_proxy,anchor,0.0,0,0train,proxy_source,False,0.3371889094982526,2.0,direct,0.21941590990737908,0.17792145920382155,0.26549856404672695
1,bnci004,MMP_moe,logvar,svm_radial,none,12,2,2,15920,0.05,no_leakage_v1_alpha005,gate_all_sources_proxy_source_only_final_training_only,mmd,,,,,moe,coral,near_nearest_proxy,final,0.0,0,0train,train,False,0.23550016439979043,2.0,direct,0.21941590990737908,0.17792145920382155,0.26549856404672695
1,bnci004,MMP_moe,logvar,svm_radial,none,12,2,2,15920,0.05,no_leakage_v1_alpha005,gate_all_sources_proxy_source_only_final_training_only,mmd,,,,,moe,coral,near_nearest_proxy,main,1.0,1,1train,near,False,0.20694552317223283,2.0,direct,0.24969137103175484,0.20119757776095729,0.29783565110160554
1,bnci004,MMP_moe,logvar,svm_radial,none,12,2,2,15920,0.05,no_leakage_v1_alpha005,gate_all_sources_proxy_source_only_final_training_only,mmd,,,,,moe,coral,near_nearest_proxy,anchor,1.0,1,1train,proxy_source,False,0.2963044015779577,2.0,direct,0.24969137103175484,0.20119757776095729,0.29783565110160554
1,bnci004,MMP_moe,logvar,svm_radial,none,12,2,2,15920,0.05,no_leakage_v1_alpha005,gate_all_sources_proxy_source_only_final_training_only,mmd,,,,,moe,coral,near_nearest_proxy,final,1.0,1,1train,train,False,0.20694552317223283,2.0,direct,0.24969137103175484,0.20119757776095729,0.29783565110160554
1,bnci004,MMP_moe,logvar,svm_radial,none,12,2,2,15920,0.05,no_leakage_v1_alpha005,gate_all_sources_proxy_source_only_final_training_only,mmd,,,,,moe,coral,near_nearest_proxy,main,2.0,3,3test,nearest,True,0.30157796485589666,2.0,direct,0.17134016008764966,0.12935819039993748,0.22029566846598486
1,bnci004,MMP_moe,logvar,svm_radial,none,12,2,2,15920,0.05,no_leakage_v1_alpha005,gate_all_sources_proxy_source_only_final_training_only,mmd,,,,,moe,coral,near_nearest_proxy,anchor,2.0,3,3test,target,False,,2.0,direct,0.17134016008764966,0.12935819039993748,0.22029566846598486
1,bnci004,MMP_moe,logvar,svm_radial,none,12,2,2,15920,0.05,no_leakage_v1_alpha005,gate_all_sources_proxy_source_only_final_training_only,mmd,,,,,moe,coral,near_nearest_proxy,final,2.0,3,3test,train,True,0.30157796485589666,2.0,direct,0.17134016008764966,0.12935819039993748,0.22029566846598486
1,bnci004,MMP_moe,logvar,svm_radial,none,12,2,2,15920,0.05,no_leakage_v1_alpha005,gate_all_sources_proxy_source_only_final_training_only,mmd,,,,,moe,coral,near_nearest_proxy,main,3.0,4,4test,near,False,0.25597634757208004,2.0,direct,0.2018642068653778,0.15211955384617695,0.2527973265577895
1,bnci004,MMP_moe,logvar,svm_radial,none,12,2,2,15920,0.05,no_leakage_v1_alpha005,gate_all_sources_proxy_source_only_final_training_only,mmd,,,,,moe,coral,near_nearest_proxy,anchor,3.0,4,4test,proxy_source,False,0.3665066889237898,2.0,direct,0.2018642068653778,0.15211955384617695,0.2527973265577895
1,bnci004,MMP_moe,logvar,svm_radial,none,12,2,2,15920,0.05,no_leakage_v1_alpha005,gate_all_sources_proxy_source_only_final_training_only,mmd,,,,,moe,coral,near_nearest_proxy,final,3.0,4,4test,train,False,0.25597634757208004,2.0,direct,0.2018642068653778,0.15211955384617695,0.2527973265577895
1,bnci004,MMP_moe,logvar,svm_radial,none,12,2,2,15920,0.05,no_leakage_v1_alpha005,gate_all_sources_proxy_source_only_final_training_only,mmd,,,,,moe,coral,near_nearest_proxy,main,,2,2train,target,False,,,,,,
1,bnci004,MMP_moe,logvar,svm_radial,none,12,2,2,15920,0.05,no_leakage_v1_alpha005,gate_all_sources_proxy_source_only_final_training_only,mmd,,,,,moe,coral,near_nearest_proxy,final,,2,2train,target,False,,,,,,
1,bnci004,MMP_moe,logvar,svm_radial,none,12,3,3,15951,0.05,no_leakage_v1_alpha005,gate_all_sources_proxy_source_only_final_training_only,mmd,,,,,moe,coral,near_nearest_proxy,main,0.0,0,0train,far,False,,3.0,direct,0.32713972381553696,0.277111425708258,0.37798860174557275
1,bnci004,MMP_moe,logvar,svm_radial,none,12,3,3,15951,0.05,no_leakage_v1_alpha005,gate_all_sources_proxy_source_only_final_training_only,mmd,,,,,moe,coral,near_nearest_proxy,anchor,0.0,0,0train,not_used,False,,3.0,direct,0.32713972381553696,0.277111425708258,0.37798860174557275
1,bnci004,MMP_moe,logvar,svm_radial,none,12,3,3,15951,0.05,no_leakage_v1_alpha005,gate_all_sources_proxy_source_only_final_training_only,mmd,,,,,moe,coral,near_nearest_proxy,final,0.0,0,0train,not_used,False,,3.0,direct,0.32713972381553696,0.277111425708258,0.37798860174557275
1,bnci004,MMP_moe,logvar,svm_radial,none,12,3,3,15951,0.05,no_leakage_v1_alpha005,gate_all_sources_proxy_source_only_final_training_only,mmd,,,,,moe,coral,near_nearest_proxy,main,1.0,1,1train,far,False,,3.0,direct,0.3970501126315999,0.3496473339119373,0.444529060218548
1,bnci004,MMP_moe,logvar,svm_radial,none,12,3,3,15951,0.05,no_leakage_v1_alpha005,gate_all_sources_proxy_source_only_final_training_only,mmd,,,,,moe,coral,near_nearest_proxy,anchor,1.0,1,1train,not_used,False,,3.0,direct,0.3970501126315999,0.3496473339119373,0.444529060218548
1,bnci004,MMP_moe,logvar,svm_radial,none,12,3,3,15951,0.05,no_leakage_v1_alpha005,gate_all_sources_proxy_source_only_final_training_only,mmd,,,,,moe,coral,near_nearest_proxy,final,1.0,1,1train,not_used,False,,3.0,direct,0.3970501126315999,0.3496473339119373,0.444529060218548
1,bnci004,MMP_moe,logvar,svm_radial,none,12,3,3,15951,0.05,no_leakage_v1_alpha005,gate_all_sources_proxy_source_only_final_training_only,mmd,,,,,moe,coral,near_nearest_proxy,main,2.0,2,2train,nearest,True,0.5897071156293835,3.0,direct,0.20173807603913332,0.14606345195741868,0.26053352606506597
1,bnci004,MMP_moe,logvar,svm_radial,none,12,3,3,15951,0.05,no_leakage_v1_alpha005,gate_all_sources_proxy_source_only_final_training_only,mmd,,,,,moe,coral,near_nearest_proxy,anchor,2.0,2,2train,target,False,,3.0,direct,0.20173807603913332,0.14606345195741868,0.26053352606506597
1,bnci004,MMP_moe,logvar,svm_radial,none,12,3,3,15951,0.05,no_leakage_v1_alpha005,gate_all_sources_proxy_source_only_final_training_only,mmd,,,,,moe,coral,near_nearest_proxy,final,2.0,2,2train,train,True,0.5897071156293835,3.0,direct,0.20173807603913332,0.14606345195741868,0.26053352606506597
1,bnci004,MMP_moe,logvar,svm_radial,none,12,3,3,15951,0.05,no_leakage_v1_alpha005,gate_all_sources_proxy_source_only_final_training_only,mmd,,,,,moe,coral,near_nearest_proxy,main,3.0,4,4test,near,False,0.4102928843706165,3.0,direct,0.28995520731582475,0.22650423747267845,0.3500411046909597
1,bnci004,MMP_moe,logvar,svm_radial,none,12,3,3,15951,0.05,no_leakage_v1_alpha005,gate_all_sources_proxy_source_only_final_training_only,mmd,,,,,moe,coral,near_nearest_proxy,anchor,3.0,4,4test,proxy_source,False,1.0,3.0,direct,0.28995520731582475,0.22650423747267845,0.3500411046909597
1,bnci004,MMP_moe,logvar,svm_radial,none,12,3,3,15951,0.05,no_leakage_v1_alpha005,gate_all_sources_proxy_source_only_final_training_only,mmd,,,,,moe,coral,near_nearest_proxy,final,3.0,4,4test,train,False,0.4102928843706165,3.0,direct,0.28995520731582475,0.22650423747267845,0.3500411046909597
1,bnci004,MMP_moe,logvar,svm_radial,none,12,3,3,15951,0.05,no_leakage_v1_alpha005,gate_all_sources_proxy_source_only_final_training_only,mmd,,,,,moe,coral,near_nearest_proxy,main,,3,3test,target,False,,,,,,
1,bnci004,MMP_moe,logvar,svm_radial,none,12,3,3,15951,0.05,no_leakage_v1_alpha005,gate_all_sources_proxy_source_only_final_training_only,mmd,,,,,moe,coral,near_nearest_proxy,final,,3,3test,target,False,,,,,,
1,bnci004,MMP_moe,logvar,svm_radial,none,12,4,4,15982,0.05,no_leakage_v1_alpha005,gate_all_sources_proxy_source_only_final_training_only,mmd,,,,,moe,coral,near_nearest_proxy,main,0.0,0,0train,nearest,True,0.5381429095839807,4.0,direct,0.15779570993289632,0.11938889161973242,0.20586795519344353
1,bnci004,MMP_moe,logvar,svm_radial,none,12,4,4,15982,0.05,no_leakage_v1_alpha005,gate_all_sources_proxy_source_only_final_training_only,mmd,,,,,moe,coral,near_nearest_proxy,anchor,0.0,0,0train,target,False,,4.0,direct,0.15779570993289632,0.11938889161973242,0.20586795519344353
1,bnci004,MMP_moe,logvar,svm_radial,none,12,4,4,15982,0.05,no_leakage_v1_alpha005,gate_all_sources_proxy_source_only_final_training_only,mmd,,,,,moe,coral,near_nearest_proxy,final,0.0,0,0train,train,True,0.5381429095839807,4.0,direct,0.15779570993289632,0.11938889161973242,0.20586795519344353
1,bnci004,MMP_moe,logvar,svm_radial,none,12,4,4,15982,0.05,no_leakage_v1_alpha005,gate_all_sources_proxy_source_only_final_training_only,mmd,,,,,moe,coral,near_nearest_proxy,main,1.0,1,1train,far,False,,4.0,direct,0.298748578832364,0.24243674240684834,0.3521811847990297
1,bnci004,MMP_moe,logvar,svm_radial,none,12,4,4,15982,0.05,no_leakage_v1_alpha005,gate_all_sources_proxy_source_only_final_training_only,mmd,,,,,moe,coral,near_nearest_proxy,anchor,1.0,1,1train,not_used,False,,4.0,direct,0.298748578832364,0.24243674240684834,0.3521811847990297
1,bnci004,MMP_moe,logvar,svm_radial,none,12,4,4,15982,0.05,no_leakage_v1_alpha005,gate_all_sources_proxy_source_only_final_training_only,mmd,,,,,moe,coral,near_nearest_proxy,final,1.0,1,1train,not_used,False,,4.0,direct,0.298748578832364,0.24243674240684834,0.3521811847990297
1,bnci004,MMP_moe,logvar,svm_radial,none,12,4,4,15982,0.05,no_leakage_v1_alpha005,gate_all_sources_proxy_source_only_final_training_only,mmd,,,,,moe,coral,near_nearest_proxy,main,2.0,2,2train,near,False,0.4618570904160192,4.0,direct,0.18385929438149112,0.14645370741392635,0.2327836037466085
1,bnci004,MMP_moe,logvar,svm_radial,none,12,4,4,15982,0.05,no_leakage_v1_alpha005,gate_all_sources_proxy_source_only_final_training_only,mmd,,,,,moe,coral,near_nearest_proxy,anchor,2.0,2,2train,proxy_source,False,1.0,4.0,direct,0.18385929438149112,0.14645370741392635,0.2327836037466085
1,bnci004,MMP_moe,logvar,svm_radial,none,12,4,4,15982,0.05,no_leakage_v1_alpha005,gate_all_sources_proxy_source_only_final_training_only,mmd,,,,,moe,coral,near_nearest_proxy,final,2.0,2,2train,train,False,0.4618570904160192,4.0,direct,0.18385929438149112,0.14645370741392635,0.2327836037466085
1,bnci004,MMP_moe,logvar,svm_radial,none,12,4,4,15982,0.05,no_leakage_v1_alpha005,gate_all_sources_proxy_source_only_final_training_only,mmd,,,,,moe,coral,near_nearest_proxy,main,3.0,3,3test,far,False,,4.0,direct,0.38388076512640884,0.2994241771709966,0.47740240486086427
1,bnci004,MMP_moe,logvar,svm_radial,none,12,4,4,15982,0.05,no_leakage_v1_alpha005,gate_all_sources_proxy_source_only_final_training_only,mmd,,,,,moe,coral,near_nearest_proxy,anchor,3.0,3,3test,not_used,False,,4.0,direct,0.38388076512640884,0.2994241771709966,0.47740240486086427
1,bnci004,MMP_moe,logvar,svm_radial,none,12,4,4,15982,0.05,no_leakage_v1_alpha005,gate_all_sources_proxy_source_only_final_training_only,mmd,,,,,moe,coral,near_nearest_proxy,final,3.0,3,3test,not_used,False,,4.0,direct,0.38388076512640884,0.2994241771709966,0.47740240486086427
1,bnci004,MMP_moe,logvar,svm_radial,none,12,4,4,15982,0.05,no_leakage_v1_alpha005,gate_all_sources_proxy_source_only_final_training_only,mmd,,,,,moe,coral,near_nearest_proxy,main,,4,4test,target,False,,,,,,
1,bnci004,MMP_moe,logvar,svm_radial,none,12,4,4,15982,0.05,no_leakage_v1_alpha005,gate_all_sources_proxy_source_only_final_training_only,mmd,,,,,moe,coral,near_nearest_proxy,final,,4,4test,target,False,,,,,,
1,bnci004,MMP_moe,logvar,svm_radial,sa,13,0,0,16855,0.05,no_leakage_v1_alpha005,gate_all_sources_proxy_source_only_final_training_only,mmd,,,,,moe,coral,near_nearest_proxy,main,0.0,1,1train,nearest,True,0.5976094441224327,0.0,direct,0.14197168350041525,0.10299710887458914,0.19163115934963448
1,bnci004,MMP_moe,logvar,svm_radial,sa,13,0,0,16855,0.05,no_leakage_v1_alpha005,gate_all_sources_proxy_source_only_final_training_only,mmd,,,,,moe,coral,near_nearest_proxy,anchor,0.0,1,1train,target,False,,0.0,direct,0.14197168350041525,0.10299710887458914,0.19163115934963448
1,bnci004,MMP_moe,logvar,svm_radial,sa,13,0,0,16855,0.05,no_leakage_v1_alpha005,gate_all_sources_proxy_source_only_final_training_only,mmd,,,,,moe,coral,near_nearest_proxy,final,0.0,1,1train,train,True,0.5976094441224327,0.0,direct,0.14197168350041525,0.10299710887458914,0.19163115934963448
1,bnci004,MMP_moe,logvar,svm_radial,sa,13,0,0,16855,0.05,no_leakage_v1_alpha005,gate_all_sources_proxy_source_only_final_training_only,mmd,,,,,moe,coral,near_nearest_proxy,main,1.0,2,2train,far,False,,0.0,direct,0.3723118405708916,0.31167461427759263,0.45190221524970503
1,bnci004,MMP_moe,logvar,svm_radial,sa,13,0,0,16855,0.05,no_leakage_v1_alpha005,gate_all_sources_proxy_source_only_final_training_only,mmd,,,,,moe,coral,near_nearest_proxy,anchor,1.0,2,2train,not_used,False,,0.0,direct,0.3723118405708916,0.31167461427759263,0.45190221524970503
1,bnci004,MMP_moe,logvar,svm_radial,sa,13,0,0,16855,0.05,no_leakage_v1_alpha005,gate_all_sources_proxy_source_only_final_training_only,mmd,,,,,moe,coral,near_nearest_proxy,final,1.0,2,2train,not_used,False,,0.0,direct,0.3723118405708916,0.31167461427759263,0.45190221524970503
1,bnci004,MMP_moe,logvar,svm_radial,sa,13,0,0,16855,0.05,no_leakage_v1_alpha005,gate_all_sources_proxy_source_only_final_training_only,mmd,,,,,moe,coral,near_nearest_proxy,main,2.0,3,3test,far,False,,0.0,direct,0.5984715925418118,0.5106074818854021,0.6922740653037651
1,bnci004,MMP_moe,logvar,svm_radial,sa,13,0,0,16855,0.05,no_leakage_v1_alpha005,gate_all_sources_proxy_source_only_final_training_only,mmd,,,,,moe,coral,near_nearest_proxy,anchor,2.0,3,3test,not_used,False,,0.0,direct,0.5984715925418118,0.5106074818854021,0.6922740653037651
1,bnci004,MMP_moe,logvar,svm_radial,sa,13,0,0,16855,0.05,no_leakage_v1_alpha005,gate_all_sources_proxy_source_only_final_training_only,mmd,,,,,moe,coral,near_nearest_proxy,final,2.0,3,3test,not_used,False,,0.0,direct,0.5984715925418118,0.5106074818854021,0.6922740653037651
1,bnci004,MMP_moe,logvar,svm_radial,sa,13,0,0,16855,0.05,no_leakage_v1_alpha005,gate_all_sources_proxy_source_only_final_training_only,mmd,,,,,moe,coral,near_nearest_proxy,main,3.0,4,4test,near,False,0.40239055587756734,0.0,direct,0.21084941690955641,0.14510262477215619,0.27831464048374654
1,bnci004,MMP_moe,logvar,svm_radial,sa,13,0,0,16855,0.05,no_leakage_v1_alpha005,gate_all_sources_proxy_source_only_final_training_only,mmd,,,,,moe,coral,near_nearest_proxy,anchor,3.0,4,4test,proxy_source,False,1.0,0.0,direct,0.21084941690955641,0.14510262477215619,0.27831464048374654
1,bnci004,MMP_moe,logvar,svm_radial,sa,13,0,0,16855,0.05,no_leakage_v1_alpha005,gate_all_sources_proxy_source_only_final_training_only,mmd,,,,,moe,coral,near_nearest_proxy,final,3.0,4,4test,train,False,0.40239055587756734,0.0,direct,0.21084941690955641,0.14510262477215619,0.27831464048374654
1,bnci004,MMP_moe,logvar,svm_radial,sa,13,0,0,16855,0.05,no_leakage_v1_alpha005,gate_all_sources_proxy_source_only_final_training_only,mmd,,,,,moe,coral,near_nearest_proxy,main,,0,0train,target,False,,,,,,
1,bnci004,MMP_moe,logvar,svm_radial,sa,13,0,0,16855,0.05,no_leakage_v1_alpha005,gate_all_sources_proxy_source_only_final_training_only,mmd,,,,,moe,coral,near_nearest_proxy,final,,0,0train,target,False,,,,,,
1,bnci004,MMP_moe,logvar,svm_radial,sa,13,1,1,16886,0.05,no_leakage_v1_alpha005,gate_all_sources_proxy_source_only_final_training_only,mmd,,,,,moe,coral,near_nearest_proxy,main,0.0,0,0train,nearest,True,1.0,1.0,direct,0.1350737323889277,0.09798337301517238,0.17896537334560364
1,bnci004,MMP_moe,logvar,svm_radial,sa,13,1,1,16886,0.05,no_leakage_v1_alpha005,gate_all_sources_proxy_source_only_final_training_only,mmd,,,,,moe,coral,near_nearest_proxy,anchor,0.0,0,0train,target,False,,1.0,direct,0.1350737323889277,0.09798337301517238,0.17896537334560364
1,bnci004,MMP_moe,logvar,svm_radial,sa,13,1,1,16886,0.05,no_leakage_v1_alpha005,gate_all_sources_proxy_source_only_final_training_only,mmd,,,,,moe,coral,near_nearest_proxy,final,0.0,0,0train,train,True,1.0,1.0,direct,0.1350737323889277,0.09798337301517238,0.17896537334560364
1,bnci004,MMP_moe,logvar,svm_radial,sa,13,1,1,16886,0.05,no_leakage_v1_alpha005,gate_all_sources_proxy_source_only_final_training_only,mmd,,,,,moe,coral,near_nearest_proxy,main,1.0,2,2train,far,False,,1.0,direct,0.3964431516429548,0.32925264600527243,0.4857083484716249
1,bnci004,MMP_moe,logvar,svm_radial,sa,13,1,1,16886,0.05,no_leakage_v1_alpha005,gate_all_sources_proxy_source_only_final_training_only,mmd,,,,,moe,coral,near_nearest_proxy,anchor,1.0,2,2train,not_used,False,,1.0,direct,0.3964431516429548,0.32925264600527243,0.4857083484716249
1,bnci004,MMP_moe,logvar,svm_radial,sa,13,1,1,16886,0.05,no_leakage_v1_alpha005,gate_all_sources_proxy_source_only_final_training_only,mmd,,,,,moe,coral,near_nearest_proxy,final,1.0,2,2train,not_used,False,,1.0,direct,0.3964431516429548,0.32925264600527243,0.4857083484716249
1,bnci004,MMP_moe,logvar,svm_radial,sa,13,1,1,16886,0.05,no_leakage_v1_alpha005,gate_all_sources_proxy_source_only_final_training_only,mmd,,,,,moe,coral,near_nearest_proxy,main,2.0,3,3test,far,False,,1.0,direct,0.7083900341724682,0.6386388454164238,0.7834315661536663
1,bnci004,MMP_moe,logvar,svm_radial,sa,13,1,1,16886,0.05,no_leakage_v1_alpha005,gate_all_sources_proxy_source_only_final_training_only,mmd,,,,,moe,coral,near_nearest_proxy,anchor,2.0,3,3test,not_used,False,,1.0,direct,0.7083900341724682,0.6386388454164238,0.7834315661536663
1,bnci004,MMP_moe,logvar,svm_radial,sa,13,1,1,16886,0.05,no_leakage_v1_alpha005,gate_all_sources_proxy_source_only_final_training_only,mmd,,,,,moe,coral,near_nearest_proxy,final,2.0,3,3test,not_used,False,,1.0,direct,0.7083900341724682,0.6386388454164238,0.7834315661536663
1,bnci004,MMP_moe,logvar,svm_radial,sa,13,1,1,16886,0.05,no_leakage_v1_alpha005,gate_all_sources_proxy_source_only_final_training_only,mmd,,,,,moe,coral,near_nearest_proxy,main,3.0,4,4test,far,False,,1.0,direct,0.3483819423283375,0.2906743938672875,0.42231442955997656
1,bnci004,MMP_moe,logvar,svm_radial,sa,13,1,1,16886,0.05,no_leakage_v1_alpha005,gate_all_sources_proxy_source_only_final_training_only,mmd,,,,,moe,coral,near_nearest_proxy,anchor,3.0,4,4test,second_nearest_fallback_source,False,1.0,1.0,direct,0.3483819423283375,0.2906743938672875,0.42231442955997656
1,bnci004,MMP_moe,logvar,svm_radial,sa,13,1,1,16886,0.05,no_leakage_v1_alpha005,gate_all_sources_proxy_source_only_final_training_only,mmd,,,,,moe,coral,near_nearest_proxy,final,3.0,4,4test,not_used,False,,1.0,direct,0.3483819423283375,0.2906743938672875,0.42231442955997656
1,bnci004,MMP_moe,logvar,svm_radial,sa,13,1,1,16886,0.05,no_leakage_v1_alpha005,gate_all_sources_proxy_source_only_final_training_only,mmd,,,,,moe,coral,near_nearest_proxy,main,,1,1train,target,False,,,,,,
1,bnci004,MMP_moe,logvar,svm_radial,sa,13,1,1,16886,0.05,no_leakage_v1_alpha005,gate_all_sources_proxy_source_only_final_training_only,mmd,,,,,moe,coral,near_nearest_proxy,final,,1,1train,target,False,,,,,,
1,bnci004,MMP_moe,logvar,svm_radial,sa,13,2,2,16917,0.05,no_leakage_v1_alpha005,gate_all_sources_proxy_source_only_final_training_only,mmd,,,,,moe,coral,near_nearest_proxy,main,0.0,0,0train,near,False,0.23614772633537362,2.0,direct,0.21754021580102723,0.18033923076443711,0.26375581203084886
1,bnci004,MMP_moe,logvar,svm_radial,sa,13,2,2,16917,0.05,no_leakage_v1_alpha005,gate_all_sources_proxy_source_only_final_training_only,mmd,,,,,moe,coral,near_nearest_proxy,anchor,0.0,0,0train,proxy_source,False,0.33860554418541894,2.0,direct,0.21754021580102723,0.18033923076443711,0.26375581203084886
1,bnci004,MMP_moe,logvar,svm_radial,sa,13,2,2,16917,0.05,no_leakage_v1_alpha005,gate_all_sources_proxy_source_only_final_training_only,mmd,,,,,moe,coral,near_nearest_proxy,final,0.0,0,0train,train,False,0.23614772633537362,2.0,direct,0.21754021580102723,0.18033923076443711,0.26375581203084886
1,bnci004,MMP_moe,logvar,svm_radial,sa,13,2,2,16917,0.05,no_leakage_v1_alpha005,gate_all_sources_proxy_source_only_final_training_only,mmd,,,,,moe,coral,near_nearest_proxy,main,1.0,1,1train,near,False,0.20469757811784017,2.0,direct,0.2509636863827168,0.2023666105402454,0.29959736151147576
1,bnci004,MMP_moe,logvar,svm_radial,sa,13,2,2,16917,0.05,no_leakage_v1_alpha005,gate_all_sources_proxy_source_only_final_training_only,mmd,,,,,moe,coral,near_nearest_proxy,anchor,1.0,1,1train,proxy_source,False,0.29351006637935206,2.0,direct,0.2509636863827168,0.2023666105402454,0.29959736151147576
1,bnci004,MMP_moe,logvar,svm_radial,sa,13,2,2,16917,0.05,no_leakage_v1_alpha005,gate_all_sources_proxy_source_only_final_training_only,mmd,,,,,moe,coral,near_nearest_proxy,final,1.0,1,1train,train,False,0.20469757811784017,2.0,direct,0.2509636863827168,0.2023666105402454,0.29959736151147576
1,bnci004,MMP_moe,logvar,svm_radial,sa,13,2,2,16917,0.05,no_leakage_v1_alpha005,gate_all_sources_proxy_source_only_final_training_only,mmd,,,,,moe,coral,near_nearest_proxy,main,2.0,3,3test,nearest,True,0.30258753765100754,2.0,direct,0.16977421247056676,0.13147440469365665,0.22350884441555635
1,bnci004,MMP_moe,logvar,svm_radial,sa,13,2,2,16917,0.05,no_leakage_v1_alpha005,gate_all_sources_proxy_source_only_final_training_only,mmd,,,,,moe,coral,near_nearest_proxy,anchor,2.0,3,3test,target,False,,2.0,direct,0.16977421247056676,0.13147440469365665,0.22350884441555635
1,bnci004,MMP_moe,logvar,svm_radial,sa,13,2,2,16917,0.05,no_leakage_v1_alpha005,gate_all_sources_proxy_source_only_final_training_only,mmd,,,,,moe,coral,near_nearest_proxy,final,2.0,3,3test,train,True,0.30258753765100754,2.0,direct,0.16977421247056676,0.13147440469365665,0.22350884441555635
1,bnci004,MMP_moe,logvar,svm_radial,sa,13,2,2,16917,0.05,no_leakage_v1_alpha005,gate_all_sources_proxy_source_only_final_training_only,mmd,,,,,moe,coral,near_nearest_proxy,main,3.0,4,4test,near,False,0.2565671578957787,2.0,direct,0.20022674511347793,0.1537260293462832,0.24631314965187287
1,bnci004,MMP_moe,logvar,svm_radial,sa,13,2,2,16917,0.05,no_leakage_v1_alpha005,gate_all_sources_proxy_source_only_final_training_only,mmd,,,,,moe,coral,near_nearest_proxy,anchor,3.0,4,4test,proxy_source,False,0.36788438943522894,2.0,direct,0.20022674511347793,0.1537260293462832,0.24631314965187287
1,bnci004,MMP_moe,logvar,svm_radial,sa,13,2,2,16917,0.05,no_leakage_v1_alpha005,gate_all_sources_proxy_source_only_final_training_only,mmd,,,,,moe,coral,near_nearest_proxy,final,3.0,4,4test,train,False,0.2565671578957787,2.0,direct,0.20022674511347793,0.1537260293462832,0.24631314965187287
1,bnci004,MMP_moe,logvar,svm_radial,sa,13,2,2,16917,0.05,no_leakage_v1_alpha005,gate_all_sources_proxy_source_only_final_training_only,mmd,,,,,moe,coral,near_nearest_proxy,main,,2,2train,target,False,,,,,,
1,bnci004,MMP_moe,logvar,svm_radial,sa,13,2,2,16917,0.05,no_leakage_v1_alpha005,gate_all_sources_proxy_source_only_final_training_only,mmd,,,,,moe,coral,near_nearest_proxy,final,,2,2train,target,False,,,,,,
1,bnci004,MMP_moe,logvar,svm_radial,sa,13,3,3,16948,0.05,no_leakage_v1_alpha005,gate_all_sources_proxy_source_only_final_training_only,mmd,,,,,moe,coral,near_nearest_proxy,main,0.0,0,0train,far,False,,3.0,direct,0.32943480411526205,0.28342349498973274,0.387731684389673
1,bnci004,MMP_moe,logvar,svm_radial,sa,13,3,3,16948,0.05,no_leakage_v1_alpha005,gate_all_sources_proxy_source_only_final_training_only,mmd,,,,,moe,coral,near_nearest_proxy,anchor,0.0,0,0train,not_used,False,,3.0,direct,0.32943480411526205,0.28342349498973274,0.387731684389673
1,bnci004,MMP_moe,logvar,svm_radial,sa,13,3,3,16948,0.05,no_leakage_v1_alpha005,gate_all_sources_proxy_source_only_final_training_only,mmd,,,,,moe,coral,near_nearest_proxy,final,0.0,0,0train,not_used,False,,3.0,direct,0.32943480411526205,0.28342349498973274,0.387731684389673
1,bnci004,MMP_moe,logvar,svm_radial,sa,13,3,3,16948,0.05,no_leakage_v1_alpha005,gate_all_sources_proxy_source_only_final_training_only,mmd,,,,,moe,coral,near_nearest_proxy,main,1.0,1,1train,far,False,,3.0,direct,0.3976659372314027,0.3523256112263674,0.4455957773530057
1,bnci004,MMP_moe,logvar,svm_radial,sa,13,3,3,16948,0.05,no_leakage_v1_alpha005,gate_all_sources_proxy_source_only_final_training_only,mmd,,,,,moe,coral,near_nearest_proxy,anchor,1.0,1,1train,not_used,False,,3.0,direct,0.3976659372314027,0.3523256112263674,0.4455957773530057
1,bnci004,MMP_moe,logvar,svm_radial,sa,13,3,3,16948,0.05,no_leakage_v1_alpha005,gate_all_sources_proxy_source_only_final_training_only,mmd,,,,,moe,coral,near_nearest_proxy,final,1.0,1,1train,not_used,False,,3.0,direct,0.3976659372314027,0.3523256112263674,0.4455957773530057
1,bnci004,MMP_moe,logvar,svm_radial,sa,13,3,3,16948,0.05,no_leakage_v1_alpha005,gate_all_sources_proxy_source_only_final_training_only,mmd,,,,,moe,coral,near_nearest_proxy,main,2.0,2,2train,nearest,True,0.5940254763334908,3.0,direct,0.1965013394817747,0.14491684643106675,0.24946100452830453
1,bnci004,MMP_moe,logvar,svm_radial,sa,13,3,3,16948,0.05,no_leakage_v1_alpha005,gate_all_sources_proxy_source_only_final_training_only,mmd,,,,,moe,coral,near_nearest_proxy,anchor,2.0,2,2train,target,False,,3.0,direct,0.1965013394817747,0.14491684643106675,0.24946100452830453
1,bnci004,MMP_moe,logvar,svm_radial,sa,13,3,3,16948,0.05,no_leakage_v1_alpha005,gate_all_sources_proxy_source_only_final_training_only,mmd,,,,,moe,coral,near_nearest_proxy,final,2.0,2,2train,train,True,0.5940254763334908,3.0,direct,0.1965013394817747,0.14491684643106675,0.24946100452830453
1,bnci004,MMP_moe,logvar,svm_radial,sa,13,3,3,16948,0.05,no_leakage_v1_alpha005,gate_all_sources_proxy_source_only_final_training_only,mmd,,,,,moe,coral,near_nearest_proxy,main,3.0,4,4test,near,False,0.40597452366650927,3.0,direct,0.28752294302257525,0.22857874798834116,0.3460119094093516
1,bnci004,MMP_moe,logvar,svm_radial,sa,13,3,3,16948,0.05,no_leakage_v1_alpha005,gate_all_sources_proxy_source_only_final_training_only,mmd,,,,,moe,coral,near_nearest_proxy,anchor,3.0,4,4test,proxy_source,False,1.0,3.0,direct,0.28752294302257525,0.22857874798834116,0.3460119094093516
1,bnci004,MMP_moe,logvar,svm_radial,sa,13,3,3,16948,0.05,no_leakage_v1_alpha005,gate_all_sources_proxy_source_only_final_training_only,mmd,,,,,moe,coral,near_nearest_proxy,final,3.0,4,4test,train,False,0.40597452366650927,3.0,direct,0.28752294302257525,0.22857874798834116,0.3460119094093516
1,bnci004,MMP_moe,logvar,svm_radial,sa,13,3,3,16948,0.05,no_leakage_v1_alpha005,gate_all_sources_proxy_source_only_final_training_only,mmd,,,,,moe,coral,near_nearest_proxy,main,,3,3test,target,False,,,,,,
1,bnci004,MMP_moe,logvar,svm_radial,sa,13,3,3,16948,0.05,no_leakage_v1_alpha005,gate_all_sources_proxy_source_only_final_training_only,mmd,,,,,moe,coral,near_nearest_proxy,final,,3,3test,target,False,,,,,,
1,bnci004,MMP_moe,logvar,svm_radial,sa,13,4,4,16979,0.05,no_leakage_v1_alpha005,gate_all_sources_proxy_source_only_final_training_only,mmd,,,,,moe,coral,near_nearest_proxy,main,0.0,0,0train,nearest,True,0.5459020799233796,4.0,direct,0.15411980839101364,0.11185021273167228,0.19863730764611334
1,bnci004,MMP_moe,logvar,svm_radial,sa,13,4,4,16979,0.05,no_leakage_v1_alpha005,gate_all_sources_proxy_source_only_final_training_only,mmd,,,,,moe,coral,near_nearest_proxy,anchor,0.0,0,0train,target,False,,4.0,direct,0.15411980839101364,0.11185021273167228,0.19863730764611334
1,bnci004,MMP_moe,logvar,svm_radial,sa,13,4,4,16979,0.05,no_leakage_v1_alpha005,gate_all_sources_proxy_source_only_final_training_only,mmd,,,,,moe,coral,near_nearest_proxy,final,0.0,0,0train,train,True,0.5459020799233796,4.0,direct,0.15411980839101364,0.11185021273167228,0.19863730764611334
1,bnci004,MMP_moe,logvar,svm_radial,sa,13,4,4,16979,0.05,no_leakage_v1_alpha005,gate_all_sources_proxy_source_only_final_training_only,mmd,,,,,moe,coral,near_nearest_proxy,main,1.0,1,1train,far,False,,4.0,direct,0.2995860179545249,0.247923315897715,0.3604990447537972
1,bnci004,MMP_moe,logvar,svm_radial,sa,13,4,4,16979,0.05,no_leakage_v1_alpha005,gate_all_sources_proxy_source_only_final_training_only,mmd,,,,,moe,coral,near_nearest_proxy,anchor,1.0,1,1train,not_used,False,,4.0,direct,0.2995860179545249,0.247923315897715,0.3604990447537972
1,bnci004,MMP_moe,logvar,svm_radial,sa,13,4,4,16979,0.05,no_leakage_v1_alpha005,gate_all_sources_proxy_source_only_final_training_only,mmd,,,,,moe,coral,near_nearest_proxy,final,1.0,1,1train,not_used,False,,4.0,direct,0.2995860179545249,0.247923315897715,0.3604990447537972
1,bnci004,MMP_moe,logvar,svm_radial,sa,13,4,4,16979,0.05,no_leakage_v1_alpha005,gate_all_sources_proxy_source_only_final_training_only,mmd,,,,,moe,coral,near_nearest_proxy,main,2.0,2,2train,near,False,0.45409792007662036,4.0,direct,0.18527813505071955,0.14279542434044892,0.22910561061613752
1,bnci004,MMP_moe,logvar,svm_radial,sa,13,4,4,16979,0.05,no_leakage_v1_alpha005,gate_all_sources_proxy_source_only_final_training_only,mmd,,,,,moe,coral,near_nearest_proxy,anchor,2.0,2,2train,proxy_source,False,1.0,4.0,direct,0.18527813505071955,0.14279542434044892,0.22910561061613752
1,bnci004,MMP_moe,logvar,svm_radial,sa,13,4,4,16979,0.05,no_leakage_v1_alpha005,gate_all_sources_proxy_source_only_final_training_only,mmd,,,,,moe,coral,near_nearest_proxy,final,2.0,2,2train,train,False,0.45409792007662036,4.0,direct,0.18527813505071955,0.14279542434044892,0.22910561061613752
1,bnci004,MMP_moe,logvar,svm_radial,sa,13,4,4,16979,0.05,no_leakage_v1_alpha005,gate_all_sources_proxy_source_only_final_training_only,mmd,,,,,moe,coral,near_nearest_proxy,main,3.0,3,3test,far,False,,4.0,direct,0.37804863413202255,0.3020884410826099,0.45564852952126395
1,bnci004,MMP_moe,logvar,svm_radial,sa,13,4,4,16979,0.05,no_leakage_v1_alpha005,gate_all_sources_proxy_source_only_final_training_only,mmd,,,,,moe,coral,near_nearest_proxy,anchor,3.0,3,3test,not_used,False,,4.0,direct,0.37804863413202255,0.3020884410826099,0.45564852952126395
1,bnci004,MMP_moe,logvar,svm_radial,sa,13,4,4,16979,0.05,no_leakage_v1_alpha005,gate_all_sources_proxy_source_only_final_training_only,mmd,,,,,moe,coral,near_nearest_proxy,final,3.0,3,3test,not_used,False,,4.0,direct,0.37804863413202255,0.3020884410826099,0.45564852952126395
1,bnci004,MMP_moe,logvar,svm_radial,sa,13,4,4,16979,0.05,no_leakage_v1_alpha005,gate_all_sources_proxy_source_only_final_training_only,mmd,,,,,moe,coral,near_nearest_proxy,main,,4,4test,target,False,,,,,,
1,bnci004,MMP_moe,logvar,svm_radial,sa,13,4,4,16979,0.05,no_leakage_v1_alpha005,gate_all_sources_proxy_source_only_final_training_only,mmd,,,,,moe,coral,near_nearest_proxy,final,,4,4test,target,False,,,,,,
1,bnci004,MMP_moe,logvar,svm_radial,pt,14,0,0,17852,0.05,no_leakage_v1_alpha005,gate_all_sources_proxy_source_only_final_training_only,mmd,,,,,moe,coral,near_nearest_proxy,main,0.0,1,1train,nearest,True,0.5999107417301172,0.0,direct,0.14105497986934298,0.09963662392431297,0.1871518023841199
1,bnci004,MMP_moe,logvar,svm_radial,pt,14,0,0,17852,0.05,no_leakage_v1_alpha005,gate_all_sources_proxy_source_only_final_training_only,mmd,,,,,moe,coral,near_nearest_proxy,anchor,0.0,1,1train,target,False,,0.0,direct,0.14105497986934298,0.09963662392431297,0.1871518023841199
1,bnci004,MMP_moe,logvar,svm_radial,pt,14,0,0,17852,0.05,no_leakage_v1_alpha005,gate_all_sources_proxy_source_only_final_training_only,mmd,,,,,moe,coral,near_nearest_proxy,final,0.0,1,1train,train,True,0.5999107417301172,0.0,direct,0.14105497986934298,0.09963662392431297,0.1871518023841199
1,bnci004,MMP_moe,logvar,svm_radial,pt,14,0,0,17852,0.05,no_leakage_v1_alpha005,gate_all_sources_proxy_source_only_final_training_only,mmd,,,,,moe,coral,near_nearest_proxy,main,1.0,2,2train,far,False,,0.0,direct,0.37304320546064373,0.2873992217391265,0.4499980783503586
1,bnci004,MMP_moe,logvar,svm_radial,pt,14,0,0,17852,0.05,no_leakage_v1_alpha005,gate_all_sources_proxy_source_only_final_training_only,mmd,,,,,moe,coral,near_nearest_proxy,anchor,1.0,2,2train,not_used,False,,0.0,direct,0.37304320546064373,0.2873992217391265,0.4499980783503586
1,bnci004,MMP_moe,logvar,svm_radial,pt,14,0,0,17852,0.05,no_leakage_v1_alpha005,gate_all_sources_proxy_source_only_final_training_only,mmd,,,,,moe,coral,near_nearest_proxy,final,1.0,2,2train,not_used,False,,0.0,direct,0.37304320546064373,0.2873992217391265,0.4499980783503586
1,bnci004,MMP_moe,logvar,svm_radial,pt,14,0,0,17852,0.05,no_leakage_v1_alpha005,gate_all_sources_proxy_source_only_final_training_only,mmd,,,,,moe,coral,near_nearest_proxy,main,2.0,3,3test,far,False,,0.0,direct,0.6022212175127636,0.5182395420480989,0.6802161835894126
1,bnci004,MMP_moe,logvar,svm_radial,pt,14,0,0,17852,0.05,no_leakage_v1_alpha005,gate_all_sources_proxy_source_only_final_training_only,mmd,,,,,moe,coral,near_nearest_proxy,anchor,2.0,3,3test,not_used,False,,0.0,direct,0.6022212175127636,0.5182395420480989,0.6802161835894126
1,bnci004,MMP_moe,logvar,svm_radial,pt,14,0,0,17852,0.05,no_leakage_v1_alpha005,gate_all_sources_proxy_source_only_final_training_only,mmd,,,,,moe,coral,near_nearest_proxy,final,2.0,3,3test,not_used,False,,0.0,direct,0.6022212175127636,0.5182395420480989,0.6802161835894126
1,bnci004,MMP_moe,logvar,svm_radial,pt,14,0,0,17852,0.05,no_leakage_v1_alpha005,gate_all_sources_proxy_source_only_final_training_only,mmd,,,,,moe,coral,near_nearest_proxy,main,3.0,4,4test,near,False,0.4000892582698828,0.0,direct,0.2115042972799494,0.15437584093404316,0.27863894189664934
1,bnci004,MMP_moe,logvar,svm_radial,pt,14,0,0,17852,0.05,no_leakage_v1_alpha005,gate_all_sources_proxy_source_only_final_training_only,mmd,,,,,moe,coral,near_nearest_proxy,anchor,3.0,4,4test,proxy_source,False,1.0,0.0,direct,0.2115042972799494,0.15437584093404316,0.27863894189664934
1,bnci004,MMP_moe,logvar,svm_radial,pt,14,0,0,17852,0.05,no_leakage_v1_alpha005,gate_all_sources_proxy_source_only_final_training_only,mmd,,,,,moe,coral,near_nearest_proxy,final,3.0,4,4test,train,False,0.4000892582698828,0.0,direct,0.2115042972799494,0.15437584093404316,0.27863894189664934
1,bnci004,MMP_moe,logvar,svm_radial,pt,14,0,0,17852,0.05,no_leakage_v1_alpha005,gate_all_sources_proxy_source_only_final_training_only,mmd,,,,,moe,coral,near_nearest_proxy,main,,0,0train,target,False,,,,,,
1,bnci004,MMP_moe,logvar,svm_radial,pt,14,0,0,17852,0.05,no_leakage_v1_alpha005,gate_all_sources_proxy_source_only_final_training_only,mmd,,,,,moe,coral,near_nearest_proxy,final,,0,0train,target,False,,,,,,
1,bnci004,MMP_moe,logvar,svm_radial,pt,14,1,1,17883,0.05,no_leakage_v1_alpha005,gate_all_sources_proxy_source_only_final_training_only,mmd,,,,,moe,coral,near_nearest_proxy,main,0.0,0,0train,nearest,True,1.0,1.0,direct,0.13548911544314354,0.10366261621009601,0.17945154583007145
1,bnci004,MMP_moe,logvar,svm_radial,pt,14,1,1,17883,0.05,no_leakage_v1_alpha005,gate_all_sources_proxy_source_only_final_training_only,mmd,,,,,moe,coral,near_nearest_proxy,anchor,0.0,0,0train,target,False,,1.0,direct,0.13548911544314354,0.10366261621009601,0.17945154583007145
1,bnci004,MMP_moe,logvar,svm_radial,pt,14,1,1,17883,0.05,no_leakage_v1_alpha005,gate_all_sources_proxy_source_only_final_training_only,mmd,,,,,moe,coral,near_nearest_proxy,final,0.0,0,0train,train,True,1.0,1.0,direct,0.13548911544314354,0.10366261621009601,0.17945154583007145
1,bnci004,MMP_moe,logvar,svm_radial,pt,14,1,1,17883,0.05,no_leakage_v1_alpha005,gate_all_sources_proxy_source_only_final_training_only,mmd,,,,,moe,coral,near_nearest_proxy,main,1.0,2,2train,far,False,,1.0,direct,0.3962527940644708,0.3249665827997941,0.4773379022384591
1,bnci004,MMP_moe,logvar,svm_radial,pt,14,1,1,17883,0.05,no_leakage_v1_alpha005,gate_all_sources_proxy_source_only_final_training_only,mmd,,,,,moe,coral,near_nearest_proxy,anchor,1.0,2,2train,not_used,False,,1.0,direct,0.3962527940644708,0.3249665827997941,0.4773379022384591
1,bnci004,MMP_moe,logvar,svm_radial,pt,14,1,1,17883,0.05,no_leakage_v1_alpha005,gate_all_sources_proxy_source_only_final_training_only,mmd,,,,,moe,coral,near_nearest_proxy,final,1.0,2,2train,not_used,False,,1.0,direct,0.3962527940644708,0.3249665827997941,0.4773379022384591
1,bnci004,MMP_moe,logvar,svm_radial,pt,14,1,1,17883,0.05,no_leakage_v1_alpha005,gate_all_sources_proxy_source_only_final_training_only,mmd,,,,,moe,coral,near_nearest_proxy,main,2.0,3,3test,far,False,,1.0,direct,0.705941520662256,0.626362621247739,0.7899982500582492
1,bnci004,MMP_moe,logvar,svm_radial,pt,14,1,1,17883,0.05,no_leakage_v1_alpha005,gate_all_sources_proxy_source_only_final_training_only,mmd,,,,,moe,coral,near_nearest_proxy,anchor,2.0,3,3test,not_used,False,,1.0,direct,0.705941520662256,0.626362621247739,0.7899982500582492
1,bnci004,MMP_moe,logvar,svm_radial,pt,14,1,1,17883,0.05,no_leakage_v1_alpha005,gate_all_sources_proxy_source_only_final_training_only,mmd,,,,,moe,coral,near_nearest_proxy,final,2.0,3,3test,not_used,False,,1.0,direct,0.705941520662256,0.626362621247739,0.7899982500582492
1,bnci004,MMP_moe,logvar,svm_radial,pt,14,1,1,17883,0.05,no_leakage_v1_alpha005,gate_all_sources_proxy_source_only_final_training_only,mmd,,,,,moe,coral,near_nearest_proxy,main,3.0,4,4test,far,False,,1.0,direct,0.3486634128985453,0.28752945808724373,0.4169744549880906
1,bnci004,MMP_moe,logvar,svm_radial,pt,14,1,1,17883,0.05,no_leakage_v1_alpha005,gate_all_sources_proxy_source_only_final_training_only,mmd,,,,,moe,coral,near_nearest_proxy,anchor,3.0,4,4test,second_nearest_fallback_source,False,1.0,1.0,direct,0.3486634128985453,0.28752945808724373,0.4169744549880906
1,bnci004,MMP_moe,logvar,svm_radial,pt,14,1,1,17883,0.05,no_leakage_v1_alpha005,gate_all_sources_proxy_source_only_final_training_only,mmd,,,,,moe,coral,near_nearest_proxy,final,3.0,4,4test,not_used,False,,1.0,direct,0.3486634128985453,0.28752945808724373,0.4169744549880906
1,bnci004,MMP_moe,logvar,svm_radial,pt,14,1,1,17883,0.05,no_leakage_v1_alpha005,gate_all_sources_proxy_source_only_final_training_only,mmd,,,,,moe,coral,near_nearest_proxy,main,,1,1train,target,False,,,,,,
1,bnci004,MMP_moe,logvar,svm_radial,pt,14,1,1,17883,0.05,no_leakage_v1_alpha005,gate_all_sources_proxy_source_only_final_training_only,mmd,,,,,moe,coral,near_nearest_proxy,final,,1,1train,target,False,,,,,,
1,bnci004,MMP_moe,logvar,svm_radial,pt,14,2,2,17914,0.05,no_leakage_v1_alpha005,gate_all_sources_proxy_source_only_final_training_only,mmd,,,,,moe,coral,near_nearest_proxy,main,0.0,0,0train,near,False,0.23627639096636469,2.0,direct,0.21707244565034195,0.1771402140440008,0.2613303762111493
1,bnci004,MMP_moe,logvar,svm_radial,pt,14,2,2,17914,0.05,no_leakage_v1_alpha005,gate_all_sources_proxy_source_only_final_training_only,mmd,,,,,moe,coral,near_nearest_proxy,anchor,0.0,0,0train,proxy_source,False,0.33875330433524814,2.0,direct,0.21707244565034195,0.1771402140440008,0.2613303762111493
1,bnci004,MMP_moe,logvar,svm_radial,pt,14,2,2,17914,0.05,no_leakage_v1_alpha005,gate_all_sources_proxy_source_only_final_training_only,mmd,,,,,moe,coral,near_nearest_proxy,final,0.0,0,0train,train,False,0.23627639096636469,2.0,direct,0.21707244565034195,0.1771402140440008,0.2613303762111493
1,bnci004,MMP_moe,logvar,svm_radial,pt,14,2,2,17914,0.05,no_leakage_v1_alpha005,gate_all_sources_proxy_source_only_final_training_only,mmd,,,,,moe,coral,near_nearest_proxy,main,1.0,1,1train,near,False,0.20505250941255035,2.0,direct,0.2501267865841954,0.19664247282076253,0.30565782380468526
1,bnci004,MMP_moe,logvar,svm_radial,pt,14,2,2,17914,0.05,no_leakage_v1_alpha005,gate_all_sources_proxy_source_only_final_training_only,mmd,,,,,moe,coral,near_nearest_proxy,anchor,1.0,1,1train,proxy_source,False,0.2939871175517674,2.0,direct,0.2501267865841954,0.19664247282076253,0.30565782380468526
1,bnci004,MMP_moe,logvar,svm_radial,pt,14,2,2,17914,0.05,no_leakage_v1_alpha005,gate_all_sources_proxy_source_only_final_training_only,mmd,,,,,moe,coral,near_nearest_proxy,final,1.0,1,1train,train,False,0.20505250941255035,2.0,direct,0.2501267865841954,0.19664247282076253,0.30565782380468526
1,bnci004,MMP_moe,logvar,svm_radial,pt,14,2,2,17914,0.05,no_leakage_v1_alpha005,gate_all_sources_proxy_source_only_final_training_only,mmd,,,,,moe,coral,near_nearest_proxy,main,2.0,3,3test,nearest,True,0.30251192256258236,2.0,direct,0.16954382282358835,0.12808056266365084,0.22032700393988636
1,bnci004,MMP_moe,logvar,svm_radial,pt,14,2,2,17914,0.05,no_leakage_v1_alpha005,gate_all_sources_proxy_source_only_final_training_only,mmd,,,,,moe,coral,near_nearest_proxy,anchor,2.0,3,3test,target,False,,2.0,direct,0.16954382282358835,0.12808056266365084,0.22032700393988636
1,bnci004,MMP_moe,logvar,svm_radial,pt,14,2,2,17914,0.05,no_leakage_v1_alpha005,gate_all_sources_proxy_source_only_final_training_only,mmd,,,,,moe,coral,near_nearest_proxy,final,2.0,3,3test,train,True,0.30251192256258236,2.0,direct,0.16954382282358835,0.12808056266365084,0.22032700393988636
1,bnci004,MMP_moe,logvar,svm_radial,pt,14,2,2,17914,0.05,no_leakage_v1_alpha005,gate_all_sources_proxy_source_only_final_training_only,mmd,,,,,moe,coral,near_nearest_proxy,main,3.0,4,4test,near,False,0.2561591770585027,2.0,direct,0.20022344989812887,0.15873638720668917,0.24391730524846852
1,bnci004,MMP_moe,logvar,svm_radial,pt,14,2,2,17914,0.05,no_leakage_v1_alpha005,gate_all_sources_proxy_source_only_final_training_only,mmd,,,,,moe,coral,near_nearest_proxy,anchor,3.0,4,4test,proxy_source,False,0.36725957811298454,2.0,direct,0.20022344989812887,0.15873638720668917,0.24391730524846852
1,bnci004,MMP_moe,logvar,svm_radial,pt,14,2,2,17914,0.05,no_leakage_v1_alpha005,gate_all_sources_proxy_source_only_final_training_only,mmd,,,,,moe,coral,near_nearest_proxy,final,3.0,4,4test,train,False,0.2561591770585027,2.0,direct,0.20022344989812887,0.15873638720668917,0.24391730524846852
1,bnci004,MMP_moe,logvar,svm_radial,pt,14,2,2,17914,0.05,no_leakage_v1_alpha005,gate_all_sources_proxy_source_only_final_training_only,mmd,,,,,moe,coral,near_nearest_proxy,main,,2,2train,target,False,,,,,,
1,bnci004,MMP_moe,logvar,svm_radial,pt,14,2,2,17914,0.05,no_leakage_v1_alpha005,gate_all_sources_proxy_source_only_final_training_only,mmd,,,,,moe,coral,near_nearest_proxy,final,,2,2train,target,False,,,,,,
1,bnci004,MMP_moe,logvar,svm_radial,pt,14,3,3,17945,0.05,no_leakage_v1_alpha005,gate_all_sources_proxy_source_only_final_training_only,mmd,,,,,moe,coral,near_nearest_proxy,main,0.0,0,0train,far,False,,3.0,direct,0.3320141548513853,0.2752053929543098,0.3860242690134644
1,bnci004,MMP_moe,logvar,svm_radial,pt,14,3,3,17945,0.05,no_leakage_v1_alpha005,gate_all_sources_proxy_source_only_final_training_only,mmd,,,,,moe,coral,near_nearest_proxy,anchor,0.0,0,0train,not_used,False,,3.0,direct,0.3320141548513853,0.2752053929543098,0.3860242690134644
1,bnci004,MMP_moe,logvar,svm_radial,pt,14,3,3,17945,0.05,no_leakage_v1_alpha005,gate_all_sources_proxy_source_only_final_training_only,mmd,,,,,moe,coral,near_nearest_proxy,final,0.0,0,0train,not_used,False,,3.0,direct,0.3320141548513853,0.2752053929543098,0.3860242690134644
1,bnci004,MMP_moe,logvar,svm_radial,pt,14,3,3,17945,0.05,no_leakage_v1_alpha005,gate_all_sources_proxy_source_only_final_training_only,mmd,,,,,moe,coral,near_nearest_proxy,main,1.0,1,1train,far,False,,3.0,direct,0.39613760502787243,0.349211552848026,0.45637609468234025
1,bnci004,MMP_moe,logvar,svm_radial,pt,14,3,3,17945,0.05,no_leakage_v1_alpha005,gate_all_sources_proxy_source_only_final_training_only,mmd,,,,,moe,coral,near_nearest_proxy,anchor,1.0,1,1train,not_used,False,,3.0,direct,0.39613760502787243,0.349211552848026,0.45637609468234025
1,bnci004,MMP_moe,logvar,svm_radial,pt,14,3,3,17945,0.05,no_leakage_v1_alpha005,gate_all_sources_proxy_source_only_final_training_only,mmd,,,,,moe,coral,near_nearest_proxy,final,1.0,1,1train,not_used,False,,3.0,direct,0.39613760502787243,0.349211552848026,0.45637609468234025
1,bnci004,MMP_moe,logvar,svm_radial,pt,14,3,3,17945,0.05,no_leakage_v1_alpha005,gate_all_sources_proxy_source_only_final_training_only,mmd,,,,,moe,coral,near_nearest_proxy,main,2.0,2,2train,nearest,True,0.5991140127487844,3.0,direct,0.19652920765845094,0.14643738086673255,0.25237078514621686
1,bnci004,MMP_moe,logvar,svm_radial,pt,14,3,3,17945,0.05,no_leakage_v1_alpha005,gate_all_sources_proxy_source_only_final_training_only,mmd,,,,,moe,coral,near_nearest_proxy,anchor,2.0,2,2train,target,False,,3.0,direct,0.19652920765845094,0.14643738086673255,0.25237078514621686
1,bnci004,MMP_moe,logvar,svm_radial,pt,14,3,3,17945,0.05,no_leakage_v1_alpha005,gate_all_sources_proxy_source_only_final_training_only,mmd,,,,,moe,coral,near_nearest_proxy,final,2.0,2,2train,train,True,0.5991140127487844,3.0,direct,0.19652920765845094,0.14643738086673255,0.25237078514621686
1,bnci004,MMP_moe,logvar,svm_radial,pt,14,3,3,17945,0.05,no_leakage_v1_alpha005,gate_all_sources_proxy_source_only_final_training_only,mmd,,,,,moe,coral,near_nearest_proxy,main,3.0,4,4test,near,False,0.40088598725121555,3.0,direct,0.2937084462791039,0.23723010701528785,0.3611337833204561
1,bnci004,MMP_moe,logvar,svm_radial,pt,14,3,3,17945,0.05,no_leakage_v1_alpha005,gate_all_sources_proxy_source_only_final_training_only,mmd,,,,,moe,coral,near_nearest_proxy,anchor,3.0,4,4test,proxy_source,False,1.0,3.0,direct,0.2937084462791039,0.23723010701528785,0.3611337833204561
1,bnci004,MMP_moe,logvar,svm_radial,pt,14,3,3,17945,0.05,no_leakage_v1_alpha005,gate_all_sources_proxy_source_only_final_training_only,mmd,,,,,moe,coral,near_nearest_proxy,final,3.0,4,4test,train,False,0.40088598725121555,3.0,direct,0.2937084462791039,0.23723010701528785,0.3611337833204561
1,bnci004,MMP_moe,logvar,svm_radial,pt,14,3,3,17945,0.05,no_leakage_v1_alpha005,gate_all_sources_proxy_source_only_final_training_only,mmd,,,,,moe,coral,near_nearest_proxy,main,,3,3test,target,False,,,,,,
1,bnci004,MMP_moe,logvar,svm_radial,pt,14,3,3,17945,0.05,no_leakage_v1_alpha005,gate_all_sources_proxy_source_only_final_training_only,mmd,,,,,moe,coral,near_nearest_proxy,final,,3,3test,target,False,,,,,,
1,bnci004,MMP_moe,logvar,svm_radial,pt,14,4,4,17976,0.05,no_leakage_v1_alpha005,gate_all_sources_proxy_source_only_final_training_only,mmd,,,,,moe,coral,near_nearest_proxy,main,0.0,0,0train,nearest,True,0.5390527820128567,4.0,direct,0.15954298894438537,0.11625008866890323,0.20591707843539694
1,bnci004,MMP_moe,logvar,svm_radial,pt,14,4,4,17976,0.05,no_leakage_v1_alpha005,gate_all_sources_proxy_source_only_final_training_only,mmd,,,,,moe,coral,near_nearest_proxy,anchor,0.0,0,0train,target,False,,4.0,direct,0.15954298894438537,0.11625008866890323,0.20591707843539694
1,bnci004,MMP_moe,logvar,svm_radial,pt,14,4,4,17976,0.05,no_leakage_v1_alpha005,gate_all_sources_proxy_source_only_final_training_only,mmd,,,,,moe,coral,near_nearest_proxy,final,0.0,0,0train,train,True,0.5390527820128567,4.0,direct,0.15954298894438537,0.11625008866890323,0.20591707843539694
1,bnci004,MMP_moe,logvar,svm_radial,pt,14,4,4,17976,0.05,no_leakage_v1_alpha005,gate_all_sources_proxy_source_only_final_training_only,mmd,,,,,moe,coral,near_nearest_proxy,main,1.0,1,1train,far,False,,4.0,direct,0.3009424170959944,0.25076992353697336,0.35644307523571833
1,bnci004,MMP_moe,logvar,svm_radial,pt,14,4,4,17976,0.05,no_leakage_v1_alpha005,gate_all_sources_proxy_source_only_final_training_only,mmd,,,,,moe,coral,near_nearest_proxy,anchor,1.0,1,1train,not_used,False,,4.0,direct,0.3009424170959944,0.25076992353697336,0.35644307523571833
1,bnci004,MMP_moe,logvar,svm_radial,pt,14,4,4,17976,0.05,no_leakage_v1_alpha005,gate_all_sources_proxy_source_only_final_training_only,mmd,,,,,moe,coral,near_nearest_proxy,final,1.0,1,1train,not_used,False,,4.0,direct,0.3009424170959944,0.25076992353697336,0.35644307523571833
1,bnci004,MMP_moe,logvar,svm_radial,pt,14,4,4,17976,0.05,no_leakage_v1_alpha005,gate_all_sources_proxy_source_only_final_training_only,mmd,,,,,moe,coral,near_nearest_proxy,main,2.0,2,2train,near,False,0.46094721798714344,4.0,direct,0.18657704568048858,0.1462681467694372,0.23318602069146227
1,bnci004,MMP_moe,logvar,svm_radial,pt,14,4,4,17976,0.05,no_leakage_v1_alpha005,gate_all_sources_proxy_source_only_final_training_only,mmd,,,,,moe,coral,near_nearest_proxy,anchor,2.0,2,2train,proxy_source,False,1.0,4.0,direct,0.18657704568048858,0.1462681467694372,0.23318602069146227
1,bnci004,MMP_moe,logvar,svm_radial,pt,14,4,4,17976,0.05,no_leakage_v1_alpha005,gate_all_sources_proxy_source_only_final_training_only,mmd,,,,,moe,coral,near_nearest_proxy,final,2.0,2,2train,train,False,0.46094721798714344,4.0,direct,0.18657704568048858,0.1462681467694372,0.23318602069146227
1,bnci004,MMP_moe,logvar,svm_radial,pt,14,4,4,17976,0.05,no_leakage_v1_alpha005,gate_all_sources_proxy_source_only_final_training_only,mmd,,,,,moe,coral,near_nearest_proxy,main,3.0,3,3test,far,False,,4.0,direct,0.38090036063295407,0.30530790629557475,0.4519467580017659
1,bnci004,MMP_moe,logvar,svm_radial,pt,14,4,4,17976,0.05,no_leakage_v1_alpha005,gate_all_sources_proxy_source_only_final_training_only,mmd,,,,,moe,coral,near_nearest_proxy,anchor,3.0,3,3test,not_used,False,,4.0,direct,0.38090036063295407,0.30530790629557475,0.4519467580017659
1,bnci004,MMP_moe,logvar,svm_radial,pt,14,4,4,17976,0.05,no_leakage_v1_alpha005,gate_all_sources_proxy_source_only_final_training_only,mmd,,,,,moe,coral,near_nearest_proxy,final,3.0,3,3test,not_used,False,,4.0,direct,0.38090036063295407,0.30530790629557475,0.4519467580017659
1,bnci004,MMP_moe,logvar,svm_radial,pt,14,4,4,17976,0.05,no_leakage_v1_alpha005,gate_all_sources_proxy_source_only_final_training_only,mmd,,,,,moe,coral,near_nearest_proxy,main,,4,4test,target,False,,,,,,
1,bnci004,MMP_moe,logvar,svm_radial,pt,14,4,4,17976,0.05,no_leakage_v1_alpha005,gate_all_sources_proxy_source_only_final_training_only,mmd,,,,,moe,coral,near_nearest_proxy,final,,4,4test,target,False,,,,,,
1,bnci004,MMP_moe,logvar,svm_radial,coral,15,0,0,18849,0.05,no_leakage_v1_alpha005,gate_all_sources_proxy_source_only_final_training_only,mmd,,,,,moe,coral,near_nearest_proxy,main,0.0,1,1train,nearest,True,0.5986441636253158,0.0,direct,0.14152525801293725,0.09185237914663182,0.18920950986379462
1,bnci004,MMP_moe,logvar,svm_radial,coral,15,0,0,18849,0.05,no_leakage_v1_alpha005,gate_all_sources_proxy_source_only_final_training_only,mmd,,,,,moe,coral,near_nearest_proxy,anchor,0.0,1,1train,target,False,,0.0,direct,0.14152525801293725,0.09185237914663182,0.18920950986379462
1,bnci004,MMP_moe,logvar,svm_radial,coral,15,0,0,18849,0.05,no_leakage_v1_alpha005,gate_all_sources_proxy_source_only_final_training_only,mmd,,,,,moe,coral,near_nearest_proxy,final,0.0,1,1train,train,True,0.5986441636253158,0.0,direct,0.14152525801293725,0.09185237914663182,0.18920950986379462
1,bnci004,MMP_moe,logvar,svm_radial,coral,15,0,0,18849,0.05,no_leakage_v1_alpha005,gate_all_sources_proxy_source_only_final_training_only,mmd,,,,,moe,coral,near_nearest_proxy,main,1.0,2,2train,far,False,,0.0,direct,0.3678073428696724,0.29704023957528436,0.4598222362508602
1,bnci004,MMP_moe,logvar,svm_radial,coral,15,0,0,18849,0.05,no_leakage_v1_alpha005,gate_all_sources_proxy_source_only_final_training_only,mmd,,,,,moe,coral,near_nearest_proxy,anchor,1.0,2,2train,not_used,False,,0.0,direct,0.3678073428696724,0.29704023957528436,0.4598222362508602
1,bnci004,MMP_moe,logvar,svm_radial,coral,15,0,0,18849,0.05,no_leakage_v1_alpha005,gate_all_sources_proxy_source_only_final_training_only,mmd,,,,,moe,coral,near_nearest_proxy,final,1.0,2,2train,not_used,False,,0.0,direct,0.3678073428696724,0.29704023957528436,0.4598222362508602
1,bnci004,MMP_moe,logvar,svm_radial,coral,15,0,0,18849,0.05,no_leakage_v1_alpha005,gate_all_sources_proxy_source_only_final_training_only,mmd,,,,,moe,coral,near_nearest_proxy,main,2.0,3,3test,far,False,,0.0,direct,0.5946143519115102,0.5148414405441665,0.6733882005834
1,bnci004,MMP_moe,logvar,svm_radial,coral,15,0,0,18849,0.05,no_leakage_v1_alpha005,gate_all_sources_proxy_source_only_final_training_only,mmd,,,,,moe,coral,near_nearest_proxy,anchor,2.0,3,3test,not_used,False,,0.0,direct,0.5946143519115102,0.5148414405441665,0.6733882005834
1,bnci004,MMP_moe,logvar,svm_radial,coral,15,0,0,18849,0.05,no_leakage_v1_alpha005,gate_all_sources_proxy_source_only_final_training_only,mmd,,,,,moe,coral,near_nearest_proxy,final,2.0,3,3test,not_used,False,,0.0,direct,0.5946143519115102,0.5148414405441665,0.6733882005834
1,bnci004,MMP_moe,logvar,svm_radial,coral,15,0,0,18849,0.05,no_leakage_v1_alpha005,gate_all_sources_proxy_source_only_final_training_only,mmd,,,,,moe,coral,near_nearest_proxy,main,3.0,4,4test,near,False,0.4013558363746842,0.0,direct,0.21109314808679103,0.14766801216989234,0.27855894034466727
1,bnci004,MMP_moe,logvar,svm_radial,coral,15,0,0,18849,0.05,no_leakage_v1_alpha005,gate_all_sources_proxy_source_only_final_training_only,mmd,,,,,moe,coral,near_nearest_proxy,anchor,3.0,4,4test,proxy_source,False,1.0,0.0,direct,0.21109314808679103,0.14766801216989234,0.27855894034466727
1,bnci004,MMP_moe,logvar,svm_radial,coral,15,0,0,18849,0.05,no_leakage_v1_alpha005,gate_all_sources_proxy_source_only_final_training_only,mmd,,,,,moe,coral,near_nearest_proxy,final,3.0,4,4test,train,False,0.4013558363746842,0.0,direct,0.21109314808679103,0.14766801216989234,0.27855894034466727
1,bnci004,MMP_moe,logvar,svm_radial,coral,15,0,0,18849,0.05,no_leakage_v1_alpha005,gate_all_sources_proxy_source_only_final_training_only,mmd,,,,,moe,coral,near_nearest_proxy,main,,0,0train,target,False,,,,,,
1,bnci004,MMP_moe,logvar,svm_radial,coral,15,0,0,18849,0.05,no_leakage_v1_alpha005,gate_all_sources_proxy_source_only_final_training_only,mmd,,,,,moe,coral,near_nearest_proxy,final,,0,0train,target,False,,,,,,
1,bnci004,MMP_moe,logvar,svm_radial,coral,15,1,1,18880,0.05,no_leakage_v1_alpha005,gate_all_sources_proxy_source_only_final_training_only,mmd,,,,,moe,coral,near_nearest_proxy,main,0.0,0,0train,nearest,True,1.0,1.0,direct,0.13742921880309708,0.1010265450287055,0.17976626126642212
1,bnci004,MMP_moe,logvar,svm_radial,coral,15,1,1,18880,0.05,no_leakage_v1_alpha005,gate_all_sources_proxy_source_only_final_training_only,mmd,,,,,moe,coral,near_nearest_proxy,anchor,0.0,0,0train,target,False,,1.0,direct,0.13742921880309708,0.1010265450287055,0.17976626126642212
1,bnci004,MMP_moe,logvar,svm_radial,coral,15,1,1,18880,0.05,no_leakage_v1_alpha005,gate_all_sources_proxy_source_only_final_training_only,mmd,,,,,moe,coral,near_nearest_proxy,final,0.0,0,0train,train,True,1.0,1.0,direct,0.13742921880309708,0.1010265450287055,0.17976626126642212
1,bnci004,MMP_moe,logvar,svm_radial,coral,15,1,1,18880,0.05,no_leakage_v1_alpha005,gate_all_sources_proxy_source_only_final_training_only,mmd,,,,,moe,coral,near_nearest_proxy,main,1.0,2,2train,far,False,,1.0,direct,0.39747211877221916,0.31736891497388875,0.47552561226976964
1,bnci004,MMP_moe,logvar,svm_radial,coral,15,1,1,18880,0.05,no_leakage_v1_alpha005,gate_all_sources_proxy_source_only_final_training_only,mmd,,,,,moe,coral,near_nearest_proxy,anchor,1.0,2,2train,not_used,False,,1.0,direct,0.39747211877221916,0.31736891497388875,0.47552561226976964
1,bnci004,MMP_moe,logvar,svm_radial,coral,15,1,1,18880,0.05,no_leakage_v1_alpha005,gate_all_sources_proxy_source_only_final_training_only,mmd,,,,,moe,coral,near_nearest_proxy,final,1.0,2,2train,not_used,False,,1.0,direct,0.39747211877221916,0.31736891497388875,0.47552561226976964
1,bnci004,MMP_moe,logvar,svm_radial,coral,15,1,1,18880,0.05,no_leakage_v1_alpha005,gate_all_sources_proxy_source_only_final_training_only,mmd,,,,,moe,coral,near_nearest_proxy,main,2.0,3,3test,far,False,,1.0,direct,0.7041378211801447,0.6322092096317564,0.7889992724645418
1,bnci004,MMP_moe,logvar,svm_radial,coral,15,1,1,18880,0.05,no_leakage_v1_alpha005,gate_all_sources_proxy_source_only_final_training_only,mmd,,,,,moe,coral,near_nearest_proxy,anchor,2.0,3,3test,not_used,False,,1.0,direct,0.7041378211801447,0.6322092096317564,0.7889992724645418
1,bnci004,MMP_moe,logvar,svm_radial,coral,15,1,1,18880,0.05,no_leakage_v1_alpha005,gate_all_sources_proxy_source_only_final_training_only,mmd,,,,,moe,coral,near_nearest_proxy,final,2.0,3,3test,not_used,False,,1.0,direct,0.7041378211801447,0.6322092096317564,0.7889992724645418
1,bnci004,MMP_moe,logvar,svm_radial,coral,15,1,1,18880,0.05,no_leakage_v1_alpha005,gate_all_sources_proxy_source_only_final_training_only,mmd,,,,,moe,coral,near_nearest_proxy,main,3.0,4,4test,far,False,,1.0,direct,0.3536907130795632,0.2879258977444416,0.4114079121769341
1,bnci004,MMP_moe,logvar,svm_radial,coral,15,1,1,18880,0.05,no_leakage_v1_alpha005,gate_all_sources_proxy_source_only_final_training_only,mmd,,,,,moe,coral,near_nearest_proxy,anchor,3.0,4,4test,second_nearest_fallback_source,False,1.0,1.0,direct,0.3536907130795632,0.2879258977444416,0.4114079121769341
1,bnci004,MMP_moe,logvar,svm_radial,coral,15,1,1,18880,0.05,no_leakage_v1_alpha005,gate_all_sources_proxy_source_only_final_training_only,mmd,,,,,moe,coral,near_nearest_proxy,final,3.0,4,4test,not_used,False,,1.0,direct,0.3536907130795632,0.2879258977444416,0.4114079121769341
1,bnci004,MMP_moe,logvar,svm_radial,coral,15,1,1,18880,0.05,no_leakage_v1_alpha005,gate_all_sources_proxy_source_only_final_training_only,mmd,,,,,moe,coral,near_nearest_proxy,main,,1,1train,target,False,,,,,,
1,bnci004,MMP_moe,logvar,svm_radial,coral,15,1,1,18880,0.05,no_leakage_v1_alpha005,gate_all_sources_proxy_source_only_final_training_only,mmd,,,,,moe,coral,near_nearest_proxy,final,,1,1train,target,False,,,,,,
1,bnci004,MMP_moe,logvar,svm_radial,coral,15,2,2,18911,0.05,no_leakage_v1_alpha005,gate_all_sources_proxy_source_only_final_training_only,mmd,,,,,moe,coral,near_nearest_proxy,main,0.0,0,0train,near,False,0.23687512195839358,2.0,direct,0.2177413070932312,0.17284055539473583,0.26251373680311824
1,bnci004,MMP_moe,logvar,svm_radial,coral,15,2,2,18911,0.05,no_leakage_v1_alpha005,gate_all_sources_proxy_source_only_final_training_only,mmd,,,,,moe,coral,near_nearest_proxy,anchor,0.0,0,0train,proxy_source,False,0.3393703841467329,2.0,direct,0.2177413070932312,0.17284055539473583,0.26251373680311824
1,bnci004,MMP_moe,logvar,svm_radial,coral,15,2,2,18911,0.05,no_leakage_v1_alpha005,gate_all_sources_proxy_source_only_final_training_only,mmd,,,,,moe,coral,near_nearest_proxy,final,0.0,0,0train,train,False,0.23687512195839358,2.0,direct,0.2177413070932312,0.17284055539473583,0.26251373680311824
1,bnci004,MMP_moe,logvar,svm_radial,coral,15,2,2,18911,0.05,no_leakage_v1_alpha005,gate_all_sources_proxy_source_only_final_training_only,mmd,,,,,moe,coral,near_nearest_proxy,main,1.0,1,1train,near,False,0.20669055537944678,2.0,direct,0.24953984357421974,0.20068502035994534,0.29650426860815254
1,bnci004,MMP_moe,logvar,svm_radial,coral,15,2,2,18911,0.05,no_leakage_v1_alpha005,gate_all_sources_proxy_source_only_final_training_only,mmd,,,,,moe,coral,near_nearest_proxy,anchor,1.0,1,1train,proxy_source,False,0.2961250324588545,2.0,direct,0.24953984357421974,0.20068502035994534,0.29650426860815254
1,bnci004,MMP_moe,logvar,svm_radial,coral,15,2,2,18911,0.05,no_leakage_v1_alpha005,gate_all_sources_proxy_source_only_final_training_only,mmd,,,,,moe,coral,near_nearest_proxy,final,1.0,1,1train,train,False,0.20669055537944678,2.0,direct,0.24953984357421974,0.20068502035994534,0.29650426860815254
1,bnci004,MMP_moe,logvar,svm_radial,coral,15,2,2,18911,0.05,no_leakage_v1_alpha005,gate_all_sources_proxy_source_only_final_training_only,mmd,,,,,moe,coral,near_nearest_proxy,main,2.0,3,3test,nearest,True,0.30201593001710947,2.0,direct,0.17077719552527973,0.11933145778828075,0.22497854969217215
1,bnci004,MMP_moe,logvar,svm_radial,coral,15,2,2,18911,0.05,no_leakage_v1_alpha005,gate_all_sources_proxy_source_only_final_training_only,mmd,,,,,moe,coral,near_nearest_proxy,anchor,2.0,3,3test,target,False,,2.0,direct,0.17077719552527973,0.11933145778828075,0.22497854969217215
1,bnci004,MMP_moe,logvar,svm_radial,coral,15,2,2,18911,0.05,no_leakage_v1_alpha005,gate_all_sources_proxy_source_only_final_training_only,mmd,,,,,moe,coral,near_nearest_proxy,final,2.0,3,3test,train,True,0.30201593001710947,2.0,direct,0.17077719552527973,0.11933145778828075,0.22497854969217215
1,bnci004,MMP_moe,logvar,svm_radial,coral,15,2,2,18911,0.05,no_leakage_v1_alpha005,gate_all_sources_proxy_source_only_final_training_only,mmd,,,,,moe,coral,near_nearest_proxy,main,3.0,4,4test,near,False,0.25441839264505,2.0,direct,0.202727014323121,0.16003234258176463,0.25692146847806147
1,bnci004,MMP_moe,logvar,svm_radial,coral,15,2,2,18911,0.05,no_leakage_v1_alpha005,gate_all_sources_proxy_source_only_final_training_only,mmd,,,,,moe,coral,near_nearest_proxy,anchor,3.0,4,4test,proxy_source,False,0.36450458339441266,2.0,direct,0.202727014323121,0.16003234258176463,0.25692146847806147
1,bnci004,MMP_moe,logvar,svm_radial,coral,15,2,2,18911,0.05,no_leakage_v1_alpha005,gate_all_sources_proxy_source_only_final_training_only,mmd,,,,,moe,coral,near_nearest_proxy,final,3.0,4,4test,train,False,0.25441839264505,2.0,direct,0.202727014323121,0.16003234258176463,0.25692146847806147
1,bnci004,MMP_moe,logvar,svm_radial,coral,15,2,2,18911,0.05,no_leakage_v1_alpha005,gate_all_sources_proxy_source_only_final_training_only,mmd,,,,,moe,coral,near_nearest_proxy,main,,2,2train,target,False,,,,,,
1,bnci004,MMP_moe,logvar,svm_radial,coral,15,2,2,18911,0.05,no_leakage_v1_alpha005,gate_all_sources_proxy_source_only_final_training_only,mmd,,,,,moe,coral,near_nearest_proxy,final,,2,2train,target,False,,,,,,
1,bnci004,MMP_moe,logvar,svm_radial,coral,15,3,3,18942,0.05,no_leakage_v1_alpha005,gate_all_sources_proxy_source_only_final_training_only,mmd,,,,,moe,coral,near_nearest_proxy,main,0.0,0,0train,far,False,,3.0,direct,0.3287546712243352,0.2744806600449747,0.3813102836414239
1,bnci004,MMP_moe,logvar,svm_radial,coral,15,3,3,18942,0.05,no_leakage_v1_alpha005,gate_all_sources_proxy_source_only_final_training_only,mmd,,,,,moe,coral,near_nearest_proxy,anchor,0.0,0,0train,not_used,False,,3.0,direct,0.3287546712243352,0.2744806600449747,0.3813102836414239
1,bnci004,MMP_moe,logvar,svm_radial,coral,15,3,3,18942,0.05,no_leakage_v1_alpha005,gate_all_sources_proxy_source_only_final_training_only,mmd,,,,,moe,coral,near_nearest_proxy,final,0.0,0,0train,not_used,False,,3.0,direct,0.3287546712243352,0.2744806600449747,0.3813102836414239
1,bnci004,MMP_moe,logvar,svm_radial,coral,15,3,3,18942,0.05,no_leakage_v1_alpha005,gate_all_sources_proxy_source_only_final_training_only,mmd,,,,,moe,coral,near_nearest_proxy,main,1.0,1,1train,far,False,,3.0,direct,0.394880584544374,0.3502412064695849,0.4401586456735789
1,bnci004,MMP_moe,logvar,svm_radial,coral,15,3,3,18942,0.05,no_leakage_v1_alpha005,gate_all_sources_proxy_source_only_final_training_only,mmd,,,,,moe,coral,near_nearest_proxy,anchor,1.0,1,1train,not_used,False,,3.0,direct,0.394880584544374,0.3502412064695849,0.4401586456735789
1,bnci004,MMP_moe,logvar,svm_radial,coral,15,3,3,18942,0.05,no_leakage_v1_alpha005,gate_all_sources_proxy_source_only_final_training_only,mmd,,,,,moe,coral,near_nearest_proxy,final,1.0,1,1train,not_used,False,,3.0,direct,0.394880584544374,0.3502412064695849,0.4401586456735789
1,bnci004,MMP_moe,logvar,svm_radial,coral,15,3,3,18942,0.05,no_leakage_v1_alpha005,gate_all_sources_proxy_source_only_final_training_only,mmd,,,,,moe,coral,near_nearest_proxy,main,2.0,2,2train,nearest,True,0.6016462553683544,3.0,direct,0.19566874912224352,0.15334682818946394,0.25636158095310047
1,bnci004,MMP_moe,logvar,svm_radial,coral,15,3,3,18942,0.05,no_leakage_v1_alpha005,gate_all_sources_proxy_source_only_final_training_only,mmd,,,,,moe,coral,near_nearest_proxy,anchor,2.0,2,2train,target,False,,3.0,direct,0.19566874912224352,0.15334682818946394,0.25636158095310047
1,bnci004,MMP_moe,logvar,svm_radial,coral,15,3,3,18942,0.05,no_leakage_v1_alpha005,gate_all_sources_proxy_source_only_final_training_only,mmd,,,,,moe,coral,near_nearest_proxy,final,2.0,2,2train,train,True,0.6016462553683544,3.0,direct,0.19566874912224352,0.15334682818946394,0.25636158095310047
1,bnci004,MMP_moe,logvar,svm_radial,coral,15,3,3,18942,0.05,no_leakage_v1_alpha005,gate_all_sources_proxy_source_only_final_training_only,mmd,,,,,moe,coral,near_nearest_proxy,main,3.0,4,4test,near,False,0.3983537446316456,3.0,direct,0.29552520863931264,0.2313102660235221,0.3630689653412545
1,bnci004,MMP_moe,logvar,svm_radial,coral,15,3,3,18942,0.05,no_leakage_v1_alpha005,gate_all_sources_proxy_source_only_final_training_only,mmd,,,,,moe,coral,near_nearest_proxy,anchor,3.0,4,4test,proxy_source,False,1.0,3.0,direct,0.29552520863931264,0.2313102660235221,0.3630689653412545
1,bnci004,MMP_moe,logvar,svm_radial,coral,15,3,3,18942,0.05,no_leakage_v1_alpha005,gate_all_sources_proxy_source_only_final_training_only,mmd,,,,,moe,coral,near_nearest_proxy,final,3.0,4,4test,train,False,0.3983537446316456,3.0,direct,0.29552520863931264,0.2313102660235221,0.3630689653412545
1,bnci004,MMP_moe,logvar,svm_radial,coral,15,3,3,18942,0.05,no_leakage_v1_alpha005,gate_all_sources_proxy_source_only_final_training_only,mmd,,,,,moe,coral,near_nearest_proxy,main,,3,3test,target,False,,,,,,
1,bnci004,MMP_moe,logvar,svm_radial,coral,15,3,3,18942,0.05,no_leakage_v1_alpha005,gate_all_sources_proxy_source_only_final_training_only,mmd,,,,,moe,coral,near_nearest_proxy,final,,3,3test,target,False,,,,,,
1,bnci004,MMP_moe,logvar,svm_radial,coral,15,4,4,18973,0.05,no_leakage_v1_alpha005,gate_all_sources_proxy_source_only_final_training_only,mmd,,,,,moe,coral,near_nearest_proxy,main,0.0,0,0train,nearest,True,0.5348918456308843,4.0,direct,0.15898364658651296,0.11602802642423611,0.21430302894624842
1,bnci004,MMP_moe,logvar,svm_radial,coral,15,4,4,18973,0.05,no_leakage_v1_alpha005,gate_all_sources_proxy_source_only_final_training_only,mmd,,,,,moe,coral,near_nearest_proxy,anchor,0.0,0,0train,target,False,,4.0,direct,0.15898364658651296,0.11602802642423611,0.21430302894624842
1,bnci004,MMP_moe,logvar,svm_radial,coral,15,4,4,18973,0.05,no_leakage_v1_alpha005,gate_all_sources_proxy_source_only_final_training_only,mmd,,,,,moe,coral,near_nearest_proxy,final,0.0,0,0train,train,True,0.5348918456308843,4.0,direct,0.15898364658651296,0.11602802642423611,0.21430302894624842
1,bnci004,MMP_moe,logvar,svm_radial,coral,15,4,4,18973,0.05,no_leakage_v1_alpha005,gate_all_sources_proxy_source_only_final_training_only,mmd,,,,,moe,coral,near_nearest_proxy,main,1.0,1,1train,far,False,,4.0,direct,0.2997181710711738,0.24743590490300815,0.35564967426420624
1,bnci004,MMP_moe,logvar,svm_radial,coral,15,4,4,18973,0.05,no_leakage_v1_alpha005,gate_all_sources_proxy_source_only_final_training_only,mmd,,,,,moe,coral,near_nearest_proxy,anchor,1.0,1,1train,not_used,False,,4.0,direct,0.2997181710711738,0.24743590490300815,0.35564967426420624
1,bnci004,MMP_moe,logvar,svm_radial,coral,15,4,4,18973,0.05,no_leakage_v1_alpha005,gate_all_sources_proxy_source_only_final_training_only,mmd,,,,,moe,coral,near_nearest_proxy,final,1.0,1,1train,not_used,False,,4.0,direct,0.2997181710711738,0.24743590490300815,0.35564967426420624
1,bnci004,MMP_moe,logvar,svm_radial,coral,15,4,4,18973,0.05,no_leakage_v1_alpha005,gate_all_sources_proxy_source_only_final_training_only,mmd,,,,,moe,coral,near_nearest_proxy,main,2.0,2,2train,near,False,0.4651081543691156,4.0,direct,0.1828373145743459,0.14246876118025484,0.23146813491808738
1,bnci004,MMP_moe,logvar,svm_radial,coral,15,4,4,18973,0.05,no_leakage_v1_alpha005,gate_all_sources_proxy_source_only_final_training_only,mmd,,,,,moe,coral,near_nearest_proxy,anchor,2.0,2,2train,proxy_source,False,1.0,4.0,direct,0.1828373145743459,0.14246876118025484,0.23146813491808738
1,bnci004,MMP_moe,logvar,svm_radial,coral,15,4,4,18973,0.05,no_leakage_v1_alpha005,gate_all_sources_proxy_source_only_final_training_only,mmd,,,,,moe,coral,near_nearest_proxy,final,2.0,2,2train,train,False,0.4651081543691156,4.0,direct,0.1828373145743459,0.14246876118025484,0.23146813491808738
1,bnci004,MMP_moe,logvar,svm_radial,coral,15,4,4,18973,0.05,no_leakage_v1_alpha005,gate_all_sources_proxy_source_only_final_training_only,mmd,,,,,moe,coral,near_nearest_proxy,main,3.0,3,3test,far,False,,4.0,direct,0.3829861969130025,0.2924449644569552,0.45923217237316805
1,bnci004,MMP_moe,logvar,svm_radial,coral,15,4,4,18973,0.05,no_leakage_v1_alpha005,gate_all_sources_proxy_source_only_final_training_only,mmd,,,,,moe,coral,near_nearest_proxy,anchor,3.0,3,3test,not_used,False,,4.0,direct,0.3829861969130025,0.2924449644569552,0.45923217237316805
1,bnci004,MMP_moe,logvar,svm_radial,coral,15,4,4,18973,0.05,no_leakage_v1_alpha005,gate_all_sources_proxy_source_only_final_training_only,mmd,,,,,moe,coral,near_nearest_proxy,final,3.0,3,3test,not_used,False,,4.0,direct,0.3829861969130025,0.2924449644569552,0.45923217237316805
1,bnci004,MMP_moe,logvar,svm_radial,coral,15,4,4,18973,0.05,no_leakage_v1_alpha005,gate_all_sources_proxy_source_only_final_training_only,mmd,,,,,moe,coral,near_nearest_proxy,main,,4,4test,target,False,,,,,,
1,bnci004,MMP_moe,logvar,svm_radial,coral,15,4,4,18973,0.05,no_leakage_v1_alpha005,gate_all_sources_proxy_source_only_final_training_only,mmd,,,,,moe,coral,near_nearest_proxy,final,,4,4test,target,False,,,,,,
1,bnci004,MMP_moe,TS,lda,none,16,0,0,19846,0.05,no_leakage_v1_alpha005,gate_all_sources_proxy_source_only_final_training_only,mmd,,,,,moe,coral,near_nearest_proxy,main,0.0,1,1train,nearest,True,0.5725438256466223,0.0,direct,0.13984169331017224,0.11249949502310534,0.1729976688020992
1,bnci004,MMP_moe,TS,lda,none,16,0,0,19846,0.05,no_leakage_v1_alpha005,gate_all_sources_proxy_source_only_final_training_only,mmd,,,,,moe,coral,near_nearest_proxy,anchor,0.0,1,1train,target,False,,0.0,direct,0.13984169331017224,0.11249949502310534,0.1729976688020992
1,bnci004,MMP_moe,TS,lda,none,16,0,0,19846,0.05,no_leakage_v1_alpha005,gate_all_sources_proxy_source_only_final_training_only,mmd,,,,,moe,coral,near_nearest_proxy,final,0.0,1,1train,train,True,0.5725438256466223,0.0,direct,0.13984169331017224,0.11249949502310534,0.1729976688020992
1,bnci004,MMP_moe,TS,lda,none,16,0,0,19846,0.05,no_leakage_v1_alpha005,gate_all_sources_proxy_source_only_final_training_only,mmd,,,,,moe,coral,near_nearest_proxy,main,1.0,2,2train,far,False,,0.0,direct,0.2666730605906199,0.2222242958697889,0.3193358106576455
1,bnci004,MMP_moe,TS,lda,none,16,0,0,19846,0.05,no_leakage_v1_alpha005,gate_all_sources_proxy_source_only_final_training_only,mmd,,,,,moe,coral,near_nearest_proxy,anchor,1.0,2,2train,not_used,False,,0.0,direct,0.2666730605906199,0.2222242958697889,0.3193358106576455
1,bnci004,MMP_moe,TS,lda,none,16,0,0,19846,0.05,no_leakage_v1_alpha005,gate_all_sources_proxy_source_only_final_training_only,mmd,,,,,moe,coral,near_nearest_proxy,final,1.0,2,2train,not_used,False,,0.0,direct,0.2666730605906199,0.2222242958697889,0.3193358106576455
1,bnci004,MMP_moe,TS,lda,none,16,0,0,19846,0.05,no_leakage_v1_alpha005,gate_all_sources_proxy_source_only_final_training_only,mmd,,,,,moe,coral,near_nearest_proxy,main,2.0,3,3test,far,False,,0.0,direct,0.43565796334976686,0.37812281916194435,0.5060322039653011
1,bnci004,MMP_moe,TS,lda,none,16,0,0,19846,0.05,no_leakage_v1_alpha005,gate_all_sources_proxy_source_only_final_training_only,mmd,,,,,moe,coral,near_nearest_proxy,anchor,2.0,3,3test,not_used,False,,0.0,direct,0.43565796334976686,0.37812281916194435,0.5060322039653011
1,bnci004,MMP_moe,TS,lda,none,16,0,0,19846,0.05,no_leakage_v1_alpha005,gate_all_sources_proxy_source_only_final_training_only,mmd,,,,,moe,coral,near_nearest_proxy,final,2.0,3,3test,not_used,False,,0.0,direct,0.43565796334976686,0.37812281916194435,0.5060322039653011
1,bnci004,MMP_moe,TS,lda,none,16,0,0,19846,0.05,no_leakage_v1_alpha005,gate_all_sources_proxy_source_only_final_training_only,mmd,,,,,moe,coral,near_nearest_proxy,main,3.0,4,4test,near,False,0.4274561743533776,0.0,direct,0.18730725619176292,0.14335456520213502,0.23636842015001064
1,bnci004,MMP_moe,TS,lda,none,16,0,0,19846,0.05,no_leakage_v1_alpha005,gate_all_sources_proxy_source_only_final_training_only,mmd,,,,,moe,coral,near_nearest_proxy,anchor,3.0,4,4test,proxy_source,False,1.0,0.0,direct,0.18730725619176292,0.14335456520213502,0.23636842015001064
1,bnci004,MMP_moe,TS,lda,none,16,0,0,19846,0.05,no_leakage_v1_alpha005,gate_all_sources_proxy_source_only_final_training_only,mmd,,,,,moe,coral,near_nearest_proxy,final,3.0,4,4test,train,False,0.4274561743533776,0.0,direct,0.18730725619176292,0.14335456520213502,0.23636842015001064
1,bnci004,MMP_moe,TS,lda,none,16,0,0,19846,0.05,no_leakage_v1_alpha005,gate_all_sources_proxy_source_only_final_training_only,mmd,,,,,moe,coral,near_nearest_proxy,main,,0,0train,target,False,,,,,,
1,bnci004,MMP_moe,TS,lda,none,16,0,0,19846,0.05,no_leakage_v1_alpha005,gate_all_sources_proxy_source_only_final_training_only,mmd,,,,,moe,coral,near_nearest_proxy,final,,0,0train,target,False,,,,,,
1,bnci004,MMP_moe,TS,lda,none,16,1,1,19877,0.05,no_leakage_v1_alpha005,gate_all_sources_proxy_source_only_final_training_only,mmd,,,,,moe,coral,near_nearest_proxy,main,0.0,0,0train,nearest,True,1.0,1.0,direct,0.11937196403279467,0.09699744176067324,0.14202971834816688
1,bnci004,MMP_moe,TS,lda,none,16,1,1,19877,0.05,no_leakage_v1_alpha005,gate_all_sources_proxy_source_only_final_training_only,mmd,,,,,moe,coral,near_nearest_proxy,anchor,0.0,0,0train,target,False,,1.0,direct,0.11937196403279467,0.09699744176067324,0.14202971834816688
1,bnci004,MMP_moe,TS,lda,none,16,1,1,19877,0.05,no_leakage_v1_alpha005,gate_all_sources_proxy_source_only_final_training_only,mmd,,,,,moe,coral,near_nearest_proxy,final,0.0,0,0train,train,True,1.0,1.0,direct,0.11937196403279467,0.09699744176067324,0.14202971834816688
1,bnci004,MMP_moe,TS,lda,none,16,1,1,19877,0.05,no_leakage_v1_alpha005,gate_all_sources_proxy_source_only_final_training_only,mmd,,,,,moe,coral,near_nearest_proxy,main,1.0,2,2train,far,False,,1.0,direct,0.24074190595352735,0.199932829395292,0.2840298194612853
1,bnci004,MMP_moe,TS,lda,none,16,1,1,19877,0.05,no_leakage_v1_alpha005,gate_all_sources_proxy_source_only_final_training_only,mmd,,,,,moe,coral,near_nearest_proxy,anchor,1.0,2,2train,not_used,False,,1.0,direct,0.24074190595352735,0.199932829395292,0.2840298194612853
1,bnci004,MMP_moe,TS,lda,none,16,1,1,19877,0.05,no_leakage_v1_alpha005,gate_all_sources_proxy_source_only_final_training_only,mmd,,,,,moe,coral,near_nearest_proxy,final,1.0,2,2train,not_used,False,,1.0,direct,0.24074190595352735,0.199932829395292,0.2840298194612853
1,bnci004,MMP_moe,TS,lda,none,16,1,1,19877,0.05,no_leakage_v1_alpha005,gate_all_sources_proxy_source_only_final_training_only,mmd,,,,,moe,coral,near_nearest_proxy,main,2.0,3,3test,far,False,,1.0,direct,0.4468365444589648,0.3989173996978522,0.5006368315579689
1,bnci004,MMP_moe,TS,lda,none,16,1,1,19877,0.05,no_leakage_v1_alpha005,gate_all_sources_proxy_source_only_final_training_only,mmd,,,,,moe,coral,near_nearest_proxy,anchor,2.0,3,3test,not_used,False,,1.0,direct,0.4468365444589648,0.3989173996978522,0.5006368315579689
1,bnci004,MMP_moe,TS,lda,none,16,1,1,19877,0.05,no_leakage_v1_alpha005,gate_all_sources_proxy_source_only_final_training_only,mmd,,,,,moe,coral,near_nearest_proxy,final,2.0,3,3test,not_used,False,,1.0,direct,0.4468365444589648,0.3989173996978522,0.5006368315579689
1,bnci004,MMP_moe,TS,lda,none,16,1,1,19877,0.05,no_leakage_v1_alpha005,gate_all_sources_proxy_source_only_final_training_only,mmd,,,,,moe,coral,near_nearest_proxy,main,3.0,4,4test,far,False,,1.0,direct,0.2114803108778718,0.1687055986348975,0.25938499592999575
1,bnci004,MMP_moe,TS,lda,none,16,1,1,19877,0.05,no_leakage_v1_alpha005,gate_all_sources_proxy_source_only_final_training_only,mmd,,,,,moe,coral,near_nearest_proxy,anchor,3.0,4,4test,second_nearest_fallback_source,False,1.0,1.0,direct,0.2114803108778718,0.1687055986348975,0.25938499592999575
1,bnci004,MMP_moe,TS,lda,none,16,1,1,19877,0.05,no_leakage_v1_alpha005,gate_all_sources_proxy_source_only_final_training_only,mmd,,,,,moe,coral,near_nearest_proxy,final,3.0,4,4test,not_used,False,,1.0,direct,0.2114803108778718,0.1687055986348975,0.25938499592999575
1,bnci004,MMP_moe,TS,lda,none,16,1,1,19877,0.05,no_leakage_v1_alpha005,gate_all_sources_proxy_source_only_final_training_only,mmd,,,,,moe,coral,near_nearest_proxy,main,,1,1train,target,False,,,,,,
1,bnci004,MMP_moe,TS,lda,none,16,1,1,19877,0.05,no_leakage_v1_alpha005,gate_all_sources_proxy_source_only_final_training_only,mmd,,,,,moe,coral,near_nearest_proxy,final,,1,1train,target,False,,,,,,
1,bnci004,MMP_moe,TS,lda,none,16,2,2,19908,0.05,no_leakage_v1_alpha005,gate_all_sources_proxy_source_only_final_training_only,mmd,,,,,moe,coral,near_nearest_proxy,main,0.0,0,0train,near,False,0.25432966593285966,2.0,direct,0.11156332783664992,0.09358480568012294,0.13122983979435934
1,bnci004,MMP_moe,TS,lda,none,16,2,2,19908,0.05,no_leakage_v1_alpha005,gate_all_sources_proxy_source_only_final_training_only,mmd,,,,,moe,coral,near_nearest_proxy,anchor,0.0,0,0train,proxy_source,False,0.34572269413592976,2.0,direct,0.11156332783664992,0.09358480568012294,0.13122983979435934
1,bnci004,MMP_moe,TS,lda,none,16,2,2,19908,0.05,no_leakage_v1_alpha005,gate_all_sources_proxy_source_only_final_training_only,mmd,,,,,moe,coral,near_nearest_proxy,final,0.0,0,0train,train,False,0.25432966593285966,2.0,direct,0.11156332783664992,0.09358480568012294,0.13122983979435934
1,bnci004,MMP_moe,TS,lda,none,16,2,2,19908,0.05,no_leakage_v1_alpha005,gate_all_sources_proxy_source_only_final_training_only,mmd,,,,,moe,coral,near_nearest_proxy,main,1.0,1,1train,near,False,0.24061038725048753,2.0,direct,0.11792457483887976,0.10013014001674624,0.14073546250138244
1,bnci004,MMP_moe,TS,lda,none,16,2,2,19908,0.05,no_leakage_v1_alpha005,gate_all_sources_proxy_source_only_final_training_only,mmd,,,,,moe,coral,near_nearest_proxy,anchor,1.0,1,1train,proxy_source,False,0.32707341085128366,2.0,direct,0.11792457483887976,0.10013014001674624,0.14073546250138244
1,bnci004,MMP_moe,TS,lda,none,16,2,2,19908,0.05,no_leakage_v1_alpha005,gate_all_sources_proxy_source_only_final_training_only,mmd,,,,,moe,coral,near_nearest_proxy,final,1.0,1,1train,train,False,0.24061038725048753,2.0,direct,0.11792457483887976,0.10013014001674624,0.14073546250138244
1,bnci004,MMP_moe,TS,lda,none,16,2,2,19908,0.05,no_leakage_v1_alpha005,gate_all_sources_proxy_source_only_final_training_only,mmd,,,,,moe,coral,near_nearest_proxy,main,2.0,3,3test,nearest,True,0.26435356935850035,2.0,direct,0.10733297055153791,0.08264308471086233,0.1346500053501661
1,bnci004,MMP_moe,TS,lda,none,16,2,2,19908,0.05,no_leakage_v1_alpha005,gate_all_sources_proxy_source_only_final_training_only,mmd,,,,,moe,coral,near_nearest_proxy,anchor,2.0,3,3test,target,False,,2.0,direct,0.10733297055153791,0.08264308471086233,0.1346500053501661
1,bnci004,MMP_moe,TS,lda,none,16,2,2,19908,0.05,no_leakage_v1_alpha005,gate_all_sources_proxy_source_only_final_training_only,mmd,,,,,moe,coral,near_nearest_proxy,final,2.0,3,3test,train,True,0.26435356935850035,2.0,direct,0.10733297055153791,0.08264308471086233,0.1346500053501661
1,bnci004,MMP_moe,TS,lda,none,16,2,2,19908,0.05,no_leakage_v1_alpha005,gate_all_sources_proxy_source_only_final_training_only,mmd,,,,,moe,coral,near_nearest_proxy,main,3.0,4,4test,near,False,0.24070637745815243,2.0,direct,0.11787754783221165,0.09701105813022418,0.13804495418644744
1,bnci004,MMP_moe,TS,lda,none,16,2,2,19908,0.05,no_leakage_v1_alpha005,gate_all_sources_proxy_source_only_final_training_only,mmd,,,,,moe,coral,near_nearest_proxy,anchor,3.0,4,4test,proxy_source,False,0.32720389501278657,2.0,direct,0.11787754783221165,0.09701105813022418,0.13804495418644744
1,bnci004,MMP_moe,TS,lda,none,16,2,2,19908,0.05,no_leakage_v1_alpha005,gate_all_sources_proxy_source_only_final_training_only,mmd,,,,,moe,coral,near_nearest_proxy,final,3.0,4,4test,train,False,0.24070637745815243,2.0,direct,0.11787754783221165,0.09701105813022418,0.13804495418644744
1,bnci004,MMP_moe,TS,lda,none,16,2,2,19908,0.05,no_leakage_v1_alpha005,gate_all_sources_proxy_source_only_final_training_only,mmd,,,,,moe,coral,near_nearest_proxy,main,,2,2train,target,False,,,,,,
1,bnci004,MMP_moe,TS,lda,none,16,2,2,19908,0.05,no_leakage_v1_alpha005,gate_all_sources_proxy_source_only_final_training_only,mmd,,,,,moe,coral,near_nearest_proxy,final,,2,2train,target,False,,,,,,
1,bnci004,MMP_moe,TS,lda,none,16,3,3,19939,0.05,no_leakage_v1_alpha005,gate_all_sources_proxy_source_only_final_training_only,mmd,,,,,moe,coral,near_nearest_proxy,main,0.0,0,0train,far,False,,3.0,direct,0.16644940900980743,0.1415772503060429,0.19233694254595687
1,bnci004,MMP_moe,TS,lda,none,16,3,3,19939,0.05,no_leakage_v1_alpha005,gate_all_sources_proxy_source_only_final_training_only,mmd,,,,,moe,coral,near_nearest_proxy,anchor,0.0,0,0train,not_used,False,,3.0,direct,0.16644940900980743,0.1415772503060429,0.19233694254595687
1,bnci004,MMP_moe,TS,lda,none,16,3,3,19939,0.05,no_leakage_v1_alpha005,gate_all_sources_proxy_source_only_final_training_only,mmd,,,,,moe,coral,near_nearest_proxy,final,0.0,0,0train,not_used,False,,3.0,direct,0.16644940900980743,0.1415772503060429,0.19233694254595687
1,bnci004,MMP_moe,TS,lda,none,16,3,3,19939,0.05,no_leakage_v1_alpha005,gate_all_sources_proxy_source_only_final_training_only,mmd,,,,,moe,coral,near_nearest_proxy,main,1.0,1,1train,far,False,,3.0,direct,0.1786565980342616,0.15465042742679233,0.20379438550163664
1,bnci004,MMP_moe,TS,lda,none,16,3,3,19939,0.05,no_leakage_v1_alpha005,gate_all_sources_proxy_source_only_final_training_only,mmd,,,,,moe,coral,near_nearest_proxy,anchor,1.0,1,1train,not_used,False,,3.0,direct,0.1786565980342616,0.15465042742679233,0.20379438550163664
1,bnci004,MMP_moe,TS,lda,none,16,3,3,19939,0.05,no_leakage_v1_alpha005,gate_all_sources_proxy_source_only_final_training_only,mmd,,,,,moe,coral,near_nearest_proxy,final,1.0,1,1train,not_used,False,,3.0,direct,0.1786565980342616,0.15465042742679233,0.20379438550163664
1,bnci004,MMP_moe,TS,lda,none,16,3,3,19939,0.05,no_leakage_v1_alpha005,gate_all_sources_proxy_source_only_final_training_only,mmd,,,,,moe,coral,near_nearest_proxy,main,2.0,2,2train,nearest,True,0.5843363909612969,3.0,direct,0.10876762115995202,0.08207567073492916,0.1358235412853737
1,bnci004,MMP_moe,TS,lda,none,16,3,3,19939,0.05,no_leakage_v1_alpha005,gate_all_sources_proxy_source_only_final_training_only,mmd,,,,,moe,coral,near_nearest_proxy,anchor,2.0,2,2train,target,False,,3.0,direct,0.10876762115995202,0.08207567073492916,0.1358235412853737
1,bnci004,MMP_moe,TS,lda,none,16,3,3,19939,0.05,no_leakage_v1_alpha005,gate_all_sources_proxy_source_only_final_training_only,mmd,,,,,moe,coral,near_nearest_proxy,final,2.0,2,2train,train,True,0.5843363909612969,3.0,direct,0.10876762115995202,0.08207567073492916,0.1358235412853737
1,bnci004,MMP_moe,TS,lda,none,16,3,3,19939,0.05,no_leakage_v1_alpha005,gate_all_sources_proxy_source_only_final_training_only,mmd,,,,,moe,coral,near_nearest_proxy,main,3.0,4,4test,near,False,0.41566360903870314,3.0,direct,0.15290500898508047,0.13050179211043014,0.18413387951838686
1,bnci004,MMP_moe,TS,lda,none,16,3,3,19939,0.05,no_leakage_v1_alpha005,gate_all_sources_proxy_source_only_final_training_only,mmd,,,,,moe,coral,near_nearest_proxy,anchor,3.0,4,4test,proxy_source,False,1.0,3.0,direct,0.15290500898508047,0.13050179211043014,0.18413387951838686
1,bnci004,MMP_moe,TS,lda,none,16,3,3,19939,0.05,no_leakage_v1_alpha005,gate_all_sources_proxy_source_only_final_training_only,mmd,,,,,moe,coral,near_nearest_proxy,final,3.0,4,4test,train,False,0.41566360903870314,3.0,direct,0.15290500898508047,0.13050179211043014,0.18413387951838686
1,bnci004,MMP_moe,TS,lda,none,16,3,3,19939,0.05,no_leakage_v1_alpha005,gate_all_sources_proxy_source_only_final_training_only,mmd,,,,,moe,coral,near_nearest_proxy,main,,3,3test,target,False,,,,,,
1,bnci004,MMP_moe,TS,lda,none,16,3,3,19939,0.05,no_leakage_v1_alpha005,gate_all_sources_proxy_source_only_final_training_only,mmd,,,,,moe,coral,near_nearest_proxy,final,,3,3test,target,False,,,,,,
1,bnci004,MMP_moe,TS,lda,none,16,4,4,19970,0.05,no_leakage_v1_alpha005,gate_all_sources_proxy_source_only_final_training_only,mmd,,,,,moe,coral,near_nearest_proxy,main,0.0,0,0train,nearest,True,0.3827102535277889,4.0,direct,0.11285912730350792,0.08900576355211157,0.13476484068970357
1,bnci004,MMP_moe,TS,lda,none,16,4,4,19970,0.05,no_leakage_v1_alpha005,gate_all_sources_proxy_source_only_final_training_only,mmd,,,,,moe,coral,near_nearest_proxy,anchor,0.0,0,0train,target,False,,4.0,direct,0.11285912730350792,0.08900576355211157,0.13476484068970357
1,bnci004,MMP_moe,TS,lda,none,16,4,4,19970,0.05,no_leakage_v1_alpha005,gate_all_sources_proxy_source_only_final_training_only,mmd,,,,,moe,coral,near_nearest_proxy,final,0.0,0,0train,train,True,0.3827102535277889,4.0,direct,0.11285912730350792,0.08900576355211157,0.13476484068970357
1,bnci004,MMP_moe,TS,lda,none,16,4,4,19970,0.05,no_leakage_v1_alpha005,gate_all_sources_proxy_source_only_final_training_only,mmd,,,,,moe,coral,near_nearest_proxy,main,1.0,1,1train,near,False,0.2760911292139555,4.0,direct,0.15644273673459116,0.1344195246323207,0.18281992435276828
1,bnci004,MMP_moe,TS,lda,none,16,4,4,19970,0.05,no_leakage_v1_alpha005,gate_all_sources_proxy_source_only_final_training_only,mmd,,,,,moe,coral,near_nearest_proxy,anchor,1.0,1,1train,proxy_source,False,0.44726342984280304,4.0,direct,0.15644273673459116,0.1344195246323207,0.18281992435276828
1,bnci004,MMP_moe,TS,lda,none,16,4,4,19970,0.05,no_leakage_v1_alpha005,gate_all_sources_proxy_source_only_final_training_only,mmd,,,,,moe,coral,near_nearest_proxy,final,1.0,1,1train,train,False,0.2760911292139555,4.0,direct,0.15644273673459116,0.1344195246323207,0.18281992435276828
1,bnci004,MMP_moe,TS,lda,none,16,4,4,19970,0.05,no_leakage_v1_alpha005,gate_all_sources_proxy_source_only_final_training_only,mmd,,,,,moe,coral,near_nearest_proxy,main,2.0,2,2train,near,False,0.3411986172582556,4.0,direct,0.1265901576095608,0.10606611020675741,0.14627410223314652
1,bnci004,MMP_moe,TS,lda,none,16,4,4,19970,0.05,no_leakage_v1_alpha005,gate_all_sources_proxy_source_only_final_training_only,mmd,,,,,moe,coral,near_nearest_proxy,anchor,2.0,2,2train,proxy_source,False,0.5527365701571969,4.0,direct,0.1265901576095608,0.10606611020675741,0.14627410223314652
1,bnci004,MMP_moe,TS,lda,none,16,4,4,19970,0.05,no_leakage_v1_alpha005,gate_all_sources_proxy_source_only_final_training_only,mmd,,,,,moe,coral,near_nearest_proxy,final,2.0,2,2train,train,False,0.3411986172582556,4.0,direct,0.1265901576095608,0.10606611020675741,0.14627410223314652
1,bnci004,MMP_moe,TS,lda,none,16,4,4,19970,0.05,no_leakage_v1_alpha005,gate_all_sources_proxy_source_only_final_training_only,mmd,,,,,moe,coral,near_nearest_proxy,main,3.0,3,3test,far,False,,4.0,direct,0.24130380073768531,0.1989247179720164,0.2929035287528573
1,bnci004,MMP_moe,TS,lda,none,16,4,4,19970,0.05,no_leakage_v1_alpha005,gate_all_sources_proxy_source_only_final_training_only,mmd,,,,,moe,coral,near_nearest_proxy,anchor,3.0,3,3test,not_used,False,,4.0,direct,0.24130380073768531,0.1989247179720164,0.2929035287528573
1,bnci004,MMP_moe,TS,lda,none,16,4,4,19970,0.05,no_leakage_v1_alpha005,gate_all_sources_proxy_source_only_final_training_only,mmd,,,,,moe,coral,near_nearest_proxy,final,3.0,3,3test,not_used,False,,4.0,direct,0.24130380073768531,0.1989247179720164,0.2929035287528573
1,bnci004,MMP_moe,TS,lda,none,16,4,4,19970,0.05,no_leakage_v1_alpha005,gate_all_sources_proxy_source_only_final_training_only,mmd,,,,,moe,coral,near_nearest_proxy,main,,4,4test,target,False,,,,,,
1,bnci004,MMP_moe,TS,lda,none,16,4,4,19970,0.05,no_leakage_v1_alpha005,gate_all_sources_proxy_source_only_final_training_only,mmd,,,,,moe,coral,near_nearest_proxy,final,,4,4test,target,False,,,,,,
1,bnci004,MMP_moe,TS,lda,sa,17,0,0,20843,0.05,no_leakage_v1_alpha005,gate_all_sources_proxy_source_only_final_training_only,mmd,,,,,moe,coral,near_nearest_proxy,main,0.0,1,1train,nearest,True,0.5697983155888992,0.0,direct,0.13966352770331236,0.11040434752856014,0.16803412853152744
1,bnci004,MMP_moe,TS,lda,sa,17,0,0,20843,0.05,no_leakage_v1_alpha005,gate_all_sources_proxy_source_only_final_training_only,mmd,,,,,moe,coral,near_nearest_proxy,anchor,0.0,1,1train,target,False,,0.0,direct,0.13966352770331236,0.11040434752856014,0.16803412853152744
1,bnci004,MMP_moe,TS,lda,sa,17,0,0,20843,0.05,no_leakage_v1_alpha005,gate_all_sources_proxy_source_only_final_training_only,mmd,,,,,moe,coral,near_nearest_proxy,final,0.0,1,1train,train,True,0.5697983155888992,0.0,direct,0.13966352770331236,0.11040434752856014,0.16803412853152744
1,bnci004,MMP_moe,TS,lda,sa,17,0,0,20843,0.05,no_leakage_v1_alpha005,gate_all_sources_proxy_source_only_final_training_only,mmd,,,,,moe,coral,near_nearest_proxy,main,1.0,2,2train,far,False,,0.0,direct,0.26864625375913787,0.21384767747637778,0.32789338727395767
1,bnci004,MMP_moe,TS,lda,sa,17,0,0,20843,0.05,no_leakage_v1_alpha005,gate_all_sources_proxy_source_only_final_training_only,mmd,,,,,moe,coral,near_nearest_proxy,anchor,1.0,2,2train,not_used,False,,0.0,direct,0.26864625375913787,0.21384767747637778,0.32789338727395767
1,bnci004,MMP_moe,TS,lda,sa,17,0,0,20843,0.05,no_leakage_v1_alpha005,gate_all_sources_proxy_source_only_final_training_only,mmd,,,,,moe,coral,near_nearest_proxy,final,1.0,2,2train,not_used,False,,0.0,direct,0.26864625375913787,0.21384767747637778,0.32789338727395767
1,bnci004,MMP_moe,TS,lda,sa,17,0,0,20843,0.05,no_leakage_v1_alpha005,gate_all_sources_proxy_source_only_final_training_only,mmd,,,,,moe,coral,near_nearest_proxy,main,2.0,3,3test,far,False,,0.0,direct,0.4418798734346852,0.3715003456242806,0.5010248168310458
1,bnci004,MMP_moe,TS,lda,sa,17,0,0,20843,0.05,no_leakage_v1_alpha005,gate_all_sources_proxy_source_only_final_training_only,mmd,,,,,moe,coral,near_nearest_proxy,anchor,2.0,3,3test,not_used,False,,0.0,direct,0.4418798734346852,0.3715003456242806,0.5010248168310458
1,bnci004,MMP_moe,TS,lda,sa,17,0,0,20843,0.05,no_leakage_v1_alpha005,gate_all_sources_proxy_source_only_final_training_only,mmd,,,,,moe,coral,near_nearest_proxy,final,2.0,3,3test,not_used,False,,0.0,direct,0.4418798734346852,0.3715003456242806,0.5010248168310458
1,bnci004,MMP_moe,TS,lda,sa,17,0,0,20843,0.05,no_leakage_v1_alpha005,gate_all_sources_proxy_source_only_final_training_only,mmd,,,,,moe,coral,near_nearest_proxy,main,3.0,4,4test,near,False,0.43020168441110085,0.0,direct,0.18498342827299408,0.14130547180223008,0.23361403533126324
1,bnci004,MMP_moe,TS,lda,sa,17,0,0,20843,0.05,no_leakage_v1_alpha005,gate_all_sources_proxy_source_only_final_training_only,mmd,,,,,moe,coral,near_nearest_proxy,anchor,3.0,4,4test,proxy_source,False,1.0,0.0,direct,0.18498342827299408,0.14130547180223008,0.23361403533126324
1,bnci004,MMP_moe,TS,lda,sa,17,0,0,20843,0.05,no_leakage_v1_alpha005,gate_all_sources_proxy_source_only_final_training_only,mmd,,,,,moe,coral,near_nearest_proxy,final,3.0,4,4test,train,False,0.43020168441110085,0.0,direct,0.18498342827299408,0.14130547180223008,0.23361403533126324
1,bnci004,MMP_moe,TS,lda,sa,17,0,0,20843,0.05,no_leakage_v1_alpha005,gate_all_sources_proxy_source_only_final_training_only,mmd,,,,,moe,coral,near_nearest_proxy,main,,0,0train,target,False,,,,,,
1,bnci004,MMP_moe,TS,lda,sa,17,0,0,20843,0.05,no_leakage_v1_alpha005,gate_all_sources_proxy_source_only_final_training_only,mmd,,,,,moe,coral,near_nearest_proxy,final,,0,0train,target,False,,,,,,
1,bnci004,MMP_moe,TS,lda,sa,17,1,1,20874,0.05,no_leakage_v1_alpha005,gate_all_sources_proxy_source_only_final_training_only,mmd,,,,,moe,coral,near_nearest_proxy,main,0.0,0,0train,nearest,True,1.0,1.0,direct,0.12045862637273703,0.09611806152354299,0.14681124482320596
1,bnci004,MMP_moe,TS,lda,sa,17,1,1,20874,0.05,no_leakage_v1_alpha005,gate_all_sources_proxy_source_only_final_training_only,mmd,,,,,moe,coral,near_nearest_proxy,anchor,0.0,0,0train,target,False,,1.0,direct,0.12045862637273703,0.09611806152354299,0.14681124482320596
1,bnci004,MMP_moe,TS,lda,sa,17,1,1,20874,0.05,no_leakage_v1_alpha005,gate_all_sources_proxy_source_only_final_training_only,mmd,,,,,moe,coral,near_nearest_proxy,final,0.0,0,0train,train,True,1.0,1.0,direct,0.12045862637273703,0.09611806152354299,0.14681124482320596
1,bnci004,MMP_moe,TS,lda,sa,17,1,1,20874,0.05,no_leakage_v1_alpha005,gate_all_sources_proxy_source_only_final_training_only,mmd,,,,,moe,coral,near_nearest_proxy,main,1.0,2,2train,far,False,,1.0,direct,0.2409460369149956,0.20013858344889113,0.29288046967416353
1,bnci004,MMP_moe,TS,lda,sa,17,1,1,20874,0.05,no_leakage_v1_alpha005,gate_all_sources_proxy_source_only_final_training_only,mmd,,,,,moe,coral,near_nearest_proxy,anchor,1.0,2,2train,not_used,False,,1.0,direct,0.2409460369149956,0.20013858344889113,0.29288046967416353
1,bnci004,MMP_moe,TS,lda,sa,17,1,1,20874,0.05,no_leakage_v1_alpha005,gate_all_sources_proxy_source_only_final_training_only,mmd,,,,,moe,coral,near_nearest_proxy,final,1.0,2,2train,not_used,False,,1.0,direct,0.2409460369149956,0.20013858344889113,0.29288046967416353
1,bnci004,MMP_moe,TS,lda,sa,17,1,1,20874,0.05,no_leakage_v1_alpha005,gate_all_sources_proxy_source_only_final_training_only,mmd,,,,,moe,coral,near_nearest_proxy,main,2.0,3,3test,far,False,,1.0,direct,0.4455639992395716,0.3964851825930253,0.500751065687309
1,bnci004,MMP_moe,TS,lda,sa,17,1,1,20874,0.05,no_leakage_v1_alpha005,gate_all_sources_proxy_source_only_final_training_only,mmd,,,,,moe,coral,near_nearest_proxy,anchor,2.0,3,3test,not_used,False,,1.0,direct,0.4455639992395716,0.3964851825930253,0.500751065687309
1,bnci004,MMP_moe,TS,lda,sa,17,1,1,20874,0.05,no_leakage_v1_alpha005,gate_all_sources_proxy_source_only_final_training_only,mmd,,,,,moe,coral,near_nearest_proxy,final,2.0,3,3test,not_used,False,,1.0,direct,0.4455639992395716,0.3964851825930253,0.500751065687309
1,bnci004,MMP_moe,TS,lda,sa,17,1,1,20874,0.05,no_leakage_v1_alpha005,gate_all_sources_proxy_source_only_final_training_only,mmd,,,,,moe,coral,near_nearest_proxy,main,3.0,4,4test,far,False,,1.0,direct,0.20982052229905043,0.1707203652989649,0.2457740706262172
1,bnci004,MMP_moe,TS,lda,sa,17,1,1,20874,0.05,no_leakage_v1_alpha005,gate_all_sources_proxy_source_only_final_training_only,mmd,,,,,moe,coral,near_nearest_proxy,anchor,3.0,4,4test,second_nearest_fallback_source,False,1.0,1.0,direct,0.20982052229905043,0.1707203652989649,0.2457740706262172
1,bnci004,MMP_moe,TS,lda,sa,17,1,1,20874,0.05,no_leakage_v1_alpha005,gate_all_sources_proxy_source_only_final_training_only,mmd,,,,,moe,coral,near_nearest_proxy,final,3.0,4,4test,not_used,False,,1.0,direct,0.20982052229905043,0.1707203652989649,0.2457740706262172
1,bnci004,MMP_moe,TS,lda,sa,17,1,1,20874,0.05,no_leakage_v1_alpha005,gate_all_sources_proxy_source_only_final_training_only,mmd,,,,,moe,coral,near_nearest_proxy,main,,1,1train,target,False,,,,,,
1,bnci004,MMP_moe,TS,lda,sa,17,1,1,20874,0.05,no_leakage_v1_alpha005,gate_all_sources_proxy_source_only_final_training_only,mmd,,,,,moe,coral,near_nearest_proxy,final,,1,1train,target,False,,,,,,
1,bnci004,MMP_moe,TS,lda,sa,17,2,2,20905,0.05,no_leakage_v1_alpha005,gate_all_sources_proxy_source_only_final_training_only,mmd,,,,,moe,coral,near_nearest_proxy,main,0.0,0,0train,near,False,0.25324624623369707,2.0,direct,0.1115836611537608,0.09460355416832608,0.13230057381640103
1,bnci004,MMP_moe,TS,lda,sa,17,2,2,20905,0.05,no_leakage_v1_alpha005,gate_all_sources_proxy_source_only_final_training_only,mmd,,,,,moe,coral,near_nearest_proxy,anchor,0.0,0,0train,proxy_source,False,0.3440830219927369,2.0,direct,0.1115836611537608,0.09460355416832608,0.13230057381640103
1,bnci004,MMP_moe,TS,lda,sa,17,2,2,20905,0.05,no_leakage_v1_alpha005,gate_all_sources_proxy_source_only_final_training_only,mmd,,,,,moe,coral,near_nearest_proxy,final,0.0,0,0train,train,False,0.25324624623369707,2.0,direct,0.1115836611537608,0.09460355416832608,0.13230057381640103
1,bnci004,MMP_moe,TS,lda,sa,17,2,2,20905,0.05,no_leakage_v1_alpha005,gate_all_sources_proxy_source_only_final_training_only,mmd,,,,,moe,coral,near_nearest_proxy,main,1.0,1,1train,near,False,0.2427849165609076,2.0,direct,0.11639171901539137,0.09777989344023827,0.13925098447808526
1,bnci004,MMP_moe,TS,lda,sa,17,2,2,20905,0.05,no_leakage_v1_alpha005,gate_all_sources_proxy_source_only_final_training_only,mmd,,,,,moe,coral,near_nearest_proxy,anchor,1.0,1,1train,proxy_source,False,0.3298693229491823,2.0,direct,0.11639171901539137,0.09777989344023827,0.13925098447808526
1,bnci004,MMP_moe,TS,lda,sa,17,2,2,20905,0.05,no_leakage_v1_alpha005,gate_all_sources_proxy_source_only_final_training_only,mmd,,,,,moe,coral,near_nearest_proxy,final,1.0,1,1train,train,False,0.2427849165609076,2.0,direct,0.11639171901539137,0.09777989344023827,0.13925098447808526
1,bnci004,MMP_moe,TS,lda,sa,17,2,2,20905,0.05,no_leakage_v1_alpha005,gate_all_sources_proxy_source_only_final_training_only,mmd,,,,,moe,coral,near_nearest_proxy,main,2.0,3,3test,nearest,True,0.26399668089684836,2.0,direct,0.10703972671841804,0.0804165425720664,0.13501231756681228
1,bnci004,MMP_moe,TS,lda,sa,17,2,2,20905,0.05,no_leakage_v1_alpha005,gate_all_sources_proxy_source_only_final_training_only,mmd,,,,,moe,coral,near_nearest_proxy,anchor,2.0,3,3test,target,False,,2.0,direct,0.10703972671841804,0.0804165425720664,0.13501231756681228
1,bnci004,MMP_moe,TS,lda,sa,17,2,2,20905,0.05,no_leakage_v1_alpha005,gate_all_sources_proxy_source_only_final_training_only,mmd,,,,,moe,coral,near_nearest_proxy,final,2.0,3,3test,train,True,0.26399668089684836,2.0,direct,0.10703972671841804,0.0804165425720664,0.13501231756681228
1,bnci004,MMP_moe,TS,lda,sa,17,2,2,20905,0.05,no_leakage_v1_alpha005,gate_all_sources_proxy_source_only_final_training_only,mmd,,,,,moe,coral,near_nearest_proxy,main,3.0,4,4test,near,False,0.23997215630854696,2.0,direct,0.11775598068118955,0.09763850532552776,0.13607697823525794
1,bnci004,MMP_moe,TS,lda,sa,17,2,2,20905,0.05,no_leakage_v1_alpha005,gate_all_sources_proxy_source_only_final_training_only,mmd,,,,,moe,coral,near_nearest_proxy,anchor,3.0,4,4test,proxy_source,False,0.3260476550580808,2.0,direct,0.11775598068118955,0.09763850532552776,0.13607697823525794
1,bnci004,MMP_moe,TS,lda,sa,17,2,2,20905,0.05,no_leakage_v1_alpha005,gate_all_sources_proxy_source_only_final_training_only,mmd,,,,,moe,coral,near_nearest_proxy,final,3.0,4,4test,train,False,0.23997215630854696,2.0,direct,0.11775598068118955,0.09763850532552776,0.13607697823525794
1,bnci004,MMP_moe,TS,lda,sa,17,2,2,20905,0.05,no_leakage_v1_alpha005,gate_all_sources_proxy_source_only_final_training_only,mmd,,,,,moe,coral,near_nearest_proxy,main,,2,2train,target,False,,,,,,
1,bnci004,MMP_moe,TS,lda,sa,17,2,2,20905,0.05,no_leakage_v1_alpha005,gate_all_sources_proxy_source_only_final_training_only,mmd,,,,,moe,coral,near_nearest_proxy,final,,2,2train,target,False,,,,,,
1,bnci004,MMP_moe,TS,lda,sa,17,3,3,20936,0.05,no_leakage_v1_alpha005,gate_all_sources_proxy_source_only_final_training_only,mmd,,,,,moe,coral,near_nearest_proxy,main,0.0,0,0train,far,False,,3.0,direct,0.16709425737135014,0.1424849126611459,0.18991614008993601
1,bnci004,MMP_moe,TS,lda,sa,17,3,3,20936,0.05,no_leakage_v1_alpha005,gate_all_sources_proxy_source_only_final_training_only,mmd,,,,,moe,coral,near_nearest_proxy,anchor,0.0,0,0train,not_used,False,,3.0,direct,0.16709425737135014,0.1424849126611459,0.18991614008993601
1,bnci004,MMP_moe,TS,lda,sa,17,3,3,20936,0.05,no_leakage_v1_alpha005,gate_all_sources_proxy_source_only_final_training_only,mmd,,,,,moe,coral,near_nearest_proxy,final,0.0,0,0train,not_used,False,,3.0,direct,0.16709425737135014,0.1424849126611459,0.18991614008993601
1,bnci004,MMP_moe,TS,lda,sa,17,3,3,20936,0.05,no_leakage_v1_alpha005,gate_all_sources_proxy_source_only_final_training_only,mmd,,,,,moe,coral,near_nearest_proxy,main,1.0,1,1train,far,False,,3.0,direct,0.18099240353492763,0.158083504673658,0.2067849225825682
1,bnci004,MMP_moe,TS,lda,sa,17,3,3,20936,0.05,no_leakage_v1_alpha005,gate_all_sources_proxy_source_only_final_training_only,mmd,,,,,moe,coral,near_nearest_proxy,anchor,1.0,1,1train,not_used,False,,3.0,direct,0.18099240353492763,0.158083504673658,0.2067849225825682
1,bnci004,MMP_moe,TS,lda,sa,17,3,3,20936,0.05,no_leakage_v1_alpha005,gate_all_sources_proxy_source_only_final_training_only,mmd,,,,,moe,coral,near_nearest_proxy,final,1.0,1,1train,not_used,False,,3.0,direct,0.18099240353492763,0.158083504673658,0.2067849225825682
1,bnci004,MMP_moe,TS,lda,sa,17,3,3,20936,0.05,no_leakage_v1_alpha005,gate_all_sources_proxy_source_only_final_training_only,mmd,,,,,moe,coral,near_nearest_proxy,main,2.0,2,2train,nearest,True,0.5861582685590108,3.0,direct,0.10783159622595095,0.08290434901379283,0.13489688247008536
1,bnci004,MMP_moe,TS,lda,sa,17,3,3,20936,0.05,no_leakage_v1_alpha005,gate_all_sources_proxy_source_only_final_training_only,mmd,,,,,moe,coral,near_nearest_proxy,anchor,2.0,2,2train,target,False,,3.0,direct,0.10783159622595095,0.08290434901379283,0.13489688247008536
1,bnci004,MMP_moe,TS,lda,sa,17,3,3,20936,0.05,no_leakage_v1_alpha005,gate_all_sources_proxy_source_only_final_training_only,mmd,,,,,moe,coral,near_nearest_proxy,final,2.0,2,2train,train,True,0.5861582685590108,3.0,direct,0.10783159622595095,0.08290434901379283,0.13489688247008536
1,bnci004,MMP_moe,TS,lda,sa,17,3,3,20936,0.05,no_leakage_v1_alpha005,gate_all_sources_proxy_source_only_final_training_only,mmd,,,,,moe,coral,near_nearest_proxy,main,3.0,4,4test,near,False,0.4138417314409892,3.0,direct,0.15273122368836717,0.13190121682289344,0.18040599506327268
1,bnci004,MMP_moe,TS,lda,sa,17,3,3,20936,0.05,no_leakage_v1_alpha005,gate_all_sources_proxy_source_only_final_training_only,mmd,,,,,moe,coral,near_nearest_proxy,anchor,3.0,4,4test,proxy_source,False,1.0,3.0,direct,0.15273122368836717,0.13190121682289344,0.18040599506327268
1,bnci004,MMP_moe,TS,lda,sa,17,3,3,20936,0.05,no_leakage_v1_alpha005,gate_all_sources_proxy_source_only_final_training_only,mmd,,,,,moe,coral,near_nearest_proxy,final,3.0,4,4test,train,False,0.4138417314409892,3.0,direct,0.15273122368836717,0.13190121682289344,0.18040599506327268
1,bnci004,MMP_moe,TS,lda,sa,17,3,3,20936,0.05,no_leakage_v1_alpha005,gate_all_sources_proxy_source_only_final_training_only,mmd,,,,,moe,coral,near_nearest_proxy,main,,3,3test,target,False,,,,,,
1,bnci004,MMP_moe,TS,lda,sa,17,3,3,20936,0.05,no_leakage_v1_alpha005,gate_all_sources_proxy_source_only_final_training_only,mmd,,,,,moe,coral,near_nearest_proxy,final,,3,3test,target,False,,,,,,
1,bnci004,MMP_moe,TS,lda,sa,17,4,4,20967,0.05,no_leakage_v1_alpha005,gate_all_sources_proxy_source_only_final_training_only,mmd,,,,,moe,coral,near_nearest_proxy,main,0.0,0,0train,nearest,True,0.3823753060504277,4.0,direct,0.11179806762487193,0.08768299369408394,0.13872493132925767
1,bnci004,MMP_moe,TS,lda,sa,17,4,4,20967,0.05,no_leakage_v1_alpha005,gate_all_sources_proxy_source_only_final_training_only,mmd,,,,,moe,coral,near_nearest_proxy,anchor,0.0,0,0train,target,False,,4.0,direct,0.11179806762487193,0.08768299369408394,0.13872493132925767
1,bnci004,MMP_moe,TS,lda,sa,17,4,4,20967,0.05,no_leakage_v1_alpha005,gate_all_sources_proxy_source_only_final_training_only,mmd,,,,,moe,coral,near_nearest_proxy,final,0.0,0,0train,train,True,0.3823753060504277,4.0,direct,0.11179806762487193,0.08768299369408394,0.13872493132925767
1,bnci004,MMP_moe,TS,lda,sa,17,4,4,20967,0.05,no_leakage_v1_alpha005,gate_all_sources_proxy_source_only_final_training_only,mmd,,,,,moe,coral,near_nearest_proxy,main,1.0,1,1train,near,False,0.27750825371023125,4.0,direct,0.15404559907467386,0.12995365749922888,0.17981800351922397
1,bnci004,MMP_moe,TS,lda,sa,17,4,4,20967,0.05,no_leakage_v1_alpha005,gate_all_sources_proxy_source_only_final_training_only,mmd,,,,,moe,coral,near_nearest_proxy,anchor,1.0,1,1train,proxy_source,False,0.44931534705263776,4.0,direct,0.15404559907467386,0.12995365749922888,0.17981800351922397
1,bnci004,MMP_moe,TS,lda,sa,17,4,4,20967,0.05,no_leakage_v1_alpha005,gate_all_sources_proxy_source_only_final_training_only,mmd,,,,,moe,coral,near_nearest_proxy,final,1.0,1,1train,train,False,0.27750825371023125,4.0,direct,0.15404559907467386,0.12995365749922888,0.17981800351922397
1,bnci004,MMP_moe,TS,lda,sa,17,4,4,20967,0.05,no_leakage_v1_alpha005,gate_all_sources_proxy_source_only_final_training_only,mmd,,,,,moe,coral,near_nearest_proxy,main,2.0,2,2train,near,False,0.340116440239341,4.0,direct,0.1256889039315186,0.10347476527711078,0.14778861713486457
1,bnci004,MMP_moe,TS,lda,sa,17,4,4,20967,0.05,no_leakage_v1_alpha005,gate_all_sources_proxy_source_only_final_training_only,mmd,,,,,moe,coral,near_nearest_proxy,anchor,2.0,2,2train,proxy_source,False,0.5506846529473622,4.0,direct,0.1256889039315186,0.10347476527711078,0.14778861713486457
1,bnci004,MMP_moe,TS,lda,sa,17,4,4,20967,0.05,no_leakage_v1_alpha005,gate_all_sources_proxy_source_only_final_training_only,mmd,,,,,moe,coral,near_nearest_proxy,final,2.0,2,2train,train,False,0.340116440239341,4.0,direct,0.1256889039315186,0.10347476527711078,0.14778861713486457
1,bnci004,MMP_moe,TS,lda,sa,17,4,4,20967,0.05,no_leakage_v1_alpha005,gate_all_sources_proxy_source_only_final_training_only,mmd,,,,,moe,coral,near_nearest_proxy,main,3.0,3,3test,far,False,,4.0,direct,0.2392330589922302,0.19224195550161333,0.2884792216773295
1,bnci004,MMP_moe,TS,lda,sa,17,4,4,20967,0.05,no_leakage_v1_alpha005,gate_all_sources_proxy_source_only_final_training_only,mmd,,,,,moe,coral,near_nearest_proxy,anchor,3.0,3,3test,not_used,False,,4.0,direct,0.2392330589922302,0.19224195550161333,0.2884792216773295
1,bnci004,MMP_moe,TS,lda,sa,17,4,4,20967,0.05,no_leakage_v1_alpha005,gate_all_sources_proxy_source_only_final_training_only,mmd,,,,,moe,coral,near_nearest_proxy,final,3.0,3,3test,not_used,False,,4.0,direct,0.2392330589922302,0.19224195550161333,0.2884792216773295
1,bnci004,MMP_moe,TS,lda,sa,17,4,4,20967,0.05,no_leakage_v1_alpha005,gate_all_sources_proxy_source_only_final_training_only,mmd,,,,,moe,coral,near_nearest_proxy,main,,4,4test,target,False,,,,,,
1,bnci004,MMP_moe,TS,lda,sa,17,4,4,20967,0.05,no_leakage_v1_alpha005,gate_all_sources_proxy_source_only_final_training_only,mmd,,,,,moe,coral,near_nearest_proxy,final,,4,4test,target,False,,,,,,
1,bnci004,MMP_moe,TS,lda,pt,18,0,0,21840,0.05,no_leakage_v1_alpha005,gate_all_sources_proxy_source_only_final_training_only,mmd,,,,,moe,coral,near_nearest_proxy,main,0.0,1,1train,nearest,True,0.5713343972350011,0.0,direct,0.13996197261517312,0.114208801490539,0.16617859698317294
1,bnci004,MMP_moe,TS,lda,pt,18,0,0,21840,0.05,no_leakage_v1_alpha005,gate_all_sources_proxy_source_only_final_training_only,mmd,,,,,moe,coral,near_nearest_proxy,anchor,0.0,1,1train,target,False,,0.0,direct,0.13996197261517312,0.114208801490539,0.16617859698317294
1,bnci004,MMP_moe,TS,lda,pt,18,0,0,21840,0.05,no_leakage_v1_alpha005,gate_all_sources_proxy_source_only_final_training_only,mmd,,,,,moe,coral,near_nearest_proxy,final,0.0,1,1train,train,True,0.5713343972350011,0.0,direct,0.13996197261517312,0.114208801490539,0.16617859698317294
1,bnci004,MMP_moe,TS,lda,pt,18,0,0,21840,0.05,no_leakage_v1_alpha005,gate_all_sources_proxy_source_only_final_training_only,mmd,,,,,moe,coral,near_nearest_proxy,main,1.0,2,2train,far,False,,0.0,direct,0.26749351769555235,0.2083338941377314,0.3214279029049385
1,bnci004,MMP_moe,TS,lda,pt,18,0,0,21840,0.05,no_leakage_v1_alpha005,gate_all_sources_proxy_source_only_final_training_only,mmd,,,,,moe,coral,near_nearest_proxy,anchor,1.0,2,2train,not_used,False,,0.0,direct,0.26749351769555235,0.2083338941377314,0.3214279029049385
1,bnci004,MMP_moe,TS,lda,pt,18,0,0,21840,0.05,no_leakage_v1_alpha005,gate_all_sources_proxy_source_only_final_training_only,mmd,,,,,moe,coral,near_nearest_proxy,final,1.0,2,2train,not_used,False,,0.0,direct,0.26749351769555235,0.2083338941377314,0.3214279029049385
1,bnci004,MMP_moe,TS,lda,pt,18,0,0,21840,0.05,no_leakage_v1_alpha005,gate_all_sources_proxy_source_only_final_training_only,mmd,,,,,moe,coral,near_nearest_proxy,main,2.0,3,3test,far,False,,0.0,direct,0.4349820687101085,0.3625274343176418,0.5030560774861804
1,bnci004,MMP_moe,TS,lda,pt,18,0,0,21840,0.05,no_leakage_v1_alpha005,gate_all_sources_proxy_source_only_final_training_only,mmd,,,,,moe,coral,near_nearest_proxy,anchor,2.0,3,3test,not_used,False,,0.0,direct,0.4349820687101085,0.3625274343176418,0.5030560774861804
1,bnci004,MMP_moe,TS,lda,pt,18,0,0,21840,0.05,no_leakage_v1_alpha005,gate_all_sources_proxy_source_only_final_training_only,mmd,,,,,moe,coral,near_nearest_proxy,final,2.0,3,3test,not_used,False,,0.0,direct,0.4349820687101085,0.3625274343176418,0.5030560774861804
1,bnci004,MMP_moe,TS,lda,pt,18,0,0,21840,0.05,no_leakage_v1_alpha005,gate_all_sources_proxy_source_only_final_training_only,mmd,,,,,moe,coral,near_nearest_proxy,main,3.0,4,4test,near,False,0.42866560276499893,0.0,direct,0.18654454990769181,0.14312418521521109,0.23961571040134605
1,bnci004,MMP_moe,TS,lda,pt,18,0,0,21840,0.05,no_leakage_v1_alpha005,gate_all_sources_proxy_source_only_final_training_only,mmd,,,,,moe,coral,near_nearest_proxy,anchor,3.0,4,4test,proxy_source,False,1.0,0.0,direct,0.18654454990769181,0.14312418521521109,0.23961571040134605
1,bnci004,MMP_moe,TS,lda,pt,18,0,0,21840,0.05,no_leakage_v1_alpha005,gate_all_sources_proxy_source_only_final_training_only,mmd,,,,,moe,coral,near_nearest_proxy,final,3.0,4,4test,train,False,0.42866560276499893,0.0,direct,0.18654454990769181,0.14312418521521109,0.23961571040134605
1,bnci004,MMP_moe,TS,lda,pt,18,0,0,21840,0.05,no_leakage_v1_alpha005,gate_all_sources_proxy_source_only_final_training_only,mmd,,,,,moe,coral,near_nearest_proxy,main,,0,0train,target,False,,,,,,
1,bnci004,MMP_moe,TS,lda,pt,18,0,0,21840,0.05,no_leakage_v1_alpha005,gate_all_sources_proxy_source_only_final_training_only,mmd,,,,,moe,coral,near_nearest_proxy,final,,0,0train,target,False,,,,,,
1,bnci004,MMP_moe,TS,lda,pt,18,1,1,21871,0.05,no_leakage_v1_alpha005,gate_all_sources_proxy_source_only_final_training_only,mmd,,,,,moe,coral,near_nearest_proxy,main,0.0,0,0train,nearest,True,1.0,1.0,direct,0.11957252181508225,0.09991500788501774,0.14203672821185537
1,bnci004,MMP_moe,TS,lda,pt,18,1,1,21871,0.05,no_leakage_v1_alpha005,gate_all_sources_proxy_source_only_final_training_only,mmd,,,,,moe,coral,near_nearest_proxy,anchor,0.0,0,0train,target,False,,1.0,direct,0.11957252181508225,0.09991500788501774,0.14203672821185537
1,bnci004,MMP_moe,TS,lda,pt,18,1,1,21871,0.05,no_leakage_v1_alpha005,gate_all_sources_proxy_source_only_final_training_only,mmd,,,,,moe,coral,near_nearest_proxy,final,0.0,0,0train,train,True,1.0,1.0,direct,0.11957252181508225,0.09991500788501774,0.14203672821185537
1,bnci004,MMP_moe,TS,lda,pt,18,1,1,21871,0.05,no_leakage_v1_alpha005,gate_all_sources_proxy_source_only_final_training_only,mmd,,,,,moe,coral,near_nearest_proxy,main,1.0,2,2train,far,False,,1.0,direct,0.241525321111779,0.19414672893170853,0.28930938374004145
1,bnci004,MMP_moe,TS,lda,pt,18,1,1,21871,0.05,no_leakage_v1_alpha005,gate_all_sources_proxy_source_only_final_training_only,mmd,,,,,moe,coral,near_nearest_proxy,anchor,1.0,2,2train,not_used,False,,1.0,direct,0.241525321111779,0.19414672893170853,0.28930938374004145
1,bnci004,MMP_moe,TS,lda,pt,18,1,1,21871,0.05,no_leakage_v1_alpha005,gate_all_sources_proxy_source_only_final_training_only,mmd,,,,,moe,coral,near_nearest_proxy,final,1.0,2,2train,not_used,False,,1.0,direct,0.241525321111779,0.19414672893170853,0.28930938374004145
1,bnci004,MMP_moe,TS,lda,pt,18,1,1,21871,0.05,no_leakage_v1_alpha005,gate_all_sources_proxy_source_only_final_training_only,mmd,,,,,moe,coral,near_nearest_proxy,main,2.0,3,3test,far,False,,1.0,direct,0.44817788260075164,0.3914245369746931,0.5102832776699321
1,bnci004,MMP_moe,TS,lda,pt,18,1,1,21871,0.05,no_leakage_v1_alpha005,gate_all_sources_proxy_source_only_final_training_only,mmd,,,,,moe,coral,near_nearest_proxy,anchor,2.0,3,3test,not_used,False,,1.0,direct,0.44817788260075164,0.3914245369746931,0.5102832776699321
1,bnci004,MMP_moe,TS,lda,pt,18,1,1,21871,0.05,no_leakage_v1_alpha005,gate_all_sources_proxy_source_only_final_training_only,mmd,,,,,moe,coral,near_nearest_proxy,final,2.0,3,3test,not_used,False,,1.0,direct,0.44817788260075164,0.3914245369746931,0.5102832776699321
1,bnci004,MMP_moe,TS,lda,pt,18,1,1,21871,0.05,no_leakage_v1_alpha005,gate_all_sources_proxy_source_only_final_training_only,mmd,,,,,moe,coral,near_nearest_proxy,main,3.0,4,4test,far,False,,1.0,direct,0.20893546397514698,0.17849511790253875,0.2511827265904334
1,bnci004,MMP_moe,TS,lda,pt,18,1,1,21871,0.05,no_leakage_v1_alpha005,gate_all_sources_proxy_source_only_final_training_only,mmd,,,,,moe,coral,near_nearest_proxy,anchor,3.0,4,4test,second_nearest_fallback_source,False,1.0,1.0,direct,0.20893546397514698,0.17849511790253875,0.2511827265904334
1,bnci004,MMP_moe,TS,lda,pt,18,1,1,21871,0.05,no_leakage_v1_alpha005,gate_all_sources_proxy_source_only_final_training_only,mmd,,,,,moe,coral,near_nearest_proxy,final,3.0,4,4test,not_used,False,,1.0,direct,0.20893546397514698,0.17849511790253875,0.2511827265904334
1,bnci004,MMP_moe,TS,lda,pt,18,1,1,21871,0.05,no_leakage_v1_alpha005,gate_all_sources_proxy_source_only_final_training_only,mmd,,,,,moe,coral,near_nearest_proxy,main,,1,1train,target,False,,,,,,
1,bnci004,MMP_moe,TS,lda,pt,18,1,1,21871,0.05,no_leakage_v1_alpha005,gate_all_sources_proxy_source_only_final_training_only,mmd,,,,,moe,coral,near_nearest_proxy,final,,1,1train,target,False,,,,,,
1,bnci004,MMP_moe,TS,lda,pt,18,2,2,21902,0.05,no_leakage_v1_alpha005,gate_all_sources_proxy_source_only_final_training_only,mmd,,,,,moe,coral,near_nearest_proxy,main,0.0,0,0train,near,False,0.2555827396614998,2.0,direct,0.11084255262100562,0.09155295782318289,0.1301979140922587
1,bnci004,MMP_moe,TS,lda,pt,18,2,2,21902,0.05,no_leakage_v1_alpha005,gate_all_sources_proxy_source_only_final_training_only,mmd,,,,,moe,coral,near_nearest_proxy,anchor,0.0,0,0train,proxy_source,False,0.3462219087917754,2.0,direct,0.11084255262100562,0.09155295782318289,0.1301979140922587
1,bnci004,MMP_moe,TS,lda,pt,18,2,2,21902,0.05,no_leakage_v1_alpha005,gate_all_sources_proxy_source_only_final_training_only,mmd,,,,,moe,coral,near_nearest_proxy,final,0.0,0,0train,train,False,0.2555827396614998,2.0,direct,0.11084255262100562,0.09155295782318289,0.1301979140922587
1,bnci004,MMP_moe,TS,lda,pt,18,2,2,21902,0.05,no_leakage_v1_alpha005,gate_all_sources_proxy_source_only_final_training_only,mmd,,,,,moe,coral,near_nearest_proxy,main,1.0,1,1train,near,False,0.2416571978504816,2.0,direct,0.11722993334144519,0.09895583297082597,0.1395329751765566
1,bnci004,MMP_moe,TS,lda,pt,18,2,2,21902,0.05,no_leakage_v1_alpha005,gate_all_sources_proxy_source_only_final_training_only,mmd,,,,,moe,coral,near_nearest_proxy,anchor,1.0,1,1train,proxy_source,False,0.3273578506274569,2.0,direct,0.11722993334144519,0.09895583297082597,0.1395329751765566
1,bnci004,MMP_moe,TS,lda,pt,18,2,2,21902,0.05,no_leakage_v1_alpha005,gate_all_sources_proxy_source_only_final_training_only,mmd,,,,,moe,coral,near_nearest_proxy,final,1.0,1,1train,train,False,0.2416571978504816,2.0,direct,0.11722993334144519,0.09895583297082597,0.1395329751765566
1,bnci004,MMP_moe,TS,lda,pt,18,2,2,21902,0.05,no_leakage_v1_alpha005,gate_all_sources_proxy_source_only_final_training_only,mmd,,,,,moe,coral,near_nearest_proxy,main,2.0,3,3test,nearest,True,0.26179501304981767,2.0,direct,0.10821228688678765,0.08677778694698439,0.13580543192301237
1,bnci004,MMP_moe,TS,lda,pt,18,2,2,21902,0.05,no_leakage_v1_alpha005,gate_all_sources_proxy_source_only_final_training_only,mmd,,,,,moe,coral,near_nearest_proxy,anchor,2.0,3,3test,target,False,,2.0,direct,0.10821228688678765,0.08677778694698439,0.13580543192301237
1,bnci004,MMP_moe,TS,lda,pt,18,2,2,21902,0.05,no_leakage_v1_alpha005,gate_all_sources_proxy_source_only_final_training_only,mmd,,,,,moe,coral,near_nearest_proxy,final,2.0,3,3test,train,True,0.26179501304981767,2.0,direct,0.10821228688678765,0.08677778694698439,0.13580543192301237
1,bnci004,MMP_moe,TS,lda,pt,18,2,2,21902,0.05,no_leakage_v1_alpha005,gate_all_sources_proxy_source_only_final_training_only,mmd,,,,,moe,coral,near_nearest_proxy,main,3.0,4,4test,near,False,0.24096504943820102,2.0,direct,0.11756666767105699,0.0987350993492569,0.13741086807746686
1,bnci004,MMP_moe,TS,lda,pt,18,2,2,21902,0.05,no_leakage_v1_alpha005,gate_all_sources_proxy_source_only_final_training_only,mmd,,,,,moe,coral,near_nearest_proxy,anchor,3.0,4,4test,proxy_source,False,0.3264202405807677,2.0,direct,0.11756666767105699,0.0987350993492569,0.13741086807746686
1,bnci004,MMP_moe,TS,lda,pt,18,2,2,21902,0.05,no_leakage_v1_alpha005,gate_all_sources_proxy_source_only_final_training_only,mmd,,,,,moe,coral,near_nearest_proxy,final,3.0,4,4test,train,False,0.24096504943820102,2.0,direct,0.11756666767105699,0.0987350993492569,0.13741086807746686
1,bnci004,MMP_moe,TS,lda,pt,18,2,2,21902,0.05,no_leakage_v1_alpha005,gate_all_sources_proxy_source_only_final_training_only,mmd,,,,,moe,coral,near_nearest_proxy,main,,2,2train,target,False,,,,,,
1,bnci004,MMP_moe,TS,lda,pt,18,2,2,21902,0.05,no_leakage_v1_alpha005,gate_all_sources_proxy_source_only_final_training_only,mmd,,,,,moe,coral,near_nearest_proxy,final,,2,2train,target,False,,,,,,
1,bnci004,MMP_moe,TS,lda,pt,18,3,3,21933,0.05,no_leakage_v1_alpha005,gate_all_sources_proxy_source_only_final_training_only,mmd,,,,,moe,coral,near_nearest_proxy,main,0.0,0,0train,far,False,,3.0,direct,0.16652677421499656,0.13984757362995703,0.19062327604676
1,bnci004,MMP_moe,TS,lda,pt,18,3,3,21933,0.05,no_leakage_v1_alpha005,gate_all_sources_proxy_source_only_final_training_only,mmd,,,,,moe,coral,near_nearest_proxy,anchor,0.0,0,0train,not_used,False,,3.0,direct,0.16652677421499656,0.13984757362995703,0.19062327604676
1,bnci004,MMP_moe,TS,lda,pt,18,3,3,21933,0.05,no_leakage_v1_alpha005,gate_all_sources_proxy_source_only_final_training_only,mmd,,,,,moe,coral,near_nearest_proxy,final,0.0,0,0train,not_used,False,,3.0,direct,0.16652677421499656,0.13984757362995703,0.19062327604676
1,bnci004,MMP_moe,TS,lda,pt,18,3,3,21933,0.05,no_leakage_v1_alpha005,gate_all_sources_proxy_source_only_final_training_only,mmd,,,,,moe,coral,near_nearest_proxy,main,1.0,1,1train,far,False,,3.0,direct,0.17838681397062758,0.15749844840525512,0.202837397883009
1,bnci004,MMP_moe,TS,lda,pt,18,3,3,21933,0.05,no_leakage_v1_alpha005,gate_all_sources_proxy_source_only_final_training_only,mmd,,,,,moe,coral,near_nearest_proxy,anchor,1.0,1,1train,not_used,False,,3.0,direct,0.17838681397062758,0.15749844840525512,0.202837397883009
1,bnci004,MMP_moe,TS,lda,pt,18,3,3,21933,0.05,no_leakage_v1_alpha005,gate_all_sources_proxy_source_only_final_training_only,mmd,,,,,moe,coral,near_nearest_proxy,final,1.0,1,1train,not_used,False,,3.0,direct,0.17838681397062758,0.15749844840525512,0.202837397883009
1,bnci004,MMP_moe,TS,lda,pt,18,3,3,21933,0.05,no_leakage_v1_alpha005,gate_all_sources_proxy_source_only_final_training_only,mmd,,,,,moe,coral,near_nearest_proxy,main,2.0,2,2train,nearest,True,0.5835135846890698,3.0,direct,0.10823253549152048,0.08202795363024967,0.1363364953406881
1,bnci004,MMP_moe,TS,lda,pt,18,3,3,21933,0.05,no_leakage_v1_alpha005,gate_all_sources_proxy_source_only_final_training_only,mmd,,,,,moe,coral,near_nearest_proxy,anchor,2.0,2,2train,target,False,,3.0,direct,0.10823253549152048,0.08202795363024967,0.1363364953406881
1,bnci004,MMP_moe,TS,lda,pt,18,3,3,21933,0.05,no_leakage_v1_alpha005,gate_all_sources_proxy_source_only_final_training_only,mmd,,,,,moe,coral,near_nearest_proxy,final,2.0,2,2train,train,True,0.5835135846890698,3.0,direct,0.10823253549152048,0.08202795363024967,0.1363364953406881
1,bnci004,MMP_moe,TS,lda,pt,18,3,3,21933,0.05,no_leakage_v1_alpha005,gate_all_sources_proxy_source_only_final_training_only,mmd,,,,,moe,coral,near_nearest_proxy,main,3.0,4,4test,near,False,0.4164864153109302,3.0,direct,0.15163837155328225,0.12219388213633012,0.18599931129953293
1,bnci004,MMP_moe,TS,lda,pt,18,3,3,21933,0.05,no_leakage_v1_alpha005,gate_all_sources_proxy_source_only_final_training_only,mmd,,,,,moe,coral,near_nearest_proxy,anchor,3.0,4,4test,proxy_source,False,1.0,3.0,direct,0.15163837155328225,0.12219388213633012,0.18599931129953293
1,bnci004,MMP_moe,TS,lda,pt,18,3,3,21933,0.05,no_leakage_v1_alpha005,gate_all_sources_proxy_source_only_final_training_only,mmd,,,,,moe,coral,near_nearest_proxy,final,3.0,4,4test,train,False,0.4164864153109302,3.0,direct,0.15163837155328225,0.12219388213633012,0.18599931129953293
1,bnci004,MMP_moe,TS,lda,pt,18,3,3,21933,0.05,no_leakage_v1_alpha005,gate_all_sources_proxy_source_only_final_training_only,mmd,,,,,moe,coral,near_nearest_proxy,main,,3,3test,target,False,,,,,,
1,bnci004,MMP_moe,TS,lda,pt,18,3,3,21933,0.05,no_leakage_v1_alpha005,gate_all_sources_proxy_source_only_final_training_only,mmd,,,,,moe,coral,near_nearest_proxy,final,,3,3test,target,False,,,,,,
1,bnci004,MMP_moe,TS,lda,pt,18,4,4,21964,0.05,no_leakage_v1_alpha005,gate_all_sources_proxy_source_only_final_training_only,mmd,,,,,moe,coral,near_nearest_proxy,main,0.0,0,0train,nearest,True,0.3824399397933198,4.0,direct,0.11289271646166954,0.09126590393382392,0.14164078826231036
1,bnci004,MMP_moe,TS,lda,pt,18,4,4,21964,0.05,no_leakage_v1_alpha005,gate_all_sources_proxy_source_only_final_training_only,mmd,,,,,moe,coral,near_nearest_proxy,anchor,0.0,0,0train,target,False,,4.0,direct,0.11289271646166954,0.09126590393382392,0.14164078826231036
1,bnci004,MMP_moe,TS,lda,pt,18,4,4,21964,0.05,no_leakage_v1_alpha005,gate_all_sources_proxy_source_only_final_training_only,mmd,,,,,moe,coral,near_nearest_proxy,final,0.0,0,0train,train,True,0.3824399397933198,4.0,direct,0.11289271646166954,0.09126590393382392,0.14164078826231036
1,bnci004,MMP_moe,TS,lda,pt,18,4,4,21964,0.05,no_leakage_v1_alpha005,gate_all_sources_proxy_source_only_final_training_only,mmd,,,,,moe,coral,near_nearest_proxy,main,1.0,1,1train,near,False,0.27609242846066284,4.0,direct,0.15637802990446015,0.1292138862428484,0.1812161666075848
1,bnci004,MMP_moe,TS,lda,pt,18,4,4,21964,0.05,no_leakage_v1_alpha005,gate_all_sources_proxy_source_only_final_training_only,mmd,,,,,moe,coral,near_nearest_proxy,anchor,1.0,1,1train,proxy_source,False,0.4470697609043278,4.0,direct,0.15637802990446015,0.1292138862428484,0.1812161666075848
1,bnci004,MMP_moe,TS,lda,pt,18,4,4,21964,0.05,no_leakage_v1_alpha005,gate_all_sources_proxy_source_only_final_training_only,mmd,,,,,moe,coral,near_nearest_proxy,final,1.0,1,1train,train,False,0.27609242846066284,4.0,direct,0.15637802990446015,0.1292138862428484,0.1812161666075848
1,bnci004,MMP_moe,TS,lda,pt,18,4,4,21964,0.05,no_leakage_v1_alpha005,gate_all_sources_proxy_source_only_final_training_only,mmd,,,,,moe,coral,near_nearest_proxy,main,2.0,2,2train,near,False,0.3414676317460174,4.0,direct,0.1264387035405057,0.10752052671011414,0.15241107309409807
1,bnci004,MMP_moe,TS,lda,pt,18,4,4,21964,0.05,no_leakage_v1_alpha005,gate_all_sources_proxy_source_only_final_training_only,mmd,,,,,moe,coral,near_nearest_proxy,anchor,2.0,2,2train,proxy_source,False,0.5529302390956722,4.0,direct,0.1264387035405057,0.10752052671011414,0.15241107309409807
1,bnci004,MMP_moe,TS,lda,pt,18,4,4,21964,0.05,no_leakage_v1_alpha005,gate_all_sources_proxy_source_only_final_training_only,mmd,,,,,moe,coral,near_nearest_proxy,final,2.0,2,2train,train,False,0.3414676317460174,4.0,direct,0.1264387035405057,0.10752052671011414,0.15241107309409807
1,bnci004,MMP_moe,TS,lda,pt,18,4,4,21964,0.05,no_leakage_v1_alpha005,gate_all_sources_proxy_source_only_final_training_only,mmd,,,,,moe,coral,near_nearest_proxy,main,3.0,3,3test,far,False,,4.0,direct,0.23829074517399654,0.19876533227182086,0.289932664297071
1,bnci004,MMP_moe,TS,lda,pt,18,4,4,21964,0.05,no_leakage_v1_alpha005,gate_all_sources_proxy_source_only_final_training_only,mmd,,,,,moe,coral,near_nearest_proxy,anchor,3.0,3,3test,not_used,False,,4.0,direct,0.23829074517399654,0.19876533227182086,0.289932664297071
1,bnci004,MMP_moe,TS,lda,pt,18,4,4,21964,0.05,no_leakage_v1_alpha005,gate_all_sources_proxy_source_only_final_training_only,mmd,,,,,moe,coral,near_nearest_proxy,final,3.0,3,3test,not_used,False,,4.0,direct,0.23829074517399654,0.19876533227182086,0.289932664297071
1,bnci004,MMP_moe,TS,lda,pt,18,4,4,21964,0.05,no_leakage_v1_alpha005,gate_all_sources_proxy_source_only_final_training_only,mmd,,,,,moe,coral,near_nearest_proxy,main,,4,4test,target,False,,,,,,
1,bnci004,MMP_moe,TS,lda,pt,18,4,4,21964,0.05,no_leakage_v1_alpha005,gate_all_sources_proxy_source_only_final_training_only,mmd,,,,,moe,coral,near_nearest_proxy,final,,4,4test,target,False,,,,,,
1,bnci004,MMP_moe,TS,lda,coral,19,0,0,22837,0.05,no_leakage_v1_alpha005,gate_all_sources_proxy_source_only_final_training_only,mmd,,,,,moe,coral,near_nearest_proxy,main,0.0,1,1train,nearest,True,0.5636393715669443,0.0,direct,0.14079757242504173,0.11503958637920794,0.17016698580759346
1,bnci004,MMP_moe,TS,lda,coral,19,0,0,22837,0.05,no_leakage_v1_alpha005,gate_all_sources_proxy_source_only_final_training_only,mmd,,,,,moe,coral,near_nearest_proxy,anchor,0.0,1,1train,target,False,,0.0,direct,0.14079757242504173,0.11503958637920794,0.17016698580759346
1,bnci004,MMP_moe,TS,lda,coral,19,0,0,22837,0.05,no_leakage_v1_alpha005,gate_all_sources_proxy_source_only_final_training_only,mmd,,,,,moe,coral,near_nearest_proxy,final,0.0,1,1train,train,True,0.5636393715669443,0.0,direct,0.14079757242504173,0.11503958637920794,0.17016698580759346
1,bnci004,MMP_moe,TS,lda,coral,19,0,0,22837,0.05,no_leakage_v1_alpha005,gate_all_sources_proxy_source_only_final_training_only,mmd,,,,,moe,coral,near_nearest_proxy,main,1.0,2,2train,far,False,,0.0,direct,0.27128877762431464,0.22699497421883533,0.32829900783253035
1,bnci004,MMP_moe,TS,lda,coral,19,0,0,22837,0.05,no_leakage_v1_alpha005,gate_all_sources_proxy_source_only_final_training_only,mmd,,,,,moe,coral,near_nearest_proxy,anchor,1.0,2,2train,not_used,False,,0.0,direct,0.27128877762431464,0.22699497421883533,0.32829900783253035
1,bnci004,MMP_moe,TS,lda,coral,19,0,0,22837,0.05,no_leakage_v1_alpha005,gate_all_sources_proxy_source_only_final_training_only,mmd,,,,,moe,coral,near_nearest_proxy,final,1.0,2,2train,not_used,False,,0.0,direct,0.27128877762431464,0.22699497421883533,0.32829900783253035
1,bnci004,MMP_moe,TS,lda,coral,19,0,0,22837,0.05,no_leakage_v1_alpha005,gate_all_sources_proxy_source_only_final_training_only,mmd,,,,,moe,coral,near_nearest_proxy,main,2.0,3,3test,far,False,,0.0,direct,0.43449744398561235,0.36455487065029385,0.505823200413863
1,bnci004,MMP_moe,TS,lda,coral,19,0,0,22837,0.05,no_leakage_v1_alpha005,gate_all_sources_proxy_source_only_final_training_only,mmd,,,,,moe,coral,near_nearest_proxy,anchor,2.0,3,3test,not_used,False,,0.0,direct,0.43449744398561235,0.36455487065029385,0.505823200413863
1,bnci004,MMP_moe,TS,lda,coral,19,0,0,22837,0.05,no_leakage_v1_alpha005,gate_all_sources_proxy_source_only_final_training_only,mmd,,,,,moe,coral,near_nearest_proxy,final,2.0,3,3test,not_used,False,,0.0,direct,0.43449744398561235,0.36455487065029385,0.505823200413863
1,bnci004,MMP_moe,TS,lda,coral,19,0,0,22837,0.05,no_leakage_v1_alpha005,gate_all_sources_proxy_source_only_final_training_only,mmd,,,,,moe,coral,near_nearest_proxy,main,3.0,4,4test,near,False,0.4363606284330557,0.0,direct,0.18186604690601663,0.1379295930971964,0.2277761440308814
1,bnci004,MMP_moe,TS,lda,coral,19,0,0,22837,0.05,no_leakage_v1_alpha005,gate_all_sources_proxy_source_only_final_training_only,mmd,,,,,moe,coral,near_nearest_proxy,anchor,3.0,4,4test,proxy_source,False,1.0,0.0,direct,0.18186604690601663,0.1379295930971964,0.2277761440308814
1,bnci004,MMP_moe,TS,lda,coral,19,0,0,22837,0.05,no_leakage_v1_alpha005,gate_all_sources_proxy_source_only_final_training_only,mmd,,,,,moe,coral,near_nearest_proxy,final,3.0,4,4test,train,False,0.4363606284330557,0.0,direct,0.18186604690601663,0.1379295930971964,0.2277761440308814
1,bnci004,MMP_moe,TS,lda,coral,19,0,0,22837,0.05,no_leakage_v1_alpha005,gate_all_sources_proxy_source_only_final_training_only,mmd,,,,,moe,coral,near_nearest_proxy,main,,0,0train,target,False,,,,,,
1,bnci004,MMP_moe,TS,lda,coral,19,0,0,22837,0.05,no_leakage_v1_alpha005,gate_all_sources_proxy_source_only_final_training_only,mmd,,,,,moe,coral,near_nearest_proxy,final,,0,0train,target,False,,,,,,
1,bnci004,MMP_moe,TS,lda,coral,19,1,1,22868,0.05,no_leakage_v1_alpha005,gate_all_sources_proxy_source_only_final_training_only,mmd,,,,,moe,coral,near_nearest_proxy,main,0.0,0,0train,nearest,True,1.0,1.0,direct,0.1186445851358495,0.0968898556198694,0.14135778099134513
1,bnci004,MMP_moe,TS,lda,coral,19,1,1,22868,0.05,no_leakage_v1_alpha005,gate_all_sources_proxy_source_only_final_training_only,mmd,,,,,moe,coral,near_nearest_proxy,anchor,0.0,0,0train,target,False,,1.0,direct,0.1186445851358495,0.0968898556198694,0.14135778099134513
1,bnci004,MMP_moe,TS,lda,coral,19,1,1,22868,0.05,no_leakage_v1_alpha005,gate_all_sources_proxy_source_only_final_training_only,mmd,,,,,moe,coral,near_nearest_proxy,final,0.0,0,0train,train,True,1.0,1.0,direct,0.1186445851358495,0.0968898556198694,0.14135778099134513
1,bnci004,MMP_moe,TS,lda,coral,19,1,1,22868,0.05,no_leakage_v1_alpha005,gate_all_sources_proxy_source_only_final_training_only,mmd,,,,,moe,coral,near_nearest_proxy,main,1.0,2,2train,far,False,,1.0,direct,0.2407132872635186,0.20045263821810913,0.28262271295872693
1,bnci004,MMP_moe,TS,lda,coral,19,1,1,22868,0.05,no_leakage_v1_alpha005,gate_all_sources_proxy_source_only_final_training_only,mmd,,,,,moe,coral,near_nearest_proxy,anchor,1.0,2,2train,not_used,False,,1.0,direct,0.2407132872635186,0.20045263821810913,0.28262271295872693
1,bnci004,MMP_moe,TS,lda,coral,19,1,1,22868,0.05,no_leakage_v1_alpha005,gate_all_sources_proxy_source_only_final_training_only,mmd,,,,,moe,coral,near_nearest_proxy,final,1.0,2,2train,not_used,False,,1.0,direct,0.2407132872635186,0.20045263821810913,0.28262271295872693
1,bnci004,MMP_moe,TS,lda,coral,19,1,1,22868,0.05,no_leakage_v1_alpha005,gate_all_sources_proxy_source_only_final_training_only,mmd,,,,,moe,coral,near_nearest_proxy,main,2.0,3,3test,far,False,,1.0,direct,0.45086074191493475,0.4026165464843024,0.5069589143872051
1,bnci004,MMP_moe,TS,lda,coral,19,1,1,22868,0.05,no_leakage_v1_alpha005,gate_all_sources_proxy_source_only_final_training_only,mmd,,,,,moe,coral,near_nearest_proxy,anchor,2.0,3,3test,not_used,False,,1.0,direct,0.45086074191493475,0.4026165464843024,0.5069589143872051
1,bnci004,MMP_moe,TS,lda,coral,19,1,1,22868,0.05,no_leakage_v1_alpha005,gate_all_sources_proxy_source_only_final_training_only,mmd,,,,,moe,coral,near_nearest_proxy,final,2.0,3,3test,not_used,False,,1.0,direct,0.45086074191493475,0.4026165464843024,0.5069589143872051
1,bnci004,MMP_moe,TS,lda,coral,19,1,1,22868,0.05,no_leakage_v1_alpha005,gate_all_sources_proxy_source_only_final_training_only,mmd,,,,,moe,coral,near_nearest_proxy,main,3.0,4,4test,far,False,,1.0,direct,0.20877983586783153,0.17008411268873228,0.24882511136690752
1,bnci004,MMP_moe,TS,lda,coral,19,1,1,22868,0.05,no_leakage_v1_alpha005,gate_all_sources_proxy_source_only_final_training_only,mmd,,,,,moe,coral,near_nearest_proxy,anchor,3.0,4,4test,second_nearest_fallback_source,False,1.0,1.0,direct,0.20877983586783153,0.17008411268873228,0.24882511136690752
1,bnci004,MMP_moe,TS,lda,coral,19,1,1,22868,0.05,no_leakage_v1_alpha005,gate_all_sources_proxy_source_only_final_training_only,mmd,,,,,moe,coral,near_nearest_proxy,final,3.0,4,4test,not_used,False,,1.0,direct,0.20877983586783153,0.17008411268873228,0.24882511136690752
1,bnci004,MMP_moe,TS,lda,coral,19,1,1,22868,0.05,no_leakage_v1_alpha005,gate_all_sources_proxy_source_only_final_training_only,mmd,,,,,moe,coral,near_nearest_proxy,main,,1,1train,target,False,,,,,,
1,bnci004,MMP_moe,TS,lda,coral,19,1,1,22868,0.05,no_leakage_v1_alpha005,gate_all_sources_proxy_source_only_final_training_only,mmd,,,,,moe,coral,near_nearest_proxy,final,,1,1train,target,False,,,,,,
1,bnci004,MMP_moe,TS,lda,coral,19,2,2,22899,0.05,no_leakage_v1_alpha005,gate_all_sources_proxy_source_only_final_training_only,mmd,,,,,moe,coral,near_nearest_proxy,main,0.0,0,0train,near,False,0.2552289654488057,2.0,direct,0.11042315341561715,0.0901182863907433,0.13389097886977336
1,bnci004,MMP_moe,TS,lda,coral,19,2,2,22899,0.05,no_leakage_v1_alpha005,gate_all_sources_proxy_source_only_final_training_only,mmd,,,,,moe,coral,near_nearest_proxy,anchor,0.0,0,0train,proxy_source,False,0.3479317502357292,2.0,direct,0.11042315341561715,0.0901182863907433,0.13389097886977336
1,bnci004,MMP_moe,TS,lda,coral,19,2,2,22899,0.05,no_leakage_v1_alpha005,gate_all_sources_proxy_source_only_final_training_only,mmd,,,,,moe,coral,near_nearest_proxy,final,0.0,0,0train,train,False,0.2552289654488057,2.0,direct,0.11042315341561715,0.0901182863907433,0.13389097886977336
1,bnci004,MMP_moe,TS,lda,coral,19,2,2,22899,0.05,no_leakage_v1_alpha005,gate_all_sources_proxy_source_only_final_training_only,mmd,,,,,moe,coral,near_nearest_proxy,main,1.0,1,1train,near,False,0.2378316103844303,2.0,direct,0.11850066759276676,0.09959951087775504,0.1387542607889996
1,bnci004,MMP_moe,TS,lda,coral,19,2,2,22899,0.05,no_leakage_v1_alpha005,gate_all_sources_proxy_source_only_final_training_only,mmd,,,,,moe,coral,near_nearest_proxy,anchor,1.0,1,1train,proxy_source,False,0.3242154287501308,2.0,direct,0.11850066759276676,0.09959951087775504,0.1387542607889996
1,bnci004,MMP_moe,TS,lda,coral,19,2,2,22899,0.05,no_leakage_v1_alpha005,gate_all_sources_proxy_source_only_final_training_only,mmd,,,,,moe,coral,near_nearest_proxy,final,1.0,1,1train,train,False,0.2378316103844303,2.0,direct,0.11850066759276676,0.09959951087775504,0.1387542607889996
1,bnci004,MMP_moe,TS,lda,coral,19,2,2,22899,0.05,no_leakage_v1_alpha005,gate_all_sources_proxy_source_only_final_training_only,mmd,,,,,moe,coral,near_nearest_proxy,main,2.0,3,3test,nearest,True,0.26643956673720026,2.0,direct,0.10577699229281362,0.0805629425814358,0.13556128035685866
1,bnci004,MMP_moe,TS,lda,coral,19,2,2,22899,0.05,no_leakage_v1_alpha005,gate_all_sources_proxy_source_only_final_training_only,mmd,,,,,moe,coral,near_nearest_proxy,anchor,2.0,3,3test,target,False,,2.0,direct,0.10577699229281362,0.0805629425814358,0.13556128035685866
1,bnci004,MMP_moe,TS,lda,coral,19,2,2,22899,0.05,no_leakage_v1_alpha005,gate_all_sources_proxy_source_only_final_training_only,mmd,,,,,moe,coral,near_nearest_proxy,final,2.0,3,3test,train,True,0.26643956673720026,2.0,direct,0.10577699229281362,0.0805629425814358,0.13556128035685866
1,bnci004,MMP_moe,TS,lda,coral,19,2,2,22899,0.05,no_leakage_v1_alpha005,gate_all_sources_proxy_source_only_final_training_only,mmd,,,,,moe,coral,near_nearest_proxy,main,3.0,4,4test,near,False,0.24049985742956362,2.0,direct,0.11718594030861286,0.09824102389468851,0.13732836384536135
1,bnci004,MMP_moe,TS,lda,coral,19,2,2,22899,0.05,no_leakage_v1_alpha005,gate_all_sources_proxy_source_only_final_training_only,mmd,,,,,moe,coral,near_nearest_proxy,anchor,3.0,4,4test,proxy_source,False,0.32785282101414,2.0,direct,0.11718594030861286,0.09824102389468851,0.13732836384536135
1,bnci004,MMP_moe,TS,lda,coral,19,2,2,22899,0.05,no_leakage_v1_alpha005,gate_all_sources_proxy_source_only_final_training_only,mmd,,,,,moe,coral,near_nearest_proxy,final,3.0,4,4test,train,False,0.24049985742956362,2.0,direct,0.11718594030861286,0.09824102389468851,0.13732836384536135
1,bnci004,MMP_moe,TS,lda,coral,19,2,2,22899,0.05,no_leakage_v1_alpha005,gate_all_sources_proxy_source_only_final_training_only,mmd,,,,,moe,coral,near_nearest_proxy,main,,2,2train,target,False,,,,,,
1,bnci004,MMP_moe,TS,lda,coral,19,2,2,22899,0.05,no_leakage_v1_alpha005,gate_all_sources_proxy_source_only_final_training_only,mmd,,,,,moe,coral,near_nearest_proxy,final,,2,2train,target,False,,,,,,
1,bnci004,MMP_moe,TS,lda,coral,19,3,3,22930,0.05,no_leakage_v1_alpha005,gate_all_sources_proxy_source_only_final_training_only,mmd,,,,,moe,coral,near_nearest_proxy,main,0.0,0,0train,far,False,,3.0,direct,0.16725395745328378,0.14037791511332623,0.1943017648162087
1,bnci004,MMP_moe,TS,lda,coral,19,3,3,22930,0.05,no_leakage_v1_alpha005,gate_all_sources_proxy_source_only_final_training_only,mmd,,,,,moe,coral,near_nearest_proxy,anchor,0.0,0,0train,not_used,False,,3.0,direct,0.16725395745328378,0.14037791511332623,0.1943017648162087
1,bnci004,MMP_moe,TS,lda,coral,19,3,3,22930,0.05,no_leakage_v1_alpha005,gate_all_sources_proxy_source_only_final_training_only,mmd,,,,,moe,coral,near_nearest_proxy,final,0.0,0,0train,not_used,False,,3.0,direct,0.16725395745328378,0.14037791511332623,0.1943017648162087
1,bnci004,MMP_moe,TS,lda,coral,19,3,3,22930,0.05,no_leakage_v1_alpha005,gate_all_sources_proxy_source_only_final_training_only,mmd,,,,,moe,coral,near_nearest_proxy,main,1.0,1,1train,far,False,,3.0,direct,0.1789412134546945,0.15591835096757614,0.2055876997053413
1,bnci004,MMP_moe,TS,lda,coral,19,3,3,22930,0.05,no_leakage_v1_alpha005,gate_all_sources_proxy_source_only_final_training_only,mmd,,,,,moe,coral,near_nearest_proxy,anchor,1.0,1,1train,not_used,False,,3.0,direct,0.1789412134546945,0.15591835096757614,0.2055876997053413
1,bnci004,MMP_moe,TS,lda,coral,19,3,3,22930,0.05,no_leakage_v1_alpha005,gate_all_sources_proxy_source_only_final_training_only,mmd,,,,,moe,coral,near_nearest_proxy,final,1.0,1,1train,not_used,False,,3.0,direct,0.1789412134546945,0.15591835096757614,0.2055876997053413
1,bnci004,MMP_moe,TS,lda,coral,19,3,3,22930,0.05,no_leakage_v1_alpha005,gate_all_sources_proxy_source_only_final_training_only,mmd,,,,,moe,coral,near_nearest_proxy,main,2.0,2,2train,nearest,True,0.5859466977767057,3.0,direct,0.10745546222370614,0.08387319914481514,0.13244132734073502
1,bnci004,MMP_moe,TS,lda,coral,19,3,3,22930,0.05,no_leakage_v1_alpha005,gate_all_sources_proxy_source_only_final_training_only,mmd,,,,,moe,coral,near_nearest_proxy,anchor,2.0,2,2train,target,False,,3.0,direct,0.10745546222370614,0.08387319914481514,0.13244132734073502
1,bnci004,MMP_moe,TS,lda,coral,19,3,3,22930,0.05,no_leakage_v1_alpha005,gate_all_sources_proxy_source_only_final_training_only,mmd,,,,,moe,coral,near_nearest_proxy,final,2.0,2,2train,train,True,0.5859466977767057,3.0,direct,0.10745546222370614,0.08387319914481514,0.13244132734073502
1,bnci004,MMP_moe,TS,lda,coral,19,3,3,22930,0.05,no_leakage_v1_alpha005,gate_all_sources_proxy_source_only_final_training_only,mmd,,,,,moe,coral,near_nearest_proxy,main,3.0,4,4test,near,False,0.41405330222329423,3.0,direct,0.1520657963681456,0.12451289013492917,0.1795835714261108
1,bnci004,MMP_moe,TS,lda,coral,19,3,3,22930,0.05,no_leakage_v1_alpha005,gate_all_sources_proxy_source_only_final_training_only,mmd,,,,,moe,coral,near_nearest_proxy,anchor,3.0,4,4test,proxy_source,False,1.0,3.0,direct,0.1520657963681456,0.12451289013492917,0.1795835714261108
1,bnci004,MMP_moe,TS,lda,coral,19,3,3,22930,0.05,no_leakage_v1_alpha005,gate_all_sources_proxy_source_only_final_training_only,mmd,,,,,moe,coral,near_nearest_proxy,final,3.0,4,4test,train,False,0.41405330222329423,3.0,direct,0.1520657963681456,0.12451289013492917,0.1795835714261108
1,bnci004,MMP_moe,TS,lda,coral,19,3,3,22930,0.05,no_leakage_v1_alpha005,gate_all_sources_proxy_source_only_final_training_only,mmd,,,,,moe,coral,near_nearest_proxy,main,,3,3test,target,False,,,,,,
1,bnci004,MMP_moe,TS,lda,coral,19,3,3,22930,0.05,no_leakage_v1_alpha005,gate_all_sources_proxy_source_only_final_training_only,mmd,,,,,moe,coral,near_nearest_proxy,final,,3,3test,target,False,,,,,,
1,bnci004,MMP_moe,TS,lda,coral,19,4,4,22961,0.05,no_leakage_v1_alpha005,gate_all_sources_proxy_source_only_final_training_only,mmd,,,,,moe,coral,near_nearest_proxy,main,0.0,0,0train,nearest,True,0.3792957878502235,4.0,direct,0.11408834335148706,0.0908544851776605,0.14053514430366226
1,bnci004,MMP_moe,TS,lda,coral,19,4,4,22961,0.05,no_leakage_v1_alpha005,gate_all_sources_proxy_source_only_final_training_only,mmd,,,,,moe,coral,near_nearest_proxy,anchor,0.0,0,0train,target,False,,4.0,direct,0.11408834335148706,0.0908544851776605,0.14053514430366226
1,bnci004,MMP_moe,TS,lda,coral,19,4,4,22961,0.05,no_leakage_v1_alpha005,gate_all_sources_proxy_source_only_final_training_only,mmd,,,,,moe,coral,near_nearest_proxy,final,0.0,0,0train,train,True,0.3792957878502235,4.0,direct,0.11408834335148706,0.0908544851776605,0.14053514430366226
1,bnci004,MMP_moe,TS,lda,coral,19,4,4,22961,0.05,no_leakage_v1_alpha005,gate_all_sources_proxy_source_only_final_training_only,mmd,,,,,moe,coral,near_nearest_proxy,main,1.0,1,1train,near,False,0.2776059947610972,4.0,direct,0.1558803865279006,0.12807071108239387,0.18624033706127888
1,bnci004,MMP_moe,TS,lda,coral,19,4,4,22961,0.05,no_leakage_v1_alpha005,gate_all_sources_proxy_source_only_final_training_only,mmd,,,,,moe,coral,near_nearest_proxy,anchor,1.0,1,1train,proxy_source,False,0.44724361350734737,4.0,direct,0.1558803865279006,0.12807071108239387,0.18624033706127888
1,bnci004,MMP_moe,TS,lda,coral,19,4,4,22961,0.05,no_leakage_v1_alpha005,gate_all_sources_proxy_source_only_final_training_only,mmd,,,,,moe,coral,near_nearest_proxy,final,1.0,1,1train,train,False,0.2776059947610972,4.0,direct,0.1558803865279006,0.12807071108239387,0.18624033706127888
1,bnci004,MMP_moe,TS,lda,coral,19,4,4,22961,0.05,no_leakage_v1_alpha005,gate_all_sources_proxy_source_only_final_training_only,mmd,,,,,moe,coral,near_nearest_proxy,main,2.0,2,2train,near,False,0.34309821738867935,4.0,direct,0.12612500467927926,0.10476314719853119,0.15023438556737742
1,bnci004,MMP_moe,TS,lda,coral,19,4,4,22961,0.05,no_leakage_v1_alpha005,gate_all_sources_proxy_source_only_final_training_only,mmd,,,,,moe,coral,near_nearest_proxy,anchor,2.0,2,2train,proxy_source,False,0.5527563864926526,4.0,direct,0.12612500467927926,0.10476314719853119,0.15023438556737742
1,bnci004,MMP_moe,TS,lda,coral,19,4,4,22961,0.05,no_leakage_v1_alpha005,gate_all_sources_proxy_source_only_final_training_only,mmd,,,,,moe,coral,near_nearest_proxy,final,2.0,2,2train,train,False,0.34309821738867935,4.0,direct,0.12612500467927926,0.10476314719853119,0.15023438556737742
1,bnci004,MMP_moe,TS,lda,coral,19,4,4,22961,0.05,no_leakage_v1_alpha005,gate_all_sources_proxy_source_only_final_training_only,mmd,,,,,moe,coral,near_nearest_proxy,main,3.0,3,3test,far,False,,4.0,direct,0.24153711421854623,0.19858494994270187,0.2873421234876746
1,bnci004,MMP_moe,TS,lda,coral,19,4,4,22961,0.05,no_leakage_v1_alpha005,gate_all_sources_proxy_source_only_final_training_only,mmd,,,,,moe,coral,near_nearest_proxy,anchor,3.0,3,3test,not_used,False,,4.0,direct,0.24153711421854623,0.19858494994270187,0.2873421234876746
1,bnci004,MMP_moe,TS,lda,coral,19,4,4,22961,0.05,no_leakage_v1_alpha005,gate_all_sources_proxy_source_only_final_training_only,mmd,,,,,moe,coral,near_nearest_proxy,final,3.0,3,3test,not_used,False,,4.0,direct,0.24153711421854623,0.19858494994270187,0.2873421234876746
1,bnci004,MMP_moe,TS,lda,coral,19,4,4,22961,0.05,no_leakage_v1_alpha005,gate_all_sources_proxy_source_only_final_training_only,mmd,,,,,moe,coral,near_nearest_proxy,main,,4,4test,target,False,,,,,,
1,bnci004,MMP_moe,TS,lda,coral,19,4,4,22961,0.05,no_leakage_v1_alpha005,gate_all_sources_proxy_source_only_final_training_only,mmd,,,,,moe,coral,near_nearest_proxy,final,,4,4test,target,False,,,,,,
1,bnci004,MMP_moe,TS,svm_radial,none,20,0,0,23834,0.05,no_leakage_v1_alpha005,gate_all_sources_proxy_source_only_final_training_only,mmd,,,,,moe,coral,near_nearest_proxy,main,0.0,1,1train,nearest,True,0.5708176962375081,0.0,direct,0.13991810748540534,0.11722329028238641,0.17111270174105545
1,bnci004,MMP_moe,TS,svm_radial,none,20,0,0,23834,0.05,no_leakage_v1_alpha005,gate_all_sources_proxy_source_only_final_training_only,mmd,,,,,moe,coral,near_nearest_proxy,anchor,0.0,1,1train,target,False,,0.0,direct,0.13991810748540534,0.11722329028238641,0.17111270174105545
1,bnci004,MMP_moe,TS,svm_radial,none,20,0,0,23834,0.05,no_leakage_v1_alpha005,gate_all_sources_proxy_source_only_final_training_only,mmd,,,,,moe,coral,near_nearest_proxy,final,0.0,1,1train,train,True,0.5708176962375081,0.0,direct,0.13991810748540534,0.11722329028238641,0.17111270174105545
1,bnci004,MMP_moe,TS,svm_radial,none,20,0,0,23834,0.05,no_leakage_v1_alpha005,gate_all_sources_proxy_source_only_final_training_only,mmd,,,,,moe,coral,near_nearest_proxy,main,1.0,2,2train,far,False,,0.0,direct,0.2640892311513059,0.21809650846143241,0.32764966682801383
1,bnci004,MMP_moe,TS,svm_radial,none,20,0,0,23834,0.05,no_leakage_v1_alpha005,gate_all_sources_proxy_source_only_final_training_only,mmd,,,,,moe,coral,near_nearest_proxy,anchor,1.0,2,2train,not_used,False,,0.0,direct,0.2640892311513059,0.21809650846143241,0.32764966682801383
1,bnci004,MMP_moe,TS,svm_radial,none,20,0,0,23834,0.05,no_leakage_v1_alpha005,gate_all_sources_proxy_source_only_final_training_only,mmd,,,,,moe,coral,near_nearest_proxy,final,1.0,2,2train,not_used,False,,0.0,direct,0.2640892311513059,0.21809650846143241,0.32764966682801383
1,bnci004,MMP_moe,TS,svm_radial,none,20,0,0,23834,0.05,no_leakage_v1_alpha005,gate_all_sources_proxy_source_only_final_training_only,mmd,,,,,moe,coral,near_nearest_proxy,main,2.0,3,3test,far,False,,0.0,direct,0.4368961438518922,0.3695920869079615,0.506972855721214
1,bnci004,MMP_moe,TS,svm_radial,none,20,0,0,23834,0.05,no_leakage_v1_alpha005,gate_all_sources_proxy_source_only_final_training_only,mmd,,,,,moe,coral,near_nearest_proxy,anchor,2.0,3,3test,not_used,False,,0.0,direct,0.4368961438518922,0.3695920869079615,0.506972855721214
1,bnci004,MMP_moe,TS,svm_radial,none,20,0,0,23834,0.05,no_leakage_v1_alpha005,gate_all_sources_proxy_source_only_final_training_only,mmd,,,,,moe,coral,near_nearest_proxy,final,2.0,3,3test,not_used,False,,0.0,direct,0.4368961438518922,0.3695920869079615,0.506972855721214
1,bnci004,MMP_moe,TS,svm_radial,none,20,0,0,23834,0.05,no_leakage_v1_alpha005,gate_all_sources_proxy_source_only_final_training_only,mmd,,,,,moe,coral,near_nearest_proxy,main,3.0,4,4test,near,False,0.4291823037624919,0.0,direct,0.18609311873287815,0.1437182452717356,0.23390655891418466
1,bnci004,MMP_moe,TS,svm_radial,none,20,0,0,23834,0.05,no_leakage_v1_alpha005,gate_all_sources_proxy_source_only_final_training_only,mmd,,,,,moe,coral,near_nearest_proxy,anchor,3.0,4,4test,proxy_source,False,1.0,0.0,direct,0.18609311873287815,0.1437182452717356,0.23390655891418466
1,bnci004,MMP_moe,TS,svm_radial,none,20,0,0,23834,0.05,no_leakage_v1_alpha005,gate_all_sources_proxy_source_only_final_training_only,mmd,,,,,moe,coral,near_nearest_proxy,final,3.0,4,4test,train,False,0.4291823037624919,0.0,direct,0.18609311873287815,0.1437182452717356,0.23390655891418466
1,bnci004,MMP_moe,TS,svm_radial,none,20,0,0,23834,0.05,no_leakage_v1_alpha005,gate_all_sources_proxy_source_only_final_training_only,mmd,,,,,moe,coral,near_nearest_proxy,main,,0,0train,target,False,,,,,,
1,bnci004,MMP_moe,TS,svm_radial,none,20,0,0,23834,0.05,no_leakage_v1_alpha005,gate_all_sources_proxy_source_only_final_training_only,mmd,,,,,moe,coral,near_nearest_proxy,final,,0,0train,target,False,,,,,,
1,bnci004,MMP_moe,TS,svm_radial,none,20,1,1,23865,0.05,no_leakage_v1_alpha005,gate_all_sources_proxy_source_only_final_training_only,mmd,,,,,moe,coral,near_nearest_proxy,main,0.0,0,0train,nearest,True,1.0,1.0,direct,0.11896646596220224,0.0984898200299703,0.14148618952873623
1,bnci004,MMP_moe,TS,svm_radial,none,20,1,1,23865,0.05,no_leakage_v1_alpha005,gate_all_sources_proxy_source_only_final_training_only,mmd,,,,,moe,coral,near_nearest_proxy,anchor,0.0,0,0train,target,False,,1.0,direct,0.11896646596220224,0.0984898200299703,0.14148618952873623
1,bnci004,MMP_moe,TS,svm_radial,none,20,1,1,23865,0.05,no_leakage_v1_alpha005,gate_all_sources_proxy_source_only_final_training_only,mmd,,,,,moe,coral,near_nearest_proxy,final,0.0,0,0train,train,True,1.0,1.0,direct,0.11896646596220224,0.0984898200299703,0.14148618952873623
1,bnci004,MMP_moe,TS,svm_radial,none,20,1,1,23865,0.05,no_leakage_v1_alpha005,gate_all_sources_proxy_source_only_final_training_only,mmd,,,,,moe,coral,near_nearest_proxy,main,1.0,2,2train,far,False,,1.0,direct,0.2400125988525788,0.19993693944896945,0.2907400448971609
1,bnci004,MMP_moe,TS,svm_radial,none,20,1,1,23865,0.05,no_leakage_v1_alpha005,gate_all_sources_proxy_source_only_final_training_only,mmd,,,,,moe,coral,near_nearest_proxy,anchor,1.0,2,2train,not_used,False,,1.0,direct,0.2400125988525788,0.19993693944896945,0.2907400448971609
1,bnci004,MMP_moe,TS,svm_radial,none,20,1,1,23865,0.05,no_leakage_v1_alpha005,gate_all_sources_proxy_source_only_final_training_only,mmd,,,,,moe,coral,near_nearest_proxy,final,1.0,2,2train,not_used,False,,1.0,direct,0.2400125988525788,0.19993693944896945,0.2907400448971609
1,bnci004,MMP_moe,TS,svm_radial,none,20,1,1,23865,0.05,no_leakage_v1_alpha005,gate_all_sources_proxy_source_only_final_training_only,mmd,,,,,moe,coral,near_nearest_proxy,main,2.0,3,3test,far,False,,1.0,direct,0.45050068366857515,0.3989679440636614,0.5127531225909117
1,bnci004,MMP_moe,TS,svm_radial,none,20,1,1,23865,0.05,no_leakage_v1_alpha005,gate_all_sources_proxy_source_only_final_training_only,mmd,,,,,moe,coral,near_nearest_proxy,anchor,2.0,3,3test,not_used,False,,1.0,direct,0.45050068366857515,0.3989679440636614,0.5127531225909117
1,bnci004,MMP_moe,TS,svm_radial,none,20,1,1,23865,0.05,no_leakage_v1_alpha005,gate_all_sources_proxy_source_only_final_training_only,mmd,,,,,moe,coral,near_nearest_proxy,final,2.0,3,3test,not_used,False,,1.0,direct,0.45050068366857515,0.3989679440636614,0.5127531225909117
1,bnci004,MMP_moe,TS,svm_radial,none,20,1,1,23865,0.05,no_leakage_v1_alpha005,gate_all_sources_proxy_source_only_final_training_only,mmd,,,,,moe,coral,near_nearest_proxy,main,3.0,4,4test,far,False,,1.0,direct,0.20991048259117256,0.16911502706867035,0.24855963283256502
1,bnci004,MMP_moe,TS,svm_radial,none,20,1,1,23865,0.05,no_leakage_v1_alpha005,gate_all_sources_proxy_source_only_final_training_only,mmd,,,,,moe,coral,near_nearest_proxy,anchor,3.0,4,4test,second_nearest_fallback_source,False,1.0,1.0,direct,0.20991048259117256,0.16911502706867035,0.24855963283256502
1,bnci004,MMP_moe,TS,svm_radial,none,20,1,1,23865,0.05,no_leakage_v1_alpha005,gate_all_sources_proxy_source_only_final_training_only,mmd,,,,,moe,coral,near_nearest_proxy,final,3.0,4,4test,not_used,False,,1.0,direct,0.20991048259117256,0.16911502706867035,0.24855963283256502
1,bnci004,MMP_moe,TS,svm_radial,none,20,1,1,23865,0.05,no_leakage_v1_alpha005,gate_all_sources_proxy_source_only_final_training_only,mmd,,,,,moe,coral,near_nearest_proxy,main,,1,1train,target,False,,,,,,
1,bnci004,MMP_moe,TS,svm_radial,none,20,1,1,23865,0.05,no_leakage_v1_alpha005,gate_all_sources_proxy_source_only_final_training_only,mmd,,,,,moe,coral,near_nearest_proxy,final,,1,1train,target,False,,,,,,
1,bnci004,MMP_moe,TS,svm_radial,none,20,2,2,23896,0.05,no_leakage_v1_alpha005,gate_all_sources_proxy_source_only_final_training_only,mmd,,,,,moe,coral,near_nearest_proxy,main,0.0,0,0train,near,False,0.25444463299375375,2.0,direct,0.11052921862403743,0.09346907811681837,0.13394329580445358
1,bnci004,MMP_moe,TS,svm_radial,none,20,2,2,23896,0.05,no_leakage_v1_alpha005,gate_all_sources_proxy_source_only_final_training_only,mmd,,,,,moe,coral,near_nearest_proxy,anchor,0.0,0,0train,proxy_source,False,0.346445947528526,2.0,direct,0.11052921862403743,0.09346907811681837,0.13394329580445358
1,bnci004,MMP_moe,TS,svm_radial,none,20,2,2,23896,0.05,no_leakage_v1_alpha005,gate_all_sources_proxy_source_only_final_training_only,mmd,,,,,moe,coral,near_nearest_proxy,final,0.0,0,0train,train,False,0.25444463299375375,2.0,direct,0.11052921862403743,0.09346907811681837,0.13394329580445358
1,bnci004,MMP_moe,TS,svm_radial,none,20,2,2,23896,0.05,no_leakage_v1_alpha005,gate_all_sources_proxy_source_only_final_training_only,mmd,,,,,moe,coral,near_nearest_proxy,main,1.0,1,1train,near,False,0.23908934760041173,2.0,direct,0.11762791653172146,0.09890330139928483,0.138551540249709
1,bnci004,MMP_moe,TS,svm_radial,none,20,2,2,23896,0.05,no_leakage_v1_alpha005,gate_all_sources_proxy_source_only_final_training_only,mmd,,,,,moe,coral,near_nearest_proxy,anchor,1.0,1,1train,proxy_source,False,0.32553854486463124,2.0,direct,0.11762791653172146,0.09890330139928483,0.138551540249709
1,bnci004,MMP_moe,TS,svm_radial,none,20,2,2,23896,0.05,no_leakage_v1_alpha005,gate_all_sources_proxy_source_only_final_training_only,mmd,,,,,moe,coral,near_nearest_proxy,final,1.0,1,1train,train,False,0.23908934760041173,2.0,direct,0.11762791653172146,0.09890330139928483,0.138551540249709
1,bnci004,MMP_moe,TS,svm_radial,none,20,2,2,23896,0.05,no_leakage_v1_alpha005,gate_all_sources_proxy_source_only_final_training_only,mmd,,,,,moe,coral,near_nearest_proxy,main,2.0,3,3test,nearest,True,0.26555748505961946,2.0,direct,0.10590383226710248,0.07907391068879921,0.13379273863848018
1,bnci004,MMP_moe,TS,svm_radial,none,20,2,2,23896,0.05,no_leakage_v1_alpha005,gate_all_sources_proxy_source_only_final_training_only,mmd,,,,,moe,coral,near_nearest_proxy,anchor,2.0,3,3test,target,False,,2.0,direct,0.10590383226710248,0.07907391068879921,0.13379273863848018
1,bnci004,MMP_moe,TS,svm_radial,none,20,2,2,23896,0.05,no_leakage_v1_alpha005,gate_all_sources_proxy_source_only_final_training_only,mmd,,,,,moe,coral,near_nearest_proxy,final,2.0,3,3test,train,True,0.26555748505961946,2.0,direct,0.10590383226710248,0.07907391068879921,0.13379273863848018
1,bnci004,MMP_moe,TS,svm_radial,none,20,2,2,23896,0.05,no_leakage_v1_alpha005,gate_all_sources_proxy_source_only_final_training_only,mmd,,,,,moe,coral,near_nearest_proxy,main,3.0,4,4test,near,False,0.24090853434621515,2.0,direct,0.11673965839483788,0.09823568677542256,0.13811027138196832
1,bnci004,MMP_moe,TS,svm_radial,none,20,2,2,23896,0.05,no_leakage_v1_alpha005,gate_all_sources_proxy_source_only_final_training_only,mmd,,,,,moe,coral,near_nearest_proxy,anchor,3.0,4,4test,proxy_source,False,0.3280155076068427,2.0,direct,0.11673965839483788,0.09823568677542256,0.13811027138196832
1,bnci004,MMP_moe,TS,svm_radial,none,20,2,2,23896,0.05,no_leakage_v1_alpha005,gate_all_sources_proxy_source_only_final_training_only,mmd,,,,,moe,coral,near_nearest_proxy,final,3.0,4,4test,train,False,0.24090853434621515,2.0,direct,0.11673965839483788,0.09823568677542256,0.13811027138196832
1,bnci004,MMP_moe,TS,svm_radial,none,20,2,2,23896,0.05,no_leakage_v1_alpha005,gate_all_sources_proxy_source_only_final_training_only,mmd,,,,,moe,coral,near_nearest_proxy,main,,2,2train,target,False,,,,,,
1,bnci004,MMP_moe,TS,svm_radial,none,20,2,2,23896,0.05,no_leakage_v1_alpha005,gate_all_sources_proxy_source_only_final_training_only,mmd,,,,,moe,coral,near_nearest_proxy,final,,2,2train,target,False,,,,,,
1,bnci004,MMP_moe,TS,svm_radial,none,20,3,3,23927,0.05,no_leakage_v1_alpha005,gate_all_sources_proxy_source_only_final_training_only,mmd,,,,,moe,coral,near_nearest_proxy,main,0.0,0,0train,far,False,,3.0,direct,0.16565865101036523,0.1419866344914938,0.19614043844733356
1,bnci004,MMP_moe,TS,svm_radial,none,20,3,3,23927,0.05,no_leakage_v1_alpha005,gate_all_sources_proxy_source_only_final_training_only,mmd,,,,,moe,coral,near_nearest_proxy,anchor,0.0,0,0train,not_used,False,,3.0,direct,0.16565865101036523,0.1419866344914938,0.19614043844733356
1,bnci004,MMP_moe,TS,svm_radial,none,20,3,3,23927,0.05,no_leakage_v1_alpha005,gate_all_sources_proxy_source_only_final_training_only,mmd,,,,,moe,coral,near_nearest_proxy,final,0.0,0,0train,not_used,False,,3.0,direct,0.16565865101036523,0.1419866344914938,0.19614043844733356
1,bnci004,MMP_moe,TS,svm_radial,none,20,3,3,23927,0.05,no_leakage_v1_alpha005,gate_all_sources_proxy_source_only_final_training_only,mmd,,,,,moe,coral,near_nearest_proxy,main,1.0,1,1train,far,False,,3.0,direct,0.17899250071167472,0.15616335875407278,0.2036335363543757
1,bnci004,MMP_moe,TS,svm_radial,none,20,3,3,23927,0.05,no_leakage_v1_alpha005,gate_all_sources_proxy_source_only_final_training_only,mmd,,,,,moe,coral,near_nearest_proxy,anchor,1.0,1,1train,not_used,False,,3.0,direct,0.17899250071167472,0.15616335875407278,0.2036335363543757
1,bnci004,MMP_moe,TS,svm_radial,none,20,3,3,23927,0.05,no_leakage_v1_alpha005,gate_all_sources_proxy_source_only_final_training_only,mmd,,,,,moe,coral,near_nearest_proxy,final,1.0,1,1train,not_used,False,,3.0,direct,0.17899250071167472,0.15616335875407278,0.2036335363543757
1,bnci004,MMP_moe,TS,svm_radial,none,20,3,3,23927,0.05,no_leakage_v1_alpha005,gate_all_sources_proxy_source_only_final_training_only,mmd,,,,,moe,coral,near_nearest_proxy,main,2.0,2,2train,nearest,True,0.5899146552402491,3.0,direct,0.10695390124626457,0.07989046531331238,0.13364827530954926
1,bnci004,MMP_moe,TS,svm_radial,none,20,3,3,23927,0.05,no_leakage_v1_alpha005,gate_all_sources_proxy_source_only_final_training_only,mmd,,,,,moe,coral,near_nearest_proxy,anchor,2.0,2,2train,target,False,,3.0,direct,0.10695390124626457,0.07989046531331238,0.13364827530954926
1,bnci004,MMP_moe,TS,svm_radial,none,20,3,3,23927,0.05,no_leakage_v1_alpha005,gate_all_sources_proxy_source_only_final_training_only,mmd,,,,,moe,coral,near_nearest_proxy,final,2.0,2,2train,train,True,0.5899146552402491,3.0,direct,0.10695390124626457,0.07989046531331238,0.13364827530954926
1,bnci004,MMP_moe,TS,svm_radial,none,20,3,3,23927,0.05,no_leakage_v1_alpha005,gate_all_sources_proxy_source_only_final_training_only,mmd,,,,,moe,coral,near_nearest_proxy,main,3.0,4,4test,near,False,0.4100853447597508,3.0,direct,0.15385542159904284,0.12947068336561876,0.1817138647067432
1,bnci004,MMP_moe,TS,svm_radial,none,20,3,3,23927,0.05,no_leakage_v1_alpha005,gate_all_sources_proxy_source_only_final_training_only,mmd,,,,,moe,coral,near_nearest_proxy,anchor,3.0,4,4test,proxy_source,False,1.0,3.0,direct,0.15385542159904284,0.12947068336561876,0.1817138647067432
1,bnci004,MMP_moe,TS,svm_radial,none,20,3,3,23927,0.05,no_leakage_v1_alpha005,gate_all_sources_proxy_source_only_final_training_only,mmd,,,,,moe,coral,near_nearest_proxy,final,3.0,4,4test,train,False,0.4100853447597508,3.0,direct,0.15385542159904284,0.12947068336561876,0.1817138647067432
1,bnci004,MMP_moe,TS,svm_radial,none,20,3,3,23927,0.05,no_leakage_v1_alpha005,gate_all_sources_proxy_source_only_final_training_only,mmd,,,,,moe,coral,near_nearest_proxy,main,,3,3test,target,False,,,,,,
1,bnci004,MMP_moe,TS,svm_radial,none,20,3,3,23927,0.05,no_leakage_v1_alpha005,gate_all_sources_proxy_source_only_final_training_only,mmd,,,,,moe,coral,near_nearest_proxy,final,,3,3test,target,False,,,,,,
1,bnci004,MMP_moe,TS,svm_radial,none,20,4,4,23958,0.05,no_leakage_v1_alpha005,gate_all_sources_proxy_source_only_final_training_only,mmd,,,,,moe,coral,near_nearest_proxy,main,0.0,0,0train,nearest,True,0.38382468148168936,4.0,direct,0.11280843067565861,0.08836639694518636,0.1412626645274356
1,bnci004,MMP_moe,TS,svm_radial,none,20,4,4,23958,0.05,no_leakage_v1_alpha005,gate_all_sources_proxy_source_only_final_training_only,mmd,,,,,moe,coral,near_nearest_proxy,anchor,0.0,0,0train,target,False,,4.0,direct,0.11280843067565861,0.08836639694518636,0.1412626645274356
1,bnci004,MMP_moe,TS,svm_radial,none,20,4,4,23958,0.05,no_leakage_v1_alpha005,gate_all_sources_proxy_source_only_final_training_only,mmd,,,,,moe,coral,near_nearest_proxy,final,0.0,0,0train,train,True,0.38382468148168936,4.0,direct,0.11280843067565861,0.08836639694518636,0.1412626645274356
1,bnci004,MMP_moe,TS,svm_radial,none,20,4,4,23958,0.05,no_leakage_v1_alpha005,gate_all_sources_proxy_source_only_final_training_only,mmd,,,,,moe,coral,near_nearest_proxy,main,1.0,1,1train,near,False,0.2792916007853639,4.0,direct,0.15503067182779254,0.12757173710601788,0.1802388930858493
1,bnci004,MMP_moe,TS,svm_radial,none,20,4,4,23958,0.05,no_leakage_v1_alpha005,gate_all_sources_proxy_source_only_final_training_only,mmd,,,,,moe,coral,near_nearest_proxy,anchor,1.0,1,1train,proxy_source,False,0.45326645256899295,4.0,direct,0.15503067182779254,0.12757173710601788,0.1802388930858493
1,bnci004,MMP_moe,TS,svm_radial,none,20,4,4,23958,0.05,no_leakage_v1_alpha005,gate_all_sources_proxy_source_only_final_training_only,mmd,,,,,moe,coral,near_nearest_proxy,final,1.0,1,1train,train,False,0.2792916007853639,4.0,direct,0.15503067182779254,0.12757173710601788,0.1802388930858493
1,bnci004,MMP_moe,TS,svm_radial,none,20,4,4,23958,0.05,no_leakage_v1_alpha005,gate_all_sources_proxy_source_only_final_training_only,mmd,,,,,moe,coral,near_nearest_proxy,main,2.0,2,2train,near,False,0.3368837177329466,4.0,direct,0.12852715828736272,0.10964059292548425,0.15018323033151676
1,bnci004,MMP_moe,TS,svm_radial,none,20,4,4,23958,0.05,no_leakage_v1_alpha005,gate_all_sources_proxy_source_only_final_training_only,mmd,,,,,moe,coral,near_nearest_proxy,anchor,2.0,2,2train,proxy_source,False,0.5467335474310071,4.0,direct,0.12852715828736272,0.10964059292548425,0.15018323033151676
1,bnci004,MMP_moe,TS,svm_radial,none,20,4,4,23958,0.05,no_leakage_v1_alpha005,gate_all_sources_proxy_source_only_final_training_only,mmd,,,,,moe,coral,near_nearest_proxy,final,2.0,2,2train,train,False,0.3368837177329466,4.0,direct,0.12852715828736272,0.10964059292548425,0.15018323033151676
1,bnci004,MMP_moe,TS,svm_radial,none,20,4,4,23958,0.05,no_leakage_v1_alpha005,gate_all_sources_proxy_source_only_final_training_only,mmd,,,,,moe,coral,near_nearest_proxy,main,3.0,3,3test,far,False,,4.0,direct,0.23965960499079553,0.2002592935963675,0.28110288756570917
1,bnci004,MMP_moe,TS,svm_radial,none,20,4,4,23958,0.05,no_leakage_v1_alpha005,gate_all_sources_proxy_source_only_final_training_only,mmd,,,,,moe,coral,near_nearest_proxy,anchor,3.0,3,3test,not_used,False,,4.0,direct,0.23965960499079553,0.2002592935963675,0.28110288756570917
1,bnci004,MMP_moe,TS,svm_radial,none,20,4,4,23958,0.05,no_leakage_v1_alpha005,gate_all_sources_proxy_source_only_final_training_only,mmd,,,,,moe,coral,near_nearest_proxy,final,3.0,3,3test,not_used,False,,4.0,direct,0.23965960499079553,0.2002592935963675,0.28110288756570917
1,bnci004,MMP_moe,TS,svm_radial,none,20,4,4,23958,0.05,no_leakage_v1_alpha005,gate_all_sources_proxy_source_only_final_training_only,mmd,,,,,moe,coral,near_nearest_proxy,main,,4,4test,target,False,,,,,,
1,bnci004,MMP_moe,TS,svm_radial,none,20,4,4,23958,0.05,no_leakage_v1_alpha005,gate_all_sources_proxy_source_only_final_training_only,mmd,,,,,moe,coral,near_nearest_proxy,final,,4,4test,target,False,,,,,,
1,bnci004,MMP_moe,TS,svm_radial,sa,21,0,0,24831,0.05,no_leakage_v1_alpha005,gate_all_sources_proxy_source_only_final_training_only,mmd,,,,,moe,coral,near_nearest_proxy,main,0.0,1,1train,nearest,True,0.5724030968430162,0.0,direct,0.13989899585231622,0.11210778516534049,0.16937596418954742
1,bnci004,MMP_moe,TS,svm_radial,sa,21,0,0,24831,0.05,no_leakage_v1_alpha005,gate_all_sources_proxy_source_only_final_training_only,mmd,,,,,moe,coral,near_nearest_proxy,anchor,0.0,1,1train,target,False,,0.0,direct,0.13989899585231622,0.11210778516534049,0.16937596418954742
1,bnci004,MMP_moe,TS,svm_radial,sa,21,0,0,24831,0.05,no_leakage_v1_alpha005,gate_all_sources_proxy_source_only_final_training_only,mmd,,,,,moe,coral,near_nearest_proxy,final,0.0,1,1train,train,True,0.5724030968430162,0.0,direct,0.13989899585231622,0.11210778516534049,0.16937596418954742
1,bnci004,MMP_moe,TS,svm_radial,sa,21,0,0,24831,0.05,no_leakage_v1_alpha005,gate_all_sources_proxy_source_only_final_training_only,mmd,,,,,moe,coral,near_nearest_proxy,main,1.0,2,2train,far,False,,0.0,direct,0.26909819447972905,0.21501370053502858,0.31662365707251167
1,bnci004,MMP_moe,TS,svm_radial,sa,21,0,0,24831,0.05,no_leakage_v1_alpha005,gate_all_sources_proxy_source_only_final_training_only,mmd,,,,,moe,coral,near_nearest_proxy,anchor,1.0,2,2train,not_used,False,,0.0,direct,0.26909819447972905,0.21501370053502858,0.31662365707251167
1,bnci004,MMP_moe,TS,svm_radial,sa,21,0,0,24831,0.05,no_leakage_v1_alpha005,gate_all_sources_proxy_source_only_final_training_only,mmd,,,,,moe,coral,near_nearest_proxy,final,1.0,2,2train,not_used,False,,0.0,direct,0.26909819447972905,0.21501370053502858,0.31662365707251167
1,bnci004,MMP_moe,TS,svm_radial,sa,21,0,0,24831,0.05,no_leakage_v1_alpha005,gate_all_sources_proxy_source_only_final_training_only,mmd,,,,,moe,coral,near_nearest_proxy,main,2.0,3,3test,far,False,,0.0,direct,0.4351013211169643,0.37700548990678784,0.49805926562477243
1,bnci004,MMP_moe,TS,svm_radial,sa,21,0,0,24831,0.05,no_leakage_v1_alpha005,gate_all_sources_proxy_source_only_final_training_only,mmd,,,,,moe,coral,near_nearest_proxy,anchor,2.0,3,3test,not_used,False,,0.0,direct,0.4351013211169643,0.37700548990678784,0.49805926562477243
1,bnci004,MMP_moe,TS,svm_radial,sa,21,0,0,24831,0.05,no_leakage_v1_alpha005,gate_all_sources_proxy_source_only_final_training_only,mmd,,,,,moe,coral,near_nearest_proxy,final,2.0,3,3test,not_used,False,,0.0,direct,0.4351013211169643,0.37700548990678784,0.49805926562477243
1,bnci004,MMP_moe,TS,svm_radial,sa,21,0,0,24831,0.05,no_leakage_v1_alpha005,gate_all_sources_proxy_source_only_final_training_only,mmd,,,,,moe,coral,near_nearest_proxy,main,3.0,4,4test,near,False,0.42759690315698373,0.0,direct,0.18727629383201688,0.1379976944876113,0.2459372765397752
1,bnci004,MMP_moe,TS,svm_radial,sa,21,0,0,24831,0.05,no_leakage_v1_alpha005,gate_all_sources_proxy_source_only_final_training_only,mmd,,,,,moe,coral,near_nearest_proxy,anchor,3.0,4,4test,proxy_source,False,1.0,0.0,direct,0.18727629383201688,0.1379976944876113,0.2459372765397752
1,bnci004,MMP_moe,TS,svm_radial,sa,21,0,0,24831,0.05,no_leakage_v1_alpha005,gate_all_sources_proxy_source_only_final_training_only,mmd,,,,,moe,coral,near_nearest_proxy,final,3.0,4,4test,train,False,0.42759690315698373,0.0,direct,0.18727629383201688,0.1379976944876113,0.2459372765397752
1,bnci004,MMP_moe,TS,svm_radial,sa,21,0,0,24831,0.05,no_leakage_v1_alpha005,gate_all_sources_proxy_source_only_final_training_only,mmd,,,,,moe,coral,near_nearest_proxy,main,,0,0train,target,False,,,,,,
1,bnci004,MMP_moe,TS,svm_radial,sa,21,0,0,24831,0.05,no_leakage_v1_alpha005,gate_all_sources_proxy_source_only_final_training_only,mmd,,,,,moe,coral,near_nearest_proxy,final,,0,0train,target,False,,,,,,
1,bnci004,MMP_moe,TS,svm_radial,sa,21,1,1,24862,0.05,no_leakage_v1_alpha005,gate_all_sources_proxy_source_only_final_training_only,mmd,,,,,moe,coral,near_nearest_proxy,main,0.0,0,0train,nearest,True,1.0,1.0,direct,0.12104162697303077,0.10005357678126721,0.1434369633126595
1,bnci004,MMP_moe,TS,svm_radial,sa,21,1,1,24862,0.05,no_leakage_v1_alpha005,gate_all_sources_proxy_source_only_final_training_only,mmd,,,,,moe,coral,near_nearest_proxy,anchor,0.0,0,0train,target,False,,1.0,direct,0.12104162697303077,0.10005357678126721,0.1434369633126595
1,bnci004,MMP_moe,TS,svm_radial,sa,21,1,1,24862,0.05,no_leakage_v1_alpha005,gate_all_sources_proxy_source_only_final_training_only,mmd,,,,,moe,coral,near_nearest_proxy,final,0.0,0,0train,train,True,1.0,1.0,direct,0.12104162697303077,0.10005357678126721,0.1434369633126595
1,bnci004,MMP_moe,TS,svm_radial,sa,21,1,1,24862,0.05,no_leakage_v1_alpha005,gate_all_sources_proxy_source_only_final_training_only,mmd,,,,,moe,coral,near_nearest_proxy,main,1.0,2,2train,far,False,,1.0,direct,0.2393022933121467,0.1914227141222357,0.28296042098286434
1,bnci004,MMP_moe,TS,svm_radial,sa,21,1,1,24862,0.05,no_leakage_v1_alpha005,gate_all_sources_proxy_source_only_final_training_only,mmd,,,,,moe,coral,near_nearest_proxy,anchor,1.0,2,2train,not_used,False,,1.0,direct,0.2393022933121467,0.1914227141222357,0.28296042098286434
1,bnci004,MMP_moe,TS,svm_radial,sa,21,1,1,24862,0.05,no_leakage_v1_alpha005,gate_all_sources_proxy_source_only_final_training_only,mmd,,,,,moe,coral,near_nearest_proxy,final,1.0,2,2train,not_used,False,,1.0,direct,0.2393022933121467,0.1914227141222357,0.28296042098286434
1,bnci004,MMP_moe,TS,svm_radial,sa,21,1,1,24862,0.05,no_leakage_v1_alpha005,gate_all_sources_proxy_source_only_final_training_only,mmd,,,,,moe,coral,near_nearest_proxy,main,2.0,3,3test,far,False,,1.0,direct,0.44465160897346295,0.39237643983982246,0.5023778472032487
1,bnci004,MMP_moe,TS,svm_radial,sa,21,1,1,24862,0.05,no_leakage_v1_alpha005,gate_all_sources_proxy_source_only_final_training_only,mmd,,,,,moe,coral,near_nearest_proxy,anchor,2.0,3,3test,not_used,False,,1.0,direct,0.44465160897346295,0.39237643983982246,0.5023778472032487
1,bnci004,MMP_moe,TS,svm_radial,sa,21,1,1,24862,0.05,no_leakage_v1_alpha005,gate_all_sources_proxy_source_only_final_training_only,mmd,,,,,moe,coral,near_nearest_proxy,final,2.0,3,3test,not_used,False,,1.0,direct,0.44465160897346295,0.39237643983982246,0.5023778472032487
1,bnci004,MMP_moe,TS,svm_radial,sa,21,1,1,24862,0.05,no_leakage_v1_alpha005,gate_all_sources_proxy_source_only_final_training_only,mmd,,,,,moe,coral,near_nearest_proxy,main,3.0,4,4test,far,False,,1.0,direct,0.20988388139830477,0.17206505218619936,0.24998622847755275
1,bnci004,MMP_moe,TS,svm_radial,sa,21,1,1,24862,0.05,no_leakage_v1_alpha005,gate_all_sources_proxy_source_only_final_training_only,mmd,,,,,moe,coral,near_nearest_proxy,anchor,3.0,4,4test,second_nearest_fallback_source,False,1.0,1.0,direct,0.20988388139830477,0.17206505218619936,0.24998622847755275
1,bnci004,MMP_moe,TS,svm_radial,sa,21,1,1,24862,0.05,no_leakage_v1_alpha005,gate_all_sources_proxy_source_only_final_training_only,mmd,,,,,moe,coral,near_nearest_proxy,final,3.0,4,4test,not_used,False,,1.0,direct,0.20988388139830477,0.17206505218619936,0.24998622847755275
1,bnci004,MMP_moe,TS,svm_radial,sa,21,1,1,24862,0.05,no_leakage_v1_alpha005,gate_all_sources_proxy_source_only_final_training_only,mmd,,,,,moe,coral,near_nearest_proxy,main,,1,1train,target,False,,,,,,
1,bnci004,MMP_moe,TS,svm_radial,sa,21,1,1,24862,0.05,no_leakage_v1_alpha005,gate_all_sources_proxy_source_only_final_training_only,mmd,,,,,moe,coral,near_nearest_proxy,final,,1,1train,target,False,,,,,,
1,bnci004,MMP_moe,TS,svm_radial,sa,21,2,2,24893,0.05,no_leakage_v1_alpha005,gate_all_sources_proxy_source_only_final_training_only,mmd,,,,,moe,coral,near_nearest_proxy,main,0.0,0,0train,near,False,0.25662617000587323,2.0,direct,0.1102196263031835,0.09101717481729099,0.13033708307432135
1,bnci004,MMP_moe,TS,svm_radial,sa,21,2,2,24893,0.05,no_leakage_v1_alpha005,gate_all_sources_proxy_source_only_final_training_only,mmd,,,,,moe,coral,near_nearest_proxy,anchor,0.0,0,0train,proxy_source,False,0.3487654179392181,2.0,direct,0.1102196263031835,0.09101717481729099,0.13033708307432135
1,bnci004,MMP_moe,TS,svm_radial,sa,21,2,2,24893,0.05,no_leakage_v1_alpha005,gate_all_sources_proxy_source_only_final_training_only,mmd,,,,,moe,coral,near_nearest_proxy,final,0.0,0,0train,train,False,0.25662617000587323,2.0,direct,0.1102196263031835,0.09101717481729099,0.13033708307432135
1,bnci004,MMP_moe,TS,svm_radial,sa,21,2,2,24893,0.05,no_leakage_v1_alpha005,gate_all_sources_proxy_source_only_final_training_only,mmd,,,,,moe,coral,near_nearest_proxy,main,1.0,1,1train,near,False,0.23826892367258004,2.0,direct,0.11871148985328625,0.10253057582096878,0.13868634248182804
1,bnci004,MMP_moe,TS,svm_radial,sa,21,2,2,24893,0.05,no_leakage_v1_alpha005,gate_all_sources_proxy_source_only_final_training_only,mmd,,,,,moe,coral,near_nearest_proxy,anchor,1.0,1,1train,proxy_source,False,0.32381717244462316,2.0,direct,0.11871148985328625,0.10253057582096878,0.13868634248182804
1,bnci004,MMP_moe,TS,svm_radial,sa,21,2,2,24893,0.05,no_leakage_v1_alpha005,gate_all_sources_proxy_source_only_final_training_only,mmd,,,,,moe,coral,near_nearest_proxy,final,1.0,1,1train,train,False,0.23826892367258004,2.0,direct,0.11871148985328625,0.10253057582096878,0.13868634248182804
1,bnci004,MMP_moe,TS,svm_radial,sa,21,2,2,24893,0.05,no_leakage_v1_alpha005,gate_all_sources_proxy_source_only_final_training_only,mmd,,,,,moe,coral,near_nearest_proxy,main,2.0,3,3test,nearest,True,0.264186880906302,2.0,direct,0.1070652444963211,0.08377030475251956,0.13901727668930428
1,bnci004,MMP_moe,TS,svm_radial,sa,21,2,2,24893,0.05,no_leakage_v1_alpha005,gate_all_sources_proxy_source_only_final_training_only,mmd,,,,,moe,coral,near_nearest_proxy,anchor,2.0,3,3test,target,False,,2.0,direct,0.1070652444963211,0.08377030475251956,0.13901727668930428
1,bnci004,MMP_moe,TS,svm_radial,sa,21,2,2,24893,0.05,no_leakage_v1_alpha005,gate_all_sources_proxy_source_only_final_training_only,mmd,,,,,moe,coral,near_nearest_proxy,final,2.0,3,3test,train,True,0.264186880906302,2.0,direct,0.1070652444963211,0.08377030475251956,0.13901727668930428
1,bnci004,MMP_moe,TS,svm_radial,sa,21,2,2,24893,0.05,no_leakage_v1_alpha005,gate_all_sources_proxy_source_only_final_training_only,mmd,,,,,moe,coral,near_nearest_proxy,main,3.0,4,4test,near,False,0.24091802541524465,2.0,direct,0.11740614350900852,0.0972586638219144,0.14062348895890123
1,bnci004,MMP_moe,TS,svm_radial,sa,21,2,2,24893,0.05,no_leakage_v1_alpha005,gate_all_sources_proxy_source_only_final_training_only,mmd,,,,,moe,coral,near_nearest_proxy,anchor,3.0,4,4test,proxy_source,False,0.32741740961615867,2.0,direct,0.11740614350900852,0.0972586638219144,0.14062348895890123
1,bnci004,MMP_moe,TS,svm_radial,sa,21,2,2,24893,0.05,no_leakage_v1_alpha005,gate_all_sources_proxy_source_only_final_training_only,mmd,,,,,moe,coral,near_nearest_proxy,final,3.0,4,4test,train,False,0.24091802541524465,2.0,direct,0.11740614350900852,0.0972586638219144,0.14062348895890123
1,bnci004,MMP_moe,TS,svm_radial,sa,21,2,2,24893,0.05,no_leakage_v1_alpha005,gate_all_sources_proxy_source_only_final_training_only,mmd,,,,,moe,coral,near_nearest_proxy,main,,2,2train,target,False,,,,,,
1,bnci004,MMP_moe,TS,svm_radial,sa,21,2,2,24893,0.05,no_leakage_v1_alpha005,gate_all_sources_proxy_source_only_final_training_only,mmd,,,,,moe,coral,near_nearest_proxy,final,,2,2train,target,False,,,,,,
1,bnci004,MMP_moe,TS,svm_radial,sa,21,3,3,24924,0.05,no_leakage_v1_alpha005,gate_all_sources_proxy_source_only_final_training_only,mmd,,,,,moe,coral,near_nearest_proxy,main,0.0,0,0train,far,False,,3.0,direct,0.16680019989124367,0.14091301754866173,0.19296247168608568
1,bnci004,MMP_moe,TS,svm_radial,sa,21,3,3,24924,0.05,no_leakage_v1_alpha005,gate_all_sources_proxy_source_only_final_training_only,mmd,,,,,moe,coral,near_nearest_proxy,anchor,0.0,0,0train,not_used,False,,3.0,direct,0.16680019989124367,0.14091301754866173,0.19296247168608568
1,bnci004,MMP_moe,TS,svm_radial,sa,21,3,3,24924,0.05,no_leakage_v1_alpha005,gate_all_sources_proxy_source_only_final_training_only,mmd,,,,,moe,coral,near_nearest_proxy,final,0.0,0,0train,not_used,False,,3.0,direct,0.16680019989124367,0.14091301754866173,0.19296247168608568
1,bnci004,MMP_moe,TS,svm_radial,sa,21,3,3,24924,0.05,no_leakage_v1_alpha005,gate_all_sources_proxy_source_only_final_training_only,mmd,,,,,moe,coral,near_nearest_proxy,main,1.0,1,1train,far,False,,3.0,direct,0.17875704675417953,0.15614067051981262,0.20517958287859292
1,bnci004,MMP_moe,TS,svm_radial,sa,21,3,3,24924,0.05,no_leakage_v1_alpha005,gate_all_sources_proxy_source_only_final_training_only,mmd,,,,,moe,coral,near_nearest_proxy,anchor,1.0,1,1train,not_used,False,,3.0,direct,0.17875704675417953,0.15614067051981262,0.20517958287859292
1,bnci004,MMP_moe,TS,svm_radial,sa,21,3,3,24924,0.05,no_leakage_v1_alpha005,gate_all_sources_proxy_source_only_final_training_only,mmd,,,,,moe,coral,near_nearest_proxy,final,1.0,1,1train,not_used,False,,3.0,direct,0.17875704675417953,0.15614067051981262,0.20517958287859292
1,bnci004,MMP_moe,TS,svm_radial,sa,21,3,3,24924,0.05,no_leakage_v1_alpha005,gate_all_sources_proxy_source_only_final_training_only,mmd,,,,,moe,coral,near_nearest_proxy,main,2.0,2,2train,nearest,True,0.5857397295977765,3.0,direct,0.10782078851350203,0.07982793074293479,0.1345261505272687
1,bnci004,MMP_moe,TS,svm_radial,sa,21,3,3,24924,0.05,no_leakage_v1_alpha005,gate_all_sources_proxy_source_only_final_training_only,mmd,,,,,moe,coral,near_nearest_proxy,anchor,2.0,2,2train,target,False,,3.0,direct,0.10782078851350203,0.07982793074293479,0.1345261505272687
1,bnci004,MMP_moe,TS,svm_radial,sa,21,3,3,24924,0.05,no_leakage_v1_alpha005,gate_all_sources_proxy_source_only_final_training_only,mmd,,,,,moe,coral,near_nearest_proxy,final,2.0,2,2train,train,True,0.5857397295977765,3.0,direct,0.10782078851350203,0.07982793074293479,0.1345261505272687
1,bnci004,MMP_moe,TS,svm_radial,sa,21,3,3,24924,0.05,no_leakage_v1_alpha005,gate_all_sources_proxy_source_only_final_training_only,mmd,,,,,moe,coral,near_nearest_proxy,main,3.0,4,4test,near,False,0.4142602704022234,3.0,direct,0.15245268615080296,0.12898810907116387,0.1821648744081259
1,bnci004,MMP_moe,TS,svm_radial,sa,21,3,3,24924,0.05,no_leakage_v1_alpha005,gate_all_sources_proxy_source_only_final_training_only,mmd,,,,,moe,coral,near_nearest_proxy,anchor,3.0,4,4test,proxy_source,False,1.0,3.0,direct,0.15245268615080296,0.12898810907116387,0.1821648744081259
1,bnci004,MMP_moe,TS,svm_radial,sa,21,3,3,24924,0.05,no_leakage_v1_alpha005,gate_all_sources_proxy_source_only_final_training_only,mmd,,,,,moe,coral,near_nearest_proxy,final,3.0,4,4test,train,False,0.4142602704022234,3.0,direct,0.15245268615080296,0.12898810907116387,0.1821648744081259
1,bnci004,MMP_moe,TS,svm_radial,sa,21,3,3,24924,0.05,no_leakage_v1_alpha005,gate_all_sources_proxy_source_only_final_training_only,mmd,,,,,moe,coral,near_nearest_proxy,main,,3,3test,target,False,,,,,,
1,bnci004,MMP_moe,TS,svm_radial,sa,21,3,3,24924,0.05,no_leakage_v1_alpha005,gate_all_sources_proxy_source_only_final_training_only,mmd,,,,,moe,coral,near_nearest_proxy,final,,3,3test,target,False,,,,,,
1,bnci004,MMP_moe,TS,svm_radial,sa,21,4,4,24955,0.05,no_leakage_v1_alpha005,gate_all_sources_proxy_source_only_final_training_only,mmd,,,,,moe,coral,near_nearest_proxy,main,0.0,0,0train,nearest,True,0.3833386593537915,4.0,direct,0.11252320268368515,0.09037463633492027,0.13704873096424094
1,bnci004,MMP_moe,TS,svm_radial,sa,21,4,4,24955,0.05,no_leakage_v1_alpha005,gate_all_sources_proxy_source_only_final_training_only,mmd,,,,,moe,coral,near_nearest_proxy,anchor,0.0,0,0train,target,False,,4.0,direct,0.11252320268368515,0.09037463633492027,0.13704873096424094
1,bnci004,MMP_moe,TS,svm_radial,sa,21,4,4,24955,0.05,no_leakage_v1_alpha005,gate_all_sources_proxy_source_only_final_training_only,mmd,,,,,moe,coral,near_nearest_proxy,final,0.0,0,0train,train,True,0.3833386593537915,4.0,direct,0.11252320268368515,0.09037463633492027,0.13704873096424094
1,bnci004,MMP_moe,TS,svm_radial,sa,21,4,4,24955,0.05,no_leakage_v1_alpha005,gate_all_sources_proxy_source_only_final_training_only,mmd,,,,,moe,coral,near_nearest_proxy,main,1.0,1,1train,near,False,0.27748242390275013,4.0,direct,0.1554498440388129,0.12420443220884579,0.18924703090873857
1,bnci004,MMP_moe,TS,svm_radial,sa,21,4,4,24955,0.05,no_leakage_v1_alpha005,gate_all_sources_proxy_source_only_final_training_only,mmd,,,,,moe,coral,near_nearest_proxy,anchor,1.0,1,1train,proxy_source,False,0.4499753845635471,4.0,direct,0.1554498440388129,0.12420443220884579,0.18924703090873857
1,bnci004,MMP_moe,TS,svm_radial,sa,21,4,4,24955,0.05,no_leakage_v1_alpha005,gate_all_sources_proxy_source_only_final_training_only,mmd,,,,,moe,coral,near_nearest_proxy,final,1.0,1,1train,train,False,0.27748242390275013,4.0,direct,0.1554498440388129,0.12420443220884579,0.18924703090873857
1,bnci004,MMP_moe,TS,svm_radial,sa,21,4,4,24955,0.05,no_leakage_v1_alpha005,gate_all_sources_proxy_source_only_final_training_only,mmd,,,,,moe,coral,near_nearest_proxy,main,2.0,2,2train,near,False,0.33917891674345824,4.0,direct,0.12717340522473194,0.10539538496314947,0.1545428237602944
1,bnci004,MMP_moe,TS,svm_radial,sa,21,4,4,24955,0.05,no_leakage_v1_alpha005,gate_all_sources_proxy_source_only_final_training_only,mmd,,,,,moe,coral,near_nearest_proxy,anchor,2.0,2,2train,proxy_source,False,0.5500246154364529,4.0,direct,0.12717340522473194,0.10539538496314947,0.1545428237602944
1,bnci004,MMP_moe,TS,svm_radial,sa,21,4,4,24955,0.05,no_leakage_v1_alpha005,gate_all_sources_proxy_source_only_final_training_only,mmd,,,,,moe,coral,near_nearest_proxy,final,2.0,2,2train,train,False,0.33917891674345824,4.0,direct,0.12717340522473194,0.10539538496314947,0.1545428237602944
1,bnci004,MMP_moe,TS,svm_radial,sa,21,4,4,24955,0.05,no_leakage_v1_alpha005,gate_all_sources_proxy_source_only_final_training_only,mmd,,,,,moe,coral,near_nearest_proxy,main,3.0,3,3test,far,False,,4.0,direct,0.23931073294498603,0.185407126176179,0.2921490461812261
1,bnci004,MMP_moe,TS,svm_radial,sa,21,4,4,24955,0.05,no_leakage_v1_alpha005,gate_all_sources_proxy_source_only_final_training_only,mmd,,,,,moe,coral,near_nearest_proxy,anchor,3.0,3,3test,not_used,False,,4.0,direct,0.23931073294498603,0.185407126176179,0.2921490461812261
1,bnci004,MMP_moe,TS,svm_radial,sa,21,4,4,24955,0.05,no_leakage_v1_alpha005,gate_all_sources_proxy_source_only_final_training_only,mmd,,,,,moe,coral,near_nearest_proxy,final,3.0,3,3test,not_used,False,,4.0,direct,0.23931073294498603,0.185407126176179,0.2921490461812261
1,bnci004,MMP_moe,TS,svm_radial,sa,21,4,4,24955,0.05,no_leakage_v1_alpha005,gate_all_sources_proxy_source_only_final_training_only,mmd,,,,,moe,coral,near_nearest_proxy,main,,4,4test,target,False,,,,,,
1,bnci004,MMP_moe,TS,svm_radial,sa,21,4,4,24955,0.05,no_leakage_v1_alpha005,gate_all_sources_proxy_source_only_final_training_only,mmd,,,,,moe,coral,near_nearest_proxy,final,,4,4test,target,False,,,,,,
1,bnci004,MMP_moe,TS,svm_radial,pt,22,0,0,25828,0.05,no_leakage_v1_alpha005,gate_all_sources_proxy_source_only_final_training_only,mmd,,,,,moe,coral,near_nearest_proxy,main,0.0,1,1train,nearest,True,0.5715847126840081,0.0,direct,0.1401348670769067,0.11427263838272615,0.1679341251816498
1,bnci004,MMP_moe,TS,svm_radial,pt,22,0,0,25828,0.05,no_leakage_v1_alpha005,gate_all_sources_proxy_source_only_final_training_only,mmd,,,,,moe,coral,near_nearest_proxy,anchor,0.0,1,1train,target,False,,0.0,direct,0.1401348670769067,0.11427263838272615,0.1679341251816498
1,bnci004,MMP_moe,TS,svm_radial,pt,22,0,0,25828,0.05,no_leakage_v1_alpha005,gate_all_sources_proxy_source_only_final_training_only,mmd,,,,,moe,coral,near_nearest_proxy,final,0.0,1,1train,train,True,0.5715847126840081,0.0,direct,0.1401348670769067,0.11427263838272615,0.1679341251816498
1,bnci004,MMP_moe,TS,svm_radial,pt,22,0,0,25828,0.05,no_leakage_v1_alpha005,gate_all_sources_proxy_source_only_final_training_only,mmd,,,,,moe,coral,near_nearest_proxy,main,1.0,2,2train,far,False,,0.0,direct,0.26841243250478614,0.21880283390700198,0.31365065473962345
1,bnci004,MMP_moe,TS,svm_radial,pt,22,0,0,25828,0.05,no_leakage_v1_alpha005,gate_all_sources_proxy_source_only_final_training_only,mmd,,,,,moe,coral,near_nearest_proxy,anchor,1.0,2,2train,not_used,False,,0.0,direct,0.26841243250478614,0.21880283390700198,0.31365065473962345
1,bnci004,MMP_moe,TS,svm_radial,pt,22,0,0,25828,0.05,no_leakage_v1_alpha005,gate_all_sources_proxy_source_only_final_training_only,mmd,,,,,moe,coral,near_nearest_proxy,final,1.0,2,2train,not_used,False,,0.0,direct,0.26841243250478614,0.21880283390700198,0.31365065473962345
1,bnci004,MMP_moe,TS,svm_radial,pt,22,0,0,25828,0.05,no_leakage_v1_alpha005,gate_all_sources_proxy_source_only_final_training_only,mmd,,,,,moe,coral,near_nearest_proxy,main,2.0,3,3test,far,False,,0.0,direct,0.43401139577363507,0.37458520880595625,0.49455340026370026
1,bnci004,MMP_moe,TS,svm_radial,pt,22,0,0,25828,0.05,no_leakage_v1_alpha005,gate_all_sources_proxy_source_only_final_training_only,mmd,,,,,moe,coral,near_nearest_proxy,anchor,2.0,3,3test,not_used,False,,0.0,direct,0.43401139577363507,0.37458520880595625,0.49455340026370026
1,bnci004,MMP_moe,TS,svm_radial,pt,22,0,0,25828,0.05,no_leakage_v1_alpha005,gate_all_sources_proxy_source_only_final_training_only,mmd,,,,,moe,coral,near_nearest_proxy,final,2.0,3,3test,not_used,False,,0.0,direct,0.43401139577363507,0.37458520880595625,0.49455340026370026
1,bnci004,MMP_moe,TS,svm_radial,pt,22,0,0,25828,0.05,no_leakage_v1_alpha005,gate_all_sources_proxy_source_only_final_training_only,mmd,,,,,moe,coral,near_nearest_proxy,main,3.0,4,4test,near,False,0.4284152873159919,0.0,direct,0.18696599602317884,0.1453900674700734,0.2383064544539766
1,bnci004,MMP_moe,TS,svm_radial,pt,22,0,0,25828,0.05,no_leakage_v1_alpha005,gate_all_sources_proxy_source_only_final_training_only,mmd,,,,,moe,coral,near_nearest_proxy,anchor,3.0,4,4test,proxy_source,False,1.0,0.0,direct,0.18696599602317884,0.1453900674700734,0.2383064544539766
1,bnci004,MMP_moe,TS,svm_radial,pt,22,0,0,25828,0.05,no_leakage_v1_alpha005,gate_all_sources_proxy_source_only_final_training_only,mmd,,,,,moe,coral,near_nearest_proxy,final,3.0,4,4test,train,False,0.4284152873159919,0.0,direct,0.18696599602317884,0.1453900674700734,0.2383064544539766
1,bnci004,MMP_moe,TS,svm_radial,pt,22,0,0,25828,0.05,no_leakage_v1_alpha005,gate_all_sources_proxy_source_only_final_training_only,mmd,,,,,moe,coral,near_nearest_proxy,main,,0,0train,target,False,,,,,,
1,bnci004,MMP_moe,TS,svm_radial,pt,22,0,0,25828,0.05,no_leakage_v1_alpha005,gate_all_sources_proxy_source_only_final_training_only,mmd,,,,,moe,coral,near_nearest_proxy,final,,0,0train,target,False,,,,,,
1,bnci004,MMP_moe,TS,svm_radial,pt,22,1,1,25859,0.05,no_leakage_v1_alpha005,gate_all_sources_proxy_source_only_final_training_only,mmd,,,,,moe,coral,near_nearest_proxy,main,0.0,0,0train,nearest,True,1.0,1.0,direct,0.12101645688178124,0.099341106515777,0.14257251206030014
1,bnci004,MMP_moe,TS,svm_radial,pt,22,1,1,25859,0.05,no_leakage_v1_alpha005,gate_all_sources_proxy_source_only_final_training_only,mmd,,,,,moe,coral,near_nearest_proxy,anchor,0.0,0,0train,target,False,,1.0,direct,0.12101645688178124,0.099341106515777,0.14257251206030014
1,bnci004,MMP_moe,TS,svm_radial,pt,22,1,1,25859,0.05,no_leakage_v1_alpha005,gate_all_sources_proxy_source_only_final_training_only,mmd,,,,,moe,coral,near_nearest_proxy,final,0.0,0,0train,train,True,1.0,1.0,direct,0.12101645688178124,0.099341106515777,0.14257251206030014
1,bnci004,MMP_moe,TS,svm_radial,pt,22,1,1,25859,0.05,no_leakage_v1_alpha005,gate_all_sources_proxy_source_only_final_training_only,mmd,,,,,moe,coral,near_nearest_proxy,main,1.0,2,2train,far,False,,1.0,direct,0.2405189627507041,0.19619425942152136,0.2807748842030812
1,bnci004,MMP_moe,TS,svm_radial,pt,22,1,1,25859,0.05,no_leakage_v1_alpha005,gate_all_sources_proxy_source_only_final_training_only,mmd,,,,,moe,coral,near_nearest_proxy,anchor,1.0,2,2train,not_used,False,,1.0,direct,0.2405189627507041,0.19619425942152136,0.2807748842030812
1,bnci004,MMP_moe,TS,svm_radial,pt,22,1,1,25859,0.05,no_leakage_v1_alpha005,gate_all_sources_proxy_source_only_final_training_only,mmd,,,,,moe,coral,near_nearest_proxy,final,1.0,2,2train,not_used,False,,1.0,direct,0.2405189627507041,0.19619425942152136,0.2807748842030812
1,bnci004,MMP_moe,TS,svm_radial,pt,22,1,1,25859,0.05,no_leakage_v1_alpha005,gate_all_sources_proxy_source_only_final_training_only,mmd,,,,,moe,coral,near_nearest_proxy,main,2.0,3,3test,far,False,,1.0,direct,0.44678680444545343,0.4039521036101946,0.4987687062752873
1,bnci004,MMP_moe,TS,svm_radial,pt,22,1,1,25859,0.05,no_leakage_v1_alpha005,gate_all_sources_proxy_source_only_final_training_only,mmd,,,,,moe,coral,near_nearest_proxy,anchor,2.0,3,3test,not_used,False,,1.0,direct,0.44678680444545343,0.4039521036101946,0.4987687062752873
1,bnci004,MMP_moe,TS,svm_radial,pt,22,1,1,25859,0.05,no_leakage_v1_alpha005,gate_all_sources_proxy_source_only_final_training_only,mmd,,,,,moe,coral,near_nearest_proxy,final,2.0,3,3test,not_used,False,,1.0,direct,0.44678680444545343,0.4039521036101946,0.4987687062752873
1,bnci004,MMP_moe,TS,svm_radial,pt,22,1,1,25859,0.05,no_leakage_v1_alpha005,gate_all_sources_proxy_source_only_final_training_only,mmd,,,,,moe,coral,near_nearest_proxy,main,3.0,4,4test,far,False,,1.0,direct,0.21003227157387158,0.17498036553737395,0.25018756520293145
1,bnci004,MMP_moe,TS,svm_radial,pt,22,1,1,25859,0.05,no_leakage_v1_alpha005,gate_all_sources_proxy_source_only_final_training_only,mmd,,,,,moe,coral,near_nearest_proxy,anchor,3.0,4,4test,second_nearest_fallback_source,False,1.0,1.0,direct,0.21003227157387158,0.17498036553737395,0.25018756520293145
1,bnci004,MMP_moe,TS,svm_radial,pt,22,1,1,25859,0.05,no_leakage_v1_alpha005,gate_all_sources_proxy_source_only_final_training_only,mmd,,,,,moe,coral,near_nearest_proxy,final,3.0,4,4test,not_used,False,,1.0,direct,0.21003227157387158,0.17498036553737395,0.25018756520293145
1,bnci004,MMP_moe,TS,svm_radial,pt,22,1,1,25859,0.05,no_leakage_v1_alpha005,gate_all_sources_proxy_source_only_final_training_only,mmd,,,,,moe,coral,near_nearest_proxy,main,,1,1train,target,False,,,,,,
1,bnci004,MMP_moe,TS,svm_radial,pt,22,1,1,25859,0.05,no_leakage_v1_alpha005,gate_all_sources_proxy_source_only_final_training_only,mmd,,,,,moe,coral,near_nearest_proxy,final,,1,1train,target,False,,,,,,
1,bnci004,MMP_moe,TS,svm_radial,pt,22,2,2,25890,0.05,no_leakage_v1_alpha005,gate_all_sources_proxy_source_only_final_training_only,mmd,,,,,moe,coral,near_nearest_proxy,main,0.0,0,0train,near,False,0.25570846866775854,2.0,direct,0.11092680266848141,0.09162343204351513,0.13158853062912038
1,bnci004,MMP_moe,TS,svm_radial,pt,22,2,2,25890,0.05,no_leakage_v1_alpha005,gate_all_sources_proxy_source_only_final_training_only,mmd,,,,,moe,coral,near_nearest_proxy,anchor,0.0,0,0train,proxy_source,False,0.3466406416201698,2.0,direct,0.11092680266848141,0.09162343204351513,0.13158853062912038
1,bnci004,MMP_moe,TS,svm_radial,pt,22,2,2,25890,0.05,no_leakage_v1_alpha005,gate_all_sources_proxy_source_only_final_training_only,mmd,,,,,moe,coral,near_nearest_proxy,final,0.0,0,0train,train,False,0.25570846866775854,2.0,direct,0.11092680266848141,0.09162343204351513,0.13158853062912038
1,bnci004,MMP_moe,TS,svm_radial,pt,22,2,2,25890,0.05,no_leakage_v1_alpha005,gate_all_sources_proxy_source_only_final_training_only,mmd,,,,,moe,coral,near_nearest_proxy,main,1.0,1,1train,near,False,0.23930626880638145,2.0,direct,0.11852986295865678,0.10033691760660476,0.13745092935281636
1,bnci004,MMP_moe,TS,svm_radial,pt,22,2,2,25890,0.05,no_leakage_v1_alpha005,gate_all_sources_proxy_source_only_final_training_only,mmd,,,,,moe,coral,near_nearest_proxy,anchor,1.0,1,1train,proxy_source,False,0.3244056757093716,2.0,direct,0.11852986295865678,0.10033691760660476,0.13745092935281636
1,bnci004,MMP_moe,TS,svm_radial,pt,22,2,2,25890,0.05,no_leakage_v1_alpha005,gate_all_sources_proxy_source_only_final_training_only,mmd,,,,,moe,coral,near_nearest_proxy,final,1.0,1,1train,train,False,0.23930626880638145,2.0,direct,0.11852986295865678,0.10033691760660476,0.13745092935281636
1,bnci004,MMP_moe,TS,svm_radial,pt,22,2,2,25890,0.05,no_leakage_v1_alpha005,gate_all_sources_proxy_source_only_final_training_only,mmd,,,,,moe,coral,near_nearest_proxy,main,2.0,3,3test,nearest,True,0.262324038310689,2.0,direct,0.1081293060737491,0.08486736313891793,0.1376241675485288
1,bnci004,MMP_moe,TS,svm_radial,pt,22,2,2,25890,0.05,no_leakage_v1_alpha005,gate_all_sources_proxy_source_only_final_training_only,mmd,,,,,moe,coral,near_nearest_proxy,anchor,2.0,3,3test,target,False,,2.0,direct,0.1081293060737491,0.08486736313891793,0.1376241675485288
1,bnci004,MMP_moe,TS,svm_radial,pt,22,2,2,25890,0.05,no_leakage_v1_alpha005,gate_all_sources_proxy_source_only_final_training_only,mmd,,,,,moe,coral,near_nearest_proxy,final,2.0,3,3test,train,True,0.262324038310689,2.0,direct,0.1081293060737491,0.08486736313891793,0.1376241675485288
1,bnci004,MMP_moe,TS,svm_radial,pt,22,2,2,25890,0.05,no_leakage_v1_alpha005,gate_all_sources_proxy_source_only_final_training_only,mmd,,,,,moe,coral,near_nearest_proxy,main,3.0,4,4test,near,False,0.24266122421517106,2.0,direct,0.11689109367824212,0.09689177076965698,0.14145762352565328
1,bnci004,MMP_moe,TS,svm_radial,pt,22,2,2,25890,0.05,no_leakage_v1_alpha005,gate_all_sources_proxy_source_only_final_training_only,mmd,,,,,moe,coral,near_nearest_proxy,anchor,3.0,4,4test,proxy_source,False,0.32895368267045866,2.0,direct,0.11689109367824212,0.09689177076965698,0.14145762352565328
1,bnci004,MMP_moe,TS,svm_radial,pt,22,2,2,25890,0.05,no_leakage_v1_alpha005,gate_all_sources_proxy_source_only_final_training_only,mmd,,,,,moe,coral,near_nearest_proxy,final,3.0,4,4test,train,False,0.24266122421517106,2.0,direct,0.11689109367824212,0.09689177076965698,0.14145762352565328
1,bnci004,MMP_moe,TS,svm_radial,pt,22,2,2,25890,0.05,no_leakage_v1_alpha005,gate_all_sources_proxy_source_only_final_training_only,mmd,,,,,moe,coral,near_nearest_proxy,main,,2,2train,target,False,,,,,,
1,bnci004,MMP_moe,TS,svm_radial,pt,22,2,2,25890,0.05,no_leakage_v1_alpha005,gate_all_sources_proxy_source_only_final_training_only,mmd,,,,,moe,coral,near_nearest_proxy,final,,2,2train,target,False,,,,,,
1,bnci004,MMP_moe,TS,svm_radial,pt,22,3,3,25921,0.05,no_leakage_v1_alpha005,gate_all_sources_proxy_source_only_final_training_only,mmd,,,,,moe,coral,near_nearest_proxy,main,0.0,0,0train,far,False,,3.0,direct,0.16497480248781152,0.13953551656807328,0.19333473432811923
1,bnci004,MMP_moe,TS,svm_radial,pt,22,3,3,25921,0.05,no_leakage_v1_alpha005,gate_all_sources_proxy_source_only_final_training_only,mmd,,,,,moe,coral,near_nearest_proxy,anchor,0.0,0,0train,not_used,False,,3.0,direct,0.16497480248781152,0.13953551656807328,0.19333473432811923
1,bnci004,MMP_moe,TS,svm_radial,pt,22,3,3,25921,0.05,no_leakage_v1_alpha005,gate_all_sources_proxy_source_only_final_training_only,mmd,,,,,moe,coral,near_nearest_proxy,final,0.0,0,0train,not_used,False,,3.0,direct,0.16497480248781152,0.13953551656807328,0.19333473432811923
1,bnci004,MMP_moe,TS,svm_radial,pt,22,3,3,25921,0.05,no_leakage_v1_alpha005,gate_all_sources_proxy_source_only_final_training_only,mmd,,,,,moe,coral,near_nearest_proxy,main,1.0,1,1train,far,False,,3.0,direct,0.17856505432215541,0.15529620746158768,0.20622862293186422
1,bnci004,MMP_moe,TS,svm_radial,pt,22,3,3,25921,0.05,no_leakage_v1_alpha005,gate_all_sources_proxy_source_only_final_training_only,mmd,,,,,moe,coral,near_nearest_proxy,anchor,1.0,1,1train,not_used,False,,3.0,direct,0.17856505432215541,0.15529620746158768,0.20622862293186422
1,bnci004,MMP_moe,TS,svm_radial,pt,22,3,3,25921,0.05,no_leakage_v1_alpha005,gate_all_sources_proxy_source_only_final_training_only,mmd,,,,,moe,coral,near_nearest_proxy,final,1.0,1,1train,not_used,False,,3.0,direct,0.17856505432215541,0.15529620746158768,0.20622862293186422
1,bnci004,MMP_moe,TS,svm_radial,pt,22,3,3,25921,0.05,no_leakage_v1_alpha005,gate_all_sources_proxy_source_only_final_training_only,mmd,,,,,moe,coral,near_nearest_proxy,main,2.0,2,2train,nearest,True,0.5830862266598404,3.0,direct,0.10963997238746323,0.08663962685917632,0.13756984536025144
1,bnci004,MMP_moe,TS,svm_radial,pt,22,3,3,25921,0.05,no_leakage_v1_alpha005,gate_all_sources_proxy_source_only_final_training_only,mmd,,,,,moe,coral,near_nearest_proxy,anchor,2.0,2,2train,target,False,,3.0,direct,0.10963997238746323,0.08663962685917632,0.13756984536025144
1,bnci004,MMP_moe,TS,svm_radial,pt,22,3,3,25921,0.05,no_leakage_v1_alpha005,gate_all_sources_proxy_source_only_final_training_only,mmd,,,,,moe,coral,near_nearest_proxy,final,2.0,2,2train,train,True,0.5830862266598404,3.0,direct,0.10963997238746323,0.08663962685917632,0.13756984536025144
1,bnci004,MMP_moe,TS,svm_radial,pt,22,3,3,25921,0.05,no_leakage_v1_alpha005,gate_all_sources_proxy_source_only_final_training_only,mmd,,,,,moe,coral,near_nearest_proxy,main,3.0,4,4test,near,False,0.4169137733401595,3.0,direct,0.1533403980654488,0.12915482918200216,0.18010206398925097
1,bnci004,MMP_moe,TS,svm_radial,pt,22,3,3,25921,0.05,no_leakage_v1_alpha005,gate_all_sources_proxy_source_only_final_training_only,mmd,,,,,moe,coral,near_nearest_proxy,anchor,3.0,4,4test,proxy_source,False,1.0,3.0,direct,0.1533403980654488,0.12915482918200216,0.18010206398925097
1,bnci004,MMP_moe,TS,svm_radial,pt,22,3,3,25921,0.05,no_leakage_v1_alpha005,gate_all_sources_proxy_source_only_final_training_only,mmd,,,,,moe,coral,near_nearest_proxy,final,3.0,4,4test,train,False,0.4169137733401595,3.0,direct,0.1533403980654488,0.12915482918200216,0.18010206398925097
1,bnci004,MMP_moe,TS,svm_radial,pt,22,3,3,25921,0.05,no_leakage_v1_alpha005,gate_all_sources_proxy_source_only_final_training_only,mmd,,,,,moe,coral,near_nearest_proxy,main,,3,3test,target,False,,,,,,
1,bnci004,MMP_moe,TS,svm_radial,pt,22,3,3,25921,0.05,no_leakage_v1_alpha005,gate_all_sources_proxy_source_only_final_training_only,mmd,,,,,moe,coral,near_nearest_proxy,final,,3,3test,target,False,,,,,,
1,bnci004,MMP_moe,TS,svm_radial,pt,22,4,4,25952,0.05,no_leakage_v1_alpha005,gate_all_sources_proxy_source_only_final_training_only,mmd,,,,,moe,coral,near_nearest_proxy,main,0.0,0,0train,nearest,True,0.3815131187660434,4.0,direct,0.11259442903243265,0.08864667513843817,0.14076885943432113
1,bnci004,MMP_moe,TS,svm_radial,pt,22,4,4,25952,0.05,no_leakage_v1_alpha005,gate_all_sources_proxy_source_only_final_training_only,mmd,,,,,moe,coral,near_nearest_proxy,anchor,0.0,0,0train,target,False,,4.0,direct,0.11259442903243265,0.08864667513843817,0.14076885943432113
1,bnci004,MMP_moe,TS,svm_radial,pt,22,4,4,25952,0.05,no_leakage_v1_alpha005,gate_all_sources_proxy_source_only_final_training_only,mmd,,,,,moe,coral,near_nearest_proxy,final,0.0,0,0train,train,True,0.3815131187660434,4.0,direct,0.11259442903243265,0.08864667513843817,0.14076885943432113
1,bnci004,MMP_moe,TS,svm_radial,pt,22,4,4,25952,0.05,no_leakage_v1_alpha005,gate_all_sources_proxy_source_only_final_training_only,mmd,,,,,moe,coral,near_nearest_proxy,main,1.0,1,1train,near,False,0.27868798914776716,4.0,direct,0.15413780382978198,0.12867181498705396,0.18527665788548417
1,bnci004,MMP_moe,TS,svm_radial,pt,22,4,4,25952,0.05,no_leakage_v1_alpha005,gate_all_sources_proxy_source_only_final_training_only,mmd,,,,,moe,coral,near_nearest_proxy,anchor,1.0,1,1train,proxy_source,False,0.45059644368163587,4.0,direct,0.15413780382978198,0.12867181498705396,0.18527665788548417
1,bnci004,MMP_moe,TS,svm_radial,pt,22,4,4,25952,0.05,no_leakage_v1_alpha005,gate_all_sources_proxy_source_only_final_training_only,mmd,,,,,moe,coral,near_nearest_proxy,final,1.0,1,1train,train,False,0.27868798914776716,4.0,direct,0.15413780382978198,0.12867181498705396,0.18527665788548417
1,bnci004,MMP_moe,TS,svm_radial,pt,22,4,4,25952,0.05,no_leakage_v1_alpha005,gate_all_sources_proxy_source_only_final_training_only,mmd,,,,,moe,coral,near_nearest_proxy,main,2.0,2,2train,near,False,0.3397988920861894,4.0,direct,0.12641681444675285,0.10643092128382746,0.1461678143811023
1,bnci004,MMP_moe,TS,svm_radial,pt,22,4,4,25952,0.05,no_leakage_v1_alpha005,gate_all_sources_proxy_source_only_final_training_only,mmd,,,,,moe,coral,near_nearest_proxy,anchor,2.0,2,2train,proxy_source,False,0.549403556318364,4.0,direct,0.12641681444675285,0.10643092128382746,0.1461678143811023
1,bnci004,MMP_moe,TS,svm_radial,pt,22,4,4,25952,0.05,no_leakage_v1_alpha005,gate_all_sources_proxy_source_only_final_training_only,mmd,,,,,moe,coral,near_nearest_proxy,final,2.0,2,2train,train,False,0.3397988920861894,4.0,direct,0.12641681444675285,0.10643092128382746,0.1461678143811023
1,bnci004,MMP_moe,TS,svm_radial,pt,22,4,4,25952,0.05,no_leakage_v1_alpha005,gate_all_sources_proxy_source_only_final_training_only,mmd,,,,,moe,coral,near_nearest_proxy,main,3.0,3,3test,far,False,,4.0,direct,0.23873908682571077,0.18876530200049207,0.2896900105964776
1,bnci004,MMP_moe,TS,svm_radial,pt,22,4,4,25952,0.05,no_leakage_v1_alpha005,gate_all_sources_proxy_source_only_final_training_only,mmd,,,,,moe,coral,near_nearest_proxy,anchor,3.0,3,3test,not_used,False,,4.0,direct,0.23873908682571077,0.18876530200049207,0.2896900105964776
1,bnci004,MMP_moe,TS,svm_radial,pt,22,4,4,25952,0.05,no_leakage_v1_alpha005,gate_all_sources_proxy_source_only_final_training_only,mmd,,,,,moe,coral,near_nearest_proxy,final,3.0,3,3test,not_used,False,,4.0,direct,0.23873908682571077,0.18876530200049207,0.2896900105964776
1,bnci004,MMP_moe,TS,svm_radial,pt,22,4,4,25952,0.05,no_leakage_v1_alpha005,gate_all_sources_proxy_source_only_final_training_only,mmd,,,,,moe,coral,near_nearest_proxy,main,,4,4test,target,False,,,,,,
1,bnci004,MMP_moe,TS,svm_radial,pt,22,4,4,25952,0.05,no_leakage_v1_alpha005,gate_all_sources_proxy_source_only_final_training_only,mmd,,,,,moe,coral,near_nearest_proxy,final,,4,4test,target,False,,,,,,
1,bnci004,MMP_moe,TS,svm_radial,coral,23,0,0,26825,0.05,no_leakage_v1_alpha005,gate_all_sources_proxy_source_only_final_training_only,mmd,,,,,moe,coral,near_nearest_proxy,main,0.0,1,1train,nearest,True,0.5730883834192262,0.0,direct,0.1380261035123496,0.11187447604345774,0.1652025646599824
1,bnci004,MMP_moe,TS,svm_radial,coral,23,0,0,26825,0.05,no_leakage_v1_alpha005,gate_all_sources_proxy_source_only_final_training_only,mmd,,,,,moe,coral,near_nearest_proxy,anchor,0.0,1,1train,target,False,,0.0,direct,0.1380261035123496,0.11187447604345774,0.1652025646599824
1,bnci004,MMP_moe,TS,svm_radial,coral,23,0,0,26825,0.05,no_leakage_v1_alpha005,gate_all_sources_proxy_source_only_final_training_only,mmd,,,,,moe,coral,near_nearest_proxy,final,0.0,1,1train,train,True,0.5730883834192262,0.0,direct,0.1380261035123496,0.11187447604345774,0.1652025646599824
1,bnci004,MMP_moe,TS,svm_radial,coral,23,0,0,26825,0.05,no_leakage_v1_alpha005,gate_all_sources_proxy_source_only_final_training_only,mmd,,,,,moe,coral,near_nearest_proxy,main,1.0,2,2train,far,False,,0.0,direct,0.2676224950749826,0.21735282792452196,0.32854215736539855
1,bnci004,MMP_moe,TS,svm_radial,coral,23,0,0,26825,0.05,no_leakage_v1_alpha005,gate_all_sources_proxy_source_only_final_training_only,mmd,,,,,moe,coral,near_nearest_proxy,anchor,1.0,2,2train,not_used,False,,0.0,direct,0.2676224950749826,0.21735282792452196,0.32854215736539855
1,bnci004,MMP_moe,TS,svm_radial,coral,23,0,0,26825,0.05,no_leakage_v1_alpha005,gate_all_sources_proxy_source_only_final_training_only,mmd,,,,,moe,coral,near_nearest_proxy,final,1.0,2,2train,not_used,False,,0.0,direct,0.2676224950749826,0.21735282792452196,0.32854215736539855
1,bnci004,MMP_moe,TS,svm_radial,coral,23,0,0,26825,0.05,no_leakage_v1_alpha005,gate_all_sources_proxy_source_only_final_training_only,mmd,,,,,moe,coral,near_nearest_proxy,main,2.0,3,3test,far,False,,0.0,direct,0.4399389721072713,0.38085185141572286,0.5114737314000647
1,bnci004,MMP_moe,TS,svm_radial,coral,23,0,0,26825,0.05,no_leakage_v1_alpha005,gate_all_sources_proxy_source_only_final_training_only,mmd,,,,,moe,coral,near_nearest_proxy,anchor,2.0,3,3test,not_used,False,,0.0,direct,0.4399389721072713,0.38085185141572286,0.5114737314000647
1,bnci004,MMP_moe,TS,svm_radial,coral,23,0,0,26825,0.05,no_leakage_v1_alpha005,gate_all_sources_proxy_source_only_final_training_only,mmd,,,,,moe,coral,near_nearest_proxy,final,2.0,3,3test,not_used,False,,0.0,direct,0.4399389721072713,0.38085185141572286,0.5114737314000647
1,bnci004,MMP_moe,TS,svm_radial,coral,23,0,0,26825,0.05,no_leakage_v1_alpha005,gate_all_sources_proxy_source_only_final_training_only,mmd,,,,,moe,coral,near_nearest_proxy,main,3.0,4,4test,near,False,0.4269116165807738,0.0,direct,0.18528730452887004,0.13643005987446552,0.24661507303009428
1,bnci004,MMP_moe,TS,svm_radial,coral,23,0,0,26825,0.05,no_leakage_v1_alpha005,gate_all_sources_proxy_source_only_final_training_only,mmd,,,,,moe,coral,near_nearest_proxy,anchor,3.0,4,4test,proxy_source,False,1.0,0.0,direct,0.18528730452887004,0.13643005987446552,0.24661507303009428
1,bnci004,MMP_moe,TS,svm_radial,coral,23,0,0,26825,0.05,no_leakage_v1_alpha005,gate_all_sources_proxy_source_only_final_training_only,mmd,,,,,moe,coral,near_nearest_proxy,final,3.0,4,4test,train,False,0.4269116165807738,0.0,direct,0.18528730452887004,0.13643005987446552,0.24661507303009428
1,bnci004,MMP_moe,TS,svm_radial,coral,23,0,0,26825,0.05,no_leakage_v1_alpha005,gate_all_sources_proxy_source_only_final_training_only,mmd,,,,,moe,coral,near_nearest_proxy,main,,0,0train,target,False,,,,,,
1,bnci004,MMP_moe,TS,svm_radial,coral,23,0,0,26825,0.05,no_leakage_v1_alpha005,gate_all_sources_proxy_source_only_final_training_only,mmd,,,,,moe,coral,near_nearest_proxy,final,,0,0train,target,False,,,,,,
1,bnci004,MMP_moe,TS,svm_radial,coral,23,1,1,26856,0.05,no_leakage_v1_alpha005,gate_all_sources_proxy_source_only_final_training_only,mmd,,,,,moe,coral,near_nearest_proxy,main,0.0,0,0train,nearest,True,1.0,1.0,direct,0.1190653793042119,0.09956567587473442,0.14126167080177165
1,bnci004,MMP_moe,TS,svm_radial,coral,23,1,1,26856,0.05,no_leakage_v1_alpha005,gate_all_sources_proxy_source_only_final_training_only,mmd,,,,,moe,coral,near_nearest_proxy,anchor,0.0,0,0train,target,False,,1.0,direct,0.1190653793042119,0.09956567587473442,0.14126167080177165
1,bnci004,MMP_moe,TS,svm_radial,coral,23,1,1,26856,0.05,no_leakage_v1_alpha005,gate_all_sources_proxy_source_only_final_training_only,mmd,,,,,moe,coral,near_nearest_proxy,final,0.0,0,0train,train,True,1.0,1.0,direct,0.1190653793042119,0.09956567587473442,0.14126167080177165
1,bnci004,MMP_moe,TS,svm_radial,coral,23,1,1,26856,0.05,no_leakage_v1_alpha005,gate_all_sources_proxy_source_only_final_training_only,mmd,,,,,moe,coral,near_nearest_proxy,main,1.0,2,2train,far,False,,1.0,direct,0.24160697355993604,0.2020788617657537,0.2850108610192179
1,bnci004,MMP_moe,TS,svm_radial,coral,23,1,1,26856,0.05,no_leakage_v1_alpha005,gate_all_sources_proxy_source_only_final_training_only,mmd,,,,,moe,coral,near_nearest_proxy,anchor,1.0,2,2train,not_used,False,,1.0,direct,0.24160697355993604,0.2020788617657537,0.2850108610192179
1,bnci004,MMP_moe,TS,svm_radial,coral,23,1,1,26856,0.05,no_leakage_v1_alpha005,gate_all_sources_proxy_source_only_final_training_only,mmd,,,,,moe,coral,near_nearest_proxy,final,1.0,2,2train,not_used,False,,1.0,direct,0.24160697355993604,0.2020788617657537,0.2850108610192179
1,bnci004,MMP_moe,TS,svm_radial,coral,23,1,1,26856,0.05,no_leakage_v1_alpha005,gate_all_sources_proxy_source_only_final_training_only,mmd,,,,,moe,coral,near_nearest_proxy,main,2.0,3,3test,far,False,,1.0,direct,0.4493945342526415,0.3889439583035457,0.5047445696171932
1,bnci004,MMP_moe,TS,svm_radial,coral,23,1,1,26856,0.05,no_leakage_v1_alpha005,gate_all_sources_proxy_source_only_final_training_only,mmd,,,,,moe,coral,near_nearest_proxy,anchor,2.0,3,3test,not_used,False,,1.0,direct,0.4493945342526415,0.3889439583035457,0.5047445696171932
1,bnci004,MMP_moe,TS,svm_radial,coral,23,1,1,26856,0.05,no_leakage_v1_alpha005,gate_all_sources_proxy_source_only_final_training_only,mmd,,,,,moe,coral,near_nearest_proxy,final,2.0,3,3test,not_used,False,,1.0,direct,0.4493945342526415,0.3889439583035457,0.5047445696171932
1,bnci004,MMP_moe,TS,svm_radial,coral,23,1,1,26856,0.05,no_leakage_v1_alpha005,gate_all_sources_proxy_source_only_final_training_only,mmd,,,,,moe,coral,near_nearest_proxy,main,3.0,4,4test,far,False,,1.0,direct,0.2107661105485313,0.1711172642532632,0.24625463696272093
1,bnci004,MMP_moe,TS,svm_radial,coral,23,1,1,26856,0.05,no_leakage_v1_alpha005,gate_all_sources_proxy_source_only_final_training_only,mmd,,,,,moe,coral,near_nearest_proxy,anchor,3.0,4,4test,second_nearest_fallback_source,False,1.0,1.0,direct,0.2107661105485313,0.1711172642532632,0.24625463696272093
1,bnci004,MMP_moe,TS,svm_radial,coral,23,1,1,26856,0.05,no_leakage_v1_alpha005,gate_all_sources_proxy_source_only_final_training_only,mmd,,,,,moe,coral,near_nearest_proxy,final,3.0,4,4test,not_used,False,,1.0,direct,0.2107661105485313,0.1711172642532632,0.24625463696272093
1,bnci004,MMP_moe,TS,svm_radial,coral,23,1,1,26856,0.05,no_leakage_v1_alpha005,gate_all_sources_proxy_source_only_final_training_only,mmd,,,,,moe,coral,near_nearest_proxy,main,,1,1train,target,False,,,,,,
1,bnci004,MMP_moe,TS,svm_radial,coral,23,1,1,26856,0.05,no_leakage_v1_alpha005,gate_all_sources_proxy_source_only_final_training_only,mmd,,,,,moe,coral,near_nearest_proxy,final,,1,1train,target,False,,,,,,
1,bnci004,MMP_moe,TS,svm_radial,coral,23,2,2,26887,0.05,no_leakage_v1_alpha005,gate_all_sources_proxy_source_only_final_training_only,mmd,,,,,moe,coral,near_nearest_proxy,main,0.0,0,0train,near,False,0.25133533947961423,2.0,direct,0.11266093415728033,0.09262356012865086,0.13505293924217648
1,bnci004,MMP_moe,TS,svm_radial,coral,23,2,2,26887,0.05,no_leakage_v1_alpha005,gate_all_sources_proxy_source_only_final_training_only,mmd,,,,,moe,coral,near_nearest_proxy,anchor,0.0,0,0train,proxy_source,False,0.34227564199234395,2.0,direct,0.11266093415728033,0.09262356012865086,0.13505293924217648
1,bnci004,MMP_moe,TS,svm_radial,coral,23,2,2,26887,0.05,no_leakage_v1_alpha005,gate_all_sources_proxy_source_only_final_training_only,mmd,,,,,moe,coral,near_nearest_proxy,final,0.0,0,0train,train,False,0.25133533947961423,2.0,direct,0.11266093415728033,0.09262356012865086,0.13505293924217648
1,bnci004,MMP_moe,TS,svm_radial,coral,23,2,2,26887,0.05,no_leakage_v1_alpha005,gate_all_sources_proxy_source_only_final_training_only,mmd,,,,,moe,coral,near_nearest_proxy,main,1.0,1,1train,near,False,0.23972002366713704,2.0,direct,0.11811981875633404,0.10007723227096386,0.13826647612265439
1,bnci004,MMP_moe,TS,svm_radial,coral,23,2,2,26887,0.05,no_leakage_v1_alpha005,gate_all_sources_proxy_source_only_final_training_only,mmd,,,,,moe,coral,near_nearest_proxy,anchor,1.0,1,1train,proxy_source,False,0.3264575732524248,2.0,direct,0.11811981875633404,0.10007723227096386,0.13826647612265439
1,bnci004,MMP_moe,TS,svm_radial,coral,23,2,2,26887,0.05,no_leakage_v1_alpha005,gate_all_sources_proxy_source_only_final_training_only,mmd,,,,,moe,coral,near_nearest_proxy,final,1.0,1,1train,train,False,0.23972002366713704,2.0,direct,0.11811981875633404,0.10007723227096386,0.13826647612265439
1,bnci004,MMP_moe,TS,svm_radial,coral,23,2,2,26887,0.05,no_leakage_v1_alpha005,gate_all_sources_proxy_source_only_final_training_only,mmd,,,,,moe,coral,near_nearest_proxy,main,2.0,3,3test,nearest,True,0.26569317636328865,2.0,direct,0.1065727775257463,0.08358224244135655,0.13715862689305897
1,bnci004,MMP_moe,TS,svm_radial,coral,23,2,2,26887,0.05,no_leakage_v1_alpha005,gate_all_sources_proxy_source_only_final_training_only,mmd,,,,,moe,coral,near_nearest_proxy,anchor,2.0,3,3test,target,False,,2.0,direct,0.1065727775257463,0.08358224244135655,0.13715862689305897
1,bnci004,MMP_moe,TS,svm_radial,coral,23,2,2,26887,0.05,no_leakage_v1_alpha005,gate_all_sources_proxy_source_only_final_training_only,mmd,,,,,moe,coral,near_nearest_proxy,final,2.0,3,3test,train,True,0.26569317636328865,2.0,direct,0.1065727775257463,0.08358224244135655,0.13715862689305897
1,bnci004,MMP_moe,TS,svm_radial,coral,23,2,2,26887,0.05,no_leakage_v1_alpha005,gate_all_sources_proxy_source_only_final_training_only,mmd,,,,,moe,coral,near_nearest_proxy,main,3.0,4,4test,near,False,0.24325146048996008,2.0,direct,0.11640498338367923,0.09815072293801377,0.13793938433565878
1,bnci004,MMP_moe,TS,svm_radial,coral,23,2,2,26887,0.05,no_leakage_v1_alpha005,gate_all_sources_proxy_source_only_final_training_only,mmd,,,,,moe,coral,near_nearest_proxy,anchor,3.0,4,4test,proxy_source,False,0.33126678475523136,2.0,direct,0.11640498338367923,0.09815072293801377,0.13793938433565878
1,bnci004,MMP_moe,TS,svm_radial,coral,23,2,2,26887,0.05,no_leakage_v1_alpha005,gate_all_sources_proxy_source_only_final_training_only,mmd,,,,,moe,coral,near_nearest_proxy,final,3.0,4,4test,train,False,0.24325146048996008,2.0,direct,0.11640498338367923,0.09815072293801377,0.13793938433565878
1,bnci004,MMP_moe,TS,svm_radial,coral,23,2,2,26887,0.05,no_leakage_v1_alpha005,gate_all_sources_proxy_source_only_final_training_only,mmd,,,,,moe,coral,near_nearest_proxy,main,,2,2train,target,False,,,,,,
1,bnci004,MMP_moe,TS,svm_radial,coral,23,2,2,26887,0.05,no_leakage_v1_alpha005,gate_all_sources_proxy_source_only_final_training_only,mmd,,,,,moe,coral,near_nearest_proxy,final,,2,2train,target,False,,,,,,
1,bnci004,MMP_moe,TS,svm_radial,coral,23,3,3,26918,0.05,no_leakage_v1_alpha005,gate_all_sources_proxy_source_only_final_training_only,mmd,,,,,moe,coral,near_nearest_proxy,main,0.0,0,0train,far,False,,3.0,direct,0.1668340072926415,0.14647851845211096,0.19167772005544872
1,bnci004,MMP_moe,TS,svm_radial,coral,23,3,3,26918,0.05,no_leakage_v1_alpha005,gate_all_sources_proxy_source_only_final_training_only,mmd,,,,,moe,coral,near_nearest_proxy,anchor,0.0,0,0train,not_used,False,,3.0,direct,0.1668340072926415,0.14647851845211096,0.19167772005544872
1,bnci004,MMP_moe,TS,svm_radial,coral,23,3,3,26918,0.05,no_leakage_v1_alpha005,gate_all_sources_proxy_source_only_final_training_only,mmd,,,,,moe,coral,near_nearest_proxy,final,0.0,0,0train,not_used,False,,3.0,direct,0.1668340072926415,0.14647851845211096,0.19167772005544872
1,bnci004,MMP_moe,TS,svm_radial,coral,23,3,3,26918,0.05,no_leakage_v1_alpha005,gate_all_sources_proxy_source_only_final_training_only,mmd,,,,,moe,coral,near_nearest_proxy,main,1.0,1,1train,far,False,,3.0,direct,0.17953362680704177,0.15419712096152166,0.2083239936762578
1,bnci004,MMP_moe,TS,svm_radial,coral,23,3,3,26918,0.05,no_leakage_v1_alpha005,gate_all_sources_proxy_source_only_final_training_only,mmd,,,,,moe,coral,near_nearest_proxy,anchor,1.0,1,1train,not_used,False,,3.0,direct,0.17953362680704177,0.15419712096152166,0.2083239936762578
1,bnci004,MMP_moe,TS,svm_radial,coral,23,3,3,26918,0.05,no_leakage_v1_alpha005,gate_all_sources_proxy_source_only_final_training_only,mmd,,,,,moe,coral,near_nearest_proxy,final,1.0,1,1train,not_used,False,,3.0,direct,0.17953362680704177,0.15419712096152166,0.2083239936762578
1,bnci004,MMP_moe,TS,svm_radial,coral,23,3,3,26918,0.05,no_leakage_v1_alpha005,gate_all_sources_proxy_source_only_final_training_only,mmd,,,,,moe,coral,near_nearest_proxy,main,2.0,2,2train,nearest,True,0.588500329012148,3.0,direct,0.10706804029826429,0.08136721842499392,0.13636408480229126
1,bnci004,MMP_moe,TS,svm_radial,coral,23,3,3,26918,0.05,no_leakage_v1_alpha005,gate_all_sources_proxy_source_only_final_training_only,mmd,,,,,moe,coral,near_nearest_proxy,anchor,2.0,2,2train,target,False,,3.0,direct,0.10706804029826429,0.08136721842499392,0.13636408480229126
1,bnci004,MMP_moe,TS,svm_radial,coral,23,3,3,26918,0.05,no_leakage_v1_alpha005,gate_all_sources_proxy_source_only_final_training_only,mmd,,,,,moe,coral,near_nearest_proxy,final,2.0,2,2train,train,True,0.588500329012148,3.0,direct,0.10706804029826429,0.08136721842499392,0.13636408480229126
1,bnci004,MMP_moe,TS,svm_radial,coral,23,3,3,26918,0.05,no_leakage_v1_alpha005,gate_all_sources_proxy_source_only_final_training_only,mmd,,,,,moe,coral,near_nearest_proxy,main,3.0,4,4test,near,False,0.411499670987852,3.0,direct,0.15312224622588486,0.12848869490350515,0.1819883903000078
1,bnci004,MMP_moe,TS,svm_radial,coral,23,3,3,26918,0.05,no_leakage_v1_alpha005,gate_all_sources_proxy_source_only_final_training_only,mmd,,,,,moe,coral,near_nearest_proxy,anchor,3.0,4,4test,proxy_source,False,1.0,3.0,direct,0.15312224622588486,0.12848869490350515,0.1819883903000078
1,bnci004,MMP_moe,TS,svm_radial,coral,23,3,3,26918,0.05,no_leakage_v1_alpha005,gate_all_sources_proxy_source_only_final_training_only,mmd,,,,,moe,coral,near_nearest_proxy,final,3.0,4,4test,train,False,0.411499670987852,3.0,direct,0.15312224622588486,0.12848869490350515,0.1819883903000078
1,bnci004,MMP_moe,TS,svm_radial,coral,23,3,3,26918,0.05,no_leakage_v1_alpha005,gate_all_sources_proxy_source_only_final_training_only,mmd,,,,,moe,coral,near_nearest_proxy,main,,3,3test,target,False,,,,,,
1,bnci004,MMP_moe,TS,svm_radial,coral,23,3,3,26918,0.05,no_leakage_v1_alpha005,gate_all_sources_proxy_source_only_final_training_only,mmd,,,,,moe,coral,near_nearest_proxy,final,,3,3test,target,False,,,,,,
1,bnci004,MMP_moe,TS,svm_radial,coral,23,4,4,26949,0.05,no_leakage_v1_alpha005,gate_all_sources_proxy_source_only_final_training_only,mmd,,,,,moe,coral,near_nearest_proxy,main,0.0,0,0train,nearest,True,0.3834928260881789,4.0,direct,0.11184274716640472,0.08591829673775289,0.13802187445580535
1,bnci004,MMP_moe,TS,svm_radial,coral,23,4,4,26949,0.05,no_leakage_v1_alpha005,gate_all_sources_proxy_source_only_final_training_only,mmd,,,,,moe,coral,near_nearest_proxy,anchor,0.0,0,0train,target,False,,4.0,direct,0.11184274716640472,0.08591829673775289,0.13802187445580535
1,bnci004,MMP_moe,TS,svm_radial,coral,23,4,4,26949,0.05,no_leakage_v1_alpha005,gate_all_sources_proxy_source_only_final_training_only,mmd,,,,,moe,coral,near_nearest_proxy,final,0.0,0,0train,train,True,0.3834928260881789,4.0,direct,0.11184274716640472,0.08591829673775289,0.13802187445580535
1,bnci004,MMP_moe,TS,svm_radial,coral,23,4,4,26949,0.05,no_leakage_v1_alpha005,gate_all_sources_proxy_source_only_final_training_only,mmd,,,,,moe,coral,near_nearest_proxy,main,1.0,1,1train,near,False,0.2757252164018836,4.0,direct,0.15555704159246747,0.12886427672776696,0.18892328891335927
1,bnci004,MMP_moe,TS,svm_radial,coral,23,4,4,26949,0.05,no_leakage_v1_alpha005,gate_all_sources_proxy_source_only_final_training_only,mmd,,,,,moe,coral,near_nearest_proxy,anchor,1.0,1,1train,proxy_source,False,0.4472376447014718,4.0,direct,0.15555704159246747,0.12886427672776696,0.18892328891335927
1,bnci004,MMP_moe,TS,svm_radial,coral,23,4,4,26949,0.05,no_leakage_v1_alpha005,gate_all_sources_proxy_source_only_final_training_only,mmd,,,,,moe,coral,near_nearest_proxy,final,1.0,1,1train,train,False,0.2757252164018836,4.0,direct,0.15555704159246747,0.12886427672776696,0.18892328891335927
1,bnci004,MMP_moe,TS,svm_radial,coral,23,4,4,26949,0.05,no_leakage_v1_alpha005,gate_all_sources_proxy_source_only_final_training_only,mmd,,,,,moe,coral,near_nearest_proxy,main,2.0,2,2train,near,False,0.3407819575099376,4.0,direct,0.12586034252687228,0.1057005491540757,0.1524924831090157
1,bnci004,MMP_moe,TS,svm_radial,coral,23,4,4,26949,0.05,no_leakage_v1_alpha005,gate_all_sources_proxy_source_only_final_training_only,mmd,,,,,moe,coral,near_nearest_proxy,anchor,2.0,2,2train,proxy_source,False,0.5527623552985282,4.0,direct,0.12586034252687228,0.1057005491540757,0.1524924831090157
1,bnci004,MMP_moe,TS,svm_radial,coral,23,4,4,26949,0.05,no_leakage_v1_alpha005,gate_all_sources_proxy_source_only_final_training_only,mmd,,,,,moe,coral,near_nearest_proxy,final,2.0,2,2train,train,False,0.3407819575099376,4.0,direct,0.12586034252687228,0.1057005491540757,0.1524924831090157
1,bnci004,MMP_moe,TS,svm_radial,coral,23,4,4,26949,0.05,no_leakage_v1_alpha005,gate_all_sources_proxy_source_only_final_training_only,mmd,,,,,moe,coral,near_nearest_proxy,main,3.0,3,3test,far,False,,4.0,direct,0.23832318851290205,0.19198597870349376,0.27991546003047635
1,bnci004,MMP_moe,TS,svm_radial,coral,23,4,4,26949,0.05,no_leakage_v1_alpha005,gate_all_sources_proxy_source_only_final_training_only,mmd,,,,,moe,coral,near_nearest_proxy,anchor,3.0,3,3test,not_used,False,,4.0,direct,0.23832318851290205,0.19198597870349376,0.27991546003047635
1,bnci004,MMP_moe,TS,svm_radial,coral,23,4,4,26949,0.05,no_leakage_v1_alpha005,gate_all_sources_proxy_source_only_final_training_only,mmd,,,,,moe,coral,near_nearest_proxy,final,3.0,3,3test,not_used,False,,4.0,direct,0.23832318851290205,0.19198597870349376,0.27991546003047635
1,bnci004,MMP_moe,TS,svm_radial,coral,23,4,4,26949,0.05,no_leakage_v1_alpha005,gate_all_sources_proxy_source_only_final_training_only,mmd,,,,,moe,coral,near_nearest_proxy,main,,4,4test,target,False,,,,,,
1,bnci004,MMP_moe,TS,svm_radial,coral,23,4,4,26949,0.05,no_leakage_v1_alpha005,gate_all_sources_proxy_source_only_final_training_only,mmd,,,,,moe,coral,near_nearest_proxy,final,,4,4test,target,False,,,,,,
