subject,dataset,pipeline,feature,classifier,da,method_row,pair_id,target_id,seed_used,ci_alpha,code_protocol_version,feature_fit_protocol,dist_type,partition_mode,proxy_direction,borrowed_local_idx,borrowed_abs_idx,combiner,harmonize,score_mode,stage,local_idx,session_abs_idx,session_label,role,is_best,weight,dist_to_session,dist_est_method,dist_est,dist_lwr,dist_upr
9,bnci004,MMP_merge_then_adapt,CSP,lda,none,0,0,0,3792,0.05,no_leakage_v1_alpha005,gate_all_sources_proxy_source_only_final_training_only,mmd,,,,,merge_then_adapt,coral,near_nearest_proxy,main,0.0,1,1train,nearest,True,1.0,0.0,direct,0.11093155515461177,0.0741798253180071,0.1479488281093727
9,bnci004,MMP_merge_then_adapt,CSP,lda,none,0,0,0,3792,0.05,no_leakage_v1_alpha005,gate_all_sources_proxy_source_only_final_training_only,mmd,,,,,merge_then_adapt,coral,near_nearest_proxy,anchor,0.0,1,1train,target,False,,0.0,direct,0.11093155515461177,0.0741798253180071,0.1479488281093727
9,bnci004,MMP_merge_then_adapt,CSP,lda,none,0,0,0,3792,0.05,no_leakage_v1_alpha005,gate_all_sources_proxy_source_only_final_training_only,mmd,,,,,merge_then_adapt,coral,near_nearest_proxy,final,0.0,1,1train,train,True,1.0,0.0,direct,0.11093155515461177,0.0741798253180071,0.1479488281093727
9,bnci004,MMP_merge_then_adapt,CSP,lda,none,0,0,0,3792,0.05,no_leakage_v1_alpha005,gate_all_sources_proxy_source_only_final_training_only,mmd,,,,,merge_then_adapt,coral,near_nearest_proxy,main,1.0,2,2train,far,False,,0.0,direct,0.5458085654465719,0.469537904167589,0.6117354707213364
9,bnci004,MMP_merge_then_adapt,CSP,lda,none,0,0,0,3792,0.05,no_leakage_v1_alpha005,gate_all_sources_proxy_source_only_final_training_only,mmd,,,,,merge_then_adapt,coral,near_nearest_proxy,anchor,1.0,2,2train,not_used,False,,0.0,direct,0.5458085654465719,0.469537904167589,0.6117354707213364
9,bnci004,MMP_merge_then_adapt,CSP,lda,none,0,0,0,3792,0.05,no_leakage_v1_alpha005,gate_all_sources_proxy_source_only_final_training_only,mmd,,,,,merge_then_adapt,coral,near_nearest_proxy,final,1.0,2,2train,not_used,False,,0.0,direct,0.5458085654465719,0.469537904167589,0.6117354707213364
9,bnci004,MMP_merge_then_adapt,CSP,lda,none,0,0,0,3792,0.05,no_leakage_v1_alpha005,gate_all_sources_proxy_source_only_final_training_only,mmd,,,,,merge_then_adapt,coral,near_nearest_proxy,main,2.0,3,3test,far,False,,0.0,direct,0.3686547787974523,0.2978088442252948,0.4469124940225476
9,bnci004,MMP_merge_then_adapt,CSP,lda,none,0,0,0,3792,0.05,no_leakage_v1_alpha005,gate_all_sources_proxy_source_only_final_training_only,mmd,,,,,merge_then_adapt,coral,near_nearest_proxy,anchor,2.0,3,3test,second_nearest_fallback_source,False,1.0,0.0,direct,0.3686547787974523,0.2978088442252948,0.4469124940225476
9,bnci004,MMP_merge_then_adapt,CSP,lda,none,0,0,0,3792,0.05,no_leakage_v1_alpha005,gate_all_sources_proxy_source_only_final_training_only,mmd,,,,,merge_then_adapt,coral,near_nearest_proxy,final,2.0,3,3test,not_used,False,,0.0,direct,0.3686547787974523,0.2978088442252948,0.4469124940225476
9,bnci004,MMP_merge_then_adapt,CSP,lda,none,0,0,0,3792,0.05,no_leakage_v1_alpha005,gate_all_sources_proxy_source_only_final_training_only,mmd,,,,,merge_then_adapt,coral,near_nearest_proxy,main,3.0,4,4test,far,False,,0.0,direct,0.46515883557012955,0.39929646685941395,0.5378448371144956
9,bnci004,MMP_merge_then_adapt,CSP,lda,none,0,0,0,3792,0.05,no_leakage_v1_alpha005,gate_all_sources_proxy_source_only_final_training_only,mmd,,,,,merge_then_adapt,coral,near_nearest_proxy,anchor,3.0,4,4test,not_used,False,,0.0,direct,0.46515883557012955,0.39929646685941395,0.5378448371144956
9,bnci004,MMP_merge_then_adapt,CSP,lda,none,0,0,0,3792,0.05,no_leakage_v1_alpha005,gate_all_sources_proxy_source_only_final_training_only,mmd,,,,,merge_then_adapt,coral,near_nearest_proxy,final,3.0,4,4test,not_used,False,,0.0,direct,0.46515883557012955,0.39929646685941395,0.5378448371144956
9,bnci004,MMP_merge_then_adapt,CSP,lda,none,0,0,0,3792,0.05,no_leakage_v1_alpha005,gate_all_sources_proxy_source_only_final_training_only,mmd,,,,,merge_then_adapt,coral,near_nearest_proxy,main,,0,0train,target,False,,,,,,
9,bnci004,MMP_merge_then_adapt,CSP,lda,none,0,0,0,3792,0.05,no_leakage_v1_alpha005,gate_all_sources_proxy_source_only_final_training_only,mmd,,,,,merge_then_adapt,coral,near_nearest_proxy,final,,0,0train,target,False,,,,,,
9,bnci004,MMP_merge_then_adapt,CSP,lda,none,0,1,1,3823,0.05,no_leakage_v1_alpha005,gate_all_sources_proxy_source_only_final_training_only,mmd,,,,,merge_then_adapt,coral,near_nearest_proxy,main,0.0,0,0train,nearest,True,1.0,1.0,direct,0.10721146694757787,0.07130492359986029,0.14587869188125854
9,bnci004,MMP_merge_then_adapt,CSP,lda,none,0,1,1,3823,0.05,no_leakage_v1_alpha005,gate_all_sources_proxy_source_only_final_training_only,mmd,,,,,merge_then_adapt,coral,near_nearest_proxy,anchor,0.0,0,0train,target,False,,1.0,direct,0.10721146694757787,0.07130492359986029,0.14587869188125854
9,bnci004,MMP_merge_then_adapt,CSP,lda,none,0,1,1,3823,0.05,no_leakage_v1_alpha005,gate_all_sources_proxy_source_only_final_training_only,mmd,,,,,merge_then_adapt,coral,near_nearest_proxy,final,0.0,0,0train,train,True,1.0,1.0,direct,0.10721146694757787,0.07130492359986029,0.14587869188125854
9,bnci004,MMP_merge_then_adapt,CSP,lda,none,0,1,1,3823,0.05,no_leakage_v1_alpha005,gate_all_sources_proxy_source_only_final_training_only,mmd,,,,,merge_then_adapt,coral,near_nearest_proxy,main,1.0,2,2train,far,False,,1.0,direct,0.41425960510958093,0.3438455090590548,0.49725429392316645
9,bnci004,MMP_merge_then_adapt,CSP,lda,none,0,1,1,3823,0.05,no_leakage_v1_alpha005,gate_all_sources_proxy_source_only_final_training_only,mmd,,,,,merge_then_adapt,coral,near_nearest_proxy,anchor,1.0,2,2train,not_used,False,,1.0,direct,0.41425960510958093,0.3438455090590548,0.49725429392316645
9,bnci004,MMP_merge_then_adapt,CSP,lda,none,0,1,1,3823,0.05,no_leakage_v1_alpha005,gate_all_sources_proxy_source_only_final_training_only,mmd,,,,,merge_then_adapt,coral,near_nearest_proxy,final,1.0,2,2train,not_used,False,,1.0,direct,0.41425960510958093,0.3438455090590548,0.49725429392316645
9,bnci004,MMP_merge_then_adapt,CSP,lda,none,0,1,1,3823,0.05,no_leakage_v1_alpha005,gate_all_sources_proxy_source_only_final_training_only,mmd,,,,,merge_then_adapt,coral,near_nearest_proxy,main,2.0,3,3test,far,False,,1.0,direct,0.2770590898417185,0.22230213510479827,0.34980898198780086
9,bnci004,MMP_merge_then_adapt,CSP,lda,none,0,1,1,3823,0.05,no_leakage_v1_alpha005,gate_all_sources_proxy_source_only_final_training_only,mmd,,,,,merge_then_adapt,coral,near_nearest_proxy,anchor,2.0,3,3test,not_used,False,,1.0,direct,0.2770590898417185,0.22230213510479827,0.34980898198780086
9,bnci004,MMP_merge_then_adapt,CSP,lda,none,0,1,1,3823,0.05,no_leakage_v1_alpha005,gate_all_sources_proxy_source_only_final_training_only,mmd,,,,,merge_then_adapt,coral,near_nearest_proxy,final,2.0,3,3test,not_used,False,,1.0,direct,0.2770590898417185,0.22230213510479827,0.34980898198780086
9,bnci004,MMP_merge_then_adapt,CSP,lda,none,0,1,1,3823,0.05,no_leakage_v1_alpha005,gate_all_sources_proxy_source_only_final_training_only,mmd,,,,,merge_then_adapt,coral,near_nearest_proxy,main,3.0,4,4test,far,False,,1.0,direct,0.2643765287338344,0.19874588887716033,0.33637876311481324
9,bnci004,MMP_merge_then_adapt,CSP,lda,none,0,1,1,3823,0.05,no_leakage_v1_alpha005,gate_all_sources_proxy_source_only_final_training_only,mmd,,,,,merge_then_adapt,coral,near_nearest_proxy,anchor,3.0,4,4test,second_nearest_fallback_source,False,1.0,1.0,direct,0.2643765287338344,0.19874588887716033,0.33637876311481324
9,bnci004,MMP_merge_then_adapt,CSP,lda,none,0,1,1,3823,0.05,no_leakage_v1_alpha005,gate_all_sources_proxy_source_only_final_training_only,mmd,,,,,merge_then_adapt,coral,near_nearest_proxy,final,3.0,4,4test,not_used,False,,1.0,direct,0.2643765287338344,0.19874588887716033,0.33637876311481324
9,bnci004,MMP_merge_then_adapt,CSP,lda,none,0,1,1,3823,0.05,no_leakage_v1_alpha005,gate_all_sources_proxy_source_only_final_training_only,mmd,,,,,merge_then_adapt,coral,near_nearest_proxy,main,,1,1train,target,False,,,,,,
9,bnci004,MMP_merge_then_adapt,CSP,lda,none,0,1,1,3823,0.05,no_leakage_v1_alpha005,gate_all_sources_proxy_source_only_final_training_only,mmd,,,,,merge_then_adapt,coral,near_nearest_proxy,final,,1,1train,target,False,,,,,,
9,bnci004,MMP_merge_then_adapt,CSP,lda,none,0,2,2,3854,0.05,no_leakage_v1_alpha005,gate_all_sources_proxy_source_only_final_training_only,mmd,,,,,merge_then_adapt,coral,near_nearest_proxy,main,0.0,0,0train,far,False,,2.0,direct,0.35484562865896185,0.3112511736694307,0.40062263257440783
9,bnci004,MMP_merge_then_adapt,CSP,lda,none,0,2,2,3854,0.05,no_leakage_v1_alpha005,gate_all_sources_proxy_source_only_final_training_only,mmd,,,,,merge_then_adapt,coral,near_nearest_proxy,anchor,0.0,0,0train,not_used,False,,2.0,direct,0.35484562865896185,0.3112511736694307,0.40062263257440783
9,bnci004,MMP_merge_then_adapt,CSP,lda,none,0,2,2,3854,0.05,no_leakage_v1_alpha005,gate_all_sources_proxy_source_only_final_training_only,mmd,,,,,merge_then_adapt,coral,near_nearest_proxy,final,0.0,0,0train,not_used,False,,2.0,direct,0.35484562865896185,0.3112511736694307,0.40062263257440783
9,bnci004,MMP_merge_then_adapt,CSP,lda,none,0,2,2,3854,0.05,no_leakage_v1_alpha005,gate_all_sources_proxy_source_only_final_training_only,mmd,,,,,merge_then_adapt,coral,near_nearest_proxy,main,1.0,1,1train,near,False,0.2930426187555933,2.0,direct,0.29898138386811324,0.2503488069815266,0.35782644944827174
9,bnci004,MMP_merge_then_adapt,CSP,lda,none,0,2,2,3854,0.05,no_leakage_v1_alpha005,gate_all_sources_proxy_source_only_final_training_only,mmd,,,,,merge_then_adapt,coral,near_nearest_proxy,anchor,1.0,1,1train,proxy_source,False,0.45557864020213445,2.0,direct,0.29898138386811324,0.2503488069815266,0.35782644944827174
9,bnci004,MMP_merge_then_adapt,CSP,lda,none,0,2,2,3854,0.05,no_leakage_v1_alpha005,gate_all_sources_proxy_source_only_final_training_only,mmd,,,,,merge_then_adapt,coral,near_nearest_proxy,final,1.0,1,1train,train,False,0.2930426187555933,2.0,direct,0.29898138386811324,0.2503488069815266,0.35782644944827174
9,bnci004,MMP_merge_then_adapt,CSP,lda,none,0,2,2,3854,0.05,no_leakage_v1_alpha005,gate_all_sources_proxy_source_only_final_training_only,mmd,,,,,merge_then_adapt,coral,near_nearest_proxy,main,2.0,3,3test,nearest,True,0.35676830980141216,2.0,direct,0.24557737207926575,0.19974427296044406,0.2926412832810383
9,bnci004,MMP_merge_then_adapt,CSP,lda,none,0,2,2,3854,0.05,no_leakage_v1_alpha005,gate_all_sources_proxy_source_only_final_training_only,mmd,,,,,merge_then_adapt,coral,near_nearest_proxy,anchor,2.0,3,3test,target,False,,2.0,direct,0.24557737207926575,0.19974427296044406,0.2926412832810383
9,bnci004,MMP_merge_then_adapt,CSP,lda,none,0,2,2,3854,0.05,no_leakage_v1_alpha005,gate_all_sources_proxy_source_only_final_training_only,mmd,,,,,merge_then_adapt,coral,near_nearest_proxy,final,2.0,3,3test,train,True,0.35676830980141216,2.0,direct,0.24557737207926575,0.19974427296044406,0.2926412832810383
9,bnci004,MMP_merge_then_adapt,CSP,lda,none,0,2,2,3854,0.05,no_leakage_v1_alpha005,gate_all_sources_proxy_source_only_final_training_only,mmd,,,,,merge_then_adapt,coral,near_nearest_proxy,main,3.0,4,4test,near,False,0.3501890714429946,2.0,direct,0.2501912186477035,0.20354315134639914,0.3088272280680392
9,bnci004,MMP_merge_then_adapt,CSP,lda,none,0,2,2,3854,0.05,no_leakage_v1_alpha005,gate_all_sources_proxy_source_only_final_training_only,mmd,,,,,merge_then_adapt,coral,near_nearest_proxy,anchor,3.0,4,4test,proxy_source,False,0.5444213597978655,2.0,direct,0.2501912186477035,0.20354315134639914,0.3088272280680392
9,bnci004,MMP_merge_then_adapt,CSP,lda,none,0,2,2,3854,0.05,no_leakage_v1_alpha005,gate_all_sources_proxy_source_only_final_training_only,mmd,,,,,merge_then_adapt,coral,near_nearest_proxy,final,3.0,4,4test,train,False,0.3501890714429946,2.0,direct,0.2501912186477035,0.20354315134639914,0.3088272280680392
9,bnci004,MMP_merge_then_adapt,CSP,lda,none,0,2,2,3854,0.05,no_leakage_v1_alpha005,gate_all_sources_proxy_source_only_final_training_only,mmd,,,,,merge_then_adapt,coral,near_nearest_proxy,main,,2,2train,target,False,,,,,,
9,bnci004,MMP_merge_then_adapt,CSP,lda,none,0,2,2,3854,0.05,no_leakage_v1_alpha005,gate_all_sources_proxy_source_only_final_training_only,mmd,,,,,merge_then_adapt,coral,near_nearest_proxy,final,,2,2train,target,False,,,,,,
9,bnci004,MMP_merge_then_adapt,CSP,lda,none,0,3,3,3885,0.05,no_leakage_v1_alpha005,gate_all_sources_proxy_source_only_final_training_only,mmd,,,,,merge_then_adapt,coral,near_nearest_proxy,main,0.0,0,0train,far,False,,3.0,direct,0.26474650076440914,0.22311152076576415,0.32181090219349134
9,bnci004,MMP_merge_then_adapt,CSP,lda,none,0,3,3,3885,0.05,no_leakage_v1_alpha005,gate_all_sources_proxy_source_only_final_training_only,mmd,,,,,merge_then_adapt,coral,near_nearest_proxy,anchor,0.0,0,0train,not_used,False,,3.0,direct,0.26474650076440914,0.22311152076576415,0.32181090219349134
9,bnci004,MMP_merge_then_adapt,CSP,lda,none,0,3,3,3885,0.05,no_leakage_v1_alpha005,gate_all_sources_proxy_source_only_final_training_only,mmd,,,,,merge_then_adapt,coral,near_nearest_proxy,final,0.0,0,0train,not_used,False,,3.0,direct,0.26474650076440914,0.22311152076576415,0.32181090219349134
9,bnci004,MMP_merge_then_adapt,CSP,lda,none,0,3,3,3885,0.05,no_leakage_v1_alpha005,gate_all_sources_proxy_source_only_final_training_only,mmd,,,,,merge_then_adapt,coral,near_nearest_proxy,main,1.0,1,1train,far,False,,3.0,direct,0.2197466128520173,0.17189783683129875,0.27155596983376246
9,bnci004,MMP_merge_then_adapt,CSP,lda,none,0,3,3,3885,0.05,no_leakage_v1_alpha005,gate_all_sources_proxy_source_only_final_training_only,mmd,,,,,merge_then_adapt,coral,near_nearest_proxy,anchor,1.0,1,1train,second_nearest_fallback_source,False,1.0,3.0,direct,0.2197466128520173,0.17189783683129875,0.27155596983376246
9,bnci004,MMP_merge_then_adapt,CSP,lda,none,0,3,3,3885,0.05,no_leakage_v1_alpha005,gate_all_sources_proxy_source_only_final_training_only,mmd,,,,,merge_then_adapt,coral,near_nearest_proxy,final,1.0,1,1train,not_used,False,,3.0,direct,0.2197466128520173,0.17189783683129875,0.27155596983376246
9,bnci004,MMP_merge_then_adapt,CSP,lda,none,0,3,3,3885,0.05,no_leakage_v1_alpha005,gate_all_sources_proxy_source_only_final_training_only,mmd,,,,,merge_then_adapt,coral,near_nearest_proxy,main,2.0,2,2train,far,False,,3.0,direct,0.2364885218004204,0.19554978450900604,0.2768035410221102
9,bnci004,MMP_merge_then_adapt,CSP,lda,none,0,3,3,3885,0.05,no_leakage_v1_alpha005,gate_all_sources_proxy_source_only_final_training_only,mmd,,,,,merge_then_adapt,coral,near_nearest_proxy,anchor,2.0,2,2train,not_used,False,,3.0,direct,0.2364885218004204,0.19554978450900604,0.2768035410221102
9,bnci004,MMP_merge_then_adapt,CSP,lda,none,0,3,3,3885,0.05,no_leakage_v1_alpha005,gate_all_sources_proxy_source_only_final_training_only,mmd,,,,,merge_then_adapt,coral,near_nearest_proxy,final,2.0,2,2train,not_used,False,,3.0,direct,0.2364885218004204,0.19554978450900604,0.2768035410221102
9,bnci004,MMP_merge_then_adapt,CSP,lda,none,0,3,3,3885,0.05,no_leakage_v1_alpha005,gate_all_sources_proxy_source_only_final_training_only,mmd,,,,,merge_then_adapt,coral,near_nearest_proxy,main,3.0,4,4test,nearest,True,1.0,3.0,direct,0.08312447551416428,0.05682336920863927,0.11281599346205569
9,bnci004,MMP_merge_then_adapt,CSP,lda,none,0,3,3,3885,0.05,no_leakage_v1_alpha005,gate_all_sources_proxy_source_only_final_training_only,mmd,,,,,merge_then_adapt,coral,near_nearest_proxy,anchor,3.0,4,4test,target,False,,3.0,direct,0.08312447551416428,0.05682336920863927,0.11281599346205569
9,bnci004,MMP_merge_then_adapt,CSP,lda,none,0,3,3,3885,0.05,no_leakage_v1_alpha005,gate_all_sources_proxy_source_only_final_training_only,mmd,,,,,merge_then_adapt,coral,near_nearest_proxy,final,3.0,4,4test,train,True,1.0,3.0,direct,0.08312447551416428,0.05682336920863927,0.11281599346205569
9,bnci004,MMP_merge_then_adapt,CSP,lda,none,0,3,3,3885,0.05,no_leakage_v1_alpha005,gate_all_sources_proxy_source_only_final_training_only,mmd,,,,,merge_then_adapt,coral,near_nearest_proxy,main,,3,3test,target,False,,,,,,
9,bnci004,MMP_merge_then_adapt,CSP,lda,none,0,3,3,3885,0.05,no_leakage_v1_alpha005,gate_all_sources_proxy_source_only_final_training_only,mmd,,,,,merge_then_adapt,coral,near_nearest_proxy,final,,3,3test,target,False,,,,,,
9,bnci004,MMP_merge_then_adapt,CSP,lda,none,0,4,4,3916,0.05,no_leakage_v1_alpha005,gate_all_sources_proxy_source_only_final_training_only,mmd,,,,,merge_then_adapt,coral,near_nearest_proxy,main,0.0,0,0train,far,False,,4.0,direct,0.2865403422652553,0.24406914300632507,0.32889093870978425
9,bnci004,MMP_merge_then_adapt,CSP,lda,none,0,4,4,3916,0.05,no_leakage_v1_alpha005,gate_all_sources_proxy_source_only_final_training_only,mmd,,,,,merge_then_adapt,coral,near_nearest_proxy,anchor,0.0,0,0train,not_used,False,,4.0,direct,0.2865403422652553,0.24406914300632507,0.32889093870978425
9,bnci004,MMP_merge_then_adapt,CSP,lda,none,0,4,4,3916,0.05,no_leakage_v1_alpha005,gate_all_sources_proxy_source_only_final_training_only,mmd,,,,,merge_then_adapt,coral,near_nearest_proxy,final,0.0,0,0train,not_used,False,,4.0,direct,0.2865403422652553,0.24406914300632507,0.32889093870978425
9,bnci004,MMP_merge_then_adapt,CSP,lda,none,0,4,4,3916,0.05,no_leakage_v1_alpha005,gate_all_sources_proxy_source_only_final_training_only,mmd,,,,,merge_then_adapt,coral,near_nearest_proxy,main,1.0,1,1train,far,False,,4.0,direct,0.18594259133474503,0.13981858401174233,0.2340735526292507
9,bnci004,MMP_merge_then_adapt,CSP,lda,none,0,4,4,3916,0.05,no_leakage_v1_alpha005,gate_all_sources_proxy_source_only_final_training_only,mmd,,,,,merge_then_adapt,coral,near_nearest_proxy,anchor,1.0,1,1train,second_nearest_fallback_source,False,1.0,4.0,direct,0.18594259133474503,0.13981858401174233,0.2340735526292507
9,bnci004,MMP_merge_then_adapt,CSP,lda,none,0,4,4,3916,0.05,no_leakage_v1_alpha005,gate_all_sources_proxy_source_only_final_training_only,mmd,,,,,merge_then_adapt,coral,near_nearest_proxy,final,1.0,1,1train,not_used,False,,4.0,direct,0.18594259133474503,0.13981858401174233,0.2340735526292507
9,bnci004,MMP_merge_then_adapt,CSP,lda,none,0,4,4,3916,0.05,no_leakage_v1_alpha005,gate_all_sources_proxy_source_only_final_training_only,mmd,,,,,merge_then_adapt,coral,near_nearest_proxy,main,2.0,2,2train,far,False,,4.0,direct,0.23217964051281925,0.1864124141249072,0.28304805293825624
9,bnci004,MMP_merge_then_adapt,CSP,lda,none,0,4,4,3916,0.05,no_leakage_v1_alpha005,gate_all_sources_proxy_source_only_final_training_only,mmd,,,,,merge_then_adapt,coral,near_nearest_proxy,anchor,2.0,2,2train,not_used,False,,4.0,direct,0.23217964051281925,0.1864124141249072,0.28304805293825624
9,bnci004,MMP_merge_then_adapt,CSP,lda,none,0,4,4,3916,0.05,no_leakage_v1_alpha005,gate_all_sources_proxy_source_only_final_training_only,mmd,,,,,merge_then_adapt,coral,near_nearest_proxy,final,2.0,2,2train,not_used,False,,4.0,direct,0.23217964051281925,0.1864124141249072,0.28304805293825624
9,bnci004,MMP_merge_then_adapt,CSP,lda,none,0,4,4,3916,0.05,no_leakage_v1_alpha005,gate_all_sources_proxy_source_only_final_training_only,mmd,,,,,merge_then_adapt,coral,near_nearest_proxy,main,3.0,3,3test,nearest,True,1.0,4.0,direct,0.08350275068156268,0.056557286580444316,0.11635202639048671
9,bnci004,MMP_merge_then_adapt,CSP,lda,none,0,4,4,3916,0.05,no_leakage_v1_alpha005,gate_all_sources_proxy_source_only_final_training_only,mmd,,,,,merge_then_adapt,coral,near_nearest_proxy,anchor,3.0,3,3test,target,False,,4.0,direct,0.08350275068156268,0.056557286580444316,0.11635202639048671
9,bnci004,MMP_merge_then_adapt,CSP,lda,none,0,4,4,3916,0.05,no_leakage_v1_alpha005,gate_all_sources_proxy_source_only_final_training_only,mmd,,,,,merge_then_adapt,coral,near_nearest_proxy,final,3.0,3,3test,train,True,1.0,4.0,direct,0.08350275068156268,0.056557286580444316,0.11635202639048671
9,bnci004,MMP_merge_then_adapt,CSP,lda,none,0,4,4,3916,0.05,no_leakage_v1_alpha005,gate_all_sources_proxy_source_only_final_training_only,mmd,,,,,merge_then_adapt,coral,near_nearest_proxy,main,,4,4test,target,False,,,,,,
9,bnci004,MMP_merge_then_adapt,CSP,lda,none,0,4,4,3916,0.05,no_leakage_v1_alpha005,gate_all_sources_proxy_source_only_final_training_only,mmd,,,,,merge_then_adapt,coral,near_nearest_proxy,final,,4,4test,target,False,,,,,,
9,bnci004,MMP_merge_then_adapt,CSP,lda,sa,1,0,0,4789,0.05,no_leakage_v1_alpha005,gate_all_sources_proxy_source_only_final_training_only,mmd,,,,,merge_then_adapt,coral,near_nearest_proxy,main,0.0,1,1train,nearest,True,1.0,0.0,direct,0.1125534492909601,0.07817330523516514,0.16011948908784357
9,bnci004,MMP_merge_then_adapt,CSP,lda,sa,1,0,0,4789,0.05,no_leakage_v1_alpha005,gate_all_sources_proxy_source_only_final_training_only,mmd,,,,,merge_then_adapt,coral,near_nearest_proxy,anchor,0.0,1,1train,target,False,,0.0,direct,0.1125534492909601,0.07817330523516514,0.16011948908784357
9,bnci004,MMP_merge_then_adapt,CSP,lda,sa,1,0,0,4789,0.05,no_leakage_v1_alpha005,gate_all_sources_proxy_source_only_final_training_only,mmd,,,,,merge_then_adapt,coral,near_nearest_proxy,final,0.0,1,1train,train,True,1.0,0.0,direct,0.1125534492909601,0.07817330523516514,0.16011948908784357
9,bnci004,MMP_merge_then_adapt,CSP,lda,sa,1,0,0,4789,0.05,no_leakage_v1_alpha005,gate_all_sources_proxy_source_only_final_training_only,mmd,,,,,merge_then_adapt,coral,near_nearest_proxy,main,1.0,2,2train,far,False,,0.0,direct,0.5434046204358678,0.48554122859622406,0.6008106236889925
9,bnci004,MMP_merge_then_adapt,CSP,lda,sa,1,0,0,4789,0.05,no_leakage_v1_alpha005,gate_all_sources_proxy_source_only_final_training_only,mmd,,,,,merge_then_adapt,coral,near_nearest_proxy,anchor,1.0,2,2train,not_used,False,,0.0,direct,0.5434046204358678,0.48554122859622406,0.6008106236889925
9,bnci004,MMP_merge_then_adapt,CSP,lda,sa,1,0,0,4789,0.05,no_leakage_v1_alpha005,gate_all_sources_proxy_source_only_final_training_only,mmd,,,,,merge_then_adapt,coral,near_nearest_proxy,final,1.0,2,2train,not_used,False,,0.0,direct,0.5434046204358678,0.48554122859622406,0.6008106236889925
9,bnci004,MMP_merge_then_adapt,CSP,lda,sa,1,0,0,4789,0.05,no_leakage_v1_alpha005,gate_all_sources_proxy_source_only_final_training_only,mmd,,,,,merge_then_adapt,coral,near_nearest_proxy,main,2.0,3,3test,far,False,,0.0,direct,0.36599598281799045,0.2961126262162548,0.44440102276626425
9,bnci004,MMP_merge_then_adapt,CSP,lda,sa,1,0,0,4789,0.05,no_leakage_v1_alpha005,gate_all_sources_proxy_source_only_final_training_only,mmd,,,,,merge_then_adapt,coral,near_nearest_proxy,anchor,2.0,3,3test,second_nearest_fallback_source,False,1.0,0.0,direct,0.36599598281799045,0.2961126262162548,0.44440102276626425
9,bnci004,MMP_merge_then_adapt,CSP,lda,sa,1,0,0,4789,0.05,no_leakage_v1_alpha005,gate_all_sources_proxy_source_only_final_training_only,mmd,,,,,merge_then_adapt,coral,near_nearest_proxy,final,2.0,3,3test,not_used,False,,0.0,direct,0.36599598281799045,0.2961126262162548,0.44440102276626425
9,bnci004,MMP_merge_then_adapt,CSP,lda,sa,1,0,0,4789,0.05,no_leakage_v1_alpha005,gate_all_sources_proxy_source_only_final_training_only,mmd,,,,,merge_then_adapt,coral,near_nearest_proxy,main,3.0,4,4test,far,False,,0.0,direct,0.47542174368892026,0.4026574256518755,0.5472248145902506
9,bnci004,MMP_merge_then_adapt,CSP,lda,sa,1,0,0,4789,0.05,no_leakage_v1_alpha005,gate_all_sources_proxy_source_only_final_training_only,mmd,,,,,merge_then_adapt,coral,near_nearest_proxy,anchor,3.0,4,4test,not_used,False,,0.0,direct,0.47542174368892026,0.4026574256518755,0.5472248145902506
9,bnci004,MMP_merge_then_adapt,CSP,lda,sa,1,0,0,4789,0.05,no_leakage_v1_alpha005,gate_all_sources_proxy_source_only_final_training_only,mmd,,,,,merge_then_adapt,coral,near_nearest_proxy,final,3.0,4,4test,not_used,False,,0.0,direct,0.47542174368892026,0.4026574256518755,0.5472248145902506
9,bnci004,MMP_merge_then_adapt,CSP,lda,sa,1,0,0,4789,0.05,no_leakage_v1_alpha005,gate_all_sources_proxy_source_only_final_training_only,mmd,,,,,merge_then_adapt,coral,near_nearest_proxy,main,,0,0train,target,False,,,,,,
9,bnci004,MMP_merge_then_adapt,CSP,lda,sa,1,0,0,4789,0.05,no_leakage_v1_alpha005,gate_all_sources_proxy_source_only_final_training_only,mmd,,,,,merge_then_adapt,coral,near_nearest_proxy,final,,0,0train,target,False,,,,,,
9,bnci004,MMP_merge_then_adapt,CSP,lda,sa,1,1,1,4820,0.05,no_leakage_v1_alpha005,gate_all_sources_proxy_source_only_final_training_only,mmd,,,,,merge_then_adapt,coral,near_nearest_proxy,main,0.0,0,0train,nearest,True,1.0,1.0,direct,0.10529984100117287,0.0634739894373002,0.1450992901729221
9,bnci004,MMP_merge_then_adapt,CSP,lda,sa,1,1,1,4820,0.05,no_leakage_v1_alpha005,gate_all_sources_proxy_source_only_final_training_only,mmd,,,,,merge_then_adapt,coral,near_nearest_proxy,anchor,0.0,0,0train,target,False,,1.0,direct,0.10529984100117287,0.0634739894373002,0.1450992901729221
9,bnci004,MMP_merge_then_adapt,CSP,lda,sa,1,1,1,4820,0.05,no_leakage_v1_alpha005,gate_all_sources_proxy_source_only_final_training_only,mmd,,,,,merge_then_adapt,coral,near_nearest_proxy,final,0.0,0,0train,train,True,1.0,1.0,direct,0.10529984100117287,0.0634739894373002,0.1450992901729221
9,bnci004,MMP_merge_then_adapt,CSP,lda,sa,1,1,1,4820,0.05,no_leakage_v1_alpha005,gate_all_sources_proxy_source_only_final_training_only,mmd,,,,,merge_then_adapt,coral,near_nearest_proxy,main,1.0,2,2train,far,False,,1.0,direct,0.4160781034317843,0.33864522574670897,0.4964341218488991
9,bnci004,MMP_merge_then_adapt,CSP,lda,sa,1,1,1,4820,0.05,no_leakage_v1_alpha005,gate_all_sources_proxy_source_only_final_training_only,mmd,,,,,merge_then_adapt,coral,near_nearest_proxy,anchor,1.0,2,2train,not_used,False,,1.0,direct,0.4160781034317843,0.33864522574670897,0.4964341218488991
9,bnci004,MMP_merge_then_adapt,CSP,lda,sa,1,1,1,4820,0.05,no_leakage_v1_alpha005,gate_all_sources_proxy_source_only_final_training_only,mmd,,,,,merge_then_adapt,coral,near_nearest_proxy,final,1.0,2,2train,not_used,False,,1.0,direct,0.4160781034317843,0.33864522574670897,0.4964341218488991
9,bnci004,MMP_merge_then_adapt,CSP,lda,sa,1,1,1,4820,0.05,no_leakage_v1_alpha005,gate_all_sources_proxy_source_only_final_training_only,mmd,,,,,merge_then_adapt,coral,near_nearest_proxy,main,2.0,3,3test,far,False,,1.0,direct,0.27799977237453105,0.22268189832348645,0.3327000981249422
9,bnci004,MMP_merge_then_adapt,CSP,lda,sa,1,1,1,4820,0.05,no_leakage_v1_alpha005,gate_all_sources_proxy_source_only_final_training_only,mmd,,,,,merge_then_adapt,coral,near_nearest_proxy,anchor,2.0,3,3test,not_used,False,,1.0,direct,0.27799977237453105,0.22268189832348645,0.3327000981249422
9,bnci004,MMP_merge_then_adapt,CSP,lda,sa,1,1,1,4820,0.05,no_leakage_v1_alpha005,gate_all_sources_proxy_source_only_final_training_only,mmd,,,,,merge_then_adapt,coral,near_nearest_proxy,final,2.0,3,3test,not_used,False,,1.0,direct,0.27799977237453105,0.22268189832348645,0.3327000981249422
9,bnci004,MMP_merge_then_adapt,CSP,lda,sa,1,1,1,4820,0.05,no_leakage_v1_alpha005,gate_all_sources_proxy_source_only_final_training_only,mmd,,,,,merge_then_adapt,coral,near_nearest_proxy,main,3.0,4,4test,far,False,,1.0,direct,0.2590861345144798,0.19352576754373396,0.3308954194851414
9,bnci004,MMP_merge_then_adapt,CSP,lda,sa,1,1,1,4820,0.05,no_leakage_v1_alpha005,gate_all_sources_proxy_source_only_final_training_only,mmd,,,,,merge_then_adapt,coral,near_nearest_proxy,anchor,3.0,4,4test,second_nearest_fallback_source,False,1.0,1.0,direct,0.2590861345144798,0.19352576754373396,0.3308954194851414
9,bnci004,MMP_merge_then_adapt,CSP,lda,sa,1,1,1,4820,0.05,no_leakage_v1_alpha005,gate_all_sources_proxy_source_only_final_training_only,mmd,,,,,merge_then_adapt,coral,near_nearest_proxy,final,3.0,4,4test,not_used,False,,1.0,direct,0.2590861345144798,0.19352576754373396,0.3308954194851414
9,bnci004,MMP_merge_then_adapt,CSP,lda,sa,1,1,1,4820,0.05,no_leakage_v1_alpha005,gate_all_sources_proxy_source_only_final_training_only,mmd,,,,,merge_then_adapt,coral,near_nearest_proxy,main,,1,1train,target,False,,,,,,
9,bnci004,MMP_merge_then_adapt,CSP,lda,sa,1,1,1,4820,0.05,no_leakage_v1_alpha005,gate_all_sources_proxy_source_only_final_training_only,mmd,,,,,merge_then_adapt,coral,near_nearest_proxy,final,,1,1train,target,False,,,,,,
9,bnci004,MMP_merge_then_adapt,CSP,lda,sa,1,2,2,4851,0.05,no_leakage_v1_alpha005,gate_all_sources_proxy_source_only_final_training_only,mmd,,,,,merge_then_adapt,coral,near_nearest_proxy,main,0.0,0,0train,far,False,,2.0,direct,0.3547332111982739,0.31163810076788856,0.4004133283883024
9,bnci004,MMP_merge_then_adapt,CSP,lda,sa,1,2,2,4851,0.05,no_leakage_v1_alpha005,gate_all_sources_proxy_source_only_final_training_only,mmd,,,,,merge_then_adapt,coral,near_nearest_proxy,anchor,0.0,0,0train,not_used,False,,2.0,direct,0.3547332111982739,0.31163810076788856,0.4004133283883024
9,bnci004,MMP_merge_then_adapt,CSP,lda,sa,1,2,2,4851,0.05,no_leakage_v1_alpha005,gate_all_sources_proxy_source_only_final_training_only,mmd,,,,,merge_then_adapt,coral,near_nearest_proxy,final,0.0,0,0train,not_used,False,,2.0,direct,0.3547332111982739,0.31163810076788856,0.4004133283883024
9,bnci004,MMP_merge_then_adapt,CSP,lda,sa,1,2,2,4851,0.05,no_leakage_v1_alpha005,gate_all_sources_proxy_source_only_final_training_only,mmd,,,,,merge_then_adapt,coral,near_nearest_proxy,main,1.0,1,1train,near,False,0.2896251582078516,2.0,direct,0.29898594411133145,0.248449715742381,0.35704738284811716
9,bnci004,MMP_merge_then_adapt,CSP,lda,sa,1,2,2,4851,0.05,no_leakage_v1_alpha005,gate_all_sources_proxy_source_only_final_training_only,mmd,,,,,merge_then_adapt,coral,near_nearest_proxy,anchor,1.0,1,1train,proxy_source,False,0.45068213572148186,2.0,direct,0.29898594411133145,0.248449715742381,0.35704738284811716
9,bnci004,MMP_merge_then_adapt,CSP,lda,sa,1,2,2,4851,0.05,no_leakage_v1_alpha005,gate_all_sources_proxy_source_only_final_training_only,mmd,,,,,merge_then_adapt,coral,near_nearest_proxy,final,1.0,1,1train,train,False,0.2896251582078516,2.0,direct,0.29898594411133145,0.248449715742381,0.35704738284811716
9,bnci004,MMP_merge_then_adapt,CSP,lda,sa,1,2,2,4851,0.05,no_leakage_v1_alpha005,gate_all_sources_proxy_source_only_final_training_only,mmd,,,,,merge_then_adapt,coral,near_nearest_proxy,main,2.0,3,3test,nearest,True,0.35736268369235347,2.0,direct,0.24231344675648803,0.19442966639696413,0.2897304713043155
9,bnci004,MMP_merge_then_adapt,CSP,lda,sa,1,2,2,4851,0.05,no_leakage_v1_alpha005,gate_all_sources_proxy_source_only_final_training_only,mmd,,,,,merge_then_adapt,coral,near_nearest_proxy,anchor,2.0,3,3test,target,False,,2.0,direct,0.24231344675648803,0.19442966639696413,0.2897304713043155
9,bnci004,MMP_merge_then_adapt,CSP,lda,sa,1,2,2,4851,0.05,no_leakage_v1_alpha005,gate_all_sources_proxy_source_only_final_training_only,mmd,,,,,merge_then_adapt,coral,near_nearest_proxy,final,2.0,3,3test,train,True,0.35736268369235347,2.0,direct,0.24231344675648803,0.19442966639696413,0.2897304713043155
9,bnci004,MMP_merge_then_adapt,CSP,lda,sa,1,2,2,4851,0.05,no_leakage_v1_alpha005,gate_all_sources_proxy_source_only_final_training_only,mmd,,,,,merge_then_adapt,coral,near_nearest_proxy,main,3.0,4,4test,near,False,0.3530121580997949,2.0,direct,0.24529973257660068,0.19775942863112744,0.2943135556987223
9,bnci004,MMP_merge_then_adapt,CSP,lda,sa,1,2,2,4851,0.05,no_leakage_v1_alpha005,gate_all_sources_proxy_source_only_final_training_only,mmd,,,,,merge_then_adapt,coral,near_nearest_proxy,anchor,3.0,4,4test,proxy_source,False,0.5493178642785181,2.0,direct,0.24529973257660068,0.19775942863112744,0.2943135556987223
9,bnci004,MMP_merge_then_adapt,CSP,lda,sa,1,2,2,4851,0.05,no_leakage_v1_alpha005,gate_all_sources_proxy_source_only_final_training_only,mmd,,,,,merge_then_adapt,coral,near_nearest_proxy,final,3.0,4,4test,train,False,0.3530121580997949,2.0,direct,0.24529973257660068,0.19775942863112744,0.2943135556987223
9,bnci004,MMP_merge_then_adapt,CSP,lda,sa,1,2,2,4851,0.05,no_leakage_v1_alpha005,gate_all_sources_proxy_source_only_final_training_only,mmd,,,,,merge_then_adapt,coral,near_nearest_proxy,main,,2,2train,target,False,,,,,,
9,bnci004,MMP_merge_then_adapt,CSP,lda,sa,1,2,2,4851,0.05,no_leakage_v1_alpha005,gate_all_sources_proxy_source_only_final_training_only,mmd,,,,,merge_then_adapt,coral,near_nearest_proxy,final,,2,2train,target,False,,,,,,
9,bnci004,MMP_merge_then_adapt,CSP,lda,sa,1,3,3,4882,0.05,no_leakage_v1_alpha005,gate_all_sources_proxy_source_only_final_training_only,mmd,,,,,merge_then_adapt,coral,near_nearest_proxy,main,0.0,0,0train,far,False,,3.0,direct,0.26625403824270544,0.21644378316779775,0.32910327798663386
9,bnci004,MMP_merge_then_adapt,CSP,lda,sa,1,3,3,4882,0.05,no_leakage_v1_alpha005,gate_all_sources_proxy_source_only_final_training_only,mmd,,,,,merge_then_adapt,coral,near_nearest_proxy,anchor,0.0,0,0train,not_used,False,,3.0,direct,0.26625403824270544,0.21644378316779775,0.32910327798663386
9,bnci004,MMP_merge_then_adapt,CSP,lda,sa,1,3,3,4882,0.05,no_leakage_v1_alpha005,gate_all_sources_proxy_source_only_final_training_only,mmd,,,,,merge_then_adapt,coral,near_nearest_proxy,final,0.0,0,0train,not_used,False,,3.0,direct,0.26625403824270544,0.21644378316779775,0.32910327798663386
9,bnci004,MMP_merge_then_adapt,CSP,lda,sa,1,3,3,4882,0.05,no_leakage_v1_alpha005,gate_all_sources_proxy_source_only_final_training_only,mmd,,,,,merge_then_adapt,coral,near_nearest_proxy,main,1.0,1,1train,far,False,,3.0,direct,0.2180134551551314,0.1711921272566851,0.2657824015806319
9,bnci004,MMP_merge_then_adapt,CSP,lda,sa,1,3,3,4882,0.05,no_leakage_v1_alpha005,gate_all_sources_proxy_source_only_final_training_only,mmd,,,,,merge_then_adapt,coral,near_nearest_proxy,anchor,1.0,1,1train,second_nearest_fallback_source,False,1.0,3.0,direct,0.2180134551551314,0.1711921272566851,0.2657824015806319
9,bnci004,MMP_merge_then_adapt,CSP,lda,sa,1,3,3,4882,0.05,no_leakage_v1_alpha005,gate_all_sources_proxy_source_only_final_training_only,mmd,,,,,merge_then_adapt,coral,near_nearest_proxy,final,1.0,1,1train,not_used,False,,3.0,direct,0.2180134551551314,0.1711921272566851,0.2657824015806319
9,bnci004,MMP_merge_then_adapt,CSP,lda,sa,1,3,3,4882,0.05,no_leakage_v1_alpha005,gate_all_sources_proxy_source_only_final_training_only,mmd,,,,,merge_then_adapt,coral,near_nearest_proxy,main,2.0,2,2train,far,False,,3.0,direct,0.23620801038635797,0.19369051470838736,0.2865928179482885
9,bnci004,MMP_merge_then_adapt,CSP,lda,sa,1,3,3,4882,0.05,no_leakage_v1_alpha005,gate_all_sources_proxy_source_only_final_training_only,mmd,,,,,merge_then_adapt,coral,near_nearest_proxy,anchor,2.0,2,2train,not_used,False,,3.0,direct,0.23620801038635797,0.19369051470838736,0.2865928179482885
9,bnci004,MMP_merge_then_adapt,CSP,lda,sa,1,3,3,4882,0.05,no_leakage_v1_alpha005,gate_all_sources_proxy_source_only_final_training_only,mmd,,,,,merge_then_adapt,coral,near_nearest_proxy,final,2.0,2,2train,not_used,False,,3.0,direct,0.23620801038635797,0.19369051470838736,0.2865928179482885
9,bnci004,MMP_merge_then_adapt,CSP,lda,sa,1,3,3,4882,0.05,no_leakage_v1_alpha005,gate_all_sources_proxy_source_only_final_training_only,mmd,,,,,merge_then_adapt,coral,near_nearest_proxy,main,3.0,4,4test,nearest,True,1.0,3.0,direct,0.08279143252074615,0.057219223799086935,0.1142738319610324
9,bnci004,MMP_merge_then_adapt,CSP,lda,sa,1,3,3,4882,0.05,no_leakage_v1_alpha005,gate_all_sources_proxy_source_only_final_training_only,mmd,,,,,merge_then_adapt,coral,near_nearest_proxy,anchor,3.0,4,4test,target,False,,3.0,direct,0.08279143252074615,0.057219223799086935,0.1142738319610324
9,bnci004,MMP_merge_then_adapt,CSP,lda,sa,1,3,3,4882,0.05,no_leakage_v1_alpha005,gate_all_sources_proxy_source_only_final_training_only,mmd,,,,,merge_then_adapt,coral,near_nearest_proxy,final,3.0,4,4test,train,True,1.0,3.0,direct,0.08279143252074615,0.057219223799086935,0.1142738319610324
9,bnci004,MMP_merge_then_adapt,CSP,lda,sa,1,3,3,4882,0.05,no_leakage_v1_alpha005,gate_all_sources_proxy_source_only_final_training_only,mmd,,,,,merge_then_adapt,coral,near_nearest_proxy,main,,3,3test,target,False,,,,,,
9,bnci004,MMP_merge_then_adapt,CSP,lda,sa,1,3,3,4882,0.05,no_leakage_v1_alpha005,gate_all_sources_proxy_source_only_final_training_only,mmd,,,,,merge_then_adapt,coral,near_nearest_proxy,final,,3,3test,target,False,,,,,,
9,bnci004,MMP_merge_then_adapt,CSP,lda,sa,1,4,4,4913,0.05,no_leakage_v1_alpha005,gate_all_sources_proxy_source_only_final_training_only,mmd,,,,,merge_then_adapt,coral,near_nearest_proxy,main,0.0,0,0train,far,False,,4.0,direct,0.28503725869134244,0.24356883033269,0.33714913089080073
9,bnci004,MMP_merge_then_adapt,CSP,lda,sa,1,4,4,4913,0.05,no_leakage_v1_alpha005,gate_all_sources_proxy_source_only_final_training_only,mmd,,,,,merge_then_adapt,coral,near_nearest_proxy,anchor,0.0,0,0train,not_used,False,,4.0,direct,0.28503725869134244,0.24356883033269,0.33714913089080073
9,bnci004,MMP_merge_then_adapt,CSP,lda,sa,1,4,4,4913,0.05,no_leakage_v1_alpha005,gate_all_sources_proxy_source_only_final_training_only,mmd,,,,,merge_then_adapt,coral,near_nearest_proxy,final,0.0,0,0train,not_used,False,,4.0,direct,0.28503725869134244,0.24356883033269,0.33714913089080073
9,bnci004,MMP_merge_then_adapt,CSP,lda,sa,1,4,4,4913,0.05,no_leakage_v1_alpha005,gate_all_sources_proxy_source_only_final_training_only,mmd,,,,,merge_then_adapt,coral,near_nearest_proxy,main,1.0,1,1train,far,False,,4.0,direct,0.1856466836618308,0.14369452874090172,0.2297189890118967
9,bnci004,MMP_merge_then_adapt,CSP,lda,sa,1,4,4,4913,0.05,no_leakage_v1_alpha005,gate_all_sources_proxy_source_only_final_training_only,mmd,,,,,merge_then_adapt,coral,near_nearest_proxy,anchor,1.0,1,1train,second_nearest_fallback_source,False,1.0,4.0,direct,0.1856466836618308,0.14369452874090172,0.2297189890118967
9,bnci004,MMP_merge_then_adapt,CSP,lda,sa,1,4,4,4913,0.05,no_leakage_v1_alpha005,gate_all_sources_proxy_source_only_final_training_only,mmd,,,,,merge_then_adapt,coral,near_nearest_proxy,final,1.0,1,1train,not_used,False,,4.0,direct,0.1856466836618308,0.14369452874090172,0.2297189890118967
9,bnci004,MMP_merge_then_adapt,CSP,lda,sa,1,4,4,4913,0.05,no_leakage_v1_alpha005,gate_all_sources_proxy_source_only_final_training_only,mmd,,,,,merge_then_adapt,coral,near_nearest_proxy,main,2.0,2,2train,far,False,,4.0,direct,0.23038147326500544,0.19053533201621453,0.2729169971551783
9,bnci004,MMP_merge_then_adapt,CSP,lda,sa,1,4,4,4913,0.05,no_leakage_v1_alpha005,gate_all_sources_proxy_source_only_final_training_only,mmd,,,,,merge_then_adapt,coral,near_nearest_proxy,anchor,2.0,2,2train,not_used,False,,4.0,direct,0.23038147326500544,0.19053533201621453,0.2729169971551783
9,bnci004,MMP_merge_then_adapt,CSP,lda,sa,1,4,4,4913,0.05,no_leakage_v1_alpha005,gate_all_sources_proxy_source_only_final_training_only,mmd,,,,,merge_then_adapt,coral,near_nearest_proxy,final,2.0,2,2train,not_used,False,,4.0,direct,0.23038147326500544,0.19053533201621453,0.2729169971551783
9,bnci004,MMP_merge_then_adapt,CSP,lda,sa,1,4,4,4913,0.05,no_leakage_v1_alpha005,gate_all_sources_proxy_source_only_final_training_only,mmd,,,,,merge_then_adapt,coral,near_nearest_proxy,main,3.0,3,3test,nearest,True,1.0,4.0,direct,0.08092442842677063,0.05319400752882059,0.10858179016372797
9,bnci004,MMP_merge_then_adapt,CSP,lda,sa,1,4,4,4913,0.05,no_leakage_v1_alpha005,gate_all_sources_proxy_source_only_final_training_only,mmd,,,,,merge_then_adapt,coral,near_nearest_proxy,anchor,3.0,3,3test,target,False,,4.0,direct,0.08092442842677063,0.05319400752882059,0.10858179016372797
9,bnci004,MMP_merge_then_adapt,CSP,lda,sa,1,4,4,4913,0.05,no_leakage_v1_alpha005,gate_all_sources_proxy_source_only_final_training_only,mmd,,,,,merge_then_adapt,coral,near_nearest_proxy,final,3.0,3,3test,train,True,1.0,4.0,direct,0.08092442842677063,0.05319400752882059,0.10858179016372797
9,bnci004,MMP_merge_then_adapt,CSP,lda,sa,1,4,4,4913,0.05,no_leakage_v1_alpha005,gate_all_sources_proxy_source_only_final_training_only,mmd,,,,,merge_then_adapt,coral,near_nearest_proxy,main,,4,4test,target,False,,,,,,
9,bnci004,MMP_merge_then_adapt,CSP,lda,sa,1,4,4,4913,0.05,no_leakage_v1_alpha005,gate_all_sources_proxy_source_only_final_training_only,mmd,,,,,merge_then_adapt,coral,near_nearest_proxy,final,,4,4test,target,False,,,,,,
9,bnci004,MMP_merge_then_adapt,CSP,lda,pt,2,0,0,5786,0.05,no_leakage_v1_alpha005,gate_all_sources_proxy_source_only_final_training_only,mmd,,,,,merge_then_adapt,coral,near_nearest_proxy,main,0.0,1,1train,nearest,True,1.0,0.0,direct,0.11067373377173487,0.07574360373542058,0.15475160218339573
9,bnci004,MMP_merge_then_adapt,CSP,lda,pt,2,0,0,5786,0.05,no_leakage_v1_alpha005,gate_all_sources_proxy_source_only_final_training_only,mmd,,,,,merge_then_adapt,coral,near_nearest_proxy,anchor,0.0,1,1train,target,False,,0.0,direct,0.11067373377173487,0.07574360373542058,0.15475160218339573
9,bnci004,MMP_merge_then_adapt,CSP,lda,pt,2,0,0,5786,0.05,no_leakage_v1_alpha005,gate_all_sources_proxy_source_only_final_training_only,mmd,,,,,merge_then_adapt,coral,near_nearest_proxy,final,0.0,1,1train,train,True,1.0,0.0,direct,0.11067373377173487,0.07574360373542058,0.15475160218339573
9,bnci004,MMP_merge_then_adapt,CSP,lda,pt,2,0,0,5786,0.05,no_leakage_v1_alpha005,gate_all_sources_proxy_source_only_final_training_only,mmd,,,,,merge_then_adapt,coral,near_nearest_proxy,main,1.0,2,2train,far,False,,0.0,direct,0.5396812156015173,0.4743903255374849,0.6130681171655539
9,bnci004,MMP_merge_then_adapt,CSP,lda,pt,2,0,0,5786,0.05,no_leakage_v1_alpha005,gate_all_sources_proxy_source_only_final_training_only,mmd,,,,,merge_then_adapt,coral,near_nearest_proxy,anchor,1.0,2,2train,not_used,False,,0.0,direct,0.5396812156015173,0.4743903255374849,0.6130681171655539
9,bnci004,MMP_merge_then_adapt,CSP,lda,pt,2,0,0,5786,0.05,no_leakage_v1_alpha005,gate_all_sources_proxy_source_only_final_training_only,mmd,,,,,merge_then_adapt,coral,near_nearest_proxy,final,1.0,2,2train,not_used,False,,0.0,direct,0.5396812156015173,0.4743903255374849,0.6130681171655539
9,bnci004,MMP_merge_then_adapt,CSP,lda,pt,2,0,0,5786,0.05,no_leakage_v1_alpha005,gate_all_sources_proxy_source_only_final_training_only,mmd,,,,,merge_then_adapt,coral,near_nearest_proxy,main,2.0,3,3test,far,False,,0.0,direct,0.36447876758953157,0.28806070361308855,0.44059142982715416
9,bnci004,MMP_merge_then_adapt,CSP,lda,pt,2,0,0,5786,0.05,no_leakage_v1_alpha005,gate_all_sources_proxy_source_only_final_training_only,mmd,,,,,merge_then_adapt,coral,near_nearest_proxy,anchor,2.0,3,3test,second_nearest_fallback_source,False,1.0,0.0,direct,0.36447876758953157,0.28806070361308855,0.44059142982715416
9,bnci004,MMP_merge_then_adapt,CSP,lda,pt,2,0,0,5786,0.05,no_leakage_v1_alpha005,gate_all_sources_proxy_source_only_final_training_only,mmd,,,,,merge_then_adapt,coral,near_nearest_proxy,final,2.0,3,3test,not_used,False,,0.0,direct,0.36447876758953157,0.28806070361308855,0.44059142982715416
9,bnci004,MMP_merge_then_adapt,CSP,lda,pt,2,0,0,5786,0.05,no_leakage_v1_alpha005,gate_all_sources_proxy_source_only_final_training_only,mmd,,,,,merge_then_adapt,coral,near_nearest_proxy,main,3.0,4,4test,far,False,,0.0,direct,0.470687772221395,0.3978632287270811,0.548379739852476
9,bnci004,MMP_merge_then_adapt,CSP,lda,pt,2,0,0,5786,0.05,no_leakage_v1_alpha005,gate_all_sources_proxy_source_only_final_training_only,mmd,,,,,merge_then_adapt,coral,near_nearest_proxy,anchor,3.0,4,4test,not_used,False,,0.0,direct,0.470687772221395,0.3978632287270811,0.548379739852476
9,bnci004,MMP_merge_then_adapt,CSP,lda,pt,2,0,0,5786,0.05,no_leakage_v1_alpha005,gate_all_sources_proxy_source_only_final_training_only,mmd,,,,,merge_then_adapt,coral,near_nearest_proxy,final,3.0,4,4test,not_used,False,,0.0,direct,0.470687772221395,0.3978632287270811,0.548379739852476
9,bnci004,MMP_merge_then_adapt,CSP,lda,pt,2,0,0,5786,0.05,no_leakage_v1_alpha005,gate_all_sources_proxy_source_only_final_training_only,mmd,,,,,merge_then_adapt,coral,near_nearest_proxy,main,,0,0train,target,False,,,,,,
9,bnci004,MMP_merge_then_adapt,CSP,lda,pt,2,0,0,5786,0.05,no_leakage_v1_alpha005,gate_all_sources_proxy_source_only_final_training_only,mmd,,,,,merge_then_adapt,coral,near_nearest_proxy,final,,0,0train,target,False,,,,,,
9,bnci004,MMP_merge_then_adapt,CSP,lda,pt,2,1,1,5817,0.05,no_leakage_v1_alpha005,gate_all_sources_proxy_source_only_final_training_only,mmd,,,,,merge_then_adapt,coral,near_nearest_proxy,main,0.0,0,0train,nearest,True,1.0,1.0,direct,0.10477760265699476,0.0745232086949859,0.1404322045993472
9,bnci004,MMP_merge_then_adapt,CSP,lda,pt,2,1,1,5817,0.05,no_leakage_v1_alpha005,gate_all_sources_proxy_source_only_final_training_only,mmd,,,,,merge_then_adapt,coral,near_nearest_proxy,anchor,0.0,0,0train,target,False,,1.0,direct,0.10477760265699476,0.0745232086949859,0.1404322045993472
9,bnci004,MMP_merge_then_adapt,CSP,lda,pt,2,1,1,5817,0.05,no_leakage_v1_alpha005,gate_all_sources_proxy_source_only_final_training_only,mmd,,,,,merge_then_adapt,coral,near_nearest_proxy,final,0.0,0,0train,train,True,1.0,1.0,direct,0.10477760265699476,0.0745232086949859,0.1404322045993472
9,bnci004,MMP_merge_then_adapt,CSP,lda,pt,2,1,1,5817,0.05,no_leakage_v1_alpha005,gate_all_sources_proxy_source_only_final_training_only,mmd,,,,,merge_then_adapt,coral,near_nearest_proxy,main,1.0,2,2train,far,False,,1.0,direct,0.41090588543539835,0.3449617851886309,0.48566650418506635
9,bnci004,MMP_merge_then_adapt,CSP,lda,pt,2,1,1,5817,0.05,no_leakage_v1_alpha005,gate_all_sources_proxy_source_only_final_training_only,mmd,,,,,merge_then_adapt,coral,near_nearest_proxy,anchor,1.0,2,2train,not_used,False,,1.0,direct,0.41090588543539835,0.3449617851886309,0.48566650418506635
9,bnci004,MMP_merge_then_adapt,CSP,lda,pt,2,1,1,5817,0.05,no_leakage_v1_alpha005,gate_all_sources_proxy_source_only_final_training_only,mmd,,,,,merge_then_adapt,coral,near_nearest_proxy,final,1.0,2,2train,not_used,False,,1.0,direct,0.41090588543539835,0.3449617851886309,0.48566650418506635
9,bnci004,MMP_merge_then_adapt,CSP,lda,pt,2,1,1,5817,0.05,no_leakage_v1_alpha005,gate_all_sources_proxy_source_only_final_training_only,mmd,,,,,merge_then_adapt,coral,near_nearest_proxy,main,2.0,3,3test,far,False,,1.0,direct,0.2745325446994941,0.21783821596891564,0.3393053738273738
9,bnci004,MMP_merge_then_adapt,CSP,lda,pt,2,1,1,5817,0.05,no_leakage_v1_alpha005,gate_all_sources_proxy_source_only_final_training_only,mmd,,,,,merge_then_adapt,coral,near_nearest_proxy,anchor,2.0,3,3test,not_used,False,,1.0,direct,0.2745325446994941,0.21783821596891564,0.3393053738273738
9,bnci004,MMP_merge_then_adapt,CSP,lda,pt,2,1,1,5817,0.05,no_leakage_v1_alpha005,gate_all_sources_proxy_source_only_final_training_only,mmd,,,,,merge_then_adapt,coral,near_nearest_proxy,final,2.0,3,3test,not_used,False,,1.0,direct,0.2745325446994941,0.21783821596891564,0.3393053738273738
9,bnci004,MMP_merge_then_adapt,CSP,lda,pt,2,1,1,5817,0.05,no_leakage_v1_alpha005,gate_all_sources_proxy_source_only_final_training_only,mmd,,,,,merge_then_adapt,coral,near_nearest_proxy,main,3.0,4,4test,far,False,,1.0,direct,0.2683816332564486,0.1977759543637306,0.34509312880207066
9,bnci004,MMP_merge_then_adapt,CSP,lda,pt,2,1,1,5817,0.05,no_leakage_v1_alpha005,gate_all_sources_proxy_source_only_final_training_only,mmd,,,,,merge_then_adapt,coral,near_nearest_proxy,anchor,3.0,4,4test,second_nearest_fallback_source,False,1.0,1.0,direct,0.2683816332564486,0.1977759543637306,0.34509312880207066
9,bnci004,MMP_merge_then_adapt,CSP,lda,pt,2,1,1,5817,0.05,no_leakage_v1_alpha005,gate_all_sources_proxy_source_only_final_training_only,mmd,,,,,merge_then_adapt,coral,near_nearest_proxy,final,3.0,4,4test,not_used,False,,1.0,direct,0.2683816332564486,0.1977759543637306,0.34509312880207066
9,bnci004,MMP_merge_then_adapt,CSP,lda,pt,2,1,1,5817,0.05,no_leakage_v1_alpha005,gate_all_sources_proxy_source_only_final_training_only,mmd,,,,,merge_then_adapt,coral,near_nearest_proxy,main,,1,1train,target,False,,,,,,
9,bnci004,MMP_merge_then_adapt,CSP,lda,pt,2,1,1,5817,0.05,no_leakage_v1_alpha005,gate_all_sources_proxy_source_only_final_training_only,mmd,,,,,merge_then_adapt,coral,near_nearest_proxy,final,,1,1train,target,False,,,,,,
9,bnci004,MMP_merge_then_adapt,CSP,lda,pt,2,2,2,5848,0.05,no_leakage_v1_alpha005,gate_all_sources_proxy_source_only_final_training_only,mmd,,,,,merge_then_adapt,coral,near_nearest_proxy,main,0.0,0,0train,far,False,,2.0,direct,0.35551286810264815,0.3048712274516788,0.40662039909208486
9,bnci004,MMP_merge_then_adapt,CSP,lda,pt,2,2,2,5848,0.05,no_leakage_v1_alpha005,gate_all_sources_proxy_source_only_final_training_only,mmd,,,,,merge_then_adapt,coral,near_nearest_proxy,anchor,0.0,0,0train,not_used,False,,2.0,direct,0.35551286810264815,0.3048712274516788,0.40662039909208486
9,bnci004,MMP_merge_then_adapt,CSP,lda,pt,2,2,2,5848,0.05,no_leakage_v1_alpha005,gate_all_sources_proxy_source_only_final_training_only,mmd,,,,,merge_then_adapt,coral,near_nearest_proxy,final,0.0,0,0train,not_used,False,,2.0,direct,0.35551286810264815,0.3048712274516788,0.40662039909208486
9,bnci004,MMP_merge_then_adapt,CSP,lda,pt,2,2,2,5848,0.05,no_leakage_v1_alpha005,gate_all_sources_proxy_source_only_final_training_only,mmd,,,,,merge_then_adapt,coral,near_nearest_proxy,main,1.0,1,1train,near,False,0.29147877747414064,2.0,direct,0.29935431298996895,0.2471593307906394,0.3517705522038261
9,bnci004,MMP_merge_then_adapt,CSP,lda,pt,2,2,2,5848,0.05,no_leakage_v1_alpha005,gate_all_sources_proxy_source_only_final_training_only,mmd,,,,,merge_then_adapt,coral,near_nearest_proxy,anchor,1.0,1,1train,proxy_source,False,0.4553081978993869,2.0,direct,0.29935431298996895,0.2471593307906394,0.3517705522038261
9,bnci004,MMP_merge_then_adapt,CSP,lda,pt,2,2,2,5848,0.05,no_leakage_v1_alpha005,gate_all_sources_proxy_source_only_final_training_only,mmd,,,,,merge_then_adapt,coral,near_nearest_proxy,final,1.0,1,1train,train,False,0.29147877747414064,2.0,direct,0.29935431298996895,0.2471593307906394,0.3517705522038261
9,bnci004,MMP_merge_then_adapt,CSP,lda,pt,2,2,2,5848,0.05,no_leakage_v1_alpha005,gate_all_sources_proxy_source_only_final_training_only,mmd,,,,,merge_then_adapt,coral,near_nearest_proxy,main,2.0,3,3test,nearest,True,0.3598209326805244,2.0,direct,0.24249662238868117,0.20409128842070093,0.29379435379444907
9,bnci004,MMP_merge_then_adapt,CSP,lda,pt,2,2,2,5848,0.05,no_leakage_v1_alpha005,gate_all_sources_proxy_source_only_final_training_only,mmd,,,,,merge_then_adapt,coral,near_nearest_proxy,anchor,2.0,3,3test,target,False,,2.0,direct,0.24249662238868117,0.20409128842070093,0.29379435379444907
9,bnci004,MMP_merge_then_adapt,CSP,lda,pt,2,2,2,5848,0.05,no_leakage_v1_alpha005,gate_all_sources_proxy_source_only_final_training_only,mmd,,,,,merge_then_adapt,coral,near_nearest_proxy,final,2.0,3,3test,train,True,0.3598209326805244,2.0,direct,0.24249662238868117,0.20409128842070093,0.29379435379444907
9,bnci004,MMP_merge_then_adapt,CSP,lda,pt,2,2,2,5848,0.05,no_leakage_v1_alpha005,gate_all_sources_proxy_source_only_final_training_only,mmd,,,,,merge_then_adapt,coral,near_nearest_proxy,main,3.0,4,4test,near,False,0.3487002898453348,2.0,direct,0.2502302822837255,0.20427305415523897,0.31113031778019373
9,bnci004,MMP_merge_then_adapt,CSP,lda,pt,2,2,2,5848,0.05,no_leakage_v1_alpha005,gate_all_sources_proxy_source_only_final_training_only,mmd,,,,,merge_then_adapt,coral,near_nearest_proxy,anchor,3.0,4,4test,proxy_source,False,0.5446918021006132,2.0,direct,0.2502302822837255,0.20427305415523897,0.31113031778019373
9,bnci004,MMP_merge_then_adapt,CSP,lda,pt,2,2,2,5848,0.05,no_leakage_v1_alpha005,gate_all_sources_proxy_source_only_final_training_only,mmd,,,,,merge_then_adapt,coral,near_nearest_proxy,final,3.0,4,4test,train,False,0.3487002898453348,2.0,direct,0.2502302822837255,0.20427305415523897,0.31113031778019373
9,bnci004,MMP_merge_then_adapt,CSP,lda,pt,2,2,2,5848,0.05,no_leakage_v1_alpha005,gate_all_sources_proxy_source_only_final_training_only,mmd,,,,,merge_then_adapt,coral,near_nearest_proxy,main,,2,2train,target,False,,,,,,
9,bnci004,MMP_merge_then_adapt,CSP,lda,pt,2,2,2,5848,0.05,no_leakage_v1_alpha005,gate_all_sources_proxy_source_only_final_training_only,mmd,,,,,merge_then_adapt,coral,near_nearest_proxy,final,,2,2train,target,False,,,,,,
9,bnci004,MMP_merge_then_adapt,CSP,lda,pt,2,3,3,5879,0.05,no_leakage_v1_alpha005,gate_all_sources_proxy_source_only_final_training_only,mmd,,,,,merge_then_adapt,coral,near_nearest_proxy,main,0.0,0,0train,far,False,,3.0,direct,0.266599740979781,0.2156519244625697,0.3295600966366989
9,bnci004,MMP_merge_then_adapt,CSP,lda,pt,2,3,3,5879,0.05,no_leakage_v1_alpha005,gate_all_sources_proxy_source_only_final_training_only,mmd,,,,,merge_then_adapt,coral,near_nearest_proxy,anchor,0.0,0,0train,not_used,False,,3.0,direct,0.266599740979781,0.2156519244625697,0.3295600966366989
9,bnci004,MMP_merge_then_adapt,CSP,lda,pt,2,3,3,5879,0.05,no_leakage_v1_alpha005,gate_all_sources_proxy_source_only_final_training_only,mmd,,,,,merge_then_adapt,coral,near_nearest_proxy,final,0.0,0,0train,not_used,False,,3.0,direct,0.266599740979781,0.2156519244625697,0.3295600966366989
9,bnci004,MMP_merge_then_adapt,CSP,lda,pt,2,3,3,5879,0.05,no_leakage_v1_alpha005,gate_all_sources_proxy_source_only_final_training_only,mmd,,,,,merge_then_adapt,coral,near_nearest_proxy,main,1.0,1,1train,far,False,,3.0,direct,0.21812473136836671,0.17213620139057792,0.2723809999636342
9,bnci004,MMP_merge_then_adapt,CSP,lda,pt,2,3,3,5879,0.05,no_leakage_v1_alpha005,gate_all_sources_proxy_source_only_final_training_only,mmd,,,,,merge_then_adapt,coral,near_nearest_proxy,anchor,1.0,1,1train,second_nearest_fallback_source,False,1.0,3.0,direct,0.21812473136836671,0.17213620139057792,0.2723809999636342
9,bnci004,MMP_merge_then_adapt,CSP,lda,pt,2,3,3,5879,0.05,no_leakage_v1_alpha005,gate_all_sources_proxy_source_only_final_training_only,mmd,,,,,merge_then_adapt,coral,near_nearest_proxy,final,1.0,1,1train,not_used,False,,3.0,direct,0.21812473136836671,0.17213620139057792,0.2723809999636342
9,bnci004,MMP_merge_then_adapt,CSP,lda,pt,2,3,3,5879,0.05,no_leakage_v1_alpha005,gate_all_sources_proxy_source_only_final_training_only,mmd,,,,,merge_then_adapt,coral,near_nearest_proxy,main,2.0,2,2train,far,False,,3.0,direct,0.23564007942941592,0.19399014897708117,0.2817620583127725
9,bnci004,MMP_merge_then_adapt,CSP,lda,pt,2,3,3,5879,0.05,no_leakage_v1_alpha005,gate_all_sources_proxy_source_only_final_training_only,mmd,,,,,merge_then_adapt,coral,near_nearest_proxy,anchor,2.0,2,2train,not_used,False,,3.0,direct,0.23564007942941592,0.19399014897708117,0.2817620583127725
9,bnci004,MMP_merge_then_adapt,CSP,lda,pt,2,3,3,5879,0.05,no_leakage_v1_alpha005,gate_all_sources_proxy_source_only_final_training_only,mmd,,,,,merge_then_adapt,coral,near_nearest_proxy,final,2.0,2,2train,not_used,False,,3.0,direct,0.23564007942941592,0.19399014897708117,0.2817620583127725
9,bnci004,MMP_merge_then_adapt,CSP,lda,pt,2,3,3,5879,0.05,no_leakage_v1_alpha005,gate_all_sources_proxy_source_only_final_training_only,mmd,,,,,merge_then_adapt,coral,near_nearest_proxy,main,3.0,4,4test,nearest,True,1.0,3.0,direct,0.08195126537256492,0.0533888238844654,0.11480948433461173
9,bnci004,MMP_merge_then_adapt,CSP,lda,pt,2,3,3,5879,0.05,no_leakage_v1_alpha005,gate_all_sources_proxy_source_only_final_training_only,mmd,,,,,merge_then_adapt,coral,near_nearest_proxy,anchor,3.0,4,4test,target,False,,3.0,direct,0.08195126537256492,0.0533888238844654,0.11480948433461173
9,bnci004,MMP_merge_then_adapt,CSP,lda,pt,2,3,3,5879,0.05,no_leakage_v1_alpha005,gate_all_sources_proxy_source_only_final_training_only,mmd,,,,,merge_then_adapt,coral,near_nearest_proxy,final,3.0,4,4test,train,True,1.0,3.0,direct,0.08195126537256492,0.0533888238844654,0.11480948433461173
9,bnci004,MMP_merge_then_adapt,CSP,lda,pt,2,3,3,5879,0.05,no_leakage_v1_alpha005,gate_all_sources_proxy_source_only_final_training_only,mmd,,,,,merge_then_adapt,coral,near_nearest_proxy,main,,3,3test,target,False,,,,,,
9,bnci004,MMP_merge_then_adapt,CSP,lda,pt,2,3,3,5879,0.05,no_leakage_v1_alpha005,gate_all_sources_proxy_source_only_final_training_only,mmd,,,,,merge_then_adapt,coral,near_nearest_proxy,final,,3,3test,target,False,,,,,,
9,bnci004,MMP_merge_then_adapt,CSP,lda,pt,2,4,4,5910,0.05,no_leakage_v1_alpha005,gate_all_sources_proxy_source_only_final_training_only,mmd,,,,,merge_then_adapt,coral,near_nearest_proxy,main,0.0,0,0train,far,False,,4.0,direct,0.2835052151613315,0.23692338659244322,0.33063298520521894
9,bnci004,MMP_merge_then_adapt,CSP,lda,pt,2,4,4,5910,0.05,no_leakage_v1_alpha005,gate_all_sources_proxy_source_only_final_training_only,mmd,,,,,merge_then_adapt,coral,near_nearest_proxy,anchor,0.0,0,0train,not_used,False,,4.0,direct,0.2835052151613315,0.23692338659244322,0.33063298520521894
9,bnci004,MMP_merge_then_adapt,CSP,lda,pt,2,4,4,5910,0.05,no_leakage_v1_alpha005,gate_all_sources_proxy_source_only_final_training_only,mmd,,,,,merge_then_adapt,coral,near_nearest_proxy,final,0.0,0,0train,not_used,False,,4.0,direct,0.2835052151613315,0.23692338659244322,0.33063298520521894
9,bnci004,MMP_merge_then_adapt,CSP,lda,pt,2,4,4,5910,0.05,no_leakage_v1_alpha005,gate_all_sources_proxy_source_only_final_training_only,mmd,,,,,merge_then_adapt,coral,near_nearest_proxy,main,1.0,1,1train,far,False,,4.0,direct,0.18193822720675443,0.13640543810788572,0.22817480261672302
9,bnci004,MMP_merge_then_adapt,CSP,lda,pt,2,4,4,5910,0.05,no_leakage_v1_alpha005,gate_all_sources_proxy_source_only_final_training_only,mmd,,,,,merge_then_adapt,coral,near_nearest_proxy,anchor,1.0,1,1train,second_nearest_fallback_source,False,1.0,4.0,direct,0.18193822720675443,0.13640543810788572,0.22817480261672302
9,bnci004,MMP_merge_then_adapt,CSP,lda,pt,2,4,4,5910,0.05,no_leakage_v1_alpha005,gate_all_sources_proxy_source_only_final_training_only,mmd,,,,,merge_then_adapt,coral,near_nearest_proxy,final,1.0,1,1train,not_used,False,,4.0,direct,0.18193822720675443,0.13640543810788572,0.22817480261672302
9,bnci004,MMP_merge_then_adapt,CSP,lda,pt,2,4,4,5910,0.05,no_leakage_v1_alpha005,gate_all_sources_proxy_source_only_final_training_only,mmd,,,,,merge_then_adapt,coral,near_nearest_proxy,main,2.0,2,2train,far,False,,4.0,direct,0.23164494658722432,0.19185164794212128,0.2838779946347972
9,bnci004,MMP_merge_then_adapt,CSP,lda,pt,2,4,4,5910,0.05,no_leakage_v1_alpha005,gate_all_sources_proxy_source_only_final_training_only,mmd,,,,,merge_then_adapt,coral,near_nearest_proxy,anchor,2.0,2,2train,not_used,False,,4.0,direct,0.23164494658722432,0.19185164794212128,0.2838779946347972
9,bnci004,MMP_merge_then_adapt,CSP,lda,pt,2,4,4,5910,0.05,no_leakage_v1_alpha005,gate_all_sources_proxy_source_only_final_training_only,mmd,,,,,merge_then_adapt,coral,near_nearest_proxy,final,2.0,2,2train,not_used,False,,4.0,direct,0.23164494658722432,0.19185164794212128,0.2838779946347972
9,bnci004,MMP_merge_then_adapt,CSP,lda,pt,2,4,4,5910,0.05,no_leakage_v1_alpha005,gate_all_sources_proxy_source_only_final_training_only,mmd,,,,,merge_then_adapt,coral,near_nearest_proxy,main,3.0,3,3test,nearest,True,1.0,4.0,direct,0.0806074256511144,0.05383290680016649,0.10677328936182955
9,bnci004,MMP_merge_then_adapt,CSP,lda,pt,2,4,4,5910,0.05,no_leakage_v1_alpha005,gate_all_sources_proxy_source_only_final_training_only,mmd,,,,,merge_then_adapt,coral,near_nearest_proxy,anchor,3.0,3,3test,target,False,,4.0,direct,0.0806074256511144,0.05383290680016649,0.10677328936182955
9,bnci004,MMP_merge_then_adapt,CSP,lda,pt,2,4,4,5910,0.05,no_leakage_v1_alpha005,gate_all_sources_proxy_source_only_final_training_only,mmd,,,,,merge_then_adapt,coral,near_nearest_proxy,final,3.0,3,3test,train,True,1.0,4.0,direct,0.0806074256511144,0.05383290680016649,0.10677328936182955
9,bnci004,MMP_merge_then_adapt,CSP,lda,pt,2,4,4,5910,0.05,no_leakage_v1_alpha005,gate_all_sources_proxy_source_only_final_training_only,mmd,,,,,merge_then_adapt,coral,near_nearest_proxy,main,,4,4test,target,False,,,,,,
9,bnci004,MMP_merge_then_adapt,CSP,lda,pt,2,4,4,5910,0.05,no_leakage_v1_alpha005,gate_all_sources_proxy_source_only_final_training_only,mmd,,,,,merge_then_adapt,coral,near_nearest_proxy,final,,4,4test,target,False,,,,,,
9,bnci004,MMP_merge_then_adapt,CSP,lda,coral,3,0,0,6783,0.05,no_leakage_v1_alpha005,gate_all_sources_proxy_source_only_final_training_only,mmd,,,,,merge_then_adapt,coral,near_nearest_proxy,main,0.0,1,1train,nearest,True,1.0,0.0,direct,0.10791863786037625,0.07391069254890013,0.1457073216890424
9,bnci004,MMP_merge_then_adapt,CSP,lda,coral,3,0,0,6783,0.05,no_leakage_v1_alpha005,gate_all_sources_proxy_source_only_final_training_only,mmd,,,,,merge_then_adapt,coral,near_nearest_proxy,anchor,0.0,1,1train,target,False,,0.0,direct,0.10791863786037625,0.07391069254890013,0.1457073216890424
9,bnci004,MMP_merge_then_adapt,CSP,lda,coral,3,0,0,6783,0.05,no_leakage_v1_alpha005,gate_all_sources_proxy_source_only_final_training_only,mmd,,,,,merge_then_adapt,coral,near_nearest_proxy,final,0.0,1,1train,train,True,1.0,0.0,direct,0.10791863786037625,0.07391069254890013,0.1457073216890424
9,bnci004,MMP_merge_then_adapt,CSP,lda,coral,3,0,0,6783,0.05,no_leakage_v1_alpha005,gate_all_sources_proxy_source_only_final_training_only,mmd,,,,,merge_then_adapt,coral,near_nearest_proxy,main,1.0,2,2train,far,False,,0.0,direct,0.5444772488121817,0.48397846869013006,0.6019306193805745
9,bnci004,MMP_merge_then_adapt,CSP,lda,coral,3,0,0,6783,0.05,no_leakage_v1_alpha005,gate_all_sources_proxy_source_only_final_training_only,mmd,,,,,merge_then_adapt,coral,near_nearest_proxy,anchor,1.0,2,2train,not_used,False,,0.0,direct,0.5444772488121817,0.48397846869013006,0.6019306193805745
9,bnci004,MMP_merge_then_adapt,CSP,lda,coral,3,0,0,6783,0.05,no_leakage_v1_alpha005,gate_all_sources_proxy_source_only_final_training_only,mmd,,,,,merge_then_adapt,coral,near_nearest_proxy,final,1.0,2,2train,not_used,False,,0.0,direct,0.5444772488121817,0.48397846869013006,0.6019306193805745
9,bnci004,MMP_merge_then_adapt,CSP,lda,coral,3,0,0,6783,0.05,no_leakage_v1_alpha005,gate_all_sources_proxy_source_only_final_training_only,mmd,,,,,merge_then_adapt,coral,near_nearest_proxy,main,2.0,3,3test,far,False,,0.0,direct,0.3601769042353479,0.29009874381591577,0.4405188623859416
9,bnci004,MMP_merge_then_adapt,CSP,lda,coral,3,0,0,6783,0.05,no_leakage_v1_alpha005,gate_all_sources_proxy_source_only_final_training_only,mmd,,,,,merge_then_adapt,coral,near_nearest_proxy,anchor,2.0,3,3test,second_nearest_fallback_source,False,1.0,0.0,direct,0.3601769042353479,0.29009874381591577,0.4405188623859416
9,bnci004,MMP_merge_then_adapt,CSP,lda,coral,3,0,0,6783,0.05,no_leakage_v1_alpha005,gate_all_sources_proxy_source_only_final_training_only,mmd,,,,,merge_then_adapt,coral,near_nearest_proxy,final,2.0,3,3test,not_used,False,,0.0,direct,0.3601769042353479,0.29009874381591577,0.4405188623859416
9,bnci004,MMP_merge_then_adapt,CSP,lda,coral,3,0,0,6783,0.05,no_leakage_v1_alpha005,gate_all_sources_proxy_source_only_final_training_only,mmd,,,,,merge_then_adapt,coral,near_nearest_proxy,main,3.0,4,4test,far,False,,0.0,direct,0.4749302891921891,0.40129665082064225,0.5377374734782029
9,bnci004,MMP_merge_then_adapt,CSP,lda,coral,3,0,0,6783,0.05,no_leakage_v1_alpha005,gate_all_sources_proxy_source_only_final_training_only,mmd,,,,,merge_then_adapt,coral,near_nearest_proxy,anchor,3.0,4,4test,not_used,False,,0.0,direct,0.4749302891921891,0.40129665082064225,0.5377374734782029
9,bnci004,MMP_merge_then_adapt,CSP,lda,coral,3,0,0,6783,0.05,no_leakage_v1_alpha005,gate_all_sources_proxy_source_only_final_training_only,mmd,,,,,merge_then_adapt,coral,near_nearest_proxy,final,3.0,4,4test,not_used,False,,0.0,direct,0.4749302891921891,0.40129665082064225,0.5377374734782029
9,bnci004,MMP_merge_then_adapt,CSP,lda,coral,3,0,0,6783,0.05,no_leakage_v1_alpha005,gate_all_sources_proxy_source_only_final_training_only,mmd,,,,,merge_then_adapt,coral,near_nearest_proxy,main,,0,0train,target,False,,,,,,
9,bnci004,MMP_merge_then_adapt,CSP,lda,coral,3,0,0,6783,0.05,no_leakage_v1_alpha005,gate_all_sources_proxy_source_only_final_training_only,mmd,,,,,merge_then_adapt,coral,near_nearest_proxy,final,,0,0train,target,False,,,,,,
9,bnci004,MMP_merge_then_adapt,CSP,lda,coral,3,1,1,6814,0.05,no_leakage_v1_alpha005,gate_all_sources_proxy_source_only_final_training_only,mmd,,,,,merge_then_adapt,coral,near_nearest_proxy,main,0.0,0,0train,nearest,True,1.0,1.0,direct,0.10517960099055702,0.06477240859071472,0.152677182829816
9,bnci004,MMP_merge_then_adapt,CSP,lda,coral,3,1,1,6814,0.05,no_leakage_v1_alpha005,gate_all_sources_proxy_source_only_final_training_only,mmd,,,,,merge_then_adapt,coral,near_nearest_proxy,anchor,0.0,0,0train,target,False,,1.0,direct,0.10517960099055702,0.06477240859071472,0.152677182829816
9,bnci004,MMP_merge_then_adapt,CSP,lda,coral,3,1,1,6814,0.05,no_leakage_v1_alpha005,gate_all_sources_proxy_source_only_final_training_only,mmd,,,,,merge_then_adapt,coral,near_nearest_proxy,final,0.0,0,0train,train,True,1.0,1.0,direct,0.10517960099055702,0.06477240859071472,0.152677182829816
9,bnci004,MMP_merge_then_adapt,CSP,lda,coral,3,1,1,6814,0.05,no_leakage_v1_alpha005,gate_all_sources_proxy_source_only_final_training_only,mmd,,,,,merge_then_adapt,coral,near_nearest_proxy,main,1.0,2,2train,far,False,,1.0,direct,0.4124477666768683,0.3372767545524865,0.48034597435558507
9,bnci004,MMP_merge_then_adapt,CSP,lda,coral,3,1,1,6814,0.05,no_leakage_v1_alpha005,gate_all_sources_proxy_source_only_final_training_only,mmd,,,,,merge_then_adapt,coral,near_nearest_proxy,anchor,1.0,2,2train,not_used,False,,1.0,direct,0.4124477666768683,0.3372767545524865,0.48034597435558507
9,bnci004,MMP_merge_then_adapt,CSP,lda,coral,3,1,1,6814,0.05,no_leakage_v1_alpha005,gate_all_sources_proxy_source_only_final_training_only,mmd,,,,,merge_then_adapt,coral,near_nearest_proxy,final,1.0,2,2train,not_used,False,,1.0,direct,0.4124477666768683,0.3372767545524865,0.48034597435558507
9,bnci004,MMP_merge_then_adapt,CSP,lda,coral,3,1,1,6814,0.05,no_leakage_v1_alpha005,gate_all_sources_proxy_source_only_final_training_only,mmd,,,,,merge_then_adapt,coral,near_nearest_proxy,main,2.0,3,3test,far,False,,1.0,direct,0.2782461613342518,0.2152432966677554,0.344159626134018
9,bnci004,MMP_merge_then_adapt,CSP,lda,coral,3,1,1,6814,0.05,no_leakage_v1_alpha005,gate_all_sources_proxy_source_only_final_training_only,mmd,,,,,merge_then_adapt,coral,near_nearest_proxy,anchor,2.0,3,3test,not_used,False,,1.0,direct,0.2782461613342518,0.2152432966677554,0.344159626134018
9,bnci004,MMP_merge_then_adapt,CSP,lda,coral,3,1,1,6814,0.05,no_leakage_v1_alpha005,gate_all_sources_proxy_source_only_final_training_only,mmd,,,,,merge_then_adapt,coral,near_nearest_proxy,final,2.0,3,3test,not_used,False,,1.0,direct,0.2782461613342518,0.2152432966677554,0.344159626134018
9,bnci004,MMP_merge_then_adapt,CSP,lda,coral,3,1,1,6814,0.05,no_leakage_v1_alpha005,gate_all_sources_proxy_source_only_final_training_only,mmd,,,,,merge_then_adapt,coral,near_nearest_proxy,main,3.0,4,4test,far,False,,1.0,direct,0.2638240961038349,0.20660560704526149,0.3242390867854792
9,bnci004,MMP_merge_then_adapt,CSP,lda,coral,3,1,1,6814,0.05,no_leakage_v1_alpha005,gate_all_sources_proxy_source_only_final_training_only,mmd,,,,,merge_then_adapt,coral,near_nearest_proxy,anchor,3.0,4,4test,second_nearest_fallback_source,False,1.0,1.0,direct,0.2638240961038349,0.20660560704526149,0.3242390867854792
9,bnci004,MMP_merge_then_adapt,CSP,lda,coral,3,1,1,6814,0.05,no_leakage_v1_alpha005,gate_all_sources_proxy_source_only_final_training_only,mmd,,,,,merge_then_adapt,coral,near_nearest_proxy,final,3.0,4,4test,not_used,False,,1.0,direct,0.2638240961038349,0.20660560704526149,0.3242390867854792
9,bnci004,MMP_merge_then_adapt,CSP,lda,coral,3,1,1,6814,0.05,no_leakage_v1_alpha005,gate_all_sources_proxy_source_only_final_training_only,mmd,,,,,merge_then_adapt,coral,near_nearest_proxy,main,,1,1train,target,False,,,,,,
9,bnci004,MMP_merge_then_adapt,CSP,lda,coral,3,1,1,6814,0.05,no_leakage_v1_alpha005,gate_all_sources_proxy_source_only_final_training_only,mmd,,,,,merge_then_adapt,coral,near_nearest_proxy,final,,1,1train,target,False,,,,,,
9,bnci004,MMP_merge_then_adapt,CSP,lda,coral,3,2,2,6845,0.05,no_leakage_v1_alpha005,gate_all_sources_proxy_source_only_final_training_only,mmd,,,,,merge_then_adapt,coral,near_nearest_proxy,main,0.0,0,0train,far,False,,2.0,direct,0.3557718800870755,0.3159935276872203,0.40657527134055405
9,bnci004,MMP_merge_then_adapt,CSP,lda,coral,3,2,2,6845,0.05,no_leakage_v1_alpha005,gate_all_sources_proxy_source_only_final_training_only,mmd,,,,,merge_then_adapt,coral,near_nearest_proxy,anchor,0.0,0,0train,not_used,False,,2.0,direct,0.3557718800870755,0.3159935276872203,0.40657527134055405
9,bnci004,MMP_merge_then_adapt,CSP,lda,coral,3,2,2,6845,0.05,no_leakage_v1_alpha005,gate_all_sources_proxy_source_only_final_training_only,mmd,,,,,merge_then_adapt,coral,near_nearest_proxy,final,0.0,0,0train,not_used,False,,2.0,direct,0.3557718800870755,0.3159935276872203,0.40657527134055405
9,bnci004,MMP_merge_then_adapt,CSP,lda,coral,3,2,2,6845,0.05,no_leakage_v1_alpha005,gate_all_sources_proxy_source_only_final_training_only,mmd,,,,,merge_then_adapt,coral,near_nearest_proxy,main,1.0,1,1train,near,False,0.2910404466315601,2.0,direct,0.30166849121746186,0.2441013912193007,0.35602953063851855
9,bnci004,MMP_merge_then_adapt,CSP,lda,coral,3,2,2,6845,0.05,no_leakage_v1_alpha005,gate_all_sources_proxy_source_only_final_training_only,mmd,,,,,merge_then_adapt,coral,near_nearest_proxy,anchor,1.0,1,1train,proxy_source,False,0.4531644594678451,2.0,direct,0.30166849121746186,0.2441013912193007,0.35602953063851855
9,bnci004,MMP_merge_then_adapt,CSP,lda,coral,3,2,2,6845,0.05,no_leakage_v1_alpha005,gate_all_sources_proxy_source_only_final_training_only,mmd,,,,,merge_then_adapt,coral,near_nearest_proxy,final,1.0,1,1train,train,False,0.2910404466315601,2.0,direct,0.30166849121746186,0.2441013912193007,0.35602953063851855
9,bnci004,MMP_merge_then_adapt,CSP,lda,coral,3,2,2,6845,0.05,no_leakage_v1_alpha005,gate_all_sources_proxy_source_only_final_training_only,mmd,,,,,merge_then_adapt,coral,near_nearest_proxy,main,2.0,3,3test,nearest,True,0.35775977009906873,2.0,direct,0.24540955422395055,0.2011717109725342,0.2842579362213308
9,bnci004,MMP_merge_then_adapt,CSP,lda,coral,3,2,2,6845,0.05,no_leakage_v1_alpha005,gate_all_sources_proxy_source_only_final_training_only,mmd,,,,,merge_then_adapt,coral,near_nearest_proxy,anchor,2.0,3,3test,target,False,,2.0,direct,0.24540955422395055,0.2011717109725342,0.2842579362213308
9,bnci004,MMP_merge_then_adapt,CSP,lda,coral,3,2,2,6845,0.05,no_leakage_v1_alpha005,gate_all_sources_proxy_source_only_final_training_only,mmd,,,,,merge_then_adapt,coral,near_nearest_proxy,final,2.0,3,3test,train,True,0.35775977009906873,2.0,direct,0.24540955422395055,0.2011717109725342,0.2842579362213308
9,bnci004,MMP_merge_then_adapt,CSP,lda,coral,3,2,2,6845,0.05,no_leakage_v1_alpha005,gate_all_sources_proxy_source_only_final_training_only,mmd,,,,,merge_then_adapt,coral,near_nearest_proxy,main,3.0,4,4test,near,False,0.3511997832693712,2.0,direct,0.24999352631126562,0.20256525173741724,0.3069407878242286
9,bnci004,MMP_merge_then_adapt,CSP,lda,coral,3,2,2,6845,0.05,no_leakage_v1_alpha005,gate_all_sources_proxy_source_only_final_training_only,mmd,,,,,merge_then_adapt,coral,near_nearest_proxy,anchor,3.0,4,4test,proxy_source,False,0.5468355405321549,2.0,direct,0.24999352631126562,0.20256525173741724,0.3069407878242286
9,bnci004,MMP_merge_then_adapt,CSP,lda,coral,3,2,2,6845,0.05,no_leakage_v1_alpha005,gate_all_sources_proxy_source_only_final_training_only,mmd,,,,,merge_then_adapt,coral,near_nearest_proxy,final,3.0,4,4test,train,False,0.3511997832693712,2.0,direct,0.24999352631126562,0.20256525173741724,0.3069407878242286
9,bnci004,MMP_merge_then_adapt,CSP,lda,coral,3,2,2,6845,0.05,no_leakage_v1_alpha005,gate_all_sources_proxy_source_only_final_training_only,mmd,,,,,merge_then_adapt,coral,near_nearest_proxy,main,,2,2train,target,False,,,,,,
9,bnci004,MMP_merge_then_adapt,CSP,lda,coral,3,2,2,6845,0.05,no_leakage_v1_alpha005,gate_all_sources_proxy_source_only_final_training_only,mmd,,,,,merge_then_adapt,coral,near_nearest_proxy,final,,2,2train,target,False,,,,,,
9,bnci004,MMP_merge_then_adapt,CSP,lda,coral,3,3,3,6876,0.05,no_leakage_v1_alpha005,gate_all_sources_proxy_source_only_final_training_only,mmd,,,,,merge_then_adapt,coral,near_nearest_proxy,main,0.0,0,0train,far,False,,3.0,direct,0.26681318925698105,0.21586726678413395,0.32543617103755385
9,bnci004,MMP_merge_then_adapt,CSP,lda,coral,3,3,3,6876,0.05,no_leakage_v1_alpha005,gate_all_sources_proxy_source_only_final_training_only,mmd,,,,,merge_then_adapt,coral,near_nearest_proxy,anchor,0.0,0,0train,not_used,False,,3.0,direct,0.26681318925698105,0.21586726678413395,0.32543617103755385
9,bnci004,MMP_merge_then_adapt,CSP,lda,coral,3,3,3,6876,0.05,no_leakage_v1_alpha005,gate_all_sources_proxy_source_only_final_training_only,mmd,,,,,merge_then_adapt,coral,near_nearest_proxy,final,0.0,0,0train,not_used,False,,3.0,direct,0.26681318925698105,0.21586726678413395,0.32543617103755385
9,bnci004,MMP_merge_then_adapt,CSP,lda,coral,3,3,3,6876,0.05,no_leakage_v1_alpha005,gate_all_sources_proxy_source_only_final_training_only,mmd,,,,,merge_then_adapt,coral,near_nearest_proxy,main,1.0,1,1train,far,False,,3.0,direct,0.22017757690806772,0.1764026693221287,0.2738837262520242
9,bnci004,MMP_merge_then_adapt,CSP,lda,coral,3,3,3,6876,0.05,no_leakage_v1_alpha005,gate_all_sources_proxy_source_only_final_training_only,mmd,,,,,merge_then_adapt,coral,near_nearest_proxy,anchor,1.0,1,1train,second_nearest_fallback_source,False,1.0,3.0,direct,0.22017757690806772,0.1764026693221287,0.2738837262520242
9,bnci004,MMP_merge_then_adapt,CSP,lda,coral,3,3,3,6876,0.05,no_leakage_v1_alpha005,gate_all_sources_proxy_source_only_final_training_only,mmd,,,,,merge_then_adapt,coral,near_nearest_proxy,final,1.0,1,1train,not_used,False,,3.0,direct,0.22017757690806772,0.1764026693221287,0.2738837262520242
9,bnci004,MMP_merge_then_adapt,CSP,lda,coral,3,3,3,6876,0.05,no_leakage_v1_alpha005,gate_all_sources_proxy_source_only_final_training_only,mmd,,,,,merge_then_adapt,coral,near_nearest_proxy,main,2.0,2,2train,far,False,,3.0,direct,0.23462614299736106,0.1985891734759537,0.2807760470354407
9,bnci004,MMP_merge_then_adapt,CSP,lda,coral,3,3,3,6876,0.05,no_leakage_v1_alpha005,gate_all_sources_proxy_source_only_final_training_only,mmd,,,,,merge_then_adapt,coral,near_nearest_proxy,anchor,2.0,2,2train,not_used,False,,3.0,direct,0.23462614299736106,0.1985891734759537,0.2807760470354407
9,bnci004,MMP_merge_then_adapt,CSP,lda,coral,3,3,3,6876,0.05,no_leakage_v1_alpha005,gate_all_sources_proxy_source_only_final_training_only,mmd,,,,,merge_then_adapt,coral,near_nearest_proxy,final,2.0,2,2train,not_used,False,,3.0,direct,0.23462614299736106,0.1985891734759537,0.2807760470354407
9,bnci004,MMP_merge_then_adapt,CSP,lda,coral,3,3,3,6876,0.05,no_leakage_v1_alpha005,gate_all_sources_proxy_source_only_final_training_only,mmd,,,,,merge_then_adapt,coral,near_nearest_proxy,main,3.0,4,4test,nearest,True,1.0,3.0,direct,0.08235149016973903,0.05744952301068591,0.11601455257347576
9,bnci004,MMP_merge_then_adapt,CSP,lda,coral,3,3,3,6876,0.05,no_leakage_v1_alpha005,gate_all_sources_proxy_source_only_final_training_only,mmd,,,,,merge_then_adapt,coral,near_nearest_proxy,anchor,3.0,4,4test,target,False,,3.0,direct,0.08235149016973903,0.05744952301068591,0.11601455257347576
9,bnci004,MMP_merge_then_adapt,CSP,lda,coral,3,3,3,6876,0.05,no_leakage_v1_alpha005,gate_all_sources_proxy_source_only_final_training_only,mmd,,,,,merge_then_adapt,coral,near_nearest_proxy,final,3.0,4,4test,train,True,1.0,3.0,direct,0.08235149016973903,0.05744952301068591,0.11601455257347576
9,bnci004,MMP_merge_then_adapt,CSP,lda,coral,3,3,3,6876,0.05,no_leakage_v1_alpha005,gate_all_sources_proxy_source_only_final_training_only,mmd,,,,,merge_then_adapt,coral,near_nearest_proxy,main,,3,3test,target,False,,,,,,
9,bnci004,MMP_merge_then_adapt,CSP,lda,coral,3,3,3,6876,0.05,no_leakage_v1_alpha005,gate_all_sources_proxy_source_only_final_training_only,mmd,,,,,merge_then_adapt,coral,near_nearest_proxy,final,,3,3test,target,False,,,,,,
9,bnci004,MMP_merge_then_adapt,CSP,lda,coral,3,4,4,6907,0.05,no_leakage_v1_alpha005,gate_all_sources_proxy_source_only_final_training_only,mmd,,,,,merge_then_adapt,coral,near_nearest_proxy,main,0.0,0,0train,far,False,,4.0,direct,0.2851320095100205,0.2453916567254124,0.33005809175035916
9,bnci004,MMP_merge_then_adapt,CSP,lda,coral,3,4,4,6907,0.05,no_leakage_v1_alpha005,gate_all_sources_proxy_source_only_final_training_only,mmd,,,,,merge_then_adapt,coral,near_nearest_proxy,anchor,0.0,0,0train,not_used,False,,4.0,direct,0.2851320095100205,0.2453916567254124,0.33005809175035916
9,bnci004,MMP_merge_then_adapt,CSP,lda,coral,3,4,4,6907,0.05,no_leakage_v1_alpha005,gate_all_sources_proxy_source_only_final_training_only,mmd,,,,,merge_then_adapt,coral,near_nearest_proxy,final,0.0,0,0train,not_used,False,,4.0,direct,0.2851320095100205,0.2453916567254124,0.33005809175035916
9,bnci004,MMP_merge_then_adapt,CSP,lda,coral,3,4,4,6907,0.05,no_leakage_v1_alpha005,gate_all_sources_proxy_source_only_final_training_only,mmd,,,,,merge_then_adapt,coral,near_nearest_proxy,main,1.0,1,1train,far,False,,4.0,direct,0.18420721194206258,0.14546436543437172,0.23375609931786479
9,bnci004,MMP_merge_then_adapt,CSP,lda,coral,3,4,4,6907,0.05,no_leakage_v1_alpha005,gate_all_sources_proxy_source_only_final_training_only,mmd,,,,,merge_then_adapt,coral,near_nearest_proxy,anchor,1.0,1,1train,second_nearest_fallback_source,False,1.0,4.0,direct,0.18420721194206258,0.14546436543437172,0.23375609931786479
9,bnci004,MMP_merge_then_adapt,CSP,lda,coral,3,4,4,6907,0.05,no_leakage_v1_alpha005,gate_all_sources_proxy_source_only_final_training_only,mmd,,,,,merge_then_adapt,coral,near_nearest_proxy,final,1.0,1,1train,not_used,False,,4.0,direct,0.18420721194206258,0.14546436543437172,0.23375609931786479
9,bnci004,MMP_merge_then_adapt,CSP,lda,coral,3,4,4,6907,0.05,no_leakage_v1_alpha005,gate_all_sources_proxy_source_only_final_training_only,mmd,,,,,merge_then_adapt,coral,near_nearest_proxy,main,2.0,2,2train,far,False,,4.0,direct,0.22922453861292655,0.18585422272065075,0.2809892611945084
9,bnci004,MMP_merge_then_adapt,CSP,lda,coral,3,4,4,6907,0.05,no_leakage_v1_alpha005,gate_all_sources_proxy_source_only_final_training_only,mmd,,,,,merge_then_adapt,coral,near_nearest_proxy,anchor,2.0,2,2train,not_used,False,,4.0,direct,0.22922453861292655,0.18585422272065075,0.2809892611945084
9,bnci004,MMP_merge_then_adapt,CSP,lda,coral,3,4,4,6907,0.05,no_leakage_v1_alpha005,gate_all_sources_proxy_source_only_final_training_only,mmd,,,,,merge_then_adapt,coral,near_nearest_proxy,final,2.0,2,2train,not_used,False,,4.0,direct,0.22922453861292655,0.18585422272065075,0.2809892611945084
9,bnci004,MMP_merge_then_adapt,CSP,lda,coral,3,4,4,6907,0.05,no_leakage_v1_alpha005,gate_all_sources_proxy_source_only_final_training_only,mmd,,,,,merge_then_adapt,coral,near_nearest_proxy,main,3.0,3,3test,nearest,True,1.0,4.0,direct,0.08226242297304723,0.05663722266481266,0.1103012673030729
9,bnci004,MMP_merge_then_adapt,CSP,lda,coral,3,4,4,6907,0.05,no_leakage_v1_alpha005,gate_all_sources_proxy_source_only_final_training_only,mmd,,,,,merge_then_adapt,coral,near_nearest_proxy,anchor,3.0,3,3test,target,False,,4.0,direct,0.08226242297304723,0.05663722266481266,0.1103012673030729
9,bnci004,MMP_merge_then_adapt,CSP,lda,coral,3,4,4,6907,0.05,no_leakage_v1_alpha005,gate_all_sources_proxy_source_only_final_training_only,mmd,,,,,merge_then_adapt,coral,near_nearest_proxy,final,3.0,3,3test,train,True,1.0,4.0,direct,0.08226242297304723,0.05663722266481266,0.1103012673030729
9,bnci004,MMP_merge_then_adapt,CSP,lda,coral,3,4,4,6907,0.05,no_leakage_v1_alpha005,gate_all_sources_proxy_source_only_final_training_only,mmd,,,,,merge_then_adapt,coral,near_nearest_proxy,main,,4,4test,target,False,,,,,,
9,bnci004,MMP_merge_then_adapt,CSP,lda,coral,3,4,4,6907,0.05,no_leakage_v1_alpha005,gate_all_sources_proxy_source_only_final_training_only,mmd,,,,,merge_then_adapt,coral,near_nearest_proxy,final,,4,4test,target,False,,,,,,
9,bnci004,MMP_merge_then_adapt,CSP,svm_radial,none,4,0,0,7780,0.05,no_leakage_v1_alpha005,gate_all_sources_proxy_source_only_final_training_only,mmd,,,,,merge_then_adapt,coral,near_nearest_proxy,main,0.0,1,1train,nearest,True,1.0,0.0,direct,0.11052475486033791,0.0734102722157893,0.15992972188038318
9,bnci004,MMP_merge_then_adapt,CSP,svm_radial,none,4,0,0,7780,0.05,no_leakage_v1_alpha005,gate_all_sources_proxy_source_only_final_training_only,mmd,,,,,merge_then_adapt,coral,near_nearest_proxy,anchor,0.0,1,1train,target,False,,0.0,direct,0.11052475486033791,0.0734102722157893,0.15992972188038318
9,bnci004,MMP_merge_then_adapt,CSP,svm_radial,none,4,0,0,7780,0.05,no_leakage_v1_alpha005,gate_all_sources_proxy_source_only_final_training_only,mmd,,,,,merge_then_adapt,coral,near_nearest_proxy,final,0.0,1,1train,train,True,1.0,0.0,direct,0.11052475486033791,0.0734102722157893,0.15992972188038318
9,bnci004,MMP_merge_then_adapt,CSP,svm_radial,none,4,0,0,7780,0.05,no_leakage_v1_alpha005,gate_all_sources_proxy_source_only_final_training_only,mmd,,,,,merge_then_adapt,coral,near_nearest_proxy,main,1.0,2,2train,far,False,,0.0,direct,0.5443886740809605,0.47080489636090217,0.609699523974849
9,bnci004,MMP_merge_then_adapt,CSP,svm_radial,none,4,0,0,7780,0.05,no_leakage_v1_alpha005,gate_all_sources_proxy_source_only_final_training_only,mmd,,,,,merge_then_adapt,coral,near_nearest_proxy,anchor,1.0,2,2train,not_used,False,,0.0,direct,0.5443886740809605,0.47080489636090217,0.609699523974849
9,bnci004,MMP_merge_then_adapt,CSP,svm_radial,none,4,0,0,7780,0.05,no_leakage_v1_alpha005,gate_all_sources_proxy_source_only_final_training_only,mmd,,,,,merge_then_adapt,coral,near_nearest_proxy,final,1.0,2,2train,not_used,False,,0.0,direct,0.5443886740809605,0.47080489636090217,0.609699523974849
9,bnci004,MMP_merge_then_adapt,CSP,svm_radial,none,4,0,0,7780,0.05,no_leakage_v1_alpha005,gate_all_sources_proxy_source_only_final_training_only,mmd,,,,,merge_then_adapt,coral,near_nearest_proxy,main,2.0,3,3test,far,False,,0.0,direct,0.36783077025222205,0.2904672506438192,0.4453037778413151
9,bnci004,MMP_merge_then_adapt,CSP,svm_radial,none,4,0,0,7780,0.05,no_leakage_v1_alpha005,gate_all_sources_proxy_source_only_final_training_only,mmd,,,,,merge_then_adapt,coral,near_nearest_proxy,anchor,2.0,3,3test,second_nearest_fallback_source,False,1.0,0.0,direct,0.36783077025222205,0.2904672506438192,0.4453037778413151
9,bnci004,MMP_merge_then_adapt,CSP,svm_radial,none,4,0,0,7780,0.05,no_leakage_v1_alpha005,gate_all_sources_proxy_source_only_final_training_only,mmd,,,,,merge_then_adapt,coral,near_nearest_proxy,final,2.0,3,3test,not_used,False,,0.0,direct,0.36783077025222205,0.2904672506438192,0.4453037778413151
9,bnci004,MMP_merge_then_adapt,CSP,svm_radial,none,4,0,0,7780,0.05,no_leakage_v1_alpha005,gate_all_sources_proxy_source_only_final_training_only,mmd,,,,,merge_then_adapt,coral,near_nearest_proxy,main,3.0,4,4test,far,False,,0.0,direct,0.468586348237017,0.39997720932958564,0.552350792608672
9,bnci004,MMP_merge_then_adapt,CSP,svm_radial,none,4,0,0,7780,0.05,no_leakage_v1_alpha005,gate_all_sources_proxy_source_only_final_training_only,mmd,,,,,merge_then_adapt,coral,near_nearest_proxy,anchor,3.0,4,4test,not_used,False,,0.0,direct,0.468586348237017,0.39997720932958564,0.552350792608672
9,bnci004,MMP_merge_then_adapt,CSP,svm_radial,none,4,0,0,7780,0.05,no_leakage_v1_alpha005,gate_all_sources_proxy_source_only_final_training_only,mmd,,,,,merge_then_adapt,coral,near_nearest_proxy,final,3.0,4,4test,not_used,False,,0.0,direct,0.468586348237017,0.39997720932958564,0.552350792608672
9,bnci004,MMP_merge_then_adapt,CSP,svm_radial,none,4,0,0,7780,0.05,no_leakage_v1_alpha005,gate_all_sources_proxy_source_only_final_training_only,mmd,,,,,merge_then_adapt,coral,near_nearest_proxy,main,,0,0train,target,False,,,,,,
9,bnci004,MMP_merge_then_adapt,CSP,svm_radial,none,4,0,0,7780,0.05,no_leakage_v1_alpha005,gate_all_sources_proxy_source_only_final_training_only,mmd,,,,,merge_then_adapt,coral,near_nearest_proxy,final,,0,0train,target,False,,,,,,
9,bnci004,MMP_merge_then_adapt,CSP,svm_radial,none,4,1,1,7811,0.05,no_leakage_v1_alpha005,gate_all_sources_proxy_source_only_final_training_only,mmd,,,,,merge_then_adapt,coral,near_nearest_proxy,main,0.0,0,0train,nearest,True,1.0,1.0,direct,0.10277771097741323,0.06756340112567874,0.13725817424617556
9,bnci004,MMP_merge_then_adapt,CSP,svm_radial,none,4,1,1,7811,0.05,no_leakage_v1_alpha005,gate_all_sources_proxy_source_only_final_training_only,mmd,,,,,merge_then_adapt,coral,near_nearest_proxy,anchor,0.0,0,0train,target,False,,1.0,direct,0.10277771097741323,0.06756340112567874,0.13725817424617556
9,bnci004,MMP_merge_then_adapt,CSP,svm_radial,none,4,1,1,7811,0.05,no_leakage_v1_alpha005,gate_all_sources_proxy_source_only_final_training_only,mmd,,,,,merge_then_adapt,coral,near_nearest_proxy,final,0.0,0,0train,train,True,1.0,1.0,direct,0.10277771097741323,0.06756340112567874,0.13725817424617556
9,bnci004,MMP_merge_then_adapt,CSP,svm_radial,none,4,1,1,7811,0.05,no_leakage_v1_alpha005,gate_all_sources_proxy_source_only_final_training_only,mmd,,,,,merge_then_adapt,coral,near_nearest_proxy,main,1.0,2,2train,far,False,,1.0,direct,0.4072233735015673,0.3354096742167497,0.47216931266768314
9,bnci004,MMP_merge_then_adapt,CSP,svm_radial,none,4,1,1,7811,0.05,no_leakage_v1_alpha005,gate_all_sources_proxy_source_only_final_training_only,mmd,,,,,merge_then_adapt,coral,near_nearest_proxy,anchor,1.0,2,2train,not_used,False,,1.0,direct,0.4072233735015673,0.3354096742167497,0.47216931266768314
9,bnci004,MMP_merge_then_adapt,CSP,svm_radial,none,4,1,1,7811,0.05,no_leakage_v1_alpha005,gate_all_sources_proxy_source_only_final_training_only,mmd,,,,,merge_then_adapt,coral,near_nearest_proxy,final,1.0,2,2train,not_used,False,,1.0,direct,0.4072233735015673,0.3354096742167497,0.47216931266768314
9,bnci004,MMP_merge_then_adapt,CSP,svm_radial,none,4,1,1,7811,0.05,no_leakage_v1_alpha005,gate_all_sources_proxy_source_only_final_training_only,mmd,,,,,merge_then_adapt,coral,near_nearest_proxy,main,2.0,3,3test,far,False,,1.0,direct,0.27890783563129284,0.21830990908113454,0.3592063418145167
9,bnci004,MMP_merge_then_adapt,CSP,svm_radial,none,4,1,1,7811,0.05,no_leakage_v1_alpha005,gate_all_sources_proxy_source_only_final_training_only,mmd,,,,,merge_then_adapt,coral,near_nearest_proxy,anchor,2.0,3,3test,not_used,False,,1.0,direct,0.27890783563129284,0.21830990908113454,0.3592063418145167
9,bnci004,MMP_merge_then_adapt,CSP,svm_radial,none,4,1,1,7811,0.05,no_leakage_v1_alpha005,gate_all_sources_proxy_source_only_final_training_only,mmd,,,,,merge_then_adapt,coral,near_nearest_proxy,final,2.0,3,3test,not_used,False,,1.0,direct,0.27890783563129284,0.21830990908113454,0.3592063418145167
9,bnci004,MMP_merge_then_adapt,CSP,svm_radial,none,4,1,1,7811,0.05,no_leakage_v1_alpha005,gate_all_sources_proxy_source_only_final_training_only,mmd,,,,,merge_then_adapt,coral,near_nearest_proxy,main,3.0,4,4test,far,False,,1.0,direct,0.26616331171442853,0.2037735833344645,0.33869186564718096
9,bnci004,MMP_merge_then_adapt,CSP,svm_radial,none,4,1,1,7811,0.05,no_leakage_v1_alpha005,gate_all_sources_proxy_source_only_final_training_only,mmd,,,,,merge_then_adapt,coral,near_nearest_proxy,anchor,3.0,4,4test,second_nearest_fallback_source,False,1.0,1.0,direct,0.26616331171442853,0.2037735833344645,0.33869186564718096
9,bnci004,MMP_merge_then_adapt,CSP,svm_radial,none,4,1,1,7811,0.05,no_leakage_v1_alpha005,gate_all_sources_proxy_source_only_final_training_only,mmd,,,,,merge_then_adapt,coral,near_nearest_proxy,final,3.0,4,4test,not_used,False,,1.0,direct,0.26616331171442853,0.2037735833344645,0.33869186564718096
9,bnci004,MMP_merge_then_adapt,CSP,svm_radial,none,4,1,1,7811,0.05,no_leakage_v1_alpha005,gate_all_sources_proxy_source_only_final_training_only,mmd,,,,,merge_then_adapt,coral,near_nearest_proxy,main,,1,1train,target,False,,,,,,
9,bnci004,MMP_merge_then_adapt,CSP,svm_radial,none,4,1,1,7811,0.05,no_leakage_v1_alpha005,gate_all_sources_proxy_source_only_final_training_only,mmd,,,,,merge_then_adapt,coral,near_nearest_proxy,final,,1,1train,target,False,,,,,,
9,bnci004,MMP_merge_then_adapt,CSP,svm_radial,none,4,2,2,7842,0.05,no_leakage_v1_alpha005,gate_all_sources_proxy_source_only_final_training_only,mmd,,,,,merge_then_adapt,coral,near_nearest_proxy,main,0.0,0,0train,far,False,,2.0,direct,0.35279941718594415,0.31160098904870903,0.4034699301195064
9,bnci004,MMP_merge_then_adapt,CSP,svm_radial,none,4,2,2,7842,0.05,no_leakage_v1_alpha005,gate_all_sources_proxy_source_only_final_training_only,mmd,,,,,merge_then_adapt,coral,near_nearest_proxy,anchor,0.0,0,0train,not_used,False,,2.0,direct,0.35279941718594415,0.31160098904870903,0.4034699301195064
9,bnci004,MMP_merge_then_adapt,CSP,svm_radial,none,4,2,2,7842,0.05,no_leakage_v1_alpha005,gate_all_sources_proxy_source_only_final_training_only,mmd,,,,,merge_then_adapt,coral,near_nearest_proxy,final,0.0,0,0train,not_used,False,,2.0,direct,0.35279941718594415,0.31160098904870903,0.4034699301195064
9,bnci004,MMP_merge_then_adapt,CSP,svm_radial,none,4,2,2,7842,0.05,no_leakage_v1_alpha005,gate_all_sources_proxy_source_only_final_training_only,mmd,,,,,merge_then_adapt,coral,near_nearest_proxy,main,1.0,1,1train,near,False,0.29324342356539984,2.0,direct,0.29757604687849537,0.24195756653240208,0.34745280309446125
9,bnci004,MMP_merge_then_adapt,CSP,svm_radial,none,4,2,2,7842,0.05,no_leakage_v1_alpha005,gate_all_sources_proxy_source_only_final_training_only,mmd,,,,,merge_then_adapt,coral,near_nearest_proxy,anchor,1.0,1,1train,proxy_source,False,0.4546606835044416,2.0,direct,0.29757604687849537,0.24195756653240208,0.34745280309446125
9,bnci004,MMP_merge_then_adapt,CSP,svm_radial,none,4,2,2,7842,0.05,no_leakage_v1_alpha005,gate_all_sources_proxy_source_only_final_training_only,mmd,,,,,merge_then_adapt,coral,near_nearest_proxy,final,1.0,1,1train,train,False,0.29324342356539984,2.0,direct,0.29757604687849537,0.24195756653240208,0.34745280309446125
9,bnci004,MMP_merge_then_adapt,CSP,svm_radial,none,4,2,2,7842,0.05,no_leakage_v1_alpha005,gate_all_sources_proxy_source_only_final_training_only,mmd,,,,,merge_then_adapt,coral,near_nearest_proxy,main,2.0,3,3test,nearest,True,0.3550279709581813,2.0,direct,0.24578952677348084,0.2023328260506877,0.2950921495244038
9,bnci004,MMP_merge_then_adapt,CSP,svm_radial,none,4,2,2,7842,0.05,no_leakage_v1_alpha005,gate_all_sources_proxy_source_only_final_training_only,mmd,,,,,merge_then_adapt,coral,near_nearest_proxy,anchor,2.0,3,3test,target,False,,2.0,direct,0.24578952677348084,0.2023328260506877,0.2950921495244038
9,bnci004,MMP_merge_then_adapt,CSP,svm_radial,none,4,2,2,7842,0.05,no_leakage_v1_alpha005,gate_all_sources_proxy_source_only_final_training_only,mmd,,,,,merge_then_adapt,coral,near_nearest_proxy,final,2.0,3,3test,train,True,0.3550279709581813,2.0,direct,0.24578952677348084,0.2023328260506877,0.2950921495244038
9,bnci004,MMP_merge_then_adapt,CSP,svm_radial,none,4,2,2,7842,0.05,no_leakage_v1_alpha005,gate_all_sources_proxy_source_only_final_training_only,mmd,,,,,merge_then_adapt,coral,near_nearest_proxy,main,3.0,4,4test,near,False,0.35172860547641877,2.0,direct,0.2480951475480045,0.20026592416118097,0.29971921284144487
9,bnci004,MMP_merge_then_adapt,CSP,svm_radial,none,4,2,2,7842,0.05,no_leakage_v1_alpha005,gate_all_sources_proxy_source_only_final_training_only,mmd,,,,,merge_then_adapt,coral,near_nearest_proxy,anchor,3.0,4,4test,proxy_source,False,0.5453393164955583,2.0,direct,0.2480951475480045,0.20026592416118097,0.29971921284144487
9,bnci004,MMP_merge_then_adapt,CSP,svm_radial,none,4,2,2,7842,0.05,no_leakage_v1_alpha005,gate_all_sources_proxy_source_only_final_training_only,mmd,,,,,merge_then_adapt,coral,near_nearest_proxy,final,3.0,4,4test,train,False,0.35172860547641877,2.0,direct,0.2480951475480045,0.20026592416118097,0.29971921284144487
9,bnci004,MMP_merge_then_adapt,CSP,svm_radial,none,4,2,2,7842,0.05,no_leakage_v1_alpha005,gate_all_sources_proxy_source_only_final_training_only,mmd,,,,,merge_then_adapt,coral,near_nearest_proxy,main,,2,2train,target,False,,,,,,
9,bnci004,MMP_merge_then_adapt,CSP,svm_radial,none,4,2,2,7842,0.05,no_leakage_v1_alpha005,gate_all_sources_proxy_source_only_final_training_only,mmd,,,,,merge_then_adapt,coral,near_nearest_proxy,final,,2,2train,target,False,,,,,,
9,bnci004,MMP_merge_then_adapt,CSP,svm_radial,none,4,3,3,7873,0.05,no_leakage_v1_alpha005,gate_all_sources_proxy_source_only_final_training_only,mmd,,,,,merge_then_adapt,coral,near_nearest_proxy,main,0.0,0,0train,far,False,,3.0,direct,0.26575533334433665,0.22111044254146417,0.3252041778315367
9,bnci004,MMP_merge_then_adapt,CSP,svm_radial,none,4,3,3,7873,0.05,no_leakage_v1_alpha005,gate_all_sources_proxy_source_only_final_training_only,mmd,,,,,merge_then_adapt,coral,near_nearest_proxy,anchor,0.0,0,0train,not_used,False,,3.0,direct,0.26575533334433665,0.22111044254146417,0.3252041778315367
9,bnci004,MMP_merge_then_adapt,CSP,svm_radial,none,4,3,3,7873,0.05,no_leakage_v1_alpha005,gate_all_sources_proxy_source_only_final_training_only,mmd,,,,,merge_then_adapt,coral,near_nearest_proxy,final,0.0,0,0train,not_used,False,,3.0,direct,0.26575533334433665,0.22111044254146417,0.3252041778315367
9,bnci004,MMP_merge_then_adapt,CSP,svm_radial,none,4,3,3,7873,0.05,no_leakage_v1_alpha005,gate_all_sources_proxy_source_only_final_training_only,mmd,,,,,merge_then_adapt,coral,near_nearest_proxy,main,1.0,1,1train,far,False,,3.0,direct,0.22360584872016293,0.1727928424910456,0.27121599034928384
9,bnci004,MMP_merge_then_adapt,CSP,svm_radial,none,4,3,3,7873,0.05,no_leakage_v1_alpha005,gate_all_sources_proxy_source_only_final_training_only,mmd,,,,,merge_then_adapt,coral,near_nearest_proxy,anchor,1.0,1,1train,second_nearest_fallback_source,False,1.0,3.0,direct,0.22360584872016293,0.1727928424910456,0.27121599034928384
9,bnci004,MMP_merge_then_adapt,CSP,svm_radial,none,4,3,3,7873,0.05,no_leakage_v1_alpha005,gate_all_sources_proxy_source_only_final_training_only,mmd,,,,,merge_then_adapt,coral,near_nearest_proxy,final,1.0,1,1train,not_used,False,,3.0,direct,0.22360584872016293,0.1727928424910456,0.27121599034928384
9,bnci004,MMP_merge_then_adapt,CSP,svm_radial,none,4,3,3,7873,0.05,no_leakage_v1_alpha005,gate_all_sources_proxy_source_only_final_training_only,mmd,,,,,merge_then_adapt,coral,near_nearest_proxy,main,2.0,2,2train,far,False,,3.0,direct,0.23328097308189386,0.19156938432720094,0.28279673147797174
9,bnci004,MMP_merge_then_adapt,CSP,svm_radial,none,4,3,3,7873,0.05,no_leakage_v1_alpha005,gate_all_sources_proxy_source_only_final_training_only,mmd,,,,,merge_then_adapt,coral,near_nearest_proxy,anchor,2.0,2,2train,not_used,False,,3.0,direct,0.23328097308189386,0.19156938432720094,0.28279673147797174
9,bnci004,MMP_merge_then_adapt,CSP,svm_radial,none,4,3,3,7873,0.05,no_leakage_v1_alpha005,gate_all_sources_proxy_source_only_final_training_only,mmd,,,,,merge_then_adapt,coral,near_nearest_proxy,final,2.0,2,2train,not_used,False,,3.0,direct,0.23328097308189386,0.19156938432720094,0.28279673147797174
9,bnci004,MMP_merge_then_adapt,CSP,svm_radial,none,4,3,3,7873,0.05,no_leakage_v1_alpha005,gate_all_sources_proxy_source_only_final_training_only,mmd,,,,,merge_then_adapt,coral,near_nearest_proxy,main,3.0,4,4test,nearest,True,1.0,3.0,direct,0.08379819556755763,0.05579860130424214,0.11152721612997141
9,bnci004,MMP_merge_then_adapt,CSP,svm_radial,none,4,3,3,7873,0.05,no_leakage_v1_alpha005,gate_all_sources_proxy_source_only_final_training_only,mmd,,,,,merge_then_adapt,coral,near_nearest_proxy,anchor,3.0,4,4test,target,False,,3.0,direct,0.08379819556755763,0.05579860130424214,0.11152721612997141
9,bnci004,MMP_merge_then_adapt,CSP,svm_radial,none,4,3,3,7873,0.05,no_leakage_v1_alpha005,gate_all_sources_proxy_source_only_final_training_only,mmd,,,,,merge_then_adapt,coral,near_nearest_proxy,final,3.0,4,4test,train,True,1.0,3.0,direct,0.08379819556755763,0.05579860130424214,0.11152721612997141
9,bnci004,MMP_merge_then_adapt,CSP,svm_radial,none,4,3,3,7873,0.05,no_leakage_v1_alpha005,gate_all_sources_proxy_source_only_final_training_only,mmd,,,,,merge_then_adapt,coral,near_nearest_proxy,main,,3,3test,target,False,,,,,,
9,bnci004,MMP_merge_then_adapt,CSP,svm_radial,none,4,3,3,7873,0.05,no_leakage_v1_alpha005,gate_all_sources_proxy_source_only_final_training_only,mmd,,,,,merge_then_adapt,coral,near_nearest_proxy,final,,3,3test,target,False,,,,,,
9,bnci004,MMP_merge_then_adapt,CSP,svm_radial,none,4,4,4,7904,0.05,no_leakage_v1_alpha005,gate_all_sources_proxy_source_only_final_training_only,mmd,,,,,merge_then_adapt,coral,near_nearest_proxy,main,0.0,0,0train,far,False,,4.0,direct,0.2842609450780516,0.2415382797001747,0.3289111028530647
9,bnci004,MMP_merge_then_adapt,CSP,svm_radial,none,4,4,4,7904,0.05,no_leakage_v1_alpha005,gate_all_sources_proxy_source_only_final_training_only,mmd,,,,,merge_then_adapt,coral,near_nearest_proxy,anchor,0.0,0,0train,not_used,False,,4.0,direct,0.2842609450780516,0.2415382797001747,0.3289111028530647
9,bnci004,MMP_merge_then_adapt,CSP,svm_radial,none,4,4,4,7904,0.05,no_leakage_v1_alpha005,gate_all_sources_proxy_source_only_final_training_only,mmd,,,,,merge_then_adapt,coral,near_nearest_proxy,final,0.0,0,0train,not_used,False,,4.0,direct,0.2842609450780516,0.2415382797001747,0.3289111028530647
9,bnci004,MMP_merge_then_adapt,CSP,svm_radial,none,4,4,4,7904,0.05,no_leakage_v1_alpha005,gate_all_sources_proxy_source_only_final_training_only,mmd,,,,,merge_then_adapt,coral,near_nearest_proxy,main,1.0,1,1train,far,False,,4.0,direct,0.18783711356242974,0.14471495268541731,0.25167739091583535
9,bnci004,MMP_merge_then_adapt,CSP,svm_radial,none,4,4,4,7904,0.05,no_leakage_v1_alpha005,gate_all_sources_proxy_source_only_final_training_only,mmd,,,,,merge_then_adapt,coral,near_nearest_proxy,anchor,1.0,1,1train,second_nearest_fallback_source,False,1.0,4.0,direct,0.18783711356242974,0.14471495268541731,0.25167739091583535
9,bnci004,MMP_merge_then_adapt,CSP,svm_radial,none,4,4,4,7904,0.05,no_leakage_v1_alpha005,gate_all_sources_proxy_source_only_final_training_only,mmd,,,,,merge_then_adapt,coral,near_nearest_proxy,final,1.0,1,1train,not_used,False,,4.0,direct,0.18783711356242974,0.14471495268541731,0.25167739091583535
9,bnci004,MMP_merge_then_adapt,CSP,svm_radial,none,4,4,4,7904,0.05,no_leakage_v1_alpha005,gate_all_sources_proxy_source_only_final_training_only,mmd,,,,,merge_then_adapt,coral,near_nearest_proxy,main,2.0,2,2train,far,False,,4.0,direct,0.22827945608002653,0.1802976532407813,0.27410345223591853
9,bnci004,MMP_merge_then_adapt,CSP,svm_radial,none,4,4,4,7904,0.05,no_leakage_v1_alpha005,gate_all_sources_proxy_source_only_final_training_only,mmd,,,,,merge_then_adapt,coral,near_nearest_proxy,anchor,2.0,2,2train,not_used,False,,4.0,direct,0.22827945608002653,0.1802976532407813,0.27410345223591853
9,bnci004,MMP_merge_then_adapt,CSP,svm_radial,none,4,4,4,7904,0.05,no_leakage_v1_alpha005,gate_all_sources_proxy_source_only_final_training_only,mmd,,,,,merge_then_adapt,coral,near_nearest_proxy,final,2.0,2,2train,not_used,False,,4.0,direct,0.22827945608002653,0.1802976532407813,0.27410345223591853
9,bnci004,MMP_merge_then_adapt,CSP,svm_radial,none,4,4,4,7904,0.05,no_leakage_v1_alpha005,gate_all_sources_proxy_source_only_final_training_only,mmd,,,,,merge_then_adapt,coral,near_nearest_proxy,main,3.0,3,3test,nearest,True,1.0,4.0,direct,0.08071108098179999,0.05515201903507311,0.1082532782351752
9,bnci004,MMP_merge_then_adapt,CSP,svm_radial,none,4,4,4,7904,0.05,no_leakage_v1_alpha005,gate_all_sources_proxy_source_only_final_training_only,mmd,,,,,merge_then_adapt,coral,near_nearest_proxy,anchor,3.0,3,3test,target,False,,4.0,direct,0.08071108098179999,0.05515201903507311,0.1082532782351752
9,bnci004,MMP_merge_then_adapt,CSP,svm_radial,none,4,4,4,7904,0.05,no_leakage_v1_alpha005,gate_all_sources_proxy_source_only_final_training_only,mmd,,,,,merge_then_adapt,coral,near_nearest_proxy,final,3.0,3,3test,train,True,1.0,4.0,direct,0.08071108098179999,0.05515201903507311,0.1082532782351752
9,bnci004,MMP_merge_then_adapt,CSP,svm_radial,none,4,4,4,7904,0.05,no_leakage_v1_alpha005,gate_all_sources_proxy_source_only_final_training_only,mmd,,,,,merge_then_adapt,coral,near_nearest_proxy,main,,4,4test,target,False,,,,,,
9,bnci004,MMP_merge_then_adapt,CSP,svm_radial,none,4,4,4,7904,0.05,no_leakage_v1_alpha005,gate_all_sources_proxy_source_only_final_training_only,mmd,,,,,merge_then_adapt,coral,near_nearest_proxy,final,,4,4test,target,False,,,,,,
9,bnci004,MMP_merge_then_adapt,CSP,svm_radial,sa,5,0,0,8777,0.05,no_leakage_v1_alpha005,gate_all_sources_proxy_source_only_final_training_only,mmd,,,,,merge_then_adapt,coral,near_nearest_proxy,main,0.0,1,1train,nearest,True,1.0,0.0,direct,0.11128068250834328,0.07145724345164807,0.15954314205244258
9,bnci004,MMP_merge_then_adapt,CSP,svm_radial,sa,5,0,0,8777,0.05,no_leakage_v1_alpha005,gate_all_sources_proxy_source_only_final_training_only,mmd,,,,,merge_then_adapt,coral,near_nearest_proxy,anchor,0.0,1,1train,target,False,,0.0,direct,0.11128068250834328,0.07145724345164807,0.15954314205244258
9,bnci004,MMP_merge_then_adapt,CSP,svm_radial,sa,5,0,0,8777,0.05,no_leakage_v1_alpha005,gate_all_sources_proxy_source_only_final_training_only,mmd,,,,,merge_then_adapt,coral,near_nearest_proxy,final,0.0,1,1train,train,True,1.0,0.0,direct,0.11128068250834328,0.07145724345164807,0.15954314205244258
9,bnci004,MMP_merge_then_adapt,CSP,svm_radial,sa,5,0,0,8777,0.05,no_leakage_v1_alpha005,gate_all_sources_proxy_source_only_final_training_only,mmd,,,,,merge_then_adapt,coral,near_nearest_proxy,main,1.0,2,2train,far,False,,0.0,direct,0.5417060091741329,0.47848515495432054,0.6105923332875015
9,bnci004,MMP_merge_then_adapt,CSP,svm_radial,sa,5,0,0,8777,0.05,no_leakage_v1_alpha005,gate_all_sources_proxy_source_only_final_training_only,mmd,,,,,merge_then_adapt,coral,near_nearest_proxy,anchor,1.0,2,2train,not_used,False,,0.0,direct,0.5417060091741329,0.47848515495432054,0.6105923332875015
9,bnci004,MMP_merge_then_adapt,CSP,svm_radial,sa,5,0,0,8777,0.05,no_leakage_v1_alpha005,gate_all_sources_proxy_source_only_final_training_only,mmd,,,,,merge_then_adapt,coral,near_nearest_proxy,final,1.0,2,2train,not_used,False,,0.0,direct,0.5417060091741329,0.47848515495432054,0.6105923332875015
9,bnci004,MMP_merge_then_adapt,CSP,svm_radial,sa,5,0,0,8777,0.05,no_leakage_v1_alpha005,gate_all_sources_proxy_source_only_final_training_only,mmd,,,,,merge_then_adapt,coral,near_nearest_proxy,main,2.0,3,3test,far,False,,0.0,direct,0.3624754556958679,0.29566911512159,0.43187486185499424
9,bnci004,MMP_merge_then_adapt,CSP,svm_radial,sa,5,0,0,8777,0.05,no_leakage_v1_alpha005,gate_all_sources_proxy_source_only_final_training_only,mmd,,,,,merge_then_adapt,coral,near_nearest_proxy,anchor,2.0,3,3test,second_nearest_fallback_source,False,1.0,0.0,direct,0.3624754556958679,0.29566911512159,0.43187486185499424
9,bnci004,MMP_merge_then_adapt,CSP,svm_radial,sa,5,0,0,8777,0.05,no_leakage_v1_alpha005,gate_all_sources_proxy_source_only_final_training_only,mmd,,,,,merge_then_adapt,coral,near_nearest_proxy,final,2.0,3,3test,not_used,False,,0.0,direct,0.3624754556958679,0.29566911512159,0.43187486185499424
9,bnci004,MMP_merge_then_adapt,CSP,svm_radial,sa,5,0,0,8777,0.05,no_leakage_v1_alpha005,gate_all_sources_proxy_source_only_final_training_only,mmd,,,,,merge_then_adapt,coral,near_nearest_proxy,main,3.0,4,4test,far,False,,0.0,direct,0.47034737091584733,0.4113949613383799,0.5528058028422695
9,bnci004,MMP_merge_then_adapt,CSP,svm_radial,sa,5,0,0,8777,0.05,no_leakage_v1_alpha005,gate_all_sources_proxy_source_only_final_training_only,mmd,,,,,merge_then_adapt,coral,near_nearest_proxy,anchor,3.0,4,4test,not_used,False,,0.0,direct,0.47034737091584733,0.4113949613383799,0.5528058028422695
9,bnci004,MMP_merge_then_adapt,CSP,svm_radial,sa,5,0,0,8777,0.05,no_leakage_v1_alpha005,gate_all_sources_proxy_source_only_final_training_only,mmd,,,,,merge_then_adapt,coral,near_nearest_proxy,final,3.0,4,4test,not_used,False,,0.0,direct,0.47034737091584733,0.4113949613383799,0.5528058028422695
9,bnci004,MMP_merge_then_adapt,CSP,svm_radial,sa,5,0,0,8777,0.05,no_leakage_v1_alpha005,gate_all_sources_proxy_source_only_final_training_only,mmd,,,,,merge_then_adapt,coral,near_nearest_proxy,main,,0,0train,target,False,,,,,,
9,bnci004,MMP_merge_then_adapt,CSP,svm_radial,sa,5,0,0,8777,0.05,no_leakage_v1_alpha005,gate_all_sources_proxy_source_only_final_training_only,mmd,,,,,merge_then_adapt,coral,near_nearest_proxy,final,,0,0train,target,False,,,,,,
9,bnci004,MMP_merge_then_adapt,CSP,svm_radial,sa,5,1,1,8808,0.05,no_leakage_v1_alpha005,gate_all_sources_proxy_source_only_final_training_only,mmd,,,,,merge_then_adapt,coral,near_nearest_proxy,main,0.0,0,0train,nearest,True,1.0,1.0,direct,0.10375011373246487,0.07096398371709108,0.14561686749455302
9,bnci004,MMP_merge_then_adapt,CSP,svm_radial,sa,5,1,1,8808,0.05,no_leakage_v1_alpha005,gate_all_sources_proxy_source_only_final_training_only,mmd,,,,,merge_then_adapt,coral,near_nearest_proxy,anchor,0.0,0,0train,target,False,,1.0,direct,0.10375011373246487,0.07096398371709108,0.14561686749455302
9,bnci004,MMP_merge_then_adapt,CSP,svm_radial,sa,5,1,1,8808,0.05,no_leakage_v1_alpha005,gate_all_sources_proxy_source_only_final_training_only,mmd,,,,,merge_then_adapt,coral,near_nearest_proxy,final,0.0,0,0train,train,True,1.0,1.0,direct,0.10375011373246487,0.07096398371709108,0.14561686749455302
9,bnci004,MMP_merge_then_adapt,CSP,svm_radial,sa,5,1,1,8808,0.05,no_leakage_v1_alpha005,gate_all_sources_proxy_source_only_final_training_only,mmd,,,,,merge_then_adapt,coral,near_nearest_proxy,main,1.0,2,2train,far,False,,1.0,direct,0.41386555941628445,0.3390383901801325,0.49312745405618535
9,bnci004,MMP_merge_then_adapt,CSP,svm_radial,sa,5,1,1,8808,0.05,no_leakage_v1_alpha005,gate_all_sources_proxy_source_only_final_training_only,mmd,,,,,merge_then_adapt,coral,near_nearest_proxy,anchor,1.0,2,2train,not_used,False,,1.0,direct,0.41386555941628445,0.3390383901801325,0.49312745405618535
9,bnci004,MMP_merge_then_adapt,CSP,svm_radial,sa,5,1,1,8808,0.05,no_leakage_v1_alpha005,gate_all_sources_proxy_source_only_final_training_only,mmd,,,,,merge_then_adapt,coral,near_nearest_proxy,final,1.0,2,2train,not_used,False,,1.0,direct,0.41386555941628445,0.3390383901801325,0.49312745405618535
9,bnci004,MMP_merge_then_adapt,CSP,svm_radial,sa,5,1,1,8808,0.05,no_leakage_v1_alpha005,gate_all_sources_proxy_source_only_final_training_only,mmd,,,,,merge_then_adapt,coral,near_nearest_proxy,main,2.0,3,3test,far,False,,1.0,direct,0.27598204040841223,0.22772612711460186,0.33648205511194895
9,bnci004,MMP_merge_then_adapt,CSP,svm_radial,sa,5,1,1,8808,0.05,no_leakage_v1_alpha005,gate_all_sources_proxy_source_only_final_training_only,mmd,,,,,merge_then_adapt,coral,near_nearest_proxy,anchor,2.0,3,3test,not_used,False,,1.0,direct,0.27598204040841223,0.22772612711460186,0.33648205511194895
9,bnci004,MMP_merge_then_adapt,CSP,svm_radial,sa,5,1,1,8808,0.05,no_leakage_v1_alpha005,gate_all_sources_proxy_source_only_final_training_only,mmd,,,,,merge_then_adapt,coral,near_nearest_proxy,final,2.0,3,3test,not_used,False,,1.0,direct,0.27598204040841223,0.22772612711460186,0.33648205511194895
9,bnci004,MMP_merge_then_adapt,CSP,svm_radial,sa,5,1,1,8808,0.05,no_leakage_v1_alpha005,gate_all_sources_proxy_source_only_final_training_only,mmd,,,,,merge_then_adapt,coral,near_nearest_proxy,main,3.0,4,4test,far,False,,1.0,direct,0.26393503886050007,0.20283361658883842,0.3502012969889951
9,bnci004,MMP_merge_then_adapt,CSP,svm_radial,sa,5,1,1,8808,0.05,no_leakage_v1_alpha005,gate_all_sources_proxy_source_only_final_training_only,mmd,,,,,merge_then_adapt,coral,near_nearest_proxy,anchor,3.0,4,4test,second_nearest_fallback_source,False,1.0,1.0,direct,0.26393503886050007,0.20283361658883842,0.3502012969889951
9,bnci004,MMP_merge_then_adapt,CSP,svm_radial,sa,5,1,1,8808,0.05,no_leakage_v1_alpha005,gate_all_sources_proxy_source_only_final_training_only,mmd,,,,,merge_then_adapt,coral,near_nearest_proxy,final,3.0,4,4test,not_used,False,,1.0,direct,0.26393503886050007,0.20283361658883842,0.3502012969889951
9,bnci004,MMP_merge_then_adapt,CSP,svm_radial,sa,5,1,1,8808,0.05,no_leakage_v1_alpha005,gate_all_sources_proxy_source_only_final_training_only,mmd,,,,,merge_then_adapt,coral,near_nearest_proxy,main,,1,1train,target,False,,,,,,
9,bnci004,MMP_merge_then_adapt,CSP,svm_radial,sa,5,1,1,8808,0.05,no_leakage_v1_alpha005,gate_all_sources_proxy_source_only_final_training_only,mmd,,,,,merge_then_adapt,coral,near_nearest_proxy,final,,1,1train,target,False,,,,,,
9,bnci004,MMP_merge_then_adapt,CSP,svm_radial,sa,5,2,2,8839,0.05,no_leakage_v1_alpha005,gate_all_sources_proxy_source_only_final_training_only,mmd,,,,,merge_then_adapt,coral,near_nearest_proxy,main,0.0,0,0train,far,False,,2.0,direct,0.35161883362232077,0.30808689945494355,0.39454823136020273
9,bnci004,MMP_merge_then_adapt,CSP,svm_radial,sa,5,2,2,8839,0.05,no_leakage_v1_alpha005,gate_all_sources_proxy_source_only_final_training_only,mmd,,,,,merge_then_adapt,coral,near_nearest_proxy,anchor,0.0,0,0train,not_used,False,,2.0,direct,0.35161883362232077,0.30808689945494355,0.39454823136020273
9,bnci004,MMP_merge_then_adapt,CSP,svm_radial,sa,5,2,2,8839,0.05,no_leakage_v1_alpha005,gate_all_sources_proxy_source_only_final_training_only,mmd,,,,,merge_then_adapt,coral,near_nearest_proxy,final,0.0,0,0train,not_used,False,,2.0,direct,0.35161883362232077,0.30808689945494355,0.39454823136020273
9,bnci004,MMP_merge_then_adapt,CSP,svm_radial,sa,5,2,2,8839,0.05,no_leakage_v1_alpha005,gate_all_sources_proxy_source_only_final_training_only,mmd,,,,,merge_then_adapt,coral,near_nearest_proxy,main,1.0,1,1train,near,False,0.29226810953459037,2.0,direct,0.29881800114023244,0.24762761561764066,0.34790120434539923
9,bnci004,MMP_merge_then_adapt,CSP,svm_radial,sa,5,2,2,8839,0.05,no_leakage_v1_alpha005,gate_all_sources_proxy_source_only_final_training_only,mmd,,,,,merge_then_adapt,coral,near_nearest_proxy,anchor,1.0,1,1train,proxy_source,False,0.45503762202432774,2.0,direct,0.29881800114023244,0.24762761561764066,0.34790120434539923
9,bnci004,MMP_merge_then_adapt,CSP,svm_radial,sa,5,2,2,8839,0.05,no_leakage_v1_alpha005,gate_all_sources_proxy_source_only_final_training_only,mmd,,,,,merge_then_adapt,coral,near_nearest_proxy,final,1.0,1,1train,train,False,0.29226810953459037,2.0,direct,0.29881800114023244,0.24762761561764066,0.34790120434539923
9,bnci004,MMP_merge_then_adapt,CSP,svm_radial,sa,5,2,2,8839,0.05,no_leakage_v1_alpha005,gate_all_sources_proxy_source_only_final_training_only,mmd,,,,,merge_then_adapt,coral,near_nearest_proxy,main,2.0,3,3test,nearest,True,0.35770561512172117,2.0,direct,0.24415302181078874,0.20010210200036763,0.2929453125012656
9,bnci004,MMP_merge_then_adapt,CSP,svm_radial,sa,5,2,2,8839,0.05,no_leakage_v1_alpha005,gate_all_sources_proxy_source_only_final_training_only,mmd,,,,,merge_then_adapt,coral,near_nearest_proxy,anchor,2.0,3,3test,target,False,,2.0,direct,0.24415302181078874,0.20010210200036763,0.2929453125012656
9,bnci004,MMP_merge_then_adapt,CSP,svm_radial,sa,5,2,2,8839,0.05,no_leakage_v1_alpha005,gate_all_sources_proxy_source_only_final_training_only,mmd,,,,,merge_then_adapt,coral,near_nearest_proxy,final,2.0,3,3test,train,True,0.35770561512172117,2.0,direct,0.24415302181078874,0.20010210200036763,0.2929453125012656
9,bnci004,MMP_merge_then_adapt,CSP,svm_radial,sa,5,2,2,8839,0.05,no_leakage_v1_alpha005,gate_all_sources_proxy_source_only_final_training_only,mmd,,,,,merge_then_adapt,coral,near_nearest_proxy,main,3.0,4,4test,near,False,0.3500262753436886,2.0,direct,0.24950959594173716,0.1919279489372537,0.2973618025938356
9,bnci004,MMP_merge_then_adapt,CSP,svm_radial,sa,5,2,2,8839,0.05,no_leakage_v1_alpha005,gate_all_sources_proxy_source_only_final_training_only,mmd,,,,,merge_then_adapt,coral,near_nearest_proxy,anchor,3.0,4,4test,proxy_source,False,0.5449623779756723,2.0,direct,0.24950959594173716,0.1919279489372537,0.2973618025938356
9,bnci004,MMP_merge_then_adapt,CSP,svm_radial,sa,5,2,2,8839,0.05,no_leakage_v1_alpha005,gate_all_sources_proxy_source_only_final_training_only,mmd,,,,,merge_then_adapt,coral,near_nearest_proxy,final,3.0,4,4test,train,False,0.3500262753436886,2.0,direct,0.24950959594173716,0.1919279489372537,0.2973618025938356
9,bnci004,MMP_merge_then_adapt,CSP,svm_radial,sa,5,2,2,8839,0.05,no_leakage_v1_alpha005,gate_all_sources_proxy_source_only_final_training_only,mmd,,,,,merge_then_adapt,coral,near_nearest_proxy,main,,2,2train,target,False,,,,,,
9,bnci004,MMP_merge_then_adapt,CSP,svm_radial,sa,5,2,2,8839,0.05,no_leakage_v1_alpha005,gate_all_sources_proxy_source_only_final_training_only,mmd,,,,,merge_then_adapt,coral,near_nearest_proxy,final,,2,2train,target,False,,,,,,
9,bnci004,MMP_merge_then_adapt,CSP,svm_radial,sa,5,3,3,8870,0.05,no_leakage_v1_alpha005,gate_all_sources_proxy_source_only_final_training_only,mmd,,,,,merge_then_adapt,coral,near_nearest_proxy,main,0.0,0,0train,far,False,,3.0,direct,0.2661075251796349,0.2116560920173876,0.3298193215370311
9,bnci004,MMP_merge_then_adapt,CSP,svm_radial,sa,5,3,3,8870,0.05,no_leakage_v1_alpha005,gate_all_sources_proxy_source_only_final_training_only,mmd,,,,,merge_then_adapt,coral,near_nearest_proxy,anchor,0.0,0,0train,not_used,False,,3.0,direct,0.2661075251796349,0.2116560920173876,0.3298193215370311
9,bnci004,MMP_merge_then_adapt,CSP,svm_radial,sa,5,3,3,8870,0.05,no_leakage_v1_alpha005,gate_all_sources_proxy_source_only_final_training_only,mmd,,,,,merge_then_adapt,coral,near_nearest_proxy,final,0.0,0,0train,not_used,False,,3.0,direct,0.2661075251796349,0.2116560920173876,0.3298193215370311
9,bnci004,MMP_merge_then_adapt,CSP,svm_radial,sa,5,3,3,8870,0.05,no_leakage_v1_alpha005,gate_all_sources_proxy_source_only_final_training_only,mmd,,,,,merge_then_adapt,coral,near_nearest_proxy,main,1.0,1,1train,far,False,,3.0,direct,0.2231879664725084,0.17859642689609992,0.27379752583816036
9,bnci004,MMP_merge_then_adapt,CSP,svm_radial,sa,5,3,3,8870,0.05,no_leakage_v1_alpha005,gate_all_sources_proxy_source_only_final_training_only,mmd,,,,,merge_then_adapt,coral,near_nearest_proxy,anchor,1.0,1,1train,second_nearest_fallback_source,False,1.0,3.0,direct,0.2231879664725084,0.17859642689609992,0.27379752583816036
9,bnci004,MMP_merge_then_adapt,CSP,svm_radial,sa,5,3,3,8870,0.05,no_leakage_v1_alpha005,gate_all_sources_proxy_source_only_final_training_only,mmd,,,,,merge_then_adapt,coral,near_nearest_proxy,final,1.0,1,1train,not_used,False,,3.0,direct,0.2231879664725084,0.17859642689609992,0.27379752583816036
9,bnci004,MMP_merge_then_adapt,CSP,svm_radial,sa,5,3,3,8870,0.05,no_leakage_v1_alpha005,gate_all_sources_proxy_source_only_final_training_only,mmd,,,,,merge_then_adapt,coral,near_nearest_proxy,main,2.0,2,2train,far,False,,3.0,direct,0.23745337252219423,0.19299987752893877,0.2809496349044179
9,bnci004,MMP_merge_then_adapt,CSP,svm_radial,sa,5,3,3,8870,0.05,no_leakage_v1_alpha005,gate_all_sources_proxy_source_only_final_training_only,mmd,,,,,merge_then_adapt,coral,near_nearest_proxy,anchor,2.0,2,2train,not_used,False,,3.0,direct,0.23745337252219423,0.19299987752893877,0.2809496349044179
9,bnci004,MMP_merge_then_adapt,CSP,svm_radial,sa,5,3,3,8870,0.05,no_leakage_v1_alpha005,gate_all_sources_proxy_source_only_final_training_only,mmd,,,,,merge_then_adapt,coral,near_nearest_proxy,final,2.0,2,2train,not_used,False,,3.0,direct,0.23745337252219423,0.19299987752893877,0.2809496349044179
9,bnci004,MMP_merge_then_adapt,CSP,svm_radial,sa,5,3,3,8870,0.05,no_leakage_v1_alpha005,gate_all_sources_proxy_source_only_final_training_only,mmd,,,,,merge_then_adapt,coral,near_nearest_proxy,main,3.0,4,4test,nearest,True,1.0,3.0,direct,0.0820707087798636,0.05437378742302975,0.10956530824340913
9,bnci004,MMP_merge_then_adapt,CSP,svm_radial,sa,5,3,3,8870,0.05,no_leakage_v1_alpha005,gate_all_sources_proxy_source_only_final_training_only,mmd,,,,,merge_then_adapt,coral,near_nearest_proxy,anchor,3.0,4,4test,target,False,,3.0,direct,0.0820707087798636,0.05437378742302975,0.10956530824340913
9,bnci004,MMP_merge_then_adapt,CSP,svm_radial,sa,5,3,3,8870,0.05,no_leakage_v1_alpha005,gate_all_sources_proxy_source_only_final_training_only,mmd,,,,,merge_then_adapt,coral,near_nearest_proxy,final,3.0,4,4test,train,True,1.0,3.0,direct,0.0820707087798636,0.05437378742302975,0.10956530824340913
9,bnci004,MMP_merge_then_adapt,CSP,svm_radial,sa,5,3,3,8870,0.05,no_leakage_v1_alpha005,gate_all_sources_proxy_source_only_final_training_only,mmd,,,,,merge_then_adapt,coral,near_nearest_proxy,main,,3,3test,target,False,,,,,,
9,bnci004,MMP_merge_then_adapt,CSP,svm_radial,sa,5,3,3,8870,0.05,no_leakage_v1_alpha005,gate_all_sources_proxy_source_only_final_training_only,mmd,,,,,merge_then_adapt,coral,near_nearest_proxy,final,,3,3test,target,False,,,,,,
9,bnci004,MMP_merge_then_adapt,CSP,svm_radial,sa,5,4,4,8901,0.05,no_leakage_v1_alpha005,gate_all_sources_proxy_source_only_final_training_only,mmd,,,,,merge_then_adapt,coral,near_nearest_proxy,main,0.0,0,0train,far,False,,4.0,direct,0.2853450023290214,0.24704286381580795,0.3358664624483617
9,bnci004,MMP_merge_then_adapt,CSP,svm_radial,sa,5,4,4,8901,0.05,no_leakage_v1_alpha005,gate_all_sources_proxy_source_only_final_training_only,mmd,,,,,merge_then_adapt,coral,near_nearest_proxy,anchor,0.0,0,0train,not_used,False,,4.0,direct,0.2853450023290214,0.24704286381580795,0.3358664624483617
9,bnci004,MMP_merge_then_adapt,CSP,svm_radial,sa,5,4,4,8901,0.05,no_leakage_v1_alpha005,gate_all_sources_proxy_source_only_final_training_only,mmd,,,,,merge_then_adapt,coral,near_nearest_proxy,final,0.0,0,0train,not_used,False,,4.0,direct,0.2853450023290214,0.24704286381580795,0.3358664624483617
9,bnci004,MMP_merge_then_adapt,CSP,svm_radial,sa,5,4,4,8901,0.05,no_leakage_v1_alpha005,gate_all_sources_proxy_source_only_final_training_only,mmd,,,,,merge_then_adapt,coral,near_nearest_proxy,main,1.0,1,1train,far,False,,4.0,direct,0.18523621664623363,0.1460137126768744,0.23185655480666012
9,bnci004,MMP_merge_then_adapt,CSP,svm_radial,sa,5,4,4,8901,0.05,no_leakage_v1_alpha005,gate_all_sources_proxy_source_only_final_training_only,mmd,,,,,merge_then_adapt,coral,near_nearest_proxy,anchor,1.0,1,1train,second_nearest_fallback_source,False,1.0,4.0,direct,0.18523621664623363,0.1460137126768744,0.23185655480666012
9,bnci004,MMP_merge_then_adapt,CSP,svm_radial,sa,5,4,4,8901,0.05,no_leakage_v1_alpha005,gate_all_sources_proxy_source_only_final_training_only,mmd,,,,,merge_then_adapt,coral,near_nearest_proxy,final,1.0,1,1train,not_used,False,,4.0,direct,0.18523621664623363,0.1460137126768744,0.23185655480666012
9,bnci004,MMP_merge_then_adapt,CSP,svm_radial,sa,5,4,4,8901,0.05,no_leakage_v1_alpha005,gate_all_sources_proxy_source_only_final_training_only,mmd,,,,,merge_then_adapt,coral,near_nearest_proxy,main,2.0,2,2train,far,False,,4.0,direct,0.228389764952709,0.1856122881552163,0.26942411324961096
9,bnci004,MMP_merge_then_adapt,CSP,svm_radial,sa,5,4,4,8901,0.05,no_leakage_v1_alpha005,gate_all_sources_proxy_source_only_final_training_only,mmd,,,,,merge_then_adapt,coral,near_nearest_proxy,anchor,2.0,2,2train,not_used,False,,4.0,direct,0.228389764952709,0.1856122881552163,0.26942411324961096
9,bnci004,MMP_merge_then_adapt,CSP,svm_radial,sa,5,4,4,8901,0.05,no_leakage_v1_alpha005,gate_all_sources_proxy_source_only_final_training_only,mmd,,,,,merge_then_adapt,coral,near_nearest_proxy,final,2.0,2,2train,not_used,False,,4.0,direct,0.228389764952709,0.1856122881552163,0.26942411324961096
9,bnci004,MMP_merge_then_adapt,CSP,svm_radial,sa,5,4,4,8901,0.05,no_leakage_v1_alpha005,gate_all_sources_proxy_source_only_final_training_only,mmd,,,,,merge_then_adapt,coral,near_nearest_proxy,main,3.0,3,3test,nearest,True,1.0,4.0,direct,0.08124773055952844,0.056021603521875414,0.1084409260351507
9,bnci004,MMP_merge_then_adapt,CSP,svm_radial,sa,5,4,4,8901,0.05,no_leakage_v1_alpha005,gate_all_sources_proxy_source_only_final_training_only,mmd,,,,,merge_then_adapt,coral,near_nearest_proxy,anchor,3.0,3,3test,target,False,,4.0,direct,0.08124773055952844,0.056021603521875414,0.1084409260351507
9,bnci004,MMP_merge_then_adapt,CSP,svm_radial,sa,5,4,4,8901,0.05,no_leakage_v1_alpha005,gate_all_sources_proxy_source_only_final_training_only,mmd,,,,,merge_then_adapt,coral,near_nearest_proxy,final,3.0,3,3test,train,True,1.0,4.0,direct,0.08124773055952844,0.056021603521875414,0.1084409260351507
9,bnci004,MMP_merge_then_adapt,CSP,svm_radial,sa,5,4,4,8901,0.05,no_leakage_v1_alpha005,gate_all_sources_proxy_source_only_final_training_only,mmd,,,,,merge_then_adapt,coral,near_nearest_proxy,main,,4,4test,target,False,,,,,,
9,bnci004,MMP_merge_then_adapt,CSP,svm_radial,sa,5,4,4,8901,0.05,no_leakage_v1_alpha005,gate_all_sources_proxy_source_only_final_training_only,mmd,,,,,merge_then_adapt,coral,near_nearest_proxy,final,,4,4test,target,False,,,,,,
9,bnci004,MMP_merge_then_adapt,CSP,svm_radial,pt,6,0,0,9774,0.05,no_leakage_v1_alpha005,gate_all_sources_proxy_source_only_final_training_only,mmd,,,,,merge_then_adapt,coral,near_nearest_proxy,main,0.0,1,1train,nearest,True,1.0,0.0,direct,0.11176283361521852,0.07320567991613386,0.15030240008415044
9,bnci004,MMP_merge_then_adapt,CSP,svm_radial,pt,6,0,0,9774,0.05,no_leakage_v1_alpha005,gate_all_sources_proxy_source_only_final_training_only,mmd,,,,,merge_then_adapt,coral,near_nearest_proxy,anchor,0.0,1,1train,target,False,,0.0,direct,0.11176283361521852,0.07320567991613386,0.15030240008415044
9,bnci004,MMP_merge_then_adapt,CSP,svm_radial,pt,6,0,0,9774,0.05,no_leakage_v1_alpha005,gate_all_sources_proxy_source_only_final_training_only,mmd,,,,,merge_then_adapt,coral,near_nearest_proxy,final,0.0,1,1train,train,True,1.0,0.0,direct,0.11176283361521852,0.07320567991613386,0.15030240008415044
9,bnci004,MMP_merge_then_adapt,CSP,svm_radial,pt,6,0,0,9774,0.05,no_leakage_v1_alpha005,gate_all_sources_proxy_source_only_final_training_only,mmd,,,,,merge_then_adapt,coral,near_nearest_proxy,main,1.0,2,2train,far,False,,0.0,direct,0.5449014322371375,0.471483456664322,0.6187500752444834
9,bnci004,MMP_merge_then_adapt,CSP,svm_radial,pt,6,0,0,9774,0.05,no_leakage_v1_alpha005,gate_all_sources_proxy_source_only_final_training_only,mmd,,,,,merge_then_adapt,coral,near_nearest_proxy,anchor,1.0,2,2train,not_used,False,,0.0,direct,0.5449014322371375,0.471483456664322,0.6187500752444834
9,bnci004,MMP_merge_then_adapt,CSP,svm_radial,pt,6,0,0,9774,0.05,no_leakage_v1_alpha005,gate_all_sources_proxy_source_only_final_training_only,mmd,,,,,merge_then_adapt,coral,near_nearest_proxy,final,1.0,2,2train,not_used,False,,0.0,direct,0.5449014322371375,0.471483456664322,0.6187500752444834
9,bnci004,MMP_merge_then_adapt,CSP,svm_radial,pt,6,0,0,9774,0.05,no_leakage_v1_alpha005,gate_all_sources_proxy_source_only_final_training_only,mmd,,,,,merge_then_adapt,coral,near_nearest_proxy,main,2.0,3,3test,far,False,,0.0,direct,0.36836057459673116,0.28939602573194073,0.44731692211730273
9,bnci004,MMP_merge_then_adapt,CSP,svm_radial,pt,6,0,0,9774,0.05,no_leakage_v1_alpha005,gate_all_sources_proxy_source_only_final_training_only,mmd,,,,,merge_then_adapt,coral,near_nearest_proxy,anchor,2.0,3,3test,second_nearest_fallback_source,False,1.0,0.0,direct,0.36836057459673116,0.28939602573194073,0.44731692211730273
9,bnci004,MMP_merge_then_adapt,CSP,svm_radial,pt,6,0,0,9774,0.05,no_leakage_v1_alpha005,gate_all_sources_proxy_source_only_final_training_only,mmd,,,,,merge_then_adapt,coral,near_nearest_proxy,final,2.0,3,3test,not_used,False,,0.0,direct,0.36836057459673116,0.28939602573194073,0.44731692211730273
9,bnci004,MMP_merge_then_adapt,CSP,svm_radial,pt,6,0,0,9774,0.05,no_leakage_v1_alpha005,gate_all_sources_proxy_source_only_final_training_only,mmd,,,,,merge_then_adapt,coral,near_nearest_proxy,main,3.0,4,4test,far,False,,0.0,direct,0.4780127817336316,0.4047252838860151,0.5608272045967319
9,bnci004,MMP_merge_then_adapt,CSP,svm_radial,pt,6,0,0,9774,0.05,no_leakage_v1_alpha005,gate_all_sources_proxy_source_only_final_training_only,mmd,,,,,merge_then_adapt,coral,near_nearest_proxy,anchor,3.0,4,4test,not_used,False,,0.0,direct,0.4780127817336316,0.4047252838860151,0.5608272045967319
9,bnci004,MMP_merge_then_adapt,CSP,svm_radial,pt,6,0,0,9774,0.05,no_leakage_v1_alpha005,gate_all_sources_proxy_source_only_final_training_only,mmd,,,,,merge_then_adapt,coral,near_nearest_proxy,final,3.0,4,4test,not_used,False,,0.0,direct,0.4780127817336316,0.4047252838860151,0.5608272045967319
9,bnci004,MMP_merge_then_adapt,CSP,svm_radial,pt,6,0,0,9774,0.05,no_leakage_v1_alpha005,gate_all_sources_proxy_source_only_final_training_only,mmd,,,,,merge_then_adapt,coral,near_nearest_proxy,main,,0,0train,target,False,,,,,,
9,bnci004,MMP_merge_then_adapt,CSP,svm_radial,pt,6,0,0,9774,0.05,no_leakage_v1_alpha005,gate_all_sources_proxy_source_only_final_training_only,mmd,,,,,merge_then_adapt,coral,near_nearest_proxy,final,,0,0train,target,False,,,,,,
9,bnci004,MMP_merge_then_adapt,CSP,svm_radial,pt,6,1,1,9805,0.05,no_leakage_v1_alpha005,gate_all_sources_proxy_source_only_final_training_only,mmd,,,,,merge_then_adapt,coral,near_nearest_proxy,main,0.0,0,0train,nearest,True,1.0,1.0,direct,0.10521547729351052,0.0716635628037989,0.1533364456807998
9,bnci004,MMP_merge_then_adapt,CSP,svm_radial,pt,6,1,1,9805,0.05,no_leakage_v1_alpha005,gate_all_sources_proxy_source_only_final_training_only,mmd,,,,,merge_then_adapt,coral,near_nearest_proxy,anchor,0.0,0,0train,target,False,,1.0,direct,0.10521547729351052,0.0716635628037989,0.1533364456807998
9,bnci004,MMP_merge_then_adapt,CSP,svm_radial,pt,6,1,1,9805,0.05,no_leakage_v1_alpha005,gate_all_sources_proxy_source_only_final_training_only,mmd,,,,,merge_then_adapt,coral,near_nearest_proxy,final,0.0,0,0train,train,True,1.0,1.0,direct,0.10521547729351052,0.0716635628037989,0.1533364456807998
9,bnci004,MMP_merge_then_adapt,CSP,svm_radial,pt,6,1,1,9805,0.05,no_leakage_v1_alpha005,gate_all_sources_proxy_source_only_final_training_only,mmd,,,,,merge_then_adapt,coral,near_nearest_proxy,main,1.0,2,2train,far,False,,1.0,direct,0.4156171442514148,0.3341081883723786,0.4870798807672068
9,bnci004,MMP_merge_then_adapt,CSP,svm_radial,pt,6,1,1,9805,0.05,no_leakage_v1_alpha005,gate_all_sources_proxy_source_only_final_training_only,mmd,,,,,merge_then_adapt,coral,near_nearest_proxy,anchor,1.0,2,2train,not_used,False,,1.0,direct,0.4156171442514148,0.3341081883723786,0.4870798807672068
9,bnci004,MMP_merge_then_adapt,CSP,svm_radial,pt,6,1,1,9805,0.05,no_leakage_v1_alpha005,gate_all_sources_proxy_source_only_final_training_only,mmd,,,,,merge_then_adapt,coral,near_nearest_proxy,final,1.0,2,2train,not_used,False,,1.0,direct,0.4156171442514148,0.3341081883723786,0.4870798807672068
9,bnci004,MMP_merge_then_adapt,CSP,svm_radial,pt,6,1,1,9805,0.05,no_leakage_v1_alpha005,gate_all_sources_proxy_source_only_final_training_only,mmd,,,,,merge_then_adapt,coral,near_nearest_proxy,main,2.0,3,3test,far,False,,1.0,direct,0.28090469050381367,0.2170337404258151,0.3577944195597575
9,bnci004,MMP_merge_then_adapt,CSP,svm_radial,pt,6,1,1,9805,0.05,no_leakage_v1_alpha005,gate_all_sources_proxy_source_only_final_training_only,mmd,,,,,merge_then_adapt,coral,near_nearest_proxy,anchor,2.0,3,3test,not_used,False,,1.0,direct,0.28090469050381367,0.2170337404258151,0.3577944195597575
9,bnci004,MMP_merge_then_adapt,CSP,svm_radial,pt,6,1,1,9805,0.05,no_leakage_v1_alpha005,gate_all_sources_proxy_source_only_final_training_only,mmd,,,,,merge_then_adapt,coral,near_nearest_proxy,final,2.0,3,3test,not_used,False,,1.0,direct,0.28090469050381367,0.2170337404258151,0.3577944195597575
9,bnci004,MMP_merge_then_adapt,CSP,svm_radial,pt,6,1,1,9805,0.05,no_leakage_v1_alpha005,gate_all_sources_proxy_source_only_final_training_only,mmd,,,,,merge_then_adapt,coral,near_nearest_proxy,main,3.0,4,4test,far,False,,1.0,direct,0.2633353551532295,0.19711381997475824,0.3390097663757092
9,bnci004,MMP_merge_then_adapt,CSP,svm_radial,pt,6,1,1,9805,0.05,no_leakage_v1_alpha005,gate_all_sources_proxy_source_only_final_training_only,mmd,,,,,merge_then_adapt,coral,near_nearest_proxy,anchor,3.0,4,4test,second_nearest_fallback_source,False,1.0,1.0,direct,0.2633353551532295,0.19711381997475824,0.3390097663757092
9,bnci004,MMP_merge_then_adapt,CSP,svm_radial,pt,6,1,1,9805,0.05,no_leakage_v1_alpha005,gate_all_sources_proxy_source_only_final_training_only,mmd,,,,,merge_then_adapt,coral,near_nearest_proxy,final,3.0,4,4test,not_used,False,,1.0,direct,0.2633353551532295,0.19711381997475824,0.3390097663757092
9,bnci004,MMP_merge_then_adapt,CSP,svm_radial,pt,6,1,1,9805,0.05,no_leakage_v1_alpha005,gate_all_sources_proxy_source_only_final_training_only,mmd,,,,,merge_then_adapt,coral,near_nearest_proxy,main,,1,1train,target,False,,,,,,
9,bnci004,MMP_merge_then_adapt,CSP,svm_radial,pt,6,1,1,9805,0.05,no_leakage_v1_alpha005,gate_all_sources_proxy_source_only_final_training_only,mmd,,,,,merge_then_adapt,coral,near_nearest_proxy,final,,1,1train,target,False,,,,,,
9,bnci004,MMP_merge_then_adapt,CSP,svm_radial,pt,6,2,2,9836,0.05,no_leakage_v1_alpha005,gate_all_sources_proxy_source_only_final_training_only,mmd,,,,,merge_then_adapt,coral,near_nearest_proxy,main,0.0,0,0train,far,False,,2.0,direct,0.35688502907116026,0.31326819374271303,0.4002527016009779
9,bnci004,MMP_merge_then_adapt,CSP,svm_radial,pt,6,2,2,9836,0.05,no_leakage_v1_alpha005,gate_all_sources_proxy_source_only_final_training_only,mmd,,,,,merge_then_adapt,coral,near_nearest_proxy,anchor,0.0,0,0train,not_used,False,,2.0,direct,0.35688502907116026,0.31326819374271303,0.4002527016009779
9,bnci004,MMP_merge_then_adapt,CSP,svm_radial,pt,6,2,2,9836,0.05,no_leakage_v1_alpha005,gate_all_sources_proxy_source_only_final_training_only,mmd,,,,,merge_then_adapt,coral,near_nearest_proxy,final,0.0,0,0train,not_used,False,,2.0,direct,0.35688502907116026,0.31326819374271303,0.4002527016009779
9,bnci004,MMP_merge_then_adapt,CSP,svm_radial,pt,6,2,2,9836,0.05,no_leakage_v1_alpha005,gate_all_sources_proxy_source_only_final_training_only,mmd,,,,,merge_then_adapt,coral,near_nearest_proxy,main,1.0,1,1train,near,False,0.2953924747244542,2.0,direct,0.29617371728139463,0.24459079271984843,0.35005947258785197
9,bnci004,MMP_merge_then_adapt,CSP,svm_radial,pt,6,2,2,9836,0.05,no_leakage_v1_alpha005,gate_all_sources_proxy_source_only_final_training_only,mmd,,,,,merge_then_adapt,coral,near_nearest_proxy,anchor,1.0,1,1train,proxy_source,False,0.45874991285136757,2.0,direct,0.29617371728139463,0.24459079271984843,0.35005947258785197
9,bnci004,MMP_merge_then_adapt,CSP,svm_radial,pt,6,2,2,9836,0.05,no_leakage_v1_alpha005,gate_all_sources_proxy_source_only_final_training_only,mmd,,,,,merge_then_adapt,coral,near_nearest_proxy,final,1.0,1,1train,train,False,0.2953924747244542,2.0,direct,0.29617371728139463,0.24459079271984843,0.35005947258785197
9,bnci004,MMP_merge_then_adapt,CSP,svm_radial,pt,6,2,2,9836,0.05,no_leakage_v1_alpha005,gate_all_sources_proxy_source_only_final_training_only,mmd,,,,,merge_then_adapt,coral,near_nearest_proxy,main,2.0,3,3test,nearest,True,0.35609257582538284,2.0,direct,0.24568730868147082,0.2038581057706955,0.298475618252729
9,bnci004,MMP_merge_then_adapt,CSP,svm_radial,pt,6,2,2,9836,0.05,no_leakage_v1_alpha005,gate_all_sources_proxy_source_only_final_training_only,mmd,,,,,merge_then_adapt,coral,near_nearest_proxy,anchor,2.0,3,3test,target,False,,2.0,direct,0.24568730868147082,0.2038581057706955,0.298475618252729
9,bnci004,MMP_merge_then_adapt,CSP,svm_radial,pt,6,2,2,9836,0.05,no_leakage_v1_alpha005,gate_all_sources_proxy_source_only_final_training_only,mmd,,,,,merge_then_adapt,coral,near_nearest_proxy,final,2.0,3,3test,train,True,0.35609257582538284,2.0,direct,0.24568730868147082,0.2038581057706955,0.298475618252729
9,bnci004,MMP_merge_then_adapt,CSP,svm_radial,pt,6,2,2,9836,0.05,no_leakage_v1_alpha005,gate_all_sources_proxy_source_only_final_training_only,mmd,,,,,merge_then_adapt,coral,near_nearest_proxy,main,3.0,4,4test,near,False,0.348514949450163,2.0,direct,0.25102921499247716,0.1995612633996,0.3062144801470703
9,bnci004,MMP_merge_then_adapt,CSP,svm_radial,pt,6,2,2,9836,0.05,no_leakage_v1_alpha005,gate_all_sources_proxy_source_only_final_training_only,mmd,,,,,merge_then_adapt,coral,near_nearest_proxy,anchor,3.0,4,4test,proxy_source,False,0.5412500871486325,2.0,direct,0.25102921499247716,0.1995612633996,0.3062144801470703
9,bnci004,MMP_merge_then_adapt,CSP,svm_radial,pt,6,2,2,9836,0.05,no_leakage_v1_alpha005,gate_all_sources_proxy_source_only_final_training_only,mmd,,,,,merge_then_adapt,coral,near_nearest_proxy,final,3.0,4,4test,train,False,0.348514949450163,2.0,direct,0.25102921499247716,0.1995612633996,0.3062144801470703
9,bnci004,MMP_merge_then_adapt,CSP,svm_radial,pt,6,2,2,9836,0.05,no_leakage_v1_alpha005,gate_all_sources_proxy_source_only_final_training_only,mmd,,,,,merge_then_adapt,coral,near_nearest_proxy,main,,2,2train,target,False,,,,,,
9,bnci004,MMP_merge_then_adapt,CSP,svm_radial,pt,6,2,2,9836,0.05,no_leakage_v1_alpha005,gate_all_sources_proxy_source_only_final_training_only,mmd,,,,,merge_then_adapt,coral,near_nearest_proxy,final,,2,2train,target,False,,,,,,
9,bnci004,MMP_merge_then_adapt,CSP,svm_radial,pt,6,3,3,9867,0.05,no_leakage_v1_alpha005,gate_all_sources_proxy_source_only_final_training_only,mmd,,,,,merge_then_adapt,coral,near_nearest_proxy,main,0.0,0,0train,far,False,,3.0,direct,0.26264530893723087,0.2141964347801187,0.315971723473085
9,bnci004,MMP_merge_then_adapt,CSP,svm_radial,pt,6,3,3,9867,0.05,no_leakage_v1_alpha005,gate_all_sources_proxy_source_only_final_training_only,mmd,,,,,merge_then_adapt,coral,near_nearest_proxy,anchor,0.0,0,0train,not_used,False,,3.0,direct,0.26264530893723087,0.2141964347801187,0.315971723473085
9,bnci004,MMP_merge_then_adapt,CSP,svm_radial,pt,6,3,3,9867,0.05,no_leakage_v1_alpha005,gate_all_sources_proxy_source_only_final_training_only,mmd,,,,,merge_then_adapt,coral,near_nearest_proxy,final,0.0,0,0train,not_used,False,,3.0,direct,0.26264530893723087,0.2141964347801187,0.315971723473085
9,bnci004,MMP_merge_then_adapt,CSP,svm_radial,pt,6,3,3,9867,0.05,no_leakage_v1_alpha005,gate_all_sources_proxy_source_only_final_training_only,mmd,,,,,merge_then_adapt,coral,near_nearest_proxy,main,1.0,1,1train,far,False,,3.0,direct,0.22095808715545404,0.17251793555525757,0.27928122148620677
9,bnci004,MMP_merge_then_adapt,CSP,svm_radial,pt,6,3,3,9867,0.05,no_leakage_v1_alpha005,gate_all_sources_proxy_source_only_final_training_only,mmd,,,,,merge_then_adapt,coral,near_nearest_proxy,anchor,1.0,1,1train,second_nearest_fallback_source,False,1.0,3.0,direct,0.22095808715545404,0.17251793555525757,0.27928122148620677
9,bnci004,MMP_merge_then_adapt,CSP,svm_radial,pt,6,3,3,9867,0.05,no_leakage_v1_alpha005,gate_all_sources_proxy_source_only_final_training_only,mmd,,,,,merge_then_adapt,coral,near_nearest_proxy,final,1.0,1,1train,not_used,False,,3.0,direct,0.22095808715545404,0.17251793555525757,0.27928122148620677
9,bnci004,MMP_merge_then_adapt,CSP,svm_radial,pt,6,3,3,9867,0.05,no_leakage_v1_alpha005,gate_all_sources_proxy_source_only_final_training_only,mmd,,,,,merge_then_adapt,coral,near_nearest_proxy,main,2.0,2,2train,far,False,,3.0,direct,0.23782400063565454,0.2015713454026606,0.28184479874484275
9,bnci004,MMP_merge_then_adapt,CSP,svm_radial,pt,6,3,3,9867,0.05,no_leakage_v1_alpha005,gate_all_sources_proxy_source_only_final_training_only,mmd,,,,,merge_then_adapt,coral,near_nearest_proxy,anchor,2.0,2,2train,not_used,False,,3.0,direct,0.23782400063565454,0.2015713454026606,0.28184479874484275
9,bnci004,MMP_merge_then_adapt,CSP,svm_radial,pt,6,3,3,9867,0.05,no_leakage_v1_alpha005,gate_all_sources_proxy_source_only_final_training_only,mmd,,,,,merge_then_adapt,coral,near_nearest_proxy,final,2.0,2,2train,not_used,False,,3.0,direct,0.23782400063565454,0.2015713454026606,0.28184479874484275
9,bnci004,MMP_merge_then_adapt,CSP,svm_radial,pt,6,3,3,9867,0.05,no_leakage_v1_alpha005,gate_all_sources_proxy_source_only_final_training_only,mmd,,,,,merge_then_adapt,coral,near_nearest_proxy,main,3.0,4,4test,nearest,True,1.0,3.0,direct,0.0831458967983145,0.05801458420448827,0.11326594187930167
9,bnci004,MMP_merge_then_adapt,CSP,svm_radial,pt,6,3,3,9867,0.05,no_leakage_v1_alpha005,gate_all_sources_proxy_source_only_final_training_only,mmd,,,,,merge_then_adapt,coral,near_nearest_proxy,anchor,3.0,4,4test,target,False,,3.0,direct,0.0831458967983145,0.05801458420448827,0.11326594187930167
9,bnci004,MMP_merge_then_adapt,CSP,svm_radial,pt,6,3,3,9867,0.05,no_leakage_v1_alpha005,gate_all_sources_proxy_source_only_final_training_only,mmd,,,,,merge_then_adapt,coral,near_nearest_proxy,final,3.0,4,4test,train,True,1.0,3.0,direct,0.0831458967983145,0.05801458420448827,0.11326594187930167
9,bnci004,MMP_merge_then_adapt,CSP,svm_radial,pt,6,3,3,9867,0.05,no_leakage_v1_alpha005,gate_all_sources_proxy_source_only_final_training_only,mmd,,,,,merge_then_adapt,coral,near_nearest_proxy,main,,3,3test,target,False,,,,,,
9,bnci004,MMP_merge_then_adapt,CSP,svm_radial,pt,6,3,3,9867,0.05,no_leakage_v1_alpha005,gate_all_sources_proxy_source_only_final_training_only,mmd,,,,,merge_then_adapt,coral,near_nearest_proxy,final,,3,3test,target,False,,,,,,
9,bnci004,MMP_merge_then_adapt,CSP,svm_radial,pt,6,4,4,9898,0.05,no_leakage_v1_alpha005,gate_all_sources_proxy_source_only_final_training_only,mmd,,,,,merge_then_adapt,coral,near_nearest_proxy,main,0.0,0,0train,far,False,,4.0,direct,0.28585079918703216,0.24346733761644604,0.33213535990568327
9,bnci004,MMP_merge_then_adapt,CSP,svm_radial,pt,6,4,4,9898,0.05,no_leakage_v1_alpha005,gate_all_sources_proxy_source_only_final_training_only,mmd,,,,,merge_then_adapt,coral,near_nearest_proxy,anchor,0.0,0,0train,not_used,False,,4.0,direct,0.28585079918703216,0.24346733761644604,0.33213535990568327
9,bnci004,MMP_merge_then_adapt,CSP,svm_radial,pt,6,4,4,9898,0.05,no_leakage_v1_alpha005,gate_all_sources_proxy_source_only_final_training_only,mmd,,,,,merge_then_adapt,coral,near_nearest_proxy,final,0.0,0,0train,not_used,False,,4.0,direct,0.28585079918703216,0.24346733761644604,0.33213535990568327
9,bnci004,MMP_merge_then_adapt,CSP,svm_radial,pt,6,4,4,9898,0.05,no_leakage_v1_alpha005,gate_all_sources_proxy_source_only_final_training_only,mmd,,,,,merge_then_adapt,coral,near_nearest_proxy,main,1.0,1,1train,far,False,,4.0,direct,0.1867404232876146,0.13085951181839353,0.23337303672073637
9,bnci004,MMP_merge_then_adapt,CSP,svm_radial,pt,6,4,4,9898,0.05,no_leakage_v1_alpha005,gate_all_sources_proxy_source_only_final_training_only,mmd,,,,,merge_then_adapt,coral,near_nearest_proxy,anchor,1.0,1,1train,second_nearest_fallback_source,False,1.0,4.0,direct,0.1867404232876146,0.13085951181839353,0.23337303672073637
9,bnci004,MMP_merge_then_adapt,CSP,svm_radial,pt,6,4,4,9898,0.05,no_leakage_v1_alpha005,gate_all_sources_proxy_source_only_final_training_only,mmd,,,,,merge_then_adapt,coral,near_nearest_proxy,final,1.0,1,1train,not_used,False,,4.0,direct,0.1867404232876146,0.13085951181839353,0.23337303672073637
9,bnci004,MMP_merge_then_adapt,CSP,svm_radial,pt,6,4,4,9898,0.05,no_leakage_v1_alpha005,gate_all_sources_proxy_source_only_final_training_only,mmd,,,,,merge_then_adapt,coral,near_nearest_proxy,main,2.0,2,2train,far,False,,4.0,direct,0.22995474208778435,0.1812048536827701,0.2810903809446559
9,bnci004,MMP_merge_then_adapt,CSP,svm_radial,pt,6,4,4,9898,0.05,no_leakage_v1_alpha005,gate_all_sources_proxy_source_only_final_training_only,mmd,,,,,merge_then_adapt,coral,near_nearest_proxy,anchor,2.0,2,2train,not_used,False,,4.0,direct,0.22995474208778435,0.1812048536827701,0.2810903809446559
9,bnci004,MMP_merge_then_adapt,CSP,svm_radial,pt,6,4,4,9898,0.05,no_leakage_v1_alpha005,gate_all_sources_proxy_source_only_final_training_only,mmd,,,,,merge_then_adapt,coral,near_nearest_proxy,final,2.0,2,2train,not_used,False,,4.0,direct,0.22995474208778435,0.1812048536827701,0.2810903809446559
9,bnci004,MMP_merge_then_adapt,CSP,svm_radial,pt,6,4,4,9898,0.05,no_leakage_v1_alpha005,gate_all_sources_proxy_source_only_final_training_only,mmd,,,,,merge_then_adapt,coral,near_nearest_proxy,main,3.0,3,3test,nearest,True,1.0,4.0,direct,0.0812478668111708,0.05538853414717251,0.10866071259583149
9,bnci004,MMP_merge_then_adapt,CSP,svm_radial,pt,6,4,4,9898,0.05,no_leakage_v1_alpha005,gate_all_sources_proxy_source_only_final_training_only,mmd,,,,,merge_then_adapt,coral,near_nearest_proxy,anchor,3.0,3,3test,target,False,,4.0,direct,0.0812478668111708,0.05538853414717251,0.10866071259583149
9,bnci004,MMP_merge_then_adapt,CSP,svm_radial,pt,6,4,4,9898,0.05,no_leakage_v1_alpha005,gate_all_sources_proxy_source_only_final_training_only,mmd,,,,,merge_then_adapt,coral,near_nearest_proxy,final,3.0,3,3test,train,True,1.0,4.0,direct,0.0812478668111708,0.05538853414717251,0.10866071259583149
9,bnci004,MMP_merge_then_adapt,CSP,svm_radial,pt,6,4,4,9898,0.05,no_leakage_v1_alpha005,gate_all_sources_proxy_source_only_final_training_only,mmd,,,,,merge_then_adapt,coral,near_nearest_proxy,main,,4,4test,target,False,,,,,,
9,bnci004,MMP_merge_then_adapt,CSP,svm_radial,pt,6,4,4,9898,0.05,no_leakage_v1_alpha005,gate_all_sources_proxy_source_only_final_training_only,mmd,,,,,merge_then_adapt,coral,near_nearest_proxy,final,,4,4test,target,False,,,,,,
9,bnci004,MMP_merge_then_adapt,CSP,svm_radial,coral,7,0,0,10771,0.05,no_leakage_v1_alpha005,gate_all_sources_proxy_source_only_final_training_only,mmd,,,,,merge_then_adapt,coral,near_nearest_proxy,main,0.0,1,1train,nearest,True,1.0,0.0,direct,0.10934465539483444,0.07695986802333248,0.14258805962345858
9,bnci004,MMP_merge_then_adapt,CSP,svm_radial,coral,7,0,0,10771,0.05,no_leakage_v1_alpha005,gate_all_sources_proxy_source_only_final_training_only,mmd,,,,,merge_then_adapt,coral,near_nearest_proxy,anchor,0.0,1,1train,target,False,,0.0,direct,0.10934465539483444,0.07695986802333248,0.14258805962345858
9,bnci004,MMP_merge_then_adapt,CSP,svm_radial,coral,7,0,0,10771,0.05,no_leakage_v1_alpha005,gate_all_sources_proxy_source_only_final_training_only,mmd,,,,,merge_then_adapt,coral,near_nearest_proxy,final,0.0,1,1train,train,True,1.0,0.0,direct,0.10934465539483444,0.07695986802333248,0.14258805962345858
9,bnci004,MMP_merge_then_adapt,CSP,svm_radial,coral,7,0,0,10771,0.05,no_leakage_v1_alpha005,gate_all_sources_proxy_source_only_final_training_only,mmd,,,,,merge_then_adapt,coral,near_nearest_proxy,main,1.0,2,2train,far,False,,0.0,direct,0.5470722112003551,0.474969014216254,0.6105161354447012
9,bnci004,MMP_merge_then_adapt,CSP,svm_radial,coral,7,0,0,10771,0.05,no_leakage_v1_alpha005,gate_all_sources_proxy_source_only_final_training_only,mmd,,,,,merge_then_adapt,coral,near_nearest_proxy,anchor,1.0,2,2train,not_used,False,,0.0,direct,0.5470722112003551,0.474969014216254,0.6105161354447012
9,bnci004,MMP_merge_then_adapt,CSP,svm_radial,coral,7,0,0,10771,0.05,no_leakage_v1_alpha005,gate_all_sources_proxy_source_only_final_training_only,mmd,,,,,merge_then_adapt,coral,near_nearest_proxy,final,1.0,2,2train,not_used,False,,0.0,direct,0.5470722112003551,0.474969014216254,0.6105161354447012
9,bnci004,MMP_merge_then_adapt,CSP,svm_radial,coral,7,0,0,10771,0.05,no_leakage_v1_alpha005,gate_all_sources_proxy_source_only_final_training_only,mmd,,,,,merge_then_adapt,coral,near_nearest_proxy,main,2.0,3,3test,far,False,,0.0,direct,0.362601965475899,0.2939712654075534,0.43798490991197536
9,bnci004,MMP_merge_then_adapt,CSP,svm_radial,coral,7,0,0,10771,0.05,no_leakage_v1_alpha005,gate_all_sources_proxy_source_only_final_training_only,mmd,,,,,merge_then_adapt,coral,near_nearest_proxy,anchor,2.0,3,3test,second_nearest_fallback_source,False,1.0,0.0,direct,0.362601965475899,0.2939712654075534,0.43798490991197536
9,bnci004,MMP_merge_then_adapt,CSP,svm_radial,coral,7,0,0,10771,0.05,no_leakage_v1_alpha005,gate_all_sources_proxy_source_only_final_training_only,mmd,,,,,merge_then_adapt,coral,near_nearest_proxy,final,2.0,3,3test,not_used,False,,0.0,direct,0.362601965475899,0.2939712654075534,0.43798490991197536
9,bnci004,MMP_merge_then_adapt,CSP,svm_radial,coral,7,0,0,10771,0.05,no_leakage_v1_alpha005,gate_all_sources_proxy_source_only_final_training_only,mmd,,,,,merge_then_adapt,coral,near_nearest_proxy,main,3.0,4,4test,far,False,,0.0,direct,0.46971085217507663,0.39786288259300423,0.5483720210229144
9,bnci004,MMP_merge_then_adapt,CSP,svm_radial,coral,7,0,0,10771,0.05,no_leakage_v1_alpha005,gate_all_sources_proxy_source_only_final_training_only,mmd,,,,,merge_then_adapt,coral,near_nearest_proxy,anchor,3.0,4,4test,not_used,False,,0.0,direct,0.46971085217507663,0.39786288259300423,0.5483720210229144
9,bnci004,MMP_merge_then_adapt,CSP,svm_radial,coral,7,0,0,10771,0.05,no_leakage_v1_alpha005,gate_all_sources_proxy_source_only_final_training_only,mmd,,,,,merge_then_adapt,coral,near_nearest_proxy,final,3.0,4,4test,not_used,False,,0.0,direct,0.46971085217507663,0.39786288259300423,0.5483720210229144
9,bnci004,MMP_merge_then_adapt,CSP,svm_radial,coral,7,0,0,10771,0.05,no_leakage_v1_alpha005,gate_all_sources_proxy_source_only_final_training_only,mmd,,,,,merge_then_adapt,coral,near_nearest_proxy,main,,0,0train,target,False,,,,,,
9,bnci004,MMP_merge_then_adapt,CSP,svm_radial,coral,7,0,0,10771,0.05,no_leakage_v1_alpha005,gate_all_sources_proxy_source_only_final_training_only,mmd,,,,,merge_then_adapt,coral,near_nearest_proxy,final,,0,0train,target,False,,,,,,
9,bnci004,MMP_merge_then_adapt,CSP,svm_radial,coral,7,1,1,10802,0.05,no_leakage_v1_alpha005,gate_all_sources_proxy_source_only_final_training_only,mmd,,,,,merge_then_adapt,coral,near_nearest_proxy,main,0.0,0,0train,nearest,True,1.0,1.0,direct,0.10343494437506079,0.06825676569031992,0.14618100620650534
9,bnci004,MMP_merge_then_adapt,CSP,svm_radial,coral,7,1,1,10802,0.05,no_leakage_v1_alpha005,gate_all_sources_proxy_source_only_final_training_only,mmd,,,,,merge_then_adapt,coral,near_nearest_proxy,anchor,0.0,0,0train,target,False,,1.0,direct,0.10343494437506079,0.06825676569031992,0.14618100620650534
9,bnci004,MMP_merge_then_adapt,CSP,svm_radial,coral,7,1,1,10802,0.05,no_leakage_v1_alpha005,gate_all_sources_proxy_source_only_final_training_only,mmd,,,,,merge_then_adapt,coral,near_nearest_proxy,final,0.0,0,0train,train,True,1.0,1.0,direct,0.10343494437506079,0.06825676569031992,0.14618100620650534
9,bnci004,MMP_merge_then_adapt,CSP,svm_radial,coral,7,1,1,10802,0.05,no_leakage_v1_alpha005,gate_all_sources_proxy_source_only_final_training_only,mmd,,,,,merge_then_adapt,coral,near_nearest_proxy,main,1.0,2,2train,far,False,,1.0,direct,0.4115970228482682,0.34866574822607144,0.4844049234279208
9,bnci004,MMP_merge_then_adapt,CSP,svm_radial,coral,7,1,1,10802,0.05,no_leakage_v1_alpha005,gate_all_sources_proxy_source_only_final_training_only,mmd,,,,,merge_then_adapt,coral,near_nearest_proxy,anchor,1.0,2,2train,not_used,False,,1.0,direct,0.4115970228482682,0.34866574822607144,0.4844049234279208
9,bnci004,MMP_merge_then_adapt,CSP,svm_radial,coral,7,1,1,10802,0.05,no_leakage_v1_alpha005,gate_all_sources_proxy_source_only_final_training_only,mmd,,,,,merge_then_adapt,coral,near_nearest_proxy,final,1.0,2,2train,not_used,False,,1.0,direct,0.4115970228482682,0.34866574822607144,0.4844049234279208
9,bnci004,MMP_merge_then_adapt,CSP,svm_radial,coral,7,1,1,10802,0.05,no_leakage_v1_alpha005,gate_all_sources_proxy_source_only_final_training_only,mmd,,,,,merge_then_adapt,coral,near_nearest_proxy,main,2.0,3,3test,far,False,,1.0,direct,0.2781788867669274,0.2121350549363937,0.3441906371388468
9,bnci004,MMP_merge_then_adapt,CSP,svm_radial,coral,7,1,1,10802,0.05,no_leakage_v1_alpha005,gate_all_sources_proxy_source_only_final_training_only,mmd,,,,,merge_then_adapt,coral,near_nearest_proxy,anchor,2.0,3,3test,not_used,False,,1.0,direct,0.2781788867669274,0.2121350549363937,0.3441906371388468
9,bnci004,MMP_merge_then_adapt,CSP,svm_radial,coral,7,1,1,10802,0.05,no_leakage_v1_alpha005,gate_all_sources_proxy_source_only_final_training_only,mmd,,,,,merge_then_adapt,coral,near_nearest_proxy,final,2.0,3,3test,not_used,False,,1.0,direct,0.2781788867669274,0.2121350549363937,0.3441906371388468
9,bnci004,MMP_merge_then_adapt,CSP,svm_radial,coral,7,1,1,10802,0.05,no_leakage_v1_alpha005,gate_all_sources_proxy_source_only_final_training_only,mmd,,,,,merge_then_adapt,coral,near_nearest_proxy,main,3.0,4,4test,far,False,,1.0,direct,0.26363203414729747,0.20020767962283087,0.3380662472135116
9,bnci004,MMP_merge_then_adapt,CSP,svm_radial,coral,7,1,1,10802,0.05,no_leakage_v1_alpha005,gate_all_sources_proxy_source_only_final_training_only,mmd,,,,,merge_then_adapt,coral,near_nearest_proxy,anchor,3.0,4,4test,second_nearest_fallback_source,False,1.0,1.0,direct,0.26363203414729747,0.20020767962283087,0.3380662472135116
9,bnci004,MMP_merge_then_adapt,CSP,svm_radial,coral,7,1,1,10802,0.05,no_leakage_v1_alpha005,gate_all_sources_proxy_source_only_final_training_only,mmd,,,,,merge_then_adapt,coral,near_nearest_proxy,final,3.0,4,4test,not_used,False,,1.0,direct,0.26363203414729747,0.20020767962283087,0.3380662472135116
9,bnci004,MMP_merge_then_adapt,CSP,svm_radial,coral,7,1,1,10802,0.05,no_leakage_v1_alpha005,gate_all_sources_proxy_source_only_final_training_only,mmd,,,,,merge_then_adapt,coral,near_nearest_proxy,main,,1,1train,target,False,,,,,,
9,bnci004,MMP_merge_then_adapt,CSP,svm_radial,coral,7,1,1,10802,0.05,no_leakage_v1_alpha005,gate_all_sources_proxy_source_only_final_training_only,mmd,,,,,merge_then_adapt,coral,near_nearest_proxy,final,,1,1train,target,False,,,,,,
9,bnci004,MMP_merge_then_adapt,CSP,svm_radial,coral,7,2,2,10833,0.05,no_leakage_v1_alpha005,gate_all_sources_proxy_source_only_final_training_only,mmd,,,,,merge_then_adapt,coral,near_nearest_proxy,main,0.0,0,0train,far,False,,2.0,direct,0.3511513654986046,0.3017905505626288,0.399374631645976
9,bnci004,MMP_merge_then_adapt,CSP,svm_radial,coral,7,2,2,10833,0.05,no_leakage_v1_alpha005,gate_all_sources_proxy_source_only_final_training_only,mmd,,,,,merge_then_adapt,coral,near_nearest_proxy,anchor,0.0,0,0train,not_used,False,,2.0,direct,0.3511513654986046,0.3017905505626288,0.399374631645976
9,bnci004,MMP_merge_then_adapt,CSP,svm_radial,coral,7,2,2,10833,0.05,no_leakage_v1_alpha005,gate_all_sources_proxy_source_only_final_training_only,mmd,,,,,merge_then_adapt,coral,near_nearest_proxy,final,0.0,0,0train,not_used,False,,2.0,direct,0.3511513654986046,0.3017905505626288,0.399374631645976
9,bnci004,MMP_merge_then_adapt,CSP,svm_radial,coral,7,2,2,10833,0.05,no_leakage_v1_alpha005,gate_all_sources_proxy_source_only_final_training_only,mmd,,,,,merge_then_adapt,coral,near_nearest_proxy,main,1.0,1,1train,near,False,0.2915317241153692,2.0,direct,0.3014431896137687,0.24963061058034347,0.35153397400039965
9,bnci004,MMP_merge_then_adapt,CSP,svm_radial,coral,7,2,2,10833,0.05,no_leakage_v1_alpha005,gate_all_sources_proxy_source_only_final_training_only,mmd,,,,,merge_then_adapt,coral,near_nearest_proxy,anchor,1.0,1,1train,proxy_source,False,0.45515918423483015,2.0,direct,0.3014431896137687,0.24963061058034347,0.35153397400039965
9,bnci004,MMP_merge_then_adapt,CSP,svm_radial,coral,7,2,2,10833,0.05,no_leakage_v1_alpha005,gate_all_sources_proxy_source_only_final_training_only,mmd,,,,,merge_then_adapt,coral,near_nearest_proxy,final,1.0,1,1train,train,False,0.2915317241153692,2.0,direct,0.3014431896137687,0.24963061058034347,0.35153397400039965
9,bnci004,MMP_merge_then_adapt,CSP,svm_radial,coral,7,2,2,10833,0.05,no_leakage_v1_alpha005,gate_all_sources_proxy_source_only_final_training_only,mmd,,,,,merge_then_adapt,coral,near_nearest_proxy,main,2.0,3,3test,nearest,True,0.3594950201752728,2.0,direct,0.24445452619843208,0.20724026980722357,0.2884667550525229
9,bnci004,MMP_merge_then_adapt,CSP,svm_radial,coral,7,2,2,10833,0.05,no_leakage_v1_alpha005,gate_all_sources_proxy_source_only_final_training_only,mmd,,,,,merge_then_adapt,coral,near_nearest_proxy,anchor,2.0,3,3test,target,False,,2.0,direct,0.24445452619843208,0.20724026980722357,0.2884667550525229
9,bnci004,MMP_merge_then_adapt,CSP,svm_radial,coral,7,2,2,10833,0.05,no_leakage_v1_alpha005,gate_all_sources_proxy_source_only_final_training_only,mmd,,,,,merge_then_adapt,coral,near_nearest_proxy,final,2.0,3,3test,train,True,0.3594950201752728,2.0,direct,0.24445452619843208,0.20724026980722357,0.2884667550525229
9,bnci004,MMP_merge_then_adapt,CSP,svm_radial,coral,7,2,2,10833,0.05,no_leakage_v1_alpha005,gate_all_sources_proxy_source_only_final_training_only,mmd,,,,,merge_then_adapt,coral,near_nearest_proxy,main,3.0,4,4test,near,False,0.34897325570935805,2.0,direct,0.2518250149879608,0.2031701834673831,0.3064871676255375
9,bnci004,MMP_merge_then_adapt,CSP,svm_radial,coral,7,2,2,10833,0.05,no_leakage_v1_alpha005,gate_all_sources_proxy_source_only_final_training_only,mmd,,,,,merge_then_adapt,coral,near_nearest_proxy,anchor,3.0,4,4test,proxy_source,False,0.5448408157651699,2.0,direct,0.2518250149879608,0.2031701834673831,0.3064871676255375
9,bnci004,MMP_merge_then_adapt,CSP,svm_radial,coral,7,2,2,10833,0.05,no_leakage_v1_alpha005,gate_all_sources_proxy_source_only_final_training_only,mmd,,,,,merge_then_adapt,coral,near_nearest_proxy,final,3.0,4,4test,train,False,0.34897325570935805,2.0,direct,0.2518250149879608,0.2031701834673831,0.3064871676255375
9,bnci004,MMP_merge_then_adapt,CSP,svm_radial,coral,7,2,2,10833,0.05,no_leakage_v1_alpha005,gate_all_sources_proxy_source_only_final_training_only,mmd,,,,,merge_then_adapt,coral,near_nearest_proxy,main,,2,2train,target,False,,,,,,
9,bnci004,MMP_merge_then_adapt,CSP,svm_radial,coral,7,2,2,10833,0.05,no_leakage_v1_alpha005,gate_all_sources_proxy_source_only_final_training_only,mmd,,,,,merge_then_adapt,coral,near_nearest_proxy,final,,2,2train,target,False,,,,,,
9,bnci004,MMP_merge_then_adapt,CSP,svm_radial,coral,7,3,3,10864,0.05,no_leakage_v1_alpha005,gate_all_sources_proxy_source_only_final_training_only,mmd,,,,,merge_then_adapt,coral,near_nearest_proxy,main,0.0,0,0train,far,False,,3.0,direct,0.26159919763569384,0.21030724739545842,0.3134444474012977
9,bnci004,MMP_merge_then_adapt,CSP,svm_radial,coral,7,3,3,10864,0.05,no_leakage_v1_alpha005,gate_all_sources_proxy_source_only_final_training_only,mmd,,,,,merge_then_adapt,coral,near_nearest_proxy,anchor,0.0,0,0train,not_used,False,,3.0,direct,0.26159919763569384,0.21030724739545842,0.3134444474012977
9,bnci004,MMP_merge_then_adapt,CSP,svm_radial,coral,7,3,3,10864,0.05,no_leakage_v1_alpha005,gate_all_sources_proxy_source_only_final_training_only,mmd,,,,,merge_then_adapt,coral,near_nearest_proxy,final,0.0,0,0train,not_used,False,,3.0,direct,0.26159919763569384,0.21030724739545842,0.3134444474012977
9,bnci004,MMP_merge_then_adapt,CSP,svm_radial,coral,7,3,3,10864,0.05,no_leakage_v1_alpha005,gate_all_sources_proxy_source_only_final_training_only,mmd,,,,,merge_then_adapt,coral,near_nearest_proxy,main,1.0,1,1train,far,False,,3.0,direct,0.21801980816566194,0.1656520962232299,0.2711124977456821
9,bnci004,MMP_merge_then_adapt,CSP,svm_radial,coral,7,3,3,10864,0.05,no_leakage_v1_alpha005,gate_all_sources_proxy_source_only_final_training_only,mmd,,,,,merge_then_adapt,coral,near_nearest_proxy,anchor,1.0,1,1train,second_nearest_fallback_source,False,1.0,3.0,direct,0.21801980816566194,0.1656520962232299,0.2711124977456821
9,bnci004,MMP_merge_then_adapt,CSP,svm_radial,coral,7,3,3,10864,0.05,no_leakage_v1_alpha005,gate_all_sources_proxy_source_only_final_training_only,mmd,,,,,merge_then_adapt,coral,near_nearest_proxy,final,1.0,1,1train,not_used,False,,3.0,direct,0.21801980816566194,0.1656520962232299,0.2711124977456821
9,bnci004,MMP_merge_then_adapt,CSP,svm_radial,coral,7,3,3,10864,0.05,no_leakage_v1_alpha005,gate_all_sources_proxy_source_only_final_training_only,mmd,,,,,merge_then_adapt,coral,near_nearest_proxy,main,2.0,2,2train,far,False,,3.0,direct,0.23461218284807958,0.19355803342704517,0.2853246444755565
9,bnci004,MMP_merge_then_adapt,CSP,svm_radial,coral,7,3,3,10864,0.05,no_leakage_v1_alpha005,gate_all_sources_proxy_source_only_final_training_only,mmd,,,,,merge_then_adapt,coral,near_nearest_proxy,anchor,2.0,2,2train,not_used,False,,3.0,direct,0.23461218284807958,0.19355803342704517,0.2853246444755565
9,bnci004,MMP_merge_then_adapt,CSP,svm_radial,coral,7,3,3,10864,0.05,no_leakage_v1_alpha005,gate_all_sources_proxy_source_only_final_training_only,mmd,,,,,merge_then_adapt,coral,near_nearest_proxy,final,2.0,2,2train,not_used,False,,3.0,direct,0.23461218284807958,0.19355803342704517,0.2853246444755565
9,bnci004,MMP_merge_then_adapt,CSP,svm_radial,coral,7,3,3,10864,0.05,no_leakage_v1_alpha005,gate_all_sources_proxy_source_only_final_training_only,mmd,,,,,merge_then_adapt,coral,near_nearest_proxy,main,3.0,4,4test,nearest,True,1.0,3.0,direct,0.08188740028521668,0.05523870576074229,0.11177242371464448
9,bnci004,MMP_merge_then_adapt,CSP,svm_radial,coral,7,3,3,10864,0.05,no_leakage_v1_alpha005,gate_all_sources_proxy_source_only_final_training_only,mmd,,,,,merge_then_adapt,coral,near_nearest_proxy,anchor,3.0,4,4test,target,False,,3.0,direct,0.08188740028521668,0.05523870576074229,0.11177242371464448
9,bnci004,MMP_merge_then_adapt,CSP,svm_radial,coral,7,3,3,10864,0.05,no_leakage_v1_alpha005,gate_all_sources_proxy_source_only_final_training_only,mmd,,,,,merge_then_adapt,coral,near_nearest_proxy,final,3.0,4,4test,train,True,1.0,3.0,direct,0.08188740028521668,0.05523870576074229,0.11177242371464448
9,bnci004,MMP_merge_then_adapt,CSP,svm_radial,coral,7,3,3,10864,0.05,no_leakage_v1_alpha005,gate_all_sources_proxy_source_only_final_training_only,mmd,,,,,merge_then_adapt,coral,near_nearest_proxy,main,,3,3test,target,False,,,,,,
9,bnci004,MMP_merge_then_adapt,CSP,svm_radial,coral,7,3,3,10864,0.05,no_leakage_v1_alpha005,gate_all_sources_proxy_source_only_final_training_only,mmd,,,,,merge_then_adapt,coral,near_nearest_proxy,final,,3,3test,target,False,,,,,,
9,bnci004,MMP_merge_then_adapt,CSP,svm_radial,coral,7,4,4,10895,0.05,no_leakage_v1_alpha005,gate_all_sources_proxy_source_only_final_training_only,mmd,,,,,merge_then_adapt,coral,near_nearest_proxy,main,0.0,0,0train,far,False,,4.0,direct,0.2839312902833752,0.24025914550173327,0.3281403670290999
9,bnci004,MMP_merge_then_adapt,CSP,svm_radial,coral,7,4,4,10895,0.05,no_leakage_v1_alpha005,gate_all_sources_proxy_source_only_final_training_only,mmd,,,,,merge_then_adapt,coral,near_nearest_proxy,anchor,0.0,0,0train,not_used,False,,4.0,direct,0.2839312902833752,0.24025914550173327,0.3281403670290999
9,bnci004,MMP_merge_then_adapt,CSP,svm_radial,coral,7,4,4,10895,0.05,no_leakage_v1_alpha005,gate_all_sources_proxy_source_only_final_training_only,mmd,,,,,merge_then_adapt,coral,near_nearest_proxy,final,0.0,0,0train,not_used,False,,4.0,direct,0.2839312902833752,0.24025914550173327,0.3281403670290999
9,bnci004,MMP_merge_then_adapt,CSP,svm_radial,coral,7,4,4,10895,0.05,no_leakage_v1_alpha005,gate_all_sources_proxy_source_only_final_training_only,mmd,,,,,merge_then_adapt,coral,near_nearest_proxy,main,1.0,1,1train,far,False,,4.0,direct,0.18845692816496876,0.14459715340958126,0.23890907271393538
9,bnci004,MMP_merge_then_adapt,CSP,svm_radial,coral,7,4,4,10895,0.05,no_leakage_v1_alpha005,gate_all_sources_proxy_source_only_final_training_only,mmd,,,,,merge_then_adapt,coral,near_nearest_proxy,anchor,1.0,1,1train,second_nearest_fallback_source,False,1.0,4.0,direct,0.18845692816496876,0.14459715340958126,0.23890907271393538
9,bnci004,MMP_merge_then_adapt,CSP,svm_radial,coral,7,4,4,10895,0.05,no_leakage_v1_alpha005,gate_all_sources_proxy_source_only_final_training_only,mmd,,,,,merge_then_adapt,coral,near_nearest_proxy,final,1.0,1,1train,not_used,False,,4.0,direct,0.18845692816496876,0.14459715340958126,0.23890907271393538
9,bnci004,MMP_merge_then_adapt,CSP,svm_radial,coral,7,4,4,10895,0.05,no_leakage_v1_alpha005,gate_all_sources_proxy_source_only_final_training_only,mmd,,,,,merge_then_adapt,coral,near_nearest_proxy,main,2.0,2,2train,far,False,,4.0,direct,0.2274031292913873,0.18365605171693072,0.2788491674773243
9,bnci004,MMP_merge_then_adapt,CSP,svm_radial,coral,7,4,4,10895,0.05,no_leakage_v1_alpha005,gate_all_sources_proxy_source_only_final_training_only,mmd,,,,,merge_then_adapt,coral,near_nearest_proxy,anchor,2.0,2,2train,not_used,False,,4.0,direct,0.2274031292913873,0.18365605171693072,0.2788491674773243
9,bnci004,MMP_merge_then_adapt,CSP,svm_radial,coral,7,4,4,10895,0.05,no_leakage_v1_alpha005,gate_all_sources_proxy_source_only_final_training_only,mmd,,,,,merge_then_adapt,coral,near_nearest_proxy,final,2.0,2,2train,not_used,False,,4.0,direct,0.2274031292913873,0.18365605171693072,0.2788491674773243
9,bnci004,MMP_merge_then_adapt,CSP,svm_radial,coral,7,4,4,10895,0.05,no_leakage_v1_alpha005,gate_all_sources_proxy_source_only_final_training_only,mmd,,,,,merge_then_adapt,coral,near_nearest_proxy,main,3.0,3,3test,nearest,True,1.0,4.0,direct,0.08368699193471624,0.05849173872486894,0.11355156525325377
9,bnci004,MMP_merge_then_adapt,CSP,svm_radial,coral,7,4,4,10895,0.05,no_leakage_v1_alpha005,gate_all_sources_proxy_source_only_final_training_only,mmd,,,,,merge_then_adapt,coral,near_nearest_proxy,anchor,3.0,3,3test,target,False,,4.0,direct,0.08368699193471624,0.05849173872486894,0.11355156525325377
9,bnci004,MMP_merge_then_adapt,CSP,svm_radial,coral,7,4,4,10895,0.05,no_leakage_v1_alpha005,gate_all_sources_proxy_source_only_final_training_only,mmd,,,,,merge_then_adapt,coral,near_nearest_proxy,final,3.0,3,3test,train,True,1.0,4.0,direct,0.08368699193471624,0.05849173872486894,0.11355156525325377
9,bnci004,MMP_merge_then_adapt,CSP,svm_radial,coral,7,4,4,10895,0.05,no_leakage_v1_alpha005,gate_all_sources_proxy_source_only_final_training_only,mmd,,,,,merge_then_adapt,coral,near_nearest_proxy,main,,4,4test,target,False,,,,,,
9,bnci004,MMP_merge_then_adapt,CSP,svm_radial,coral,7,4,4,10895,0.05,no_leakage_v1_alpha005,gate_all_sources_proxy_source_only_final_training_only,mmd,,,,,merge_then_adapt,coral,near_nearest_proxy,final,,4,4test,target,False,,,,,,
9,bnci004,MMP_merge_then_adapt,logvar,lda,none,8,0,0,11768,0.05,no_leakage_v1_alpha005,gate_all_sources_proxy_source_only_final_training_only,mmd,,,,,merge_then_adapt,coral,near_nearest_proxy,main,0.0,1,1train,nearest,True,1.0,0.0,direct,0.06438280736053127,0.03850490943111553,0.11096710907326861
9,bnci004,MMP_merge_then_adapt,logvar,lda,none,8,0,0,11768,0.05,no_leakage_v1_alpha005,gate_all_sources_proxy_source_only_final_training_only,mmd,,,,,merge_then_adapt,coral,near_nearest_proxy,anchor,0.0,1,1train,target,False,,0.0,direct,0.06438280736053127,0.03850490943111553,0.11096710907326861
9,bnci004,MMP_merge_then_adapt,logvar,lda,none,8,0,0,11768,0.05,no_leakage_v1_alpha005,gate_all_sources_proxy_source_only_final_training_only,mmd,,,,,merge_then_adapt,coral,near_nearest_proxy,final,0.0,1,1train,train,True,1.0,0.0,direct,0.06438280736053127,0.03850490943111553,0.11096710907326861
9,bnci004,MMP_merge_then_adapt,logvar,lda,none,8,0,0,11768,0.05,no_leakage_v1_alpha005,gate_all_sources_proxy_source_only_final_training_only,mmd,,,,,merge_then_adapt,coral,near_nearest_proxy,main,1.0,2,2train,far,False,,0.0,direct,0.5138060778904415,0.4201675785695423,0.6067314152738952
9,bnci004,MMP_merge_then_adapt,logvar,lda,none,8,0,0,11768,0.05,no_leakage_v1_alpha005,gate_all_sources_proxy_source_only_final_training_only,mmd,,,,,merge_then_adapt,coral,near_nearest_proxy,anchor,1.0,2,2train,not_used,False,,0.0,direct,0.5138060778904415,0.4201675785695423,0.6067314152738952
9,bnci004,MMP_merge_then_adapt,logvar,lda,none,8,0,0,11768,0.05,no_leakage_v1_alpha005,gate_all_sources_proxy_source_only_final_training_only,mmd,,,,,merge_then_adapt,coral,near_nearest_proxy,final,1.0,2,2train,not_used,False,,0.0,direct,0.5138060778904415,0.4201675785695423,0.6067314152738952
9,bnci004,MMP_merge_then_adapt,logvar,lda,none,8,0,0,11768,0.05,no_leakage_v1_alpha005,gate_all_sources_proxy_source_only_final_training_only,mmd,,,,,merge_then_adapt,coral,near_nearest_proxy,main,2.0,3,3test,far,False,,0.0,direct,0.3538158067211114,0.2502750152344494,0.4510278114298456
9,bnci004,MMP_merge_then_adapt,logvar,lda,none,8,0,0,11768,0.05,no_leakage_v1_alpha005,gate_all_sources_proxy_source_only_final_training_only,mmd,,,,,merge_then_adapt,coral,near_nearest_proxy,anchor,2.0,3,3test,second_nearest_fallback_source,False,1.0,0.0,direct,0.3538158067211114,0.2502750152344494,0.4510278114298456
9,bnci004,MMP_merge_then_adapt,logvar,lda,none,8,0,0,11768,0.05,no_leakage_v1_alpha005,gate_all_sources_proxy_source_only_final_training_only,mmd,,,,,merge_then_adapt,coral,near_nearest_proxy,final,2.0,3,3test,not_used,False,,0.0,direct,0.3538158067211114,0.2502750152344494,0.4510278114298456
9,bnci004,MMP_merge_then_adapt,logvar,lda,none,8,0,0,11768,0.05,no_leakage_v1_alpha005,gate_all_sources_proxy_source_only_final_training_only,mmd,,,,,merge_then_adapt,coral,near_nearest_proxy,main,3.0,4,4test,far,False,,0.0,direct,0.42192614733416584,0.34057936698284946,0.5132652824399302
9,bnci004,MMP_merge_then_adapt,logvar,lda,none,8,0,0,11768,0.05,no_leakage_v1_alpha005,gate_all_sources_proxy_source_only_final_training_only,mmd,,,,,merge_then_adapt,coral,near_nearest_proxy,anchor,3.0,4,4test,not_used,False,,0.0,direct,0.42192614733416584,0.34057936698284946,0.5132652824399302
9,bnci004,MMP_merge_then_adapt,logvar,lda,none,8,0,0,11768,0.05,no_leakage_v1_alpha005,gate_all_sources_proxy_source_only_final_training_only,mmd,,,,,merge_then_adapt,coral,near_nearest_proxy,final,3.0,4,4test,not_used,False,,0.0,direct,0.42192614733416584,0.34057936698284946,0.5132652824399302
9,bnci004,MMP_merge_then_adapt,logvar,lda,none,8,0,0,11768,0.05,no_leakage_v1_alpha005,gate_all_sources_proxy_source_only_final_training_only,mmd,,,,,merge_then_adapt,coral,near_nearest_proxy,main,,0,0train,target,False,,,,,,
9,bnci004,MMP_merge_then_adapt,logvar,lda,none,8,0,0,11768,0.05,no_leakage_v1_alpha005,gate_all_sources_proxy_source_only_final_training_only,mmd,,,,,merge_then_adapt,coral,near_nearest_proxy,final,,0,0train,target,False,,,,,,
9,bnci004,MMP_merge_then_adapt,logvar,lda,none,8,1,1,11799,0.05,no_leakage_v1_alpha005,gate_all_sources_proxy_source_only_final_training_only,mmd,,,,,merge_then_adapt,coral,near_nearest_proxy,main,0.0,0,0train,nearest,True,1.0,1.0,direct,0.07495431185280321,0.04856415476553879,0.11204107140034283
9,bnci004,MMP_merge_then_adapt,logvar,lda,none,8,1,1,11799,0.05,no_leakage_v1_alpha005,gate_all_sources_proxy_source_only_final_training_only,mmd,,,,,merge_then_adapt,coral,near_nearest_proxy,anchor,0.0,0,0train,target,False,,1.0,direct,0.07495431185280321,0.04856415476553879,0.11204107140034283
9,bnci004,MMP_merge_then_adapt,logvar,lda,none,8,1,1,11799,0.05,no_leakage_v1_alpha005,gate_all_sources_proxy_source_only_final_training_only,mmd,,,,,merge_then_adapt,coral,near_nearest_proxy,final,0.0,0,0train,train,True,1.0,1.0,direct,0.07495431185280321,0.04856415476553879,0.11204107140034283
9,bnci004,MMP_merge_then_adapt,logvar,lda,none,8,1,1,11799,0.05,no_leakage_v1_alpha005,gate_all_sources_proxy_source_only_final_training_only,mmd,,,,,merge_then_adapt,coral,near_nearest_proxy,main,1.0,2,2train,far,False,,1.0,direct,0.39247843499860663,0.3100969593949083,0.48383725149701023
9,bnci004,MMP_merge_then_adapt,logvar,lda,none,8,1,1,11799,0.05,no_leakage_v1_alpha005,gate_all_sources_proxy_source_only_final_training_only,mmd,,,,,merge_then_adapt,coral,near_nearest_proxy,anchor,1.0,2,2train,not_used,False,,1.0,direct,0.39247843499860663,0.3100969593949083,0.48383725149701023
9,bnci004,MMP_merge_then_adapt,logvar,lda,none,8,1,1,11799,0.05,no_leakage_v1_alpha005,gate_all_sources_proxy_source_only_final_training_only,mmd,,,,,merge_then_adapt,coral,near_nearest_proxy,final,1.0,2,2train,not_used,False,,1.0,direct,0.39247843499860663,0.3100969593949083,0.48383725149701023
9,bnci004,MMP_merge_then_adapt,logvar,lda,none,8,1,1,11799,0.05,no_leakage_v1_alpha005,gate_all_sources_proxy_source_only_final_training_only,mmd,,,,,merge_then_adapt,coral,near_nearest_proxy,main,2.0,3,3test,far,False,,1.0,direct,0.23933102718882907,0.15902978587365807,0.32969328189756847
9,bnci004,MMP_merge_then_adapt,logvar,lda,none,8,1,1,11799,0.05,no_leakage_v1_alpha005,gate_all_sources_proxy_source_only_final_training_only,mmd,,,,,merge_then_adapt,coral,near_nearest_proxy,anchor,2.0,3,3test,second_nearest_fallback_source,False,1.0,1.0,direct,0.23933102718882907,0.15902978587365807,0.32969328189756847
9,bnci004,MMP_merge_then_adapt,logvar,lda,none,8,1,1,11799,0.05,no_leakage_v1_alpha005,gate_all_sources_proxy_source_only_final_training_only,mmd,,,,,merge_then_adapt,coral,near_nearest_proxy,final,2.0,3,3test,not_used,False,,1.0,direct,0.23933102718882907,0.15902978587365807,0.32969328189756847
9,bnci004,MMP_merge_then_adapt,logvar,lda,none,8,1,1,11799,0.05,no_leakage_v1_alpha005,gate_all_sources_proxy_source_only_final_training_only,mmd,,,,,merge_then_adapt,coral,near_nearest_proxy,main,3.0,4,4test,far,False,,1.0,direct,0.2758554431713598,0.20347147120985212,0.37397397869330784
9,bnci004,MMP_merge_then_adapt,logvar,lda,none,8,1,1,11799,0.05,no_leakage_v1_alpha005,gate_all_sources_proxy_source_only_final_training_only,mmd,,,,,merge_then_adapt,coral,near_nearest_proxy,anchor,3.0,4,4test,not_used,False,,1.0,direct,0.2758554431713598,0.20347147120985212,0.37397397869330784
9,bnci004,MMP_merge_then_adapt,logvar,lda,none,8,1,1,11799,0.05,no_leakage_v1_alpha005,gate_all_sources_proxy_source_only_final_training_only,mmd,,,,,merge_then_adapt,coral,near_nearest_proxy,final,3.0,4,4test,not_used,False,,1.0,direct,0.2758554431713598,0.20347147120985212,0.37397397869330784
9,bnci004,MMP_merge_then_adapt,logvar,lda,none,8,1,1,11799,0.05,no_leakage_v1_alpha005,gate_all_sources_proxy_source_only_final_training_only,mmd,,,,,merge_then_adapt,coral,near_nearest_proxy,main,,1,1train,target,False,,,,,,
9,bnci004,MMP_merge_then_adapt,logvar,lda,none,8,1,1,11799,0.05,no_leakage_v1_alpha005,gate_all_sources_proxy_source_only_final_training_only,mmd,,,,,merge_then_adapt,coral,near_nearest_proxy,final,,1,1train,target,False,,,,,,
9,bnci004,MMP_merge_then_adapt,logvar,lda,none,8,2,2,11830,0.05,no_leakage_v1_alpha005,gate_all_sources_proxy_source_only_final_training_only,mmd,,,,,merge_then_adapt,coral,near_nearest_proxy,main,0.0,0,0train,far,False,,2.0,direct,0.3175371140936374,0.2711035221375382,0.36112498433246526
9,bnci004,MMP_merge_then_adapt,logvar,lda,none,8,2,2,11830,0.05,no_leakage_v1_alpha005,gate_all_sources_proxy_source_only_final_training_only,mmd,,,,,merge_then_adapt,coral,near_nearest_proxy,anchor,0.0,0,0train,not_used,False,,2.0,direct,0.3175371140936374,0.2711035221375382,0.36112498433246526
9,bnci004,MMP_merge_then_adapt,logvar,lda,none,8,2,2,11830,0.05,no_leakage_v1_alpha005,gate_all_sources_proxy_source_only_final_training_only,mmd,,,,,merge_then_adapt,coral,near_nearest_proxy,final,0.0,0,0train,not_used,False,,2.0,direct,0.3175371140936374,0.2711035221375382,0.36112498433246526
9,bnci004,MMP_merge_then_adapt,logvar,lda,none,8,2,2,11830,0.05,no_leakage_v1_alpha005,gate_all_sources_proxy_source_only_final_training_only,mmd,,,,,merge_then_adapt,coral,near_nearest_proxy,main,1.0,1,1train,near,False,0.2781556941486735,2.0,direct,0.24234696462397834,0.19226780649614988,0.29990693419058173
9,bnci004,MMP_merge_then_adapt,logvar,lda,none,8,2,2,11830,0.05,no_leakage_v1_alpha005,gate_all_sources_proxy_source_only_final_training_only,mmd,,,,,merge_then_adapt,coral,near_nearest_proxy,anchor,1.0,1,1train,proxy_source,False,0.46233981699245436,2.0,direct,0.24234696462397834,0.19226780649614988,0.29990693419058173
9,bnci004,MMP_merge_then_adapt,logvar,lda,none,8,2,2,11830,0.05,no_leakage_v1_alpha005,gate_all_sources_proxy_source_only_final_training_only,mmd,,,,,merge_then_adapt,coral,near_nearest_proxy,final,1.0,1,1train,train,False,0.2781556941486735,2.0,direct,0.24234696462397834,0.19226780649614988,0.29990693419058173
9,bnci004,MMP_merge_then_adapt,logvar,lda,none,8,2,2,11830,0.05,no_leakage_v1_alpha005,gate_all_sources_proxy_source_only_final_training_only,mmd,,,,,merge_then_adapt,coral,near_nearest_proxy,main,2.0,3,3test,near,False,0.32347039109332765,2.0,direct,0.20839664065469476,0.16208226184762242,0.25873483806223235
9,bnci004,MMP_merge_then_adapt,logvar,lda,none,8,2,2,11830,0.05,no_leakage_v1_alpha005,gate_all_sources_proxy_source_only_final_training_only,mmd,,,,,merge_then_adapt,coral,near_nearest_proxy,anchor,2.0,3,3test,proxy_source,False,0.5376601830075458,2.0,direct,0.20839664065469476,0.16208226184762242,0.25873483806223235
9,bnci004,MMP_merge_then_adapt,logvar,lda,none,8,2,2,11830,0.05,no_leakage_v1_alpha005,gate_all_sources_proxy_source_only_final_training_only,mmd,,,,,merge_then_adapt,coral,near_nearest_proxy,final,2.0,3,3test,train,False,0.32347039109332765,2.0,direct,0.20839664065469476,0.16208226184762242,0.25873483806223235
9,bnci004,MMP_merge_then_adapt,logvar,lda,none,8,2,2,11830,0.05,no_leakage_v1_alpha005,gate_all_sources_proxy_source_only_final_training_only,mmd,,,,,merge_then_adapt,coral,near_nearest_proxy,main,3.0,4,4test,nearest,True,0.3983739147579988,2.0,direct,0.16921305701588388,0.12515984511851466,0.22337300770413532
9,bnci004,MMP_merge_then_adapt,logvar,lda,none,8,2,2,11830,0.05,no_leakage_v1_alpha005,gate_all_sources_proxy_source_only_final_training_only,mmd,,,,,merge_then_adapt,coral,near_nearest_proxy,anchor,3.0,4,4test,target,False,,2.0,direct,0.16921305701588388,0.12515984511851466,0.22337300770413532
9,bnci004,MMP_merge_then_adapt,logvar,lda,none,8,2,2,11830,0.05,no_leakage_v1_alpha005,gate_all_sources_proxy_source_only_final_training_only,mmd,,,,,merge_then_adapt,coral,near_nearest_proxy,final,3.0,4,4test,train,True,0.3983739147579988,2.0,direct,0.16921305701588388,0.12515984511851466,0.22337300770413532
9,bnci004,MMP_merge_then_adapt,logvar,lda,none,8,2,2,11830,0.05,no_leakage_v1_alpha005,gate_all_sources_proxy_source_only_final_training_only,mmd,,,,,merge_then_adapt,coral,near_nearest_proxy,main,,2,2train,target,False,,,,,,
9,bnci004,MMP_merge_then_adapt,logvar,lda,none,8,2,2,11830,0.05,no_leakage_v1_alpha005,gate_all_sources_proxy_source_only_final_training_only,mmd,,,,,merge_then_adapt,coral,near_nearest_proxy,final,,2,2train,target,False,,,,,,
9,bnci004,MMP_merge_then_adapt,logvar,lda,none,8,3,3,11861,0.05,no_leakage_v1_alpha005,gate_all_sources_proxy_source_only_final_training_only,mmd,,,,,merge_then_adapt,coral,near_nearest_proxy,main,0.0,0,0train,far,False,,3.0,direct,0.25820931599289404,0.1930315986108145,0.33539894458149805
9,bnci004,MMP_merge_then_adapt,logvar,lda,none,8,3,3,11861,0.05,no_leakage_v1_alpha005,gate_all_sources_proxy_source_only_final_training_only,mmd,,,,,merge_then_adapt,coral,near_nearest_proxy,anchor,0.0,0,0train,not_used,False,,3.0,direct,0.25820931599289404,0.1930315986108145,0.33539894458149805
9,bnci004,MMP_merge_then_adapt,logvar,lda,none,8,3,3,11861,0.05,no_leakage_v1_alpha005,gate_all_sources_proxy_source_only_final_training_only,mmd,,,,,merge_then_adapt,coral,near_nearest_proxy,final,0.0,0,0train,not_used,False,,3.0,direct,0.25820931599289404,0.1930315986108145,0.33539894458149805
9,bnci004,MMP_merge_then_adapt,logvar,lda,none,8,3,3,11861,0.05,no_leakage_v1_alpha005,gate_all_sources_proxy_source_only_final_training_only,mmd,,,,,merge_then_adapt,coral,near_nearest_proxy,main,1.0,1,1train,far,False,,3.0,direct,0.1934941672123962,0.14338732357843867,0.2502843962582135
9,bnci004,MMP_merge_then_adapt,logvar,lda,none,8,3,3,11861,0.05,no_leakage_v1_alpha005,gate_all_sources_proxy_source_only_final_training_only,mmd,,,,,merge_then_adapt,coral,near_nearest_proxy,anchor,1.0,1,1train,not_used,False,,3.0,direct,0.1934941672123962,0.14338732357843867,0.2502843962582135
9,bnci004,MMP_merge_then_adapt,logvar,lda,none,8,3,3,11861,0.05,no_leakage_v1_alpha005,gate_all_sources_proxy_source_only_final_training_only,mmd,,,,,merge_then_adapt,coral,near_nearest_proxy,final,1.0,1,1train,not_used,False,,3.0,direct,0.1934941672123962,0.14338732357843867,0.2502843962582135
9,bnci004,MMP_merge_then_adapt,logvar,lda,none,8,3,3,11861,0.05,no_leakage_v1_alpha005,gate_all_sources_proxy_source_only_final_training_only,mmd,,,,,merge_then_adapt,coral,near_nearest_proxy,main,2.0,2,2train,far,False,,3.0,direct,0.113132233349668,0.08384696953014933,0.14830935264332443
9,bnci004,MMP_merge_then_adapt,logvar,lda,none,8,3,3,11861,0.05,no_leakage_v1_alpha005,gate_all_sources_proxy_source_only_final_training_only,mmd,,,,,merge_then_adapt,coral,near_nearest_proxy,anchor,2.0,2,2train,second_nearest_fallback_source,False,1.0,3.0,direct,0.113132233349668,0.08384696953014933,0.14830935264332443
9,bnci004,MMP_merge_then_adapt,logvar,lda,none,8,3,3,11861,0.05,no_leakage_v1_alpha005,gate_all_sources_proxy_source_only_final_training_only,mmd,,,,,merge_then_adapt,coral,near_nearest_proxy,final,2.0,2,2train,not_used,False,,3.0,direct,0.113132233349668,0.08384696953014933,0.14830935264332443
9,bnci004,MMP_merge_then_adapt,logvar,lda,none,8,3,3,11861,0.05,no_leakage_v1_alpha005,gate_all_sources_proxy_source_only_final_training_only,mmd,,,,,merge_then_adapt,coral,near_nearest_proxy,main,3.0,4,4test,nearest,True,1.0,3.0,direct,0.04515795666388251,0.023501862734152633,0.07400176083272188
9,bnci004,MMP_merge_then_adapt,logvar,lda,none,8,3,3,11861,0.05,no_leakage_v1_alpha005,gate_all_sources_proxy_source_only_final_training_only,mmd,,,,,merge_then_adapt,coral,near_nearest_proxy,anchor,3.0,4,4test,target,False,,3.0,direct,0.04515795666388251,0.023501862734152633,0.07400176083272188
9,bnci004,MMP_merge_then_adapt,logvar,lda,none,8,3,3,11861,0.05,no_leakage_v1_alpha005,gate_all_sources_proxy_source_only_final_training_only,mmd,,,,,merge_then_adapt,coral,near_nearest_proxy,final,3.0,4,4test,train,True,1.0,3.0,direct,0.04515795666388251,0.023501862734152633,0.07400176083272188
9,bnci004,MMP_merge_then_adapt,logvar,lda,none,8,3,3,11861,0.05,no_leakage_v1_alpha005,gate_all_sources_proxy_source_only_final_training_only,mmd,,,,,merge_then_adapt,coral,near_nearest_proxy,main,,3,3test,target,False,,,,,,
9,bnci004,MMP_merge_then_adapt,logvar,lda,none,8,3,3,11861,0.05,no_leakage_v1_alpha005,gate_all_sources_proxy_source_only_final_training_only,mmd,,,,,merge_then_adapt,coral,near_nearest_proxy,final,,3,3test,target,False,,,,,,
9,bnci004,MMP_merge_then_adapt,logvar,lda,none,8,4,4,11892,0.05,no_leakage_v1_alpha005,gate_all_sources_proxy_source_only_final_training_only,mmd,,,,,merge_then_adapt,coral,near_nearest_proxy,main,0.0,0,0train,far,False,,4.0,direct,0.2751802340985924,0.22382311419022166,0.32549594618008476
9,bnci004,MMP_merge_then_adapt,logvar,lda,none,8,4,4,11892,0.05,no_leakage_v1_alpha005,gate_all_sources_proxy_source_only_final_training_only,mmd,,,,,merge_then_adapt,coral,near_nearest_proxy,anchor,0.0,0,0train,not_used,False,,4.0,direct,0.2751802340985924,0.22382311419022166,0.32549594618008476
9,bnci004,MMP_merge_then_adapt,logvar,lda,none,8,4,4,11892,0.05,no_leakage_v1_alpha005,gate_all_sources_proxy_source_only_final_training_only,mmd,,,,,merge_then_adapt,coral,near_nearest_proxy,final,0.0,0,0train,not_used,False,,4.0,direct,0.2751802340985924,0.22382311419022166,0.32549594618008476
9,bnci004,MMP_merge_then_adapt,logvar,lda,none,8,4,4,11892,0.05,no_leakage_v1_alpha005,gate_all_sources_proxy_source_only_final_training_only,mmd,,,,,merge_then_adapt,coral,near_nearest_proxy,main,1.0,1,1train,far,False,,4.0,direct,0.18087565832103233,0.12879899127164346,0.2406183433532062
9,bnci004,MMP_merge_then_adapt,logvar,lda,none,8,4,4,11892,0.05,no_leakage_v1_alpha005,gate_all_sources_proxy_source_only_final_training_only,mmd,,,,,merge_then_adapt,coral,near_nearest_proxy,anchor,1.0,1,1train,not_used,False,,4.0,direct,0.18087565832103233,0.12879899127164346,0.2406183433532062
9,bnci004,MMP_merge_then_adapt,logvar,lda,none,8,4,4,11892,0.05,no_leakage_v1_alpha005,gate_all_sources_proxy_source_only_final_training_only,mmd,,,,,merge_then_adapt,coral,near_nearest_proxy,final,1.0,1,1train,not_used,False,,4.0,direct,0.18087565832103233,0.12879899127164346,0.2406183433532062
9,bnci004,MMP_merge_then_adapt,logvar,lda,none,8,4,4,11892,0.05,no_leakage_v1_alpha005,gate_all_sources_proxy_source_only_final_training_only,mmd,,,,,merge_then_adapt,coral,near_nearest_proxy,main,2.0,2,2train,far,False,,4.0,direct,0.16186399579301297,0.11632126082408943,0.21106217918052608
9,bnci004,MMP_merge_then_adapt,logvar,lda,none,8,4,4,11892,0.05,no_leakage_v1_alpha005,gate_all_sources_proxy_source_only_final_training_only,mmd,,,,,merge_then_adapt,coral,near_nearest_proxy,anchor,2.0,2,2train,second_nearest_fallback_source,False,1.0,4.0,direct,0.16186399579301297,0.11632126082408943,0.21106217918052608
9,bnci004,MMP_merge_then_adapt,logvar,lda,none,8,4,4,11892,0.05,no_leakage_v1_alpha005,gate_all_sources_proxy_source_only_final_training_only,mmd,,,,,merge_then_adapt,coral,near_nearest_proxy,final,2.0,2,2train,not_used,False,,4.0,direct,0.16186399579301297,0.11632126082408943,0.21106217918052608
9,bnci004,MMP_merge_then_adapt,logvar,lda,none,8,4,4,11892,0.05,no_leakage_v1_alpha005,gate_all_sources_proxy_source_only_final_training_only,mmd,,,,,merge_then_adapt,coral,near_nearest_proxy,main,3.0,3,3test,nearest,True,1.0,4.0,direct,0.04822312381591225,0.029709844631670874,0.0726671380817541
9,bnci004,MMP_merge_then_adapt,logvar,lda,none,8,4,4,11892,0.05,no_leakage_v1_alpha005,gate_all_sources_proxy_source_only_final_training_only,mmd,,,,,merge_then_adapt,coral,near_nearest_proxy,anchor,3.0,3,3test,target,False,,4.0,direct,0.04822312381591225,0.029709844631670874,0.0726671380817541
9,bnci004,MMP_merge_then_adapt,logvar,lda,none,8,4,4,11892,0.05,no_leakage_v1_alpha005,gate_all_sources_proxy_source_only_final_training_only,mmd,,,,,merge_then_adapt,coral,near_nearest_proxy,final,3.0,3,3test,train,True,1.0,4.0,direct,0.04822312381591225,0.029709844631670874,0.0726671380817541
9,bnci004,MMP_merge_then_adapt,logvar,lda,none,8,4,4,11892,0.05,no_leakage_v1_alpha005,gate_all_sources_proxy_source_only_final_training_only,mmd,,,,,merge_then_adapt,coral,near_nearest_proxy,main,,4,4test,target,False,,,,,,
9,bnci004,MMP_merge_then_adapt,logvar,lda,none,8,4,4,11892,0.05,no_leakage_v1_alpha005,gate_all_sources_proxy_source_only_final_training_only,mmd,,,,,merge_then_adapt,coral,near_nearest_proxy,final,,4,4test,target,False,,,,,,
9,bnci004,MMP_merge_then_adapt,logvar,lda,sa,9,0,0,12765,0.05,no_leakage_v1_alpha005,gate_all_sources_proxy_source_only_final_training_only,mmd,,,,,merge_then_adapt,coral,near_nearest_proxy,main,0.0,1,1train,nearest,True,1.0,0.0,direct,0.06459891990142955,0.036446755149094553,0.0999183395336564
9,bnci004,MMP_merge_then_adapt,logvar,lda,sa,9,0,0,12765,0.05,no_leakage_v1_alpha005,gate_all_sources_proxy_source_only_final_training_only,mmd,,,,,merge_then_adapt,coral,near_nearest_proxy,anchor,0.0,1,1train,target,False,,0.0,direct,0.06459891990142955,0.036446755149094553,0.0999183395336564
9,bnci004,MMP_merge_then_adapt,logvar,lda,sa,9,0,0,12765,0.05,no_leakage_v1_alpha005,gate_all_sources_proxy_source_only_final_training_only,mmd,,,,,merge_then_adapt,coral,near_nearest_proxy,final,0.0,1,1train,train,True,1.0,0.0,direct,0.06459891990142955,0.036446755149094553,0.0999183395336564
9,bnci004,MMP_merge_then_adapt,logvar,lda,sa,9,0,0,12765,0.05,no_leakage_v1_alpha005,gate_all_sources_proxy_source_only_final_training_only,mmd,,,,,merge_then_adapt,coral,near_nearest_proxy,main,1.0,2,2train,far,False,,0.0,direct,0.5136522983869122,0.42818062850422933,0.5913366536727646
9,bnci004,MMP_merge_then_adapt,logvar,lda,sa,9,0,0,12765,0.05,no_leakage_v1_alpha005,gate_all_sources_proxy_source_only_final_training_only,mmd,,,,,merge_then_adapt,coral,near_nearest_proxy,anchor,1.0,2,2train,not_used,False,,0.0,direct,0.5136522983869122,0.42818062850422933,0.5913366536727646
9,bnci004,MMP_merge_then_adapt,logvar,lda,sa,9,0,0,12765,0.05,no_leakage_v1_alpha005,gate_all_sources_proxy_source_only_final_training_only,mmd,,,,,merge_then_adapt,coral,near_nearest_proxy,final,1.0,2,2train,not_used,False,,0.0,direct,0.5136522983869122,0.42818062850422933,0.5913366536727646
9,bnci004,MMP_merge_then_adapt,logvar,lda,sa,9,0,0,12765,0.05,no_leakage_v1_alpha005,gate_all_sources_proxy_source_only_final_training_only,mmd,,,,,merge_then_adapt,coral,near_nearest_proxy,main,2.0,3,3test,far,False,,0.0,direct,0.34675619751496056,0.24772859323832158,0.4383217876937801
9,bnci004,MMP_merge_then_adapt,logvar,lda,sa,9,0,0,12765,0.05,no_leakage_v1_alpha005,gate_all_sources_proxy_source_only_final_training_only,mmd,,,,,merge_then_adapt,coral,near_nearest_proxy,anchor,2.0,3,3test,second_nearest_fallback_source,False,1.0,0.0,direct,0.34675619751496056,0.24772859323832158,0.4383217876937801
9,bnci004,MMP_merge_then_adapt,logvar,lda,sa,9,0,0,12765,0.05,no_leakage_v1_alpha005,gate_all_sources_proxy_source_only_final_training_only,mmd,,,,,merge_then_adapt,coral,near_nearest_proxy,final,2.0,3,3test,not_used,False,,0.0,direct,0.34675619751496056,0.24772859323832158,0.4383217876937801
9,bnci004,MMP_merge_then_adapt,logvar,lda,sa,9,0,0,12765,0.05,no_leakage_v1_alpha005,gate_all_sources_proxy_source_only_final_training_only,mmd,,,,,merge_then_adapt,coral,near_nearest_proxy,main,3.0,4,4test,far,False,,0.0,direct,0.4215278774181865,0.33430102557866204,0.5105302946878342
9,bnci004,MMP_merge_then_adapt,logvar,lda,sa,9,0,0,12765,0.05,no_leakage_v1_alpha005,gate_all_sources_proxy_source_only_final_training_only,mmd,,,,,merge_then_adapt,coral,near_nearest_proxy,anchor,3.0,4,4test,not_used,False,,0.0,direct,0.4215278774181865,0.33430102557866204,0.5105302946878342
9,bnci004,MMP_merge_then_adapt,logvar,lda,sa,9,0,0,12765,0.05,no_leakage_v1_alpha005,gate_all_sources_proxy_source_only_final_training_only,mmd,,,,,merge_then_adapt,coral,near_nearest_proxy,final,3.0,4,4test,not_used,False,,0.0,direct,0.4215278774181865,0.33430102557866204,0.5105302946878342
9,bnci004,MMP_merge_then_adapt,logvar,lda,sa,9,0,0,12765,0.05,no_leakage_v1_alpha005,gate_all_sources_proxy_source_only_final_training_only,mmd,,,,,merge_then_adapt,coral,near_nearest_proxy,main,,0,0train,target,False,,,,,,
9,bnci004,MMP_merge_then_adapt,logvar,lda,sa,9,0,0,12765,0.05,no_leakage_v1_alpha005,gate_all_sources_proxy_source_only_final_training_only,mmd,,,,,merge_then_adapt,coral,near_nearest_proxy,final,,0,0train,target,False,,,,,,
9,bnci004,MMP_merge_then_adapt,logvar,lda,sa,9,1,1,12796,0.05,no_leakage_v1_alpha005,gate_all_sources_proxy_source_only_final_training_only,mmd,,,,,merge_then_adapt,coral,near_nearest_proxy,main,0.0,0,0train,nearest,True,1.0,1.0,direct,0.0748245186665546,0.046636346821138604,0.11467192525348817
9,bnci004,MMP_merge_then_adapt,logvar,lda,sa,9,1,1,12796,0.05,no_leakage_v1_alpha005,gate_all_sources_proxy_source_only_final_training_only,mmd,,,,,merge_then_adapt,coral,near_nearest_proxy,anchor,0.0,0,0train,target,False,,1.0,direct,0.0748245186665546,0.046636346821138604,0.11467192525348817
9,bnci004,MMP_merge_then_adapt,logvar,lda,sa,9,1,1,12796,0.05,no_leakage_v1_alpha005,gate_all_sources_proxy_source_only_final_training_only,mmd,,,,,merge_then_adapt,coral,near_nearest_proxy,final,0.0,0,0train,train,True,1.0,1.0,direct,0.0748245186665546,0.046636346821138604,0.11467192525348817
9,bnci004,MMP_merge_then_adapt,logvar,lda,sa,9,1,1,12796,0.05,no_leakage_v1_alpha005,gate_all_sources_proxy_source_only_final_training_only,mmd,,,,,merge_then_adapt,coral,near_nearest_proxy,main,1.0,2,2train,far,False,,1.0,direct,0.38233331679818333,0.30209029133589166,0.4765554544277383
9,bnci004,MMP_merge_then_adapt,logvar,lda,sa,9,1,1,12796,0.05,no_leakage_v1_alpha005,gate_all_sources_proxy_source_only_final_training_only,mmd,,,,,merge_then_adapt,coral,near_nearest_proxy,anchor,1.0,2,2train,not_used,False,,1.0,direct,0.38233331679818333,0.30209029133589166,0.4765554544277383
9,bnci004,MMP_merge_then_adapt,logvar,lda,sa,9,1,1,12796,0.05,no_leakage_v1_alpha005,gate_all_sources_proxy_source_only_final_training_only,mmd,,,,,merge_then_adapt,coral,near_nearest_proxy,final,1.0,2,2train,not_used,False,,1.0,direct,0.38233331679818333,0.30209029133589166,0.4765554544277383
9,bnci004,MMP_merge_then_adapt,logvar,lda,sa,9,1,1,12796,0.05,no_leakage_v1_alpha005,gate_all_sources_proxy_source_only_final_training_only,mmd,,,,,merge_then_adapt,coral,near_nearest_proxy,main,2.0,3,3test,far,False,,1.0,direct,0.23605223056837107,0.156222463460534,0.310269322545563
9,bnci004,MMP_merge_then_adapt,logvar,lda,sa,9,1,1,12796,0.05,no_leakage_v1_alpha005,gate_all_sources_proxy_source_only_final_training_only,mmd,,,,,merge_then_adapt,coral,near_nearest_proxy,anchor,2.0,3,3test,second_nearest_fallback_source,False,1.0,1.0,direct,0.23605223056837107,0.156222463460534,0.310269322545563
9,bnci004,MMP_merge_then_adapt,logvar,lda,sa,9,1,1,12796,0.05,no_leakage_v1_alpha005,gate_all_sources_proxy_source_only_final_training_only,mmd,,,,,merge_then_adapt,coral,near_nearest_proxy,final,2.0,3,3test,not_used,False,,1.0,direct,0.23605223056837107,0.156222463460534,0.310269322545563
9,bnci004,MMP_merge_then_adapt,logvar,lda,sa,9,1,1,12796,0.05,no_leakage_v1_alpha005,gate_all_sources_proxy_source_only_final_training_only,mmd,,,,,merge_then_adapt,coral,near_nearest_proxy,main,3.0,4,4test,far,False,,1.0,direct,0.2725958633458525,0.19581026570674862,0.34757075770364937
9,bnci004,MMP_merge_then_adapt,logvar,lda,sa,9,1,1,12796,0.05,no_leakage_v1_alpha005,gate_all_sources_proxy_source_only_final_training_only,mmd,,,,,merge_then_adapt,coral,near_nearest_proxy,anchor,3.0,4,4test,not_used,False,,1.0,direct,0.2725958633458525,0.19581026570674862,0.34757075770364937
9,bnci004,MMP_merge_then_adapt,logvar,lda,sa,9,1,1,12796,0.05,no_leakage_v1_alpha005,gate_all_sources_proxy_source_only_final_training_only,mmd,,,,,merge_then_adapt,coral,near_nearest_proxy,final,3.0,4,4test,not_used,False,,1.0,direct,0.2725958633458525,0.19581026570674862,0.34757075770364937
9,bnci004,MMP_merge_then_adapt,logvar,lda,sa,9,1,1,12796,0.05,no_leakage_v1_alpha005,gate_all_sources_proxy_source_only_final_training_only,mmd,,,,,merge_then_adapt,coral,near_nearest_proxy,main,,1,1train,target,False,,,,,,
9,bnci004,MMP_merge_then_adapt,logvar,lda,sa,9,1,1,12796,0.05,no_leakage_v1_alpha005,gate_all_sources_proxy_source_only_final_training_only,mmd,,,,,merge_then_adapt,coral,near_nearest_proxy,final,,1,1train,target,False,,,,,,
9,bnci004,MMP_merge_then_adapt,logvar,lda,sa,9,2,2,12827,0.05,no_leakage_v1_alpha005,gate_all_sources_proxy_source_only_final_training_only,mmd,,,,,merge_then_adapt,coral,near_nearest_proxy,main,0.0,0,0train,far,False,,2.0,direct,0.31430925018725087,0.2698523762984471,0.3669977863284723
9,bnci004,MMP_merge_then_adapt,logvar,lda,sa,9,2,2,12827,0.05,no_leakage_v1_alpha005,gate_all_sources_proxy_source_only_final_training_only,mmd,,,,,merge_then_adapt,coral,near_nearest_proxy,anchor,0.0,0,0train,not_used,False,,2.0,direct,0.31430925018725087,0.2698523762984471,0.3669977863284723
9,bnci004,MMP_merge_then_adapt,logvar,lda,sa,9,2,2,12827,0.05,no_leakage_v1_alpha005,gate_all_sources_proxy_source_only_final_training_only,mmd,,,,,merge_then_adapt,coral,near_nearest_proxy,final,0.0,0,0train,not_used,False,,2.0,direct,0.31430925018725087,0.2698523762984471,0.3669977863284723
9,bnci004,MMP_merge_then_adapt,logvar,lda,sa,9,2,2,12827,0.05,no_leakage_v1_alpha005,gate_all_sources_proxy_source_only_final_training_only,mmd,,,,,merge_then_adapt,coral,near_nearest_proxy,main,1.0,1,1train,near,False,0.27310087186235105,2.0,direct,0.24423645191065424,0.19459562859010815,0.30088913317839694
9,bnci004,MMP_merge_then_adapt,logvar,lda,sa,9,2,2,12827,0.05,no_leakage_v1_alpha005,gate_all_sources_proxy_source_only_final_training_only,mmd,,,,,merge_then_adapt,coral,near_nearest_proxy,anchor,1.0,1,1train,proxy_source,False,0.4584927015109467,2.0,direct,0.24423645191065424,0.19459562859010815,0.30088913317839694
9,bnci004,MMP_merge_then_adapt,logvar,lda,sa,9,2,2,12827,0.05,no_leakage_v1_alpha005,gate_all_sources_proxy_source_only_final_training_only,mmd,,,,,merge_then_adapt,coral,near_nearest_proxy,final,1.0,1,1train,train,False,0.27310087186235105,2.0,direct,0.24423645191065424,0.19459562859010815,0.30088913317839694
9,bnci004,MMP_merge_then_adapt,logvar,lda,sa,9,2,2,12827,0.05,no_leakage_v1_alpha005,gate_all_sources_proxy_source_only_final_training_only,mmd,,,,,merge_then_adapt,coral,near_nearest_proxy,main,2.0,3,3test,near,False,0.3225484611856052,2.0,direct,0.2067941613009136,0.16587338550199648,0.2558484592400021
9,bnci004,MMP_merge_then_adapt,logvar,lda,sa,9,2,2,12827,0.05,no_leakage_v1_alpha005,gate_all_sources_proxy_source_only_final_training_only,mmd,,,,,merge_then_adapt,coral,near_nearest_proxy,anchor,2.0,3,3test,proxy_source,False,0.5415072984890534,2.0,direct,0.2067941613009136,0.16587338550199648,0.2558484592400021
9,bnci004,MMP_merge_then_adapt,logvar,lda,sa,9,2,2,12827,0.05,no_leakage_v1_alpha005,gate_all_sources_proxy_source_only_final_training_only,mmd,,,,,merge_then_adapt,coral,near_nearest_proxy,final,2.0,3,3test,train,False,0.3225484611856052,2.0,direct,0.2067941613009136,0.16587338550199648,0.2558484592400021
9,bnci004,MMP_merge_then_adapt,logvar,lda,sa,9,2,2,12827,0.05,no_leakage_v1_alpha005,gate_all_sources_proxy_source_only_final_training_only,mmd,,,,,merge_then_adapt,coral,near_nearest_proxy,main,3.0,4,4test,nearest,True,0.40435066695204364,2.0,direct,0.164958443645853,0.12055429894894655,0.21514483434280654
9,bnci004,MMP_merge_then_adapt,logvar,lda,sa,9,2,2,12827,0.05,no_leakage_v1_alpha005,gate_all_sources_proxy_source_only_final_training_only,mmd,,,,,merge_then_adapt,coral,near_nearest_proxy,anchor,3.0,4,4test,target,False,,2.0,direct,0.164958443645853,0.12055429894894655,0.21514483434280654
9,bnci004,MMP_merge_then_adapt,logvar,lda,sa,9,2,2,12827,0.05,no_leakage_v1_alpha005,gate_all_sources_proxy_source_only_final_training_only,mmd,,,,,merge_then_adapt,coral,near_nearest_proxy,final,3.0,4,4test,train,True,0.40435066695204364,2.0,direct,0.164958443645853,0.12055429894894655,0.21514483434280654
9,bnci004,MMP_merge_then_adapt,logvar,lda,sa,9,2,2,12827,0.05,no_leakage_v1_alpha005,gate_all_sources_proxy_source_only_final_training_only,mmd,,,,,merge_then_adapt,coral,near_nearest_proxy,main,,2,2train,target,False,,,,,,
9,bnci004,MMP_merge_then_adapt,logvar,lda,sa,9,2,2,12827,0.05,no_leakage_v1_alpha005,gate_all_sources_proxy_source_only_final_training_only,mmd,,,,,merge_then_adapt,coral,near_nearest_proxy,final,,2,2train,target,False,,,,,,
9,bnci004,MMP_merge_then_adapt,logvar,lda,sa,9,3,3,12858,0.05,no_leakage_v1_alpha005,gate_all_sources_proxy_source_only_final_training_only,mmd,,,,,merge_then_adapt,coral,near_nearest_proxy,main,0.0,0,0train,far,False,,3.0,direct,0.259180589904554,0.19414112796042166,0.33317844406843095
9,bnci004,MMP_merge_then_adapt,logvar,lda,sa,9,3,3,12858,0.05,no_leakage_v1_alpha005,gate_all_sources_proxy_source_only_final_training_only,mmd,,,,,merge_then_adapt,coral,near_nearest_proxy,anchor,0.0,0,0train,not_used,False,,3.0,direct,0.259180589904554,0.19414112796042166,0.33317844406843095
9,bnci004,MMP_merge_then_adapt,logvar,lda,sa,9,3,3,12858,0.05,no_leakage_v1_alpha005,gate_all_sources_proxy_source_only_final_training_only,mmd,,,,,merge_then_adapt,coral,near_nearest_proxy,final,0.0,0,0train,not_used,False,,3.0,direct,0.259180589904554,0.19414112796042166,0.33317844406843095
9,bnci004,MMP_merge_then_adapt,logvar,lda,sa,9,3,3,12858,0.05,no_leakage_v1_alpha005,gate_all_sources_proxy_source_only_final_training_only,mmd,,,,,merge_then_adapt,coral,near_nearest_proxy,main,1.0,1,1train,far,False,,3.0,direct,0.19111950874012484,0.1329941900006741,0.2527761890553926
9,bnci004,MMP_merge_then_adapt,logvar,lda,sa,9,3,3,12858,0.05,no_leakage_v1_alpha005,gate_all_sources_proxy_source_only_final_training_only,mmd,,,,,merge_then_adapt,coral,near_nearest_proxy,anchor,1.0,1,1train,not_used,False,,3.0,direct,0.19111950874012484,0.1329941900006741,0.2527761890553926
9,bnci004,MMP_merge_then_adapt,logvar,lda,sa,9,3,3,12858,0.05,no_leakage_v1_alpha005,gate_all_sources_proxy_source_only_final_training_only,mmd,,,,,merge_then_adapt,coral,near_nearest_proxy,final,1.0,1,1train,not_used,False,,3.0,direct,0.19111950874012484,0.1329941900006741,0.2527761890553926
9,bnci004,MMP_merge_then_adapt,logvar,lda,sa,9,3,3,12858,0.05,no_leakage_v1_alpha005,gate_all_sources_proxy_source_only_final_training_only,mmd,,,,,merge_then_adapt,coral,near_nearest_proxy,main,2.0,2,2train,far,False,,3.0,direct,0.12030411931547126,0.08617577686222765,0.16317149950569884
9,bnci004,MMP_merge_then_adapt,logvar,lda,sa,9,3,3,12858,0.05,no_leakage_v1_alpha005,gate_all_sources_proxy_source_only_final_training_only,mmd,,,,,merge_then_adapt,coral,near_nearest_proxy,anchor,2.0,2,2train,second_nearest_fallback_source,False,1.0,3.0,direct,0.12030411931547126,0.08617577686222765,0.16317149950569884
9,bnci004,MMP_merge_then_adapt,logvar,lda,sa,9,3,3,12858,0.05,no_leakage_v1_alpha005,gate_all_sources_proxy_source_only_final_training_only,mmd,,,,,merge_then_adapt,coral,near_nearest_proxy,final,2.0,2,2train,not_used,False,,3.0,direct,0.12030411931547126,0.08617577686222765,0.16317149950569884
9,bnci004,MMP_merge_then_adapt,logvar,lda,sa,9,3,3,12858,0.05,no_leakage_v1_alpha005,gate_all_sources_proxy_source_only_final_training_only,mmd,,,,,merge_then_adapt,coral,near_nearest_proxy,main,3.0,4,4test,nearest,True,1.0,3.0,direct,0.04370938369834709,0.025902336507608696,0.07002238366873981
9,bnci004,MMP_merge_then_adapt,logvar,lda,sa,9,3,3,12858,0.05,no_leakage_v1_alpha005,gate_all_sources_proxy_source_only_final_training_only,mmd,,,,,merge_then_adapt,coral,near_nearest_proxy,anchor,3.0,4,4test,target,False,,3.0,direct,0.04370938369834709,0.025902336507608696,0.07002238366873981
9,bnci004,MMP_merge_then_adapt,logvar,lda,sa,9,3,3,12858,0.05,no_leakage_v1_alpha005,gate_all_sources_proxy_source_only_final_training_only,mmd,,,,,merge_then_adapt,coral,near_nearest_proxy,final,3.0,4,4test,train,True,1.0,3.0,direct,0.04370938369834709,0.025902336507608696,0.07002238366873981
9,bnci004,MMP_merge_then_adapt,logvar,lda,sa,9,3,3,12858,0.05,no_leakage_v1_alpha005,gate_all_sources_proxy_source_only_final_training_only,mmd,,,,,merge_then_adapt,coral,near_nearest_proxy,main,,3,3test,target,False,,,,,,
9,bnci004,MMP_merge_then_adapt,logvar,lda,sa,9,3,3,12858,0.05,no_leakage_v1_alpha005,gate_all_sources_proxy_source_only_final_training_only,mmd,,,,,merge_then_adapt,coral,near_nearest_proxy,final,,3,3test,target,False,,,,,,
9,bnci004,MMP_merge_then_adapt,logvar,lda,sa,9,4,4,12889,0.05,no_leakage_v1_alpha005,gate_all_sources_proxy_source_only_final_training_only,mmd,,,,,merge_then_adapt,coral,near_nearest_proxy,main,0.0,0,0train,far,False,,4.0,direct,0.27334964737332546,0.23278047389561224,0.32509781029337176
9,bnci004,MMP_merge_then_adapt,logvar,lda,sa,9,4,4,12889,0.05,no_leakage_v1_alpha005,gate_all_sources_proxy_source_only_final_training_only,mmd,,,,,merge_then_adapt,coral,near_nearest_proxy,anchor,0.0,0,0train,not_used,False,,4.0,direct,0.27334964737332546,0.23278047389561224,0.32509781029337176
9,bnci004,MMP_merge_then_adapt,logvar,lda,sa,9,4,4,12889,0.05,no_leakage_v1_alpha005,gate_all_sources_proxy_source_only_final_training_only,mmd,,,,,merge_then_adapt,coral,near_nearest_proxy,final,0.0,0,0train,not_used,False,,4.0,direct,0.27334964737332546,0.23278047389561224,0.32509781029337176
9,bnci004,MMP_merge_then_adapt,logvar,lda,sa,9,4,4,12889,0.05,no_leakage_v1_alpha005,gate_all_sources_proxy_source_only_final_training_only,mmd,,,,,merge_then_adapt,coral,near_nearest_proxy,main,1.0,1,1train,far,False,,4.0,direct,0.1871418841977251,0.1352869651279259,0.25173656210950734
9,bnci004,MMP_merge_then_adapt,logvar,lda,sa,9,4,4,12889,0.05,no_leakage_v1_alpha005,gate_all_sources_proxy_source_only_final_training_only,mmd,,,,,merge_then_adapt,coral,near_nearest_proxy,anchor,1.0,1,1train,not_used,False,,4.0,direct,0.1871418841977251,0.1352869651279259,0.25173656210950734
9,bnci004,MMP_merge_then_adapt,logvar,lda,sa,9,4,4,12889,0.05,no_leakage_v1_alpha005,gate_all_sources_proxy_source_only_final_training_only,mmd,,,,,merge_then_adapt,coral,near_nearest_proxy,final,1.0,1,1train,not_used,False,,4.0,direct,0.1871418841977251,0.1352869651279259,0.25173656210950734
9,bnci004,MMP_merge_then_adapt,logvar,lda,sa,9,4,4,12889,0.05,no_leakage_v1_alpha005,gate_all_sources_proxy_source_only_final_training_only,mmd,,,,,merge_then_adapt,coral,near_nearest_proxy,main,2.0,2,2train,far,False,,4.0,direct,0.16237661632562145,0.11908695356005537,0.20613301681289842
9,bnci004,MMP_merge_then_adapt,logvar,lda,sa,9,4,4,12889,0.05,no_leakage_v1_alpha005,gate_all_sources_proxy_source_only_final_training_only,mmd,,,,,merge_then_adapt,coral,near_nearest_proxy,anchor,2.0,2,2train,second_nearest_fallback_source,False,1.0,4.0,direct,0.16237661632562145,0.11908695356005537,0.20613301681289842
9,bnci004,MMP_merge_then_adapt,logvar,lda,sa,9,4,4,12889,0.05,no_leakage_v1_alpha005,gate_all_sources_proxy_source_only_final_training_only,mmd,,,,,merge_then_adapt,coral,near_nearest_proxy,final,2.0,2,2train,not_used,False,,4.0,direct,0.16237661632562145,0.11908695356005537,0.20613301681289842
9,bnci004,MMP_merge_then_adapt,logvar,lda,sa,9,4,4,12889,0.05,no_leakage_v1_alpha005,gate_all_sources_proxy_source_only_final_training_only,mmd,,,,,merge_then_adapt,coral,near_nearest_proxy,main,3.0,3,3test,nearest,True,1.0,4.0,direct,0.049271517742006284,0.03172172088177584,0.07750682652617236
9,bnci004,MMP_merge_then_adapt,logvar,lda,sa,9,4,4,12889,0.05,no_leakage_v1_alpha005,gate_all_sources_proxy_source_only_final_training_only,mmd,,,,,merge_then_adapt,coral,near_nearest_proxy,anchor,3.0,3,3test,target,False,,4.0,direct,0.049271517742006284,0.03172172088177584,0.07750682652617236
9,bnci004,MMP_merge_then_adapt,logvar,lda,sa,9,4,4,12889,0.05,no_leakage_v1_alpha005,gate_all_sources_proxy_source_only_final_training_only,mmd,,,,,merge_then_adapt,coral,near_nearest_proxy,final,3.0,3,3test,train,True,1.0,4.0,direct,0.049271517742006284,0.03172172088177584,0.07750682652617236
9,bnci004,MMP_merge_then_adapt,logvar,lda,sa,9,4,4,12889,0.05,no_leakage_v1_alpha005,gate_all_sources_proxy_source_only_final_training_only,mmd,,,,,merge_then_adapt,coral,near_nearest_proxy,main,,4,4test,target,False,,,,,,
9,bnci004,MMP_merge_then_adapt,logvar,lda,sa,9,4,4,12889,0.05,no_leakage_v1_alpha005,gate_all_sources_proxy_source_only_final_training_only,mmd,,,,,merge_then_adapt,coral,near_nearest_proxy,final,,4,4test,target,False,,,,,,
9,bnci004,MMP_merge_then_adapt,logvar,lda,pt,10,0,0,13762,0.05,no_leakage_v1_alpha005,gate_all_sources_proxy_source_only_final_training_only,mmd,,,,,merge_then_adapt,coral,near_nearest_proxy,main,0.0,1,1train,nearest,True,1.0,0.0,direct,0.061917025496810406,0.03417319294551144,0.10905418536800329
9,bnci004,MMP_merge_then_adapt,logvar,lda,pt,10,0,0,13762,0.05,no_leakage_v1_alpha005,gate_all_sources_proxy_source_only_final_training_only,mmd,,,,,merge_then_adapt,coral,near_nearest_proxy,anchor,0.0,1,1train,target,False,,0.0,direct,0.061917025496810406,0.03417319294551144,0.10905418536800329
9,bnci004,MMP_merge_then_adapt,logvar,lda,pt,10,0,0,13762,0.05,no_leakage_v1_alpha005,gate_all_sources_proxy_source_only_final_training_only,mmd,,,,,merge_then_adapt,coral,near_nearest_proxy,final,0.0,1,1train,train,True,1.0,0.0,direct,0.061917025496810406,0.03417319294551144,0.10905418536800329
9,bnci004,MMP_merge_then_adapt,logvar,lda,pt,10,0,0,13762,0.05,no_leakage_v1_alpha005,gate_all_sources_proxy_source_only_final_training_only,mmd,,,,,merge_then_adapt,coral,near_nearest_proxy,main,1.0,2,2train,far,False,,0.0,direct,0.514164414361974,0.4167333428329001,0.6142311446918293
9,bnci004,MMP_merge_then_adapt,logvar,lda,pt,10,0,0,13762,0.05,no_leakage_v1_alpha005,gate_all_sources_proxy_source_only_final_training_only,mmd,,,,,merge_then_adapt,coral,near_nearest_proxy,anchor,1.0,2,2train,not_used,False,,0.0,direct,0.514164414361974,0.4167333428329001,0.6142311446918293
9,bnci004,MMP_merge_then_adapt,logvar,lda,pt,10,0,0,13762,0.05,no_leakage_v1_alpha005,gate_all_sources_proxy_source_only_final_training_only,mmd,,,,,merge_then_adapt,coral,near_nearest_proxy,final,1.0,2,2train,not_used,False,,0.0,direct,0.514164414361974,0.4167333428329001,0.6142311446918293
9,bnci004,MMP_merge_then_adapt,logvar,lda,pt,10,0,0,13762,0.05,no_leakage_v1_alpha005,gate_all_sources_proxy_source_only_final_training_only,mmd,,,,,merge_then_adapt,coral,near_nearest_proxy,main,2.0,3,3test,far,False,,0.0,direct,0.35250589946953537,0.25443411893809975,0.44032360128898795
9,bnci004,MMP_merge_then_adapt,logvar,lda,pt,10,0,0,13762,0.05,no_leakage_v1_alpha005,gate_all_sources_proxy_source_only_final_training_only,mmd,,,,,merge_then_adapt,coral,near_nearest_proxy,anchor,2.0,3,3test,second_nearest_fallback_source,False,1.0,0.0,direct,0.35250589946953537,0.25443411893809975,0.44032360128898795
9,bnci004,MMP_merge_then_adapt,logvar,lda,pt,10,0,0,13762,0.05,no_leakage_v1_alpha005,gate_all_sources_proxy_source_only_final_training_only,mmd,,,,,merge_then_adapt,coral,near_nearest_proxy,final,2.0,3,3test,not_used,False,,0.0,direct,0.35250589946953537,0.25443411893809975,0.44032360128898795
9,bnci004,MMP_merge_then_adapt,logvar,lda,pt,10,0,0,13762,0.05,no_leakage_v1_alpha005,gate_all_sources_proxy_source_only_final_training_only,mmd,,,,,merge_then_adapt,coral,near_nearest_proxy,main,3.0,4,4test,far,False,,0.0,direct,0.4239427714605523,0.3409669801759715,0.5206522902263317
9,bnci004,MMP_merge_then_adapt,logvar,lda,pt,10,0,0,13762,0.05,no_leakage_v1_alpha005,gate_all_sources_proxy_source_only_final_training_only,mmd,,,,,merge_then_adapt,coral,near_nearest_proxy,anchor,3.0,4,4test,not_used,False,,0.0,direct,0.4239427714605523,0.3409669801759715,0.5206522902263317
9,bnci004,MMP_merge_then_adapt,logvar,lda,pt,10,0,0,13762,0.05,no_leakage_v1_alpha005,gate_all_sources_proxy_source_only_final_training_only,mmd,,,,,merge_then_adapt,coral,near_nearest_proxy,final,3.0,4,4test,not_used,False,,0.0,direct,0.4239427714605523,0.3409669801759715,0.5206522902263317
9,bnci004,MMP_merge_then_adapt,logvar,lda,pt,10,0,0,13762,0.05,no_leakage_v1_alpha005,gate_all_sources_proxy_source_only_final_training_only,mmd,,,,,merge_then_adapt,coral,near_nearest_proxy,main,,0,0train,target,False,,,,,,
9,bnci004,MMP_merge_then_adapt,logvar,lda,pt,10,0,0,13762,0.05,no_leakage_v1_alpha005,gate_all_sources_proxy_source_only_final_training_only,mmd,,,,,merge_then_adapt,coral,near_nearest_proxy,final,,0,0train,target,False,,,,,,
9,bnci004,MMP_merge_then_adapt,logvar,lda,pt,10,1,1,13793,0.05,no_leakage_v1_alpha005,gate_all_sources_proxy_source_only_final_training_only,mmd,,,,,merge_then_adapt,coral,near_nearest_proxy,main,0.0,0,0train,nearest,True,1.0,1.0,direct,0.07440175630035137,0.04626806271022238,0.11153747740936328
9,bnci004,MMP_merge_then_adapt,logvar,lda,pt,10,1,1,13793,0.05,no_leakage_v1_alpha005,gate_all_sources_proxy_source_only_final_training_only,mmd,,,,,merge_then_adapt,coral,near_nearest_proxy,anchor,0.0,0,0train,target,False,,1.0,direct,0.07440175630035137,0.04626806271022238,0.11153747740936328
9,bnci004,MMP_merge_then_adapt,logvar,lda,pt,10,1,1,13793,0.05,no_leakage_v1_alpha005,gate_all_sources_proxy_source_only_final_training_only,mmd,,,,,merge_then_adapt,coral,near_nearest_proxy,final,0.0,0,0train,train,True,1.0,1.0,direct,0.07440175630035137,0.04626806271022238,0.11153747740936328
9,bnci004,MMP_merge_then_adapt,logvar,lda,pt,10,1,1,13793,0.05,no_leakage_v1_alpha005,gate_all_sources_proxy_source_only_final_training_only,mmd,,,,,merge_then_adapt,coral,near_nearest_proxy,main,1.0,2,2train,far,False,,1.0,direct,0.39168429048681774,0.301648974976541,0.4731525181893521
9,bnci004,MMP_merge_then_adapt,logvar,lda,pt,10,1,1,13793,0.05,no_leakage_v1_alpha005,gate_all_sources_proxy_source_only_final_training_only,mmd,,,,,merge_then_adapt,coral,near_nearest_proxy,anchor,1.0,2,2train,not_used,False,,1.0,direct,0.39168429048681774,0.301648974976541,0.4731525181893521
9,bnci004,MMP_merge_then_adapt,logvar,lda,pt,10,1,1,13793,0.05,no_leakage_v1_alpha005,gate_all_sources_proxy_source_only_final_training_only,mmd,,,,,merge_then_adapt,coral,near_nearest_proxy,final,1.0,2,2train,not_used,False,,1.0,direct,0.39168429048681774,0.301648974976541,0.4731525181893521
9,bnci004,MMP_merge_then_adapt,logvar,lda,pt,10,1,1,13793,0.05,no_leakage_v1_alpha005,gate_all_sources_proxy_source_only_final_training_only,mmd,,,,,merge_then_adapt,coral,near_nearest_proxy,main,2.0,3,3test,far,False,,1.0,direct,0.24081466898431303,0.15524976361191795,0.3288626063464016
9,bnci004,MMP_merge_then_adapt,logvar,lda,pt,10,1,1,13793,0.05,no_leakage_v1_alpha005,gate_all_sources_proxy_source_only_final_training_only,mmd,,,,,merge_then_adapt,coral,near_nearest_proxy,anchor,2.0,3,3test,second_nearest_fallback_source,False,1.0,1.0,direct,0.24081466898431303,0.15524976361191795,0.3288626063464016
9,bnci004,MMP_merge_then_adapt,logvar,lda,pt,10,1,1,13793,0.05,no_leakage_v1_alpha005,gate_all_sources_proxy_source_only_final_training_only,mmd,,,,,merge_then_adapt,coral,near_nearest_proxy,final,2.0,3,3test,not_used,False,,1.0,direct,0.24081466898431303,0.15524976361191795,0.3288626063464016
9,bnci004,MMP_merge_then_adapt,logvar,lda,pt,10,1,1,13793,0.05,no_leakage_v1_alpha005,gate_all_sources_proxy_source_only_final_training_only,mmd,,,,,merge_then_adapt,coral,near_nearest_proxy,main,3.0,4,4test,far,False,,1.0,direct,0.2725779806739095,0.19748732974657793,0.3530008836814325
9,bnci004,MMP_merge_then_adapt,logvar,lda,pt,10,1,1,13793,0.05,no_leakage_v1_alpha005,gate_all_sources_proxy_source_only_final_training_only,mmd,,,,,merge_then_adapt,coral,near_nearest_proxy,anchor,3.0,4,4test,not_used,False,,1.0,direct,0.2725779806739095,0.19748732974657793,0.3530008836814325
9,bnci004,MMP_merge_then_adapt,logvar,lda,pt,10,1,1,13793,0.05,no_leakage_v1_alpha005,gate_all_sources_proxy_source_only_final_training_only,mmd,,,,,merge_then_adapt,coral,near_nearest_proxy,final,3.0,4,4test,not_used,False,,1.0,direct,0.2725779806739095,0.19748732974657793,0.3530008836814325
9,bnci004,MMP_merge_then_adapt,logvar,lda,pt,10,1,1,13793,0.05,no_leakage_v1_alpha005,gate_all_sources_proxy_source_only_final_training_only,mmd,,,,,merge_then_adapt,coral,near_nearest_proxy,main,,1,1train,target,False,,,,,,
9,bnci004,MMP_merge_then_adapt,logvar,lda,pt,10,1,1,13793,0.05,no_leakage_v1_alpha005,gate_all_sources_proxy_source_only_final_training_only,mmd,,,,,merge_then_adapt,coral,near_nearest_proxy,final,,1,1train,target,False,,,,,,
9,bnci004,MMP_merge_then_adapt,logvar,lda,pt,10,2,2,13824,0.05,no_leakage_v1_alpha005,gate_all_sources_proxy_source_only_final_training_only,mmd,,,,,merge_then_adapt,coral,near_nearest_proxy,main,0.0,0,0train,far,False,,2.0,direct,0.3163895452483338,0.2654182370535231,0.3695739563841809
9,bnci004,MMP_merge_then_adapt,logvar,lda,pt,10,2,2,13824,0.05,no_leakage_v1_alpha005,gate_all_sources_proxy_source_only_final_training_only,mmd,,,,,merge_then_adapt,coral,near_nearest_proxy,anchor,0.0,0,0train,not_used,False,,2.0,direct,0.3163895452483338,0.2654182370535231,0.3695739563841809
9,bnci004,MMP_merge_then_adapt,logvar,lda,pt,10,2,2,13824,0.05,no_leakage_v1_alpha005,gate_all_sources_proxy_source_only_final_training_only,mmd,,,,,merge_then_adapt,coral,near_nearest_proxy,final,0.0,0,0train,not_used,False,,2.0,direct,0.3163895452483338,0.2654182370535231,0.3695739563841809
9,bnci004,MMP_merge_then_adapt,logvar,lda,pt,10,2,2,13824,0.05,no_leakage_v1_alpha005,gate_all_sources_proxy_source_only_final_training_only,mmd,,,,,merge_then_adapt,coral,near_nearest_proxy,main,1.0,1,1train,near,False,0.2789728212519356,2.0,direct,0.23951207254620757,0.1831927911645169,0.3028192807250745
9,bnci004,MMP_merge_then_adapt,logvar,lda,pt,10,2,2,13824,0.05,no_leakage_v1_alpha005,gate_all_sources_proxy_source_only_final_training_only,mmd,,,,,merge_then_adapt,coral,near_nearest_proxy,anchor,1.0,1,1train,proxy_source,False,0.46020421217910484,2.0,direct,0.23951207254620757,0.1831927911645169,0.3028192807250745
9,bnci004,MMP_merge_then_adapt,logvar,lda,pt,10,2,2,13824,0.05,no_leakage_v1_alpha005,gate_all_sources_proxy_source_only_final_training_only,mmd,,,,,merge_then_adapt,coral,near_nearest_proxy,final,1.0,1,1train,train,False,0.2789728212519356,2.0,direct,0.23951207254620757,0.1831927911645169,0.3028192807250745
9,bnci004,MMP_merge_then_adapt,logvar,lda,pt,10,2,2,13824,0.05,no_leakage_v1_alpha005,gate_all_sources_proxy_source_only_final_training_only,mmd,,,,,merge_then_adapt,coral,near_nearest_proxy,main,2.0,3,3test,near,False,0.3272207203738055,2.0,direct,0.20419645271205603,0.15748421310976282,0.24742446202988055
9,bnci004,MMP_merge_then_adapt,logvar,lda,pt,10,2,2,13824,0.05,no_leakage_v1_alpha005,gate_all_sources_proxy_source_only_final_training_only,mmd,,,,,merge_then_adapt,coral,near_nearest_proxy,anchor,2.0,3,3test,proxy_source,False,0.5397957878208951,2.0,direct,0.20419645271205603,0.15748421310976282,0.24742446202988055
9,bnci004,MMP_merge_then_adapt,logvar,lda,pt,10,2,2,13824,0.05,no_leakage_v1_alpha005,gate_all_sources_proxy_source_only_final_training_only,mmd,,,,,merge_then_adapt,coral,near_nearest_proxy,final,2.0,3,3test,train,False,0.3272207203738055,2.0,direct,0.20419645271205603,0.15748421310976282,0.24742446202988055
9,bnci004,MMP_merge_then_adapt,logvar,lda,pt,10,2,2,13824,0.05,no_leakage_v1_alpha005,gate_all_sources_proxy_source_only_final_training_only,mmd,,,,,merge_then_adapt,coral,near_nearest_proxy,main,3.0,4,4test,nearest,True,0.39380645837425887,2.0,direct,0.16967025894983184,0.1258163226879926,0.220800802870278
9,bnci004,MMP_merge_then_adapt,logvar,lda,pt,10,2,2,13824,0.05,no_leakage_v1_alpha005,gate_all_sources_proxy_source_only_final_training_only,mmd,,,,,merge_then_adapt,coral,near_nearest_proxy,anchor,3.0,4,4test,target,False,,2.0,direct,0.16967025894983184,0.1258163226879926,0.220800802870278
9,bnci004,MMP_merge_then_adapt,logvar,lda,pt,10,2,2,13824,0.05,no_leakage_v1_alpha005,gate_all_sources_proxy_source_only_final_training_only,mmd,,,,,merge_then_adapt,coral,near_nearest_proxy,final,3.0,4,4test,train,True,0.39380645837425887,2.0,direct,0.16967025894983184,0.1258163226879926,0.220800802870278
9,bnci004,MMP_merge_then_adapt,logvar,lda,pt,10,2,2,13824,0.05,no_leakage_v1_alpha005,gate_all_sources_proxy_source_only_final_training_only,mmd,,,,,merge_then_adapt,coral,near_nearest_proxy,main,,2,2train,target,False,,,,,,
9,bnci004,MMP_merge_then_adapt,logvar,lda,pt,10,2,2,13824,0.05,no_leakage_v1_alpha005,gate_all_sources_proxy_source_only_final_training_only,mmd,,,,,merge_then_adapt,coral,near_nearest_proxy,final,,2,2train,target,False,,,,,,
9,bnci004,MMP_merge_then_adapt,logvar,lda,pt,10,3,3,13855,0.05,no_leakage_v1_alpha005,gate_all_sources_proxy_source_only_final_training_only,mmd,,,,,merge_then_adapt,coral,near_nearest_proxy,main,0.0,0,0train,far,False,,3.0,direct,0.25938165555811177,0.2002529576618867,0.33872914351972794
9,bnci004,MMP_merge_then_adapt,logvar,lda,pt,10,3,3,13855,0.05,no_leakage_v1_alpha005,gate_all_sources_proxy_source_only_final_training_only,mmd,,,,,merge_then_adapt,coral,near_nearest_proxy,anchor,0.0,0,0train,not_used,False,,3.0,direct,0.25938165555811177,0.2002529576618867,0.33872914351972794
9,bnci004,MMP_merge_then_adapt,logvar,lda,pt,10,3,3,13855,0.05,no_leakage_v1_alpha005,gate_all_sources_proxy_source_only_final_training_only,mmd,,,,,merge_then_adapt,coral,near_nearest_proxy,final,0.0,0,0train,not_used,False,,3.0,direct,0.25938165555811177,0.2002529576618867,0.33872914351972794
9,bnci004,MMP_merge_then_adapt,logvar,lda,pt,10,3,3,13855,0.05,no_leakage_v1_alpha005,gate_all_sources_proxy_source_only_final_training_only,mmd,,,,,merge_then_adapt,coral,near_nearest_proxy,main,1.0,1,1train,far,False,,3.0,direct,0.19668750122316545,0.13474242322949656,0.2579133048193204
9,bnci004,MMP_merge_then_adapt,logvar,lda,pt,10,3,3,13855,0.05,no_leakage_v1_alpha005,gate_all_sources_proxy_source_only_final_training_only,mmd,,,,,merge_then_adapt,coral,near_nearest_proxy,anchor,1.0,1,1train,not_used,False,,3.0,direct,0.19668750122316545,0.13474242322949656,0.2579133048193204
9,bnci004,MMP_merge_then_adapt,logvar,lda,pt,10,3,3,13855,0.05,no_leakage_v1_alpha005,gate_all_sources_proxy_source_only_final_training_only,mmd,,,,,merge_then_adapt,coral,near_nearest_proxy,final,1.0,1,1train,not_used,False,,3.0,direct,0.19668750122316545,0.13474242322949656,0.2579133048193204
9,bnci004,MMP_merge_then_adapt,logvar,lda,pt,10,3,3,13855,0.05,no_leakage_v1_alpha005,gate_all_sources_proxy_source_only_final_training_only,mmd,,,,,merge_then_adapt,coral,near_nearest_proxy,main,2.0,2,2train,far,False,,3.0,direct,0.11776791482611562,0.08461343042757703,0.15520717157459737
9,bnci004,MMP_merge_then_adapt,logvar,lda,pt,10,3,3,13855,0.05,no_leakage_v1_alpha005,gate_all_sources_proxy_source_only_final_training_only,mmd,,,,,merge_then_adapt,coral,near_nearest_proxy,anchor,2.0,2,2train,second_nearest_fallback_source,False,1.0,3.0,direct,0.11776791482611562,0.08461343042757703,0.15520717157459737
9,bnci004,MMP_merge_then_adapt,logvar,lda,pt,10,3,3,13855,0.05,no_leakage_v1_alpha005,gate_all_sources_proxy_source_only_final_training_only,mmd,,,,,merge_then_adapt,coral,near_nearest_proxy,final,2.0,2,2train,not_used,False,,3.0,direct,0.11776791482611562,0.08461343042757703,0.15520717157459737
9,bnci004,MMP_merge_then_adapt,logvar,lda,pt,10,3,3,13855,0.05,no_leakage_v1_alpha005,gate_all_sources_proxy_source_only_final_training_only,mmd,,,,,merge_then_adapt,coral,near_nearest_proxy,main,3.0,4,4test,nearest,True,1.0,3.0,direct,0.044655784472658076,0.02525621435942811,0.07143426291050275
9,bnci004,MMP_merge_then_adapt,logvar,lda,pt,10,3,3,13855,0.05,no_leakage_v1_alpha005,gate_all_sources_proxy_source_only_final_training_only,mmd,,,,,merge_then_adapt,coral,near_nearest_proxy,anchor,3.0,4,4test,target,False,,3.0,direct,0.044655784472658076,0.02525621435942811,0.07143426291050275
9,bnci004,MMP_merge_then_adapt,logvar,lda,pt,10,3,3,13855,0.05,no_leakage_v1_alpha005,gate_all_sources_proxy_source_only_final_training_only,mmd,,,,,merge_then_adapt,coral,near_nearest_proxy,final,3.0,4,4test,train,True,1.0,3.0,direct,0.044655784472658076,0.02525621435942811,0.07143426291050275
9,bnci004,MMP_merge_then_adapt,logvar,lda,pt,10,3,3,13855,0.05,no_leakage_v1_alpha005,gate_all_sources_proxy_source_only_final_training_only,mmd,,,,,merge_then_adapt,coral,near_nearest_proxy,main,,3,3test,target,False,,,,,,
9,bnci004,MMP_merge_then_adapt,logvar,lda,pt,10,3,3,13855,0.05,no_leakage_v1_alpha005,gate_all_sources_proxy_source_only_final_training_only,mmd,,,,,merge_then_adapt,coral,near_nearest_proxy,final,,3,3test,target,False,,,,,,
9,bnci004,MMP_merge_then_adapt,logvar,lda,pt,10,4,4,13886,0.05,no_leakage_v1_alpha005,gate_all_sources_proxy_source_only_final_training_only,mmd,,,,,merge_then_adapt,coral,near_nearest_proxy,main,0.0,0,0train,far,False,,4.0,direct,0.27911840052879616,0.22538569908372305,0.3298152497943194
9,bnci004,MMP_merge_then_adapt,logvar,lda,pt,10,4,4,13886,0.05,no_leakage_v1_alpha005,gate_all_sources_proxy_source_only_final_training_only,mmd,,,,,merge_then_adapt,coral,near_nearest_proxy,anchor,0.0,0,0train,not_used,False,,4.0,direct,0.27911840052879616,0.22538569908372305,0.3298152497943194
9,bnci004,MMP_merge_then_adapt,logvar,lda,pt,10,4,4,13886,0.05,no_leakage_v1_alpha005,gate_all_sources_proxy_source_only_final_training_only,mmd,,,,,merge_then_adapt,coral,near_nearest_proxy,final,0.0,0,0train,not_used,False,,4.0,direct,0.27911840052879616,0.22538569908372305,0.3298152497943194
9,bnci004,MMP_merge_then_adapt,logvar,lda,pt,10,4,4,13886,0.05,no_leakage_v1_alpha005,gate_all_sources_proxy_source_only_final_training_only,mmd,,,,,merge_then_adapt,coral,near_nearest_proxy,main,1.0,1,1train,far,False,,4.0,direct,0.1878674370028436,0.1339308553712853,0.25123323066978814
9,bnci004,MMP_merge_then_adapt,logvar,lda,pt,10,4,4,13886,0.05,no_leakage_v1_alpha005,gate_all_sources_proxy_source_only_final_training_only,mmd,,,,,merge_then_adapt,coral,near_nearest_proxy,anchor,1.0,1,1train,not_used,False,,4.0,direct,0.1878674370028436,0.1339308553712853,0.25123323066978814
9,bnci004,MMP_merge_then_adapt,logvar,lda,pt,10,4,4,13886,0.05,no_leakage_v1_alpha005,gate_all_sources_proxy_source_only_final_training_only,mmd,,,,,merge_then_adapt,coral,near_nearest_proxy,final,1.0,1,1train,not_used,False,,4.0,direct,0.1878674370028436,0.1339308553712853,0.25123323066978814
9,bnci004,MMP_merge_then_adapt,logvar,lda,pt,10,4,4,13886,0.05,no_leakage_v1_alpha005,gate_all_sources_proxy_source_only_final_training_only,mmd,,,,,merge_then_adapt,coral,near_nearest_proxy,main,2.0,2,2train,far,False,,4.0,direct,0.16442725521007717,0.12025595434079235,0.21211041393820493
9,bnci004,MMP_merge_then_adapt,logvar,lda,pt,10,4,4,13886,0.05,no_leakage_v1_alpha005,gate_all_sources_proxy_source_only_final_training_only,mmd,,,,,merge_then_adapt,coral,near_nearest_proxy,anchor,2.0,2,2train,second_nearest_fallback_source,False,1.0,4.0,direct,0.16442725521007717,0.12025595434079235,0.21211041393820493
9,bnci004,MMP_merge_then_adapt,logvar,lda,pt,10,4,4,13886,0.05,no_leakage_v1_alpha005,gate_all_sources_proxy_source_only_final_training_only,mmd,,,,,merge_then_adapt,coral,near_nearest_proxy,final,2.0,2,2train,not_used,False,,4.0,direct,0.16442725521007717,0.12025595434079235,0.21211041393820493
9,bnci004,MMP_merge_then_adapt,logvar,lda,pt,10,4,4,13886,0.05,no_leakage_v1_alpha005,gate_all_sources_proxy_source_only_final_training_only,mmd,,,,,merge_then_adapt,coral,near_nearest_proxy,main,3.0,3,3test,nearest,True,1.0,4.0,direct,0.04842483173092613,0.030110004887392815,0.07304750272223766
9,bnci004,MMP_merge_then_adapt,logvar,lda,pt,10,4,4,13886,0.05,no_leakage_v1_alpha005,gate_all_sources_proxy_source_only_final_training_only,mmd,,,,,merge_then_adapt,coral,near_nearest_proxy,anchor,3.0,3,3test,target,False,,4.0,direct,0.04842483173092613,0.030110004887392815,0.07304750272223766
9,bnci004,MMP_merge_then_adapt,logvar,lda,pt,10,4,4,13886,0.05,no_leakage_v1_alpha005,gate_all_sources_proxy_source_only_final_training_only,mmd,,,,,merge_then_adapt,coral,near_nearest_proxy,final,3.0,3,3test,train,True,1.0,4.0,direct,0.04842483173092613,0.030110004887392815,0.07304750272223766
9,bnci004,MMP_merge_then_adapt,logvar,lda,pt,10,4,4,13886,0.05,no_leakage_v1_alpha005,gate_all_sources_proxy_source_only_final_training_only,mmd,,,,,merge_then_adapt,coral,near_nearest_proxy,main,,4,4test,target,False,,,,,,
9,bnci004,MMP_merge_then_adapt,logvar,lda,pt,10,4,4,13886,0.05,no_leakage_v1_alpha005,gate_all_sources_proxy_source_only_final_training_only,mmd,,,,,merge_then_adapt,coral,near_nearest_proxy,final,,4,4test,target,False,,,,,,
9,bnci004,MMP_merge_then_adapt,logvar,lda,coral,11,0,0,14759,0.05,no_leakage_v1_alpha005,gate_all_sources_proxy_source_only_final_training_only,mmd,,,,,merge_then_adapt,coral,near_nearest_proxy,main,0.0,1,1train,nearest,True,1.0,0.0,direct,0.063996439866253,0.03662540307455403,0.10536044800895271
9,bnci004,MMP_merge_then_adapt,logvar,lda,coral,11,0,0,14759,0.05,no_leakage_v1_alpha005,gate_all_sources_proxy_source_only_final_training_only,mmd,,,,,merge_then_adapt,coral,near_nearest_proxy,anchor,0.0,1,1train,target,False,,0.0,direct,0.063996439866253,0.03662540307455403,0.10536044800895271
9,bnci004,MMP_merge_then_adapt,logvar,lda,coral,11,0,0,14759,0.05,no_leakage_v1_alpha005,gate_all_sources_proxy_source_only_final_training_only,mmd,,,,,merge_then_adapt,coral,near_nearest_proxy,final,0.0,1,1train,train,True,1.0,0.0,direct,0.063996439866253,0.03662540307455403,0.10536044800895271
9,bnci004,MMP_merge_then_adapt,logvar,lda,coral,11,0,0,14759,0.05,no_leakage_v1_alpha005,gate_all_sources_proxy_source_only_final_training_only,mmd,,,,,merge_then_adapt,coral,near_nearest_proxy,main,1.0,2,2train,far,False,,0.0,direct,0.5183485060535002,0.4251919146334757,0.6092734394189417
9,bnci004,MMP_merge_then_adapt,logvar,lda,coral,11,0,0,14759,0.05,no_leakage_v1_alpha005,gate_all_sources_proxy_source_only_final_training_only,mmd,,,,,merge_then_adapt,coral,near_nearest_proxy,anchor,1.0,2,2train,not_used,False,,0.0,direct,0.5183485060535002,0.4251919146334757,0.6092734394189417
9,bnci004,MMP_merge_then_adapt,logvar,lda,coral,11,0,0,14759,0.05,no_leakage_v1_alpha005,gate_all_sources_proxy_source_only_final_training_only,mmd,,,,,merge_then_adapt,coral,near_nearest_proxy,final,1.0,2,2train,not_used,False,,0.0,direct,0.5183485060535002,0.4251919146334757,0.6092734394189417
9,bnci004,MMP_merge_then_adapt,logvar,lda,coral,11,0,0,14759,0.05,no_leakage_v1_alpha005,gate_all_sources_proxy_source_only_final_training_only,mmd,,,,,merge_then_adapt,coral,near_nearest_proxy,main,2.0,3,3test,far,False,,0.0,direct,0.3507392187192323,0.27448232874204476,0.44258421954278104
9,bnci004,MMP_merge_then_adapt,logvar,lda,coral,11,0,0,14759,0.05,no_leakage_v1_alpha005,gate_all_sources_proxy_source_only_final_training_only,mmd,,,,,merge_then_adapt,coral,near_nearest_proxy,anchor,2.0,3,3test,second_nearest_fallback_source,False,1.0,0.0,direct,0.3507392187192323,0.27448232874204476,0.44258421954278104
9,bnci004,MMP_merge_then_adapt,logvar,lda,coral,11,0,0,14759,0.05,no_leakage_v1_alpha005,gate_all_sources_proxy_source_only_final_training_only,mmd,,,,,merge_then_adapt,coral,near_nearest_proxy,final,2.0,3,3test,not_used,False,,0.0,direct,0.3507392187192323,0.27448232874204476,0.44258421954278104
9,bnci004,MMP_merge_then_adapt,logvar,lda,coral,11,0,0,14759,0.05,no_leakage_v1_alpha005,gate_all_sources_proxy_source_only_final_training_only,mmd,,,,,merge_then_adapt,coral,near_nearest_proxy,main,3.0,4,4test,far,False,,0.0,direct,0.41616172484469105,0.3235499707526841,0.5222993172325624
9,bnci004,MMP_merge_then_adapt,logvar,lda,coral,11,0,0,14759,0.05,no_leakage_v1_alpha005,gate_all_sources_proxy_source_only_final_training_only,mmd,,,,,merge_then_adapt,coral,near_nearest_proxy,anchor,3.0,4,4test,not_used,False,,0.0,direct,0.41616172484469105,0.3235499707526841,0.5222993172325624
9,bnci004,MMP_merge_then_adapt,logvar,lda,coral,11,0,0,14759,0.05,no_leakage_v1_alpha005,gate_all_sources_proxy_source_only_final_training_only,mmd,,,,,merge_then_adapt,coral,near_nearest_proxy,final,3.0,4,4test,not_used,False,,0.0,direct,0.41616172484469105,0.3235499707526841,0.5222993172325624
9,bnci004,MMP_merge_then_adapt,logvar,lda,coral,11,0,0,14759,0.05,no_leakage_v1_alpha005,gate_all_sources_proxy_source_only_final_training_only,mmd,,,,,merge_then_adapt,coral,near_nearest_proxy,main,,0,0train,target,False,,,,,,
9,bnci004,MMP_merge_then_adapt,logvar,lda,coral,11,0,0,14759,0.05,no_leakage_v1_alpha005,gate_all_sources_proxy_source_only_final_training_only,mmd,,,,,merge_then_adapt,coral,near_nearest_proxy,final,,0,0train,target,False,,,,,,
9,bnci004,MMP_merge_then_adapt,logvar,lda,coral,11,1,1,14790,0.05,no_leakage_v1_alpha005,gate_all_sources_proxy_source_only_final_training_only,mmd,,,,,merge_then_adapt,coral,near_nearest_proxy,main,0.0,0,0train,nearest,True,1.0,1.0,direct,0.07552981489832368,0.0471108610964584,0.11789349553937664
9,bnci004,MMP_merge_then_adapt,logvar,lda,coral,11,1,1,14790,0.05,no_leakage_v1_alpha005,gate_all_sources_proxy_source_only_final_training_only,mmd,,,,,merge_then_adapt,coral,near_nearest_proxy,anchor,0.0,0,0train,target,False,,1.0,direct,0.07552981489832368,0.0471108610964584,0.11789349553937664
9,bnci004,MMP_merge_then_adapt,logvar,lda,coral,11,1,1,14790,0.05,no_leakage_v1_alpha005,gate_all_sources_proxy_source_only_final_training_only,mmd,,,,,merge_then_adapt,coral,near_nearest_proxy,final,0.0,0,0train,train,True,1.0,1.0,direct,0.07552981489832368,0.0471108610964584,0.11789349553937664
9,bnci004,MMP_merge_then_adapt,logvar,lda,coral,11,1,1,14790,0.05,no_leakage_v1_alpha005,gate_all_sources_proxy_source_only_final_training_only,mmd,,,,,merge_then_adapt,coral,near_nearest_proxy,main,1.0,2,2train,far,False,,1.0,direct,0.38507140339767526,0.287738939026458,0.47010375666672755
9,bnci004,MMP_merge_then_adapt,logvar,lda,coral,11,1,1,14790,0.05,no_leakage_v1_alpha005,gate_all_sources_proxy_source_only_final_training_only,mmd,,,,,merge_then_adapt,coral,near_nearest_proxy,anchor,1.0,2,2train,not_used,False,,1.0,direct,0.38507140339767526,0.287738939026458,0.47010375666672755
9,bnci004,MMP_merge_then_adapt,logvar,lda,coral,11,1,1,14790,0.05,no_leakage_v1_alpha005,gate_all_sources_proxy_source_only_final_training_only,mmd,,,,,merge_then_adapt,coral,near_nearest_proxy,final,1.0,2,2train,not_used,False,,1.0,direct,0.38507140339767526,0.287738939026458,0.47010375666672755
9,bnci004,MMP_merge_then_adapt,logvar,lda,coral,11,1,1,14790,0.05,no_leakage_v1_alpha005,gate_all_sources_proxy_source_only_final_training_only,mmd,,,,,merge_then_adapt,coral,near_nearest_proxy,main,2.0,3,3test,far,False,,1.0,direct,0.23611538743990385,0.16372040114176534,0.3179705606952285
9,bnci004,MMP_merge_then_adapt,logvar,lda,coral,11,1,1,14790,0.05,no_leakage_v1_alpha005,gate_all_sources_proxy_source_only_final_training_only,mmd,,,,,merge_then_adapt,coral,near_nearest_proxy,anchor,2.0,3,3test,second_nearest_fallback_source,False,1.0,1.0,direct,0.23611538743990385,0.16372040114176534,0.3179705606952285
9,bnci004,MMP_merge_then_adapt,logvar,lda,coral,11,1,1,14790,0.05,no_leakage_v1_alpha005,gate_all_sources_proxy_source_only_final_training_only,mmd,,,,,merge_then_adapt,coral,near_nearest_proxy,final,2.0,3,3test,not_used,False,,1.0,direct,0.23611538743990385,0.16372040114176534,0.3179705606952285
9,bnci004,MMP_merge_then_adapt,logvar,lda,coral,11,1,1,14790,0.05,no_leakage_v1_alpha005,gate_all_sources_proxy_source_only_final_training_only,mmd,,,,,merge_then_adapt,coral,near_nearest_proxy,main,3.0,4,4test,far,False,,1.0,direct,0.27431165033353994,0.19682422565952526,0.36201001464327864
9,bnci004,MMP_merge_then_adapt,logvar,lda,coral,11,1,1,14790,0.05,no_leakage_v1_alpha005,gate_all_sources_proxy_source_only_final_training_only,mmd,,,,,merge_then_adapt,coral,near_nearest_proxy,anchor,3.0,4,4test,not_used,False,,1.0,direct,0.27431165033353994,0.19682422565952526,0.36201001464327864
9,bnci004,MMP_merge_then_adapt,logvar,lda,coral,11,1,1,14790,0.05,no_leakage_v1_alpha005,gate_all_sources_proxy_source_only_final_training_only,mmd,,,,,merge_then_adapt,coral,near_nearest_proxy,final,3.0,4,4test,not_used,False,,1.0,direct,0.27431165033353994,0.19682422565952526,0.36201001464327864
9,bnci004,MMP_merge_then_adapt,logvar,lda,coral,11,1,1,14790,0.05,no_leakage_v1_alpha005,gate_all_sources_proxy_source_only_final_training_only,mmd,,,,,merge_then_adapt,coral,near_nearest_proxy,main,,1,1train,target,False,,,,,,
9,bnci004,MMP_merge_then_adapt,logvar,lda,coral,11,1,1,14790,0.05,no_leakage_v1_alpha005,gate_all_sources_proxy_source_only_final_training_only,mmd,,,,,merge_then_adapt,coral,near_nearest_proxy,final,,1,1train,target,False,,,,,,
9,bnci004,MMP_merge_then_adapt,logvar,lda,coral,11,2,2,14821,0.05,no_leakage_v1_alpha005,gate_all_sources_proxy_source_only_final_training_only,mmd,,,,,merge_then_adapt,coral,near_nearest_proxy,main,0.0,0,0train,far,False,,2.0,direct,0.31772898779625686,0.2675694657045254,0.3616176331737218
9,bnci004,MMP_merge_then_adapt,logvar,lda,coral,11,2,2,14821,0.05,no_leakage_v1_alpha005,gate_all_sources_proxy_source_only_final_training_only,mmd,,,,,merge_then_adapt,coral,near_nearest_proxy,anchor,0.0,0,0train,not_used,False,,2.0,direct,0.31772898779625686,0.2675694657045254,0.3616176331737218
9,bnci004,MMP_merge_then_adapt,logvar,lda,coral,11,2,2,14821,0.05,no_leakage_v1_alpha005,gate_all_sources_proxy_source_only_final_training_only,mmd,,,,,merge_then_adapt,coral,near_nearest_proxy,final,0.0,0,0train,not_used,False,,2.0,direct,0.31772898779625686,0.2675694657045254,0.3616176331737218
9,bnci004,MMP_merge_then_adapt,logvar,lda,coral,11,2,2,14821,0.05,no_leakage_v1_alpha005,gate_all_sources_proxy_source_only_final_training_only,mmd,,,,,merge_then_adapt,coral,near_nearest_proxy,main,1.0,1,1train,near,False,0.2835217232508658,2.0,direct,0.23523105794399485,0.1794359216064342,0.29986509664427613
9,bnci004,MMP_merge_then_adapt,logvar,lda,coral,11,2,2,14821,0.05,no_leakage_v1_alpha005,gate_all_sources_proxy_source_only_final_training_only,mmd,,,,,merge_then_adapt,coral,near_nearest_proxy,anchor,1.0,1,1train,proxy_source,False,0.4672430842060361,2.0,direct,0.23523105794399485,0.1794359216064342,0.29986509664427613
9,bnci004,MMP_merge_then_adapt,logvar,lda,coral,11,2,2,14821,0.05,no_leakage_v1_alpha005,gate_all_sources_proxy_source_only_final_training_only,mmd,,,,,merge_then_adapt,coral,near_nearest_proxy,final,1.0,1,1train,train,False,0.2835217232508658,2.0,direct,0.23523105794399485,0.1794359216064342,0.29986509664427613
9,bnci004,MMP_merge_then_adapt,logvar,lda,coral,11,2,2,14821,0.05,no_leakage_v1_alpha005,gate_all_sources_proxy_source_only_final_training_only,mmd,,,,,merge_then_adapt,coral,near_nearest_proxy,main,2.0,3,3test,near,False,0.32327532272925985,2.0,direct,0.20630425667430558,0.1633341647148587,0.2513914234536263
9,bnci004,MMP_merge_then_adapt,logvar,lda,coral,11,2,2,14821,0.05,no_leakage_v1_alpha005,gate_all_sources_proxy_source_only_final_training_only,mmd,,,,,merge_then_adapt,coral,near_nearest_proxy,anchor,2.0,3,3test,proxy_source,False,0.532756915793964,2.0,direct,0.20630425667430558,0.1633341647148587,0.2513914234536263
9,bnci004,MMP_merge_then_adapt,logvar,lda,coral,11,2,2,14821,0.05,no_leakage_v1_alpha005,gate_all_sources_proxy_source_only_final_training_only,mmd,,,,,merge_then_adapt,coral,near_nearest_proxy,final,2.0,3,3test,train,False,0.32327532272925985,2.0,direct,0.20630425667430558,0.1633341647148587,0.2513914234536263
9,bnci004,MMP_merge_then_adapt,logvar,lda,coral,11,2,2,14821,0.05,no_leakage_v1_alpha005,gate_all_sources_proxy_source_only_final_training_only,mmd,,,,,merge_then_adapt,coral,near_nearest_proxy,main,3.0,4,4test,nearest,True,0.3932029540198745,2.0,direct,0.16961471053903604,0.1274223676873833,0.23129797006253217
9,bnci004,MMP_merge_then_adapt,logvar,lda,coral,11,2,2,14821,0.05,no_leakage_v1_alpha005,gate_all_sources_proxy_source_only_final_training_only,mmd,,,,,merge_then_adapt,coral,near_nearest_proxy,anchor,3.0,4,4test,target,False,,2.0,direct,0.16961471053903604,0.1274223676873833,0.23129797006253217
9,bnci004,MMP_merge_then_adapt,logvar,lda,coral,11,2,2,14821,0.05,no_leakage_v1_alpha005,gate_all_sources_proxy_source_only_final_training_only,mmd,,,,,merge_then_adapt,coral,near_nearest_proxy,final,3.0,4,4test,train,True,0.3932029540198745,2.0,direct,0.16961471053903604,0.1274223676873833,0.23129797006253217
9,bnci004,MMP_merge_then_adapt,logvar,lda,coral,11,2,2,14821,0.05,no_leakage_v1_alpha005,gate_all_sources_proxy_source_only_final_training_only,mmd,,,,,merge_then_adapt,coral,near_nearest_proxy,main,,2,2train,target,False,,,,,,
9,bnci004,MMP_merge_then_adapt,logvar,lda,coral,11,2,2,14821,0.05,no_leakage_v1_alpha005,gate_all_sources_proxy_source_only_final_training_only,mmd,,,,,merge_then_adapt,coral,near_nearest_proxy,final,,2,2train,target,False,,,,,,
9,bnci004,MMP_merge_then_adapt,logvar,lda,coral,11,3,3,14852,0.05,no_leakage_v1_alpha005,gate_all_sources_proxy_source_only_final_training_only,mmd,,,,,merge_then_adapt,coral,near_nearest_proxy,main,0.0,0,0train,far,False,,3.0,direct,0.2616555061781217,0.19859435070356082,0.32826684189840005
9,bnci004,MMP_merge_then_adapt,logvar,lda,coral,11,3,3,14852,0.05,no_leakage_v1_alpha005,gate_all_sources_proxy_source_only_final_training_only,mmd,,,,,merge_then_adapt,coral,near_nearest_proxy,anchor,0.0,0,0train,not_used,False,,3.0,direct,0.2616555061781217,0.19859435070356082,0.32826684189840005
9,bnci004,MMP_merge_then_adapt,logvar,lda,coral,11,3,3,14852,0.05,no_leakage_v1_alpha005,gate_all_sources_proxy_source_only_final_training_only,mmd,,,,,merge_then_adapt,coral,near_nearest_proxy,final,0.0,0,0train,not_used,False,,3.0,direct,0.2616555061781217,0.19859435070356082,0.32826684189840005
9,bnci004,MMP_merge_then_adapt,logvar,lda,coral,11,3,3,14852,0.05,no_leakage_v1_alpha005,gate_all_sources_proxy_source_only_final_training_only,mmd,,,,,merge_then_adapt,coral,near_nearest_proxy,main,1.0,1,1train,far,False,,3.0,direct,0.1909042336748343,0.12706998585640975,0.25854779667284056
9,bnci004,MMP_merge_then_adapt,logvar,lda,coral,11,3,3,14852,0.05,no_leakage_v1_alpha005,gate_all_sources_proxy_source_only_final_training_only,mmd,,,,,merge_then_adapt,coral,near_nearest_proxy,anchor,1.0,1,1train,not_used,False,,3.0,direct,0.1909042336748343,0.12706998585640975,0.25854779667284056
9,bnci004,MMP_merge_then_adapt,logvar,lda,coral,11,3,3,14852,0.05,no_leakage_v1_alpha005,gate_all_sources_proxy_source_only_final_training_only,mmd,,,,,merge_then_adapt,coral,near_nearest_proxy,final,1.0,1,1train,not_used,False,,3.0,direct,0.1909042336748343,0.12706998585640975,0.25854779667284056
9,bnci004,MMP_merge_then_adapt,logvar,lda,coral,11,3,3,14852,0.05,no_leakage_v1_alpha005,gate_all_sources_proxy_source_only_final_training_only,mmd,,,,,merge_then_adapt,coral,near_nearest_proxy,main,2.0,2,2train,far,False,,3.0,direct,0.11603226517131858,0.08454009877023506,0.15034543900587916
9,bnci004,MMP_merge_then_adapt,logvar,lda,coral,11,3,3,14852,0.05,no_leakage_v1_alpha005,gate_all_sources_proxy_source_only_final_training_only,mmd,,,,,merge_then_adapt,coral,near_nearest_proxy,anchor,2.0,2,2train,second_nearest_fallback_source,False,1.0,3.0,direct,0.11603226517131858,0.08454009877023506,0.15034543900587916
9,bnci004,MMP_merge_then_adapt,logvar,lda,coral,11,3,3,14852,0.05,no_leakage_v1_alpha005,gate_all_sources_proxy_source_only_final_training_only,mmd,,,,,merge_then_adapt,coral,near_nearest_proxy,final,2.0,2,2train,not_used,False,,3.0,direct,0.11603226517131858,0.08454009877023506,0.15034543900587916
9,bnci004,MMP_merge_then_adapt,logvar,lda,coral,11,3,3,14852,0.05,no_leakage_v1_alpha005,gate_all_sources_proxy_source_only_final_training_only,mmd,,,,,merge_then_adapt,coral,near_nearest_proxy,main,3.0,4,4test,nearest,True,1.0,3.0,direct,0.043840483940958866,0.023466801447597836,0.06437576442066599
9,bnci004,MMP_merge_then_adapt,logvar,lda,coral,11,3,3,14852,0.05,no_leakage_v1_alpha005,gate_all_sources_proxy_source_only_final_training_only,mmd,,,,,merge_then_adapt,coral,near_nearest_proxy,anchor,3.0,4,4test,target,False,,3.0,direct,0.043840483940958866,0.023466801447597836,0.06437576442066599
9,bnci004,MMP_merge_then_adapt,logvar,lda,coral,11,3,3,14852,0.05,no_leakage_v1_alpha005,gate_all_sources_proxy_source_only_final_training_only,mmd,,,,,merge_then_adapt,coral,near_nearest_proxy,final,3.0,4,4test,train,True,1.0,3.0,direct,0.043840483940958866,0.023466801447597836,0.06437576442066599
9,bnci004,MMP_merge_then_adapt,logvar,lda,coral,11,3,3,14852,0.05,no_leakage_v1_alpha005,gate_all_sources_proxy_source_only_final_training_only,mmd,,,,,merge_then_adapt,coral,near_nearest_proxy,main,,3,3test,target,False,,,,,,
9,bnci004,MMP_merge_then_adapt,logvar,lda,coral,11,3,3,14852,0.05,no_leakage_v1_alpha005,gate_all_sources_proxy_source_only_final_training_only,mmd,,,,,merge_then_adapt,coral,near_nearest_proxy,final,,3,3test,target,False,,,,,,
9,bnci004,MMP_merge_then_adapt,logvar,lda,coral,11,4,4,14883,0.05,no_leakage_v1_alpha005,gate_all_sources_proxy_source_only_final_training_only,mmd,,,,,merge_then_adapt,coral,near_nearest_proxy,main,0.0,0,0train,far,False,,4.0,direct,0.2742633228068771,0.22461456272899472,0.3272716693971904
9,bnci004,MMP_merge_then_adapt,logvar,lda,coral,11,4,4,14883,0.05,no_leakage_v1_alpha005,gate_all_sources_proxy_source_only_final_training_only,mmd,,,,,merge_then_adapt,coral,near_nearest_proxy,anchor,0.0,0,0train,not_used,False,,4.0,direct,0.2742633228068771,0.22461456272899472,0.3272716693971904
9,bnci004,MMP_merge_then_adapt,logvar,lda,coral,11,4,4,14883,0.05,no_leakage_v1_alpha005,gate_all_sources_proxy_source_only_final_training_only,mmd,,,,,merge_then_adapt,coral,near_nearest_proxy,final,0.0,0,0train,not_used,False,,4.0,direct,0.2742633228068771,0.22461456272899472,0.3272716693971904
9,bnci004,MMP_merge_then_adapt,logvar,lda,coral,11,4,4,14883,0.05,no_leakage_v1_alpha005,gate_all_sources_proxy_source_only_final_training_only,mmd,,,,,merge_then_adapt,coral,near_nearest_proxy,main,1.0,1,1train,far,False,,4.0,direct,0.18792437190609895,0.14243834378090992,0.24295242377989387
9,bnci004,MMP_merge_then_adapt,logvar,lda,coral,11,4,4,14883,0.05,no_leakage_v1_alpha005,gate_all_sources_proxy_source_only_final_training_only,mmd,,,,,merge_then_adapt,coral,near_nearest_proxy,anchor,1.0,1,1train,not_used,False,,4.0,direct,0.18792437190609895,0.14243834378090992,0.24295242377989387
9,bnci004,MMP_merge_then_adapt,logvar,lda,coral,11,4,4,14883,0.05,no_leakage_v1_alpha005,gate_all_sources_proxy_source_only_final_training_only,mmd,,,,,merge_then_adapt,coral,near_nearest_proxy,final,1.0,1,1train,not_used,False,,4.0,direct,0.18792437190609895,0.14243834378090992,0.24295242377989387
9,bnci004,MMP_merge_then_adapt,logvar,lda,coral,11,4,4,14883,0.05,no_leakage_v1_alpha005,gate_all_sources_proxy_source_only_final_training_only,mmd,,,,,merge_then_adapt,coral,near_nearest_proxy,main,2.0,2,2train,far,False,,4.0,direct,0.16291163441713977,0.12119053947648677,0.21420568985931185
9,bnci004,MMP_merge_then_adapt,logvar,lda,coral,11,4,4,14883,0.05,no_leakage_v1_alpha005,gate_all_sources_proxy_source_only_final_training_only,mmd,,,,,merge_then_adapt,coral,near_nearest_proxy,anchor,2.0,2,2train,second_nearest_fallback_source,False,1.0,4.0,direct,0.16291163441713977,0.12119053947648677,0.21420568985931185
9,bnci004,MMP_merge_then_adapt,logvar,lda,coral,11,4,4,14883,0.05,no_leakage_v1_alpha005,gate_all_sources_proxy_source_only_final_training_only,mmd,,,,,merge_then_adapt,coral,near_nearest_proxy,final,2.0,2,2train,not_used,False,,4.0,direct,0.16291163441713977,0.12119053947648677,0.21420568985931185
9,bnci004,MMP_merge_then_adapt,logvar,lda,coral,11,4,4,14883,0.05,no_leakage_v1_alpha005,gate_all_sources_proxy_source_only_final_training_only,mmd,,,,,merge_then_adapt,coral,near_nearest_proxy,main,3.0,3,3test,nearest,True,1.0,4.0,direct,0.05007025859168866,0.030484907761740336,0.07407435671617539
9,bnci004,MMP_merge_then_adapt,logvar,lda,coral,11,4,4,14883,0.05,no_leakage_v1_alpha005,gate_all_sources_proxy_source_only_final_training_only,mmd,,,,,merge_then_adapt,coral,near_nearest_proxy,anchor,3.0,3,3test,target,False,,4.0,direct,0.05007025859168866,0.030484907761740336,0.07407435671617539
9,bnci004,MMP_merge_then_adapt,logvar,lda,coral,11,4,4,14883,0.05,no_leakage_v1_alpha005,gate_all_sources_proxy_source_only_final_training_only,mmd,,,,,merge_then_adapt,coral,near_nearest_proxy,final,3.0,3,3test,train,True,1.0,4.0,direct,0.05007025859168866,0.030484907761740336,0.07407435671617539
9,bnci004,MMP_merge_then_adapt,logvar,lda,coral,11,4,4,14883,0.05,no_leakage_v1_alpha005,gate_all_sources_proxy_source_only_final_training_only,mmd,,,,,merge_then_adapt,coral,near_nearest_proxy,main,,4,4test,target,False,,,,,,
9,bnci004,MMP_merge_then_adapt,logvar,lda,coral,11,4,4,14883,0.05,no_leakage_v1_alpha005,gate_all_sources_proxy_source_only_final_training_only,mmd,,,,,merge_then_adapt,coral,near_nearest_proxy,final,,4,4test,target,False,,,,,,
9,bnci004,MMP_merge_then_adapt,logvar,svm_radial,none,12,0,0,15756,0.05,no_leakage_v1_alpha005,gate_all_sources_proxy_source_only_final_training_only,mmd,,,,,merge_then_adapt,coral,near_nearest_proxy,main,0.0,1,1train,nearest,True,1.0,0.0,direct,0.06490395026692658,0.040959061219066915,0.10241327813049847
9,bnci004,MMP_merge_then_adapt,logvar,svm_radial,none,12,0,0,15756,0.05,no_leakage_v1_alpha005,gate_all_sources_proxy_source_only_final_training_only,mmd,,,,,merge_then_adapt,coral,near_nearest_proxy,anchor,0.0,1,1train,target,False,,0.0,direct,0.06490395026692658,0.040959061219066915,0.10241327813049847
9,bnci004,MMP_merge_then_adapt,logvar,svm_radial,none,12,0,0,15756,0.05,no_leakage_v1_alpha005,gate_all_sources_proxy_source_only_final_training_only,mmd,,,,,merge_then_adapt,coral,near_nearest_proxy,final,0.0,1,1train,train,True,1.0,0.0,direct,0.06490395026692658,0.040959061219066915,0.10241327813049847
9,bnci004,MMP_merge_then_adapt,logvar,svm_radial,none,12,0,0,15756,0.05,no_leakage_v1_alpha005,gate_all_sources_proxy_source_only_final_training_only,mmd,,,,,merge_then_adapt,coral,near_nearest_proxy,main,1.0,2,2train,far,False,,0.0,direct,0.5156004182919453,0.3985851339240644,0.6181153791470144
9,bnci004,MMP_merge_then_adapt,logvar,svm_radial,none,12,0,0,15756,0.05,no_leakage_v1_alpha005,gate_all_sources_proxy_source_only_final_training_only,mmd,,,,,merge_then_adapt,coral,near_nearest_proxy,anchor,1.0,2,2train,not_used,False,,0.0,direct,0.5156004182919453,0.3985851339240644,0.6181153791470144
9,bnci004,MMP_merge_then_adapt,logvar,svm_radial,none,12,0,0,15756,0.05,no_leakage_v1_alpha005,gate_all_sources_proxy_source_only_final_training_only,mmd,,,,,merge_then_adapt,coral,near_nearest_proxy,final,1.0,2,2train,not_used,False,,0.0,direct,0.5156004182919453,0.3985851339240644,0.6181153791470144
9,bnci004,MMP_merge_then_adapt,logvar,svm_radial,none,12,0,0,15756,0.05,no_leakage_v1_alpha005,gate_all_sources_proxy_source_only_final_training_only,mmd,,,,,merge_then_adapt,coral,near_nearest_proxy,main,2.0,3,3test,far,False,,0.0,direct,0.3531230070721891,0.25923296770038734,0.45005885004752955
9,bnci004,MMP_merge_then_adapt,logvar,svm_radial,none,12,0,0,15756,0.05,no_leakage_v1_alpha005,gate_all_sources_proxy_source_only_final_training_only,mmd,,,,,merge_then_adapt,coral,near_nearest_proxy,anchor,2.0,3,3test,second_nearest_fallback_source,False,1.0,0.0,direct,0.3531230070721891,0.25923296770038734,0.45005885004752955
9,bnci004,MMP_merge_then_adapt,logvar,svm_radial,none,12,0,0,15756,0.05,no_leakage_v1_alpha005,gate_all_sources_proxy_source_only_final_training_only,mmd,,,,,merge_then_adapt,coral,near_nearest_proxy,final,2.0,3,3test,not_used,False,,0.0,direct,0.3531230070721891,0.25923296770038734,0.45005885004752955
9,bnci004,MMP_merge_then_adapt,logvar,svm_radial,none,12,0,0,15756,0.05,no_leakage_v1_alpha005,gate_all_sources_proxy_source_only_final_training_only,mmd,,,,,merge_then_adapt,coral,near_nearest_proxy,main,3.0,4,4test,far,False,,0.0,direct,0.4246342438601961,0.3339396553888681,0.5098086816933551
9,bnci004,MMP_merge_then_adapt,logvar,svm_radial,none,12,0,0,15756,0.05,no_leakage_v1_alpha005,gate_all_sources_proxy_source_only_final_training_only,mmd,,,,,merge_then_adapt,coral,near_nearest_proxy,anchor,3.0,4,4test,not_used,False,,0.0,direct,0.4246342438601961,0.3339396553888681,0.5098086816933551
9,bnci004,MMP_merge_then_adapt,logvar,svm_radial,none,12,0,0,15756,0.05,no_leakage_v1_alpha005,gate_all_sources_proxy_source_only_final_training_only,mmd,,,,,merge_then_adapt,coral,near_nearest_proxy,final,3.0,4,4test,not_used,False,,0.0,direct,0.4246342438601961,0.3339396553888681,0.5098086816933551
9,bnci004,MMP_merge_then_adapt,logvar,svm_radial,none,12,0,0,15756,0.05,no_leakage_v1_alpha005,gate_all_sources_proxy_source_only_final_training_only,mmd,,,,,merge_then_adapt,coral,near_nearest_proxy,main,,0,0train,target,False,,,,,,
9,bnci004,MMP_merge_then_adapt,logvar,svm_radial,none,12,0,0,15756,0.05,no_leakage_v1_alpha005,gate_all_sources_proxy_source_only_final_training_only,mmd,,,,,merge_then_adapt,coral,near_nearest_proxy,final,,0,0train,target,False,,,,,,
9,bnci004,MMP_merge_then_adapt,logvar,svm_radial,none,12,1,1,15787,0.05,no_leakage_v1_alpha005,gate_all_sources_proxy_source_only_final_training_only,mmd,,,,,merge_then_adapt,coral,near_nearest_proxy,main,0.0,0,0train,nearest,True,1.0,1.0,direct,0.0750902205778554,0.049135723250421946,0.1159771532197248
9,bnci004,MMP_merge_then_adapt,logvar,svm_radial,none,12,1,1,15787,0.05,no_leakage_v1_alpha005,gate_all_sources_proxy_source_only_final_training_only,mmd,,,,,merge_then_adapt,coral,near_nearest_proxy,anchor,0.0,0,0train,target,False,,1.0,direct,0.0750902205778554,0.049135723250421946,0.1159771532197248
9,bnci004,MMP_merge_then_adapt,logvar,svm_radial,none,12,1,1,15787,0.05,no_leakage_v1_alpha005,gate_all_sources_proxy_source_only_final_training_only,mmd,,,,,merge_then_adapt,coral,near_nearest_proxy,final,0.0,0,0train,train,True,1.0,1.0,direct,0.0750902205778554,0.049135723250421946,0.1159771532197248
9,bnci004,MMP_merge_then_adapt,logvar,svm_radial,none,12,1,1,15787,0.05,no_leakage_v1_alpha005,gate_all_sources_proxy_source_only_final_training_only,mmd,,,,,merge_then_adapt,coral,near_nearest_proxy,main,1.0,2,2train,far,False,,1.0,direct,0.3905590451024996,0.284925193447094,0.4904772030189992
9,bnci004,MMP_merge_then_adapt,logvar,svm_radial,none,12,1,1,15787,0.05,no_leakage_v1_alpha005,gate_all_sources_proxy_source_only_final_training_only,mmd,,,,,merge_then_adapt,coral,near_nearest_proxy,anchor,1.0,2,2train,not_used,False,,1.0,direct,0.3905590451024996,0.284925193447094,0.4904772030189992
9,bnci004,MMP_merge_then_adapt,logvar,svm_radial,none,12,1,1,15787,0.05,no_leakage_v1_alpha005,gate_all_sources_proxy_source_only_final_training_only,mmd,,,,,merge_then_adapt,coral,near_nearest_proxy,final,1.0,2,2train,not_used,False,,1.0,direct,0.3905590451024996,0.284925193447094,0.4904772030189992
9,bnci004,MMP_merge_then_adapt,logvar,svm_radial,none,12,1,1,15787,0.05,no_leakage_v1_alpha005,gate_all_sources_proxy_source_only_final_training_only,mmd,,,,,merge_then_adapt,coral,near_nearest_proxy,main,2.0,3,3test,far,False,,1.0,direct,0.2311068678315671,0.16022358060157119,0.30063660196608244
9,bnci004,MMP_merge_then_adapt,logvar,svm_radial,none,12,1,1,15787,0.05,no_leakage_v1_alpha005,gate_all_sources_proxy_source_only_final_training_only,mmd,,,,,merge_then_adapt,coral,near_nearest_proxy,anchor,2.0,3,3test,second_nearest_fallback_source,False,1.0,1.0,direct,0.2311068678315671,0.16022358060157119,0.30063660196608244
9,bnci004,MMP_merge_then_adapt,logvar,svm_radial,none,12,1,1,15787,0.05,no_leakage_v1_alpha005,gate_all_sources_proxy_source_only_final_training_only,mmd,,,,,merge_then_adapt,coral,near_nearest_proxy,final,2.0,3,3test,not_used,False,,1.0,direct,0.2311068678315671,0.16022358060157119,0.30063660196608244
9,bnci004,MMP_merge_then_adapt,logvar,svm_radial,none,12,1,1,15787,0.05,no_leakage_v1_alpha005,gate_all_sources_proxy_source_only_final_training_only,mmd,,,,,merge_then_adapt,coral,near_nearest_proxy,main,3.0,4,4test,far,False,,1.0,direct,0.2738065533203974,0.18637250477944686,0.36806180313910525
9,bnci004,MMP_merge_then_adapt,logvar,svm_radial,none,12,1,1,15787,0.05,no_leakage_v1_alpha005,gate_all_sources_proxy_source_only_final_training_only,mmd,,,,,merge_then_adapt,coral,near_nearest_proxy,anchor,3.0,4,4test,not_used,False,,1.0,direct,0.2738065533203974,0.18637250477944686,0.36806180313910525
9,bnci004,MMP_merge_then_adapt,logvar,svm_radial,none,12,1,1,15787,0.05,no_leakage_v1_alpha005,gate_all_sources_proxy_source_only_final_training_only,mmd,,,,,merge_then_adapt,coral,near_nearest_proxy,final,3.0,4,4test,not_used,False,,1.0,direct,0.2738065533203974,0.18637250477944686,0.36806180313910525
9,bnci004,MMP_merge_then_adapt,logvar,svm_radial,none,12,1,1,15787,0.05,no_leakage_v1_alpha005,gate_all_sources_proxy_source_only_final_training_only,mmd,,,,,merge_then_adapt,coral,near_nearest_proxy,main,,1,1train,target,False,,,,,,
9,bnci004,MMP_merge_then_adapt,logvar,svm_radial,none,12,1,1,15787,0.05,no_leakage_v1_alpha005,gate_all_sources_proxy_source_only_final_training_only,mmd,,,,,merge_then_adapt,coral,near_nearest_proxy,final,,1,1train,target,False,,,,,,
9,bnci004,MMP_merge_then_adapt,logvar,svm_radial,none,12,2,2,15818,0.05,no_leakage_v1_alpha005,gate_all_sources_proxy_source_only_final_training_only,mmd,,,,,merge_then_adapt,coral,near_nearest_proxy,main,0.0,0,0train,far,False,,2.0,direct,0.31321941990517,0.26616284248434774,0.3621110835863753
9,bnci004,MMP_merge_then_adapt,logvar,svm_radial,none,12,2,2,15818,0.05,no_leakage_v1_alpha005,gate_all_sources_proxy_source_only_final_training_only,mmd,,,,,merge_then_adapt,coral,near_nearest_proxy,anchor,0.0,0,0train,not_used,False,,2.0,direct,0.31321941990517,0.26616284248434774,0.3621110835863753
9,bnci004,MMP_merge_then_adapt,logvar,svm_radial,none,12,2,2,15818,0.05,no_leakage_v1_alpha005,gate_all_sources_proxy_source_only_final_training_only,mmd,,,,,merge_then_adapt,coral,near_nearest_proxy,final,0.0,0,0train,not_used,False,,2.0,direct,0.31321941990517,0.26616284248434774,0.3621110835863753
9,bnci004,MMP_merge_then_adapt,logvar,svm_radial,none,12,2,2,15818,0.05,no_leakage_v1_alpha005,gate_all_sources_proxy_source_only_final_training_only,mmd,,,,,merge_then_adapt,coral,near_nearest_proxy,main,1.0,1,1train,near,False,0.277767136042163,2.0,direct,0.23904013065968718,0.1860910831166944,0.3009889324707494
9,bnci004,MMP_merge_then_adapt,logvar,svm_radial,none,12,2,2,15818,0.05,no_leakage_v1_alpha005,gate_all_sources_proxy_source_only_final_training_only,mmd,,,,,merge_then_adapt,coral,near_nearest_proxy,anchor,1.0,1,1train,proxy_source,False,0.4633685921845994,2.0,direct,0.23904013065968718,0.1860910831166944,0.3009889324707494
9,bnci004,MMP_merge_then_adapt,logvar,svm_radial,none,12,2,2,15818,0.05,no_leakage_v1_alpha005,gate_all_sources_proxy_source_only_final_training_only,mmd,,,,,merge_then_adapt,coral,near_nearest_proxy,final,1.0,1,1train,train,False,0.277767136042163,2.0,direct,0.23904013065968718,0.1860910831166944,0.3009889324707494
9,bnci004,MMP_merge_then_adapt,logvar,svm_radial,none,12,2,2,15818,0.05,no_leakage_v1_alpha005,gate_all_sources_proxy_source_only_final_training_only,mmd,,,,,merge_then_adapt,coral,near_nearest_proxy,main,2.0,3,3test,near,False,0.3216846626492437,2.0,direct,0.20640539100664904,0.16625048577410131,0.24948065219763935
9,bnci004,MMP_merge_then_adapt,logvar,svm_radial,none,12,2,2,15818,0.05,no_leakage_v1_alpha005,gate_all_sources_proxy_source_only_final_training_only,mmd,,,,,merge_then_adapt,coral,near_nearest_proxy,anchor,2.0,3,3test,proxy_source,False,0.5366314078154006,2.0,direct,0.20640539100664904,0.16625048577410131,0.24948065219763935
9,bnci004,MMP_merge_then_adapt,logvar,svm_radial,none,12,2,2,15818,0.05,no_leakage_v1_alpha005,gate_all_sources_proxy_source_only_final_training_only,mmd,,,,,merge_then_adapt,coral,near_nearest_proxy,final,2.0,3,3test,train,False,0.3216846626492437,2.0,direct,0.20640539100664904,0.16625048577410131,0.24948065219763935
9,bnci004,MMP_merge_then_adapt,logvar,svm_radial,none,12,2,2,15818,0.05,no_leakage_v1_alpha005,gate_all_sources_proxy_source_only_final_training_only,mmd,,,,,merge_then_adapt,coral,near_nearest_proxy,main,3.0,4,4test,nearest,True,0.40054820130859314,2.0,direct,0.16576624110281837,0.1271358469242514,0.21993477155567637
9,bnci004,MMP_merge_then_adapt,logvar,svm_radial,none,12,2,2,15818,0.05,no_leakage_v1_alpha005,gate_all_sources_proxy_source_only_final_training_only,mmd,,,,,merge_then_adapt,coral,near_nearest_proxy,anchor,3.0,4,4test,target,False,,2.0,direct,0.16576624110281837,0.1271358469242514,0.21993477155567637
9,bnci004,MMP_merge_then_adapt,logvar,svm_radial,none,12,2,2,15818,0.05,no_leakage_v1_alpha005,gate_all_sources_proxy_source_only_final_training_only,mmd,,,,,merge_then_adapt,coral,near_nearest_proxy,final,3.0,4,4test,train,True,0.40054820130859314,2.0,direct,0.16576624110281837,0.1271358469242514,0.21993477155567637
9,bnci004,MMP_merge_then_adapt,logvar,svm_radial,none,12,2,2,15818,0.05,no_leakage_v1_alpha005,gate_all_sources_proxy_source_only_final_training_only,mmd,,,,,merge_then_adapt,coral,near_nearest_proxy,main,,2,2train,target,False,,,,,,
9,bnci004,MMP_merge_then_adapt,logvar,svm_radial,none,12,2,2,15818,0.05,no_leakage_v1_alpha005,gate_all_sources_proxy_source_only_final_training_only,mmd,,,,,merge_then_adapt,coral,near_nearest_proxy,final,,2,2train,target,False,,,,,,
9,bnci004,MMP_merge_then_adapt,logvar,svm_radial,none,12,3,3,15849,0.05,no_leakage_v1_alpha005,gate_all_sources_proxy_source_only_final_training_only,mmd,,,,,merge_then_adapt,coral,near_nearest_proxy,main,0.0,0,0train,far,False,,3.0,direct,0.26158908913998713,0.20274461218405376,0.3236057646429261
9,bnci004,MMP_merge_then_adapt,logvar,svm_radial,none,12,3,3,15849,0.05,no_leakage_v1_alpha005,gate_all_sources_proxy_source_only_final_training_only,mmd,,,,,merge_then_adapt,coral,near_nearest_proxy,anchor,0.0,0,0train,not_used,False,,3.0,direct,0.26158908913998713,0.20274461218405376,0.3236057646429261
9,bnci004,MMP_merge_then_adapt,logvar,svm_radial,none,12,3,3,15849,0.05,no_leakage_v1_alpha005,gate_all_sources_proxy_source_only_final_training_only,mmd,,,,,merge_then_adapt,coral,near_nearest_proxy,final,0.0,0,0train,not_used,False,,3.0,direct,0.26158908913998713,0.20274461218405376,0.3236057646429261
9,bnci004,MMP_merge_then_adapt,logvar,svm_radial,none,12,3,3,15849,0.05,no_leakage_v1_alpha005,gate_all_sources_proxy_source_only_final_training_only,mmd,,,,,merge_then_adapt,coral,near_nearest_proxy,main,1.0,1,1train,far,False,,3.0,direct,0.18988756369235252,0.12697311599433336,0.25409733351361385
9,bnci004,MMP_merge_then_adapt,logvar,svm_radial,none,12,3,3,15849,0.05,no_leakage_v1_alpha005,gate_all_sources_proxy_source_only_final_training_only,mmd,,,,,merge_then_adapt,coral,near_nearest_proxy,anchor,1.0,1,1train,not_used,False,,3.0,direct,0.18988756369235252,0.12697311599433336,0.25409733351361385
9,bnci004,MMP_merge_then_adapt,logvar,svm_radial,none,12,3,3,15849,0.05,no_leakage_v1_alpha005,gate_all_sources_proxy_source_only_final_training_only,mmd,,,,,merge_then_adapt,coral,near_nearest_proxy,final,1.0,1,1train,not_used,False,,3.0,direct,0.18988756369235252,0.12697311599433336,0.25409733351361385
9,bnci004,MMP_merge_then_adapt,logvar,svm_radial,none,12,3,3,15849,0.05,no_leakage_v1_alpha005,gate_all_sources_proxy_source_only_final_training_only,mmd,,,,,merge_then_adapt,coral,near_nearest_proxy,main,2.0,2,2train,far,False,,3.0,direct,0.11544551407741008,0.08543321423978012,0.1484605019344121
9,bnci004,MMP_merge_then_adapt,logvar,svm_radial,none,12,3,3,15849,0.05,no_leakage_v1_alpha005,gate_all_sources_proxy_source_only_final_training_only,mmd,,,,,merge_then_adapt,coral,near_nearest_proxy,anchor,2.0,2,2train,second_nearest_fallback_source,False,1.0,3.0,direct,0.11544551407741008,0.08543321423978012,0.1484605019344121
9,bnci004,MMP_merge_then_adapt,logvar,svm_radial,none,12,3,3,15849,0.05,no_leakage_v1_alpha005,gate_all_sources_proxy_source_only_final_training_only,mmd,,,,,merge_then_adapt,coral,near_nearest_proxy,final,2.0,2,2train,not_used,False,,3.0,direct,0.11544551407741008,0.08543321423978012,0.1484605019344121
9,bnci004,MMP_merge_then_adapt,logvar,svm_radial,none,12,3,3,15849,0.05,no_leakage_v1_alpha005,gate_all_sources_proxy_source_only_final_training_only,mmd,,,,,merge_then_adapt,coral,near_nearest_proxy,main,3.0,4,4test,nearest,True,1.0,3.0,direct,0.042929952677879725,0.024548228396680825,0.06702951588064097
9,bnci004,MMP_merge_then_adapt,logvar,svm_radial,none,12,3,3,15849,0.05,no_leakage_v1_alpha005,gate_all_sources_proxy_source_only_final_training_only,mmd,,,,,merge_then_adapt,coral,near_nearest_proxy,anchor,3.0,4,4test,target,False,,3.0,direct,0.042929952677879725,0.024548228396680825,0.06702951588064097
9,bnci004,MMP_merge_then_adapt,logvar,svm_radial,none,12,3,3,15849,0.05,no_leakage_v1_alpha005,gate_all_sources_proxy_source_only_final_training_only,mmd,,,,,merge_then_adapt,coral,near_nearest_proxy,final,3.0,4,4test,train,True,1.0,3.0,direct,0.042929952677879725,0.024548228396680825,0.06702951588064097
9,bnci004,MMP_merge_then_adapt,logvar,svm_radial,none,12,3,3,15849,0.05,no_leakage_v1_alpha005,gate_all_sources_proxy_source_only_final_training_only,mmd,,,,,merge_then_adapt,coral,near_nearest_proxy,main,,3,3test,target,False,,,,,,
9,bnci004,MMP_merge_then_adapt,logvar,svm_radial,none,12,3,3,15849,0.05,no_leakage_v1_alpha005,gate_all_sources_proxy_source_only_final_training_only,mmd,,,,,merge_then_adapt,coral,near_nearest_proxy,final,,3,3test,target,False,,,,,,
9,bnci004,MMP_merge_then_adapt,logvar,svm_radial,none,12,4,4,15880,0.05,no_leakage_v1_alpha005,gate_all_sources_proxy_source_only_final_training_only,mmd,,,,,merge_then_adapt,coral,near_nearest_proxy,main,0.0,0,0train,far,False,,4.0,direct,0.2755710199245873,0.23011629328762911,0.3294869412630514
9,bnci004,MMP_merge_then_adapt,logvar,svm_radial,none,12,4,4,15880,0.05,no_leakage_v1_alpha005,gate_all_sources_proxy_source_only_final_training_only,mmd,,,,,merge_then_adapt,coral,near_nearest_proxy,anchor,0.0,0,0train,not_used,False,,4.0,direct,0.2755710199245873,0.23011629328762911,0.3294869412630514
9,bnci004,MMP_merge_then_adapt,logvar,svm_radial,none,12,4,4,15880,0.05,no_leakage_v1_alpha005,gate_all_sources_proxy_source_only_final_training_only,mmd,,,,,merge_then_adapt,coral,near_nearest_proxy,final,0.0,0,0train,not_used,False,,4.0,direct,0.2755710199245873,0.23011629328762911,0.3294869412630514
9,bnci004,MMP_merge_then_adapt,logvar,svm_radial,none,12,4,4,15880,0.05,no_leakage_v1_alpha005,gate_all_sources_proxy_source_only_final_training_only,mmd,,,,,merge_then_adapt,coral,near_nearest_proxy,main,1.0,1,1train,far,False,,4.0,direct,0.18552608152440386,0.13966384210013444,0.2357921918240724
9,bnci004,MMP_merge_then_adapt,logvar,svm_radial,none,12,4,4,15880,0.05,no_leakage_v1_alpha005,gate_all_sources_proxy_source_only_final_training_only,mmd,,,,,merge_then_adapt,coral,near_nearest_proxy,anchor,1.0,1,1train,not_used,False,,4.0,direct,0.18552608152440386,0.13966384210013444,0.2357921918240724
9,bnci004,MMP_merge_then_adapt,logvar,svm_radial,none,12,4,4,15880,0.05,no_leakage_v1_alpha005,gate_all_sources_proxy_source_only_final_training_only,mmd,,,,,merge_then_adapt,coral,near_nearest_proxy,final,1.0,1,1train,not_used,False,,4.0,direct,0.18552608152440386,0.13966384210013444,0.2357921918240724
9,bnci004,MMP_merge_then_adapt,logvar,svm_radial,none,12,4,4,15880,0.05,no_leakage_v1_alpha005,gate_all_sources_proxy_source_only_final_training_only,mmd,,,,,merge_then_adapt,coral,near_nearest_proxy,main,2.0,2,2train,far,False,,4.0,direct,0.16390211327241835,0.12183473613375803,0.21392093177198201
9,bnci004,MMP_merge_then_adapt,logvar,svm_radial,none,12,4,4,15880,0.05,no_leakage_v1_alpha005,gate_all_sources_proxy_source_only_final_training_only,mmd,,,,,merge_then_adapt,coral,near_nearest_proxy,anchor,2.0,2,2train,second_nearest_fallback_source,False,1.0,4.0,direct,0.16390211327241835,0.12183473613375803,0.21392093177198201
9,bnci004,MMP_merge_then_adapt,logvar,svm_radial,none,12,4,4,15880,0.05,no_leakage_v1_alpha005,gate_all_sources_proxy_source_only_final_training_only,mmd,,,,,merge_then_adapt,coral,near_nearest_proxy,final,2.0,2,2train,not_used,False,,4.0,direct,0.16390211327241835,0.12183473613375803,0.21392093177198201
9,bnci004,MMP_merge_then_adapt,logvar,svm_radial,none,12,4,4,15880,0.05,no_leakage_v1_alpha005,gate_all_sources_proxy_source_only_final_training_only,mmd,,,,,merge_then_adapt,coral,near_nearest_proxy,main,3.0,3,3test,nearest,True,1.0,4.0,direct,0.048267369722695797,0.029987876547926083,0.07271114129432785
9,bnci004,MMP_merge_then_adapt,logvar,svm_radial,none,12,4,4,15880,0.05,no_leakage_v1_alpha005,gate_all_sources_proxy_source_only_final_training_only,mmd,,,,,merge_then_adapt,coral,near_nearest_proxy,anchor,3.0,3,3test,target,False,,4.0,direct,0.048267369722695797,0.029987876547926083,0.07271114129432785
9,bnci004,MMP_merge_then_adapt,logvar,svm_radial,none,12,4,4,15880,0.05,no_leakage_v1_alpha005,gate_all_sources_proxy_source_only_final_training_only,mmd,,,,,merge_then_adapt,coral,near_nearest_proxy,final,3.0,3,3test,train,True,1.0,4.0,direct,0.048267369722695797,0.029987876547926083,0.07271114129432785
9,bnci004,MMP_merge_then_adapt,logvar,svm_radial,none,12,4,4,15880,0.05,no_leakage_v1_alpha005,gate_all_sources_proxy_source_only_final_training_only,mmd,,,,,merge_then_adapt,coral,near_nearest_proxy,main,,4,4test,target,False,,,,,,
9,bnci004,MMP_merge_then_adapt,logvar,svm_radial,none,12,4,4,15880,0.05,no_leakage_v1_alpha005,gate_all_sources_proxy_source_only_final_training_only,mmd,,,,,merge_then_adapt,coral,near_nearest_proxy,final,,4,4test,target,False,,,,,,
9,bnci004,MMP_merge_then_adapt,logvar,svm_radial,sa,13,0,0,16753,0.05,no_leakage_v1_alpha005,gate_all_sources_proxy_source_only_final_training_only,mmd,,,,,merge_then_adapt,coral,near_nearest_proxy,main,0.0,1,1train,nearest,True,1.0,0.0,direct,0.06308463833749614,0.03938239140207492,0.09791766165911397
9,bnci004,MMP_merge_then_adapt,logvar,svm_radial,sa,13,0,0,16753,0.05,no_leakage_v1_alpha005,gate_all_sources_proxy_source_only_final_training_only,mmd,,,,,merge_then_adapt,coral,near_nearest_proxy,anchor,0.0,1,1train,target,False,,0.0,direct,0.06308463833749614,0.03938239140207492,0.09791766165911397
9,bnci004,MMP_merge_then_adapt,logvar,svm_radial,sa,13,0,0,16753,0.05,no_leakage_v1_alpha005,gate_all_sources_proxy_source_only_final_training_only,mmd,,,,,merge_then_adapt,coral,near_nearest_proxy,final,0.0,1,1train,train,True,1.0,0.0,direct,0.06308463833749614,0.03938239140207492,0.09791766165911397
9,bnci004,MMP_merge_then_adapt,logvar,svm_radial,sa,13,0,0,16753,0.05,no_leakage_v1_alpha005,gate_all_sources_proxy_source_only_final_training_only,mmd,,,,,merge_then_adapt,coral,near_nearest_proxy,main,1.0,2,2train,far,False,,0.0,direct,0.5074821200691264,0.4271928935436602,0.5927587214013929
9,bnci004,MMP_merge_then_adapt,logvar,svm_radial,sa,13,0,0,16753,0.05,no_leakage_v1_alpha005,gate_all_sources_proxy_source_only_final_training_only,mmd,,,,,merge_then_adapt,coral,near_nearest_proxy,anchor,1.0,2,2train,not_used,False,,0.0,direct,0.5074821200691264,0.4271928935436602,0.5927587214013929
9,bnci004,MMP_merge_then_adapt,logvar,svm_radial,sa,13,0,0,16753,0.05,no_leakage_v1_alpha005,gate_all_sources_proxy_source_only_final_training_only,mmd,,,,,merge_then_adapt,coral,near_nearest_proxy,final,1.0,2,2train,not_used,False,,0.0,direct,0.5074821200691264,0.4271928935436602,0.5927587214013929
9,bnci004,MMP_merge_then_adapt,logvar,svm_radial,sa,13,0,0,16753,0.05,no_leakage_v1_alpha005,gate_all_sources_proxy_source_only_final_training_only,mmd,,,,,merge_then_adapt,coral,near_nearest_proxy,main,2.0,3,3test,far,False,,0.0,direct,0.35504191072077873,0.2787658675364004,0.44314748783635693
9,bnci004,MMP_merge_then_adapt,logvar,svm_radial,sa,13,0,0,16753,0.05,no_leakage_v1_alpha005,gate_all_sources_proxy_source_only_final_training_only,mmd,,,,,merge_then_adapt,coral,near_nearest_proxy,anchor,2.0,3,3test,second_nearest_fallback_source,False,1.0,0.0,direct,0.35504191072077873,0.2787658675364004,0.44314748783635693
9,bnci004,MMP_merge_then_adapt,logvar,svm_radial,sa,13,0,0,16753,0.05,no_leakage_v1_alpha005,gate_all_sources_proxy_source_only_final_training_only,mmd,,,,,merge_then_adapt,coral,near_nearest_proxy,final,2.0,3,3test,not_used,False,,0.0,direct,0.35504191072077873,0.2787658675364004,0.44314748783635693
9,bnci004,MMP_merge_then_adapt,logvar,svm_radial,sa,13,0,0,16753,0.05,no_leakage_v1_alpha005,gate_all_sources_proxy_source_only_final_training_only,mmd,,,,,merge_then_adapt,coral,near_nearest_proxy,main,3.0,4,4test,far,False,,0.0,direct,0.420931458169982,0.33653095628322127,0.5193182644792875
9,bnci004,MMP_merge_then_adapt,logvar,svm_radial,sa,13,0,0,16753,0.05,no_leakage_v1_alpha005,gate_all_sources_proxy_source_only_final_training_only,mmd,,,,,merge_then_adapt,coral,near_nearest_proxy,anchor,3.0,4,4test,not_used,False,,0.0,direct,0.420931458169982,0.33653095628322127,0.5193182644792875
9,bnci004,MMP_merge_then_adapt,logvar,svm_radial,sa,13,0,0,16753,0.05,no_leakage_v1_alpha005,gate_all_sources_proxy_source_only_final_training_only,mmd,,,,,merge_then_adapt,coral,near_nearest_proxy,final,3.0,4,4test,not_used,False,,0.0,direct,0.420931458169982,0.33653095628322127,0.5193182644792875
9,bnci004,MMP_merge_then_adapt,logvar,svm_radial,sa,13,0,0,16753,0.05,no_leakage_v1_alpha005,gate_all_sources_proxy_source_only_final_training_only,mmd,,,,,merge_then_adapt,coral,near_nearest_proxy,main,,0,0train,target,False,,,,,,
9,bnci004,MMP_merge_then_adapt,logvar,svm_radial,sa,13,0,0,16753,0.05,no_leakage_v1_alpha005,gate_all_sources_proxy_source_only_final_training_only,mmd,,,,,merge_then_adapt,coral,near_nearest_proxy,final,,0,0train,target,False,,,,,,
9,bnci004,MMP_merge_then_adapt,logvar,svm_radial,sa,13,1,1,16784,0.05,no_leakage_v1_alpha005,gate_all_sources_proxy_source_only_final_training_only,mmd,,,,,merge_then_adapt,coral,near_nearest_proxy,main,0.0,0,0train,nearest,True,1.0,1.0,direct,0.07490679604274518,0.047134727176658495,0.11825784052880965
9,bnci004,MMP_merge_then_adapt,logvar,svm_radial,sa,13,1,1,16784,0.05,no_leakage_v1_alpha005,gate_all_sources_proxy_source_only_final_training_only,mmd,,,,,merge_then_adapt,coral,near_nearest_proxy,anchor,0.0,0,0train,target,False,,1.0,direct,0.07490679604274518,0.047134727176658495,0.11825784052880965
9,bnci004,MMP_merge_then_adapt,logvar,svm_radial,sa,13,1,1,16784,0.05,no_leakage_v1_alpha005,gate_all_sources_proxy_source_only_final_training_only,mmd,,,,,merge_then_adapt,coral,near_nearest_proxy,final,0.0,0,0train,train,True,1.0,1.0,direct,0.07490679604274518,0.047134727176658495,0.11825784052880965
9,bnci004,MMP_merge_then_adapt,logvar,svm_radial,sa,13,1,1,16784,0.05,no_leakage_v1_alpha005,gate_all_sources_proxy_source_only_final_training_only,mmd,,,,,merge_then_adapt,coral,near_nearest_proxy,main,1.0,2,2train,far,False,,1.0,direct,0.3906407716591987,0.30388107346914955,0.4791812167084248
9,bnci004,MMP_merge_then_adapt,logvar,svm_radial,sa,13,1,1,16784,0.05,no_leakage_v1_alpha005,gate_all_sources_proxy_source_only_final_training_only,mmd,,,,,merge_then_adapt,coral,near_nearest_proxy,anchor,1.0,2,2train,not_used,False,,1.0,direct,0.3906407716591987,0.30388107346914955,0.4791812167084248
9,bnci004,MMP_merge_then_adapt,logvar,svm_radial,sa,13,1,1,16784,0.05,no_leakage_v1_alpha005,gate_all_sources_proxy_source_only_final_training_only,mmd,,,,,merge_then_adapt,coral,near_nearest_proxy,final,1.0,2,2train,not_used,False,,1.0,direct,0.3906407716591987,0.30388107346914955,0.4791812167084248
9,bnci004,MMP_merge_then_adapt,logvar,svm_radial,sa,13,1,1,16784,0.05,no_leakage_v1_alpha005,gate_all_sources_proxy_source_only_final_training_only,mmd,,,,,merge_then_adapt,coral,near_nearest_proxy,main,2.0,3,3test,far,False,,1.0,direct,0.2400101611264961,0.1684770666271808,0.32202808299046604
9,bnci004,MMP_merge_then_adapt,logvar,svm_radial,sa,13,1,1,16784,0.05,no_leakage_v1_alpha005,gate_all_sources_proxy_source_only_final_training_only,mmd,,,,,merge_then_adapt,coral,near_nearest_proxy,anchor,2.0,3,3test,second_nearest_fallback_source,False,1.0,1.0,direct,0.2400101611264961,0.1684770666271808,0.32202808299046604
9,bnci004,MMP_merge_then_adapt,logvar,svm_radial,sa,13,1,1,16784,0.05,no_leakage_v1_alpha005,gate_all_sources_proxy_source_only_final_training_only,mmd,,,,,merge_then_adapt,coral,near_nearest_proxy,final,2.0,3,3test,not_used,False,,1.0,direct,0.2400101611264961,0.1684770666271808,0.32202808299046604
9,bnci004,MMP_merge_then_adapt,logvar,svm_radial,sa,13,1,1,16784,0.05,no_leakage_v1_alpha005,gate_all_sources_proxy_source_only_final_training_only,mmd,,,,,merge_then_adapt,coral,near_nearest_proxy,main,3.0,4,4test,far,False,,1.0,direct,0.275268754237636,0.20201354561189158,0.3537450623730086
9,bnci004,MMP_merge_then_adapt,logvar,svm_radial,sa,13,1,1,16784,0.05,no_leakage_v1_alpha005,gate_all_sources_proxy_source_only_final_training_only,mmd,,,,,merge_then_adapt,coral,near_nearest_proxy,anchor,3.0,4,4test,not_used,False,,1.0,direct,0.275268754237636,0.20201354561189158,0.3537450623730086
9,bnci004,MMP_merge_then_adapt,logvar,svm_radial,sa,13,1,1,16784,0.05,no_leakage_v1_alpha005,gate_all_sources_proxy_source_only_final_training_only,mmd,,,,,merge_then_adapt,coral,near_nearest_proxy,final,3.0,4,4test,not_used,False,,1.0,direct,0.275268754237636,0.20201354561189158,0.3537450623730086
9,bnci004,MMP_merge_then_adapt,logvar,svm_radial,sa,13,1,1,16784,0.05,no_leakage_v1_alpha005,gate_all_sources_proxy_source_only_final_training_only,mmd,,,,,merge_then_adapt,coral,near_nearest_proxy,main,,1,1train,target,False,,,,,,
9,bnci004,MMP_merge_then_adapt,logvar,svm_radial,sa,13,1,1,16784,0.05,no_leakage_v1_alpha005,gate_all_sources_proxy_source_only_final_training_only,mmd,,,,,merge_then_adapt,coral,near_nearest_proxy,final,,1,1train,target,False,,,,,,
9,bnci004,MMP_merge_then_adapt,logvar,svm_radial,sa,13,2,2,16815,0.05,no_leakage_v1_alpha005,gate_all_sources_proxy_source_only_final_training_only,mmd,,,,,merge_then_adapt,coral,near_nearest_proxy,main,0.0,0,0train,far,False,,2.0,direct,0.31928483547812186,0.26888284398062356,0.3686861454386007
9,bnci004,MMP_merge_then_adapt,logvar,svm_radial,sa,13,2,2,16815,0.05,no_leakage_v1_alpha005,gate_all_sources_proxy_source_only_final_training_only,mmd,,,,,merge_then_adapt,coral,near_nearest_proxy,anchor,0.0,0,0train,not_used,False,,2.0,direct,0.31928483547812186,0.26888284398062356,0.3686861454386007
9,bnci004,MMP_merge_then_adapt,logvar,svm_radial,sa,13,2,2,16815,0.05,no_leakage_v1_alpha005,gate_all_sources_proxy_source_only_final_training_only,mmd,,,,,merge_then_adapt,coral,near_nearest_proxy,final,0.0,0,0train,not_used,False,,2.0,direct,0.31928483547812186,0.26888284398062356,0.3686861454386007
9,bnci004,MMP_merge_then_adapt,logvar,svm_radial,sa,13,2,2,16815,0.05,no_leakage_v1_alpha005,gate_all_sources_proxy_source_only_final_training_only,mmd,,,,,merge_then_adapt,coral,near_nearest_proxy,main,1.0,1,1train,near,False,0.27845274738295783,2.0,direct,0.23960535481410225,0.19364891472413612,0.29126936225285266
9,bnci004,MMP_merge_then_adapt,logvar,svm_radial,sa,13,2,2,16815,0.05,no_leakage_v1_alpha005,gate_all_sources_proxy_source_only_final_training_only,mmd,,,,,merge_then_adapt,coral,near_nearest_proxy,anchor,1.0,1,1train,proxy_source,False,0.46359849495720007,2.0,direct,0.23960535481410225,0.19364891472413612,0.29126936225285266
9,bnci004,MMP_merge_then_adapt,logvar,svm_radial,sa,13,2,2,16815,0.05,no_leakage_v1_alpha005,gate_all_sources_proxy_source_only_final_training_only,mmd,,,,,merge_then_adapt,coral,near_nearest_proxy,final,1.0,1,1train,train,False,0.27845274738295783,2.0,direct,0.23960535481410225,0.19364891472413612,0.29126936225285266
9,bnci004,MMP_merge_then_adapt,logvar,svm_radial,sa,13,2,2,16815,0.05,no_leakage_v1_alpha005,gate_all_sources_proxy_source_only_final_training_only,mmd,,,,,merge_then_adapt,coral,near_nearest_proxy,main,2.0,3,3test,near,False,0.3221806679793266,2.0,direct,0.20708481991233485,0.16359580593836523,0.25902859521834143
9,bnci004,MMP_merge_then_adapt,logvar,svm_radial,sa,13,2,2,16815,0.05,no_leakage_v1_alpha005,gate_all_sources_proxy_source_only_final_training_only,mmd,,,,,merge_then_adapt,coral,near_nearest_proxy,anchor,2.0,3,3test,proxy_source,False,0.5364015050428,2.0,direct,0.20708481991233485,0.16359580593836523,0.25902859521834143
9,bnci004,MMP_merge_then_adapt,logvar,svm_radial,sa,13,2,2,16815,0.05,no_leakage_v1_alpha005,gate_all_sources_proxy_source_only_final_training_only,mmd,,,,,merge_then_adapt,coral,near_nearest_proxy,final,2.0,3,3test,train,False,0.3221806679793266,2.0,direct,0.20708481991233485,0.16359580593836523,0.25902859521834143
9,bnci004,MMP_merge_then_adapt,logvar,svm_radial,sa,13,2,2,16815,0.05,no_leakage_v1_alpha005,gate_all_sources_proxy_source_only_final_training_only,mmd,,,,,merge_then_adapt,coral,near_nearest_proxy,main,3.0,4,4test,nearest,True,0.3993665846377155,2.0,direct,0.16706116883149252,0.12853098342201769,0.21442114433647178
9,bnci004,MMP_merge_then_adapt,logvar,svm_radial,sa,13,2,2,16815,0.05,no_leakage_v1_alpha005,gate_all_sources_proxy_source_only_final_training_only,mmd,,,,,merge_then_adapt,coral,near_nearest_proxy,anchor,3.0,4,4test,target,False,,2.0,direct,0.16706116883149252,0.12853098342201769,0.21442114433647178
9,bnci004,MMP_merge_then_adapt,logvar,svm_radial,sa,13,2,2,16815,0.05,no_leakage_v1_alpha005,gate_all_sources_proxy_source_only_final_training_only,mmd,,,,,merge_then_adapt,coral,near_nearest_proxy,final,3.0,4,4test,train,True,0.3993665846377155,2.0,direct,0.16706116883149252,0.12853098342201769,0.21442114433647178
9,bnci004,MMP_merge_then_adapt,logvar,svm_radial,sa,13,2,2,16815,0.05,no_leakage_v1_alpha005,gate_all_sources_proxy_source_only_final_training_only,mmd,,,,,merge_then_adapt,coral,near_nearest_proxy,main,,2,2train,target,False,,,,,,
9,bnci004,MMP_merge_then_adapt,logvar,svm_radial,sa,13,2,2,16815,0.05,no_leakage_v1_alpha005,gate_all_sources_proxy_source_only_final_training_only,mmd,,,,,merge_then_adapt,coral,near_nearest_proxy,final,,2,2train,target,False,,,,,,
9,bnci004,MMP_merge_then_adapt,logvar,svm_radial,sa,13,3,3,16846,0.05,no_leakage_v1_alpha005,gate_all_sources_proxy_source_only_final_training_only,mmd,,,,,merge_then_adapt,coral,near_nearest_proxy,main,0.0,0,0train,far,False,,3.0,direct,0.25907324879290555,0.1916723253236044,0.3333655972136116
9,bnci004,MMP_merge_then_adapt,logvar,svm_radial,sa,13,3,3,16846,0.05,no_leakage_v1_alpha005,gate_all_sources_proxy_source_only_final_training_only,mmd,,,,,merge_then_adapt,coral,near_nearest_proxy,anchor,0.0,0,0train,not_used,False,,3.0,direct,0.25907324879290555,0.1916723253236044,0.3333655972136116
9,bnci004,MMP_merge_then_adapt,logvar,svm_radial,sa,13,3,3,16846,0.05,no_leakage_v1_alpha005,gate_all_sources_proxy_source_only_final_training_only,mmd,,,,,merge_then_adapt,coral,near_nearest_proxy,final,0.0,0,0train,not_used,False,,3.0,direct,0.25907324879290555,0.1916723253236044,0.3333655972136116
9,bnci004,MMP_merge_then_adapt,logvar,svm_radial,sa,13,3,3,16846,0.05,no_leakage_v1_alpha005,gate_all_sources_proxy_source_only_final_training_only,mmd,,,,,merge_then_adapt,coral,near_nearest_proxy,main,1.0,1,1train,far,False,,3.0,direct,0.1949666621874173,0.13971723900751556,0.2745024521720649
9,bnci004,MMP_merge_then_adapt,logvar,svm_radial,sa,13,3,3,16846,0.05,no_leakage_v1_alpha005,gate_all_sources_proxy_source_only_final_training_only,mmd,,,,,merge_then_adapt,coral,near_nearest_proxy,anchor,1.0,1,1train,not_used,False,,3.0,direct,0.1949666621874173,0.13971723900751556,0.2745024521720649
9,bnci004,MMP_merge_then_adapt,logvar,svm_radial,sa,13,3,3,16846,0.05,no_leakage_v1_alpha005,gate_all_sources_proxy_source_only_final_training_only,mmd,,,,,merge_then_adapt,coral,near_nearest_proxy,final,1.0,1,1train,not_used,False,,3.0,direct,0.1949666621874173,0.13971723900751556,0.2745024521720649
9,bnci004,MMP_merge_then_adapt,logvar,svm_radial,sa,13,3,3,16846,0.05,no_leakage_v1_alpha005,gate_all_sources_proxy_source_only_final_training_only,mmd,,,,,merge_then_adapt,coral,near_nearest_proxy,main,2.0,2,2train,far,False,,3.0,direct,0.1159753317851904,0.08797710653791314,0.15262738441915855
9,bnci004,MMP_merge_then_adapt,logvar,svm_radial,sa,13,3,3,16846,0.05,no_leakage_v1_alpha005,gate_all_sources_proxy_source_only_final_training_only,mmd,,,,,merge_then_adapt,coral,near_nearest_proxy,anchor,2.0,2,2train,second_nearest_fallback_source,False,1.0,3.0,direct,0.1159753317851904,0.08797710653791314,0.15262738441915855
9,bnci004,MMP_merge_then_adapt,logvar,svm_radial,sa,13,3,3,16846,0.05,no_leakage_v1_alpha005,gate_all_sources_proxy_source_only_final_training_only,mmd,,,,,merge_then_adapt,coral,near_nearest_proxy,final,2.0,2,2train,not_used,False,,3.0,direct,0.1159753317851904,0.08797710653791314,0.15262738441915855
9,bnci004,MMP_merge_then_adapt,logvar,svm_radial,sa,13,3,3,16846,0.05,no_leakage_v1_alpha005,gate_all_sources_proxy_source_only_final_training_only,mmd,,,,,merge_then_adapt,coral,near_nearest_proxy,main,3.0,4,4test,nearest,True,1.0,3.0,direct,0.044472877528922705,0.0254970042348884,0.0680962243007295
9,bnci004,MMP_merge_then_adapt,logvar,svm_radial,sa,13,3,3,16846,0.05,no_leakage_v1_alpha005,gate_all_sources_proxy_source_only_final_training_only,mmd,,,,,merge_then_adapt,coral,near_nearest_proxy,anchor,3.0,4,4test,target,False,,3.0,direct,0.044472877528922705,0.0254970042348884,0.0680962243007295
9,bnci004,MMP_merge_then_adapt,logvar,svm_radial,sa,13,3,3,16846,0.05,no_leakage_v1_alpha005,gate_all_sources_proxy_source_only_final_training_only,mmd,,,,,merge_then_adapt,coral,near_nearest_proxy,final,3.0,4,4test,train,True,1.0,3.0,direct,0.044472877528922705,0.0254970042348884,0.0680962243007295
9,bnci004,MMP_merge_then_adapt,logvar,svm_radial,sa,13,3,3,16846,0.05,no_leakage_v1_alpha005,gate_all_sources_proxy_source_only_final_training_only,mmd,,,,,merge_then_adapt,coral,near_nearest_proxy,main,,3,3test,target,False,,,,,,
9,bnci004,MMP_merge_then_adapt,logvar,svm_radial,sa,13,3,3,16846,0.05,no_leakage_v1_alpha005,gate_all_sources_proxy_source_only_final_training_only,mmd,,,,,merge_then_adapt,coral,near_nearest_proxy,final,,3,3test,target,False,,,,,,
9,bnci004,MMP_merge_then_adapt,logvar,svm_radial,sa,13,4,4,16877,0.05,no_leakage_v1_alpha005,gate_all_sources_proxy_source_only_final_training_only,mmd,,,,,merge_then_adapt,coral,near_nearest_proxy,main,0.0,0,0train,far,False,,4.0,direct,0.2750924043894457,0.2283326835929189,0.3272371247896515
9,bnci004,MMP_merge_then_adapt,logvar,svm_radial,sa,13,4,4,16877,0.05,no_leakage_v1_alpha005,gate_all_sources_proxy_source_only_final_training_only,mmd,,,,,merge_then_adapt,coral,near_nearest_proxy,anchor,0.0,0,0train,not_used,False,,4.0,direct,0.2750924043894457,0.2283326835929189,0.3272371247896515
9,bnci004,MMP_merge_then_adapt,logvar,svm_radial,sa,13,4,4,16877,0.05,no_leakage_v1_alpha005,gate_all_sources_proxy_source_only_final_training_only,mmd,,,,,merge_then_adapt,coral,near_nearest_proxy,final,0.0,0,0train,not_used,False,,4.0,direct,0.2750924043894457,0.2283326835929189,0.3272371247896515
9,bnci004,MMP_merge_then_adapt,logvar,svm_radial,sa,13,4,4,16877,0.05,no_leakage_v1_alpha005,gate_all_sources_proxy_source_only_final_training_only,mmd,,,,,merge_then_adapt,coral,near_nearest_proxy,main,1.0,1,1train,far,False,,4.0,direct,0.18898911320651926,0.14400164509093308,0.23818689438299015
9,bnci004,MMP_merge_then_adapt,logvar,svm_radial,sa,13,4,4,16877,0.05,no_leakage_v1_alpha005,gate_all_sources_proxy_source_only_final_training_only,mmd,,,,,merge_then_adapt,coral,near_nearest_proxy,anchor,1.0,1,1train,not_used,False,,4.0,direct,0.18898911320651926,0.14400164509093308,0.23818689438299015
9,bnci004,MMP_merge_then_adapt,logvar,svm_radial,sa,13,4,4,16877,0.05,no_leakage_v1_alpha005,gate_all_sources_proxy_source_only_final_training_only,mmd,,,,,merge_then_adapt,coral,near_nearest_proxy,final,1.0,1,1train,not_used,False,,4.0,direct,0.18898911320651926,0.14400164509093308,0.23818689438299015
9,bnci004,MMP_merge_then_adapt,logvar,svm_radial,sa,13,4,4,16877,0.05,no_leakage_v1_alpha005,gate_all_sources_proxy_source_only_final_training_only,mmd,,,,,merge_then_adapt,coral,near_nearest_proxy,main,2.0,2,2train,far,False,,4.0,direct,0.1616570473345549,0.12197502297767623,0.21536616916428863
9,bnci004,MMP_merge_then_adapt,logvar,svm_radial,sa,13,4,4,16877,0.05,no_leakage_v1_alpha005,gate_all_sources_proxy_source_only_final_training_only,mmd,,,,,merge_then_adapt,coral,near_nearest_proxy,anchor,2.0,2,2train,second_nearest_fallback_source,False,1.0,4.0,direct,0.1616570473345549,0.12197502297767623,0.21536616916428863
9,bnci004,MMP_merge_then_adapt,logvar,svm_radial,sa,13,4,4,16877,0.05,no_leakage_v1_alpha005,gate_all_sources_proxy_source_only_final_training_only,mmd,,,,,merge_then_adapt,coral,near_nearest_proxy,final,2.0,2,2train,not_used,False,,4.0,direct,0.1616570473345549,0.12197502297767623,0.21536616916428863
9,bnci004,MMP_merge_then_adapt,logvar,svm_radial,sa,13,4,4,16877,0.05,no_leakage_v1_alpha005,gate_all_sources_proxy_source_only_final_training_only,mmd,,,,,merge_then_adapt,coral,near_nearest_proxy,main,3.0,3,3test,nearest,True,1.0,4.0,direct,0.04919875066009171,0.028765383224260265,0.0739655278891922
9,bnci004,MMP_merge_then_adapt,logvar,svm_radial,sa,13,4,4,16877,0.05,no_leakage_v1_alpha005,gate_all_sources_proxy_source_only_final_training_only,mmd,,,,,merge_then_adapt,coral,near_nearest_proxy,anchor,3.0,3,3test,target,False,,4.0,direct,0.04919875066009171,0.028765383224260265,0.0739655278891922
9,bnci004,MMP_merge_then_adapt,logvar,svm_radial,sa,13,4,4,16877,0.05,no_leakage_v1_alpha005,gate_all_sources_proxy_source_only_final_training_only,mmd,,,,,merge_then_adapt,coral,near_nearest_proxy,final,3.0,3,3test,train,True,1.0,4.0,direct,0.04919875066009171,0.028765383224260265,0.0739655278891922
9,bnci004,MMP_merge_then_adapt,logvar,svm_radial,sa,13,4,4,16877,0.05,no_leakage_v1_alpha005,gate_all_sources_proxy_source_only_final_training_only,mmd,,,,,merge_then_adapt,coral,near_nearest_proxy,main,,4,4test,target,False,,,,,,
9,bnci004,MMP_merge_then_adapt,logvar,svm_radial,sa,13,4,4,16877,0.05,no_leakage_v1_alpha005,gate_all_sources_proxy_source_only_final_training_only,mmd,,,,,merge_then_adapt,coral,near_nearest_proxy,final,,4,4test,target,False,,,,,,
9,bnci004,MMP_merge_then_adapt,logvar,svm_radial,pt,14,0,0,17750,0.05,no_leakage_v1_alpha005,gate_all_sources_proxy_source_only_final_training_only,mmd,,,,,merge_then_adapt,coral,near_nearest_proxy,main,0.0,1,1train,nearest,True,1.0,0.0,direct,0.06280501822739104,0.04007204442517404,0.09180293765224955
9,bnci004,MMP_merge_then_adapt,logvar,svm_radial,pt,14,0,0,17750,0.05,no_leakage_v1_alpha005,gate_all_sources_proxy_source_only_final_training_only,mmd,,,,,merge_then_adapt,coral,near_nearest_proxy,anchor,0.0,1,1train,target,False,,0.0,direct,0.06280501822739104,0.04007204442517404,0.09180293765224955
9,bnci004,MMP_merge_then_adapt,logvar,svm_radial,pt,14,0,0,17750,0.05,no_leakage_v1_alpha005,gate_all_sources_proxy_source_only_final_training_only,mmd,,,,,merge_then_adapt,coral,near_nearest_proxy,final,0.0,1,1train,train,True,1.0,0.0,direct,0.06280501822739104,0.04007204442517404,0.09180293765224955
9,bnci004,MMP_merge_then_adapt,logvar,svm_radial,pt,14,0,0,17750,0.05,no_leakage_v1_alpha005,gate_all_sources_proxy_source_only_final_training_only,mmd,,,,,merge_then_adapt,coral,near_nearest_proxy,main,1.0,2,2train,far,False,,0.0,direct,0.5122028565142817,0.4180250035384455,0.6098308917437427
9,bnci004,MMP_merge_then_adapt,logvar,svm_radial,pt,14,0,0,17750,0.05,no_leakage_v1_alpha005,gate_all_sources_proxy_source_only_final_training_only,mmd,,,,,merge_then_adapt,coral,near_nearest_proxy,anchor,1.0,2,2train,not_used,False,,0.0,direct,0.5122028565142817,0.4180250035384455,0.6098308917437427
9,bnci004,MMP_merge_then_adapt,logvar,svm_radial,pt,14,0,0,17750,0.05,no_leakage_v1_alpha005,gate_all_sources_proxy_source_only_final_training_only,mmd,,,,,merge_then_adapt,coral,near_nearest_proxy,final,1.0,2,2train,not_used,False,,0.0,direct,0.5122028565142817,0.4180250035384455,0.6098308917437427
9,bnci004,MMP_merge_then_adapt,logvar,svm_radial,pt,14,0,0,17750,0.05,no_leakage_v1_alpha005,gate_all_sources_proxy_source_only_final_training_only,mmd,,,,,merge_then_adapt,coral,near_nearest_proxy,main,2.0,3,3test,far,False,,0.0,direct,0.34989719966498684,0.2631844987362821,0.45575443297539214
9,bnci004,MMP_merge_then_adapt,logvar,svm_radial,pt,14,0,0,17750,0.05,no_leakage_v1_alpha005,gate_all_sources_proxy_source_only_final_training_only,mmd,,,,,merge_then_adapt,coral,near_nearest_proxy,anchor,2.0,3,3test,second_nearest_fallback_source,False,1.0,0.0,direct,0.34989719966498684,0.2631844987362821,0.45575443297539214
9,bnci004,MMP_merge_then_adapt,logvar,svm_radial,pt,14,0,0,17750,0.05,no_leakage_v1_alpha005,gate_all_sources_proxy_source_only_final_training_only,mmd,,,,,merge_then_adapt,coral,near_nearest_proxy,final,2.0,3,3test,not_used,False,,0.0,direct,0.34989719966498684,0.2631844987362821,0.45575443297539214
9,bnci004,MMP_merge_then_adapt,logvar,svm_radial,pt,14,0,0,17750,0.05,no_leakage_v1_alpha005,gate_all_sources_proxy_source_only_final_training_only,mmd,,,,,merge_then_adapt,coral,near_nearest_proxy,main,3.0,4,4test,far,False,,0.0,direct,0.41932939010175857,0.3281713151081613,0.5283384368820271
9,bnci004,MMP_merge_then_adapt,logvar,svm_radial,pt,14,0,0,17750,0.05,no_leakage_v1_alpha005,gate_all_sources_proxy_source_only_final_training_only,mmd,,,,,merge_then_adapt,coral,near_nearest_proxy,anchor,3.0,4,4test,not_used,False,,0.0,direct,0.41932939010175857,0.3281713151081613,0.5283384368820271
9,bnci004,MMP_merge_then_adapt,logvar,svm_radial,pt,14,0,0,17750,0.05,no_leakage_v1_alpha005,gate_all_sources_proxy_source_only_final_training_only,mmd,,,,,merge_then_adapt,coral,near_nearest_proxy,final,3.0,4,4test,not_used,False,,0.0,direct,0.41932939010175857,0.3281713151081613,0.5283384368820271
9,bnci004,MMP_merge_then_adapt,logvar,svm_radial,pt,14,0,0,17750,0.05,no_leakage_v1_alpha005,gate_all_sources_proxy_source_only_final_training_only,mmd,,,,,merge_then_adapt,coral,near_nearest_proxy,main,,0,0train,target,False,,,,,,
9,bnci004,MMP_merge_then_adapt,logvar,svm_radial,pt,14,0,0,17750,0.05,no_leakage_v1_alpha005,gate_all_sources_proxy_source_only_final_training_only,mmd,,,,,merge_then_adapt,coral,near_nearest_proxy,final,,0,0train,target,False,,,,,,
9,bnci004,MMP_merge_then_adapt,logvar,svm_radial,pt,14,1,1,17781,0.05,no_leakage_v1_alpha005,gate_all_sources_proxy_source_only_final_training_only,mmd,,,,,merge_then_adapt,coral,near_nearest_proxy,main,0.0,0,0train,nearest,True,1.0,1.0,direct,0.0746437200720138,0.04560996648516162,0.1102162203570812
9,bnci004,MMP_merge_then_adapt,logvar,svm_radial,pt,14,1,1,17781,0.05,no_leakage_v1_alpha005,gate_all_sources_proxy_source_only_final_training_only,mmd,,,,,merge_then_adapt,coral,near_nearest_proxy,anchor,0.0,0,0train,target,False,,1.0,direct,0.0746437200720138,0.04560996648516162,0.1102162203570812
9,bnci004,MMP_merge_then_adapt,logvar,svm_radial,pt,14,1,1,17781,0.05,no_leakage_v1_alpha005,gate_all_sources_proxy_source_only_final_training_only,mmd,,,,,merge_then_adapt,coral,near_nearest_proxy,final,0.0,0,0train,train,True,1.0,1.0,direct,0.0746437200720138,0.04560996648516162,0.1102162203570812
9,bnci004,MMP_merge_then_adapt,logvar,svm_radial,pt,14,1,1,17781,0.05,no_leakage_v1_alpha005,gate_all_sources_proxy_source_only_final_training_only,mmd,,,,,merge_then_adapt,coral,near_nearest_proxy,main,1.0,2,2train,far,False,,1.0,direct,0.3846881638529581,0.29482726580095775,0.47225532719802454
9,bnci004,MMP_merge_then_adapt,logvar,svm_radial,pt,14,1,1,17781,0.05,no_leakage_v1_alpha005,gate_all_sources_proxy_source_only_final_training_only,mmd,,,,,merge_then_adapt,coral,near_nearest_proxy,anchor,1.0,2,2train,not_used,False,,1.0,direct,0.3846881638529581,0.29482726580095775,0.47225532719802454
9,bnci004,MMP_merge_then_adapt,logvar,svm_radial,pt,14,1,1,17781,0.05,no_leakage_v1_alpha005,gate_all_sources_proxy_source_only_final_training_only,mmd,,,,,merge_then_adapt,coral,near_nearest_proxy,final,1.0,2,2train,not_used,False,,1.0,direct,0.3846881638529581,0.29482726580095775,0.47225532719802454
9,bnci004,MMP_merge_then_adapt,logvar,svm_radial,pt,14,1,1,17781,0.05,no_leakage_v1_alpha005,gate_all_sources_proxy_source_only_final_training_only,mmd,,,,,merge_then_adapt,coral,near_nearest_proxy,main,2.0,3,3test,far,False,,1.0,direct,0.24167523848018216,0.16535780944850056,0.31634686251906236
9,bnci004,MMP_merge_then_adapt,logvar,svm_radial,pt,14,1,1,17781,0.05,no_leakage_v1_alpha005,gate_all_sources_proxy_source_only_final_training_only,mmd,,,,,merge_then_adapt,coral,near_nearest_proxy,anchor,2.0,3,3test,second_nearest_fallback_source,False,1.0,1.0,direct,0.24167523848018216,0.16535780944850056,0.31634686251906236
9,bnci004,MMP_merge_then_adapt,logvar,svm_radial,pt,14,1,1,17781,0.05,no_leakage_v1_alpha005,gate_all_sources_proxy_source_only_final_training_only,mmd,,,,,merge_then_adapt,coral,near_nearest_proxy,final,2.0,3,3test,not_used,False,,1.0,direct,0.24167523848018216,0.16535780944850056,0.31634686251906236
9,bnci004,MMP_merge_then_adapt,logvar,svm_radial,pt,14,1,1,17781,0.05,no_leakage_v1_alpha005,gate_all_sources_proxy_source_only_final_training_only,mmd,,,,,merge_then_adapt,coral,near_nearest_proxy,main,3.0,4,4test,far,False,,1.0,direct,0.27336441211508467,0.19269595293066488,0.3532960969190159
9,bnci004,MMP_merge_then_adapt,logvar,svm_radial,pt,14,1,1,17781,0.05,no_leakage_v1_alpha005,gate_all_sources_proxy_source_only_final_training_only,mmd,,,,,merge_then_adapt,coral,near_nearest_proxy,anchor,3.0,4,4test,not_used,False,,1.0,direct,0.27336441211508467,0.19269595293066488,0.3532960969190159
9,bnci004,MMP_merge_then_adapt,logvar,svm_radial,pt,14,1,1,17781,0.05,no_leakage_v1_alpha005,gate_all_sources_proxy_source_only_final_training_only,mmd,,,,,merge_then_adapt,coral,near_nearest_proxy,final,3.0,4,4test,not_used,False,,1.0,direct,0.27336441211508467,0.19269595293066488,0.3532960969190159
9,bnci004,MMP_merge_then_adapt,logvar,svm_radial,pt,14,1,1,17781,0.05,no_leakage_v1_alpha005,gate_all_sources_proxy_source_only_final_training_only,mmd,,,,,merge_then_adapt,coral,near_nearest_proxy,main,,1,1train,target,False,,,,,,
9,bnci004,MMP_merge_then_adapt,logvar,svm_radial,pt,14,1,1,17781,0.05,no_leakage_v1_alpha005,gate_all_sources_proxy_source_only_final_training_only,mmd,,,,,merge_then_adapt,coral,near_nearest_proxy,final,,1,1train,target,False,,,,,,
9,bnci004,MMP_merge_then_adapt,logvar,svm_radial,pt,14,2,2,17812,0.05,no_leakage_v1_alpha005,gate_all_sources_proxy_source_only_final_training_only,mmd,,,,,merge_then_adapt,coral,near_nearest_proxy,main,0.0,0,0train,far,False,,2.0,direct,0.31319035175875953,0.266274456638213,0.3680510506878364
9,bnci004,MMP_merge_then_adapt,logvar,svm_radial,pt,14,2,2,17812,0.05,no_leakage_v1_alpha005,gate_all_sources_proxy_source_only_final_training_only,mmd,,,,,merge_then_adapt,coral,near_nearest_proxy,anchor,0.0,0,0train,not_used,False,,2.0,direct,0.31319035175875953,0.266274456638213,0.3680510506878364
9,bnci004,MMP_merge_then_adapt,logvar,svm_radial,pt,14,2,2,17812,0.05,no_leakage_v1_alpha005,gate_all_sources_proxy_source_only_final_training_only,mmd,,,,,merge_then_adapt,coral,near_nearest_proxy,final,0.0,0,0train,not_used,False,,2.0,direct,0.31319035175875953,0.266274456638213,0.3680510506878364
9,bnci004,MMP_merge_then_adapt,logvar,svm_radial,pt,14,2,2,17812,0.05,no_leakage_v1_alpha005,gate_all_sources_proxy_source_only_final_training_only,mmd,,,,,merge_then_adapt,coral,near_nearest_proxy,main,1.0,1,1train,near,False,0.27640417410117557,2.0,direct,0.24185573655928758,0.1799644929587243,0.2939933097067755
9,bnci004,MMP_merge_then_adapt,logvar,svm_radial,pt,14,2,2,17812,0.05,no_leakage_v1_alpha005,gate_all_sources_proxy_source_only_final_training_only,mmd,,,,,merge_then_adapt,coral,near_nearest_proxy,anchor,1.0,1,1train,proxy_source,False,0.4607548240585542,2.0,direct,0.24185573655928758,0.1799644929587243,0.2939933097067755
9,bnci004,MMP_merge_then_adapt,logvar,svm_radial,pt,14,2,2,17812,0.05,no_leakage_v1_alpha005,gate_all_sources_proxy_source_only_final_training_only,mmd,,,,,merge_then_adapt,coral,near_nearest_proxy,final,1.0,1,1train,train,False,0.27640417410117557,2.0,direct,0.24185573655928758,0.1799644929587243,0.2939933097067755
9,bnci004,MMP_merge_then_adapt,logvar,svm_radial,pt,14,2,2,17812,0.05,no_leakage_v1_alpha005,gate_all_sources_proxy_source_only_final_training_only,mmd,,,,,merge_then_adapt,coral,near_nearest_proxy,main,2.0,3,3test,near,False,0.32349008564085424,2.0,direct,0.20665204591032826,0.1596798632746821,0.25657263806395664
9,bnci004,MMP_merge_then_adapt,logvar,svm_radial,pt,14,2,2,17812,0.05,no_leakage_v1_alpha005,gate_all_sources_proxy_source_only_final_training_only,mmd,,,,,merge_then_adapt,coral,near_nearest_proxy,anchor,2.0,3,3test,proxy_source,False,0.5392451759414458,2.0,direct,0.20665204591032826,0.1596798632746821,0.25657263806395664
9,bnci004,MMP_merge_then_adapt,logvar,svm_radial,pt,14,2,2,17812,0.05,no_leakage_v1_alpha005,gate_all_sources_proxy_source_only_final_training_only,mmd,,,,,merge_then_adapt,coral,near_nearest_proxy,final,2.0,3,3test,train,False,0.32349008564085424,2.0,direct,0.20665204591032826,0.1596798632746821,0.25657263806395664
9,bnci004,MMP_merge_then_adapt,logvar,svm_radial,pt,14,2,2,17812,0.05,no_leakage_v1_alpha005,gate_all_sources_proxy_source_only_final_training_only,mmd,,,,,merge_then_adapt,coral,near_nearest_proxy,main,3.0,4,4test,nearest,True,0.4001057402579703,2.0,direct,0.16708036073322383,0.12840857897280192,0.21703951166821273
9,bnci004,MMP_merge_then_adapt,logvar,svm_radial,pt,14,2,2,17812,0.05,no_leakage_v1_alpha005,gate_all_sources_proxy_source_only_final_training_only,mmd,,,,,merge_then_adapt,coral,near_nearest_proxy,anchor,3.0,4,4test,target,False,,2.0,direct,0.16708036073322383,0.12840857897280192,0.21703951166821273
9,bnci004,MMP_merge_then_adapt,logvar,svm_radial,pt,14,2,2,17812,0.05,no_leakage_v1_alpha005,gate_all_sources_proxy_source_only_final_training_only,mmd,,,,,merge_then_adapt,coral,near_nearest_proxy,final,3.0,4,4test,train,True,0.4001057402579703,2.0,direct,0.16708036073322383,0.12840857897280192,0.21703951166821273
9,bnci004,MMP_merge_then_adapt,logvar,svm_radial,pt,14,2,2,17812,0.05,no_leakage_v1_alpha005,gate_all_sources_proxy_source_only_final_training_only,mmd,,,,,merge_then_adapt,coral,near_nearest_proxy,main,,2,2train,target,False,,,,,,
9,bnci004,MMP_merge_then_adapt,logvar,svm_radial,pt,14,2,2,17812,0.05,no_leakage_v1_alpha005,gate_all_sources_proxy_source_only_final_training_only,mmd,,,,,merge_then_adapt,coral,near_nearest_proxy,final,,2,2train,target,False,,,,,,
9,bnci004,MMP_merge_then_adapt,logvar,svm_radial,pt,14,3,3,17843,0.05,no_leakage_v1_alpha005,gate_all_sources_proxy_source_only_final_training_only,mmd,,,,,merge_then_adapt,coral,near_nearest_proxy,main,0.0,0,0train,far,False,,3.0,direct,0.2621089595119052,0.1889872538998392,0.33908473223253105
9,bnci004,MMP_merge_then_adapt,logvar,svm_radial,pt,14,3,3,17843,0.05,no_leakage_v1_alpha005,gate_all_sources_proxy_source_only_final_training_only,mmd,,,,,merge_then_adapt,coral,near_nearest_proxy,anchor,0.0,0,0train,not_used,False,,3.0,direct,0.2621089595119052,0.1889872538998392,0.33908473223253105
9,bnci004,MMP_merge_then_adapt,logvar,svm_radial,pt,14,3,3,17843,0.05,no_leakage_v1_alpha005,gate_all_sources_proxy_source_only_final_training_only,mmd,,,,,merge_then_adapt,coral,near_nearest_proxy,final,0.0,0,0train,not_used,False,,3.0,direct,0.2621089595119052,0.1889872538998392,0.33908473223253105
9,bnci004,MMP_merge_then_adapt,logvar,svm_radial,pt,14,3,3,17843,0.05,no_leakage_v1_alpha005,gate_all_sources_proxy_source_only_final_training_only,mmd,,,,,merge_then_adapt,coral,near_nearest_proxy,main,1.0,1,1train,far,False,,3.0,direct,0.19323808137291976,0.13275816930563808,0.272252697933981
9,bnci004,MMP_merge_then_adapt,logvar,svm_radial,pt,14,3,3,17843,0.05,no_leakage_v1_alpha005,gate_all_sources_proxy_source_only_final_training_only,mmd,,,,,merge_then_adapt,coral,near_nearest_proxy,anchor,1.0,1,1train,not_used,False,,3.0,direct,0.19323808137291976,0.13275816930563808,0.272252697933981
9,bnci004,MMP_merge_then_adapt,logvar,svm_radial,pt,14,3,3,17843,0.05,no_leakage_v1_alpha005,gate_all_sources_proxy_source_only_final_training_only,mmd,,,,,merge_then_adapt,coral,near_nearest_proxy,final,1.0,1,1train,not_used,False,,3.0,direct,0.19323808137291976,0.13275816930563808,0.272252697933981
9,bnci004,MMP_merge_then_adapt,logvar,svm_radial,pt,14,3,3,17843,0.05,no_leakage_v1_alpha005,gate_all_sources_proxy_source_only_final_training_only,mmd,,,,,merge_then_adapt,coral,near_nearest_proxy,main,2.0,2,2train,far,False,,3.0,direct,0.11712985454815497,0.08989619607407047,0.15008407715782957
9,bnci004,MMP_merge_then_adapt,logvar,svm_radial,pt,14,3,3,17843,0.05,no_leakage_v1_alpha005,gate_all_sources_proxy_source_only_final_training_only,mmd,,,,,merge_then_adapt,coral,near_nearest_proxy,anchor,2.0,2,2train,second_nearest_fallback_source,False,1.0,3.0,direct,0.11712985454815497,0.08989619607407047,0.15008407715782957
9,bnci004,MMP_merge_then_adapt,logvar,svm_radial,pt,14,3,3,17843,0.05,no_leakage_v1_alpha005,gate_all_sources_proxy_source_only_final_training_only,mmd,,,,,merge_then_adapt,coral,near_nearest_proxy,final,2.0,2,2train,not_used,False,,3.0,direct,0.11712985454815497,0.08989619607407047,0.15008407715782957
9,bnci004,MMP_merge_then_adapt,logvar,svm_radial,pt,14,3,3,17843,0.05,no_leakage_v1_alpha005,gate_all_sources_proxy_source_only_final_training_only,mmd,,,,,merge_then_adapt,coral,near_nearest_proxy,main,3.0,4,4test,nearest,True,1.0,3.0,direct,0.043626982152885595,0.02690664501749895,0.06643853211357544
9,bnci004,MMP_merge_then_adapt,logvar,svm_radial,pt,14,3,3,17843,0.05,no_leakage_v1_alpha005,gate_all_sources_proxy_source_only_final_training_only,mmd,,,,,merge_then_adapt,coral,near_nearest_proxy,anchor,3.0,4,4test,target,False,,3.0,direct,0.043626982152885595,0.02690664501749895,0.06643853211357544
9,bnci004,MMP_merge_then_adapt,logvar,svm_radial,pt,14,3,3,17843,0.05,no_leakage_v1_alpha005,gate_all_sources_proxy_source_only_final_training_only,mmd,,,,,merge_then_adapt,coral,near_nearest_proxy,final,3.0,4,4test,train,True,1.0,3.0,direct,0.043626982152885595,0.02690664501749895,0.06643853211357544
9,bnci004,MMP_merge_then_adapt,logvar,svm_radial,pt,14,3,3,17843,0.05,no_leakage_v1_alpha005,gate_all_sources_proxy_source_only_final_training_only,mmd,,,,,merge_then_adapt,coral,near_nearest_proxy,main,,3,3test,target,False,,,,,,
9,bnci004,MMP_merge_then_adapt,logvar,svm_radial,pt,14,3,3,17843,0.05,no_leakage_v1_alpha005,gate_all_sources_proxy_source_only_final_training_only,mmd,,,,,merge_then_adapt,coral,near_nearest_proxy,final,,3,3test,target,False,,,,,,
9,bnci004,MMP_merge_then_adapt,logvar,svm_radial,pt,14,4,4,17874,0.05,no_leakage_v1_alpha005,gate_all_sources_proxy_source_only_final_training_only,mmd,,,,,merge_then_adapt,coral,near_nearest_proxy,main,0.0,0,0train,far,False,,4.0,direct,0.27652165250014404,0.2270482074512467,0.3330914805300146
9,bnci004,MMP_merge_then_adapt,logvar,svm_radial,pt,14,4,4,17874,0.05,no_leakage_v1_alpha005,gate_all_sources_proxy_source_only_final_training_only,mmd,,,,,merge_then_adapt,coral,near_nearest_proxy,anchor,0.0,0,0train,not_used,False,,4.0,direct,0.27652165250014404,0.2270482074512467,0.3330914805300146
9,bnci004,MMP_merge_then_adapt,logvar,svm_radial,pt,14,4,4,17874,0.05,no_leakage_v1_alpha005,gate_all_sources_proxy_source_only_final_training_only,mmd,,,,,merge_then_adapt,coral,near_nearest_proxy,final,0.0,0,0train,not_used,False,,4.0,direct,0.27652165250014404,0.2270482074512467,0.3330914805300146
9,bnci004,MMP_merge_then_adapt,logvar,svm_radial,pt,14,4,4,17874,0.05,no_leakage_v1_alpha005,gate_all_sources_proxy_source_only_final_training_only,mmd,,,,,merge_then_adapt,coral,near_nearest_proxy,main,1.0,1,1train,far,False,,4.0,direct,0.18535207308811505,0.13342109560958634,0.24491001768461457
9,bnci004,MMP_merge_then_adapt,logvar,svm_radial,pt,14,4,4,17874,0.05,no_leakage_v1_alpha005,gate_all_sources_proxy_source_only_final_training_only,mmd,,,,,merge_then_adapt,coral,near_nearest_proxy,anchor,1.0,1,1train,not_used,False,,4.0,direct,0.18535207308811505,0.13342109560958634,0.24491001768461457
9,bnci004,MMP_merge_then_adapt,logvar,svm_radial,pt,14,4,4,17874,0.05,no_leakage_v1_alpha005,gate_all_sources_proxy_source_only_final_training_only,mmd,,,,,merge_then_adapt,coral,near_nearest_proxy,final,1.0,1,1train,not_used,False,,4.0,direct,0.18535207308811505,0.13342109560958634,0.24491001768461457
9,bnci004,MMP_merge_then_adapt,logvar,svm_radial,pt,14,4,4,17874,0.05,no_leakage_v1_alpha005,gate_all_sources_proxy_source_only_final_training_only,mmd,,,,,merge_then_adapt,coral,near_nearest_proxy,main,2.0,2,2train,far,False,,4.0,direct,0.16190259700752485,0.11829533759942072,0.20814991407621666
9,bnci004,MMP_merge_then_adapt,logvar,svm_radial,pt,14,4,4,17874,0.05,no_leakage_v1_alpha005,gate_all_sources_proxy_source_only_final_training_only,mmd,,,,,merge_then_adapt,coral,near_nearest_proxy,anchor,2.0,2,2train,second_nearest_fallback_source,False,1.0,4.0,direct,0.16190259700752485,0.11829533759942072,0.20814991407621666
9,bnci004,MMP_merge_then_adapt,logvar,svm_radial,pt,14,4,4,17874,0.05,no_leakage_v1_alpha005,gate_all_sources_proxy_source_only_final_training_only,mmd,,,,,merge_then_adapt,coral,near_nearest_proxy,final,2.0,2,2train,not_used,False,,4.0,direct,0.16190259700752485,0.11829533759942072,0.20814991407621666
9,bnci004,MMP_merge_then_adapt,logvar,svm_radial,pt,14,4,4,17874,0.05,no_leakage_v1_alpha005,gate_all_sources_proxy_source_only_final_training_only,mmd,,,,,merge_then_adapt,coral,near_nearest_proxy,main,3.0,3,3test,nearest,True,1.0,4.0,direct,0.04969056795650053,0.030675684575745425,0.07468646999087056
9,bnci004,MMP_merge_then_adapt,logvar,svm_radial,pt,14,4,4,17874,0.05,no_leakage_v1_alpha005,gate_all_sources_proxy_source_only_final_training_only,mmd,,,,,merge_then_adapt,coral,near_nearest_proxy,anchor,3.0,3,3test,target,False,,4.0,direct,0.04969056795650053,0.030675684575745425,0.07468646999087056
9,bnci004,MMP_merge_then_adapt,logvar,svm_radial,pt,14,4,4,17874,0.05,no_leakage_v1_alpha005,gate_all_sources_proxy_source_only_final_training_only,mmd,,,,,merge_then_adapt,coral,near_nearest_proxy,final,3.0,3,3test,train,True,1.0,4.0,direct,0.04969056795650053,0.030675684575745425,0.07468646999087056
9,bnci004,MMP_merge_then_adapt,logvar,svm_radial,pt,14,4,4,17874,0.05,no_leakage_v1_alpha005,gate_all_sources_proxy_source_only_final_training_only,mmd,,,,,merge_then_adapt,coral,near_nearest_proxy,main,,4,4test,target,False,,,,,,
9,bnci004,MMP_merge_then_adapt,logvar,svm_radial,pt,14,4,4,17874,0.05,no_leakage_v1_alpha005,gate_all_sources_proxy_source_only_final_training_only,mmd,,,,,merge_then_adapt,coral,near_nearest_proxy,final,,4,4test,target,False,,,,,,
9,bnci004,MMP_merge_then_adapt,logvar,svm_radial,coral,15,0,0,18747,0.05,no_leakage_v1_alpha005,gate_all_sources_proxy_source_only_final_training_only,mmd,,,,,merge_then_adapt,coral,near_nearest_proxy,main,0.0,1,1train,nearest,True,1.0,0.0,direct,0.06175417849187541,0.03963943007720943,0.09093448214682542
9,bnci004,MMP_merge_then_adapt,logvar,svm_radial,coral,15,0,0,18747,0.05,no_leakage_v1_alpha005,gate_all_sources_proxy_source_only_final_training_only,mmd,,,,,merge_then_adapt,coral,near_nearest_proxy,anchor,0.0,1,1train,target,False,,0.0,direct,0.06175417849187541,0.03963943007720943,0.09093448214682542
9,bnci004,MMP_merge_then_adapt,logvar,svm_radial,coral,15,0,0,18747,0.05,no_leakage_v1_alpha005,gate_all_sources_proxy_source_only_final_training_only,mmd,,,,,merge_then_adapt,coral,near_nearest_proxy,final,0.0,1,1train,train,True,1.0,0.0,direct,0.06175417849187541,0.03963943007720943,0.09093448214682542
9,bnci004,MMP_merge_then_adapt,logvar,svm_radial,coral,15,0,0,18747,0.05,no_leakage_v1_alpha005,gate_all_sources_proxy_source_only_final_training_only,mmd,,,,,merge_then_adapt,coral,near_nearest_proxy,main,1.0,2,2train,far,False,,0.0,direct,0.5183311592587779,0.43268785220608225,0.6046806631631275
9,bnci004,MMP_merge_then_adapt,logvar,svm_radial,coral,15,0,0,18747,0.05,no_leakage_v1_alpha005,gate_all_sources_proxy_source_only_final_training_only,mmd,,,,,merge_then_adapt,coral,near_nearest_proxy,anchor,1.0,2,2train,not_used,False,,0.0,direct,0.5183311592587779,0.43268785220608225,0.6046806631631275
9,bnci004,MMP_merge_then_adapt,logvar,svm_radial,coral,15,0,0,18747,0.05,no_leakage_v1_alpha005,gate_all_sources_proxy_source_only_final_training_only,mmd,,,,,merge_then_adapt,coral,near_nearest_proxy,final,1.0,2,2train,not_used,False,,0.0,direct,0.5183311592587779,0.43268785220608225,0.6046806631631275
9,bnci004,MMP_merge_then_adapt,logvar,svm_radial,coral,15,0,0,18747,0.05,no_leakage_v1_alpha005,gate_all_sources_proxy_source_only_final_training_only,mmd,,,,,merge_then_adapt,coral,near_nearest_proxy,main,2.0,3,3test,far,False,,0.0,direct,0.3610553277502307,0.2653763612339704,0.45086866132425335
9,bnci004,MMP_merge_then_adapt,logvar,svm_radial,coral,15,0,0,18747,0.05,no_leakage_v1_alpha005,gate_all_sources_proxy_source_only_final_training_only,mmd,,,,,merge_then_adapt,coral,near_nearest_proxy,anchor,2.0,3,3test,second_nearest_fallback_source,False,1.0,0.0,direct,0.3610553277502307,0.2653763612339704,0.45086866132425335
9,bnci004,MMP_merge_then_adapt,logvar,svm_radial,coral,15,0,0,18747,0.05,no_leakage_v1_alpha005,gate_all_sources_proxy_source_only_final_training_only,mmd,,,,,merge_then_adapt,coral,near_nearest_proxy,final,2.0,3,3test,not_used,False,,0.0,direct,0.3610553277502307,0.2653763612339704,0.45086866132425335
9,bnci004,MMP_merge_then_adapt,logvar,svm_radial,coral,15,0,0,18747,0.05,no_leakage_v1_alpha005,gate_all_sources_proxy_source_only_final_training_only,mmd,,,,,merge_then_adapt,coral,near_nearest_proxy,main,3.0,4,4test,far,False,,0.0,direct,0.4158568454140332,0.3259845560565021,0.5153716163269819
9,bnci004,MMP_merge_then_adapt,logvar,svm_radial,coral,15,0,0,18747,0.05,no_leakage_v1_alpha005,gate_all_sources_proxy_source_only_final_training_only,mmd,,,,,merge_then_adapt,coral,near_nearest_proxy,anchor,3.0,4,4test,not_used,False,,0.0,direct,0.4158568454140332,0.3259845560565021,0.5153716163269819
9,bnci004,MMP_merge_then_adapt,logvar,svm_radial,coral,15,0,0,18747,0.05,no_leakage_v1_alpha005,gate_all_sources_proxy_source_only_final_training_only,mmd,,,,,merge_then_adapt,coral,near_nearest_proxy,final,3.0,4,4test,not_used,False,,0.0,direct,0.4158568454140332,0.3259845560565021,0.5153716163269819
9,bnci004,MMP_merge_then_adapt,logvar,svm_radial,coral,15,0,0,18747,0.05,no_leakage_v1_alpha005,gate_all_sources_proxy_source_only_final_training_only,mmd,,,,,merge_then_adapt,coral,near_nearest_proxy,main,,0,0train,target,False,,,,,,
9,bnci004,MMP_merge_then_adapt,logvar,svm_radial,coral,15,0,0,18747,0.05,no_leakage_v1_alpha005,gate_all_sources_proxy_source_only_final_training_only,mmd,,,,,merge_then_adapt,coral,near_nearest_proxy,final,,0,0train,target,False,,,,,,
9,bnci004,MMP_merge_then_adapt,logvar,svm_radial,coral,15,1,1,18778,0.05,no_leakage_v1_alpha005,gate_all_sources_proxy_source_only_final_training_only,mmd,,,,,merge_then_adapt,coral,near_nearest_proxy,main,0.0,0,0train,nearest,True,1.0,1.0,direct,0.07798714204086478,0.05137754507467579,0.1169019943582796
9,bnci004,MMP_merge_then_adapt,logvar,svm_radial,coral,15,1,1,18778,0.05,no_leakage_v1_alpha005,gate_all_sources_proxy_source_only_final_training_only,mmd,,,,,merge_then_adapt,coral,near_nearest_proxy,anchor,0.0,0,0train,target,False,,1.0,direct,0.07798714204086478,0.05137754507467579,0.1169019943582796
9,bnci004,MMP_merge_then_adapt,logvar,svm_radial,coral,15,1,1,18778,0.05,no_leakage_v1_alpha005,gate_all_sources_proxy_source_only_final_training_only,mmd,,,,,merge_then_adapt,coral,near_nearest_proxy,final,0.0,0,0train,train,True,1.0,1.0,direct,0.07798714204086478,0.05137754507467579,0.1169019943582796
9,bnci004,MMP_merge_then_adapt,logvar,svm_radial,coral,15,1,1,18778,0.05,no_leakage_v1_alpha005,gate_all_sources_proxy_source_only_final_training_only,mmd,,,,,merge_then_adapt,coral,near_nearest_proxy,main,1.0,2,2train,far,False,,1.0,direct,0.3838817031583502,0.3018044899679883,0.48519419224660293
9,bnci004,MMP_merge_then_adapt,logvar,svm_radial,coral,15,1,1,18778,0.05,no_leakage_v1_alpha005,gate_all_sources_proxy_source_only_final_training_only,mmd,,,,,merge_then_adapt,coral,near_nearest_proxy,anchor,1.0,2,2train,not_used,False,,1.0,direct,0.3838817031583502,0.3018044899679883,0.48519419224660293
9,bnci004,MMP_merge_then_adapt,logvar,svm_radial,coral,15,1,1,18778,0.05,no_leakage_v1_alpha005,gate_all_sources_proxy_source_only_final_training_only,mmd,,,,,merge_then_adapt,coral,near_nearest_proxy,final,1.0,2,2train,not_used,False,,1.0,direct,0.3838817031583502,0.3018044899679883,0.48519419224660293
9,bnci004,MMP_merge_then_adapt,logvar,svm_radial,coral,15,1,1,18778,0.05,no_leakage_v1_alpha005,gate_all_sources_proxy_source_only_final_training_only,mmd,,,,,merge_then_adapt,coral,near_nearest_proxy,main,2.0,3,3test,far,False,,1.0,direct,0.23875334702278728,0.15627458214441728,0.3311935628281345
9,bnci004,MMP_merge_then_adapt,logvar,svm_radial,coral,15,1,1,18778,0.05,no_leakage_v1_alpha005,gate_all_sources_proxy_source_only_final_training_only,mmd,,,,,merge_then_adapt,coral,near_nearest_proxy,anchor,2.0,3,3test,second_nearest_fallback_source,False,1.0,1.0,direct,0.23875334702278728,0.15627458214441728,0.3311935628281345
9,bnci004,MMP_merge_then_adapt,logvar,svm_radial,coral,15,1,1,18778,0.05,no_leakage_v1_alpha005,gate_all_sources_proxy_source_only_final_training_only,mmd,,,,,merge_then_adapt,coral,near_nearest_proxy,final,2.0,3,3test,not_used,False,,1.0,direct,0.23875334702278728,0.15627458214441728,0.3311935628281345
9,bnci004,MMP_merge_then_adapt,logvar,svm_radial,coral,15,1,1,18778,0.05,no_leakage_v1_alpha005,gate_all_sources_proxy_source_only_final_training_only,mmd,,,,,merge_then_adapt,coral,near_nearest_proxy,main,3.0,4,4test,far,False,,1.0,direct,0.27361226788632587,0.2087947202453348,0.3636339443284218
9,bnci004,MMP_merge_then_adapt,logvar,svm_radial,coral,15,1,1,18778,0.05,no_leakage_v1_alpha005,gate_all_sources_proxy_source_only_final_training_only,mmd,,,,,merge_then_adapt,coral,near_nearest_proxy,anchor,3.0,4,4test,not_used,False,,1.0,direct,0.27361226788632587,0.2087947202453348,0.3636339443284218
9,bnci004,MMP_merge_then_adapt,logvar,svm_radial,coral,15,1,1,18778,0.05,no_leakage_v1_alpha005,gate_all_sources_proxy_source_only_final_training_only,mmd,,,,,merge_then_adapt,coral,near_nearest_proxy,final,3.0,4,4test,not_used,False,,1.0,direct,0.27361226788632587,0.2087947202453348,0.3636339443284218
9,bnci004,MMP_merge_then_adapt,logvar,svm_radial,coral,15,1,1,18778,0.05,no_leakage_v1_alpha005,gate_all_sources_proxy_source_only_final_training_only,mmd,,,,,merge_then_adapt,coral,near_nearest_proxy,main,,1,1train,target,False,,,,,,
9,bnci004,MMP_merge_then_adapt,logvar,svm_radial,coral,15,1,1,18778,0.05,no_leakage_v1_alpha005,gate_all_sources_proxy_source_only_final_training_only,mmd,,,,,merge_then_adapt,coral,near_nearest_proxy,final,,1,1train,target,False,,,,,,
9,bnci004,MMP_merge_then_adapt,logvar,svm_radial,coral,15,2,2,18809,0.05,no_leakage_v1_alpha005,gate_all_sources_proxy_source_only_final_training_only,mmd,,,,,merge_then_adapt,coral,near_nearest_proxy,main,0.0,0,0train,far,False,,2.0,direct,0.3173130423191655,0.2682835619258181,0.3636852490856972
9,bnci004,MMP_merge_then_adapt,logvar,svm_radial,coral,15,2,2,18809,0.05,no_leakage_v1_alpha005,gate_all_sources_proxy_source_only_final_training_only,mmd,,,,,merge_then_adapt,coral,near_nearest_proxy,anchor,0.0,0,0train,not_used,False,,2.0,direct,0.3173130423191655,0.2682835619258181,0.3636852490856972
9,bnci004,MMP_merge_then_adapt,logvar,svm_radial,coral,15,2,2,18809,0.05,no_leakage_v1_alpha005,gate_all_sources_proxy_source_only_final_training_only,mmd,,,,,merge_then_adapt,coral,near_nearest_proxy,final,0.0,0,0train,not_used,False,,2.0,direct,0.3173130423191655,0.2682835619258181,0.3636852490856972
9,bnci004,MMP_merge_then_adapt,logvar,svm_radial,coral,15,2,2,18809,0.05,no_leakage_v1_alpha005,gate_all_sources_proxy_source_only_final_training_only,mmd,,,,,merge_then_adapt,coral,near_nearest_proxy,main,1.0,1,1train,near,False,0.2736328529364279,2.0,direct,0.24241834822368388,0.1823150023545755,0.3066389382134621
9,bnci004,MMP_merge_then_adapt,logvar,svm_radial,coral,15,2,2,18809,0.05,no_leakage_v1_alpha005,gate_all_sources_proxy_source_only_final_training_only,mmd,,,,,merge_then_adapt,coral,near_nearest_proxy,anchor,1.0,1,1train,proxy_source,False,0.4574890004231026,2.0,direct,0.24241834822368388,0.1823150023545755,0.3066389382134621
9,bnci004,MMP_merge_then_adapt,logvar,svm_radial,coral,15,2,2,18809,0.05,no_leakage_v1_alpha005,gate_all_sources_proxy_source_only_final_training_only,mmd,,,,,merge_then_adapt,coral,near_nearest_proxy,final,1.0,1,1train,train,False,0.2736328529364279,2.0,direct,0.24241834822368388,0.1823150023545755,0.3066389382134621
9,bnci004,MMP_merge_then_adapt,logvar,svm_radial,coral,15,2,2,18809,0.05,no_leakage_v1_alpha005,gate_all_sources_proxy_source_only_final_training_only,mmd,,,,,merge_then_adapt,coral,near_nearest_proxy,main,2.0,3,3test,near,False,0.32448612409550565,2.0,direct,0.20442653306120426,0.15756076295625512,0.25136169582365986
9,bnci004,MMP_merge_then_adapt,logvar,svm_radial,coral,15,2,2,18809,0.05,no_leakage_v1_alpha005,gate_all_sources_proxy_source_only_final_training_only,mmd,,,,,merge_then_adapt,coral,near_nearest_proxy,anchor,2.0,3,3test,proxy_source,False,0.5425109995768974,2.0,direct,0.20442653306120426,0.15756076295625512,0.25136169582365986
9,bnci004,MMP_merge_then_adapt,logvar,svm_radial,coral,15,2,2,18809,0.05,no_leakage_v1_alpha005,gate_all_sources_proxy_source_only_final_training_only,mmd,,,,,merge_then_adapt,coral,near_nearest_proxy,final,2.0,3,3test,train,False,0.32448612409550565,2.0,direct,0.20442653306120426,0.15756076295625512,0.25136169582365986
9,bnci004,MMP_merge_then_adapt,logvar,svm_radial,coral,15,2,2,18809,0.05,no_leakage_v1_alpha005,gate_all_sources_proxy_source_only_final_training_only,mmd,,,,,merge_then_adapt,coral,near_nearest_proxy,main,3.0,4,4test,nearest,True,0.4018810229680666,2.0,direct,0.16505754735695466,0.11686849619821418,0.22482985729706043
9,bnci004,MMP_merge_then_adapt,logvar,svm_radial,coral,15,2,2,18809,0.05,no_leakage_v1_alpha005,gate_all_sources_proxy_source_only_final_training_only,mmd,,,,,merge_then_adapt,coral,near_nearest_proxy,anchor,3.0,4,4test,target,False,,2.0,direct,0.16505754735695466,0.11686849619821418,0.22482985729706043
9,bnci004,MMP_merge_then_adapt,logvar,svm_radial,coral,15,2,2,18809,0.05,no_leakage_v1_alpha005,gate_all_sources_proxy_source_only_final_training_only,mmd,,,,,merge_then_adapt,coral,near_nearest_proxy,final,3.0,4,4test,train,True,0.4018810229680666,2.0,direct,0.16505754735695466,0.11686849619821418,0.22482985729706043
9,bnci004,MMP_merge_then_adapt,logvar,svm_radial,coral,15,2,2,18809,0.05,no_leakage_v1_alpha005,gate_all_sources_proxy_source_only_final_training_only,mmd,,,,,merge_then_adapt,coral,near_nearest_proxy,main,,2,2train,target,False,,,,,,
9,bnci004,MMP_merge_then_adapt,logvar,svm_radial,coral,15,2,2,18809,0.05,no_leakage_v1_alpha005,gate_all_sources_proxy_source_only_final_training_only,mmd,,,,,merge_then_adapt,coral,near_nearest_proxy,final,,2,2train,target,False,,,,,,
9,bnci004,MMP_merge_then_adapt,logvar,svm_radial,coral,15,3,3,18840,0.05,no_leakage_v1_alpha005,gate_all_sources_proxy_source_only_final_training_only,mmd,,,,,merge_then_adapt,coral,near_nearest_proxy,main,0.0,0,0train,far,False,,3.0,direct,0.2638583714027834,0.19059171890983878,0.3490028146951612
9,bnci004,MMP_merge_then_adapt,logvar,svm_radial,coral,15,3,3,18840,0.05,no_leakage_v1_alpha005,gate_all_sources_proxy_source_only_final_training_only,mmd,,,,,merge_then_adapt,coral,near_nearest_proxy,anchor,0.0,0,0train,not_used,False,,3.0,direct,0.2638583714027834,0.19059171890983878,0.3490028146951612
9,bnci004,MMP_merge_then_adapt,logvar,svm_radial,coral,15,3,3,18840,0.05,no_leakage_v1_alpha005,gate_all_sources_proxy_source_only_final_training_only,mmd,,,,,merge_then_adapt,coral,near_nearest_proxy,final,0.0,0,0train,not_used,False,,3.0,direct,0.2638583714027834,0.19059171890983878,0.3490028146951612
9,bnci004,MMP_merge_then_adapt,logvar,svm_radial,coral,15,3,3,18840,0.05,no_leakage_v1_alpha005,gate_all_sources_proxy_source_only_final_training_only,mmd,,,,,merge_then_adapt,coral,near_nearest_proxy,main,1.0,1,1train,far,False,,3.0,direct,0.1943468758495125,0.13678397851739144,0.2517305171546659
9,bnci004,MMP_merge_then_adapt,logvar,svm_radial,coral,15,3,3,18840,0.05,no_leakage_v1_alpha005,gate_all_sources_proxy_source_only_final_training_only,mmd,,,,,merge_then_adapt,coral,near_nearest_proxy,anchor,1.0,1,1train,not_used,False,,3.0,direct,0.1943468758495125,0.13678397851739144,0.2517305171546659
9,bnci004,MMP_merge_then_adapt,logvar,svm_radial,coral,15,3,3,18840,0.05,no_leakage_v1_alpha005,gate_all_sources_proxy_source_only_final_training_only,mmd,,,,,merge_then_adapt,coral,near_nearest_proxy,final,1.0,1,1train,not_used,False,,3.0,direct,0.1943468758495125,0.13678397851739144,0.2517305171546659
9,bnci004,MMP_merge_then_adapt,logvar,svm_radial,coral,15,3,3,18840,0.05,no_leakage_v1_alpha005,gate_all_sources_proxy_source_only_final_training_only,mmd,,,,,merge_then_adapt,coral,near_nearest_proxy,main,2.0,2,2train,far,False,,3.0,direct,0.11877074445395515,0.08747577974181675,0.1578585595007775
9,bnci004,MMP_merge_then_adapt,logvar,svm_radial,coral,15,3,3,18840,0.05,no_leakage_v1_alpha005,gate_all_sources_proxy_source_only_final_training_only,mmd,,,,,merge_then_adapt,coral,near_nearest_proxy,anchor,2.0,2,2train,second_nearest_fallback_source,False,1.0,3.0,direct,0.11877074445395515,0.08747577974181675,0.1578585595007775
9,bnci004,MMP_merge_then_adapt,logvar,svm_radial,coral,15,3,3,18840,0.05,no_leakage_v1_alpha005,gate_all_sources_proxy_source_only_final_training_only,mmd,,,,,merge_then_adapt,coral,near_nearest_proxy,final,2.0,2,2train,not_used,False,,3.0,direct,0.11877074445395515,0.08747577974181675,0.1578585595007775
9,bnci004,MMP_merge_then_adapt,logvar,svm_radial,coral,15,3,3,18840,0.05,no_leakage_v1_alpha005,gate_all_sources_proxy_source_only_final_training_only,mmd,,,,,merge_then_adapt,coral,near_nearest_proxy,main,3.0,4,4test,nearest,True,1.0,3.0,direct,0.04475134077707398,0.025880766344413372,0.06941212002716475
9,bnci004,MMP_merge_then_adapt,logvar,svm_radial,coral,15,3,3,18840,0.05,no_leakage_v1_alpha005,gate_all_sources_proxy_source_only_final_training_only,mmd,,,,,merge_then_adapt,coral,near_nearest_proxy,anchor,3.0,4,4test,target,False,,3.0,direct,0.04475134077707398,0.025880766344413372,0.06941212002716475
9,bnci004,MMP_merge_then_adapt,logvar,svm_radial,coral,15,3,3,18840,0.05,no_leakage_v1_alpha005,gate_all_sources_proxy_source_only_final_training_only,mmd,,,,,merge_then_adapt,coral,near_nearest_proxy,final,3.0,4,4test,train,True,1.0,3.0,direct,0.04475134077707398,0.025880766344413372,0.06941212002716475
9,bnci004,MMP_merge_then_adapt,logvar,svm_radial,coral,15,3,3,18840,0.05,no_leakage_v1_alpha005,gate_all_sources_proxy_source_only_final_training_only,mmd,,,,,merge_then_adapt,coral,near_nearest_proxy,main,,3,3test,target,False,,,,,,
9,bnci004,MMP_merge_then_adapt,logvar,svm_radial,coral,15,3,3,18840,0.05,no_leakage_v1_alpha005,gate_all_sources_proxy_source_only_final_training_only,mmd,,,,,merge_then_adapt,coral,near_nearest_proxy,final,,3,3test,target,False,,,,,,
9,bnci004,MMP_merge_then_adapt,logvar,svm_radial,coral,15,4,4,18871,0.05,no_leakage_v1_alpha005,gate_all_sources_proxy_source_only_final_training_only,mmd,,,,,merge_then_adapt,coral,near_nearest_proxy,main,0.0,0,0train,far,False,,4.0,direct,0.27752338667102383,0.23169240193858365,0.3216393174614869
9,bnci004,MMP_merge_then_adapt,logvar,svm_radial,coral,15,4,4,18871,0.05,no_leakage_v1_alpha005,gate_all_sources_proxy_source_only_final_training_only,mmd,,,,,merge_then_adapt,coral,near_nearest_proxy,anchor,0.0,0,0train,not_used,False,,4.0,direct,0.27752338667102383,0.23169240193858365,0.3216393174614869
9,bnci004,MMP_merge_then_adapt,logvar,svm_radial,coral,15,4,4,18871,0.05,no_leakage_v1_alpha005,gate_all_sources_proxy_source_only_final_training_only,mmd,,,,,merge_then_adapt,coral,near_nearest_proxy,final,0.0,0,0train,not_used,False,,4.0,direct,0.27752338667102383,0.23169240193858365,0.3216393174614869
9,bnci004,MMP_merge_then_adapt,logvar,svm_radial,coral,15,4,4,18871,0.05,no_leakage_v1_alpha005,gate_all_sources_proxy_source_only_final_training_only,mmd,,,,,merge_then_adapt,coral,near_nearest_proxy,main,1.0,1,1train,far,False,,4.0,direct,0.18657738751508135,0.1296703307719365,0.2604974359852019
9,bnci004,MMP_merge_then_adapt,logvar,svm_radial,coral,15,4,4,18871,0.05,no_leakage_v1_alpha005,gate_all_sources_proxy_source_only_final_training_only,mmd,,,,,merge_then_adapt,coral,near_nearest_proxy,anchor,1.0,1,1train,not_used,False,,4.0,direct,0.18657738751508135,0.1296703307719365,0.2604974359852019
9,bnci004,MMP_merge_then_adapt,logvar,svm_radial,coral,15,4,4,18871,0.05,no_leakage_v1_alpha005,gate_all_sources_proxy_source_only_final_training_only,mmd,,,,,merge_then_adapt,coral,near_nearest_proxy,final,1.0,1,1train,not_used,False,,4.0,direct,0.18657738751508135,0.1296703307719365,0.2604974359852019
9,bnci004,MMP_merge_then_adapt,logvar,svm_radial,coral,15,4,4,18871,0.05,no_leakage_v1_alpha005,gate_all_sources_proxy_source_only_final_training_only,mmd,,,,,merge_then_adapt,coral,near_nearest_proxy,main,2.0,2,2train,far,False,,4.0,direct,0.16139193083797468,0.11395019919636865,0.21291483538900885
9,bnci004,MMP_merge_then_adapt,logvar,svm_radial,coral,15,4,4,18871,0.05,no_leakage_v1_alpha005,gate_all_sources_proxy_source_only_final_training_only,mmd,,,,,merge_then_adapt,coral,near_nearest_proxy,anchor,2.0,2,2train,second_nearest_fallback_source,False,1.0,4.0,direct,0.16139193083797468,0.11395019919636865,0.21291483538900885
9,bnci004,MMP_merge_then_adapt,logvar,svm_radial,coral,15,4,4,18871,0.05,no_leakage_v1_alpha005,gate_all_sources_proxy_source_only_final_training_only,mmd,,,,,merge_then_adapt,coral,near_nearest_proxy,final,2.0,2,2train,not_used,False,,4.0,direct,0.16139193083797468,0.11395019919636865,0.21291483538900885
9,bnci004,MMP_merge_then_adapt,logvar,svm_radial,coral,15,4,4,18871,0.05,no_leakage_v1_alpha005,gate_all_sources_proxy_source_only_final_training_only,mmd,,,,,merge_then_adapt,coral,near_nearest_proxy,main,3.0,3,3test,nearest,True,1.0,4.0,direct,0.04754440528082432,0.028927641689876674,0.07268494911183619
9,bnci004,MMP_merge_then_adapt,logvar,svm_radial,coral,15,4,4,18871,0.05,no_leakage_v1_alpha005,gate_all_sources_proxy_source_only_final_training_only,mmd,,,,,merge_then_adapt,coral,near_nearest_proxy,anchor,3.0,3,3test,target,False,,4.0,direct,0.04754440528082432,0.028927641689876674,0.07268494911183619
9,bnci004,MMP_merge_then_adapt,logvar,svm_radial,coral,15,4,4,18871,0.05,no_leakage_v1_alpha005,gate_all_sources_proxy_source_only_final_training_only,mmd,,,,,merge_then_adapt,coral,near_nearest_proxy,final,3.0,3,3test,train,True,1.0,4.0,direct,0.04754440528082432,0.028927641689876674,0.07268494911183619
9,bnci004,MMP_merge_then_adapt,logvar,svm_radial,coral,15,4,4,18871,0.05,no_leakage_v1_alpha005,gate_all_sources_proxy_source_only_final_training_only,mmd,,,,,merge_then_adapt,coral,near_nearest_proxy,main,,4,4test,target,False,,,,,,
9,bnci004,MMP_merge_then_adapt,logvar,svm_radial,coral,15,4,4,18871,0.05,no_leakage_v1_alpha005,gate_all_sources_proxy_source_only_final_training_only,mmd,,,,,merge_then_adapt,coral,near_nearest_proxy,final,,4,4test,target,False,,,,,,
9,bnci004,MMP_merge_then_adapt,TS,lda,none,16,0,0,19744,0.05,no_leakage_v1_alpha005,gate_all_sources_proxy_source_only_final_training_only,mmd,,,,,merge_then_adapt,coral,near_nearest_proxy,main,0.0,1,1train,nearest,True,1.0,0.0,direct,0.06259838257964123,0.041631443159676346,0.0972510892193058
9,bnci004,MMP_merge_then_adapt,TS,lda,none,16,0,0,19744,0.05,no_leakage_v1_alpha005,gate_all_sources_proxy_source_only_final_training_only,mmd,,,,,merge_then_adapt,coral,near_nearest_proxy,anchor,0.0,1,1train,target,False,,0.0,direct,0.06259838257964123,0.041631443159676346,0.0972510892193058
9,bnci004,MMP_merge_then_adapt,TS,lda,none,16,0,0,19744,0.05,no_leakage_v1_alpha005,gate_all_sources_proxy_source_only_final_training_only,mmd,,,,,merge_then_adapt,coral,near_nearest_proxy,final,0.0,1,1train,train,True,1.0,0.0,direct,0.06259838257964123,0.041631443159676346,0.0972510892193058
9,bnci004,MMP_merge_then_adapt,TS,lda,none,16,0,0,19744,0.05,no_leakage_v1_alpha005,gate_all_sources_proxy_source_only_final_training_only,mmd,,,,,merge_then_adapt,coral,near_nearest_proxy,main,1.0,2,2train,far,False,,0.0,direct,0.4556406493569545,0.3803431019762132,0.5313249802269486
9,bnci004,MMP_merge_then_adapt,TS,lda,none,16,0,0,19744,0.05,no_leakage_v1_alpha005,gate_all_sources_proxy_source_only_final_training_only,mmd,,,,,merge_then_adapt,coral,near_nearest_proxy,anchor,1.0,2,2train,not_used,False,,0.0,direct,0.4556406493569545,0.3803431019762132,0.5313249802269486
9,bnci004,MMP_merge_then_adapt,TS,lda,none,16,0,0,19744,0.05,no_leakage_v1_alpha005,gate_all_sources_proxy_source_only_final_training_only,mmd,,,,,merge_then_adapt,coral,near_nearest_proxy,final,1.0,2,2train,not_used,False,,0.0,direct,0.4556406493569545,0.3803431019762132,0.5313249802269486
9,bnci004,MMP_merge_then_adapt,TS,lda,none,16,0,0,19744,0.05,no_leakage_v1_alpha005,gate_all_sources_proxy_source_only_final_training_only,mmd,,,,,merge_then_adapt,coral,near_nearest_proxy,main,2.0,3,3test,far,False,,0.0,direct,0.3135874852215607,0.22731277409433792,0.3974770935293555
9,bnci004,MMP_merge_then_adapt,TS,lda,none,16,0,0,19744,0.05,no_leakage_v1_alpha005,gate_all_sources_proxy_source_only_final_training_only,mmd,,,,,merge_then_adapt,coral,near_nearest_proxy,anchor,2.0,3,3test,second_nearest_fallback_source,False,1.0,0.0,direct,0.3135874852215607,0.22731277409433792,0.3974770935293555
9,bnci004,MMP_merge_then_adapt,TS,lda,none,16,0,0,19744,0.05,no_leakage_v1_alpha005,gate_all_sources_proxy_source_only_final_training_only,mmd,,,,,merge_then_adapt,coral,near_nearest_proxy,final,2.0,3,3test,not_used,False,,0.0,direct,0.3135874852215607,0.22731277409433792,0.3974770935293555
9,bnci004,MMP_merge_then_adapt,TS,lda,none,16,0,0,19744,0.05,no_leakage_v1_alpha005,gate_all_sources_proxy_source_only_final_training_only,mmd,,,,,merge_then_adapt,coral,near_nearest_proxy,main,3.0,4,4test,far,False,,0.0,direct,0.4063559274166329,0.3242415067520767,0.49450113801295403
9,bnci004,MMP_merge_then_adapt,TS,lda,none,16,0,0,19744,0.05,no_leakage_v1_alpha005,gate_all_sources_proxy_source_only_final_training_only,mmd,,,,,merge_then_adapt,coral,near_nearest_proxy,anchor,3.0,4,4test,not_used,False,,0.0,direct,0.4063559274166329,0.3242415067520767,0.49450113801295403
9,bnci004,MMP_merge_then_adapt,TS,lda,none,16,0,0,19744,0.05,no_leakage_v1_alpha005,gate_all_sources_proxy_source_only_final_training_only,mmd,,,,,merge_then_adapt,coral,near_nearest_proxy,final,3.0,4,4test,not_used,False,,0.0,direct,0.4063559274166329,0.3242415067520767,0.49450113801295403
9,bnci004,MMP_merge_then_adapt,TS,lda,none,16,0,0,19744,0.05,no_leakage_v1_alpha005,gate_all_sources_proxy_source_only_final_training_only,mmd,,,,,merge_then_adapt,coral,near_nearest_proxy,main,,0,0train,target,False,,,,,,
9,bnci004,MMP_merge_then_adapt,TS,lda,none,16,0,0,19744,0.05,no_leakage_v1_alpha005,gate_all_sources_proxy_source_only_final_training_only,mmd,,,,,merge_then_adapt,coral,near_nearest_proxy,final,,0,0train,target,False,,,,,,
9,bnci004,MMP_merge_then_adapt,TS,lda,none,16,1,1,19775,0.05,no_leakage_v1_alpha005,gate_all_sources_proxy_source_only_final_training_only,mmd,,,,,merge_then_adapt,coral,near_nearest_proxy,main,0.0,0,0train,nearest,True,1.0,1.0,direct,0.07218128174364574,0.04534054790227931,0.10627203330008128
9,bnci004,MMP_merge_then_adapt,TS,lda,none,16,1,1,19775,0.05,no_leakage_v1_alpha005,gate_all_sources_proxy_source_only_final_training_only,mmd,,,,,merge_then_adapt,coral,near_nearest_proxy,anchor,0.0,0,0train,target,False,,1.0,direct,0.07218128174364574,0.04534054790227931,0.10627203330008128
9,bnci004,MMP_merge_then_adapt,TS,lda,none,16,1,1,19775,0.05,no_leakage_v1_alpha005,gate_all_sources_proxy_source_only_final_training_only,mmd,,,,,merge_then_adapt,coral,near_nearest_proxy,final,0.0,0,0train,train,True,1.0,1.0,direct,0.07218128174364574,0.04534054790227931,0.10627203330008128
9,bnci004,MMP_merge_then_adapt,TS,lda,none,16,1,1,19775,0.05,no_leakage_v1_alpha005,gate_all_sources_proxy_source_only_final_training_only,mmd,,,,,merge_then_adapt,coral,near_nearest_proxy,main,1.0,2,2train,far,False,,1.0,direct,0.32168006868625737,0.24304892464195504,0.41199417139487227
9,bnci004,MMP_merge_then_adapt,TS,lda,none,16,1,1,19775,0.05,no_leakage_v1_alpha005,gate_all_sources_proxy_source_only_final_training_only,mmd,,,,,merge_then_adapt,coral,near_nearest_proxy,anchor,1.0,2,2train,not_used,False,,1.0,direct,0.32168006868625737,0.24304892464195504,0.41199417139487227
9,bnci004,MMP_merge_then_adapt,TS,lda,none,16,1,1,19775,0.05,no_leakage_v1_alpha005,gate_all_sources_proxy_source_only_final_training_only,mmd,,,,,merge_then_adapt,coral,near_nearest_proxy,final,1.0,2,2train,not_used,False,,1.0,direct,0.32168006868625737,0.24304892464195504,0.41199417139487227
9,bnci004,MMP_merge_then_adapt,TS,lda,none,16,1,1,19775,0.05,no_leakage_v1_alpha005,gate_all_sources_proxy_source_only_final_training_only,mmd,,,,,merge_then_adapt,coral,near_nearest_proxy,main,2.0,3,3test,far,False,,1.0,direct,0.1980635352165098,0.12210668181363304,0.28905103490285994
9,bnci004,MMP_merge_then_adapt,TS,lda,none,16,1,1,19775,0.05,no_leakage_v1_alpha005,gate_all_sources_proxy_source_only_final_training_only,mmd,,,,,merge_then_adapt,coral,near_nearest_proxy,anchor,2.0,3,3test,second_nearest_fallback_source,False,1.0,1.0,direct,0.1980635352165098,0.12210668181363304,0.28905103490285994
9,bnci004,MMP_merge_then_adapt,TS,lda,none,16,1,1,19775,0.05,no_leakage_v1_alpha005,gate_all_sources_proxy_source_only_final_training_only,mmd,,,,,merge_then_adapt,coral,near_nearest_proxy,final,2.0,3,3test,not_used,False,,1.0,direct,0.1980635352165098,0.12210668181363304,0.28905103490285994
9,bnci004,MMP_merge_then_adapt,TS,lda,none,16,1,1,19775,0.05,no_leakage_v1_alpha005,gate_all_sources_proxy_source_only_final_training_only,mmd,,,,,merge_then_adapt,coral,near_nearest_proxy,main,3.0,4,4test,far,False,,1.0,direct,0.2563824900689022,0.18777722134497984,0.3339346908543001
9,bnci004,MMP_merge_then_adapt,TS,lda,none,16,1,1,19775,0.05,no_leakage_v1_alpha005,gate_all_sources_proxy_source_only_final_training_only,mmd,,,,,merge_then_adapt,coral,near_nearest_proxy,anchor,3.0,4,4test,not_used,False,,1.0,direct,0.2563824900689022,0.18777722134497984,0.3339346908543001
9,bnci004,MMP_merge_then_adapt,TS,lda,none,16,1,1,19775,0.05,no_leakage_v1_alpha005,gate_all_sources_proxy_source_only_final_training_only,mmd,,,,,merge_then_adapt,coral,near_nearest_proxy,final,3.0,4,4test,not_used,False,,1.0,direct,0.2563824900689022,0.18777722134497984,0.3339346908543001
9,bnci004,MMP_merge_then_adapt,TS,lda,none,16,1,1,19775,0.05,no_leakage_v1_alpha005,gate_all_sources_proxy_source_only_final_training_only,mmd,,,,,merge_then_adapt,coral,near_nearest_proxy,main,,1,1train,target,False,,,,,,
9,bnci004,MMP_merge_then_adapt,TS,lda,none,16,1,1,19775,0.05,no_leakage_v1_alpha005,gate_all_sources_proxy_source_only_final_training_only,mmd,,,,,merge_then_adapt,coral,near_nearest_proxy,final,,1,1train,target,False,,,,,,
9,bnci004,MMP_merge_then_adapt,TS,lda,none,16,2,2,19806,0.05,no_leakage_v1_alpha005,gate_all_sources_proxy_source_only_final_training_only,mmd,,,,,merge_then_adapt,coral,near_nearest_proxy,main,0.0,0,0train,far,False,,2.0,direct,0.20017168647383798,0.16622652775169544,0.2315762316393849
9,bnci004,MMP_merge_then_adapt,TS,lda,none,16,2,2,19806,0.05,no_leakage_v1_alpha005,gate_all_sources_proxy_source_only_final_training_only,mmd,,,,,merge_then_adapt,coral,near_nearest_proxy,anchor,0.0,0,0train,not_used,False,,2.0,direct,0.20017168647383798,0.16622652775169544,0.2315762316393849
9,bnci004,MMP_merge_then_adapt,TS,lda,none,16,2,2,19806,0.05,no_leakage_v1_alpha005,gate_all_sources_proxy_source_only_final_training_only,mmd,,,,,merge_then_adapt,coral,near_nearest_proxy,final,0.0,0,0train,not_used,False,,2.0,direct,0.20017168647383798,0.16622652775169544,0.2315762316393849
9,bnci004,MMP_merge_then_adapt,TS,lda,none,16,2,2,19806,0.05,no_leakage_v1_alpha005,gate_all_sources_proxy_source_only_final_training_only,mmd,,,,,merge_then_adapt,coral,near_nearest_proxy,main,1.0,1,1train,near,False,0.3002088028871186,2.0,direct,0.1552114668263774,0.1211736674050727,0.19601321377846231
9,bnci004,MMP_merge_then_adapt,TS,lda,none,16,2,2,19806,0.05,no_leakage_v1_alpha005,gate_all_sources_proxy_source_only_final_training_only,mmd,,,,,merge_then_adapt,coral,near_nearest_proxy,anchor,1.0,1,1train,proxy_source,False,0.4737916261989173,2.0,direct,0.1552114668263774,0.1211736674050727,0.19601321377846231
9,bnci004,MMP_merge_then_adapt,TS,lda,none,16,2,2,19806,0.05,no_leakage_v1_alpha005,gate_all_sources_proxy_source_only_final_training_only,mmd,,,,,merge_then_adapt,coral,near_nearest_proxy,final,1.0,1,1train,train,False,0.3002088028871186,2.0,direct,0.1552114668263774,0.1211736674050727,0.19601321377846231
9,bnci004,MMP_merge_then_adapt,TS,lda,none,16,2,2,19806,0.05,no_leakage_v1_alpha005,gate_all_sources_proxy_source_only_final_training_only,mmd,,,,,merge_then_adapt,coral,near_nearest_proxy,main,2.0,3,3test,near,False,0.333421650431781,2.0,direct,0.13975041925775172,0.11360456017158203,0.17040601240091194
9,bnci004,MMP_merge_then_adapt,TS,lda,none,16,2,2,19806,0.05,no_leakage_v1_alpha005,gate_all_sources_proxy_source_only_final_training_only,mmd,,,,,merge_then_adapt,coral,near_nearest_proxy,anchor,2.0,3,3test,proxy_source,False,0.5262083738010828,2.0,direct,0.13975041925775172,0.11360456017158203,0.17040601240091194
9,bnci004,MMP_merge_then_adapt,TS,lda,none,16,2,2,19806,0.05,no_leakage_v1_alpha005,gate_all_sources_proxy_source_only_final_training_only,mmd,,,,,merge_then_adapt,coral,near_nearest_proxy,final,2.0,3,3test,train,False,0.333421650431781,2.0,direct,0.13975041925775172,0.11360456017158203,0.17040601240091194
9,bnci004,MMP_merge_then_adapt,TS,lda,none,16,2,2,19806,0.05,no_leakage_v1_alpha005,gate_all_sources_proxy_source_only_final_training_only,mmd,,,,,merge_then_adapt,coral,near_nearest_proxy,main,3.0,4,4test,nearest,True,0.3663695466811004,2.0,direct,0.12718246620567272,0.10026008142127754,0.1600792812935772
9,bnci004,MMP_merge_then_adapt,TS,lda,none,16,2,2,19806,0.05,no_leakage_v1_alpha005,gate_all_sources_proxy_source_only_final_training_only,mmd,,,,,merge_then_adapt,coral,near_nearest_proxy,anchor,3.0,4,4test,target,False,,2.0,direct,0.12718246620567272,0.10026008142127754,0.1600792812935772
9,bnci004,MMP_merge_then_adapt,TS,lda,none,16,2,2,19806,0.05,no_leakage_v1_alpha005,gate_all_sources_proxy_source_only_final_training_only,mmd,,,,,merge_then_adapt,coral,near_nearest_proxy,final,3.0,4,4test,train,True,0.3663695466811004,2.0,direct,0.12718246620567272,0.10026008142127754,0.1600792812935772
9,bnci004,MMP_merge_then_adapt,TS,lda,none,16,2,2,19806,0.05,no_leakage_v1_alpha005,gate_all_sources_proxy_source_only_final_training_only,mmd,,,,,merge_then_adapt,coral,near_nearest_proxy,main,,2,2train,target,False,,,,,,
9,bnci004,MMP_merge_then_adapt,TS,lda,none,16,2,2,19806,0.05,no_leakage_v1_alpha005,gate_all_sources_proxy_source_only_final_training_only,mmd,,,,,merge_then_adapt,coral,near_nearest_proxy,final,,2,2train,target,False,,,,,,
9,bnci004,MMP_merge_then_adapt,TS,lda,none,16,3,3,19837,0.05,no_leakage_v1_alpha005,gate_all_sources_proxy_source_only_final_training_only,mmd,,,,,merge_then_adapt,coral,near_nearest_proxy,main,0.0,0,0train,far,False,,3.0,direct,0.19543478913622445,0.1491055181766046,0.24425914671955665
9,bnci004,MMP_merge_then_adapt,TS,lda,none,16,3,3,19837,0.05,no_leakage_v1_alpha005,gate_all_sources_proxy_source_only_final_training_only,mmd,,,,,merge_then_adapt,coral,near_nearest_proxy,anchor,0.0,0,0train,not_used,False,,3.0,direct,0.19543478913622445,0.1491055181766046,0.24425914671955665
9,bnci004,MMP_merge_then_adapt,TS,lda,none,16,3,3,19837,0.05,no_leakage_v1_alpha005,gate_all_sources_proxy_source_only_final_training_only,mmd,,,,,merge_then_adapt,coral,near_nearest_proxy,final,0.0,0,0train,not_used,False,,3.0,direct,0.19543478913622445,0.1491055181766046,0.24425914671955665
9,bnci004,MMP_merge_then_adapt,TS,lda,none,16,3,3,19837,0.05,no_leakage_v1_alpha005,gate_all_sources_proxy_source_only_final_training_only,mmd,,,,,merge_then_adapt,coral,near_nearest_proxy,main,1.0,1,1train,far,False,,3.0,direct,0.14197916306376254,0.09701350546649821,0.1932643322524139
9,bnci004,MMP_merge_then_adapt,TS,lda,none,16,3,3,19837,0.05,no_leakage_v1_alpha005,gate_all_sources_proxy_source_only_final_training_only,mmd,,,,,merge_then_adapt,coral,near_nearest_proxy,anchor,1.0,1,1train,not_used,False,,3.0,direct,0.14197916306376254,0.09701350546649821,0.1932643322524139
9,bnci004,MMP_merge_then_adapt,TS,lda,none,16,3,3,19837,0.05,no_leakage_v1_alpha005,gate_all_sources_proxy_source_only_final_training_only,mmd,,,,,merge_then_adapt,coral,near_nearest_proxy,final,1.0,1,1train,not_used,False,,3.0,direct,0.14197916306376254,0.09701350546649821,0.1932643322524139
9,bnci004,MMP_merge_then_adapt,TS,lda,none,16,3,3,19837,0.05,no_leakage_v1_alpha005,gate_all_sources_proxy_source_only_final_training_only,mmd,,,,,merge_then_adapt,coral,near_nearest_proxy,main,2.0,2,2train,near,False,0.3695368814328853,3.0,direct,0.09796971886621969,0.07072368806700881,0.13491540230267962
9,bnci004,MMP_merge_then_adapt,TS,lda,none,16,3,3,19837,0.05,no_leakage_v1_alpha005,gate_all_sources_proxy_source_only_final_training_only,mmd,,,,,merge_then_adapt,coral,near_nearest_proxy,anchor,2.0,2,2train,proxy_source,False,1.0,3.0,direct,0.09796971886621969,0.07072368806700881,0.13491540230267962
9,bnci004,MMP_merge_then_adapt,TS,lda,none,16,3,3,19837,0.05,no_leakage_v1_alpha005,gate_all_sources_proxy_source_only_final_training_only,mmd,,,,,merge_then_adapt,coral,near_nearest_proxy,final,2.0,2,2train,train,False,0.3695368814328853,3.0,direct,0.09796971886621969,0.07072368806700881,0.13491540230267962
9,bnci004,MMP_merge_then_adapt,TS,lda,none,16,3,3,19837,0.05,no_leakage_v1_alpha005,gate_all_sources_proxy_source_only_final_training_only,mmd,,,,,merge_then_adapt,coral,near_nearest_proxy,main,3.0,4,4test,nearest,True,0.6304631185671147,3.0,direct,0.057423126575148364,0.04063674724097267,0.08298776012326471
9,bnci004,MMP_merge_then_adapt,TS,lda,none,16,3,3,19837,0.05,no_leakage_v1_alpha005,gate_all_sources_proxy_source_only_final_training_only,mmd,,,,,merge_then_adapt,coral,near_nearest_proxy,anchor,3.0,4,4test,target,False,,3.0,direct,0.057423126575148364,0.04063674724097267,0.08298776012326471
9,bnci004,MMP_merge_then_adapt,TS,lda,none,16,3,3,19837,0.05,no_leakage_v1_alpha005,gate_all_sources_proxy_source_only_final_training_only,mmd,,,,,merge_then_adapt,coral,near_nearest_proxy,final,3.0,4,4test,train,True,0.6304631185671147,3.0,direct,0.057423126575148364,0.04063674724097267,0.08298776012326471
9,bnci004,MMP_merge_then_adapt,TS,lda,none,16,3,3,19837,0.05,no_leakage_v1_alpha005,gate_all_sources_proxy_source_only_final_training_only,mmd,,,,,merge_then_adapt,coral,near_nearest_proxy,main,,3,3test,target,False,,,,,,
9,bnci004,MMP_merge_then_adapt,TS,lda,none,16,3,3,19837,0.05,no_leakage_v1_alpha005,gate_all_sources_proxy_source_only_final_training_only,mmd,,,,,merge_then_adapt,coral,near_nearest_proxy,final,,3,3test,target,False,,,,,,
9,bnci004,MMP_merge_then_adapt,TS,lda,none,16,4,4,19868,0.05,no_leakage_v1_alpha005,gate_all_sources_proxy_source_only_final_training_only,mmd,,,,,merge_then_adapt,coral,near_nearest_proxy,main,0.0,0,0train,far,False,,4.0,direct,0.15996161752686927,0.12786876308667788,0.19892264579549196
9,bnci004,MMP_merge_then_adapt,TS,lda,none,16,4,4,19868,0.05,no_leakage_v1_alpha005,gate_all_sources_proxy_source_only_final_training_only,mmd,,,,,merge_then_adapt,coral,near_nearest_proxy,anchor,0.0,0,0train,not_used,False,,4.0,direct,0.15996161752686927,0.12786876308667788,0.19892264579549196
9,bnci004,MMP_merge_then_adapt,TS,lda,none,16,4,4,19868,0.05,no_leakage_v1_alpha005,gate_all_sources_proxy_source_only_final_training_only,mmd,,,,,merge_then_adapt,coral,near_nearest_proxy,final,0.0,0,0train,not_used,False,,4.0,direct,0.15996161752686927,0.12786876308667788,0.19892264579549196
9,bnci004,MMP_merge_then_adapt,TS,lda,none,16,4,4,19868,0.05,no_leakage_v1_alpha005,gate_all_sources_proxy_source_only_final_training_only,mmd,,,,,merge_then_adapt,coral,near_nearest_proxy,main,1.0,1,1train,far,False,,4.0,direct,0.11656070670736707,0.0860639376490027,0.15501698232617814
9,bnci004,MMP_merge_then_adapt,TS,lda,none,16,4,4,19868,0.05,no_leakage_v1_alpha005,gate_all_sources_proxy_source_only_final_training_only,mmd,,,,,merge_then_adapt,coral,near_nearest_proxy,anchor,1.0,1,1train,second_nearest_fallback_source,False,1.0,4.0,direct,0.11656070670736707,0.0860639376490027,0.15501698232617814
9,bnci004,MMP_merge_then_adapt,TS,lda,none,16,4,4,19868,0.05,no_leakage_v1_alpha005,gate_all_sources_proxy_source_only_final_training_only,mmd,,,,,merge_then_adapt,coral,near_nearest_proxy,final,1.0,1,1train,not_used,False,,4.0,direct,0.11656070670736707,0.0860639376490027,0.15501698232617814
9,bnci004,MMP_merge_then_adapt,TS,lda,none,16,4,4,19868,0.05,no_leakage_v1_alpha005,gate_all_sources_proxy_source_only_final_training_only,mmd,,,,,merge_then_adapt,coral,near_nearest_proxy,main,2.0,2,2train,far,False,,4.0,direct,0.12232317385264839,0.0979105381034557,0.149540979343414
9,bnci004,MMP_merge_then_adapt,TS,lda,none,16,4,4,19868,0.05,no_leakage_v1_alpha005,gate_all_sources_proxy_source_only_final_training_only,mmd,,,,,merge_then_adapt,coral,near_nearest_proxy,anchor,2.0,2,2train,not_used,False,,4.0,direct,0.12232317385264839,0.0979105381034557,0.149540979343414
9,bnci004,MMP_merge_then_adapt,TS,lda,none,16,4,4,19868,0.05,no_leakage_v1_alpha005,gate_all_sources_proxy_source_only_final_training_only,mmd,,,,,merge_then_adapt,coral,near_nearest_proxy,final,2.0,2,2train,not_used,False,,4.0,direct,0.12232317385264839,0.0979105381034557,0.149540979343414
9,bnci004,MMP_merge_then_adapt,TS,lda,none,16,4,4,19868,0.05,no_leakage_v1_alpha005,gate_all_sources_proxy_source_only_final_training_only,mmd,,,,,merge_then_adapt,coral,near_nearest_proxy,main,3.0,3,3test,nearest,True,1.0,4.0,direct,0.04749121620509321,0.03405479570292399,0.06572090243703241
9,bnci004,MMP_merge_then_adapt,TS,lda,none,16,4,4,19868,0.05,no_leakage_v1_alpha005,gate_all_sources_proxy_source_only_final_training_only,mmd,,,,,merge_then_adapt,coral,near_nearest_proxy,anchor,3.0,3,3test,target,False,,4.0,direct,0.04749121620509321,0.03405479570292399,0.06572090243703241
9,bnci004,MMP_merge_then_adapt,TS,lda,none,16,4,4,19868,0.05,no_leakage_v1_alpha005,gate_all_sources_proxy_source_only_final_training_only,mmd,,,,,merge_then_adapt,coral,near_nearest_proxy,final,3.0,3,3test,train,True,1.0,4.0,direct,0.04749121620509321,0.03405479570292399,0.06572090243703241
9,bnci004,MMP_merge_then_adapt,TS,lda,none,16,4,4,19868,0.05,no_leakage_v1_alpha005,gate_all_sources_proxy_source_only_final_training_only,mmd,,,,,merge_then_adapt,coral,near_nearest_proxy,main,,4,4test,target,False,,,,,,
9,bnci004,MMP_merge_then_adapt,TS,lda,none,16,4,4,19868,0.05,no_leakage_v1_alpha005,gate_all_sources_proxy_source_only_final_training_only,mmd,,,,,merge_then_adapt,coral,near_nearest_proxy,final,,4,4test,target,False,,,,,,
9,bnci004,MMP_merge_then_adapt,TS,lda,sa,17,0,0,20741,0.05,no_leakage_v1_alpha005,gate_all_sources_proxy_source_only_final_training_only,mmd,,,,,merge_then_adapt,coral,near_nearest_proxy,main,0.0,1,1train,nearest,True,1.0,0.0,direct,0.06425350328684648,0.04165429857595427,0.10291462572029854
9,bnci004,MMP_merge_then_adapt,TS,lda,sa,17,0,0,20741,0.05,no_leakage_v1_alpha005,gate_all_sources_proxy_source_only_final_training_only,mmd,,,,,merge_then_adapt,coral,near_nearest_proxy,anchor,0.0,1,1train,target,False,,0.0,direct,0.06425350328684648,0.04165429857595427,0.10291462572029854
9,bnci004,MMP_merge_then_adapt,TS,lda,sa,17,0,0,20741,0.05,no_leakage_v1_alpha005,gate_all_sources_proxy_source_only_final_training_only,mmd,,,,,merge_then_adapt,coral,near_nearest_proxy,final,0.0,1,1train,train,True,1.0,0.0,direct,0.06425350328684648,0.04165429857595427,0.10291462572029854
9,bnci004,MMP_merge_then_adapt,TS,lda,sa,17,0,0,20741,0.05,no_leakage_v1_alpha005,gate_all_sources_proxy_source_only_final_training_only,mmd,,,,,merge_then_adapt,coral,near_nearest_proxy,main,1.0,2,2train,far,False,,0.0,direct,0.4528526988960894,0.3608194447622878,0.5421222762070556
9,bnci004,MMP_merge_then_adapt,TS,lda,sa,17,0,0,20741,0.05,no_leakage_v1_alpha005,gate_all_sources_proxy_source_only_final_training_only,mmd,,,,,merge_then_adapt,coral,near_nearest_proxy,anchor,1.0,2,2train,not_used,False,,0.0,direct,0.4528526988960894,0.3608194447622878,0.5421222762070556
9,bnci004,MMP_merge_then_adapt,TS,lda,sa,17,0,0,20741,0.05,no_leakage_v1_alpha005,gate_all_sources_proxy_source_only_final_training_only,mmd,,,,,merge_then_adapt,coral,near_nearest_proxy,final,1.0,2,2train,not_used,False,,0.0,direct,0.4528526988960894,0.3608194447622878,0.5421222762070556
9,bnci004,MMP_merge_then_adapt,TS,lda,sa,17,0,0,20741,0.05,no_leakage_v1_alpha005,gate_all_sources_proxy_source_only_final_training_only,mmd,,,,,merge_then_adapt,coral,near_nearest_proxy,main,2.0,3,3test,far,False,,0.0,direct,0.31092741720835204,0.2255710436915191,0.399732491783116
9,bnci004,MMP_merge_then_adapt,TS,lda,sa,17,0,0,20741,0.05,no_leakage_v1_alpha005,gate_all_sources_proxy_source_only_final_training_only,mmd,,,,,merge_then_adapt,coral,near_nearest_proxy,anchor,2.0,3,3test,second_nearest_fallback_source,False,1.0,0.0,direct,0.31092741720835204,0.2255710436915191,0.399732491783116
9,bnci004,MMP_merge_then_adapt,TS,lda,sa,17,0,0,20741,0.05,no_leakage_v1_alpha005,gate_all_sources_proxy_source_only_final_training_only,mmd,,,,,merge_then_adapt,coral,near_nearest_proxy,final,2.0,3,3test,not_used,False,,0.0,direct,0.31092741720835204,0.2255710436915191,0.399732491783116
9,bnci004,MMP_merge_then_adapt,TS,lda,sa,17,0,0,20741,0.05,no_leakage_v1_alpha005,gate_all_sources_proxy_source_only_final_training_only,mmd,,,,,merge_then_adapt,coral,near_nearest_proxy,main,3.0,4,4test,far,False,,0.0,direct,0.4062210982856712,0.31889217280442134,0.49487531732652285
9,bnci004,MMP_merge_then_adapt,TS,lda,sa,17,0,0,20741,0.05,no_leakage_v1_alpha005,gate_all_sources_proxy_source_only_final_training_only,mmd,,,,,merge_then_adapt,coral,near_nearest_proxy,anchor,3.0,4,4test,not_used,False,,0.0,direct,0.4062210982856712,0.31889217280442134,0.49487531732652285
9,bnci004,MMP_merge_then_adapt,TS,lda,sa,17,0,0,20741,0.05,no_leakage_v1_alpha005,gate_all_sources_proxy_source_only_final_training_only,mmd,,,,,merge_then_adapt,coral,near_nearest_proxy,final,3.0,4,4test,not_used,False,,0.0,direct,0.4062210982856712,0.31889217280442134,0.49487531732652285
9,bnci004,MMP_merge_then_adapt,TS,lda,sa,17,0,0,20741,0.05,no_leakage_v1_alpha005,gate_all_sources_proxy_source_only_final_training_only,mmd,,,,,merge_then_adapt,coral,near_nearest_proxy,main,,0,0train,target,False,,,,,,
9,bnci004,MMP_merge_then_adapt,TS,lda,sa,17,0,0,20741,0.05,no_leakage_v1_alpha005,gate_all_sources_proxy_source_only_final_training_only,mmd,,,,,merge_then_adapt,coral,near_nearest_proxy,final,,0,0train,target,False,,,,,,
9,bnci004,MMP_merge_then_adapt,TS,lda,sa,17,1,1,20772,0.05,no_leakage_v1_alpha005,gate_all_sources_proxy_source_only_final_training_only,mmd,,,,,merge_then_adapt,coral,near_nearest_proxy,main,0.0,0,0train,nearest,True,1.0,1.0,direct,0.07342772604902645,0.04776096525056882,0.10733519122174376
9,bnci004,MMP_merge_then_adapt,TS,lda,sa,17,1,1,20772,0.05,no_leakage_v1_alpha005,gate_all_sources_proxy_source_only_final_training_only,mmd,,,,,merge_then_adapt,coral,near_nearest_proxy,anchor,0.0,0,0train,target,False,,1.0,direct,0.07342772604902645,0.04776096525056882,0.10733519122174376
9,bnci004,MMP_merge_then_adapt,TS,lda,sa,17,1,1,20772,0.05,no_leakage_v1_alpha005,gate_all_sources_proxy_source_only_final_training_only,mmd,,,,,merge_then_adapt,coral,near_nearest_proxy,final,0.0,0,0train,train,True,1.0,1.0,direct,0.07342772604902645,0.04776096525056882,0.10733519122174376
9,bnci004,MMP_merge_then_adapt,TS,lda,sa,17,1,1,20772,0.05,no_leakage_v1_alpha005,gate_all_sources_proxy_source_only_final_training_only,mmd,,,,,merge_then_adapt,coral,near_nearest_proxy,main,1.0,2,2train,far,False,,1.0,direct,0.3219199353927553,0.2362450593440682,0.40898408645540246
9,bnci004,MMP_merge_then_adapt,TS,lda,sa,17,1,1,20772,0.05,no_leakage_v1_alpha005,gate_all_sources_proxy_source_only_final_training_only,mmd,,,,,merge_then_adapt,coral,near_nearest_proxy,anchor,1.0,2,2train,not_used,False,,1.0,direct,0.3219199353927553,0.2362450593440682,0.40898408645540246
9,bnci004,MMP_merge_then_adapt,TS,lda,sa,17,1,1,20772,0.05,no_leakage_v1_alpha005,gate_all_sources_proxy_source_only_final_training_only,mmd,,,,,merge_then_adapt,coral,near_nearest_proxy,final,1.0,2,2train,not_used,False,,1.0,direct,0.3219199353927553,0.2362450593440682,0.40898408645540246
9,bnci004,MMP_merge_then_adapt,TS,lda,sa,17,1,1,20772,0.05,no_leakage_v1_alpha005,gate_all_sources_proxy_source_only_final_training_only,mmd,,,,,merge_then_adapt,coral,near_nearest_proxy,main,2.0,3,3test,far,False,,1.0,direct,0.1967475403816576,0.13045052897328116,0.2824541590214506
9,bnci004,MMP_merge_then_adapt,TS,lda,sa,17,1,1,20772,0.05,no_leakage_v1_alpha005,gate_all_sources_proxy_source_only_final_training_only,mmd,,,,,merge_then_adapt,coral,near_nearest_proxy,anchor,2.0,3,3test,second_nearest_fallback_source,False,1.0,1.0,direct,0.1967475403816576,0.13045052897328116,0.2824541590214506
9,bnci004,MMP_merge_then_adapt,TS,lda,sa,17,1,1,20772,0.05,no_leakage_v1_alpha005,gate_all_sources_proxy_source_only_final_training_only,mmd,,,,,merge_then_adapt,coral,near_nearest_proxy,final,2.0,3,3test,not_used,False,,1.0,direct,0.1967475403816576,0.13045052897328116,0.2824541590214506
9,bnci004,MMP_merge_then_adapt,TS,lda,sa,17,1,1,20772,0.05,no_leakage_v1_alpha005,gate_all_sources_proxy_source_only_final_training_only,mmd,,,,,merge_then_adapt,coral,near_nearest_proxy,main,3.0,4,4test,far,False,,1.0,direct,0.2537399422049974,0.1749151890700364,0.338839305365012
9,bnci004,MMP_merge_then_adapt,TS,lda,sa,17,1,1,20772,0.05,no_leakage_v1_alpha005,gate_all_sources_proxy_source_only_final_training_only,mmd,,,,,merge_then_adapt,coral,near_nearest_proxy,anchor,3.0,4,4test,not_used,False,,1.0,direct,0.2537399422049974,0.1749151890700364,0.338839305365012
9,bnci004,MMP_merge_then_adapt,TS,lda,sa,17,1,1,20772,0.05,no_leakage_v1_alpha005,gate_all_sources_proxy_source_only_final_training_only,mmd,,,,,merge_then_adapt,coral,near_nearest_proxy,final,3.0,4,4test,not_used,False,,1.0,direct,0.2537399422049974,0.1749151890700364,0.338839305365012
9,bnci004,MMP_merge_then_adapt,TS,lda,sa,17,1,1,20772,0.05,no_leakage_v1_alpha005,gate_all_sources_proxy_source_only_final_training_only,mmd,,,,,merge_then_adapt,coral,near_nearest_proxy,main,,1,1train,target,False,,,,,,
9,bnci004,MMP_merge_then_adapt,TS,lda,sa,17,1,1,20772,0.05,no_leakage_v1_alpha005,gate_all_sources_proxy_source_only_final_training_only,mmd,,,,,merge_then_adapt,coral,near_nearest_proxy,final,,1,1train,target,False,,,,,,
9,bnci004,MMP_merge_then_adapt,TS,lda,sa,17,2,2,20803,0.05,no_leakage_v1_alpha005,gate_all_sources_proxy_source_only_final_training_only,mmd,,,,,merge_then_adapt,coral,near_nearest_proxy,main,0.0,0,0train,far,False,,2.0,direct,0.2004896499046776,0.17033912014113842,0.23706982404626173
9,bnci004,MMP_merge_then_adapt,TS,lda,sa,17,2,2,20803,0.05,no_leakage_v1_alpha005,gate_all_sources_proxy_source_only_final_training_only,mmd,,,,,merge_then_adapt,coral,near_nearest_proxy,anchor,0.0,0,0train,not_used,False,,2.0,direct,0.2004896499046776,0.17033912014113842,0.23706982404626173
9,bnci004,MMP_merge_then_adapt,TS,lda,sa,17,2,2,20803,0.05,no_leakage_v1_alpha005,gate_all_sources_proxy_source_only_final_training_only,mmd,,,,,merge_then_adapt,coral,near_nearest_proxy,final,0.0,0,0train,not_used,False,,2.0,direct,0.2004896499046776,0.17033912014113842,0.23706982404626173
9,bnci004,MMP_merge_then_adapt,TS,lda,sa,17,2,2,20803,0.05,no_leakage_v1_alpha005,gate_all_sources_proxy_source_only_final_training_only,mmd,,,,,merge_then_adapt,coral,near_nearest_proxy,main,1.0,1,1train,near,False,0.3010364739980813,2.0,direct,0.15352554668743376,0.11710492679238363,0.20006350226392108
9,bnci004,MMP_merge_then_adapt,TS,lda,sa,17,2,2,20803,0.05,no_leakage_v1_alpha005,gate_all_sources_proxy_source_only_final_training_only,mmd,,,,,merge_then_adapt,coral,near_nearest_proxy,anchor,1.0,1,1train,proxy_source,False,0.4723559472013516,2.0,direct,0.15352554668743376,0.11710492679238363,0.20006350226392108
9,bnci004,MMP_merge_then_adapt,TS,lda,sa,17,2,2,20803,0.05,no_leakage_v1_alpha005,gate_all_sources_proxy_source_only_final_training_only,mmd,,,,,merge_then_adapt,coral,near_nearest_proxy,final,1.0,1,1train,train,False,0.3010364739980813,2.0,direct,0.15352554668743376,0.11710492679238363,0.20006350226392108
9,bnci004,MMP_merge_then_adapt,TS,lda,sa,17,2,2,20803,0.05,no_leakage_v1_alpha005,gate_all_sources_proxy_source_only_final_training_only,mmd,,,,,merge_then_adapt,coral,near_nearest_proxy,main,2.0,3,3test,near,False,0.33627205526186305,2.0,direct,0.137438580710614,0.10623184496347149,0.1680250898894175
9,bnci004,MMP_merge_then_adapt,TS,lda,sa,17,2,2,20803,0.05,no_leakage_v1_alpha005,gate_all_sources_proxy_source_only_final_training_only,mmd,,,,,merge_then_adapt,coral,near_nearest_proxy,anchor,2.0,3,3test,proxy_source,False,0.5276440527986483,2.0,direct,0.137438580710614,0.10623184496347149,0.1680250898894175
9,bnci004,MMP_merge_then_adapt,TS,lda,sa,17,2,2,20803,0.05,no_leakage_v1_alpha005,gate_all_sources_proxy_source_only_final_training_only,mmd,,,,,merge_then_adapt,coral,near_nearest_proxy,final,2.0,3,3test,train,False,0.33627205526186305,2.0,direct,0.137438580710614,0.10623184496347149,0.1680250898894175
9,bnci004,MMP_merge_then_adapt,TS,lda,sa,17,2,2,20803,0.05,no_leakage_v1_alpha005,gate_all_sources_proxy_source_only_final_training_only,mmd,,,,,merge_then_adapt,coral,near_nearest_proxy,main,3.0,4,4test,nearest,True,0.36269147074005553,2.0,direct,0.12742711455031736,0.10274462809959085,0.158554120847541
9,bnci004,MMP_merge_then_adapt,TS,lda,sa,17,2,2,20803,0.05,no_leakage_v1_alpha005,gate_all_sources_proxy_source_only_final_training_only,mmd,,,,,merge_then_adapt,coral,near_nearest_proxy,anchor,3.0,4,4test,target,False,,2.0,direct,0.12742711455031736,0.10274462809959085,0.158554120847541
9,bnci004,MMP_merge_then_adapt,TS,lda,sa,17,2,2,20803,0.05,no_leakage_v1_alpha005,gate_all_sources_proxy_source_only_final_training_only,mmd,,,,,merge_then_adapt,coral,near_nearest_proxy,final,3.0,4,4test,train,True,0.36269147074005553,2.0,direct,0.12742711455031736,0.10274462809959085,0.158554120847541
9,bnci004,MMP_merge_then_adapt,TS,lda,sa,17,2,2,20803,0.05,no_leakage_v1_alpha005,gate_all_sources_proxy_source_only_final_training_only,mmd,,,,,merge_then_adapt,coral,near_nearest_proxy,main,,2,2train,target,False,,,,,,
9,bnci004,MMP_merge_then_adapt,TS,lda,sa,17,2,2,20803,0.05,no_leakage_v1_alpha005,gate_all_sources_proxy_source_only_final_training_only,mmd,,,,,merge_then_adapt,coral,near_nearest_proxy,final,,2,2train,target,False,,,,,,
9,bnci004,MMP_merge_then_adapt,TS,lda,sa,17,3,3,20834,0.05,no_leakage_v1_alpha005,gate_all_sources_proxy_source_only_final_training_only,mmd,,,,,merge_then_adapt,coral,near_nearest_proxy,main,0.0,0,0train,far,False,,3.0,direct,0.19666711183680582,0.15048432214451887,0.24664750112572129
9,bnci004,MMP_merge_then_adapt,TS,lda,sa,17,3,3,20834,0.05,no_leakage_v1_alpha005,gate_all_sources_proxy_source_only_final_training_only,mmd,,,,,merge_then_adapt,coral,near_nearest_proxy,anchor,0.0,0,0train,not_used,False,,3.0,direct,0.19666711183680582,0.15048432214451887,0.24664750112572129
9,bnci004,MMP_merge_then_adapt,TS,lda,sa,17,3,3,20834,0.05,no_leakage_v1_alpha005,gate_all_sources_proxy_source_only_final_training_only,mmd,,,,,merge_then_adapt,coral,near_nearest_proxy,final,0.0,0,0train,not_used,False,,3.0,direct,0.19666711183680582,0.15048432214451887,0.24664750112572129
9,bnci004,MMP_merge_then_adapt,TS,lda,sa,17,3,3,20834,0.05,no_leakage_v1_alpha005,gate_all_sources_proxy_source_only_final_training_only,mmd,,,,,merge_then_adapt,coral,near_nearest_proxy,main,1.0,1,1train,far,False,,3.0,direct,0.14123990010116072,0.09708601001350475,0.1956656673282595
9,bnci004,MMP_merge_then_adapt,TS,lda,sa,17,3,3,20834,0.05,no_leakage_v1_alpha005,gate_all_sources_proxy_source_only_final_training_only,mmd,,,,,merge_then_adapt,coral,near_nearest_proxy,anchor,1.0,1,1train,not_used,False,,3.0,direct,0.14123990010116072,0.09708601001350475,0.1956656673282595
9,bnci004,MMP_merge_then_adapt,TS,lda,sa,17,3,3,20834,0.05,no_leakage_v1_alpha005,gate_all_sources_proxy_source_only_final_training_only,mmd,,,,,merge_then_adapt,coral,near_nearest_proxy,final,1.0,1,1train,not_used,False,,3.0,direct,0.14123990010116072,0.09708601001350475,0.1956656673282595
9,bnci004,MMP_merge_then_adapt,TS,lda,sa,17,3,3,20834,0.05,no_leakage_v1_alpha005,gate_all_sources_proxy_source_only_final_training_only,mmd,,,,,merge_then_adapt,coral,near_nearest_proxy,main,2.0,2,2train,near,False,0.38261073110335947,3.0,direct,0.09593027121412533,0.06851836178071365,0.12817792174461082
9,bnci004,MMP_merge_then_adapt,TS,lda,sa,17,3,3,20834,0.05,no_leakage_v1_alpha005,gate_all_sources_proxy_source_only_final_training_only,mmd,,,,,merge_then_adapt,coral,near_nearest_proxy,anchor,2.0,2,2train,proxy_source,False,1.0,3.0,direct,0.09593027121412533,0.06851836178071365,0.12817792174461082
9,bnci004,MMP_merge_then_adapt,TS,lda,sa,17,3,3,20834,0.05,no_leakage_v1_alpha005,gate_all_sources_proxy_source_only_final_training_only,mmd,,,,,merge_then_adapt,coral,near_nearest_proxy,final,2.0,2,2train,train,False,0.38261073110335947,3.0,direct,0.09593027121412533,0.06851836178071365,0.12817792174461082
9,bnci004,MMP_merge_then_adapt,TS,lda,sa,17,3,3,20834,0.05,no_leakage_v1_alpha005,gate_all_sources_proxy_source_only_final_training_only,mmd,,,,,merge_then_adapt,coral,near_nearest_proxy,main,3.0,4,4test,nearest,True,0.6173892688966406,3.0,direct,0.0594498775322688,0.041378931868999144,0.08563658905060298
9,bnci004,MMP_merge_then_adapt,TS,lda,sa,17,3,3,20834,0.05,no_leakage_v1_alpha005,gate_all_sources_proxy_source_only_final_training_only,mmd,,,,,merge_then_adapt,coral,near_nearest_proxy,anchor,3.0,4,4test,target,False,,3.0,direct,0.0594498775322688,0.041378931868999144,0.08563658905060298
9,bnci004,MMP_merge_then_adapt,TS,lda,sa,17,3,3,20834,0.05,no_leakage_v1_alpha005,gate_all_sources_proxy_source_only_final_training_only,mmd,,,,,merge_then_adapt,coral,near_nearest_proxy,final,3.0,4,4test,train,True,0.6173892688966406,3.0,direct,0.0594498775322688,0.041378931868999144,0.08563658905060298
9,bnci004,MMP_merge_then_adapt,TS,lda,sa,17,3,3,20834,0.05,no_leakage_v1_alpha005,gate_all_sources_proxy_source_only_final_training_only,mmd,,,,,merge_then_adapt,coral,near_nearest_proxy,main,,3,3test,target,False,,,,,,
9,bnci004,MMP_merge_then_adapt,TS,lda,sa,17,3,3,20834,0.05,no_leakage_v1_alpha005,gate_all_sources_proxy_source_only_final_training_only,mmd,,,,,merge_then_adapt,coral,near_nearest_proxy,final,,3,3test,target,False,,,,,,
9,bnci004,MMP_merge_then_adapt,TS,lda,sa,17,4,4,20865,0.05,no_leakage_v1_alpha005,gate_all_sources_proxy_source_only_final_training_only,mmd,,,,,merge_then_adapt,coral,near_nearest_proxy,main,0.0,0,0train,far,False,,4.0,direct,0.1601407369578519,0.12872306852355578,0.19481567977563727
9,bnci004,MMP_merge_then_adapt,TS,lda,sa,17,4,4,20865,0.05,no_leakage_v1_alpha005,gate_all_sources_proxy_source_only_final_training_only,mmd,,,,,merge_then_adapt,coral,near_nearest_proxy,anchor,0.0,0,0train,not_used,False,,4.0,direct,0.1601407369578519,0.12872306852355578,0.19481567977563727
9,bnci004,MMP_merge_then_adapt,TS,lda,sa,17,4,4,20865,0.05,no_leakage_v1_alpha005,gate_all_sources_proxy_source_only_final_training_only,mmd,,,,,merge_then_adapt,coral,near_nearest_proxy,final,0.0,0,0train,not_used,False,,4.0,direct,0.1601407369578519,0.12872306852355578,0.19481567977563727
9,bnci004,MMP_merge_then_adapt,TS,lda,sa,17,4,4,20865,0.05,no_leakage_v1_alpha005,gate_all_sources_proxy_source_only_final_training_only,mmd,,,,,merge_then_adapt,coral,near_nearest_proxy,main,1.0,1,1train,far,False,,4.0,direct,0.11715806319649281,0.08493475738396047,0.15215363784543395
9,bnci004,MMP_merge_then_adapt,TS,lda,sa,17,4,4,20865,0.05,no_leakage_v1_alpha005,gate_all_sources_proxy_source_only_final_training_only,mmd,,,,,merge_then_adapt,coral,near_nearest_proxy,anchor,1.0,1,1train,second_nearest_fallback_source,False,1.0,4.0,direct,0.11715806319649281,0.08493475738396047,0.15215363784543395
9,bnci004,MMP_merge_then_adapt,TS,lda,sa,17,4,4,20865,0.05,no_leakage_v1_alpha005,gate_all_sources_proxy_source_only_final_training_only,mmd,,,,,merge_then_adapt,coral,near_nearest_proxy,final,1.0,1,1train,not_used,False,,4.0,direct,0.11715806319649281,0.08493475738396047,0.15215363784543395
9,bnci004,MMP_merge_then_adapt,TS,lda,sa,17,4,4,20865,0.05,no_leakage_v1_alpha005,gate_all_sources_proxy_source_only_final_training_only,mmd,,,,,merge_then_adapt,coral,near_nearest_proxy,main,2.0,2,2train,far,False,,4.0,direct,0.1218121182927877,0.09507130186288214,0.1551568517587829
9,bnci004,MMP_merge_then_adapt,TS,lda,sa,17,4,4,20865,0.05,no_leakage_v1_alpha005,gate_all_sources_proxy_source_only_final_training_only,mmd,,,,,merge_then_adapt,coral,near_nearest_proxy,anchor,2.0,2,2train,not_used,False,,4.0,direct,0.1218121182927877,0.09507130186288214,0.1551568517587829
9,bnci004,MMP_merge_then_adapt,TS,lda,sa,17,4,4,20865,0.05,no_leakage_v1_alpha005,gate_all_sources_proxy_source_only_final_training_only,mmd,,,,,merge_then_adapt,coral,near_nearest_proxy,final,2.0,2,2train,not_used,False,,4.0,direct,0.1218121182927877,0.09507130186288214,0.1551568517587829
9,bnci004,MMP_merge_then_adapt,TS,lda,sa,17,4,4,20865,0.05,no_leakage_v1_alpha005,gate_all_sources_proxy_source_only_final_training_only,mmd,,,,,merge_then_adapt,coral,near_nearest_proxy,main,3.0,3,3test,nearest,True,1.0,4.0,direct,0.04770780099081867,0.032395412391375764,0.06566498960753969
9,bnci004,MMP_merge_then_adapt,TS,lda,sa,17,4,4,20865,0.05,no_leakage_v1_alpha005,gate_all_sources_proxy_source_only_final_training_only,mmd,,,,,merge_then_adapt,coral,near_nearest_proxy,anchor,3.0,3,3test,target,False,,4.0,direct,0.04770780099081867,0.032395412391375764,0.06566498960753969
9,bnci004,MMP_merge_then_adapt,TS,lda,sa,17,4,4,20865,0.05,no_leakage_v1_alpha005,gate_all_sources_proxy_source_only_final_training_only,mmd,,,,,merge_then_adapt,coral,near_nearest_proxy,final,3.0,3,3test,train,True,1.0,4.0,direct,0.04770780099081867,0.032395412391375764,0.06566498960753969
9,bnci004,MMP_merge_then_adapt,TS,lda,sa,17,4,4,20865,0.05,no_leakage_v1_alpha005,gate_all_sources_proxy_source_only_final_training_only,mmd,,,,,merge_then_adapt,coral,near_nearest_proxy,main,,4,4test,target,False,,,,,,
9,bnci004,MMP_merge_then_adapt,TS,lda,sa,17,4,4,20865,0.05,no_leakage_v1_alpha005,gate_all_sources_proxy_source_only_final_training_only,mmd,,,,,merge_then_adapt,coral,near_nearest_proxy,final,,4,4test,target,False,,,,,,
9,bnci004,MMP_merge_then_adapt,TS,lda,pt,18,0,0,21738,0.05,no_leakage_v1_alpha005,gate_all_sources_proxy_source_only_final_training_only,mmd,,,,,merge_then_adapt,coral,near_nearest_proxy,main,0.0,1,1train,nearest,True,1.0,0.0,direct,0.06444576967459394,0.0449754879989245,0.09465495466335189
9,bnci004,MMP_merge_then_adapt,TS,lda,pt,18,0,0,21738,0.05,no_leakage_v1_alpha005,gate_all_sources_proxy_source_only_final_training_only,mmd,,,,,merge_then_adapt,coral,near_nearest_proxy,anchor,0.0,1,1train,target,False,,0.0,direct,0.06444576967459394,0.0449754879989245,0.09465495466335189
9,bnci004,MMP_merge_then_adapt,TS,lda,pt,18,0,0,21738,0.05,no_leakage_v1_alpha005,gate_all_sources_proxy_source_only_final_training_only,mmd,,,,,merge_then_adapt,coral,near_nearest_proxy,final,0.0,1,1train,train,True,1.0,0.0,direct,0.06444576967459394,0.0449754879989245,0.09465495466335189
9,bnci004,MMP_merge_then_adapt,TS,lda,pt,18,0,0,21738,0.05,no_leakage_v1_alpha005,gate_all_sources_proxy_source_only_final_training_only,mmd,,,,,merge_then_adapt,coral,near_nearest_proxy,main,1.0,2,2train,far,False,,0.0,direct,0.45756490017166596,0.36615094053654773,0.544011314510283
9,bnci004,MMP_merge_then_adapt,TS,lda,pt,18,0,0,21738,0.05,no_leakage_v1_alpha005,gate_all_sources_proxy_source_only_final_training_only,mmd,,,,,merge_then_adapt,coral,near_nearest_proxy,anchor,1.0,2,2train,not_used,False,,0.0,direct,0.45756490017166596,0.36615094053654773,0.544011314510283
9,bnci004,MMP_merge_then_adapt,TS,lda,pt,18,0,0,21738,0.05,no_leakage_v1_alpha005,gate_all_sources_proxy_source_only_final_training_only,mmd,,,,,merge_then_adapt,coral,near_nearest_proxy,final,1.0,2,2train,not_used,False,,0.0,direct,0.45756490017166596,0.36615094053654773,0.544011314510283
9,bnci004,MMP_merge_then_adapt,TS,lda,pt,18,0,0,21738,0.05,no_leakage_v1_alpha005,gate_all_sources_proxy_source_only_final_training_only,mmd,,,,,merge_then_adapt,coral,near_nearest_proxy,main,2.0,3,3test,far,False,,0.0,direct,0.31639465063291444,0.23645917524228408,0.39931606693082694
9,bnci004,MMP_merge_then_adapt,TS,lda,pt,18,0,0,21738,0.05,no_leakage_v1_alpha005,gate_all_sources_proxy_source_only_final_training_only,mmd,,,,,merge_then_adapt,coral,near_nearest_proxy,anchor,2.0,3,3test,second_nearest_fallback_source,False,1.0,0.0,direct,0.31639465063291444,0.23645917524228408,0.39931606693082694
9,bnci004,MMP_merge_then_adapt,TS,lda,pt,18,0,0,21738,0.05,no_leakage_v1_alpha005,gate_all_sources_proxy_source_only_final_training_only,mmd,,,,,merge_then_adapt,coral,near_nearest_proxy,final,2.0,3,3test,not_used,False,,0.0,direct,0.31639465063291444,0.23645917524228408,0.39931606693082694
9,bnci004,MMP_merge_then_adapt,TS,lda,pt,18,0,0,21738,0.05,no_leakage_v1_alpha005,gate_all_sources_proxy_source_only_final_training_only,mmd,,,,,merge_then_adapt,coral,near_nearest_proxy,main,3.0,4,4test,far,False,,0.0,direct,0.4062834992457921,0.3081921320268115,0.48612663544553725
9,bnci004,MMP_merge_then_adapt,TS,lda,pt,18,0,0,21738,0.05,no_leakage_v1_alpha005,gate_all_sources_proxy_source_only_final_training_only,mmd,,,,,merge_then_adapt,coral,near_nearest_proxy,anchor,3.0,4,4test,not_used,False,,0.0,direct,0.4062834992457921,0.3081921320268115,0.48612663544553725
9,bnci004,MMP_merge_then_adapt,TS,lda,pt,18,0,0,21738,0.05,no_leakage_v1_alpha005,gate_all_sources_proxy_source_only_final_training_only,mmd,,,,,merge_then_adapt,coral,near_nearest_proxy,final,3.0,4,4test,not_used,False,,0.0,direct,0.4062834992457921,0.3081921320268115,0.48612663544553725
9,bnci004,MMP_merge_then_adapt,TS,lda,pt,18,0,0,21738,0.05,no_leakage_v1_alpha005,gate_all_sources_proxy_source_only_final_training_only,mmd,,,,,merge_then_adapt,coral,near_nearest_proxy,main,,0,0train,target,False,,,,,,
9,bnci004,MMP_merge_then_adapt,TS,lda,pt,18,0,0,21738,0.05,no_leakage_v1_alpha005,gate_all_sources_proxy_source_only_final_training_only,mmd,,,,,merge_then_adapt,coral,near_nearest_proxy,final,,0,0train,target,False,,,,,,
9,bnci004,MMP_merge_then_adapt,TS,lda,pt,18,1,1,21769,0.05,no_leakage_v1_alpha005,gate_all_sources_proxy_source_only_final_training_only,mmd,,,,,merge_then_adapt,coral,near_nearest_proxy,main,0.0,0,0train,nearest,True,1.0,1.0,direct,0.07137589511242512,0.04836624282881987,0.10259483416317836
9,bnci004,MMP_merge_then_adapt,TS,lda,pt,18,1,1,21769,0.05,no_leakage_v1_alpha005,gate_all_sources_proxy_source_only_final_training_only,mmd,,,,,merge_then_adapt,coral,near_nearest_proxy,anchor,0.0,0,0train,target,False,,1.0,direct,0.07137589511242512,0.04836624282881987,0.10259483416317836
9,bnci004,MMP_merge_then_adapt,TS,lda,pt,18,1,1,21769,0.05,no_leakage_v1_alpha005,gate_all_sources_proxy_source_only_final_training_only,mmd,,,,,merge_then_adapt,coral,near_nearest_proxy,final,0.0,0,0train,train,True,1.0,1.0,direct,0.07137589511242512,0.04836624282881987,0.10259483416317836
9,bnci004,MMP_merge_then_adapt,TS,lda,pt,18,1,1,21769,0.05,no_leakage_v1_alpha005,gate_all_sources_proxy_source_only_final_training_only,mmd,,,,,merge_then_adapt,coral,near_nearest_proxy,main,1.0,2,2train,far,False,,1.0,direct,0.3277760573739728,0.24142742919085344,0.43638556635699477
9,bnci004,MMP_merge_then_adapt,TS,lda,pt,18,1,1,21769,0.05,no_leakage_v1_alpha005,gate_all_sources_proxy_source_only_final_training_only,mmd,,,,,merge_then_adapt,coral,near_nearest_proxy,anchor,1.0,2,2train,not_used,False,,1.0,direct,0.3277760573739728,0.24142742919085344,0.43638556635699477
9,bnci004,MMP_merge_then_adapt,TS,lda,pt,18,1,1,21769,0.05,no_leakage_v1_alpha005,gate_all_sources_proxy_source_only_final_training_only,mmd,,,,,merge_then_adapt,coral,near_nearest_proxy,final,1.0,2,2train,not_used,False,,1.0,direct,0.3277760573739728,0.24142742919085344,0.43638556635699477
9,bnci004,MMP_merge_then_adapt,TS,lda,pt,18,1,1,21769,0.05,no_leakage_v1_alpha005,gate_all_sources_proxy_source_only_final_training_only,mmd,,,,,merge_then_adapt,coral,near_nearest_proxy,main,2.0,3,3test,far,False,,1.0,direct,0.19540840276838345,0.12567875412739052,0.2637515760398374
9,bnci004,MMP_merge_then_adapt,TS,lda,pt,18,1,1,21769,0.05,no_leakage_v1_alpha005,gate_all_sources_proxy_source_only_final_training_only,mmd,,,,,merge_then_adapt,coral,near_nearest_proxy,anchor,2.0,3,3test,second_nearest_fallback_source,False,1.0,1.0,direct,0.19540840276838345,0.12567875412739052,0.2637515760398374
9,bnci004,MMP_merge_then_adapt,TS,lda,pt,18,1,1,21769,0.05,no_leakage_v1_alpha005,gate_all_sources_proxy_source_only_final_training_only,mmd,,,,,merge_then_adapt,coral,near_nearest_proxy,final,2.0,3,3test,not_used,False,,1.0,direct,0.19540840276838345,0.12567875412739052,0.2637515760398374
9,bnci004,MMP_merge_then_adapt,TS,lda,pt,18,1,1,21769,0.05,no_leakage_v1_alpha005,gate_all_sources_proxy_source_only_final_training_only,mmd,,,,,merge_then_adapt,coral,near_nearest_proxy,main,3.0,4,4test,far,False,,1.0,direct,0.25386931268244395,0.17936939504740523,0.339802425688633
9,bnci004,MMP_merge_then_adapt,TS,lda,pt,18,1,1,21769,0.05,no_leakage_v1_alpha005,gate_all_sources_proxy_source_only_final_training_only,mmd,,,,,merge_then_adapt,coral,near_nearest_proxy,anchor,3.0,4,4test,not_used,False,,1.0,direct,0.25386931268244395,0.17936939504740523,0.339802425688633
9,bnci004,MMP_merge_then_adapt,TS,lda,pt,18,1,1,21769,0.05,no_leakage_v1_alpha005,gate_all_sources_proxy_source_only_final_training_only,mmd,,,,,merge_then_adapt,coral,near_nearest_proxy,final,3.0,4,4test,not_used,False,,1.0,direct,0.25386931268244395,0.17936939504740523,0.339802425688633
9,bnci004,MMP_merge_then_adapt,TS,lda,pt,18,1,1,21769,0.05,no_leakage_v1_alpha005,gate_all_sources_proxy_source_only_final_training_only,mmd,,,,,merge_then_adapt,coral,near_nearest_proxy,main,,1,1train,target,False,,,,,,
9,bnci004,MMP_merge_then_adapt,TS,lda,pt,18,1,1,21769,0.05,no_leakage_v1_alpha005,gate_all_sources_proxy_source_only_final_training_only,mmd,,,,,merge_then_adapt,coral,near_nearest_proxy,final,,1,1train,target,False,,,,,,
9,bnci004,MMP_merge_then_adapt,TS,lda,pt,18,2,2,21800,0.05,no_leakage_v1_alpha005,gate_all_sources_proxy_source_only_final_training_only,mmd,,,,,merge_then_adapt,coral,near_nearest_proxy,main,0.0,0,0train,far,False,,2.0,direct,0.20149947700461504,0.1665975862458289,0.23745688084828045
9,bnci004,MMP_merge_then_adapt,TS,lda,pt,18,2,2,21800,0.05,no_leakage_v1_alpha005,gate_all_sources_proxy_source_only_final_training_only,mmd,,,,,merge_then_adapt,coral,near_nearest_proxy,anchor,0.0,0,0train,not_used,False,,2.0,direct,0.20149947700461504,0.1665975862458289,0.23745688084828045
9,bnci004,MMP_merge_then_adapt,TS,lda,pt,18,2,2,21800,0.05,no_leakage_v1_alpha005,gate_all_sources_proxy_source_only_final_training_only,mmd,,,,,merge_then_adapt,coral,near_nearest_proxy,final,0.0,0,0train,not_used,False,,2.0,direct,0.20149947700461504,0.1665975862458289,0.23745688084828045
9,bnci004,MMP_merge_then_adapt,TS,lda,pt,18,2,2,21800,0.05,no_leakage_v1_alpha005,gate_all_sources_proxy_source_only_final_training_only,mmd,,,,,merge_then_adapt,coral,near_nearest_proxy,main,1.0,1,1train,near,False,0.2976809155791773,2.0,direct,0.15763331522215668,0.1221446006074851,0.19503525984471717
9,bnci004,MMP_merge_then_adapt,TS,lda,pt,18,2,2,21800,0.05,no_leakage_v1_alpha005,gate_all_sources_proxy_source_only_final_training_only,mmd,,,,,merge_then_adapt,coral,near_nearest_proxy,anchor,1.0,1,1train,proxy_source,False,0.46795815303984456,2.0,direct,0.15763331522215668,0.1221446006074851,0.19503525984471717
9,bnci004,MMP_merge_then_adapt,TS,lda,pt,18,2,2,21800,0.05,no_leakage_v1_alpha005,gate_all_sources_proxy_source_only_final_training_only,mmd,,,,,merge_then_adapt,coral,near_nearest_proxy,final,1.0,1,1train,train,False,0.2976809155791773,2.0,direct,0.15763331522215668,0.1221446006074851,0.19503525984471717
9,bnci004,MMP_merge_then_adapt,TS,lda,pt,18,2,2,21800,0.05,no_leakage_v1_alpha005,gate_all_sources_proxy_source_only_final_training_only,mmd,,,,,merge_then_adapt,coral,near_nearest_proxy,main,2.0,3,3test,near,False,0.3384462971757442,2.0,direct,0.13864648314165112,0.11166549821487383,0.17240074580315864
9,bnci004,MMP_merge_then_adapt,TS,lda,pt,18,2,2,21800,0.05,no_leakage_v1_alpha005,gate_all_sources_proxy_source_only_final_training_only,mmd,,,,,merge_then_adapt,coral,near_nearest_proxy,anchor,2.0,3,3test,proxy_source,False,0.5320418469601554,2.0,direct,0.13864648314165112,0.11166549821487383,0.17240074580315864
9,bnci004,MMP_merge_then_adapt,TS,lda,pt,18,2,2,21800,0.05,no_leakage_v1_alpha005,gate_all_sources_proxy_source_only_final_training_only,mmd,,,,,merge_then_adapt,coral,near_nearest_proxy,final,2.0,3,3test,train,False,0.3384462971757442,2.0,direct,0.13864648314165112,0.11166549821487383,0.17240074580315864
9,bnci004,MMP_merge_then_adapt,TS,lda,pt,18,2,2,21800,0.05,no_leakage_v1_alpha005,gate_all_sources_proxy_source_only_final_training_only,mmd,,,,,merge_then_adapt,coral,near_nearest_proxy,main,3.0,4,4test,nearest,True,0.3638727872450785,2.0,direct,0.12895815530617333,0.0980737390959872,0.1603586403454114
9,bnci004,MMP_merge_then_adapt,TS,lda,pt,18,2,2,21800,0.05,no_leakage_v1_alpha005,gate_all_sources_proxy_source_only_final_training_only,mmd,,,,,merge_then_adapt,coral,near_nearest_proxy,anchor,3.0,4,4test,target,False,,2.0,direct,0.12895815530617333,0.0980737390959872,0.1603586403454114
9,bnci004,MMP_merge_then_adapt,TS,lda,pt,18,2,2,21800,0.05,no_leakage_v1_alpha005,gate_all_sources_proxy_source_only_final_training_only,mmd,,,,,merge_then_adapt,coral,near_nearest_proxy,final,3.0,4,4test,train,True,0.3638727872450785,2.0,direct,0.12895815530617333,0.0980737390959872,0.1603586403454114
9,bnci004,MMP_merge_then_adapt,TS,lda,pt,18,2,2,21800,0.05,no_leakage_v1_alpha005,gate_all_sources_proxy_source_only_final_training_only,mmd,,,,,merge_then_adapt,coral,near_nearest_proxy,main,,2,2train,target,False,,,,,,
9,bnci004,MMP_merge_then_adapt,TS,lda,pt,18,2,2,21800,0.05,no_leakage_v1_alpha005,gate_all_sources_proxy_source_only_final_training_only,mmd,,,,,merge_then_adapt,coral,near_nearest_proxy,final,,2,2train,target,False,,,,,,
9,bnci004,MMP_merge_then_adapt,TS,lda,pt,18,3,3,21831,0.05,no_leakage_v1_alpha005,gate_all_sources_proxy_source_only_final_training_only,mmd,,,,,merge_then_adapt,coral,near_nearest_proxy,main,0.0,0,0train,far,False,,3.0,direct,0.19842894818228668,0.1496433589553687,0.24609403291322562
9,bnci004,MMP_merge_then_adapt,TS,lda,pt,18,3,3,21831,0.05,no_leakage_v1_alpha005,gate_all_sources_proxy_source_only_final_training_only,mmd,,,,,merge_then_adapt,coral,near_nearest_proxy,anchor,0.0,0,0train,not_used,False,,3.0,direct,0.19842894818228668,0.1496433589553687,0.24609403291322562
9,bnci004,MMP_merge_then_adapt,TS,lda,pt,18,3,3,21831,0.05,no_leakage_v1_alpha005,gate_all_sources_proxy_source_only_final_training_only,mmd,,,,,merge_then_adapt,coral,near_nearest_proxy,final,0.0,0,0train,not_used,False,,3.0,direct,0.19842894818228668,0.1496433589553687,0.24609403291322562
9,bnci004,MMP_merge_then_adapt,TS,lda,pt,18,3,3,21831,0.05,no_leakage_v1_alpha005,gate_all_sources_proxy_source_only_final_training_only,mmd,,,,,merge_then_adapt,coral,near_nearest_proxy,main,1.0,1,1train,far,False,,3.0,direct,0.14227798064538116,0.10118993216785659,0.1950633579868526
9,bnci004,MMP_merge_then_adapt,TS,lda,pt,18,3,3,21831,0.05,no_leakage_v1_alpha005,gate_all_sources_proxy_source_only_final_training_only,mmd,,,,,merge_then_adapt,coral,near_nearest_proxy,anchor,1.0,1,1train,not_used,False,,3.0,direct,0.14227798064538116,0.10118993216785659,0.1950633579868526
9,bnci004,MMP_merge_then_adapt,TS,lda,pt,18,3,3,21831,0.05,no_leakage_v1_alpha005,gate_all_sources_proxy_source_only_final_training_only,mmd,,,,,merge_then_adapt,coral,near_nearest_proxy,final,1.0,1,1train,not_used,False,,3.0,direct,0.14227798064538116,0.10118993216785659,0.1950633579868526
9,bnci004,MMP_merge_then_adapt,TS,lda,pt,18,3,3,21831,0.05,no_leakage_v1_alpha005,gate_all_sources_proxy_source_only_final_training_only,mmd,,,,,merge_then_adapt,coral,near_nearest_proxy,main,2.0,2,2train,near,False,0.37291063556188186,3.0,direct,0.096391849966124,0.0684848068343995,0.13156248025040512
9,bnci004,MMP_merge_then_adapt,TS,lda,pt,18,3,3,21831,0.05,no_leakage_v1_alpha005,gate_all_sources_proxy_source_only_final_training_only,mmd,,,,,merge_then_adapt,coral,near_nearest_proxy,anchor,2.0,2,2train,proxy_source,False,1.0,3.0,direct,0.096391849966124,0.0684848068343995,0.13156248025040512
9,bnci004,MMP_merge_then_adapt,TS,lda,pt,18,3,3,21831,0.05,no_leakage_v1_alpha005,gate_all_sources_proxy_source_only_final_training_only,mmd,,,,,merge_then_adapt,coral,near_nearest_proxy,final,2.0,2,2train,train,False,0.37291063556188186,3.0,direct,0.096391849966124,0.0684848068343995,0.13156248025040512
9,bnci004,MMP_merge_then_adapt,TS,lda,pt,18,3,3,21831,0.05,no_leakage_v1_alpha005,gate_all_sources_proxy_source_only_final_training_only,mmd,,,,,merge_then_adapt,coral,near_nearest_proxy,main,3.0,4,4test,nearest,True,0.6270893644381181,3.0,direct,0.0573208443541879,0.03799236917608986,0.08255598148141172
9,bnci004,MMP_merge_then_adapt,TS,lda,pt,18,3,3,21831,0.05,no_leakage_v1_alpha005,gate_all_sources_proxy_source_only_final_training_only,mmd,,,,,merge_then_adapt,coral,near_nearest_proxy,anchor,3.0,4,4test,target,False,,3.0,direct,0.0573208443541879,0.03799236917608986,0.08255598148141172
9,bnci004,MMP_merge_then_adapt,TS,lda,pt,18,3,3,21831,0.05,no_leakage_v1_alpha005,gate_all_sources_proxy_source_only_final_training_only,mmd,,,,,merge_then_adapt,coral,near_nearest_proxy,final,3.0,4,4test,train,True,0.6270893644381181,3.0,direct,0.0573208443541879,0.03799236917608986,0.08255598148141172
9,bnci004,MMP_merge_then_adapt,TS,lda,pt,18,3,3,21831,0.05,no_leakage_v1_alpha005,gate_all_sources_proxy_source_only_final_training_only,mmd,,,,,merge_then_adapt,coral,near_nearest_proxy,main,,3,3test,target,False,,,,,,
9,bnci004,MMP_merge_then_adapt,TS,lda,pt,18,3,3,21831,0.05,no_leakage_v1_alpha005,gate_all_sources_proxy_source_only_final_training_only,mmd,,,,,merge_then_adapt,coral,near_nearest_proxy,final,,3,3test,target,False,,,,,,
9,bnci004,MMP_merge_then_adapt,TS,lda,pt,18,4,4,21862,0.05,no_leakage_v1_alpha005,gate_all_sources_proxy_source_only_final_training_only,mmd,,,,,merge_then_adapt,coral,near_nearest_proxy,main,0.0,0,0train,far,False,,4.0,direct,0.15826044630436514,0.12414016555845821,0.19810173709595996
9,bnci004,MMP_merge_then_adapt,TS,lda,pt,18,4,4,21862,0.05,no_leakage_v1_alpha005,gate_all_sources_proxy_source_only_final_training_only,mmd,,,,,merge_then_adapt,coral,near_nearest_proxy,anchor,0.0,0,0train,not_used,False,,4.0,direct,0.15826044630436514,0.12414016555845821,0.19810173709595996
9,bnci004,MMP_merge_then_adapt,TS,lda,pt,18,4,4,21862,0.05,no_leakage_v1_alpha005,gate_all_sources_proxy_source_only_final_training_only,mmd,,,,,merge_then_adapt,coral,near_nearest_proxy,final,0.0,0,0train,not_used,False,,4.0,direct,0.15826044630436514,0.12414016555845821,0.19810173709595996
9,bnci004,MMP_merge_then_adapt,TS,lda,pt,18,4,4,21862,0.05,no_leakage_v1_alpha005,gate_all_sources_proxy_source_only_final_training_only,mmd,,,,,merge_then_adapt,coral,near_nearest_proxy,main,1.0,1,1train,far,False,,4.0,direct,0.11838962684181384,0.08371182707825517,0.15792394081500435
9,bnci004,MMP_merge_then_adapt,TS,lda,pt,18,4,4,21862,0.05,no_leakage_v1_alpha005,gate_all_sources_proxy_source_only_final_training_only,mmd,,,,,merge_then_adapt,coral,near_nearest_proxy,anchor,1.0,1,1train,second_nearest_fallback_source,False,1.0,4.0,direct,0.11838962684181384,0.08371182707825517,0.15792394081500435
9,bnci004,MMP_merge_then_adapt,TS,lda,pt,18,4,4,21862,0.05,no_leakage_v1_alpha005,gate_all_sources_proxy_source_only_final_training_only,mmd,,,,,merge_then_adapt,coral,near_nearest_proxy,final,1.0,1,1train,not_used,False,,4.0,direct,0.11838962684181384,0.08371182707825517,0.15792394081500435
9,bnci004,MMP_merge_then_adapt,TS,lda,pt,18,4,4,21862,0.05,no_leakage_v1_alpha005,gate_all_sources_proxy_source_only_final_training_only,mmd,,,,,merge_then_adapt,coral,near_nearest_proxy,main,2.0,2,2train,far,False,,4.0,direct,0.1221650946846407,0.09698806499486863,0.15094083362940347
9,bnci004,MMP_merge_then_adapt,TS,lda,pt,18,4,4,21862,0.05,no_leakage_v1_alpha005,gate_all_sources_proxy_source_only_final_training_only,mmd,,,,,merge_then_adapt,coral,near_nearest_proxy,anchor,2.0,2,2train,not_used,False,,4.0,direct,0.1221650946846407,0.09698806499486863,0.15094083362940347
9,bnci004,MMP_merge_then_adapt,TS,lda,pt,18,4,4,21862,0.05,no_leakage_v1_alpha005,gate_all_sources_proxy_source_only_final_training_only,mmd,,,,,merge_then_adapt,coral,near_nearest_proxy,final,2.0,2,2train,not_used,False,,4.0,direct,0.1221650946846407,0.09698806499486863,0.15094083362940347
9,bnci004,MMP_merge_then_adapt,TS,lda,pt,18,4,4,21862,0.05,no_leakage_v1_alpha005,gate_all_sources_proxy_source_only_final_training_only,mmd,,,,,merge_then_adapt,coral,near_nearest_proxy,main,3.0,3,3test,nearest,True,1.0,4.0,direct,0.04669966998760319,0.03350257271868278,0.062266099641236874
9,bnci004,MMP_merge_then_adapt,TS,lda,pt,18,4,4,21862,0.05,no_leakage_v1_alpha005,gate_all_sources_proxy_source_only_final_training_only,mmd,,,,,merge_then_adapt,coral,near_nearest_proxy,anchor,3.0,3,3test,target,False,,4.0,direct,0.04669966998760319,0.03350257271868278,0.062266099641236874
9,bnci004,MMP_merge_then_adapt,TS,lda,pt,18,4,4,21862,0.05,no_leakage_v1_alpha005,gate_all_sources_proxy_source_only_final_training_only,mmd,,,,,merge_then_adapt,coral,near_nearest_proxy,final,3.0,3,3test,train,True,1.0,4.0,direct,0.04669966998760319,0.03350257271868278,0.062266099641236874
9,bnci004,MMP_merge_then_adapt,TS,lda,pt,18,4,4,21862,0.05,no_leakage_v1_alpha005,gate_all_sources_proxy_source_only_final_training_only,mmd,,,,,merge_then_adapt,coral,near_nearest_proxy,main,,4,4test,target,False,,,,,,
9,bnci004,MMP_merge_then_adapt,TS,lda,pt,18,4,4,21862,0.05,no_leakage_v1_alpha005,gate_all_sources_proxy_source_only_final_training_only,mmd,,,,,merge_then_adapt,coral,near_nearest_proxy,final,,4,4test,target,False,,,,,,
9,bnci004,MMP_merge_then_adapt,TS,lda,coral,19,0,0,22735,0.05,no_leakage_v1_alpha005,gate_all_sources_proxy_source_only_final_training_only,mmd,,,,,merge_then_adapt,coral,near_nearest_proxy,main,0.0,1,1train,nearest,True,1.0,0.0,direct,0.06411027071744245,0.04011526037694683,0.10093684546973608
9,bnci004,MMP_merge_then_adapt,TS,lda,coral,19,0,0,22735,0.05,no_leakage_v1_alpha005,gate_all_sources_proxy_source_only_final_training_only,mmd,,,,,merge_then_adapt,coral,near_nearest_proxy,anchor,0.0,1,1train,target,False,,0.0,direct,0.06411027071744245,0.04011526037694683,0.10093684546973608
9,bnci004,MMP_merge_then_adapt,TS,lda,coral,19,0,0,22735,0.05,no_leakage_v1_alpha005,gate_all_sources_proxy_source_only_final_training_only,mmd,,,,,merge_then_adapt,coral,near_nearest_proxy,final,0.0,1,1train,train,True,1.0,0.0,direct,0.06411027071744245,0.04011526037694683,0.10093684546973608
9,bnci004,MMP_merge_then_adapt,TS,lda,coral,19,0,0,22735,0.05,no_leakage_v1_alpha005,gate_all_sources_proxy_source_only_final_training_only,mmd,,,,,merge_then_adapt,coral,near_nearest_proxy,main,1.0,2,2train,far,False,,0.0,direct,0.4637068555489329,0.385341920719761,0.5598394895137752
9,bnci004,MMP_merge_then_adapt,TS,lda,coral,19,0,0,22735,0.05,no_leakage_v1_alpha005,gate_all_sources_proxy_source_only_final_training_only,mmd,,,,,merge_then_adapt,coral,near_nearest_proxy,anchor,1.0,2,2train,not_used,False,,0.0,direct,0.4637068555489329,0.385341920719761,0.5598394895137752
9,bnci004,MMP_merge_then_adapt,TS,lda,coral,19,0,0,22735,0.05,no_leakage_v1_alpha005,gate_all_sources_proxy_source_only_final_training_only,mmd,,,,,merge_then_adapt,coral,near_nearest_proxy,final,1.0,2,2train,not_used,False,,0.0,direct,0.4637068555489329,0.385341920719761,0.5598394895137752
9,bnci004,MMP_merge_then_adapt,TS,lda,coral,19,0,0,22735,0.05,no_leakage_v1_alpha005,gate_all_sources_proxy_source_only_final_training_only,mmd,,,,,merge_then_adapt,coral,near_nearest_proxy,main,2.0,3,3test,far,False,,0.0,direct,0.31258579412127185,0.23042609693989685,0.40183965609093325
9,bnci004,MMP_merge_then_adapt,TS,lda,coral,19,0,0,22735,0.05,no_leakage_v1_alpha005,gate_all_sources_proxy_source_only_final_training_only,mmd,,,,,merge_then_adapt,coral,near_nearest_proxy,anchor,2.0,3,3test,second_nearest_fallback_source,False,1.0,0.0,direct,0.31258579412127185,0.23042609693989685,0.40183965609093325
9,bnci004,MMP_merge_then_adapt,TS,lda,coral,19,0,0,22735,0.05,no_leakage_v1_alpha005,gate_all_sources_proxy_source_only_final_training_only,mmd,,,,,merge_then_adapt,coral,near_nearest_proxy,final,2.0,3,3test,not_used,False,,0.0,direct,0.31258579412127185,0.23042609693989685,0.40183965609093325
9,bnci004,MMP_merge_then_adapt,TS,lda,coral,19,0,0,22735,0.05,no_leakage_v1_alpha005,gate_all_sources_proxy_source_only_final_training_only,mmd,,,,,merge_then_adapt,coral,near_nearest_proxy,main,3.0,4,4test,far,False,,0.0,direct,0.41037236730662274,0.334840352708486,0.5043622349834098
9,bnci004,MMP_merge_then_adapt,TS,lda,coral,19,0,0,22735,0.05,no_leakage_v1_alpha005,gate_all_sources_proxy_source_only_final_training_only,mmd,,,,,merge_then_adapt,coral,near_nearest_proxy,anchor,3.0,4,4test,not_used,False,,0.0,direct,0.41037236730662274,0.334840352708486,0.5043622349834098
9,bnci004,MMP_merge_then_adapt,TS,lda,coral,19,0,0,22735,0.05,no_leakage_v1_alpha005,gate_all_sources_proxy_source_only_final_training_only,mmd,,,,,merge_then_adapt,coral,near_nearest_proxy,final,3.0,4,4test,not_used,False,,0.0,direct,0.41037236730662274,0.334840352708486,0.5043622349834098
9,bnci004,MMP_merge_then_adapt,TS,lda,coral,19,0,0,22735,0.05,no_leakage_v1_alpha005,gate_all_sources_proxy_source_only_final_training_only,mmd,,,,,merge_then_adapt,coral,near_nearest_proxy,main,,0,0train,target,False,,,,,,
9,bnci004,MMP_merge_then_adapt,TS,lda,coral,19,0,0,22735,0.05,no_leakage_v1_alpha005,gate_all_sources_proxy_source_only_final_training_only,mmd,,,,,merge_then_adapt,coral,near_nearest_proxy,final,,0,0train,target,False,,,,,,
9,bnci004,MMP_merge_then_adapt,TS,lda,coral,19,1,1,22766,0.05,no_leakage_v1_alpha005,gate_all_sources_proxy_source_only_final_training_only,mmd,,,,,merge_then_adapt,coral,near_nearest_proxy,main,0.0,0,0train,nearest,True,1.0,1.0,direct,0.07472229570651873,0.04788159148518161,0.10645987536951808
9,bnci004,MMP_merge_then_adapt,TS,lda,coral,19,1,1,22766,0.05,no_leakage_v1_alpha005,gate_all_sources_proxy_source_only_final_training_only,mmd,,,,,merge_then_adapt,coral,near_nearest_proxy,anchor,0.0,0,0train,target,False,,1.0,direct,0.07472229570651873,0.04788159148518161,0.10645987536951808
9,bnci004,MMP_merge_then_adapt,TS,lda,coral,19,1,1,22766,0.05,no_leakage_v1_alpha005,gate_all_sources_proxy_source_only_final_training_only,mmd,,,,,merge_then_adapt,coral,near_nearest_proxy,final,0.0,0,0train,train,True,1.0,1.0,direct,0.07472229570651873,0.04788159148518161,0.10645987536951808
9,bnci004,MMP_merge_then_adapt,TS,lda,coral,19,1,1,22766,0.05,no_leakage_v1_alpha005,gate_all_sources_proxy_source_only_final_training_only,mmd,,,,,merge_then_adapt,coral,near_nearest_proxy,main,1.0,2,2train,far,False,,1.0,direct,0.3230912512602825,0.23429999039796204,0.4072147950942536
9,bnci004,MMP_merge_then_adapt,TS,lda,coral,19,1,1,22766,0.05,no_leakage_v1_alpha005,gate_all_sources_proxy_source_only_final_training_only,mmd,,,,,merge_then_adapt,coral,near_nearest_proxy,anchor,1.0,2,2train,not_used,False,,1.0,direct,0.3230912512602825,0.23429999039796204,0.4072147950942536
9,bnci004,MMP_merge_then_adapt,TS,lda,coral,19,1,1,22766,0.05,no_leakage_v1_alpha005,gate_all_sources_proxy_source_only_final_training_only,mmd,,,,,merge_then_adapt,coral,near_nearest_proxy,final,1.0,2,2train,not_used,False,,1.0,direct,0.3230912512602825,0.23429999039796204,0.4072147950942536
9,bnci004,MMP_merge_then_adapt,TS,lda,coral,19,1,1,22766,0.05,no_leakage_v1_alpha005,gate_all_sources_proxy_source_only_final_training_only,mmd,,,,,merge_then_adapt,coral,near_nearest_proxy,main,2.0,3,3test,far,False,,1.0,direct,0.19812925628933328,0.13396032484988252,0.2673475475056547
9,bnci004,MMP_merge_then_adapt,TS,lda,coral,19,1,1,22766,0.05,no_leakage_v1_alpha005,gate_all_sources_proxy_source_only_final_training_only,mmd,,,,,merge_then_adapt,coral,near_nearest_proxy,anchor,2.0,3,3test,second_nearest_fallback_source,False,1.0,1.0,direct,0.19812925628933328,0.13396032484988252,0.2673475475056547
9,bnci004,MMP_merge_then_adapt,TS,lda,coral,19,1,1,22766,0.05,no_leakage_v1_alpha005,gate_all_sources_proxy_source_only_final_training_only,mmd,,,,,merge_then_adapt,coral,near_nearest_proxy,final,2.0,3,3test,not_used,False,,1.0,direct,0.19812925628933328,0.13396032484988252,0.2673475475056547
9,bnci004,MMP_merge_then_adapt,TS,lda,coral,19,1,1,22766,0.05,no_leakage_v1_alpha005,gate_all_sources_proxy_source_only_final_training_only,mmd,,,,,merge_then_adapt,coral,near_nearest_proxy,main,3.0,4,4test,far,False,,1.0,direct,0.2540445498568431,0.17903796567352404,0.3404972607302306
9,bnci004,MMP_merge_then_adapt,TS,lda,coral,19,1,1,22766,0.05,no_leakage_v1_alpha005,gate_all_sources_proxy_source_only_final_training_only,mmd,,,,,merge_then_adapt,coral,near_nearest_proxy,anchor,3.0,4,4test,not_used,False,,1.0,direct,0.2540445498568431,0.17903796567352404,0.3404972607302306
9,bnci004,MMP_merge_then_adapt,TS,lda,coral,19,1,1,22766,0.05,no_leakage_v1_alpha005,gate_all_sources_proxy_source_only_final_training_only,mmd,,,,,merge_then_adapt,coral,near_nearest_proxy,final,3.0,4,4test,not_used,False,,1.0,direct,0.2540445498568431,0.17903796567352404,0.3404972607302306
9,bnci004,MMP_merge_then_adapt,TS,lda,coral,19,1,1,22766,0.05,no_leakage_v1_alpha005,gate_all_sources_proxy_source_only_final_training_only,mmd,,,,,merge_then_adapt,coral,near_nearest_proxy,main,,1,1train,target,False,,,,,,
9,bnci004,MMP_merge_then_adapt,TS,lda,coral,19,1,1,22766,0.05,no_leakage_v1_alpha005,gate_all_sources_proxy_source_only_final_training_only,mmd,,,,,merge_then_adapt,coral,near_nearest_proxy,final,,1,1train,target,False,,,,,,
9,bnci004,MMP_merge_then_adapt,TS,lda,coral,19,2,2,22797,0.05,no_leakage_v1_alpha005,gate_all_sources_proxy_source_only_final_training_only,mmd,,,,,merge_then_adapt,coral,near_nearest_proxy,main,0.0,0,0train,far,False,,2.0,direct,0.20130480518374747,0.1673328422594559,0.23792486379227126
9,bnci004,MMP_merge_then_adapt,TS,lda,coral,19,2,2,22797,0.05,no_leakage_v1_alpha005,gate_all_sources_proxy_source_only_final_training_only,mmd,,,,,merge_then_adapt,coral,near_nearest_proxy,anchor,0.0,0,0train,not_used,False,,2.0,direct,0.20130480518374747,0.1673328422594559,0.23792486379227126
9,bnci004,MMP_merge_then_adapt,TS,lda,coral,19,2,2,22797,0.05,no_leakage_v1_alpha005,gate_all_sources_proxy_source_only_final_training_only,mmd,,,,,merge_then_adapt,coral,near_nearest_proxy,final,0.0,0,0train,not_used,False,,2.0,direct,0.20130480518374747,0.1673328422594559,0.23792486379227126
9,bnci004,MMP_merge_then_adapt,TS,lda,coral,19,2,2,22797,0.05,no_leakage_v1_alpha005,gate_all_sources_proxy_source_only_final_training_only,mmd,,,,,merge_then_adapt,coral,near_nearest_proxy,main,1.0,1,1train,near,False,0.2941525704494259,2.0,direct,0.15870576636894457,0.12588738713514466,0.1999733240161364
9,bnci004,MMP_merge_then_adapt,TS,lda,coral,19,2,2,22797,0.05,no_leakage_v1_alpha005,gate_all_sources_proxy_source_only_final_training_only,mmd,,,,,merge_then_adapt,coral,near_nearest_proxy,anchor,1.0,1,1train,proxy_source,False,0.46896734154357916,2.0,direct,0.15870576636894457,0.12588738713514466,0.1999733240161364
9,bnci004,MMP_merge_then_adapt,TS,lda,coral,19,2,2,22797,0.05,no_leakage_v1_alpha005,gate_all_sources_proxy_source_only_final_training_only,mmd,,,,,merge_then_adapt,coral,near_nearest_proxy,final,1.0,1,1train,train,False,0.2941525704494259,2.0,direct,0.15870576636894457,0.12588738713514466,0.1999733240161364
9,bnci004,MMP_merge_then_adapt,TS,lda,coral,19,2,2,22797,0.05,no_leakage_v1_alpha005,gate_all_sources_proxy_source_only_final_training_only,mmd,,,,,merge_then_adapt,coral,near_nearest_proxy,main,2.0,3,3test,near,False,0.33308208832497727,2.0,direct,0.140156651556434,0.11452443796473993,0.1739456518836905
9,bnci004,MMP_merge_then_adapt,TS,lda,coral,19,2,2,22797,0.05,no_leakage_v1_alpha005,gate_all_sources_proxy_source_only_final_training_only,mmd,,,,,merge_then_adapt,coral,near_nearest_proxy,anchor,2.0,3,3test,proxy_source,False,0.5310326584564208,2.0,direct,0.140156651556434,0.11452443796473993,0.1739456518836905
9,bnci004,MMP_merge_then_adapt,TS,lda,coral,19,2,2,22797,0.05,no_leakage_v1_alpha005,gate_all_sources_proxy_source_only_final_training_only,mmd,,,,,merge_then_adapt,coral,near_nearest_proxy,final,2.0,3,3test,train,False,0.33308208832497727,2.0,direct,0.140156651556434,0.11452443796473993,0.1739456518836905
9,bnci004,MMP_merge_then_adapt,TS,lda,coral,19,2,2,22797,0.05,no_leakage_v1_alpha005,gate_all_sources_proxy_source_only_final_training_only,mmd,,,,,merge_then_adapt,coral,near_nearest_proxy,main,3.0,4,4test,nearest,True,0.37276534122559674,2.0,direct,0.12523597380676946,0.09690219984574042,0.15332598169670167
9,bnci004,MMP_merge_then_adapt,TS,lda,coral,19,2,2,22797,0.05,no_leakage_v1_alpha005,gate_all_sources_proxy_source_only_final_training_only,mmd,,,,,merge_then_adapt,coral,near_nearest_proxy,anchor,3.0,4,4test,target,False,,2.0,direct,0.12523597380676946,0.09690219984574042,0.15332598169670167
9,bnci004,MMP_merge_then_adapt,TS,lda,coral,19,2,2,22797,0.05,no_leakage_v1_alpha005,gate_all_sources_proxy_source_only_final_training_only,mmd,,,,,merge_then_adapt,coral,near_nearest_proxy,final,3.0,4,4test,train,True,0.37276534122559674,2.0,direct,0.12523597380676946,0.09690219984574042,0.15332598169670167
9,bnci004,MMP_merge_then_adapt,TS,lda,coral,19,2,2,22797,0.05,no_leakage_v1_alpha005,gate_all_sources_proxy_source_only_final_training_only,mmd,,,,,merge_then_adapt,coral,near_nearest_proxy,main,,2,2train,target,False,,,,,,
9,bnci004,MMP_merge_then_adapt,TS,lda,coral,19,2,2,22797,0.05,no_leakage_v1_alpha005,gate_all_sources_proxy_source_only_final_training_only,mmd,,,,,merge_then_adapt,coral,near_nearest_proxy,final,,2,2train,target,False,,,,,,
9,bnci004,MMP_merge_then_adapt,TS,lda,coral,19,3,3,22828,0.05,no_leakage_v1_alpha005,gate_all_sources_proxy_source_only_final_training_only,mmd,,,,,merge_then_adapt,coral,near_nearest_proxy,main,0.0,0,0train,far,False,,3.0,direct,0.1986805869979925,0.15126136567739407,0.25081216347847973
9,bnci004,MMP_merge_then_adapt,TS,lda,coral,19,3,3,22828,0.05,no_leakage_v1_alpha005,gate_all_sources_proxy_source_only_final_training_only,mmd,,,,,merge_then_adapt,coral,near_nearest_proxy,anchor,0.0,0,0train,not_used,False,,3.0,direct,0.1986805869979925,0.15126136567739407,0.25081216347847973
9,bnci004,MMP_merge_then_adapt,TS,lda,coral,19,3,3,22828,0.05,no_leakage_v1_alpha005,gate_all_sources_proxy_source_only_final_training_only,mmd,,,,,merge_then_adapt,coral,near_nearest_proxy,final,0.0,0,0train,not_used,False,,3.0,direct,0.1986805869979925,0.15126136567739407,0.25081216347847973
9,bnci004,MMP_merge_then_adapt,TS,lda,coral,19,3,3,22828,0.05,no_leakage_v1_alpha005,gate_all_sources_proxy_source_only_final_training_only,mmd,,,,,merge_then_adapt,coral,near_nearest_proxy,main,1.0,1,1train,far,False,,3.0,direct,0.14209335215693777,0.09701199955423963,0.18111221482331313
9,bnci004,MMP_merge_then_adapt,TS,lda,coral,19,3,3,22828,0.05,no_leakage_v1_alpha005,gate_all_sources_proxy_source_only_final_training_only,mmd,,,,,merge_then_adapt,coral,near_nearest_proxy,anchor,1.0,1,1train,not_used,False,,3.0,direct,0.14209335215693777,0.09701199955423963,0.18111221482331313
9,bnci004,MMP_merge_then_adapt,TS,lda,coral,19,3,3,22828,0.05,no_leakage_v1_alpha005,gate_all_sources_proxy_source_only_final_training_only,mmd,,,,,merge_then_adapt,coral,near_nearest_proxy,final,1.0,1,1train,not_used,False,,3.0,direct,0.14209335215693777,0.09701199955423963,0.18111221482331313
9,bnci004,MMP_merge_then_adapt,TS,lda,coral,19,3,3,22828,0.05,no_leakage_v1_alpha005,gate_all_sources_proxy_source_only_final_training_only,mmd,,,,,merge_then_adapt,coral,near_nearest_proxy,main,2.0,2,2train,near,False,0.3683914763535064,3.0,direct,0.09817654290571536,0.07102071738111396,0.1306031599223276
9,bnci004,MMP_merge_then_adapt,TS,lda,coral,19,3,3,22828,0.05,no_leakage_v1_alpha005,gate_all_sources_proxy_source_only_final_training_only,mmd,,,,,merge_then_adapt,coral,near_nearest_proxy,anchor,2.0,2,2train,proxy_source,False,1.0,3.0,direct,0.09817654290571536,0.07102071738111396,0.1306031599223276
9,bnci004,MMP_merge_then_adapt,TS,lda,coral,19,3,3,22828,0.05,no_leakage_v1_alpha005,gate_all_sources_proxy_source_only_final_training_only,mmd,,,,,merge_then_adapt,coral,near_nearest_proxy,final,2.0,2,2train,train,False,0.3683914763535064,3.0,direct,0.09817654290571536,0.07102071738111396,0.1306031599223276
9,bnci004,MMP_merge_then_adapt,TS,lda,coral,19,3,3,22828,0.05,no_leakage_v1_alpha005,gate_all_sources_proxy_source_only_final_training_only,mmd,,,,,merge_then_adapt,coral,near_nearest_proxy,main,3.0,4,4test,nearest,True,0.6316085236464936,3.0,direct,0.05726195422200322,0.03811470869220336,0.08107795238565077
9,bnci004,MMP_merge_then_adapt,TS,lda,coral,19,3,3,22828,0.05,no_leakage_v1_alpha005,gate_all_sources_proxy_source_only_final_training_only,mmd,,,,,merge_then_adapt,coral,near_nearest_proxy,anchor,3.0,4,4test,target,False,,3.0,direct,0.05726195422200322,0.03811470869220336,0.08107795238565077
9,bnci004,MMP_merge_then_adapt,TS,lda,coral,19,3,3,22828,0.05,no_leakage_v1_alpha005,gate_all_sources_proxy_source_only_final_training_only,mmd,,,,,merge_then_adapt,coral,near_nearest_proxy,final,3.0,4,4test,train,True,0.6316085236464936,3.0,direct,0.05726195422200322,0.03811470869220336,0.08107795238565077
9,bnci004,MMP_merge_then_adapt,TS,lda,coral,19,3,3,22828,0.05,no_leakage_v1_alpha005,gate_all_sources_proxy_source_only_final_training_only,mmd,,,,,merge_then_adapt,coral,near_nearest_proxy,main,,3,3test,target,False,,,,,,
9,bnci004,MMP_merge_then_adapt,TS,lda,coral,19,3,3,22828,0.05,no_leakage_v1_alpha005,gate_all_sources_proxy_source_only_final_training_only,mmd,,,,,merge_then_adapt,coral,near_nearest_proxy,final,,3,3test,target,False,,,,,,
9,bnci004,MMP_merge_then_adapt,TS,lda,coral,19,4,4,22859,0.05,no_leakage_v1_alpha005,gate_all_sources_proxy_source_only_final_training_only,mmd,,,,,merge_then_adapt,coral,near_nearest_proxy,main,0.0,0,0train,far,False,,4.0,direct,0.15905055862040263,0.12903360029513428,0.19520566625468175
9,bnci004,MMP_merge_then_adapt,TS,lda,coral,19,4,4,22859,0.05,no_leakage_v1_alpha005,gate_all_sources_proxy_source_only_final_training_only,mmd,,,,,merge_then_adapt,coral,near_nearest_proxy,anchor,0.0,0,0train,not_used,False,,4.0,direct,0.15905055862040263,0.12903360029513428,0.19520566625468175
9,bnci004,MMP_merge_then_adapt,TS,lda,coral,19,4,4,22859,0.05,no_leakage_v1_alpha005,gate_all_sources_proxy_source_only_final_training_only,mmd,,,,,merge_then_adapt,coral,near_nearest_proxy,final,0.0,0,0train,not_used,False,,4.0,direct,0.15905055862040263,0.12903360029513428,0.19520566625468175
9,bnci004,MMP_merge_then_adapt,TS,lda,coral,19,4,4,22859,0.05,no_leakage_v1_alpha005,gate_all_sources_proxy_source_only_final_training_only,mmd,,,,,merge_then_adapt,coral,near_nearest_proxy,main,1.0,1,1train,far,False,,4.0,direct,0.11569268592332399,0.08655447915618572,0.15691775755877246
9,bnci004,MMP_merge_then_adapt,TS,lda,coral,19,4,4,22859,0.05,no_leakage_v1_alpha005,gate_all_sources_proxy_source_only_final_training_only,mmd,,,,,merge_then_adapt,coral,near_nearest_proxy,anchor,1.0,1,1train,second_nearest_fallback_source,False,1.0,4.0,direct,0.11569268592332399,0.08655447915618572,0.15691775755877246
9,bnci004,MMP_merge_then_adapt,TS,lda,coral,19,4,4,22859,0.05,no_leakage_v1_alpha005,gate_all_sources_proxy_source_only_final_training_only,mmd,,,,,merge_then_adapt,coral,near_nearest_proxy,final,1.0,1,1train,not_used,False,,4.0,direct,0.11569268592332399,0.08655447915618572,0.15691775755877246
9,bnci004,MMP_merge_then_adapt,TS,lda,coral,19,4,4,22859,0.05,no_leakage_v1_alpha005,gate_all_sources_proxy_source_only_final_training_only,mmd,,,,,merge_then_adapt,coral,near_nearest_proxy,main,2.0,2,2train,far,False,,4.0,direct,0.11839395509808665,0.09427924601145193,0.1473179216794279
9,bnci004,MMP_merge_then_adapt,TS,lda,coral,19,4,4,22859,0.05,no_leakage_v1_alpha005,gate_all_sources_proxy_source_only_final_training_only,mmd,,,,,merge_then_adapt,coral,near_nearest_proxy,anchor,2.0,2,2train,not_used,False,,4.0,direct,0.11839395509808665,0.09427924601145193,0.1473179216794279
9,bnci004,MMP_merge_then_adapt,TS,lda,coral,19,4,4,22859,0.05,no_leakage_v1_alpha005,gate_all_sources_proxy_source_only_final_training_only,mmd,,,,,merge_then_adapt,coral,near_nearest_proxy,final,2.0,2,2train,not_used,False,,4.0,direct,0.11839395509808665,0.09427924601145193,0.1473179216794279
9,bnci004,MMP_merge_then_adapt,TS,lda,coral,19,4,4,22859,0.05,no_leakage_v1_alpha005,gate_all_sources_proxy_source_only_final_training_only,mmd,,,,,merge_then_adapt,coral,near_nearest_proxy,main,3.0,3,3test,nearest,True,1.0,4.0,direct,0.04750729077728173,0.034380773900273345,0.06373807691998697
9,bnci004,MMP_merge_then_adapt,TS,lda,coral,19,4,4,22859,0.05,no_leakage_v1_alpha005,gate_all_sources_proxy_source_only_final_training_only,mmd,,,,,merge_then_adapt,coral,near_nearest_proxy,anchor,3.0,3,3test,target,False,,4.0,direct,0.04750729077728173,0.034380773900273345,0.06373807691998697
9,bnci004,MMP_merge_then_adapt,TS,lda,coral,19,4,4,22859,0.05,no_leakage_v1_alpha005,gate_all_sources_proxy_source_only_final_training_only,mmd,,,,,merge_then_adapt,coral,near_nearest_proxy,final,3.0,3,3test,train,True,1.0,4.0,direct,0.04750729077728173,0.034380773900273345,0.06373807691998697
9,bnci004,MMP_merge_then_adapt,TS,lda,coral,19,4,4,22859,0.05,no_leakage_v1_alpha005,gate_all_sources_proxy_source_only_final_training_only,mmd,,,,,merge_then_adapt,coral,near_nearest_proxy,main,,4,4test,target,False,,,,,,
9,bnci004,MMP_merge_then_adapt,TS,lda,coral,19,4,4,22859,0.05,no_leakage_v1_alpha005,gate_all_sources_proxy_source_only_final_training_only,mmd,,,,,merge_then_adapt,coral,near_nearest_proxy,final,,4,4test,target,False,,,,,,
9,bnci004,MMP_merge_then_adapt,TS,svm_radial,none,20,0,0,23732,0.05,no_leakage_v1_alpha005,gate_all_sources_proxy_source_only_final_training_only,mmd,,,,,merge_then_adapt,coral,near_nearest_proxy,main,0.0,1,1train,nearest,True,1.0,0.0,direct,0.06511961144860236,0.04011456401737046,0.09703358051179857
9,bnci004,MMP_merge_then_adapt,TS,svm_radial,none,20,0,0,23732,0.05,no_leakage_v1_alpha005,gate_all_sources_proxy_source_only_final_training_only,mmd,,,,,merge_then_adapt,coral,near_nearest_proxy,anchor,0.0,1,1train,target,False,,0.0,direct,0.06511961144860236,0.04011456401737046,0.09703358051179857
9,bnci004,MMP_merge_then_adapt,TS,svm_radial,none,20,0,0,23732,0.05,no_leakage_v1_alpha005,gate_all_sources_proxy_source_only_final_training_only,mmd,,,,,merge_then_adapt,coral,near_nearest_proxy,final,0.0,1,1train,train,True,1.0,0.0,direct,0.06511961144860236,0.04011456401737046,0.09703358051179857
9,bnci004,MMP_merge_then_adapt,TS,svm_radial,none,20,0,0,23732,0.05,no_leakage_v1_alpha005,gate_all_sources_proxy_source_only_final_training_only,mmd,,,,,merge_then_adapt,coral,near_nearest_proxy,main,1.0,2,2train,far,False,,0.0,direct,0.4605104775883378,0.37845273745390506,0.542087742213131
9,bnci004,MMP_merge_then_adapt,TS,svm_radial,none,20,0,0,23732,0.05,no_leakage_v1_alpha005,gate_all_sources_proxy_source_only_final_training_only,mmd,,,,,merge_then_adapt,coral,near_nearest_proxy,anchor,1.0,2,2train,not_used,False,,0.0,direct,0.4605104775883378,0.37845273745390506,0.542087742213131
9,bnci004,MMP_merge_then_adapt,TS,svm_radial,none,20,0,0,23732,0.05,no_leakage_v1_alpha005,gate_all_sources_proxy_source_only_final_training_only,mmd,,,,,merge_then_adapt,coral,near_nearest_proxy,final,1.0,2,2train,not_used,False,,0.0,direct,0.4605104775883378,0.37845273745390506,0.542087742213131
9,bnci004,MMP_merge_then_adapt,TS,svm_radial,none,20,0,0,23732,0.05,no_leakage_v1_alpha005,gate_all_sources_proxy_source_only_final_training_only,mmd,,,,,merge_then_adapt,coral,near_nearest_proxy,main,2.0,3,3test,far,False,,0.0,direct,0.3132349211978157,0.2404184605633899,0.38765437095596583
9,bnci004,MMP_merge_then_adapt,TS,svm_radial,none,20,0,0,23732,0.05,no_leakage_v1_alpha005,gate_all_sources_proxy_source_only_final_training_only,mmd,,,,,merge_then_adapt,coral,near_nearest_proxy,anchor,2.0,3,3test,second_nearest_fallback_source,False,1.0,0.0,direct,0.3132349211978157,0.2404184605633899,0.38765437095596583
9,bnci004,MMP_merge_then_adapt,TS,svm_radial,none,20,0,0,23732,0.05,no_leakage_v1_alpha005,gate_all_sources_proxy_source_only_final_training_only,mmd,,,,,merge_then_adapt,coral,near_nearest_proxy,final,2.0,3,3test,not_used,False,,0.0,direct,0.3132349211978157,0.2404184605633899,0.38765437095596583
9,bnci004,MMP_merge_then_adapt,TS,svm_radial,none,20,0,0,23732,0.05,no_leakage_v1_alpha005,gate_all_sources_proxy_source_only_final_training_only,mmd,,,,,merge_then_adapt,coral,near_nearest_proxy,main,3.0,4,4test,far,False,,0.0,direct,0.4098658076864426,0.3273073195559577,0.4990239686294182
9,bnci004,MMP_merge_then_adapt,TS,svm_radial,none,20,0,0,23732,0.05,no_leakage_v1_alpha005,gate_all_sources_proxy_source_only_final_training_only,mmd,,,,,merge_then_adapt,coral,near_nearest_proxy,anchor,3.0,4,4test,not_used,False,,0.0,direct,0.4098658076864426,0.3273073195559577,0.4990239686294182
9,bnci004,MMP_merge_then_adapt,TS,svm_radial,none,20,0,0,23732,0.05,no_leakage_v1_alpha005,gate_all_sources_proxy_source_only_final_training_only,mmd,,,,,merge_then_adapt,coral,near_nearest_proxy,final,3.0,4,4test,not_used,False,,0.0,direct,0.4098658076864426,0.3273073195559577,0.4990239686294182
9,bnci004,MMP_merge_then_adapt,TS,svm_radial,none,20,0,0,23732,0.05,no_leakage_v1_alpha005,gate_all_sources_proxy_source_only_final_training_only,mmd,,,,,merge_then_adapt,coral,near_nearest_proxy,main,,0,0train,target,False,,,,,,
9,bnci004,MMP_merge_then_adapt,TS,svm_radial,none,20,0,0,23732,0.05,no_leakage_v1_alpha005,gate_all_sources_proxy_source_only_final_training_only,mmd,,,,,merge_then_adapt,coral,near_nearest_proxy,final,,0,0train,target,False,,,,,,
9,bnci004,MMP_merge_then_adapt,TS,svm_radial,none,20,1,1,23763,0.05,no_leakage_v1_alpha005,gate_all_sources_proxy_source_only_final_training_only,mmd,,,,,merge_then_adapt,coral,near_nearest_proxy,main,0.0,0,0train,nearest,True,1.0,1.0,direct,0.07308033229154151,0.0487734290524026,0.10176374962086589
9,bnci004,MMP_merge_then_adapt,TS,svm_radial,none,20,1,1,23763,0.05,no_leakage_v1_alpha005,gate_all_sources_proxy_source_only_final_training_only,mmd,,,,,merge_then_adapt,coral,near_nearest_proxy,anchor,0.0,0,0train,target,False,,1.0,direct,0.07308033229154151,0.0487734290524026,0.10176374962086589
9,bnci004,MMP_merge_then_adapt,TS,svm_radial,none,20,1,1,23763,0.05,no_leakage_v1_alpha005,gate_all_sources_proxy_source_only_final_training_only,mmd,,,,,merge_then_adapt,coral,near_nearest_proxy,final,0.0,0,0train,train,True,1.0,1.0,direct,0.07308033229154151,0.0487734290524026,0.10176374962086589
9,bnci004,MMP_merge_then_adapt,TS,svm_radial,none,20,1,1,23763,0.05,no_leakage_v1_alpha005,gate_all_sources_proxy_source_only_final_training_only,mmd,,,,,merge_then_adapt,coral,near_nearest_proxy,main,1.0,2,2train,far,False,,1.0,direct,0.31779782900086356,0.23475839267543766,0.4025426847549225
9,bnci004,MMP_merge_then_adapt,TS,svm_radial,none,20,1,1,23763,0.05,no_leakage_v1_alpha005,gate_all_sources_proxy_source_only_final_training_only,mmd,,,,,merge_then_adapt,coral,near_nearest_proxy,anchor,1.0,2,2train,not_used,False,,1.0,direct,0.31779782900086356,0.23475839267543766,0.4025426847549225
9,bnci004,MMP_merge_then_adapt,TS,svm_radial,none,20,1,1,23763,0.05,no_leakage_v1_alpha005,gate_all_sources_proxy_source_only_final_training_only,mmd,,,,,merge_then_adapt,coral,near_nearest_proxy,final,1.0,2,2train,not_used,False,,1.0,direct,0.31779782900086356,0.23475839267543766,0.4025426847549225
9,bnci004,MMP_merge_then_adapt,TS,svm_radial,none,20,1,1,23763,0.05,no_leakage_v1_alpha005,gate_all_sources_proxy_source_only_final_training_only,mmd,,,,,merge_then_adapt,coral,near_nearest_proxy,main,2.0,3,3test,far,False,,1.0,direct,0.1953438374277102,0.11901228496990514,0.27912390059666453
9,bnci004,MMP_merge_then_adapt,TS,svm_radial,none,20,1,1,23763,0.05,no_leakage_v1_alpha005,gate_all_sources_proxy_source_only_final_training_only,mmd,,,,,merge_then_adapt,coral,near_nearest_proxy,anchor,2.0,3,3test,second_nearest_fallback_source,False,1.0,1.0,direct,0.1953438374277102,0.11901228496990514,0.27912390059666453
9,bnci004,MMP_merge_then_adapt,TS,svm_radial,none,20,1,1,23763,0.05,no_leakage_v1_alpha005,gate_all_sources_proxy_source_only_final_training_only,mmd,,,,,merge_then_adapt,coral,near_nearest_proxy,final,2.0,3,3test,not_used,False,,1.0,direct,0.1953438374277102,0.11901228496990514,0.27912390059666453
9,bnci004,MMP_merge_then_adapt,TS,svm_radial,none,20,1,1,23763,0.05,no_leakage_v1_alpha005,gate_all_sources_proxy_source_only_final_training_only,mmd,,,,,merge_then_adapt,coral,near_nearest_proxy,main,3.0,4,4test,far,False,,1.0,direct,0.2581787036546532,0.1857469721320646,0.34692549967126174
9,bnci004,MMP_merge_then_adapt,TS,svm_radial,none,20,1,1,23763,0.05,no_leakage_v1_alpha005,gate_all_sources_proxy_source_only_final_training_only,mmd,,,,,merge_then_adapt,coral,near_nearest_proxy,anchor,3.0,4,4test,not_used,False,,1.0,direct,0.2581787036546532,0.1857469721320646,0.34692549967126174
9,bnci004,MMP_merge_then_adapt,TS,svm_radial,none,20,1,1,23763,0.05,no_leakage_v1_alpha005,gate_all_sources_proxy_source_only_final_training_only,mmd,,,,,merge_then_adapt,coral,near_nearest_proxy,final,3.0,4,4test,not_used,False,,1.0,direct,0.2581787036546532,0.1857469721320646,0.34692549967126174
9,bnci004,MMP_merge_then_adapt,TS,svm_radial,none,20,1,1,23763,0.05,no_leakage_v1_alpha005,gate_all_sources_proxy_source_only_final_training_only,mmd,,,,,merge_then_adapt,coral,near_nearest_proxy,main,,1,1train,target,False,,,,,,
9,bnci004,MMP_merge_then_adapt,TS,svm_radial,none,20,1,1,23763,0.05,no_leakage_v1_alpha005,gate_all_sources_proxy_source_only_final_training_only,mmd,,,,,merge_then_adapt,coral,near_nearest_proxy,final,,1,1train,target,False,,,,,,
9,bnci004,MMP_merge_then_adapt,TS,svm_radial,none,20,2,2,23794,0.05,no_leakage_v1_alpha005,gate_all_sources_proxy_source_only_final_training_only,mmd,,,,,merge_then_adapt,coral,near_nearest_proxy,main,0.0,0,0train,far,False,,2.0,direct,0.20289854239577104,0.17249689617246988,0.23731905979013912
9,bnci004,MMP_merge_then_adapt,TS,svm_radial,none,20,2,2,23794,0.05,no_leakage_v1_alpha005,gate_all_sources_proxy_source_only_final_training_only,mmd,,,,,merge_then_adapt,coral,near_nearest_proxy,anchor,0.0,0,0train,not_used,False,,2.0,direct,0.20289854239577104,0.17249689617246988,0.23731905979013912
9,bnci004,MMP_merge_then_adapt,TS,svm_radial,none,20,2,2,23794,0.05,no_leakage_v1_alpha005,gate_all_sources_proxy_source_only_final_training_only,mmd,,,,,merge_then_adapt,coral,near_nearest_proxy,final,0.0,0,0train,not_used,False,,2.0,direct,0.20289854239577104,0.17249689617246988,0.23731905979013912
9,bnci004,MMP_merge_then_adapt,TS,svm_radial,none,20,2,2,23794,0.05,no_leakage_v1_alpha005,gate_all_sources_proxy_source_only_final_training_only,mmd,,,,,merge_then_adapt,coral,near_nearest_proxy,main,1.0,1,1train,near,False,0.296281848522089,2.0,direct,0.1589799058341464,0.12508973497739528,0.19218529138483278
9,bnci004,MMP_merge_then_adapt,TS,svm_radial,none,20,2,2,23794,0.05,no_leakage_v1_alpha005,gate_all_sources_proxy_source_only_final_training_only,mmd,,,,,merge_then_adapt,coral,near_nearest_proxy,anchor,1.0,1,1train,proxy_source,False,0.4683887532943612,2.0,direct,0.1589799058341464,0.12508973497739528,0.19218529138483278
9,bnci004,MMP_merge_then_adapt,TS,svm_radial,none,20,2,2,23794,0.05,no_leakage_v1_alpha005,gate_all_sources_proxy_source_only_final_training_only,mmd,,,,,merge_then_adapt,coral,near_nearest_proxy,final,1.0,1,1train,train,False,0.296281848522089,2.0,direct,0.1589799058341464,0.12508973497739528,0.19218529138483278
9,bnci004,MMP_merge_then_adapt,TS,svm_radial,none,20,2,2,23794,0.05,no_leakage_v1_alpha005,gate_all_sources_proxy_source_only_final_training_only,mmd,,,,,merge_then_adapt,coral,near_nearest_proxy,main,2.0,3,3test,near,False,0.33627357992964674,2.0,direct,0.14007291443036265,0.11723358018582317,0.17178386073169732
9,bnci004,MMP_merge_then_adapt,TS,svm_radial,none,20,2,2,23794,0.05,no_leakage_v1_alpha005,gate_all_sources_proxy_source_only_final_training_only,mmd,,,,,merge_then_adapt,coral,near_nearest_proxy,anchor,2.0,3,3test,proxy_source,False,0.5316112467056389,2.0,direct,0.14007291443036265,0.11723358018582317,0.17178386073169732
9,bnci004,MMP_merge_then_adapt,TS,svm_radial,none,20,2,2,23794,0.05,no_leakage_v1_alpha005,gate_all_sources_proxy_source_only_final_training_only,mmd,,,,,merge_then_adapt,coral,near_nearest_proxy,final,2.0,3,3test,train,False,0.33627357992964674,2.0,direct,0.14007291443036265,0.11723358018582317,0.17178386073169732
9,bnci004,MMP_merge_then_adapt,TS,svm_radial,none,20,2,2,23794,0.05,no_leakage_v1_alpha005,gate_all_sources_proxy_source_only_final_training_only,mmd,,,,,merge_then_adapt,coral,near_nearest_proxy,main,3.0,4,4test,nearest,True,0.3674445715482642,2.0,direct,0.12819018938615212,0.09669731688857339,0.15805106221592033
9,bnci004,MMP_merge_then_adapt,TS,svm_radial,none,20,2,2,23794,0.05,no_leakage_v1_alpha005,gate_all_sources_proxy_source_only_final_training_only,mmd,,,,,merge_then_adapt,coral,near_nearest_proxy,anchor,3.0,4,4test,target,False,,2.0,direct,0.12819018938615212,0.09669731688857339,0.15805106221592033
9,bnci004,MMP_merge_then_adapt,TS,svm_radial,none,20,2,2,23794,0.05,no_leakage_v1_alpha005,gate_all_sources_proxy_source_only_final_training_only,mmd,,,,,merge_then_adapt,coral,near_nearest_proxy,final,3.0,4,4test,train,True,0.3674445715482642,2.0,direct,0.12819018938615212,0.09669731688857339,0.15805106221592033
9,bnci004,MMP_merge_then_adapt,TS,svm_radial,none,20,2,2,23794,0.05,no_leakage_v1_alpha005,gate_all_sources_proxy_source_only_final_training_only,mmd,,,,,merge_then_adapt,coral,near_nearest_proxy,main,,2,2train,target,False,,,,,,
9,bnci004,MMP_merge_then_adapt,TS,svm_radial,none,20,2,2,23794,0.05,no_leakage_v1_alpha005,gate_all_sources_proxy_source_only_final_training_only,mmd,,,,,merge_then_adapt,coral,near_nearest_proxy,final,,2,2train,target,False,,,,,,
9,bnci004,MMP_merge_then_adapt,TS,svm_radial,none,20,3,3,23825,0.05,no_leakage_v1_alpha005,gate_all_sources_proxy_source_only_final_training_only,mmd,,,,,merge_then_adapt,coral,near_nearest_proxy,main,0.0,0,0train,far,False,,3.0,direct,0.19295757082222878,0.15346899963889826,0.24532874716687736
9,bnci004,MMP_merge_then_adapt,TS,svm_radial,none,20,3,3,23825,0.05,no_leakage_v1_alpha005,gate_all_sources_proxy_source_only_final_training_only,mmd,,,,,merge_then_adapt,coral,near_nearest_proxy,anchor,0.0,0,0train,not_used,False,,3.0,direct,0.19295757082222878,0.15346899963889826,0.24532874716687736
9,bnci004,MMP_merge_then_adapt,TS,svm_radial,none,20,3,3,23825,0.05,no_leakage_v1_alpha005,gate_all_sources_proxy_source_only_final_training_only,mmd,,,,,merge_then_adapt,coral,near_nearest_proxy,final,0.0,0,0train,not_used,False,,3.0,direct,0.19295757082222878,0.15346899963889826,0.24532874716687736
9,bnci004,MMP_merge_then_adapt,TS,svm_radial,none,20,3,3,23825,0.05,no_leakage_v1_alpha005,gate_all_sources_proxy_source_only_final_training_only,mmd,,,,,merge_then_adapt,coral,near_nearest_proxy,main,1.0,1,1train,far,False,,3.0,direct,0.13949596862138322,0.1039334730192247,0.18910119763001912
9,bnci004,MMP_merge_then_adapt,TS,svm_radial,none,20,3,3,23825,0.05,no_leakage_v1_alpha005,gate_all_sources_proxy_source_only_final_training_only,mmd,,,,,merge_then_adapt,coral,near_nearest_proxy,anchor,1.0,1,1train,not_used,False,,3.0,direct,0.13949596862138322,0.1039334730192247,0.18910119763001912
9,bnci004,MMP_merge_then_adapt,TS,svm_radial,none,20,3,3,23825,0.05,no_leakage_v1_alpha005,gate_all_sources_proxy_source_only_final_training_only,mmd,,,,,merge_then_adapt,coral,near_nearest_proxy,final,1.0,1,1train,not_used,False,,3.0,direct,0.13949596862138322,0.1039334730192247,0.18910119763001912
9,bnci004,MMP_merge_then_adapt,TS,svm_radial,none,20,3,3,23825,0.05,no_leakage_v1_alpha005,gate_all_sources_proxy_source_only_final_training_only,mmd,,,,,merge_then_adapt,coral,near_nearest_proxy,main,2.0,2,2train,near,False,0.37617945647384227,3.0,direct,0.09740449564892238,0.07208967469579027,0.1292973636432274
9,bnci004,MMP_merge_then_adapt,TS,svm_radial,none,20,3,3,23825,0.05,no_leakage_v1_alpha005,gate_all_sources_proxy_source_only_final_training_only,mmd,,,,,merge_then_adapt,coral,near_nearest_proxy,anchor,2.0,2,2train,proxy_source,False,1.0,3.0,direct,0.09740449564892238,0.07208967469579027,0.1292973636432274
9,bnci004,MMP_merge_then_adapt,TS,svm_radial,none,20,3,3,23825,0.05,no_leakage_v1_alpha005,gate_all_sources_proxy_source_only_final_training_only,mmd,,,,,merge_then_adapt,coral,near_nearest_proxy,final,2.0,2,2train,train,False,0.37617945647384227,3.0,direct,0.09740449564892238,0.07208967469579027,0.1292973636432274
9,bnci004,MMP_merge_then_adapt,TS,svm_radial,none,20,3,3,23825,0.05,no_leakage_v1_alpha005,gate_all_sources_proxy_source_only_final_training_only,mmd,,,,,merge_then_adapt,coral,near_nearest_proxy,main,3.0,4,4test,nearest,True,0.6238205435261578,3.0,direct,0.058736960445575435,0.03956685579824234,0.08361255750078678
9,bnci004,MMP_merge_then_adapt,TS,svm_radial,none,20,3,3,23825,0.05,no_leakage_v1_alpha005,gate_all_sources_proxy_source_only_final_training_only,mmd,,,,,merge_then_adapt,coral,near_nearest_proxy,anchor,3.0,4,4test,target,False,,3.0,direct,0.058736960445575435,0.03956685579824234,0.08361255750078678
9,bnci004,MMP_merge_then_adapt,TS,svm_radial,none,20,3,3,23825,0.05,no_leakage_v1_alpha005,gate_all_sources_proxy_source_only_final_training_only,mmd,,,,,merge_then_adapt,coral,near_nearest_proxy,final,3.0,4,4test,train,True,0.6238205435261578,3.0,direct,0.058736960445575435,0.03956685579824234,0.08361255750078678
9,bnci004,MMP_merge_then_adapt,TS,svm_radial,none,20,3,3,23825,0.05,no_leakage_v1_alpha005,gate_all_sources_proxy_source_only_final_training_only,mmd,,,,,merge_then_adapt,coral,near_nearest_proxy,main,,3,3test,target,False,,,,,,
9,bnci004,MMP_merge_then_adapt,TS,svm_radial,none,20,3,3,23825,0.05,no_leakage_v1_alpha005,gate_all_sources_proxy_source_only_final_training_only,mmd,,,,,merge_then_adapt,coral,near_nearest_proxy,final,,3,3test,target,False,,,,,,
9,bnci004,MMP_merge_then_adapt,TS,svm_radial,none,20,4,4,23856,0.05,no_leakage_v1_alpha005,gate_all_sources_proxy_source_only_final_training_only,mmd,,,,,merge_then_adapt,coral,near_nearest_proxy,main,0.0,0,0train,far,False,,4.0,direct,0.16236448369662948,0.13240883192585687,0.19802346113107977
9,bnci004,MMP_merge_then_adapt,TS,svm_radial,none,20,4,4,23856,0.05,no_leakage_v1_alpha005,gate_all_sources_proxy_source_only_final_training_only,mmd,,,,,merge_then_adapt,coral,near_nearest_proxy,anchor,0.0,0,0train,not_used,False,,4.0,direct,0.16236448369662948,0.13240883192585687,0.19802346113107977
9,bnci004,MMP_merge_then_adapt,TS,svm_radial,none,20,4,4,23856,0.05,no_leakage_v1_alpha005,gate_all_sources_proxy_source_only_final_training_only,mmd,,,,,merge_then_adapt,coral,near_nearest_proxy,final,0.0,0,0train,not_used,False,,4.0,direct,0.16236448369662948,0.13240883192585687,0.19802346113107977
9,bnci004,MMP_merge_then_adapt,TS,svm_radial,none,20,4,4,23856,0.05,no_leakage_v1_alpha005,gate_all_sources_proxy_source_only_final_training_only,mmd,,,,,merge_then_adapt,coral,near_nearest_proxy,main,1.0,1,1train,far,False,,4.0,direct,0.11921339801054981,0.09096012859327403,0.15669526321049593
9,bnci004,MMP_merge_then_adapt,TS,svm_radial,none,20,4,4,23856,0.05,no_leakage_v1_alpha005,gate_all_sources_proxy_source_only_final_training_only,mmd,,,,,merge_then_adapt,coral,near_nearest_proxy,anchor,1.0,1,1train,second_nearest_fallback_source,False,1.0,4.0,direct,0.11921339801054981,0.09096012859327403,0.15669526321049593
9,bnci004,MMP_merge_then_adapt,TS,svm_radial,none,20,4,4,23856,0.05,no_leakage_v1_alpha005,gate_all_sources_proxy_source_only_final_training_only,mmd,,,,,merge_then_adapt,coral,near_nearest_proxy,final,1.0,1,1train,not_used,False,,4.0,direct,0.11921339801054981,0.09096012859327403,0.15669526321049593
9,bnci004,MMP_merge_then_adapt,TS,svm_radial,none,20,4,4,23856,0.05,no_leakage_v1_alpha005,gate_all_sources_proxy_source_only_final_training_only,mmd,,,,,merge_then_adapt,coral,near_nearest_proxy,main,2.0,2,2train,far,False,,4.0,direct,0.12216965965547462,0.09494756965618821,0.15494113866499035
9,bnci004,MMP_merge_then_adapt,TS,svm_radial,none,20,4,4,23856,0.05,no_leakage_v1_alpha005,gate_all_sources_proxy_source_only_final_training_only,mmd,,,,,merge_then_adapt,coral,near_nearest_proxy,anchor,2.0,2,2train,not_used,False,,4.0,direct,0.12216965965547462,0.09494756965618821,0.15494113866499035
9,bnci004,MMP_merge_then_adapt,TS,svm_radial,none,20,4,4,23856,0.05,no_leakage_v1_alpha005,gate_all_sources_proxy_source_only_final_training_only,mmd,,,,,merge_then_adapt,coral,near_nearest_proxy,final,2.0,2,2train,not_used,False,,4.0,direct,0.12216965965547462,0.09494756965618821,0.15494113866499035
9,bnci004,MMP_merge_then_adapt,TS,svm_radial,none,20,4,4,23856,0.05,no_leakage_v1_alpha005,gate_all_sources_proxy_source_only_final_training_only,mmd,,,,,merge_then_adapt,coral,near_nearest_proxy,main,3.0,3,3test,nearest,True,1.0,4.0,direct,0.047681092719828205,0.03612207621524325,0.06460909235995807
9,bnci004,MMP_merge_then_adapt,TS,svm_radial,none,20,4,4,23856,0.05,no_leakage_v1_alpha005,gate_all_sources_proxy_source_only_final_training_only,mmd,,,,,merge_then_adapt,coral,near_nearest_proxy,anchor,3.0,3,3test,target,False,,4.0,direct,0.047681092719828205,0.03612207621524325,0.06460909235995807
9,bnci004,MMP_merge_then_adapt,TS,svm_radial,none,20,4,4,23856,0.05,no_leakage_v1_alpha005,gate_all_sources_proxy_source_only_final_training_only,mmd,,,,,merge_then_adapt,coral,near_nearest_proxy,final,3.0,3,3test,train,True,1.0,4.0,direct,0.047681092719828205,0.03612207621524325,0.06460909235995807
9,bnci004,MMP_merge_then_adapt,TS,svm_radial,none,20,4,4,23856,0.05,no_leakage_v1_alpha005,gate_all_sources_proxy_source_only_final_training_only,mmd,,,,,merge_then_adapt,coral,near_nearest_proxy,main,,4,4test,target,False,,,,,,
9,bnci004,MMP_merge_then_adapt,TS,svm_radial,none,20,4,4,23856,0.05,no_leakage_v1_alpha005,gate_all_sources_proxy_source_only_final_training_only,mmd,,,,,merge_then_adapt,coral,near_nearest_proxy,final,,4,4test,target,False,,,,,,
9,bnci004,MMP_merge_then_adapt,TS,svm_radial,sa,21,0,0,24729,0.05,no_leakage_v1_alpha005,gate_all_sources_proxy_source_only_final_training_only,mmd,,,,,merge_then_adapt,coral,near_nearest_proxy,main,0.0,1,1train,nearest,True,1.0,0.0,direct,0.06425860748090369,0.042576081802487405,0.09712932635479056
9,bnci004,MMP_merge_then_adapt,TS,svm_radial,sa,21,0,0,24729,0.05,no_leakage_v1_alpha005,gate_all_sources_proxy_source_only_final_training_only,mmd,,,,,merge_then_adapt,coral,near_nearest_proxy,anchor,0.0,1,1train,target,False,,0.0,direct,0.06425860748090369,0.042576081802487405,0.09712932635479056
9,bnci004,MMP_merge_then_adapt,TS,svm_radial,sa,21,0,0,24729,0.05,no_leakage_v1_alpha005,gate_all_sources_proxy_source_only_final_training_only,mmd,,,,,merge_then_adapt,coral,near_nearest_proxy,final,0.0,1,1train,train,True,1.0,0.0,direct,0.06425860748090369,0.042576081802487405,0.09712932635479056
9,bnci004,MMP_merge_then_adapt,TS,svm_radial,sa,21,0,0,24729,0.05,no_leakage_v1_alpha005,gate_all_sources_proxy_source_only_final_training_only,mmd,,,,,merge_then_adapt,coral,near_nearest_proxy,main,1.0,2,2train,far,False,,0.0,direct,0.4576110175952043,0.3661572888793162,0.5525130700495389
9,bnci004,MMP_merge_then_adapt,TS,svm_radial,sa,21,0,0,24729,0.05,no_leakage_v1_alpha005,gate_all_sources_proxy_source_only_final_training_only,mmd,,,,,merge_then_adapt,coral,near_nearest_proxy,anchor,1.0,2,2train,not_used,False,,0.0,direct,0.4576110175952043,0.3661572888793162,0.5525130700495389
9,bnci004,MMP_merge_then_adapt,TS,svm_radial,sa,21,0,0,24729,0.05,no_leakage_v1_alpha005,gate_all_sources_proxy_source_only_final_training_only,mmd,,,,,merge_then_adapt,coral,near_nearest_proxy,final,1.0,2,2train,not_used,False,,0.0,direct,0.4576110175952043,0.3661572888793162,0.5525130700495389
9,bnci004,MMP_merge_then_adapt,TS,svm_radial,sa,21,0,0,24729,0.05,no_leakage_v1_alpha005,gate_all_sources_proxy_source_only_final_training_only,mmd,,,,,merge_then_adapt,coral,near_nearest_proxy,main,2.0,3,3test,far,False,,0.0,direct,0.3121575334805228,0.2241873805076768,0.3936963547388388
9,bnci004,MMP_merge_then_adapt,TS,svm_radial,sa,21,0,0,24729,0.05,no_leakage_v1_alpha005,gate_all_sources_proxy_source_only_final_training_only,mmd,,,,,merge_then_adapt,coral,near_nearest_proxy,anchor,2.0,3,3test,second_nearest_fallback_source,False,1.0,0.0,direct,0.3121575334805228,0.2241873805076768,0.3936963547388388
9,bnci004,MMP_merge_then_adapt,TS,svm_radial,sa,21,0,0,24729,0.05,no_leakage_v1_alpha005,gate_all_sources_proxy_source_only_final_training_only,mmd,,,,,merge_then_adapt,coral,near_nearest_proxy,final,2.0,3,3test,not_used,False,,0.0,direct,0.3121575334805228,0.2241873805076768,0.3936963547388388
9,bnci004,MMP_merge_then_adapt,TS,svm_radial,sa,21,0,0,24729,0.05,no_leakage_v1_alpha005,gate_all_sources_proxy_source_only_final_training_only,mmd,,,,,merge_then_adapt,coral,near_nearest_proxy,main,3.0,4,4test,far,False,,0.0,direct,0.40944280788395104,0.3198207609624834,0.4814016215781756
9,bnci004,MMP_merge_then_adapt,TS,svm_radial,sa,21,0,0,24729,0.05,no_leakage_v1_alpha005,gate_all_sources_proxy_source_only_final_training_only,mmd,,,,,merge_then_adapt,coral,near_nearest_proxy,anchor,3.0,4,4test,not_used,False,,0.0,direct,0.40944280788395104,0.3198207609624834,0.4814016215781756
9,bnci004,MMP_merge_then_adapt,TS,svm_radial,sa,21,0,0,24729,0.05,no_leakage_v1_alpha005,gate_all_sources_proxy_source_only_final_training_only,mmd,,,,,merge_then_adapt,coral,near_nearest_proxy,final,3.0,4,4test,not_used,False,,0.0,direct,0.40944280788395104,0.3198207609624834,0.4814016215781756
9,bnci004,MMP_merge_then_adapt,TS,svm_radial,sa,21,0,0,24729,0.05,no_leakage_v1_alpha005,gate_all_sources_proxy_source_only_final_training_only,mmd,,,,,merge_then_adapt,coral,near_nearest_proxy,main,,0,0train,target,False,,,,,,
9,bnci004,MMP_merge_then_adapt,TS,svm_radial,sa,21,0,0,24729,0.05,no_leakage_v1_alpha005,gate_all_sources_proxy_source_only_final_training_only,mmd,,,,,merge_then_adapt,coral,near_nearest_proxy,final,,0,0train,target,False,,,,,,
9,bnci004,MMP_merge_then_adapt,TS,svm_radial,sa,21,1,1,24760,0.05,no_leakage_v1_alpha005,gate_all_sources_proxy_source_only_final_training_only,mmd,,,,,merge_then_adapt,coral,near_nearest_proxy,main,0.0,0,0train,nearest,True,1.0,1.0,direct,0.07422695088681547,0.04846216175832923,0.10563571670163896
9,bnci004,MMP_merge_then_adapt,TS,svm_radial,sa,21,1,1,24760,0.05,no_leakage_v1_alpha005,gate_all_sources_proxy_source_only_final_training_only,mmd,,,,,merge_then_adapt,coral,near_nearest_proxy,anchor,0.0,0,0train,target,False,,1.0,direct,0.07422695088681547,0.04846216175832923,0.10563571670163896
9,bnci004,MMP_merge_then_adapt,TS,svm_radial,sa,21,1,1,24760,0.05,no_leakage_v1_alpha005,gate_all_sources_proxy_source_only_final_training_only,mmd,,,,,merge_then_adapt,coral,near_nearest_proxy,final,0.0,0,0train,train,True,1.0,1.0,direct,0.07422695088681547,0.04846216175832923,0.10563571670163896
9,bnci004,MMP_merge_then_adapt,TS,svm_radial,sa,21,1,1,24760,0.05,no_leakage_v1_alpha005,gate_all_sources_proxy_source_only_final_training_only,mmd,,,,,merge_then_adapt,coral,near_nearest_proxy,main,1.0,2,2train,far,False,,1.0,direct,0.3270667880258391,0.2439272966969026,0.41611547415386385
9,bnci004,MMP_merge_then_adapt,TS,svm_radial,sa,21,1,1,24760,0.05,no_leakage_v1_alpha005,gate_all_sources_proxy_source_only_final_training_only,mmd,,,,,merge_then_adapt,coral,near_nearest_proxy,anchor,1.0,2,2train,not_used,False,,1.0,direct,0.3270667880258391,0.2439272966969026,0.41611547415386385
9,bnci004,MMP_merge_then_adapt,TS,svm_radial,sa,21,1,1,24760,0.05,no_leakage_v1_alpha005,gate_all_sources_proxy_source_only_final_training_only,mmd,,,,,merge_then_adapt,coral,near_nearest_proxy,final,1.0,2,2train,not_used,False,,1.0,direct,0.3270667880258391,0.2439272966969026,0.41611547415386385
9,bnci004,MMP_merge_then_adapt,TS,svm_radial,sa,21,1,1,24760,0.05,no_leakage_v1_alpha005,gate_all_sources_proxy_source_only_final_training_only,mmd,,,,,merge_then_adapt,coral,near_nearest_proxy,main,2.0,3,3test,far,False,,1.0,direct,0.19492511162210488,0.1193156574936998,0.27261885995807605
9,bnci004,MMP_merge_then_adapt,TS,svm_radial,sa,21,1,1,24760,0.05,no_leakage_v1_alpha005,gate_all_sources_proxy_source_only_final_training_only,mmd,,,,,merge_then_adapt,coral,near_nearest_proxy,anchor,2.0,3,3test,second_nearest_fallback_source,False,1.0,1.0,direct,0.19492511162210488,0.1193156574936998,0.27261885995807605
9,bnci004,MMP_merge_then_adapt,TS,svm_radial,sa,21,1,1,24760,0.05,no_leakage_v1_alpha005,gate_all_sources_proxy_source_only_final_training_only,mmd,,,,,merge_then_adapt,coral,near_nearest_proxy,final,2.0,3,3test,not_used,False,,1.0,direct,0.19492511162210488,0.1193156574936998,0.27261885995807605
9,bnci004,MMP_merge_then_adapt,TS,svm_radial,sa,21,1,1,24760,0.05,no_leakage_v1_alpha005,gate_all_sources_proxy_source_only_final_training_only,mmd,,,,,merge_then_adapt,coral,near_nearest_proxy,main,3.0,4,4test,far,False,,1.0,direct,0.2524827496722969,0.18096796023607314,0.3351204905307738
9,bnci004,MMP_merge_then_adapt,TS,svm_radial,sa,21,1,1,24760,0.05,no_leakage_v1_alpha005,gate_all_sources_proxy_source_only_final_training_only,mmd,,,,,merge_then_adapt,coral,near_nearest_proxy,anchor,3.0,4,4test,not_used,False,,1.0,direct,0.2524827496722969,0.18096796023607314,0.3351204905307738
9,bnci004,MMP_merge_then_adapt,TS,svm_radial,sa,21,1,1,24760,0.05,no_leakage_v1_alpha005,gate_all_sources_proxy_source_only_final_training_only,mmd,,,,,merge_then_adapt,coral,near_nearest_proxy,final,3.0,4,4test,not_used,False,,1.0,direct,0.2524827496722969,0.18096796023607314,0.3351204905307738
9,bnci004,MMP_merge_then_adapt,TS,svm_radial,sa,21,1,1,24760,0.05,no_leakage_v1_alpha005,gate_all_sources_proxy_source_only_final_training_only,mmd,,,,,merge_then_adapt,coral,near_nearest_proxy,main,,1,1train,target,False,,,,,,
9,bnci004,MMP_merge_then_adapt,TS,svm_radial,sa,21,1,1,24760,0.05,no_leakage_v1_alpha005,gate_all_sources_proxy_source_only_final_training_only,mmd,,,,,merge_then_adapt,coral,near_nearest_proxy,final,,1,1train,target,False,,,,,,
9,bnci004,MMP_merge_then_adapt,TS,svm_radial,sa,21,2,2,24791,0.05,no_leakage_v1_alpha005,gate_all_sources_proxy_source_only_final_training_only,mmd,,,,,merge_then_adapt,coral,near_nearest_proxy,main,0.0,0,0train,far,False,,2.0,direct,0.20059537700986138,0.1698888236304683,0.2301949316028499
9,bnci004,MMP_merge_then_adapt,TS,svm_radial,sa,21,2,2,24791,0.05,no_leakage_v1_alpha005,gate_all_sources_proxy_source_only_final_training_only,mmd,,,,,merge_then_adapt,coral,near_nearest_proxy,anchor,0.0,0,0train,not_used,False,,2.0,direct,0.20059537700986138,0.1698888236304683,0.2301949316028499
9,bnci004,MMP_merge_then_adapt,TS,svm_radial,sa,21,2,2,24791,0.05,no_leakage_v1_alpha005,gate_all_sources_proxy_source_only_final_training_only,mmd,,,,,merge_then_adapt,coral,near_nearest_proxy,final,0.0,0,0train,not_used,False,,2.0,direct,0.20059537700986138,0.1698888236304683,0.2301949316028499
9,bnci004,MMP_merge_then_adapt,TS,svm_radial,sa,21,2,2,24791,0.05,no_leakage_v1_alpha005,gate_all_sources_proxy_source_only_final_training_only,mmd,,,,,merge_then_adapt,coral,near_nearest_proxy,main,1.0,1,1train,near,False,0.29617794810169695,2.0,direct,0.15852110410848474,0.1222495101394528,0.19433914698987803
9,bnci004,MMP_merge_then_adapt,TS,svm_radial,sa,21,2,2,24791,0.05,no_leakage_v1_alpha005,gate_all_sources_proxy_source_only_final_training_only,mmd,,,,,merge_then_adapt,coral,near_nearest_proxy,anchor,1.0,1,1train,proxy_source,False,0.4666305668359527,2.0,direct,0.15852110410848474,0.1222495101394528,0.19433914698987803
9,bnci004,MMP_merge_then_adapt,TS,svm_radial,sa,21,2,2,24791,0.05,no_leakage_v1_alpha005,gate_all_sources_proxy_source_only_final_training_only,mmd,,,,,merge_then_adapt,coral,near_nearest_proxy,final,1.0,1,1train,train,False,0.29617794810169695,2.0,direct,0.15852110410848474,0.1222495101394528,0.19433914698987803
9,bnci004,MMP_merge_then_adapt,TS,svm_radial,sa,21,2,2,24791,0.05,no_leakage_v1_alpha005,gate_all_sources_proxy_source_only_final_training_only,mmd,,,,,merge_then_adapt,coral,near_nearest_proxy,main,2.0,3,3test,near,False,0.3385381831409878,2.0,direct,0.138685723866718,0.10892054283049764,0.16952170017130277
9,bnci004,MMP_merge_then_adapt,TS,svm_radial,sa,21,2,2,24791,0.05,no_leakage_v1_alpha005,gate_all_sources_proxy_source_only_final_training_only,mmd,,,,,merge_then_adapt,coral,near_nearest_proxy,anchor,2.0,3,3test,proxy_source,False,0.5333694331640474,2.0,direct,0.138685723866718,0.10892054283049764,0.16952170017130277
9,bnci004,MMP_merge_then_adapt,TS,svm_radial,sa,21,2,2,24791,0.05,no_leakage_v1_alpha005,gate_all_sources_proxy_source_only_final_training_only,mmd,,,,,merge_then_adapt,coral,near_nearest_proxy,final,2.0,3,3test,train,False,0.3385381831409878,2.0,direct,0.138685723866718,0.10892054283049764,0.16952170017130277
9,bnci004,MMP_merge_then_adapt,TS,svm_radial,sa,21,2,2,24791,0.05,no_leakage_v1_alpha005,gate_all_sources_proxy_source_only_final_training_only,mmd,,,,,merge_then_adapt,coral,near_nearest_proxy,main,3.0,4,4test,nearest,True,0.36528386875731517,2.0,direct,0.1285312335293361,0.096379184320397,0.16033249921986364
9,bnci004,MMP_merge_then_adapt,TS,svm_radial,sa,21,2,2,24791,0.05,no_leakage_v1_alpha005,gate_all_sources_proxy_source_only_final_training_only,mmd,,,,,merge_then_adapt,coral,near_nearest_proxy,anchor,3.0,4,4test,target,False,,2.0,direct,0.1285312335293361,0.096379184320397,0.16033249921986364
9,bnci004,MMP_merge_then_adapt,TS,svm_radial,sa,21,2,2,24791,0.05,no_leakage_v1_alpha005,gate_all_sources_proxy_source_only_final_training_only,mmd,,,,,merge_then_adapt,coral,near_nearest_proxy,final,3.0,4,4test,train,True,0.36528386875731517,2.0,direct,0.1285312335293361,0.096379184320397,0.16033249921986364
9,bnci004,MMP_merge_then_adapt,TS,svm_radial,sa,21,2,2,24791,0.05,no_leakage_v1_alpha005,gate_all_sources_proxy_source_only_final_training_only,mmd,,,,,merge_then_adapt,coral,near_nearest_proxy,main,,2,2train,target,False,,,,,,
9,bnci004,MMP_merge_then_adapt,TS,svm_radial,sa,21,2,2,24791,0.05,no_leakage_v1_alpha005,gate_all_sources_proxy_source_only_final_training_only,mmd,,,,,merge_then_adapt,coral,near_nearest_proxy,final,,2,2train,target,False,,,,,,
9,bnci004,MMP_merge_then_adapt,TS,svm_radial,sa,21,3,3,24822,0.05,no_leakage_v1_alpha005,gate_all_sources_proxy_source_only_final_training_only,mmd,,,,,merge_then_adapt,coral,near_nearest_proxy,main,0.0,0,0train,far,False,,3.0,direct,0.19420196075476773,0.14659911020202404,0.24578644810748496
9,bnci004,MMP_merge_then_adapt,TS,svm_radial,sa,21,3,3,24822,0.05,no_leakage_v1_alpha005,gate_all_sources_proxy_source_only_final_training_only,mmd,,,,,merge_then_adapt,coral,near_nearest_proxy,anchor,0.0,0,0train,not_used,False,,3.0,direct,0.19420196075476773,0.14659911020202404,0.24578644810748496
9,bnci004,MMP_merge_then_adapt,TS,svm_radial,sa,21,3,3,24822,0.05,no_leakage_v1_alpha005,gate_all_sources_proxy_source_only_final_training_only,mmd,,,,,merge_then_adapt,coral,near_nearest_proxy,final,0.0,0,0train,not_used,False,,3.0,direct,0.19420196075476773,0.14659911020202404,0.24578644810748496
9,bnci004,MMP_merge_then_adapt,TS,svm_radial,sa,21,3,3,24822,0.05,no_leakage_v1_alpha005,gate_all_sources_proxy_source_only_final_training_only,mmd,,,,,merge_then_adapt,coral,near_nearest_proxy,main,1.0,1,1train,far,False,,3.0,direct,0.1413675011249418,0.1031320145186794,0.1915031062055506
9,bnci004,MMP_merge_then_adapt,TS,svm_radial,sa,21,3,3,24822,0.05,no_leakage_v1_alpha005,gate_all_sources_proxy_source_only_final_training_only,mmd,,,,,merge_then_adapt,coral,near_nearest_proxy,anchor,1.0,1,1train,not_used,False,,3.0,direct,0.1413675011249418,0.1031320145186794,0.1915031062055506
9,bnci004,MMP_merge_then_adapt,TS,svm_radial,sa,21,3,3,24822,0.05,no_leakage_v1_alpha005,gate_all_sources_proxy_source_only_final_training_only,mmd,,,,,merge_then_adapt,coral,near_nearest_proxy,final,1.0,1,1train,not_used,False,,3.0,direct,0.1413675011249418,0.1031320145186794,0.1915031062055506
9,bnci004,MMP_merge_then_adapt,TS,svm_radial,sa,21,3,3,24822,0.05,no_leakage_v1_alpha005,gate_all_sources_proxy_source_only_final_training_only,mmd,,,,,merge_then_adapt,coral,near_nearest_proxy,main,2.0,2,2train,near,False,0.36971289024409093,3.0,direct,0.09756729602060603,0.06826825557112913,0.13315045088263078
9,bnci004,MMP_merge_then_adapt,TS,svm_radial,sa,21,3,3,24822,0.05,no_leakage_v1_alpha005,gate_all_sources_proxy_source_only_final_training_only,mmd,,,,,merge_then_adapt,coral,near_nearest_proxy,anchor,2.0,2,2train,proxy_source,False,1.0,3.0,direct,0.09756729602060603,0.06826825557112913,0.13315045088263078
9,bnci004,MMP_merge_then_adapt,TS,svm_radial,sa,21,3,3,24822,0.05,no_leakage_v1_alpha005,gate_all_sources_proxy_source_only_final_training_only,mmd,,,,,merge_then_adapt,coral,near_nearest_proxy,final,2.0,2,2train,train,False,0.36971289024409093,3.0,direct,0.09756729602060603,0.06826825557112913,0.13315045088263078
9,bnci004,MMP_merge_then_adapt,TS,svm_radial,sa,21,3,3,24822,0.05,no_leakage_v1_alpha005,gate_all_sources_proxy_source_only_final_training_only,mmd,,,,,merge_then_adapt,coral,near_nearest_proxy,main,3.0,4,4test,nearest,True,0.6302871097559091,3.0,direct,0.05723046826204168,0.03702662372368209,0.08145394256355117
9,bnci004,MMP_merge_then_adapt,TS,svm_radial,sa,21,3,3,24822,0.05,no_leakage_v1_alpha005,gate_all_sources_proxy_source_only_final_training_only,mmd,,,,,merge_then_adapt,coral,near_nearest_proxy,anchor,3.0,4,4test,target,False,,3.0,direct,0.05723046826204168,0.03702662372368209,0.08145394256355117
9,bnci004,MMP_merge_then_adapt,TS,svm_radial,sa,21,3,3,24822,0.05,no_leakage_v1_alpha005,gate_all_sources_proxy_source_only_final_training_only,mmd,,,,,merge_then_adapt,coral,near_nearest_proxy,final,3.0,4,4test,train,True,0.6302871097559091,3.0,direct,0.05723046826204168,0.03702662372368209,0.08145394256355117
9,bnci004,MMP_merge_then_adapt,TS,svm_radial,sa,21,3,3,24822,0.05,no_leakage_v1_alpha005,gate_all_sources_proxy_source_only_final_training_only,mmd,,,,,merge_then_adapt,coral,near_nearest_proxy,main,,3,3test,target,False,,,,,,
9,bnci004,MMP_merge_then_adapt,TS,svm_radial,sa,21,3,3,24822,0.05,no_leakage_v1_alpha005,gate_all_sources_proxy_source_only_final_training_only,mmd,,,,,merge_then_adapt,coral,near_nearest_proxy,final,,3,3test,target,False,,,,,,
9,bnci004,MMP_merge_then_adapt,TS,svm_radial,sa,21,4,4,24853,0.05,no_leakage_v1_alpha005,gate_all_sources_proxy_source_only_final_training_only,mmd,,,,,merge_then_adapt,coral,near_nearest_proxy,main,0.0,0,0train,far,False,,4.0,direct,0.15735693754491203,0.12099366284579642,0.19170943159740986
9,bnci004,MMP_merge_then_adapt,TS,svm_radial,sa,21,4,4,24853,0.05,no_leakage_v1_alpha005,gate_all_sources_proxy_source_only_final_training_only,mmd,,,,,merge_then_adapt,coral,near_nearest_proxy,anchor,0.0,0,0train,not_used,False,,4.0,direct,0.15735693754491203,0.12099366284579642,0.19170943159740986
9,bnci004,MMP_merge_then_adapt,TS,svm_radial,sa,21,4,4,24853,0.05,no_leakage_v1_alpha005,gate_all_sources_proxy_source_only_final_training_only,mmd,,,,,merge_then_adapt,coral,near_nearest_proxy,final,0.0,0,0train,not_used,False,,4.0,direct,0.15735693754491203,0.12099366284579642,0.19170943159740986
9,bnci004,MMP_merge_then_adapt,TS,svm_radial,sa,21,4,4,24853,0.05,no_leakage_v1_alpha005,gate_all_sources_proxy_source_only_final_training_only,mmd,,,,,merge_then_adapt,coral,near_nearest_proxy,main,1.0,1,1train,far,False,,4.0,direct,0.11637762803787631,0.08545488394268402,0.15028776484425352
9,bnci004,MMP_merge_then_adapt,TS,svm_radial,sa,21,4,4,24853,0.05,no_leakage_v1_alpha005,gate_all_sources_proxy_source_only_final_training_only,mmd,,,,,merge_then_adapt,coral,near_nearest_proxy,anchor,1.0,1,1train,second_nearest_fallback_source,False,1.0,4.0,direct,0.11637762803787631,0.08545488394268402,0.15028776484425352
9,bnci004,MMP_merge_then_adapt,TS,svm_radial,sa,21,4,4,24853,0.05,no_leakage_v1_alpha005,gate_all_sources_proxy_source_only_final_training_only,mmd,,,,,merge_then_adapt,coral,near_nearest_proxy,final,1.0,1,1train,not_used,False,,4.0,direct,0.11637762803787631,0.08545488394268402,0.15028776484425352
9,bnci004,MMP_merge_then_adapt,TS,svm_radial,sa,21,4,4,24853,0.05,no_leakage_v1_alpha005,gate_all_sources_proxy_source_only_final_training_only,mmd,,,,,merge_then_adapt,coral,near_nearest_proxy,main,2.0,2,2train,far,False,,4.0,direct,0.1222275270687535,0.09695321760569894,0.1523571061175183
9,bnci004,MMP_merge_then_adapt,TS,svm_radial,sa,21,4,4,24853,0.05,no_leakage_v1_alpha005,gate_all_sources_proxy_source_only_final_training_only,mmd,,,,,merge_then_adapt,coral,near_nearest_proxy,anchor,2.0,2,2train,not_used,False,,4.0,direct,0.1222275270687535,0.09695321760569894,0.1523571061175183
9,bnci004,MMP_merge_then_adapt,TS,svm_radial,sa,21,4,4,24853,0.05,no_leakage_v1_alpha005,gate_all_sources_proxy_source_only_final_training_only,mmd,,,,,merge_then_adapt,coral,near_nearest_proxy,final,2.0,2,2train,not_used,False,,4.0,direct,0.1222275270687535,0.09695321760569894,0.1523571061175183
9,bnci004,MMP_merge_then_adapt,TS,svm_radial,sa,21,4,4,24853,0.05,no_leakage_v1_alpha005,gate_all_sources_proxy_source_only_final_training_only,mmd,,,,,merge_then_adapt,coral,near_nearest_proxy,main,3.0,3,3test,nearest,True,1.0,4.0,direct,0.04893344208704699,0.03661404596513397,0.06616938903616865
9,bnci004,MMP_merge_then_adapt,TS,svm_radial,sa,21,4,4,24853,0.05,no_leakage_v1_alpha005,gate_all_sources_proxy_source_only_final_training_only,mmd,,,,,merge_then_adapt,coral,near_nearest_proxy,anchor,3.0,3,3test,target,False,,4.0,direct,0.04893344208704699,0.03661404596513397,0.06616938903616865
9,bnci004,MMP_merge_then_adapt,TS,svm_radial,sa,21,4,4,24853,0.05,no_leakage_v1_alpha005,gate_all_sources_proxy_source_only_final_training_only,mmd,,,,,merge_then_adapt,coral,near_nearest_proxy,final,3.0,3,3test,train,True,1.0,4.0,direct,0.04893344208704699,0.03661404596513397,0.06616938903616865
9,bnci004,MMP_merge_then_adapt,TS,svm_radial,sa,21,4,4,24853,0.05,no_leakage_v1_alpha005,gate_all_sources_proxy_source_only_final_training_only,mmd,,,,,merge_then_adapt,coral,near_nearest_proxy,main,,4,4test,target,False,,,,,,
9,bnci004,MMP_merge_then_adapt,TS,svm_radial,sa,21,4,4,24853,0.05,no_leakage_v1_alpha005,gate_all_sources_proxy_source_only_final_training_only,mmd,,,,,merge_then_adapt,coral,near_nearest_proxy,final,,4,4test,target,False,,,,,,
9,bnci004,MMP_merge_then_adapt,TS,svm_radial,pt,22,0,0,25726,0.05,no_leakage_v1_alpha005,gate_all_sources_proxy_source_only_final_training_only,mmd,,,,,merge_then_adapt,coral,near_nearest_proxy,main,0.0,1,1train,nearest,True,1.0,0.0,direct,0.06159978655185853,0.042717835970924656,0.0940781538717882
9,bnci004,MMP_merge_then_adapt,TS,svm_radial,pt,22,0,0,25726,0.05,no_leakage_v1_alpha005,gate_all_sources_proxy_source_only_final_training_only,mmd,,,,,merge_then_adapt,coral,near_nearest_proxy,anchor,0.0,1,1train,target,False,,0.0,direct,0.06159978655185853,0.042717835970924656,0.0940781538717882
9,bnci004,MMP_merge_then_adapt,TS,svm_radial,pt,22,0,0,25726,0.05,no_leakage_v1_alpha005,gate_all_sources_proxy_source_only_final_training_only,mmd,,,,,merge_then_adapt,coral,near_nearest_proxy,final,0.0,1,1train,train,True,1.0,0.0,direct,0.06159978655185853,0.042717835970924656,0.0940781538717882
9,bnci004,MMP_merge_then_adapt,TS,svm_radial,pt,22,0,0,25726,0.05,no_leakage_v1_alpha005,gate_all_sources_proxy_source_only_final_training_only,mmd,,,,,merge_then_adapt,coral,near_nearest_proxy,main,1.0,2,2train,far,False,,0.0,direct,0.45966646030048325,0.3704447406111552,0.550999353483721
9,bnci004,MMP_merge_then_adapt,TS,svm_radial,pt,22,0,0,25726,0.05,no_leakage_v1_alpha005,gate_all_sources_proxy_source_only_final_training_only,mmd,,,,,merge_then_adapt,coral,near_nearest_proxy,anchor,1.0,2,2train,not_used,False,,0.0,direct,0.45966646030048325,0.3704447406111552,0.550999353483721
9,bnci004,MMP_merge_then_adapt,TS,svm_radial,pt,22,0,0,25726,0.05,no_leakage_v1_alpha005,gate_all_sources_proxy_source_only_final_training_only,mmd,,,,,merge_then_adapt,coral,near_nearest_proxy,final,1.0,2,2train,not_used,False,,0.0,direct,0.45966646030048325,0.3704447406111552,0.550999353483721
9,bnci004,MMP_merge_then_adapt,TS,svm_radial,pt,22,0,0,25726,0.05,no_leakage_v1_alpha005,gate_all_sources_proxy_source_only_final_training_only,mmd,,,,,merge_then_adapt,coral,near_nearest_proxy,main,2.0,3,3test,far,False,,0.0,direct,0.318792762827332,0.2433445772132011,0.3972364371140166
9,bnci004,MMP_merge_then_adapt,TS,svm_radial,pt,22,0,0,25726,0.05,no_leakage_v1_alpha005,gate_all_sources_proxy_source_only_final_training_only,mmd,,,,,merge_then_adapt,coral,near_nearest_proxy,anchor,2.0,3,3test,second_nearest_fallback_source,False,1.0,0.0,direct,0.318792762827332,0.2433445772132011,0.3972364371140166
9,bnci004,MMP_merge_then_adapt,TS,svm_radial,pt,22,0,0,25726,0.05,no_leakage_v1_alpha005,gate_all_sources_proxy_source_only_final_training_only,mmd,,,,,merge_then_adapt,coral,near_nearest_proxy,final,2.0,3,3test,not_used,False,,0.0,direct,0.318792762827332,0.2433445772132011,0.3972364371140166
9,bnci004,MMP_merge_then_adapt,TS,svm_radial,pt,22,0,0,25726,0.05,no_leakage_v1_alpha005,gate_all_sources_proxy_source_only_final_training_only,mmd,,,,,merge_then_adapt,coral,near_nearest_proxy,main,3.0,4,4test,far,False,,0.0,direct,0.4106803270254912,0.3131120276943119,0.505534233297376
9,bnci004,MMP_merge_then_adapt,TS,svm_radial,pt,22,0,0,25726,0.05,no_leakage_v1_alpha005,gate_all_sources_proxy_source_only_final_training_only,mmd,,,,,merge_then_adapt,coral,near_nearest_proxy,anchor,3.0,4,4test,not_used,False,,0.0,direct,0.4106803270254912,0.3131120276943119,0.505534233297376
9,bnci004,MMP_merge_then_adapt,TS,svm_radial,pt,22,0,0,25726,0.05,no_leakage_v1_alpha005,gate_all_sources_proxy_source_only_final_training_only,mmd,,,,,merge_then_adapt,coral,near_nearest_proxy,final,3.0,4,4test,not_used,False,,0.0,direct,0.4106803270254912,0.3131120276943119,0.505534233297376
9,bnci004,MMP_merge_then_adapt,TS,svm_radial,pt,22,0,0,25726,0.05,no_leakage_v1_alpha005,gate_all_sources_proxy_source_only_final_training_only,mmd,,,,,merge_then_adapt,coral,near_nearest_proxy,main,,0,0train,target,False,,,,,,
9,bnci004,MMP_merge_then_adapt,TS,svm_radial,pt,22,0,0,25726,0.05,no_leakage_v1_alpha005,gate_all_sources_proxy_source_only_final_training_only,mmd,,,,,merge_then_adapt,coral,near_nearest_proxy,final,,0,0train,target,False,,,,,,
9,bnci004,MMP_merge_then_adapt,TS,svm_radial,pt,22,1,1,25757,0.05,no_leakage_v1_alpha005,gate_all_sources_proxy_source_only_final_training_only,mmd,,,,,merge_then_adapt,coral,near_nearest_proxy,main,0.0,0,0train,nearest,True,1.0,1.0,direct,0.07307258272249147,0.048925554680540106,0.1040502787933962
9,bnci004,MMP_merge_then_adapt,TS,svm_radial,pt,22,1,1,25757,0.05,no_leakage_v1_alpha005,gate_all_sources_proxy_source_only_final_training_only,mmd,,,,,merge_then_adapt,coral,near_nearest_proxy,anchor,0.0,0,0train,target,False,,1.0,direct,0.07307258272249147,0.048925554680540106,0.1040502787933962
9,bnci004,MMP_merge_then_adapt,TS,svm_radial,pt,22,1,1,25757,0.05,no_leakage_v1_alpha005,gate_all_sources_proxy_source_only_final_training_only,mmd,,,,,merge_then_adapt,coral,near_nearest_proxy,final,0.0,0,0train,train,True,1.0,1.0,direct,0.07307258272249147,0.048925554680540106,0.1040502787933962
9,bnci004,MMP_merge_then_adapt,TS,svm_radial,pt,22,1,1,25757,0.05,no_leakage_v1_alpha005,gate_all_sources_proxy_source_only_final_training_only,mmd,,,,,merge_then_adapt,coral,near_nearest_proxy,main,1.0,2,2train,far,False,,1.0,direct,0.32068269621289003,0.23799581230604777,0.3882828325092424
9,bnci004,MMP_merge_then_adapt,TS,svm_radial,pt,22,1,1,25757,0.05,no_leakage_v1_alpha005,gate_all_sources_proxy_source_only_final_training_only,mmd,,,,,merge_then_adapt,coral,near_nearest_proxy,anchor,1.0,2,2train,not_used,False,,1.0,direct,0.32068269621289003,0.23799581230604777,0.3882828325092424
9,bnci004,MMP_merge_then_adapt,TS,svm_radial,pt,22,1,1,25757,0.05,no_leakage_v1_alpha005,gate_all_sources_proxy_source_only_final_training_only,mmd,,,,,merge_then_adapt,coral,near_nearest_proxy,final,1.0,2,2train,not_used,False,,1.0,direct,0.32068269621289003,0.23799581230604777,0.3882828325092424
9,bnci004,MMP_merge_then_adapt,TS,svm_radial,pt,22,1,1,25757,0.05,no_leakage_v1_alpha005,gate_all_sources_proxy_source_only_final_training_only,mmd,,,,,merge_then_adapt,coral,near_nearest_proxy,main,2.0,3,3test,far,False,,1.0,direct,0.19539973777369596,0.13386647915261743,0.27087855417555934
9,bnci004,MMP_merge_then_adapt,TS,svm_radial,pt,22,1,1,25757,0.05,no_leakage_v1_alpha005,gate_all_sources_proxy_source_only_final_training_only,mmd,,,,,merge_then_adapt,coral,near_nearest_proxy,anchor,2.0,3,3test,second_nearest_fallback_source,False,1.0,1.0,direct,0.19539973777369596,0.13386647915261743,0.27087855417555934
9,bnci004,MMP_merge_then_adapt,TS,svm_radial,pt,22,1,1,25757,0.05,no_leakage_v1_alpha005,gate_all_sources_proxy_source_only_final_training_only,mmd,,,,,merge_then_adapt,coral,near_nearest_proxy,final,2.0,3,3test,not_used,False,,1.0,direct,0.19539973777369596,0.13386647915261743,0.27087855417555934
9,bnci004,MMP_merge_then_adapt,TS,svm_radial,pt,22,1,1,25757,0.05,no_leakage_v1_alpha005,gate_all_sources_proxy_source_only_final_training_only,mmd,,,,,merge_then_adapt,coral,near_nearest_proxy,main,3.0,4,4test,far,False,,1.0,direct,0.2584285489293905,0.18731222390150692,0.33513882782513105
9,bnci004,MMP_merge_then_adapt,TS,svm_radial,pt,22,1,1,25757,0.05,no_leakage_v1_alpha005,gate_all_sources_proxy_source_only_final_training_only,mmd,,,,,merge_then_adapt,coral,near_nearest_proxy,anchor,3.0,4,4test,not_used,False,,1.0,direct,0.2584285489293905,0.18731222390150692,0.33513882782513105
9,bnci004,MMP_merge_then_adapt,TS,svm_radial,pt,22,1,1,25757,0.05,no_leakage_v1_alpha005,gate_all_sources_proxy_source_only_final_training_only,mmd,,,,,merge_then_adapt,coral,near_nearest_proxy,final,3.0,4,4test,not_used,False,,1.0,direct,0.2584285489293905,0.18731222390150692,0.33513882782513105
9,bnci004,MMP_merge_then_adapt,TS,svm_radial,pt,22,1,1,25757,0.05,no_leakage_v1_alpha005,gate_all_sources_proxy_source_only_final_training_only,mmd,,,,,merge_then_adapt,coral,near_nearest_proxy,main,,1,1train,target,False,,,,,,
9,bnci004,MMP_merge_then_adapt,TS,svm_radial,pt,22,1,1,25757,0.05,no_leakage_v1_alpha005,gate_all_sources_proxy_source_only_final_training_only,mmd,,,,,merge_then_adapt,coral,near_nearest_proxy,final,,1,1train,target,False,,,,,,
9,bnci004,MMP_merge_then_adapt,TS,svm_radial,pt,22,2,2,25788,0.05,no_leakage_v1_alpha005,gate_all_sources_proxy_source_only_final_training_only,mmd,,,,,merge_then_adapt,coral,near_nearest_proxy,main,0.0,0,0train,far,False,,2.0,direct,0.20073430925621907,0.16843312497047502,0.23768117760411747
9,bnci004,MMP_merge_then_adapt,TS,svm_radial,pt,22,2,2,25788,0.05,no_leakage_v1_alpha005,gate_all_sources_proxy_source_only_final_training_only,mmd,,,,,merge_then_adapt,coral,near_nearest_proxy,anchor,0.0,0,0train,not_used,False,,2.0,direct,0.20073430925621907,0.16843312497047502,0.23768117760411747
9,bnci004,MMP_merge_then_adapt,TS,svm_radial,pt,22,2,2,25788,0.05,no_leakage_v1_alpha005,gate_all_sources_proxy_source_only_final_training_only,mmd,,,,,merge_then_adapt,coral,near_nearest_proxy,final,0.0,0,0train,not_used,False,,2.0,direct,0.20073430925621907,0.16843312497047502,0.23768117760411747
9,bnci004,MMP_merge_then_adapt,TS,svm_radial,pt,22,2,2,25788,0.05,no_leakage_v1_alpha005,gate_all_sources_proxy_source_only_final_training_only,mmd,,,,,merge_then_adapt,coral,near_nearest_proxy,main,1.0,1,1train,near,False,0.2964041820270883,2.0,direct,0.1583539956977178,0.12184592503681209,0.20603938028389704
9,bnci004,MMP_merge_then_adapt,TS,svm_radial,pt,22,2,2,25788,0.05,no_leakage_v1_alpha005,gate_all_sources_proxy_source_only_final_training_only,mmd,,,,,merge_then_adapt,coral,near_nearest_proxy,anchor,1.0,1,1train,proxy_source,False,0.4658792047749142,2.0,direct,0.1583539956977178,0.12184592503681209,0.20603938028389704
9,bnci004,MMP_merge_then_adapt,TS,svm_radial,pt,22,2,2,25788,0.05,no_leakage_v1_alpha005,gate_all_sources_proxy_source_only_final_training_only,mmd,,,,,merge_then_adapt,coral,near_nearest_proxy,final,1.0,1,1train,train,False,0.2964041820270883,2.0,direct,0.1583539956977178,0.12184592503681209,0.20603938028389704
9,bnci004,MMP_merge_then_adapt,TS,svm_radial,pt,22,2,2,25788,0.05,no_leakage_v1_alpha005,gate_all_sources_proxy_source_only_final_training_only,mmd,,,,,merge_then_adapt,coral,near_nearest_proxy,main,2.0,3,3test,near,False,0.33982121500537554,2.0,direct,0.13812187431478531,0.11129016025053147,0.1694639338576121
9,bnci004,MMP_merge_then_adapt,TS,svm_radial,pt,22,2,2,25788,0.05,no_leakage_v1_alpha005,gate_all_sources_proxy_source_only_final_training_only,mmd,,,,,merge_then_adapt,coral,near_nearest_proxy,anchor,2.0,3,3test,proxy_source,False,0.5341207952250858,2.0,direct,0.13812187431478531,0.11129016025053147,0.1694639338576121
9,bnci004,MMP_merge_then_adapt,TS,svm_radial,pt,22,2,2,25788,0.05,no_leakage_v1_alpha005,gate_all_sources_proxy_source_only_final_training_only,mmd,,,,,merge_then_adapt,coral,near_nearest_proxy,final,2.0,3,3test,train,False,0.33982121500537554,2.0,direct,0.13812187431478531,0.11129016025053147,0.1694639338576121
9,bnci004,MMP_merge_then_adapt,TS,svm_radial,pt,22,2,2,25788,0.05,no_leakage_v1_alpha005,gate_all_sources_proxy_source_only_final_training_only,mmd,,,,,merge_then_adapt,coral,near_nearest_proxy,main,3.0,4,4test,nearest,True,0.36377460296753605,2.0,direct,0.1290269271471678,0.10040416785614817,0.1592419150564722
9,bnci004,MMP_merge_then_adapt,TS,svm_radial,pt,22,2,2,25788,0.05,no_leakage_v1_alpha005,gate_all_sources_proxy_source_only_final_training_only,mmd,,,,,merge_then_adapt,coral,near_nearest_proxy,anchor,3.0,4,4test,target,False,,2.0,direct,0.1290269271471678,0.10040416785614817,0.1592419150564722
9,bnci004,MMP_merge_then_adapt,TS,svm_radial,pt,22,2,2,25788,0.05,no_leakage_v1_alpha005,gate_all_sources_proxy_source_only_final_training_only,mmd,,,,,merge_then_adapt,coral,near_nearest_proxy,final,3.0,4,4test,train,True,0.36377460296753605,2.0,direct,0.1290269271471678,0.10040416785614817,0.1592419150564722
9,bnci004,MMP_merge_then_adapt,TS,svm_radial,pt,22,2,2,25788,0.05,no_leakage_v1_alpha005,gate_all_sources_proxy_source_only_final_training_only,mmd,,,,,merge_then_adapt,coral,near_nearest_proxy,main,,2,2train,target,False,,,,,,
9,bnci004,MMP_merge_then_adapt,TS,svm_radial,pt,22,2,2,25788,0.05,no_leakage_v1_alpha005,gate_all_sources_proxy_source_only_final_training_only,mmd,,,,,merge_then_adapt,coral,near_nearest_proxy,final,,2,2train,target,False,,,,,,
9,bnci004,MMP_merge_then_adapt,TS,svm_radial,pt,22,3,3,25819,0.05,no_leakage_v1_alpha005,gate_all_sources_proxy_source_only_final_training_only,mmd,,,,,merge_then_adapt,coral,near_nearest_proxy,main,0.0,0,0train,far,False,,3.0,direct,0.1974097447498751,0.1585018220435425,0.24452288598352645
9,bnci004,MMP_merge_then_adapt,TS,svm_radial,pt,22,3,3,25819,0.05,no_leakage_v1_alpha005,gate_all_sources_proxy_source_only_final_training_only,mmd,,,,,merge_then_adapt,coral,near_nearest_proxy,anchor,0.0,0,0train,not_used,False,,3.0,direct,0.1974097447498751,0.1585018220435425,0.24452288598352645
9,bnci004,MMP_merge_then_adapt,TS,svm_radial,pt,22,3,3,25819,0.05,no_leakage_v1_alpha005,gate_all_sources_proxy_source_only_final_training_only,mmd,,,,,merge_then_adapt,coral,near_nearest_proxy,final,0.0,0,0train,not_used,False,,3.0,direct,0.1974097447498751,0.1585018220435425,0.24452288598352645
9,bnci004,MMP_merge_then_adapt,TS,svm_radial,pt,22,3,3,25819,0.05,no_leakage_v1_alpha005,gate_all_sources_proxy_source_only_final_training_only,mmd,,,,,merge_then_adapt,coral,near_nearest_proxy,main,1.0,1,1train,far,False,,3.0,direct,0.1425747797162097,0.10020300180581869,0.18863791470385535
9,bnci004,MMP_merge_then_adapt,TS,svm_radial,pt,22,3,3,25819,0.05,no_leakage_v1_alpha005,gate_all_sources_proxy_source_only_final_training_only,mmd,,,,,merge_then_adapt,coral,near_nearest_proxy,anchor,1.0,1,1train,not_used,False,,3.0,direct,0.1425747797162097,0.10020300180581869,0.18863791470385535
9,bnci004,MMP_merge_then_adapt,TS,svm_radial,pt,22,3,3,25819,0.05,no_leakage_v1_alpha005,gate_all_sources_proxy_source_only_final_training_only,mmd,,,,,merge_then_adapt,coral,near_nearest_proxy,final,1.0,1,1train,not_used,False,,3.0,direct,0.1425747797162097,0.10020300180581869,0.18863791470385535
9,bnci004,MMP_merge_then_adapt,TS,svm_radial,pt,22,3,3,25819,0.05,no_leakage_v1_alpha005,gate_all_sources_proxy_source_only_final_training_only,mmd,,,,,merge_then_adapt,coral,near_nearest_proxy,main,2.0,2,2train,near,False,0.37146402126157524,3.0,direct,0.0978082891030426,0.06776470239847847,0.1435858631451474
9,bnci004,MMP_merge_then_adapt,TS,svm_radial,pt,22,3,3,25819,0.05,no_leakage_v1_alpha005,gate_all_sources_proxy_source_only_final_training_only,mmd,,,,,merge_then_adapt,coral,near_nearest_proxy,anchor,2.0,2,2train,proxy_source,False,1.0,3.0,direct,0.0978082891030426,0.06776470239847847,0.1435858631451474
9,bnci004,MMP_merge_then_adapt,TS,svm_radial,pt,22,3,3,25819,0.05,no_leakage_v1_alpha005,gate_all_sources_proxy_source_only_final_training_only,mmd,,,,,merge_then_adapt,coral,near_nearest_proxy,final,2.0,2,2train,train,False,0.37146402126157524,3.0,direct,0.0978082891030426,0.06776470239847847,0.1435858631451474
9,bnci004,MMP_merge_then_adapt,TS,svm_radial,pt,22,3,3,25819,0.05,no_leakage_v1_alpha005,gate_all_sources_proxy_source_only_final_training_only,mmd,,,,,merge_then_adapt,coral,near_nearest_proxy,main,3.0,4,4test,nearest,True,0.6285359787384247,3.0,direct,0.057804174367070846,0.04010180896990365,0.07708841202028512
9,bnci004,MMP_merge_then_adapt,TS,svm_radial,pt,22,3,3,25819,0.05,no_leakage_v1_alpha005,gate_all_sources_proxy_source_only_final_training_only,mmd,,,,,merge_then_adapt,coral,near_nearest_proxy,anchor,3.0,4,4test,target,False,,3.0,direct,0.057804174367070846,0.04010180896990365,0.07708841202028512
9,bnci004,MMP_merge_then_adapt,TS,svm_radial,pt,22,3,3,25819,0.05,no_leakage_v1_alpha005,gate_all_sources_proxy_source_only_final_training_only,mmd,,,,,merge_then_adapt,coral,near_nearest_proxy,final,3.0,4,4test,train,True,0.6285359787384247,3.0,direct,0.057804174367070846,0.04010180896990365,0.07708841202028512
9,bnci004,MMP_merge_then_adapt,TS,svm_radial,pt,22,3,3,25819,0.05,no_leakage_v1_alpha005,gate_all_sources_proxy_source_only_final_training_only,mmd,,,,,merge_then_adapt,coral,near_nearest_proxy,main,,3,3test,target,False,,,,,,
9,bnci004,MMP_merge_then_adapt,TS,svm_radial,pt,22,3,3,25819,0.05,no_leakage_v1_alpha005,gate_all_sources_proxy_source_only_final_training_only,mmd,,,,,merge_then_adapt,coral,near_nearest_proxy,final,,3,3test,target,False,,,,,,
9,bnci004,MMP_merge_then_adapt,TS,svm_radial,pt,22,4,4,25850,0.05,no_leakage_v1_alpha005,gate_all_sources_proxy_source_only_final_training_only,mmd,,,,,merge_then_adapt,coral,near_nearest_proxy,main,0.0,0,0train,far,False,,4.0,direct,0.16019425401013723,0.12660526315641402,0.18997131539402123
9,bnci004,MMP_merge_then_adapt,TS,svm_radial,pt,22,4,4,25850,0.05,no_leakage_v1_alpha005,gate_all_sources_proxy_source_only_final_training_only,mmd,,,,,merge_then_adapt,coral,near_nearest_proxy,anchor,0.0,0,0train,not_used,False,,4.0,direct,0.16019425401013723,0.12660526315641402,0.18997131539402123
9,bnci004,MMP_merge_then_adapt,TS,svm_radial,pt,22,4,4,25850,0.05,no_leakage_v1_alpha005,gate_all_sources_proxy_source_only_final_training_only,mmd,,,,,merge_then_adapt,coral,near_nearest_proxy,final,0.0,0,0train,not_used,False,,4.0,direct,0.16019425401013723,0.12660526315641402,0.18997131539402123
9,bnci004,MMP_merge_then_adapt,TS,svm_radial,pt,22,4,4,25850,0.05,no_leakage_v1_alpha005,gate_all_sources_proxy_source_only_final_training_only,mmd,,,,,merge_then_adapt,coral,near_nearest_proxy,main,1.0,1,1train,far,False,,4.0,direct,0.11609708630055707,0.08730853665218727,0.15383609440409468
9,bnci004,MMP_merge_then_adapt,TS,svm_radial,pt,22,4,4,25850,0.05,no_leakage_v1_alpha005,gate_all_sources_proxy_source_only_final_training_only,mmd,,,,,merge_then_adapt,coral,near_nearest_proxy,anchor,1.0,1,1train,second_nearest_fallback_source,False,1.0,4.0,direct,0.11609708630055707,0.08730853665218727,0.15383609440409468
9,bnci004,MMP_merge_then_adapt,TS,svm_radial,pt,22,4,4,25850,0.05,no_leakage_v1_alpha005,gate_all_sources_proxy_source_only_final_training_only,mmd,,,,,merge_then_adapt,coral,near_nearest_proxy,final,1.0,1,1train,not_used,False,,4.0,direct,0.11609708630055707,0.08730853665218727,0.15383609440409468
9,bnci004,MMP_merge_then_adapt,TS,svm_radial,pt,22,4,4,25850,0.05,no_leakage_v1_alpha005,gate_all_sources_proxy_source_only_final_training_only,mmd,,,,,merge_then_adapt,coral,near_nearest_proxy,main,2.0,2,2train,far,False,,4.0,direct,0.12192148054639965,0.09236581217603608,0.15125486882090242
9,bnci004,MMP_merge_then_adapt,TS,svm_radial,pt,22,4,4,25850,0.05,no_leakage_v1_alpha005,gate_all_sources_proxy_source_only_final_training_only,mmd,,,,,merge_then_adapt,coral,near_nearest_proxy,anchor,2.0,2,2train,not_used,False,,4.0,direct,0.12192148054639965,0.09236581217603608,0.15125486882090242
9,bnci004,MMP_merge_then_adapt,TS,svm_radial,pt,22,4,4,25850,0.05,no_leakage_v1_alpha005,gate_all_sources_proxy_source_only_final_training_only,mmd,,,,,merge_then_adapt,coral,near_nearest_proxy,final,2.0,2,2train,not_used,False,,4.0,direct,0.12192148054639965,0.09236581217603608,0.15125486882090242
9,bnci004,MMP_merge_then_adapt,TS,svm_radial,pt,22,4,4,25850,0.05,no_leakage_v1_alpha005,gate_all_sources_proxy_source_only_final_training_only,mmd,,,,,merge_then_adapt,coral,near_nearest_proxy,main,3.0,3,3test,nearest,True,1.0,4.0,direct,0.04727586631944639,0.03323190372881488,0.06637047945437138
9,bnci004,MMP_merge_then_adapt,TS,svm_radial,pt,22,4,4,25850,0.05,no_leakage_v1_alpha005,gate_all_sources_proxy_source_only_final_training_only,mmd,,,,,merge_then_adapt,coral,near_nearest_proxy,anchor,3.0,3,3test,target,False,,4.0,direct,0.04727586631944639,0.03323190372881488,0.06637047945437138
9,bnci004,MMP_merge_then_adapt,TS,svm_radial,pt,22,4,4,25850,0.05,no_leakage_v1_alpha005,gate_all_sources_proxy_source_only_final_training_only,mmd,,,,,merge_then_adapt,coral,near_nearest_proxy,final,3.0,3,3test,train,True,1.0,4.0,direct,0.04727586631944639,0.03323190372881488,0.06637047945437138
9,bnci004,MMP_merge_then_adapt,TS,svm_radial,pt,22,4,4,25850,0.05,no_leakage_v1_alpha005,gate_all_sources_proxy_source_only_final_training_only,mmd,,,,,merge_then_adapt,coral,near_nearest_proxy,main,,4,4test,target,False,,,,,,
9,bnci004,MMP_merge_then_adapt,TS,svm_radial,pt,22,4,4,25850,0.05,no_leakage_v1_alpha005,gate_all_sources_proxy_source_only_final_training_only,mmd,,,,,merge_then_adapt,coral,near_nearest_proxy,final,,4,4test,target,False,,,,,,
9,bnci004,MMP_merge_then_adapt,TS,svm_radial,coral,23,0,0,26723,0.05,no_leakage_v1_alpha005,gate_all_sources_proxy_source_only_final_training_only,mmd,,,,,merge_then_adapt,coral,near_nearest_proxy,main,0.0,1,1train,nearest,True,1.0,0.0,direct,0.06477753838486197,0.04450809088328898,0.09619715435302323
9,bnci004,MMP_merge_then_adapt,TS,svm_radial,coral,23,0,0,26723,0.05,no_leakage_v1_alpha005,gate_all_sources_proxy_source_only_final_training_only,mmd,,,,,merge_then_adapt,coral,near_nearest_proxy,anchor,0.0,1,1train,target,False,,0.0,direct,0.06477753838486197,0.04450809088328898,0.09619715435302323
9,bnci004,MMP_merge_then_adapt,TS,svm_radial,coral,23,0,0,26723,0.05,no_leakage_v1_alpha005,gate_all_sources_proxy_source_only_final_training_only,mmd,,,,,merge_then_adapt,coral,near_nearest_proxy,final,0.0,1,1train,train,True,1.0,0.0,direct,0.06477753838486197,0.04450809088328898,0.09619715435302323
9,bnci004,MMP_merge_then_adapt,TS,svm_radial,coral,23,0,0,26723,0.05,no_leakage_v1_alpha005,gate_all_sources_proxy_source_only_final_training_only,mmd,,,,,merge_then_adapt,coral,near_nearest_proxy,main,1.0,2,2train,far,False,,0.0,direct,0.4571896543572093,0.3627407377767813,0.5529554523678495
9,bnci004,MMP_merge_then_adapt,TS,svm_radial,coral,23,0,0,26723,0.05,no_leakage_v1_alpha005,gate_all_sources_proxy_source_only_final_training_only,mmd,,,,,merge_then_adapt,coral,near_nearest_proxy,anchor,1.0,2,2train,not_used,False,,0.0,direct,0.4571896543572093,0.3627407377767813,0.5529554523678495
9,bnci004,MMP_merge_then_adapt,TS,svm_radial,coral,23,0,0,26723,0.05,no_leakage_v1_alpha005,gate_all_sources_proxy_source_only_final_training_only,mmd,,,,,merge_then_adapt,coral,near_nearest_proxy,final,1.0,2,2train,not_used,False,,0.0,direct,0.4571896543572093,0.3627407377767813,0.5529554523678495
9,bnci004,MMP_merge_then_adapt,TS,svm_radial,coral,23,0,0,26723,0.05,no_leakage_v1_alpha005,gate_all_sources_proxy_source_only_final_training_only,mmd,,,,,merge_then_adapt,coral,near_nearest_proxy,main,2.0,3,3test,far,False,,0.0,direct,0.31300557940663176,0.2311534641201775,0.3946294431669574
9,bnci004,MMP_merge_then_adapt,TS,svm_radial,coral,23,0,0,26723,0.05,no_leakage_v1_alpha005,gate_all_sources_proxy_source_only_final_training_only,mmd,,,,,merge_then_adapt,coral,near_nearest_proxy,anchor,2.0,3,3test,second_nearest_fallback_source,False,1.0,0.0,direct,0.31300557940663176,0.2311534641201775,0.3946294431669574
9,bnci004,MMP_merge_then_adapt,TS,svm_radial,coral,23,0,0,26723,0.05,no_leakage_v1_alpha005,gate_all_sources_proxy_source_only_final_training_only,mmd,,,,,merge_then_adapt,coral,near_nearest_proxy,final,2.0,3,3test,not_used,False,,0.0,direct,0.31300557940663176,0.2311534641201775,0.3946294431669574
9,bnci004,MMP_merge_then_adapt,TS,svm_radial,coral,23,0,0,26723,0.05,no_leakage_v1_alpha005,gate_all_sources_proxy_source_only_final_training_only,mmd,,,,,merge_then_adapt,coral,near_nearest_proxy,main,3.0,4,4test,far,False,,0.0,direct,0.40794516526919156,0.32169645913366185,0.48468703519999606
9,bnci004,MMP_merge_then_adapt,TS,svm_radial,coral,23,0,0,26723,0.05,no_leakage_v1_alpha005,gate_all_sources_proxy_source_only_final_training_only,mmd,,,,,merge_then_adapt,coral,near_nearest_proxy,anchor,3.0,4,4test,not_used,False,,0.0,direct,0.40794516526919156,0.32169645913366185,0.48468703519999606
9,bnci004,MMP_merge_then_adapt,TS,svm_radial,coral,23,0,0,26723,0.05,no_leakage_v1_alpha005,gate_all_sources_proxy_source_only_final_training_only,mmd,,,,,merge_then_adapt,coral,near_nearest_proxy,final,3.0,4,4test,not_used,False,,0.0,direct,0.40794516526919156,0.32169645913366185,0.48468703519999606
9,bnci004,MMP_merge_then_adapt,TS,svm_radial,coral,23,0,0,26723,0.05,no_leakage_v1_alpha005,gate_all_sources_proxy_source_only_final_training_only,mmd,,,,,merge_then_adapt,coral,near_nearest_proxy,main,,0,0train,target,False,,,,,,
9,bnci004,MMP_merge_then_adapt,TS,svm_radial,coral,23,0,0,26723,0.05,no_leakage_v1_alpha005,gate_all_sources_proxy_source_only_final_training_only,mmd,,,,,merge_then_adapt,coral,near_nearest_proxy,final,,0,0train,target,False,,,,,,
9,bnci004,MMP_merge_then_adapt,TS,svm_radial,coral,23,1,1,26754,0.05,no_leakage_v1_alpha005,gate_all_sources_proxy_source_only_final_training_only,mmd,,,,,merge_then_adapt,coral,near_nearest_proxy,main,0.0,0,0train,nearest,True,1.0,1.0,direct,0.07315284373933731,0.051214199024376766,0.10381284814011728
9,bnci004,MMP_merge_then_adapt,TS,svm_radial,coral,23,1,1,26754,0.05,no_leakage_v1_alpha005,gate_all_sources_proxy_source_only_final_training_only,mmd,,,,,merge_then_adapt,coral,near_nearest_proxy,anchor,0.0,0,0train,target,False,,1.0,direct,0.07315284373933731,0.051214199024376766,0.10381284814011728
9,bnci004,MMP_merge_then_adapt,TS,svm_radial,coral,23,1,1,26754,0.05,no_leakage_v1_alpha005,gate_all_sources_proxy_source_only_final_training_only,mmd,,,,,merge_then_adapt,coral,near_nearest_proxy,final,0.0,0,0train,train,True,1.0,1.0,direct,0.07315284373933731,0.051214199024376766,0.10381284814011728
9,bnci004,MMP_merge_then_adapt,TS,svm_radial,coral,23,1,1,26754,0.05,no_leakage_v1_alpha005,gate_all_sources_proxy_source_only_final_training_only,mmd,,,,,merge_then_adapt,coral,near_nearest_proxy,main,1.0,2,2train,far,False,,1.0,direct,0.32205880568912776,0.23647110726552523,0.4104196715617059
9,bnci004,MMP_merge_then_adapt,TS,svm_radial,coral,23,1,1,26754,0.05,no_leakage_v1_alpha005,gate_all_sources_proxy_source_only_final_training_only,mmd,,,,,merge_then_adapt,coral,near_nearest_proxy,anchor,1.0,2,2train,not_used,False,,1.0,direct,0.32205880568912776,0.23647110726552523,0.4104196715617059
9,bnci004,MMP_merge_then_adapt,TS,svm_radial,coral,23,1,1,26754,0.05,no_leakage_v1_alpha005,gate_all_sources_proxy_source_only_final_training_only,mmd,,,,,merge_then_adapt,coral,near_nearest_proxy,final,1.0,2,2train,not_used,False,,1.0,direct,0.32205880568912776,0.23647110726552523,0.4104196715617059
9,bnci004,MMP_merge_then_adapt,TS,svm_radial,coral,23,1,1,26754,0.05,no_leakage_v1_alpha005,gate_all_sources_proxy_source_only_final_training_only,mmd,,,,,merge_then_adapt,coral,near_nearest_proxy,main,2.0,3,3test,far,False,,1.0,direct,0.19677120597550787,0.13463780637921163,0.2742617885732715
9,bnci004,MMP_merge_then_adapt,TS,svm_radial,coral,23,1,1,26754,0.05,no_leakage_v1_alpha005,gate_all_sources_proxy_source_only_final_training_only,mmd,,,,,merge_then_adapt,coral,near_nearest_proxy,anchor,2.0,3,3test,second_nearest_fallback_source,False,1.0,1.0,direct,0.19677120597550787,0.13463780637921163,0.2742617885732715
9,bnci004,MMP_merge_then_adapt,TS,svm_radial,coral,23,1,1,26754,0.05,no_leakage_v1_alpha005,gate_all_sources_proxy_source_only_final_training_only,mmd,,,,,merge_then_adapt,coral,near_nearest_proxy,final,2.0,3,3test,not_used,False,,1.0,direct,0.19677120597550787,0.13463780637921163,0.2742617885732715
9,bnci004,MMP_merge_then_adapt,TS,svm_radial,coral,23,1,1,26754,0.05,no_leakage_v1_alpha005,gate_all_sources_proxy_source_only_final_training_only,mmd,,,,,merge_then_adapt,coral,near_nearest_proxy,main,3.0,4,4test,far,False,,1.0,direct,0.2558404069377785,0.17139049268831535,0.346286699083888
9,bnci004,MMP_merge_then_adapt,TS,svm_radial,coral,23,1,1,26754,0.05,no_leakage_v1_alpha005,gate_all_sources_proxy_source_only_final_training_only,mmd,,,,,merge_then_adapt,coral,near_nearest_proxy,anchor,3.0,4,4test,not_used,False,,1.0,direct,0.2558404069377785,0.17139049268831535,0.346286699083888
9,bnci004,MMP_merge_then_adapt,TS,svm_radial,coral,23,1,1,26754,0.05,no_leakage_v1_alpha005,gate_all_sources_proxy_source_only_final_training_only,mmd,,,,,merge_then_adapt,coral,near_nearest_proxy,final,3.0,4,4test,not_used,False,,1.0,direct,0.2558404069377785,0.17139049268831535,0.346286699083888
9,bnci004,MMP_merge_then_adapt,TS,svm_radial,coral,23,1,1,26754,0.05,no_leakage_v1_alpha005,gate_all_sources_proxy_source_only_final_training_only,mmd,,,,,merge_then_adapt,coral,near_nearest_proxy,main,,1,1train,target,False,,,,,,
9,bnci004,MMP_merge_then_adapt,TS,svm_radial,coral,23,1,1,26754,0.05,no_leakage_v1_alpha005,gate_all_sources_proxy_source_only_final_training_only,mmd,,,,,merge_then_adapt,coral,near_nearest_proxy,final,,1,1train,target,False,,,,,,
9,bnci004,MMP_merge_then_adapt,TS,svm_radial,coral,23,2,2,26785,0.05,no_leakage_v1_alpha005,gate_all_sources_proxy_source_only_final_training_only,mmd,,,,,merge_then_adapt,coral,near_nearest_proxy,main,0.0,0,0train,far,False,,2.0,direct,0.2009628711919997,0.16966421478010357,0.23607721005821378
9,bnci004,MMP_merge_then_adapt,TS,svm_radial,coral,23,2,2,26785,0.05,no_leakage_v1_alpha005,gate_all_sources_proxy_source_only_final_training_only,mmd,,,,,merge_then_adapt,coral,near_nearest_proxy,anchor,0.0,0,0train,not_used,False,,2.0,direct,0.2009628711919997,0.16966421478010357,0.23607721005821378
9,bnci004,MMP_merge_then_adapt,TS,svm_radial,coral,23,2,2,26785,0.05,no_leakage_v1_alpha005,gate_all_sources_proxy_source_only_final_training_only,mmd,,,,,merge_then_adapt,coral,near_nearest_proxy,final,0.0,0,0train,not_used,False,,2.0,direct,0.2009628711919997,0.16966421478010357,0.23607721005821378
9,bnci004,MMP_merge_then_adapt,TS,svm_radial,coral,23,2,2,26785,0.05,no_leakage_v1_alpha005,gate_all_sources_proxy_source_only_final_training_only,mmd,,,,,merge_then_adapt,coral,near_nearest_proxy,main,1.0,1,1train,near,False,0.29690860199402797,2.0,direct,0.1567887916038353,0.12018277460489965,0.20012073981253564
9,bnci004,MMP_merge_then_adapt,TS,svm_radial,coral,23,2,2,26785,0.05,no_leakage_v1_alpha005,gate_all_sources_proxy_source_only_final_training_only,mmd,,,,,merge_then_adapt,coral,near_nearest_proxy,anchor,1.0,1,1train,proxy_source,False,0.4697392618465199,2.0,direct,0.1567887916038353,0.12018277460489965,0.20012073981253564
9,bnci004,MMP_merge_then_adapt,TS,svm_radial,coral,23,2,2,26785,0.05,no_leakage_v1_alpha005,gate_all_sources_proxy_source_only_final_training_only,mmd,,,,,merge_then_adapt,coral,near_nearest_proxy,final,1.0,1,1train,train,False,0.29690860199402797,2.0,direct,0.1567887916038353,0.12018277460489965,0.20012073981253564
9,bnci004,MMP_merge_then_adapt,TS,svm_radial,coral,23,2,2,26785,0.05,no_leakage_v1_alpha005,gate_all_sources_proxy_source_only_final_training_only,mmd,,,,,merge_then_adapt,coral,near_nearest_proxy,main,2.0,3,3test,near,False,0.33516247681445005,2.0,direct,0.13889353937232238,0.11368009244126559,0.17353273322643858
9,bnci004,MMP_merge_then_adapt,TS,svm_radial,coral,23,2,2,26785,0.05,no_leakage_v1_alpha005,gate_all_sources_proxy_source_only_final_training_only,mmd,,,,,merge_then_adapt,coral,near_nearest_proxy,anchor,2.0,3,3test,proxy_source,False,0.5302607381534801,2.0,direct,0.13889353937232238,0.11368009244126559,0.17353273322643858
9,bnci004,MMP_merge_then_adapt,TS,svm_radial,coral,23,2,2,26785,0.05,no_leakage_v1_alpha005,gate_all_sources_proxy_source_only_final_training_only,mmd,,,,,merge_then_adapt,coral,near_nearest_proxy,final,2.0,3,3test,train,False,0.33516247681445005,2.0,direct,0.13889353937232238,0.11368009244126559,0.17353273322643858
9,bnci004,MMP_merge_then_adapt,TS,svm_radial,coral,23,2,2,26785,0.05,no_leakage_v1_alpha005,gate_all_sources_proxy_source_only_final_training_only,mmd,,,,,merge_then_adapt,coral,near_nearest_proxy,main,3.0,4,4test,nearest,True,0.367928921191522,2.0,direct,0.1265240844681421,0.09906522913182732,0.16152638490500495
9,bnci004,MMP_merge_then_adapt,TS,svm_radial,coral,23,2,2,26785,0.05,no_leakage_v1_alpha005,gate_all_sources_proxy_source_only_final_training_only,mmd,,,,,merge_then_adapt,coral,near_nearest_proxy,anchor,3.0,4,4test,target,False,,2.0,direct,0.1265240844681421,0.09906522913182732,0.16152638490500495
9,bnci004,MMP_merge_then_adapt,TS,svm_radial,coral,23,2,2,26785,0.05,no_leakage_v1_alpha005,gate_all_sources_proxy_source_only_final_training_only,mmd,,,,,merge_then_adapt,coral,near_nearest_proxy,final,3.0,4,4test,train,True,0.367928921191522,2.0,direct,0.1265240844681421,0.09906522913182732,0.16152638490500495
9,bnci004,MMP_merge_then_adapt,TS,svm_radial,coral,23,2,2,26785,0.05,no_leakage_v1_alpha005,gate_all_sources_proxy_source_only_final_training_only,mmd,,,,,merge_then_adapt,coral,near_nearest_proxy,main,,2,2train,target,False,,,,,,
9,bnci004,MMP_merge_then_adapt,TS,svm_radial,coral,23,2,2,26785,0.05,no_leakage_v1_alpha005,gate_all_sources_proxy_source_only_final_training_only,mmd,,,,,merge_then_adapt,coral,near_nearest_proxy,final,,2,2train,target,False,,,,,,
9,bnci004,MMP_merge_then_adapt,TS,svm_radial,coral,23,3,3,26816,0.05,no_leakage_v1_alpha005,gate_all_sources_proxy_source_only_final_training_only,mmd,,,,,merge_then_adapt,coral,near_nearest_proxy,main,0.0,0,0train,far,False,,3.0,direct,0.19432861512020466,0.14749602023255617,0.24782205156440446
9,bnci004,MMP_merge_then_adapt,TS,svm_radial,coral,23,3,3,26816,0.05,no_leakage_v1_alpha005,gate_all_sources_proxy_source_only_final_training_only,mmd,,,,,merge_then_adapt,coral,near_nearest_proxy,anchor,0.0,0,0train,not_used,False,,3.0,direct,0.19432861512020466,0.14749602023255617,0.24782205156440446
9,bnci004,MMP_merge_then_adapt,TS,svm_radial,coral,23,3,3,26816,0.05,no_leakage_v1_alpha005,gate_all_sources_proxy_source_only_final_training_only,mmd,,,,,merge_then_adapt,coral,near_nearest_proxy,final,0.0,0,0train,not_used,False,,3.0,direct,0.19432861512020466,0.14749602023255617,0.24782205156440446
9,bnci004,MMP_merge_then_adapt,TS,svm_radial,coral,23,3,3,26816,0.05,no_leakage_v1_alpha005,gate_all_sources_proxy_source_only_final_training_only,mmd,,,,,merge_then_adapt,coral,near_nearest_proxy,main,1.0,1,1train,far,False,,3.0,direct,0.1439038805847013,0.10170823890016341,0.19631528027221753
9,bnci004,MMP_merge_then_adapt,TS,svm_radial,coral,23,3,3,26816,0.05,no_leakage_v1_alpha005,gate_all_sources_proxy_source_only_final_training_only,mmd,,,,,merge_then_adapt,coral,near_nearest_proxy,anchor,1.0,1,1train,not_used,False,,3.0,direct,0.1439038805847013,0.10170823890016341,0.19631528027221753
9,bnci004,MMP_merge_then_adapt,TS,svm_radial,coral,23,3,3,26816,0.05,no_leakage_v1_alpha005,gate_all_sources_proxy_source_only_final_training_only,mmd,,,,,merge_then_adapt,coral,near_nearest_proxy,final,1.0,1,1train,not_used,False,,3.0,direct,0.1439038805847013,0.10170823890016341,0.19631528027221753
9,bnci004,MMP_merge_then_adapt,TS,svm_radial,coral,23,3,3,26816,0.05,no_leakage_v1_alpha005,gate_all_sources_proxy_source_only_final_training_only,mmd,,,,,merge_then_adapt,coral,near_nearest_proxy,main,2.0,2,2train,near,False,0.3761709510013918,3.0,direct,0.09631652359995221,0.06885107935937558,0.13698427344255013
9,bnci004,MMP_merge_then_adapt,TS,svm_radial,coral,23,3,3,26816,0.05,no_leakage_v1_alpha005,gate_all_sources_proxy_source_only_final_training_only,mmd,,,,,merge_then_adapt,coral,near_nearest_proxy,anchor,2.0,2,2train,proxy_source,False,1.0,3.0,direct,0.09631652359995221,0.06885107935937558,0.13698427344255013
9,bnci004,MMP_merge_then_adapt,TS,svm_radial,coral,23,3,3,26816,0.05,no_leakage_v1_alpha005,gate_all_sources_proxy_source_only_final_training_only,mmd,,,,,merge_then_adapt,coral,near_nearest_proxy,final,2.0,2,2train,train,False,0.3761709510013918,3.0,direct,0.09631652359995221,0.06885107935937558,0.13698427344255013
9,bnci004,MMP_merge_then_adapt,TS,svm_radial,coral,23,3,3,26816,0.05,no_leakage_v1_alpha005,gate_all_sources_proxy_source_only_final_training_only,mmd,,,,,merge_then_adapt,coral,near_nearest_proxy,main,3.0,4,4test,nearest,True,0.6238290489986082,3.0,direct,0.05807878084517487,0.037712661866715624,0.08104588826926631
9,bnci004,MMP_merge_then_adapt,TS,svm_radial,coral,23,3,3,26816,0.05,no_leakage_v1_alpha005,gate_all_sources_proxy_source_only_final_training_only,mmd,,,,,merge_then_adapt,coral,near_nearest_proxy,anchor,3.0,4,4test,target,False,,3.0,direct,0.05807878084517487,0.037712661866715624,0.08104588826926631
9,bnci004,MMP_merge_then_adapt,TS,svm_radial,coral,23,3,3,26816,0.05,no_leakage_v1_alpha005,gate_all_sources_proxy_source_only_final_training_only,mmd,,,,,merge_then_adapt,coral,near_nearest_proxy,final,3.0,4,4test,train,True,0.6238290489986082,3.0,direct,0.05807878084517487,0.037712661866715624,0.08104588826926631
9,bnci004,MMP_merge_then_adapt,TS,svm_radial,coral,23,3,3,26816,0.05,no_leakage_v1_alpha005,gate_all_sources_proxy_source_only_final_training_only,mmd,,,,,merge_then_adapt,coral,near_nearest_proxy,main,,3,3test,target,False,,,,,,
9,bnci004,MMP_merge_then_adapt,TS,svm_radial,coral,23,3,3,26816,0.05,no_leakage_v1_alpha005,gate_all_sources_proxy_source_only_final_training_only,mmd,,,,,merge_then_adapt,coral,near_nearest_proxy,final,,3,3test,target,False,,,,,,
9,bnci004,MMP_merge_then_adapt,TS,svm_radial,coral,23,4,4,26847,0.05,no_leakage_v1_alpha005,gate_all_sources_proxy_source_only_final_training_only,mmd,,,,,merge_then_adapt,coral,near_nearest_proxy,main,0.0,0,0train,far,False,,4.0,direct,0.16026073986231956,0.13084037569049906,0.19775404985641984
9,bnci004,MMP_merge_then_adapt,TS,svm_radial,coral,23,4,4,26847,0.05,no_leakage_v1_alpha005,gate_all_sources_proxy_source_only_final_training_only,mmd,,,,,merge_then_adapt,coral,near_nearest_proxy,anchor,0.0,0,0train,not_used,False,,4.0,direct,0.16026073986231956,0.13084037569049906,0.19775404985641984
9,bnci004,MMP_merge_then_adapt,TS,svm_radial,coral,23,4,4,26847,0.05,no_leakage_v1_alpha005,gate_all_sources_proxy_source_only_final_training_only,mmd,,,,,merge_then_adapt,coral,near_nearest_proxy,final,0.0,0,0train,not_used,False,,4.0,direct,0.16026073986231956,0.13084037569049906,0.19775404985641984
9,bnci004,MMP_merge_then_adapt,TS,svm_radial,coral,23,4,4,26847,0.05,no_leakage_v1_alpha005,gate_all_sources_proxy_source_only_final_training_only,mmd,,,,,merge_then_adapt,coral,near_nearest_proxy,main,1.0,1,1train,far,False,,4.0,direct,0.11680278618936406,0.0887422405235321,0.14962630969184243
9,bnci004,MMP_merge_then_adapt,TS,svm_radial,coral,23,4,4,26847,0.05,no_leakage_v1_alpha005,gate_all_sources_proxy_source_only_final_training_only,mmd,,,,,merge_then_adapt,coral,near_nearest_proxy,anchor,1.0,1,1train,second_nearest_fallback_source,False,1.0,4.0,direct,0.11680278618936406,0.0887422405235321,0.14962630969184243
9,bnci004,MMP_merge_then_adapt,TS,svm_radial,coral,23,4,4,26847,0.05,no_leakage_v1_alpha005,gate_all_sources_proxy_source_only_final_training_only,mmd,,,,,merge_then_adapt,coral,near_nearest_proxy,final,1.0,1,1train,not_used,False,,4.0,direct,0.11680278618936406,0.0887422405235321,0.14962630969184243
9,bnci004,MMP_merge_then_adapt,TS,svm_radial,coral,23,4,4,26847,0.05,no_leakage_v1_alpha005,gate_all_sources_proxy_source_only_final_training_only,mmd,,,,,merge_then_adapt,coral,near_nearest_proxy,main,2.0,2,2train,far,False,,4.0,direct,0.12280060000389521,0.09658657062639928,0.14759104307306592
9,bnci004,MMP_merge_then_adapt,TS,svm_radial,coral,23,4,4,26847,0.05,no_leakage_v1_alpha005,gate_all_sources_proxy_source_only_final_training_only,mmd,,,,,merge_then_adapt,coral,near_nearest_proxy,anchor,2.0,2,2train,not_used,False,,4.0,direct,0.12280060000389521,0.09658657062639928,0.14759104307306592
9,bnci004,MMP_merge_then_adapt,TS,svm_radial,coral,23,4,4,26847,0.05,no_leakage_v1_alpha005,gate_all_sources_proxy_source_only_final_training_only,mmd,,,,,merge_then_adapt,coral,near_nearest_proxy,final,2.0,2,2train,not_used,False,,4.0,direct,0.12280060000389521,0.09658657062639928,0.14759104307306592
9,bnci004,MMP_merge_then_adapt,TS,svm_radial,coral,23,4,4,26847,0.05,no_leakage_v1_alpha005,gate_all_sources_proxy_source_only_final_training_only,mmd,,,,,merge_then_adapt,coral,near_nearest_proxy,main,3.0,3,3test,nearest,True,1.0,4.0,direct,0.0479414553185361,0.0353283256180222,0.06584417736793463
9,bnci004,MMP_merge_then_adapt,TS,svm_radial,coral,23,4,4,26847,0.05,no_leakage_v1_alpha005,gate_all_sources_proxy_source_only_final_training_only,mmd,,,,,merge_then_adapt,coral,near_nearest_proxy,anchor,3.0,3,3test,target,False,,4.0,direct,0.0479414553185361,0.0353283256180222,0.06584417736793463
9,bnci004,MMP_merge_then_adapt,TS,svm_radial,coral,23,4,4,26847,0.05,no_leakage_v1_alpha005,gate_all_sources_proxy_source_only_final_training_only,mmd,,,,,merge_then_adapt,coral,near_nearest_proxy,final,3.0,3,3test,train,True,1.0,4.0,direct,0.0479414553185361,0.0353283256180222,0.06584417736793463
9,bnci004,MMP_merge_then_adapt,TS,svm_radial,coral,23,4,4,26847,0.05,no_leakage_v1_alpha005,gate_all_sources_proxy_source_only_final_training_only,mmd,,,,,merge_then_adapt,coral,near_nearest_proxy,main,,4,4test,target,False,,,,,,
9,bnci004,MMP_merge_then_adapt,TS,svm_radial,coral,23,4,4,26847,0.05,no_leakage_v1_alpha005,gate_all_sources_proxy_source_only_final_training_only,mmd,,,,,merge_then_adapt,coral,near_nearest_proxy,final,,4,4test,target,False,,,,,,
