subject,dataset,pipeline,feature,classifier,da,method_row,pair_id,target_id,seed_used,ci_alpha,code_protocol_version,feature_fit_protocol,dist_type,partition_mode,proxy_direction,borrowed_local_idx,borrowed_abs_idx,combiner,harmonize,score_mode,stage,local_idx,session_abs_idx,session_label,role,is_best,weight,dist_to_session,dist_est_method,dist_est,dist_lwr,dist_upr
8,bnci004,MMP_merge_then_adapt,CSP,lda,none,0,0,0,3761,0.05,no_leakage_v1_alpha005,gate_all_sources_proxy_source_only_final_training_only,mmd,,,,,merge_then_adapt,coral,near_nearest_proxy,main,0.0,1,1train,nearest,True,1.0,0.0,direct,0.07317936255874885,0.04448290597106958,0.1068332173308418
8,bnci004,MMP_merge_then_adapt,CSP,lda,none,0,0,0,3761,0.05,no_leakage_v1_alpha005,gate_all_sources_proxy_source_only_final_training_only,mmd,,,,,merge_then_adapt,coral,near_nearest_proxy,anchor,0.0,1,1train,target,False,,0.0,direct,0.07317936255874885,0.04448290597106958,0.1068332173308418
8,bnci004,MMP_merge_then_adapt,CSP,lda,none,0,0,0,3761,0.05,no_leakage_v1_alpha005,gate_all_sources_proxy_source_only_final_training_only,mmd,,,,,merge_then_adapt,coral,near_nearest_proxy,final,0.0,1,1train,train,True,1.0,0.0,direct,0.07317936255874885,0.04448290597106958,0.1068332173308418
8,bnci004,MMP_merge_then_adapt,CSP,lda,none,0,0,0,3761,0.05,no_leakage_v1_alpha005,gate_all_sources_proxy_source_only_final_training_only,mmd,,,,,merge_then_adapt,coral,near_nearest_proxy,main,1.0,2,2train,far,False,,0.0,direct,0.3184729968907115,0.2762944992743528,0.35544508389202256
8,bnci004,MMP_merge_then_adapt,CSP,lda,none,0,0,0,3761,0.05,no_leakage_v1_alpha005,gate_all_sources_proxy_source_only_final_training_only,mmd,,,,,merge_then_adapt,coral,near_nearest_proxy,anchor,1.0,2,2train,not_used,False,,0.0,direct,0.3184729968907115,0.2762944992743528,0.35544508389202256
8,bnci004,MMP_merge_then_adapt,CSP,lda,none,0,0,0,3761,0.05,no_leakage_v1_alpha005,gate_all_sources_proxy_source_only_final_training_only,mmd,,,,,merge_then_adapt,coral,near_nearest_proxy,final,1.0,2,2train,not_used,False,,0.0,direct,0.3184729968907115,0.2762944992743528,0.35544508389202256
8,bnci004,MMP_merge_then_adapt,CSP,lda,none,0,0,0,3761,0.05,no_leakage_v1_alpha005,gate_all_sources_proxy_source_only_final_training_only,mmd,,,,,merge_then_adapt,coral,near_nearest_proxy,main,2.0,3,3test,far,False,,0.0,direct,0.17596708781965315,0.1366533281350036,0.22144823472906447
8,bnci004,MMP_merge_then_adapt,CSP,lda,none,0,0,0,3761,0.05,no_leakage_v1_alpha005,gate_all_sources_proxy_source_only_final_training_only,mmd,,,,,merge_then_adapt,coral,near_nearest_proxy,anchor,2.0,3,3test,second_nearest_fallback_source,False,1.0,0.0,direct,0.17596708781965315,0.1366533281350036,0.22144823472906447
8,bnci004,MMP_merge_then_adapt,CSP,lda,none,0,0,0,3761,0.05,no_leakage_v1_alpha005,gate_all_sources_proxy_source_only_final_training_only,mmd,,,,,merge_then_adapt,coral,near_nearest_proxy,final,2.0,3,3test,not_used,False,,0.0,direct,0.17596708781965315,0.1366533281350036,0.22144823472906447
8,bnci004,MMP_merge_then_adapt,CSP,lda,none,0,0,0,3761,0.05,no_leakage_v1_alpha005,gate_all_sources_proxy_source_only_final_training_only,mmd,,,,,merge_then_adapt,coral,near_nearest_proxy,main,3.0,4,4test,far,False,,0.0,direct,0.29040583087678506,0.2497102681437763,0.33161846605461465
8,bnci004,MMP_merge_then_adapt,CSP,lda,none,0,0,0,3761,0.05,no_leakage_v1_alpha005,gate_all_sources_proxy_source_only_final_training_only,mmd,,,,,merge_then_adapt,coral,near_nearest_proxy,anchor,3.0,4,4test,not_used,False,,0.0,direct,0.29040583087678506,0.2497102681437763,0.33161846605461465
8,bnci004,MMP_merge_then_adapt,CSP,lda,none,0,0,0,3761,0.05,no_leakage_v1_alpha005,gate_all_sources_proxy_source_only_final_training_only,mmd,,,,,merge_then_adapt,coral,near_nearest_proxy,final,3.0,4,4test,not_used,False,,0.0,direct,0.29040583087678506,0.2497102681437763,0.33161846605461465
8,bnci004,MMP_merge_then_adapt,CSP,lda,none,0,0,0,3761,0.05,no_leakage_v1_alpha005,gate_all_sources_proxy_source_only_final_training_only,mmd,,,,,merge_then_adapt,coral,near_nearest_proxy,main,,0,0train,target,False,,,,,,
8,bnci004,MMP_merge_then_adapt,CSP,lda,none,0,0,0,3761,0.05,no_leakage_v1_alpha005,gate_all_sources_proxy_source_only_final_training_only,mmd,,,,,merge_then_adapt,coral,near_nearest_proxy,final,,0,0train,target,False,,,,,,
8,bnci004,MMP_merge_then_adapt,CSP,lda,none,0,1,1,3792,0.05,no_leakage_v1_alpha005,gate_all_sources_proxy_source_only_final_training_only,mmd,,,,,merge_then_adapt,coral,near_nearest_proxy,main,0.0,0,0train,nearest,True,0.5235676210020249,1.0,direct,0.07627039939790692,0.047472412618999114,0.11102266575990674
8,bnci004,MMP_merge_then_adapt,CSP,lda,none,0,1,1,3792,0.05,no_leakage_v1_alpha005,gate_all_sources_proxy_source_only_final_training_only,mmd,,,,,merge_then_adapt,coral,near_nearest_proxy,anchor,0.0,0,0train,target,False,,1.0,direct,0.07627039939790692,0.047472412618999114,0.11102266575990674
8,bnci004,MMP_merge_then_adapt,CSP,lda,none,0,1,1,3792,0.05,no_leakage_v1_alpha005,gate_all_sources_proxy_source_only_final_training_only,mmd,,,,,merge_then_adapt,coral,near_nearest_proxy,final,0.0,0,0train,train,True,0.5235676210020249,1.0,direct,0.07627039939790692,0.047472412618999114,0.11102266575990674
8,bnci004,MMP_merge_then_adapt,CSP,lda,none,0,1,1,3792,0.05,no_leakage_v1_alpha005,gate_all_sources_proxy_source_only_final_training_only,mmd,,,,,merge_then_adapt,coral,near_nearest_proxy,main,1.0,2,2train,far,False,,1.0,direct,0.20298288118096225,0.1571060258252296,0.2512337889809441
8,bnci004,MMP_merge_then_adapt,CSP,lda,none,0,1,1,3792,0.05,no_leakage_v1_alpha005,gate_all_sources_proxy_source_only_final_training_only,mmd,,,,,merge_then_adapt,coral,near_nearest_proxy,anchor,1.0,2,2train,not_used,False,,1.0,direct,0.20298288118096225,0.1571060258252296,0.2512337889809441
8,bnci004,MMP_merge_then_adapt,CSP,lda,none,0,1,1,3792,0.05,no_leakage_v1_alpha005,gate_all_sources_proxy_source_only_final_training_only,mmd,,,,,merge_then_adapt,coral,near_nearest_proxy,final,1.0,2,2train,not_used,False,,1.0,direct,0.20298288118096225,0.1571060258252296,0.2512337889809441
8,bnci004,MMP_merge_then_adapt,CSP,lda,none,0,1,1,3792,0.05,no_leakage_v1_alpha005,gate_all_sources_proxy_source_only_final_training_only,mmd,,,,,merge_then_adapt,coral,near_nearest_proxy,main,2.0,3,3test,near,False,0.47643237899797514,1.0,direct,0.08381621497863839,0.05452863072852353,0.12041058238215704
8,bnci004,MMP_merge_then_adapt,CSP,lda,none,0,1,1,3792,0.05,no_leakage_v1_alpha005,gate_all_sources_proxy_source_only_final_training_only,mmd,,,,,merge_then_adapt,coral,near_nearest_proxy,anchor,2.0,3,3test,proxy_source,False,1.0,1.0,direct,0.08381621497863839,0.05452863072852353,0.12041058238215704
8,bnci004,MMP_merge_then_adapt,CSP,lda,none,0,1,1,3792,0.05,no_leakage_v1_alpha005,gate_all_sources_proxy_source_only_final_training_only,mmd,,,,,merge_then_adapt,coral,near_nearest_proxy,final,2.0,3,3test,train,False,0.47643237899797514,1.0,direct,0.08381621497863839,0.05452863072852353,0.12041058238215704
8,bnci004,MMP_merge_then_adapt,CSP,lda,none,0,1,1,3792,0.05,no_leakage_v1_alpha005,gate_all_sources_proxy_source_only_final_training_only,mmd,,,,,merge_then_adapt,coral,near_nearest_proxy,main,3.0,4,4test,far,False,,1.0,direct,0.17341343610185042,0.12882062290594792,0.22703525291989315
8,bnci004,MMP_merge_then_adapt,CSP,lda,none,0,1,1,3792,0.05,no_leakage_v1_alpha005,gate_all_sources_proxy_source_only_final_training_only,mmd,,,,,merge_then_adapt,coral,near_nearest_proxy,anchor,3.0,4,4test,not_used,False,,1.0,direct,0.17341343610185042,0.12882062290594792,0.22703525291989315
8,bnci004,MMP_merge_then_adapt,CSP,lda,none,0,1,1,3792,0.05,no_leakage_v1_alpha005,gate_all_sources_proxy_source_only_final_training_only,mmd,,,,,merge_then_adapt,coral,near_nearest_proxy,final,3.0,4,4test,not_used,False,,1.0,direct,0.17341343610185042,0.12882062290594792,0.22703525291989315
8,bnci004,MMP_merge_then_adapt,CSP,lda,none,0,1,1,3792,0.05,no_leakage_v1_alpha005,gate_all_sources_proxy_source_only_final_training_only,mmd,,,,,merge_then_adapt,coral,near_nearest_proxy,main,,1,1train,target,False,,,,,,
8,bnci004,MMP_merge_then_adapt,CSP,lda,none,0,1,1,3792,0.05,no_leakage_v1_alpha005,gate_all_sources_proxy_source_only_final_training_only,mmd,,,,,merge_then_adapt,coral,near_nearest_proxy,final,,1,1train,target,False,,,,,,
8,bnci004,MMP_merge_then_adapt,CSP,lda,none,0,2,2,3823,0.05,no_leakage_v1_alpha005,gate_all_sources_proxy_source_only_final_training_only,mmd,,,,,merge_then_adapt,coral,near_nearest_proxy,main,0.0,0,0train,far,False,,2.0,direct,0.2890230625558752,0.2510284089976118,0.3335904076564339
8,bnci004,MMP_merge_then_adapt,CSP,lda,none,0,2,2,3823,0.05,no_leakage_v1_alpha005,gate_all_sources_proxy_source_only_final_training_only,mmd,,,,,merge_then_adapt,coral,near_nearest_proxy,anchor,0.0,0,0train,not_used,False,,2.0,direct,0.2890230625558752,0.2510284089976118,0.3335904076564339
8,bnci004,MMP_merge_then_adapt,CSP,lda,none,0,2,2,3823,0.05,no_leakage_v1_alpha005,gate_all_sources_proxy_source_only_final_training_only,mmd,,,,,merge_then_adapt,coral,near_nearest_proxy,final,0.0,0,0train,not_used,False,,2.0,direct,0.2890230625558752,0.2510284089976118,0.3335904076564339
8,bnci004,MMP_merge_then_adapt,CSP,lda,none,0,2,2,3823,0.05,no_leakage_v1_alpha005,gate_all_sources_proxy_source_only_final_training_only,mmd,,,,,merge_then_adapt,coral,near_nearest_proxy,main,1.0,1,1train,far,False,,2.0,direct,0.18101696997240255,0.13768991148503776,0.2315736191338881
8,bnci004,MMP_merge_then_adapt,CSP,lda,none,0,2,2,3823,0.05,no_leakage_v1_alpha005,gate_all_sources_proxy_source_only_final_training_only,mmd,,,,,merge_then_adapt,coral,near_nearest_proxy,anchor,1.0,1,1train,not_used,False,,2.0,direct,0.18101696997240255,0.13768991148503776,0.2315736191338881
8,bnci004,MMP_merge_then_adapt,CSP,lda,none,0,2,2,3823,0.05,no_leakage_v1_alpha005,gate_all_sources_proxy_source_only_final_training_only,mmd,,,,,merge_then_adapt,coral,near_nearest_proxy,final,1.0,1,1train,not_used,False,,2.0,direct,0.18101696997240255,0.13768991148503776,0.2315736191338881
8,bnci004,MMP_merge_then_adapt,CSP,lda,none,0,2,2,3823,0.05,no_leakage_v1_alpha005,gate_all_sources_proxy_source_only_final_training_only,mmd,,,,,merge_then_adapt,coral,near_nearest_proxy,main,2.0,3,3test,far,False,,2.0,direct,0.12450166716328895,0.08612664789934191,0.16849148974245964
8,bnci004,MMP_merge_then_adapt,CSP,lda,none,0,2,2,3823,0.05,no_leakage_v1_alpha005,gate_all_sources_proxy_source_only_final_training_only,mmd,,,,,merge_then_adapt,coral,near_nearest_proxy,anchor,2.0,3,3test,second_nearest_fallback_source,False,1.0,2.0,direct,0.12450166716328895,0.08612664789934191,0.16849148974245964
8,bnci004,MMP_merge_then_adapt,CSP,lda,none,0,2,2,3823,0.05,no_leakage_v1_alpha005,gate_all_sources_proxy_source_only_final_training_only,mmd,,,,,merge_then_adapt,coral,near_nearest_proxy,final,2.0,3,3test,not_used,False,,2.0,direct,0.12450166716328895,0.08612664789934191,0.16849148974245964
8,bnci004,MMP_merge_then_adapt,CSP,lda,none,0,2,2,3823,0.05,no_leakage_v1_alpha005,gate_all_sources_proxy_source_only_final_training_only,mmd,,,,,merge_then_adapt,coral,near_nearest_proxy,main,3.0,4,4test,nearest,True,1.0,2.0,direct,0.0384167019116592,0.025017587203855655,0.05459243624754543
8,bnci004,MMP_merge_then_adapt,CSP,lda,none,0,2,2,3823,0.05,no_leakage_v1_alpha005,gate_all_sources_proxy_source_only_final_training_only,mmd,,,,,merge_then_adapt,coral,near_nearest_proxy,anchor,3.0,4,4test,target,False,,2.0,direct,0.0384167019116592,0.025017587203855655,0.05459243624754543
8,bnci004,MMP_merge_then_adapt,CSP,lda,none,0,2,2,3823,0.05,no_leakage_v1_alpha005,gate_all_sources_proxy_source_only_final_training_only,mmd,,,,,merge_then_adapt,coral,near_nearest_proxy,final,3.0,4,4test,train,True,1.0,2.0,direct,0.0384167019116592,0.025017587203855655,0.05459243624754543
8,bnci004,MMP_merge_then_adapt,CSP,lda,none,0,2,2,3823,0.05,no_leakage_v1_alpha005,gate_all_sources_proxy_source_only_final_training_only,mmd,,,,,merge_then_adapt,coral,near_nearest_proxy,main,,2,2train,target,False,,,,,,
8,bnci004,MMP_merge_then_adapt,CSP,lda,none,0,2,2,3823,0.05,no_leakage_v1_alpha005,gate_all_sources_proxy_source_only_final_training_only,mmd,,,,,merge_then_adapt,coral,near_nearest_proxy,final,,2,2train,target,False,,,,,,
8,bnci004,MMP_merge_then_adapt,CSP,lda,none,0,3,3,3854,0.05,no_leakage_v1_alpha005,gate_all_sources_proxy_source_only_final_training_only,mmd,,,,,merge_then_adapt,coral,near_nearest_proxy,main,0.0,0,0train,far,False,,3.0,direct,0.17637624356550682,0.1396665639423465,0.21144407400325957
8,bnci004,MMP_merge_then_adapt,CSP,lda,none,0,3,3,3854,0.05,no_leakage_v1_alpha005,gate_all_sources_proxy_source_only_final_training_only,mmd,,,,,merge_then_adapt,coral,near_nearest_proxy,anchor,0.0,0,0train,not_used,False,,3.0,direct,0.17637624356550682,0.1396665639423465,0.21144407400325957
8,bnci004,MMP_merge_then_adapt,CSP,lda,none,0,3,3,3854,0.05,no_leakage_v1_alpha005,gate_all_sources_proxy_source_only_final_training_only,mmd,,,,,merge_then_adapt,coral,near_nearest_proxy,final,0.0,0,0train,not_used,False,,3.0,direct,0.17637624356550682,0.1396665639423465,0.21144407400325957
8,bnci004,MMP_merge_then_adapt,CSP,lda,none,0,3,3,3854,0.05,no_leakage_v1_alpha005,gate_all_sources_proxy_source_only_final_training_only,mmd,,,,,merge_then_adapt,coral,near_nearest_proxy,main,1.0,1,1train,nearest,True,0.4205370876913225,3.0,direct,0.07723421409876777,0.050631048376214745,0.108733086745255
8,bnci004,MMP_merge_then_adapt,CSP,lda,none,0,3,3,3854,0.05,no_leakage_v1_alpha005,gate_all_sources_proxy_source_only_final_training_only,mmd,,,,,merge_then_adapt,coral,near_nearest_proxy,anchor,1.0,1,1train,target,False,,3.0,direct,0.07723421409876777,0.050631048376214745,0.108733086745255
8,bnci004,MMP_merge_then_adapt,CSP,lda,none,0,3,3,3854,0.05,no_leakage_v1_alpha005,gate_all_sources_proxy_source_only_final_training_only,mmd,,,,,merge_then_adapt,coral,near_nearest_proxy,final,1.0,1,1train,train,True,0.4205370876913225,3.0,direct,0.07723421409876777,0.050631048376214745,0.108733086745255
8,bnci004,MMP_merge_then_adapt,CSP,lda,none,0,3,3,3854,0.05,no_leakage_v1_alpha005,gate_all_sources_proxy_source_only_final_training_only,mmd,,,,,merge_then_adapt,coral,near_nearest_proxy,main,2.0,2,2train,near,False,0.2464954188709408,3.0,direct,0.13176725822194071,0.09923223677848683,0.1683079322280373
8,bnci004,MMP_merge_then_adapt,CSP,lda,none,0,3,3,3854,0.05,no_leakage_v1_alpha005,gate_all_sources_proxy_source_only_final_training_only,mmd,,,,,merge_then_adapt,coral,near_nearest_proxy,anchor,2.0,2,2train,proxy_source,False,0.4253860145921362,3.0,direct,0.13176725822194071,0.09923223677848683,0.1683079322280373
8,bnci004,MMP_merge_then_adapt,CSP,lda,none,0,3,3,3854,0.05,no_leakage_v1_alpha005,gate_all_sources_proxy_source_only_final_training_only,mmd,,,,,merge_then_adapt,coral,near_nearest_proxy,final,2.0,2,2train,train,False,0.2464954188709408,3.0,direct,0.13176725822194071,0.09923223677848683,0.1683079322280373
8,bnci004,MMP_merge_then_adapt,CSP,lda,none,0,3,3,3854,0.05,no_leakage_v1_alpha005,gate_all_sources_proxy_source_only_final_training_only,mmd,,,,,merge_then_adapt,coral,near_nearest_proxy,main,3.0,4,4test,near,False,0.3329674934377367,3.0,direct,0.09754687672804829,0.07017844948729492,0.13582584986821525
8,bnci004,MMP_merge_then_adapt,CSP,lda,none,0,3,3,3854,0.05,no_leakage_v1_alpha005,gate_all_sources_proxy_source_only_final_training_only,mmd,,,,,merge_then_adapt,coral,near_nearest_proxy,anchor,3.0,4,4test,proxy_source,False,0.5746139854078638,3.0,direct,0.09754687672804829,0.07017844948729492,0.13582584986821525
8,bnci004,MMP_merge_then_adapt,CSP,lda,none,0,3,3,3854,0.05,no_leakage_v1_alpha005,gate_all_sources_proxy_source_only_final_training_only,mmd,,,,,merge_then_adapt,coral,near_nearest_proxy,final,3.0,4,4test,train,False,0.3329674934377367,3.0,direct,0.09754687672804829,0.07017844948729492,0.13582584986821525
8,bnci004,MMP_merge_then_adapt,CSP,lda,none,0,3,3,3854,0.05,no_leakage_v1_alpha005,gate_all_sources_proxy_source_only_final_training_only,mmd,,,,,merge_then_adapt,coral,near_nearest_proxy,main,,3,3test,target,False,,,,,,
8,bnci004,MMP_merge_then_adapt,CSP,lda,none,0,3,3,3854,0.05,no_leakage_v1_alpha005,gate_all_sources_proxy_source_only_final_training_only,mmd,,,,,merge_then_adapt,coral,near_nearest_proxy,final,,3,3test,target,False,,,,,,
8,bnci004,MMP_merge_then_adapt,CSP,lda,none,0,4,4,3885,0.05,no_leakage_v1_alpha005,gate_all_sources_proxy_source_only_final_training_only,mmd,,,,,merge_then_adapt,coral,near_nearest_proxy,main,0.0,0,0train,far,False,,4.0,direct,0.2842280652637529,0.2345326199857752,0.33022368411218134
8,bnci004,MMP_merge_then_adapt,CSP,lda,none,0,4,4,3885,0.05,no_leakage_v1_alpha005,gate_all_sources_proxy_source_only_final_training_only,mmd,,,,,merge_then_adapt,coral,near_nearest_proxy,anchor,0.0,0,0train,not_used,False,,4.0,direct,0.2842280652637529,0.2345326199857752,0.33022368411218134
8,bnci004,MMP_merge_then_adapt,CSP,lda,none,0,4,4,3885,0.05,no_leakage_v1_alpha005,gate_all_sources_proxy_source_only_final_training_only,mmd,,,,,merge_then_adapt,coral,near_nearest_proxy,final,0.0,0,0train,not_used,False,,4.0,direct,0.2842280652637529,0.2345326199857752,0.33022368411218134
8,bnci004,MMP_merge_then_adapt,CSP,lda,none,0,4,4,3885,0.05,no_leakage_v1_alpha005,gate_all_sources_proxy_source_only_final_training_only,mmd,,,,,merge_then_adapt,coral,near_nearest_proxy,main,1.0,1,1train,near,False,0.2261404746171771,4.0,direct,0.1397031560841545,0.10239175964206171,0.1849885134307164
8,bnci004,MMP_merge_then_adapt,CSP,lda,none,0,4,4,3885,0.05,no_leakage_v1_alpha005,gate_all_sources_proxy_source_only_final_training_only,mmd,,,,,merge_then_adapt,coral,near_nearest_proxy,anchor,1.0,1,1train,proxy_source,False,0.3764644727223698,4.0,direct,0.1397031560841545,0.10239175964206171,0.1849885134307164
8,bnci004,MMP_merge_then_adapt,CSP,lda,none,0,4,4,3885,0.05,no_leakage_v1_alpha005,gate_all_sources_proxy_source_only_final_training_only,mmd,,,,,merge_then_adapt,coral,near_nearest_proxy,final,1.0,1,1train,train,False,0.2261404746171771,4.0,direct,0.1397031560841545,0.10239175964206171,0.1849885134307164
8,bnci004,MMP_merge_then_adapt,CSP,lda,none,0,4,4,3885,0.05,no_leakage_v1_alpha005,gate_all_sources_proxy_source_only_final_training_only,mmd,,,,,merge_then_adapt,coral,near_nearest_proxy,main,2.0,2,2train,near,False,0.37455491897962656,4.0,direct,0.08434648166952079,0.06056738137809262,0.11488858093998548
8,bnci004,MMP_merge_then_adapt,CSP,lda,none,0,4,4,3885,0.05,no_leakage_v1_alpha005,gate_all_sources_proxy_source_only_final_training_only,mmd,,,,,merge_then_adapt,coral,near_nearest_proxy,anchor,2.0,2,2train,proxy_source,False,0.6235355272776302,4.0,direct,0.08434648166952079,0.06056738137809262,0.11488858093998548
8,bnci004,MMP_merge_then_adapt,CSP,lda,none,0,4,4,3885,0.05,no_leakage_v1_alpha005,gate_all_sources_proxy_source_only_final_training_only,mmd,,,,,merge_then_adapt,coral,near_nearest_proxy,final,2.0,2,2train,train,False,0.37455491897962656,4.0,direct,0.08434648166952079,0.06056738137809262,0.11488858093998548
8,bnci004,MMP_merge_then_adapt,CSP,lda,none,0,4,4,3885,0.05,no_leakage_v1_alpha005,gate_all_sources_proxy_source_only_final_training_only,mmd,,,,,merge_then_adapt,coral,near_nearest_proxy,main,3.0,3,3test,nearest,True,0.3993046064031964,4.0,direct,0.07911845831890106,0.046106270406098,0.11310618238100885
8,bnci004,MMP_merge_then_adapt,CSP,lda,none,0,4,4,3885,0.05,no_leakage_v1_alpha005,gate_all_sources_proxy_source_only_final_training_only,mmd,,,,,merge_then_adapt,coral,near_nearest_proxy,anchor,3.0,3,3test,target,False,,4.0,direct,0.07911845831890106,0.046106270406098,0.11310618238100885
8,bnci004,MMP_merge_then_adapt,CSP,lda,none,0,4,4,3885,0.05,no_leakage_v1_alpha005,gate_all_sources_proxy_source_only_final_training_only,mmd,,,,,merge_then_adapt,coral,near_nearest_proxy,final,3.0,3,3test,train,True,0.3993046064031964,4.0,direct,0.07911845831890106,0.046106270406098,0.11310618238100885
8,bnci004,MMP_merge_then_adapt,CSP,lda,none,0,4,4,3885,0.05,no_leakage_v1_alpha005,gate_all_sources_proxy_source_only_final_training_only,mmd,,,,,merge_then_adapt,coral,near_nearest_proxy,main,,4,4test,target,False,,,,,,
8,bnci004,MMP_merge_then_adapt,CSP,lda,none,0,4,4,3885,0.05,no_leakage_v1_alpha005,gate_all_sources_proxy_source_only_final_training_only,mmd,,,,,merge_then_adapt,coral,near_nearest_proxy,final,,4,4test,target,False,,,,,,
8,bnci004,MMP_merge_then_adapt,CSP,lda,sa,1,0,0,4758,0.05,no_leakage_v1_alpha005,gate_all_sources_proxy_source_only_final_training_only,mmd,,,,,merge_then_adapt,coral,near_nearest_proxy,main,0.0,1,1train,nearest,True,1.0,0.0,direct,0.07246144866254943,0.045759068799939115,0.10273983862746038
8,bnci004,MMP_merge_then_adapt,CSP,lda,sa,1,0,0,4758,0.05,no_leakage_v1_alpha005,gate_all_sources_proxy_source_only_final_training_only,mmd,,,,,merge_then_adapt,coral,near_nearest_proxy,anchor,0.0,1,1train,target,False,,0.0,direct,0.07246144866254943,0.045759068799939115,0.10273983862746038
8,bnci004,MMP_merge_then_adapt,CSP,lda,sa,1,0,0,4758,0.05,no_leakage_v1_alpha005,gate_all_sources_proxy_source_only_final_training_only,mmd,,,,,merge_then_adapt,coral,near_nearest_proxy,final,0.0,1,1train,train,True,1.0,0.0,direct,0.07246144866254943,0.045759068799939115,0.10273983862746038
8,bnci004,MMP_merge_then_adapt,CSP,lda,sa,1,0,0,4758,0.05,no_leakage_v1_alpha005,gate_all_sources_proxy_source_only_final_training_only,mmd,,,,,merge_then_adapt,coral,near_nearest_proxy,main,1.0,2,2train,far,False,,0.0,direct,0.31552699756598224,0.26698753181815227,0.3639846976670635
8,bnci004,MMP_merge_then_adapt,CSP,lda,sa,1,0,0,4758,0.05,no_leakage_v1_alpha005,gate_all_sources_proxy_source_only_final_training_only,mmd,,,,,merge_then_adapt,coral,near_nearest_proxy,anchor,1.0,2,2train,not_used,False,,0.0,direct,0.31552699756598224,0.26698753181815227,0.3639846976670635
8,bnci004,MMP_merge_then_adapt,CSP,lda,sa,1,0,0,4758,0.05,no_leakage_v1_alpha005,gate_all_sources_proxy_source_only_final_training_only,mmd,,,,,merge_then_adapt,coral,near_nearest_proxy,final,1.0,2,2train,not_used,False,,0.0,direct,0.31552699756598224,0.26698753181815227,0.3639846976670635
8,bnci004,MMP_merge_then_adapt,CSP,lda,sa,1,0,0,4758,0.05,no_leakage_v1_alpha005,gate_all_sources_proxy_source_only_final_training_only,mmd,,,,,merge_then_adapt,coral,near_nearest_proxy,main,2.0,3,3test,far,False,,0.0,direct,0.17458842332581628,0.1355470631296899,0.21560081646532517
8,bnci004,MMP_merge_then_adapt,CSP,lda,sa,1,0,0,4758,0.05,no_leakage_v1_alpha005,gate_all_sources_proxy_source_only_final_training_only,mmd,,,,,merge_then_adapt,coral,near_nearest_proxy,anchor,2.0,3,3test,second_nearest_fallback_source,False,1.0,0.0,direct,0.17458842332581628,0.1355470631296899,0.21560081646532517
8,bnci004,MMP_merge_then_adapt,CSP,lda,sa,1,0,0,4758,0.05,no_leakage_v1_alpha005,gate_all_sources_proxy_source_only_final_training_only,mmd,,,,,merge_then_adapt,coral,near_nearest_proxy,final,2.0,3,3test,not_used,False,,0.0,direct,0.17458842332581628,0.1355470631296899,0.21560081646532517
8,bnci004,MMP_merge_then_adapt,CSP,lda,sa,1,0,0,4758,0.05,no_leakage_v1_alpha005,gate_all_sources_proxy_source_only_final_training_only,mmd,,,,,merge_then_adapt,coral,near_nearest_proxy,main,3.0,4,4test,far,False,,0.0,direct,0.28952112182356565,0.2444862283901537,0.33657849085032865
8,bnci004,MMP_merge_then_adapt,CSP,lda,sa,1,0,0,4758,0.05,no_leakage_v1_alpha005,gate_all_sources_proxy_source_only_final_training_only,mmd,,,,,merge_then_adapt,coral,near_nearest_proxy,anchor,3.0,4,4test,not_used,False,,0.0,direct,0.28952112182356565,0.2444862283901537,0.33657849085032865
8,bnci004,MMP_merge_then_adapt,CSP,lda,sa,1,0,0,4758,0.05,no_leakage_v1_alpha005,gate_all_sources_proxy_source_only_final_training_only,mmd,,,,,merge_then_adapt,coral,near_nearest_proxy,final,3.0,4,4test,not_used,False,,0.0,direct,0.28952112182356565,0.2444862283901537,0.33657849085032865
8,bnci004,MMP_merge_then_adapt,CSP,lda,sa,1,0,0,4758,0.05,no_leakage_v1_alpha005,gate_all_sources_proxy_source_only_final_training_only,mmd,,,,,merge_then_adapt,coral,near_nearest_proxy,main,,0,0train,target,False,,,,,,
8,bnci004,MMP_merge_then_adapt,CSP,lda,sa,1,0,0,4758,0.05,no_leakage_v1_alpha005,gate_all_sources_proxy_source_only_final_training_only,mmd,,,,,merge_then_adapt,coral,near_nearest_proxy,final,,0,0train,target,False,,,,,,
8,bnci004,MMP_merge_then_adapt,CSP,lda,sa,1,1,1,4789,0.05,no_leakage_v1_alpha005,gate_all_sources_proxy_source_only_final_training_only,mmd,,,,,merge_then_adapt,coral,near_nearest_proxy,main,0.0,0,0train,nearest,True,0.530056324845243,1.0,direct,0.07316843315725459,0.0484633479936302,0.1041224621456893
8,bnci004,MMP_merge_then_adapt,CSP,lda,sa,1,1,1,4789,0.05,no_leakage_v1_alpha005,gate_all_sources_proxy_source_only_final_training_only,mmd,,,,,merge_then_adapt,coral,near_nearest_proxy,anchor,0.0,0,0train,target,False,,1.0,direct,0.07316843315725459,0.0484633479936302,0.1041224621456893
8,bnci004,MMP_merge_then_adapt,CSP,lda,sa,1,1,1,4789,0.05,no_leakage_v1_alpha005,gate_all_sources_proxy_source_only_final_training_only,mmd,,,,,merge_then_adapt,coral,near_nearest_proxy,final,0.0,0,0train,train,True,0.530056324845243,1.0,direct,0.07316843315725459,0.0484633479936302,0.1041224621456893
8,bnci004,MMP_merge_then_adapt,CSP,lda,sa,1,1,1,4789,0.05,no_leakage_v1_alpha005,gate_all_sources_proxy_source_only_final_training_only,mmd,,,,,merge_then_adapt,coral,near_nearest_proxy,main,1.0,2,2train,far,False,,1.0,direct,0.19883550844480435,0.1542061811859553,0.2474799375270253
8,bnci004,MMP_merge_then_adapt,CSP,lda,sa,1,1,1,4789,0.05,no_leakage_v1_alpha005,gate_all_sources_proxy_source_only_final_training_only,mmd,,,,,merge_then_adapt,coral,near_nearest_proxy,anchor,1.0,2,2train,not_used,False,,1.0,direct,0.19883550844480435,0.1542061811859553,0.2474799375270253
8,bnci004,MMP_merge_then_adapt,CSP,lda,sa,1,1,1,4789,0.05,no_leakage_v1_alpha005,gate_all_sources_proxy_source_only_final_training_only,mmd,,,,,merge_then_adapt,coral,near_nearest_proxy,final,1.0,2,2train,not_used,False,,1.0,direct,0.19883550844480435,0.1542061811859553,0.2474799375270253
8,bnci004,MMP_merge_then_adapt,CSP,lda,sa,1,1,1,4789,0.05,no_leakage_v1_alpha005,gate_all_sources_proxy_source_only_final_training_only,mmd,,,,,merge_then_adapt,coral,near_nearest_proxy,main,2.0,3,3test,near,False,0.469943675154757,1.0,direct,0.0825278707579097,0.05816089592460255,0.11294433260134994
8,bnci004,MMP_merge_then_adapt,CSP,lda,sa,1,1,1,4789,0.05,no_leakage_v1_alpha005,gate_all_sources_proxy_source_only_final_training_only,mmd,,,,,merge_then_adapt,coral,near_nearest_proxy,anchor,2.0,3,3test,proxy_source,False,1.0,1.0,direct,0.0825278707579097,0.05816089592460255,0.11294433260134994
8,bnci004,MMP_merge_then_adapt,CSP,lda,sa,1,1,1,4789,0.05,no_leakage_v1_alpha005,gate_all_sources_proxy_source_only_final_training_only,mmd,,,,,merge_then_adapt,coral,near_nearest_proxy,final,2.0,3,3test,train,False,0.469943675154757,1.0,direct,0.0825278707579097,0.05816089592460255,0.11294433260134994
8,bnci004,MMP_merge_then_adapt,CSP,lda,sa,1,1,1,4789,0.05,no_leakage_v1_alpha005,gate_all_sources_proxy_source_only_final_training_only,mmd,,,,,merge_then_adapt,coral,near_nearest_proxy,main,3.0,4,4test,far,False,,1.0,direct,0.17482420031089482,0.1310627977500188,0.2287053253163726
8,bnci004,MMP_merge_then_adapt,CSP,lda,sa,1,1,1,4789,0.05,no_leakage_v1_alpha005,gate_all_sources_proxy_source_only_final_training_only,mmd,,,,,merge_then_adapt,coral,near_nearest_proxy,anchor,3.0,4,4test,not_used,False,,1.0,direct,0.17482420031089482,0.1310627977500188,0.2287053253163726
8,bnci004,MMP_merge_then_adapt,CSP,lda,sa,1,1,1,4789,0.05,no_leakage_v1_alpha005,gate_all_sources_proxy_source_only_final_training_only,mmd,,,,,merge_then_adapt,coral,near_nearest_proxy,final,3.0,4,4test,not_used,False,,1.0,direct,0.17482420031089482,0.1310627977500188,0.2287053253163726
8,bnci004,MMP_merge_then_adapt,CSP,lda,sa,1,1,1,4789,0.05,no_leakage_v1_alpha005,gate_all_sources_proxy_source_only_final_training_only,mmd,,,,,merge_then_adapt,coral,near_nearest_proxy,main,,1,1train,target,False,,,,,,
8,bnci004,MMP_merge_then_adapt,CSP,lda,sa,1,1,1,4789,0.05,no_leakage_v1_alpha005,gate_all_sources_proxy_source_only_final_training_only,mmd,,,,,merge_then_adapt,coral,near_nearest_proxy,final,,1,1train,target,False,,,,,,
8,bnci004,MMP_merge_then_adapt,CSP,lda,sa,1,2,2,4820,0.05,no_leakage_v1_alpha005,gate_all_sources_proxy_source_only_final_training_only,mmd,,,,,merge_then_adapt,coral,near_nearest_proxy,main,0.0,0,0train,far,False,,2.0,direct,0.2930859312664018,0.25654761774654267,0.33299284999020046
8,bnci004,MMP_merge_then_adapt,CSP,lda,sa,1,2,2,4820,0.05,no_leakage_v1_alpha005,gate_all_sources_proxy_source_only_final_training_only,mmd,,,,,merge_then_adapt,coral,near_nearest_proxy,anchor,0.0,0,0train,not_used,False,,2.0,direct,0.2930859312664018,0.25654761774654267,0.33299284999020046
8,bnci004,MMP_merge_then_adapt,CSP,lda,sa,1,2,2,4820,0.05,no_leakage_v1_alpha005,gate_all_sources_proxy_source_only_final_training_only,mmd,,,,,merge_then_adapt,coral,near_nearest_proxy,final,0.0,0,0train,not_used,False,,2.0,direct,0.2930859312664018,0.25654761774654267,0.33299284999020046
8,bnci004,MMP_merge_then_adapt,CSP,lda,sa,1,2,2,4820,0.05,no_leakage_v1_alpha005,gate_all_sources_proxy_source_only_final_training_only,mmd,,,,,merge_then_adapt,coral,near_nearest_proxy,main,1.0,1,1train,far,False,,2.0,direct,0.18651732100632756,0.14638806905975926,0.23915660727564805
8,bnci004,MMP_merge_then_adapt,CSP,lda,sa,1,2,2,4820,0.05,no_leakage_v1_alpha005,gate_all_sources_proxy_source_only_final_training_only,mmd,,,,,merge_then_adapt,coral,near_nearest_proxy,anchor,1.0,1,1train,not_used,False,,2.0,direct,0.18651732100632756,0.14638806905975926,0.23915660727564805
8,bnci004,MMP_merge_then_adapt,CSP,lda,sa,1,2,2,4820,0.05,no_leakage_v1_alpha005,gate_all_sources_proxy_source_only_final_training_only,mmd,,,,,merge_then_adapt,coral,near_nearest_proxy,final,1.0,1,1train,not_used,False,,2.0,direct,0.18651732100632756,0.14638806905975926,0.23915660727564805
8,bnci004,MMP_merge_then_adapt,CSP,lda,sa,1,2,2,4820,0.05,no_leakage_v1_alpha005,gate_all_sources_proxy_source_only_final_training_only,mmd,,,,,merge_then_adapt,coral,near_nearest_proxy,main,2.0,3,3test,far,False,,2.0,direct,0.12255680995549113,0.0895056584164,0.16144205733845693
8,bnci004,MMP_merge_then_adapt,CSP,lda,sa,1,2,2,4820,0.05,no_leakage_v1_alpha005,gate_all_sources_proxy_source_only_final_training_only,mmd,,,,,merge_then_adapt,coral,near_nearest_proxy,anchor,2.0,3,3test,second_nearest_fallback_source,False,1.0,2.0,direct,0.12255680995549113,0.0895056584164,0.16144205733845693
8,bnci004,MMP_merge_then_adapt,CSP,lda,sa,1,2,2,4820,0.05,no_leakage_v1_alpha005,gate_all_sources_proxy_source_only_final_training_only,mmd,,,,,merge_then_adapt,coral,near_nearest_proxy,final,2.0,3,3test,not_used,False,,2.0,direct,0.12255680995549113,0.0895056584164,0.16144205733845693
8,bnci004,MMP_merge_then_adapt,CSP,lda,sa,1,2,2,4820,0.05,no_leakage_v1_alpha005,gate_all_sources_proxy_source_only_final_training_only,mmd,,,,,merge_then_adapt,coral,near_nearest_proxy,main,3.0,4,4test,nearest,True,1.0,2.0,direct,0.038361228380430525,0.02602568213310405,0.05322290376856559
8,bnci004,MMP_merge_then_adapt,CSP,lda,sa,1,2,2,4820,0.05,no_leakage_v1_alpha005,gate_all_sources_proxy_source_only_final_training_only,mmd,,,,,merge_then_adapt,coral,near_nearest_proxy,anchor,3.0,4,4test,target,False,,2.0,direct,0.038361228380430525,0.02602568213310405,0.05322290376856559
8,bnci004,MMP_merge_then_adapt,CSP,lda,sa,1,2,2,4820,0.05,no_leakage_v1_alpha005,gate_all_sources_proxy_source_only_final_training_only,mmd,,,,,merge_then_adapt,coral,near_nearest_proxy,final,3.0,4,4test,train,True,1.0,2.0,direct,0.038361228380430525,0.02602568213310405,0.05322290376856559
8,bnci004,MMP_merge_then_adapt,CSP,lda,sa,1,2,2,4820,0.05,no_leakage_v1_alpha005,gate_all_sources_proxy_source_only_final_training_only,mmd,,,,,merge_then_adapt,coral,near_nearest_proxy,main,,2,2train,target,False,,,,,,
8,bnci004,MMP_merge_then_adapt,CSP,lda,sa,1,2,2,4820,0.05,no_leakage_v1_alpha005,gate_all_sources_proxy_source_only_final_training_only,mmd,,,,,merge_then_adapt,coral,near_nearest_proxy,final,,2,2train,target,False,,,,,,
8,bnci004,MMP_merge_then_adapt,CSP,lda,sa,1,3,3,4851,0.05,no_leakage_v1_alpha005,gate_all_sources_proxy_source_only_final_training_only,mmd,,,,,merge_then_adapt,coral,near_nearest_proxy,main,0.0,0,0train,far,False,,3.0,direct,0.1743398632573058,0.13453473603027127,0.21762750756090177
8,bnci004,MMP_merge_then_adapt,CSP,lda,sa,1,3,3,4851,0.05,no_leakage_v1_alpha005,gate_all_sources_proxy_source_only_final_training_only,mmd,,,,,merge_then_adapt,coral,near_nearest_proxy,anchor,0.0,0,0train,not_used,False,,3.0,direct,0.1743398632573058,0.13453473603027127,0.21762750756090177
8,bnci004,MMP_merge_then_adapt,CSP,lda,sa,1,3,3,4851,0.05,no_leakage_v1_alpha005,gate_all_sources_proxy_source_only_final_training_only,mmd,,,,,merge_then_adapt,coral,near_nearest_proxy,final,0.0,0,0train,not_used,False,,3.0,direct,0.1743398632573058,0.13453473603027127,0.21762750756090177
8,bnci004,MMP_merge_then_adapt,CSP,lda,sa,1,3,3,4851,0.05,no_leakage_v1_alpha005,gate_all_sources_proxy_source_only_final_training_only,mmd,,,,,merge_then_adapt,coral,near_nearest_proxy,main,1.0,1,1train,nearest,True,0.41299527173930917,3.0,direct,0.07906000841700639,0.05352239339805213,0.10704002953953523
8,bnci004,MMP_merge_then_adapt,CSP,lda,sa,1,3,3,4851,0.05,no_leakage_v1_alpha005,gate_all_sources_proxy_source_only_final_training_only,mmd,,,,,merge_then_adapt,coral,near_nearest_proxy,anchor,1.0,1,1train,target,False,,3.0,direct,0.07906000841700639,0.05352239339805213,0.10704002953953523
8,bnci004,MMP_merge_then_adapt,CSP,lda,sa,1,3,3,4851,0.05,no_leakage_v1_alpha005,gate_all_sources_proxy_source_only_final_training_only,mmd,,,,,merge_then_adapt,coral,near_nearest_proxy,final,1.0,1,1train,train,True,0.41299527173930917,3.0,direct,0.07906000841700639,0.05352239339805213,0.10704002953953523
8,bnci004,MMP_merge_then_adapt,CSP,lda,sa,1,3,3,4851,0.05,no_leakage_v1_alpha005,gate_all_sources_proxy_source_only_final_training_only,mmd,,,,,merge_then_adapt,coral,near_nearest_proxy,main,2.0,2,2train,near,False,0.2507578912961244,3.0,direct,0.1302115428092959,0.09542458276697141,0.17435272519270806
8,bnci004,MMP_merge_then_adapt,CSP,lda,sa,1,3,3,4851,0.05,no_leakage_v1_alpha005,gate_all_sources_proxy_source_only_final_training_only,mmd,,,,,merge_then_adapt,coral,near_nearest_proxy,anchor,2.0,2,2train,proxy_source,False,0.4271820638295812,3.0,direct,0.1302115428092959,0.09542458276697141,0.17435272519270806
8,bnci004,MMP_merge_then_adapt,CSP,lda,sa,1,3,3,4851,0.05,no_leakage_v1_alpha005,gate_all_sources_proxy_source_only_final_training_only,mmd,,,,,merge_then_adapt,coral,near_nearest_proxy,final,2.0,2,2train,train,False,0.2507578912961244,3.0,direct,0.1302115428092959,0.09542458276697141,0.17435272519270806
8,bnci004,MMP_merge_then_adapt,CSP,lda,sa,1,3,3,4851,0.05,no_leakage_v1_alpha005,gate_all_sources_proxy_source_only_final_training_only,mmd,,,,,merge_then_adapt,coral,near_nearest_proxy,main,3.0,4,4test,near,False,0.3362468369645665,3.0,direct,0.09710570574607129,0.06533528871012209,0.13868465850785783
8,bnci004,MMP_merge_then_adapt,CSP,lda,sa,1,3,3,4851,0.05,no_leakage_v1_alpha005,gate_all_sources_proxy_source_only_final_training_only,mmd,,,,,merge_then_adapt,coral,near_nearest_proxy,anchor,3.0,4,4test,proxy_source,False,0.5728179361704189,3.0,direct,0.09710570574607129,0.06533528871012209,0.13868465850785783
8,bnci004,MMP_merge_then_adapt,CSP,lda,sa,1,3,3,4851,0.05,no_leakage_v1_alpha005,gate_all_sources_proxy_source_only_final_training_only,mmd,,,,,merge_then_adapt,coral,near_nearest_proxy,final,3.0,4,4test,train,False,0.3362468369645665,3.0,direct,0.09710570574607129,0.06533528871012209,0.13868465850785783
8,bnci004,MMP_merge_then_adapt,CSP,lda,sa,1,3,3,4851,0.05,no_leakage_v1_alpha005,gate_all_sources_proxy_source_only_final_training_only,mmd,,,,,merge_then_adapt,coral,near_nearest_proxy,main,,3,3test,target,False,,,,,,
8,bnci004,MMP_merge_then_adapt,CSP,lda,sa,1,3,3,4851,0.05,no_leakage_v1_alpha005,gate_all_sources_proxy_source_only_final_training_only,mmd,,,,,merge_then_adapt,coral,near_nearest_proxy,final,,3,3test,target,False,,,,,,
8,bnci004,MMP_merge_then_adapt,CSP,lda,sa,1,4,4,4882,0.05,no_leakage_v1_alpha005,gate_all_sources_proxy_source_only_final_training_only,mmd,,,,,merge_then_adapt,coral,near_nearest_proxy,main,0.0,0,0train,far,False,,4.0,direct,0.28555074351784726,0.2386632857903956,0.3302701841157904
8,bnci004,MMP_merge_then_adapt,CSP,lda,sa,1,4,4,4882,0.05,no_leakage_v1_alpha005,gate_all_sources_proxy_source_only_final_training_only,mmd,,,,,merge_then_adapt,coral,near_nearest_proxy,anchor,0.0,0,0train,not_used,False,,4.0,direct,0.28555074351784726,0.2386632857903956,0.3302701841157904
8,bnci004,MMP_merge_then_adapt,CSP,lda,sa,1,4,4,4882,0.05,no_leakage_v1_alpha005,gate_all_sources_proxy_source_only_final_training_only,mmd,,,,,merge_then_adapt,coral,near_nearest_proxy,final,0.0,0,0train,not_used,False,,4.0,direct,0.28555074351784726,0.2386632857903956,0.3302701841157904
8,bnci004,MMP_merge_then_adapt,CSP,lda,sa,1,4,4,4882,0.05,no_leakage_v1_alpha005,gate_all_sources_proxy_source_only_final_training_only,mmd,,,,,merge_then_adapt,coral,near_nearest_proxy,main,1.0,1,1train,near,False,0.22847984961714682,4.0,direct,0.13833212760019695,0.09445935072619184,0.18759133036804518
8,bnci004,MMP_merge_then_adapt,CSP,lda,sa,1,4,4,4882,0.05,no_leakage_v1_alpha005,gate_all_sources_proxy_source_only_final_training_only,mmd,,,,,merge_then_adapt,coral,near_nearest_proxy,anchor,1.0,1,1train,proxy_source,False,0.37707013668070644,4.0,direct,0.13833212760019695,0.09445935072619184,0.18759133036804518
8,bnci004,MMP_merge_then_adapt,CSP,lda,sa,1,4,4,4882,0.05,no_leakage_v1_alpha005,gate_all_sources_proxy_source_only_final_training_only,mmd,,,,,merge_then_adapt,coral,near_nearest_proxy,final,1.0,1,1train,train,False,0.22847984961714682,4.0,direct,0.13833212760019695,0.09445935072619184,0.18759133036804518
8,bnci004,MMP_merge_then_adapt,CSP,lda,sa,1,4,4,4882,0.05,no_leakage_v1_alpha005,gate_all_sources_proxy_source_only_final_training_only,mmd,,,,,merge_then_adapt,coral,near_nearest_proxy,main,2.0,2,2train,near,False,0.3774547694126754,4.0,direct,0.08373441614096558,0.060662991909688414,0.11375810536539933
8,bnci004,MMP_merge_then_adapt,CSP,lda,sa,1,4,4,4882,0.05,no_leakage_v1_alpha005,gate_all_sources_proxy_source_only_final_training_only,mmd,,,,,merge_then_adapt,coral,near_nearest_proxy,anchor,2.0,2,2train,proxy_source,False,0.6229298633192937,4.0,direct,0.08373441614096558,0.060662991909688414,0.11375810536539933
8,bnci004,MMP_merge_then_adapt,CSP,lda,sa,1,4,4,4882,0.05,no_leakage_v1_alpha005,gate_all_sources_proxy_source_only_final_training_only,mmd,,,,,merge_then_adapt,coral,near_nearest_proxy,final,2.0,2,2train,train,False,0.3774547694126754,4.0,direct,0.08373441614096558,0.060662991909688414,0.11375810536539933
8,bnci004,MMP_merge_then_adapt,CSP,lda,sa,1,4,4,4882,0.05,no_leakage_v1_alpha005,gate_all_sources_proxy_source_only_final_training_only,mmd,,,,,merge_then_adapt,coral,near_nearest_proxy,main,3.0,3,3test,nearest,True,0.39406538097017785,4.0,direct,0.08020480776050075,0.05091383809793658,0.12010940482563216
8,bnci004,MMP_merge_then_adapt,CSP,lda,sa,1,4,4,4882,0.05,no_leakage_v1_alpha005,gate_all_sources_proxy_source_only_final_training_only,mmd,,,,,merge_then_adapt,coral,near_nearest_proxy,anchor,3.0,3,3test,target,False,,4.0,direct,0.08020480776050075,0.05091383809793658,0.12010940482563216
8,bnci004,MMP_merge_then_adapt,CSP,lda,sa,1,4,4,4882,0.05,no_leakage_v1_alpha005,gate_all_sources_proxy_source_only_final_training_only,mmd,,,,,merge_then_adapt,coral,near_nearest_proxy,final,3.0,3,3test,train,True,0.39406538097017785,4.0,direct,0.08020480776050075,0.05091383809793658,0.12010940482563216
8,bnci004,MMP_merge_then_adapt,CSP,lda,sa,1,4,4,4882,0.05,no_leakage_v1_alpha005,gate_all_sources_proxy_source_only_final_training_only,mmd,,,,,merge_then_adapt,coral,near_nearest_proxy,main,,4,4test,target,False,,,,,,
8,bnci004,MMP_merge_then_adapt,CSP,lda,sa,1,4,4,4882,0.05,no_leakage_v1_alpha005,gate_all_sources_proxy_source_only_final_training_only,mmd,,,,,merge_then_adapt,coral,near_nearest_proxy,final,,4,4test,target,False,,,,,,
8,bnci004,MMP_merge_then_adapt,CSP,lda,pt,2,0,0,5755,0.05,no_leakage_v1_alpha005,gate_all_sources_proxy_source_only_final_training_only,mmd,,,,,merge_then_adapt,coral,near_nearest_proxy,main,0.0,1,1train,nearest,True,1.0,0.0,direct,0.07649978351445244,0.047812740375111906,0.10986207118185742
8,bnci004,MMP_merge_then_adapt,CSP,lda,pt,2,0,0,5755,0.05,no_leakage_v1_alpha005,gate_all_sources_proxy_source_only_final_training_only,mmd,,,,,merge_then_adapt,coral,near_nearest_proxy,anchor,0.0,1,1train,target,False,,0.0,direct,0.07649978351445244,0.047812740375111906,0.10986207118185742
8,bnci004,MMP_merge_then_adapt,CSP,lda,pt,2,0,0,5755,0.05,no_leakage_v1_alpha005,gate_all_sources_proxy_source_only_final_training_only,mmd,,,,,merge_then_adapt,coral,near_nearest_proxy,final,0.0,1,1train,train,True,1.0,0.0,direct,0.07649978351445244,0.047812740375111906,0.10986207118185742
8,bnci004,MMP_merge_then_adapt,CSP,lda,pt,2,0,0,5755,0.05,no_leakage_v1_alpha005,gate_all_sources_proxy_source_only_final_training_only,mmd,,,,,merge_then_adapt,coral,near_nearest_proxy,main,1.0,2,2train,far,False,,0.0,direct,0.31785842579548873,0.27750558764139543,0.36043322129659855
8,bnci004,MMP_merge_then_adapt,CSP,lda,pt,2,0,0,5755,0.05,no_leakage_v1_alpha005,gate_all_sources_proxy_source_only_final_training_only,mmd,,,,,merge_then_adapt,coral,near_nearest_proxy,anchor,1.0,2,2train,not_used,False,,0.0,direct,0.31785842579548873,0.27750558764139543,0.36043322129659855
8,bnci004,MMP_merge_then_adapt,CSP,lda,pt,2,0,0,5755,0.05,no_leakage_v1_alpha005,gate_all_sources_proxy_source_only_final_training_only,mmd,,,,,merge_then_adapt,coral,near_nearest_proxy,final,1.0,2,2train,not_used,False,,0.0,direct,0.31785842579548873,0.27750558764139543,0.36043322129659855
8,bnci004,MMP_merge_then_adapt,CSP,lda,pt,2,0,0,5755,0.05,no_leakage_v1_alpha005,gate_all_sources_proxy_source_only_final_training_only,mmd,,,,,merge_then_adapt,coral,near_nearest_proxy,main,2.0,3,3test,far,False,,0.0,direct,0.17564477388164015,0.13345292579932908,0.2210937267336928
8,bnci004,MMP_merge_then_adapt,CSP,lda,pt,2,0,0,5755,0.05,no_leakage_v1_alpha005,gate_all_sources_proxy_source_only_final_training_only,mmd,,,,,merge_then_adapt,coral,near_nearest_proxy,anchor,2.0,3,3test,second_nearest_fallback_source,False,1.0,0.0,direct,0.17564477388164015,0.13345292579932908,0.2210937267336928
8,bnci004,MMP_merge_then_adapt,CSP,lda,pt,2,0,0,5755,0.05,no_leakage_v1_alpha005,gate_all_sources_proxy_source_only_final_training_only,mmd,,,,,merge_then_adapt,coral,near_nearest_proxy,final,2.0,3,3test,not_used,False,,0.0,direct,0.17564477388164015,0.13345292579932908,0.2210937267336928
8,bnci004,MMP_merge_then_adapt,CSP,lda,pt,2,0,0,5755,0.05,no_leakage_v1_alpha005,gate_all_sources_proxy_source_only_final_training_only,mmd,,,,,merge_then_adapt,coral,near_nearest_proxy,main,3.0,4,4test,far,False,,0.0,direct,0.293952229585394,0.24901178284457479,0.3374289581091649
8,bnci004,MMP_merge_then_adapt,CSP,lda,pt,2,0,0,5755,0.05,no_leakage_v1_alpha005,gate_all_sources_proxy_source_only_final_training_only,mmd,,,,,merge_then_adapt,coral,near_nearest_proxy,anchor,3.0,4,4test,not_used,False,,0.0,direct,0.293952229585394,0.24901178284457479,0.3374289581091649
8,bnci004,MMP_merge_then_adapt,CSP,lda,pt,2,0,0,5755,0.05,no_leakage_v1_alpha005,gate_all_sources_proxy_source_only_final_training_only,mmd,,,,,merge_then_adapt,coral,near_nearest_proxy,final,3.0,4,4test,not_used,False,,0.0,direct,0.293952229585394,0.24901178284457479,0.3374289581091649
8,bnci004,MMP_merge_then_adapt,CSP,lda,pt,2,0,0,5755,0.05,no_leakage_v1_alpha005,gate_all_sources_proxy_source_only_final_training_only,mmd,,,,,merge_then_adapt,coral,near_nearest_proxy,main,,0,0train,target,False,,,,,,
8,bnci004,MMP_merge_then_adapt,CSP,lda,pt,2,0,0,5755,0.05,no_leakage_v1_alpha005,gate_all_sources_proxy_source_only_final_training_only,mmd,,,,,merge_then_adapt,coral,near_nearest_proxy,final,,0,0train,target,False,,,,,,
8,bnci004,MMP_merge_then_adapt,CSP,lda,pt,2,1,1,5786,0.05,no_leakage_v1_alpha005,gate_all_sources_proxy_source_only_final_training_only,mmd,,,,,merge_then_adapt,coral,near_nearest_proxy,main,0.0,0,0train,nearest,True,0.5250510137500288,1.0,direct,0.07659276673937321,0.04565732646963654,0.10985005974632536
8,bnci004,MMP_merge_then_adapt,CSP,lda,pt,2,1,1,5786,0.05,no_leakage_v1_alpha005,gate_all_sources_proxy_source_only_final_training_only,mmd,,,,,merge_then_adapt,coral,near_nearest_proxy,anchor,0.0,0,0train,target,False,,1.0,direct,0.07659276673937321,0.04565732646963654,0.10985005974632536
8,bnci004,MMP_merge_then_adapt,CSP,lda,pt,2,1,1,5786,0.05,no_leakage_v1_alpha005,gate_all_sources_proxy_source_only_final_training_only,mmd,,,,,merge_then_adapt,coral,near_nearest_proxy,final,0.0,0,0train,train,True,0.5250510137500288,1.0,direct,0.07659276673937321,0.04565732646963654,0.10985005974632536
8,bnci004,MMP_merge_then_adapt,CSP,lda,pt,2,1,1,5786,0.05,no_leakage_v1_alpha005,gate_all_sources_proxy_source_only_final_training_only,mmd,,,,,merge_then_adapt,coral,near_nearest_proxy,main,1.0,2,2train,far,False,,1.0,direct,0.2041535383539641,0.15756346771909688,0.2575577071662397
8,bnci004,MMP_merge_then_adapt,CSP,lda,pt,2,1,1,5786,0.05,no_leakage_v1_alpha005,gate_all_sources_proxy_source_only_final_training_only,mmd,,,,,merge_then_adapt,coral,near_nearest_proxy,anchor,1.0,2,2train,not_used,False,,1.0,direct,0.2041535383539641,0.15756346771909688,0.2575577071662397
8,bnci004,MMP_merge_then_adapt,CSP,lda,pt,2,1,1,5786,0.05,no_leakage_v1_alpha005,gate_all_sources_proxy_source_only_final_training_only,mmd,,,,,merge_then_adapt,coral,near_nearest_proxy,final,1.0,2,2train,not_used,False,,1.0,direct,0.2041535383539641,0.15756346771909688,0.2575577071662397
8,bnci004,MMP_merge_then_adapt,CSP,lda,pt,2,1,1,5786,0.05,no_leakage_v1_alpha005,gate_all_sources_proxy_source_only_final_training_only,mmd,,,,,merge_then_adapt,coral,near_nearest_proxy,main,2.0,3,3test,near,False,0.47494898624997123,1.0,direct,0.08467258819095401,0.05544697758542326,0.1151928644487603
8,bnci004,MMP_merge_then_adapt,CSP,lda,pt,2,1,1,5786,0.05,no_leakage_v1_alpha005,gate_all_sources_proxy_source_only_final_training_only,mmd,,,,,merge_then_adapt,coral,near_nearest_proxy,anchor,2.0,3,3test,proxy_source,False,1.0,1.0,direct,0.08467258819095401,0.05544697758542326,0.1151928644487603
8,bnci004,MMP_merge_then_adapt,CSP,lda,pt,2,1,1,5786,0.05,no_leakage_v1_alpha005,gate_all_sources_proxy_source_only_final_training_only,mmd,,,,,merge_then_adapt,coral,near_nearest_proxy,final,2.0,3,3test,train,False,0.47494898624997123,1.0,direct,0.08467258819095401,0.05544697758542326,0.1151928644487603
8,bnci004,MMP_merge_then_adapt,CSP,lda,pt,2,1,1,5786,0.05,no_leakage_v1_alpha005,gate_all_sources_proxy_source_only_final_training_only,mmd,,,,,merge_then_adapt,coral,near_nearest_proxy,main,3.0,4,4test,far,False,,1.0,direct,0.17340949355843713,0.13183076458919038,0.22119023678900296
8,bnci004,MMP_merge_then_adapt,CSP,lda,pt,2,1,1,5786,0.05,no_leakage_v1_alpha005,gate_all_sources_proxy_source_only_final_training_only,mmd,,,,,merge_then_adapt,coral,near_nearest_proxy,anchor,3.0,4,4test,not_used,False,,1.0,direct,0.17340949355843713,0.13183076458919038,0.22119023678900296
8,bnci004,MMP_merge_then_adapt,CSP,lda,pt,2,1,1,5786,0.05,no_leakage_v1_alpha005,gate_all_sources_proxy_source_only_final_training_only,mmd,,,,,merge_then_adapt,coral,near_nearest_proxy,final,3.0,4,4test,not_used,False,,1.0,direct,0.17340949355843713,0.13183076458919038,0.22119023678900296
8,bnci004,MMP_merge_then_adapt,CSP,lda,pt,2,1,1,5786,0.05,no_leakage_v1_alpha005,gate_all_sources_proxy_source_only_final_training_only,mmd,,,,,merge_then_adapt,coral,near_nearest_proxy,main,,1,1train,target,False,,,,,,
8,bnci004,MMP_merge_then_adapt,CSP,lda,pt,2,1,1,5786,0.05,no_leakage_v1_alpha005,gate_all_sources_proxy_source_only_final_training_only,mmd,,,,,merge_then_adapt,coral,near_nearest_proxy,final,,1,1train,target,False,,,,,,
8,bnci004,MMP_merge_then_adapt,CSP,lda,pt,2,2,2,5817,0.05,no_leakage_v1_alpha005,gate_all_sources_proxy_source_only_final_training_only,mmd,,,,,merge_then_adapt,coral,near_nearest_proxy,main,0.0,0,0train,far,False,,2.0,direct,0.29356372943132003,0.2555785181203121,0.34138838693719337
8,bnci004,MMP_merge_then_adapt,CSP,lda,pt,2,2,2,5817,0.05,no_leakage_v1_alpha005,gate_all_sources_proxy_source_only_final_training_only,mmd,,,,,merge_then_adapt,coral,near_nearest_proxy,anchor,0.0,0,0train,not_used,False,,2.0,direct,0.29356372943132003,0.2555785181203121,0.34138838693719337
8,bnci004,MMP_merge_then_adapt,CSP,lda,pt,2,2,2,5817,0.05,no_leakage_v1_alpha005,gate_all_sources_proxy_source_only_final_training_only,mmd,,,,,merge_then_adapt,coral,near_nearest_proxy,final,0.0,0,0train,not_used,False,,2.0,direct,0.29356372943132003,0.2555785181203121,0.34138838693719337
8,bnci004,MMP_merge_then_adapt,CSP,lda,pt,2,2,2,5817,0.05,no_leakage_v1_alpha005,gate_all_sources_proxy_source_only_final_training_only,mmd,,,,,merge_then_adapt,coral,near_nearest_proxy,main,1.0,1,1train,far,False,,2.0,direct,0.1831382302913267,0.14312877459779547,0.2314531112541378
8,bnci004,MMP_merge_then_adapt,CSP,lda,pt,2,2,2,5817,0.05,no_leakage_v1_alpha005,gate_all_sources_proxy_source_only_final_training_only,mmd,,,,,merge_then_adapt,coral,near_nearest_proxy,anchor,1.0,1,1train,not_used,False,,2.0,direct,0.1831382302913267,0.14312877459779547,0.2314531112541378
8,bnci004,MMP_merge_then_adapt,CSP,lda,pt,2,2,2,5817,0.05,no_leakage_v1_alpha005,gate_all_sources_proxy_source_only_final_training_only,mmd,,,,,merge_then_adapt,coral,near_nearest_proxy,final,1.0,1,1train,not_used,False,,2.0,direct,0.1831382302913267,0.14312877459779547,0.2314531112541378
8,bnci004,MMP_merge_then_adapt,CSP,lda,pt,2,2,2,5817,0.05,no_leakage_v1_alpha005,gate_all_sources_proxy_source_only_final_training_only,mmd,,,,,merge_then_adapt,coral,near_nearest_proxy,main,2.0,3,3test,far,False,,2.0,direct,0.12354188504403339,0.08843025052134988,0.16290476502926388
8,bnci004,MMP_merge_then_adapt,CSP,lda,pt,2,2,2,5817,0.05,no_leakage_v1_alpha005,gate_all_sources_proxy_source_only_final_training_only,mmd,,,,,merge_then_adapt,coral,near_nearest_proxy,anchor,2.0,3,3test,second_nearest_fallback_source,False,1.0,2.0,direct,0.12354188504403339,0.08843025052134988,0.16290476502926388
8,bnci004,MMP_merge_then_adapt,CSP,lda,pt,2,2,2,5817,0.05,no_leakage_v1_alpha005,gate_all_sources_proxy_source_only_final_training_only,mmd,,,,,merge_then_adapt,coral,near_nearest_proxy,final,2.0,3,3test,not_used,False,,2.0,direct,0.12354188504403339,0.08843025052134988,0.16290476502926388
8,bnci004,MMP_merge_then_adapt,CSP,lda,pt,2,2,2,5817,0.05,no_leakage_v1_alpha005,gate_all_sources_proxy_source_only_final_training_only,mmd,,,,,merge_then_adapt,coral,near_nearest_proxy,main,3.0,4,4test,nearest,True,1.0,2.0,direct,0.03837857216019952,0.02538838561686998,0.05400208783429
8,bnci004,MMP_merge_then_adapt,CSP,lda,pt,2,2,2,5817,0.05,no_leakage_v1_alpha005,gate_all_sources_proxy_source_only_final_training_only,mmd,,,,,merge_then_adapt,coral,near_nearest_proxy,anchor,3.0,4,4test,target,False,,2.0,direct,0.03837857216019952,0.02538838561686998,0.05400208783429
8,bnci004,MMP_merge_then_adapt,CSP,lda,pt,2,2,2,5817,0.05,no_leakage_v1_alpha005,gate_all_sources_proxy_source_only_final_training_only,mmd,,,,,merge_then_adapt,coral,near_nearest_proxy,final,3.0,4,4test,train,True,1.0,2.0,direct,0.03837857216019952,0.02538838561686998,0.05400208783429
8,bnci004,MMP_merge_then_adapt,CSP,lda,pt,2,2,2,5817,0.05,no_leakage_v1_alpha005,gate_all_sources_proxy_source_only_final_training_only,mmd,,,,,merge_then_adapt,coral,near_nearest_proxy,main,,2,2train,target,False,,,,,,
8,bnci004,MMP_merge_then_adapt,CSP,lda,pt,2,2,2,5817,0.05,no_leakage_v1_alpha005,gate_all_sources_proxy_source_only_final_training_only,mmd,,,,,merge_then_adapt,coral,near_nearest_proxy,final,,2,2train,target,False,,,,,,
8,bnci004,MMP_merge_then_adapt,CSP,lda,pt,2,3,3,5848,0.05,no_leakage_v1_alpha005,gate_all_sources_proxy_source_only_final_training_only,mmd,,,,,merge_then_adapt,coral,near_nearest_proxy,main,0.0,0,0train,far,False,,3.0,direct,0.17494675097130982,0.13915580117630183,0.2137166249278963
8,bnci004,MMP_merge_then_adapt,CSP,lda,pt,2,3,3,5848,0.05,no_leakage_v1_alpha005,gate_all_sources_proxy_source_only_final_training_only,mmd,,,,,merge_then_adapt,coral,near_nearest_proxy,anchor,0.0,0,0train,not_used,False,,3.0,direct,0.17494675097130982,0.13915580117630183,0.2137166249278963
8,bnci004,MMP_merge_then_adapt,CSP,lda,pt,2,3,3,5848,0.05,no_leakage_v1_alpha005,gate_all_sources_proxy_source_only_final_training_only,mmd,,,,,merge_then_adapt,coral,near_nearest_proxy,final,0.0,0,0train,not_used,False,,3.0,direct,0.17494675097130982,0.13915580117630183,0.2137166249278963
8,bnci004,MMP_merge_then_adapt,CSP,lda,pt,2,3,3,5848,0.05,no_leakage_v1_alpha005,gate_all_sources_proxy_source_only_final_training_only,mmd,,,,,merge_then_adapt,coral,near_nearest_proxy,main,1.0,1,1train,nearest,True,0.41905645097793154,3.0,direct,0.07812283736338346,0.050958834145245636,0.11593140408450821
8,bnci004,MMP_merge_then_adapt,CSP,lda,pt,2,3,3,5848,0.05,no_leakage_v1_alpha005,gate_all_sources_proxy_source_only_final_training_only,mmd,,,,,merge_then_adapt,coral,near_nearest_proxy,anchor,1.0,1,1train,target,False,,3.0,direct,0.07812283736338346,0.050958834145245636,0.11593140408450821
8,bnci004,MMP_merge_then_adapt,CSP,lda,pt,2,3,3,5848,0.05,no_leakage_v1_alpha005,gate_all_sources_proxy_source_only_final_training_only,mmd,,,,,merge_then_adapt,coral,near_nearest_proxy,final,1.0,1,1train,train,True,0.41905645097793154,3.0,direct,0.07812283736338346,0.050958834145245636,0.11593140408450821
8,bnci004,MMP_merge_then_adapt,CSP,lda,pt,2,3,3,5848,0.05,no_leakage_v1_alpha005,gate_all_sources_proxy_source_only_final_training_only,mmd,,,,,merge_then_adapt,coral,near_nearest_proxy,main,2.0,2,2train,near,False,0.2447574548160678,3.0,direct,0.13375712412691995,0.09739005652859621,0.17781652155734132
8,bnci004,MMP_merge_then_adapt,CSP,lda,pt,2,3,3,5848,0.05,no_leakage_v1_alpha005,gate_all_sources_proxy_source_only_final_training_only,mmd,,,,,merge_then_adapt,coral,near_nearest_proxy,anchor,2.0,2,2train,proxy_source,False,0.42131022063689383,3.0,direct,0.13375712412691995,0.09739005652859621,0.17781652155734132
8,bnci004,MMP_merge_then_adapt,CSP,lda,pt,2,3,3,5848,0.05,no_leakage_v1_alpha005,gate_all_sources_proxy_source_only_final_training_only,mmd,,,,,merge_then_adapt,coral,near_nearest_proxy,final,2.0,2,2train,train,False,0.2447574548160678,3.0,direct,0.13375712412691995,0.09739005652859621,0.17781652155734132
8,bnci004,MMP_merge_then_adapt,CSP,lda,pt,2,3,3,5848,0.05,no_leakage_v1_alpha005,gate_all_sources_proxy_source_only_final_training_only,mmd,,,,,merge_then_adapt,coral,near_nearest_proxy,main,3.0,4,4test,near,False,0.3361860942060007,3.0,direct,0.09738047587453735,0.06263502258846115,0.13298831706469416
8,bnci004,MMP_merge_then_adapt,CSP,lda,pt,2,3,3,5848,0.05,no_leakage_v1_alpha005,gate_all_sources_proxy_source_only_final_training_only,mmd,,,,,merge_then_adapt,coral,near_nearest_proxy,anchor,3.0,4,4test,proxy_source,False,0.5786897793631062,3.0,direct,0.09738047587453735,0.06263502258846115,0.13298831706469416
8,bnci004,MMP_merge_then_adapt,CSP,lda,pt,2,3,3,5848,0.05,no_leakage_v1_alpha005,gate_all_sources_proxy_source_only_final_training_only,mmd,,,,,merge_then_adapt,coral,near_nearest_proxy,final,3.0,4,4test,train,False,0.3361860942060007,3.0,direct,0.09738047587453735,0.06263502258846115,0.13298831706469416
8,bnci004,MMP_merge_then_adapt,CSP,lda,pt,2,3,3,5848,0.05,no_leakage_v1_alpha005,gate_all_sources_proxy_source_only_final_training_only,mmd,,,,,merge_then_adapt,coral,near_nearest_proxy,main,,3,3test,target,False,,,,,,
8,bnci004,MMP_merge_then_adapt,CSP,lda,pt,2,3,3,5848,0.05,no_leakage_v1_alpha005,gate_all_sources_proxy_source_only_final_training_only,mmd,,,,,merge_then_adapt,coral,near_nearest_proxy,final,,3,3test,target,False,,,,,,
8,bnci004,MMP_merge_then_adapt,CSP,lda,pt,2,4,4,5879,0.05,no_leakage_v1_alpha005,gate_all_sources_proxy_source_only_final_training_only,mmd,,,,,merge_then_adapt,coral,near_nearest_proxy,main,0.0,0,0train,far,False,,4.0,direct,0.2849807862874365,0.23645030204335402,0.33924447380043316
8,bnci004,MMP_merge_then_adapt,CSP,lda,pt,2,4,4,5879,0.05,no_leakage_v1_alpha005,gate_all_sources_proxy_source_only_final_training_only,mmd,,,,,merge_then_adapt,coral,near_nearest_proxy,anchor,0.0,0,0train,not_used,False,,4.0,direct,0.2849807862874365,0.23645030204335402,0.33924447380043316
8,bnci004,MMP_merge_then_adapt,CSP,lda,pt,2,4,4,5879,0.05,no_leakage_v1_alpha005,gate_all_sources_proxy_source_only_final_training_only,mmd,,,,,merge_then_adapt,coral,near_nearest_proxy,final,0.0,0,0train,not_used,False,,4.0,direct,0.2849807862874365,0.23645030204335402,0.33924447380043316
8,bnci004,MMP_merge_then_adapt,CSP,lda,pt,2,4,4,5879,0.05,no_leakage_v1_alpha005,gate_all_sources_proxy_source_only_final_training_only,mmd,,,,,merge_then_adapt,coral,near_nearest_proxy,main,1.0,1,1train,near,False,0.22476454662104675,4.0,direct,0.13920505239446976,0.09579834152076437,0.18708151814574342
8,bnci004,MMP_merge_then_adapt,CSP,lda,pt,2,4,4,5879,0.05,no_leakage_v1_alpha005,gate_all_sources_proxy_source_only_final_training_only,mmd,,,,,merge_then_adapt,coral,near_nearest_proxy,anchor,1.0,1,1train,proxy_source,False,0.3720445705837923,4.0,direct,0.13920505239446976,0.09579834152076437,0.18708151814574342
8,bnci004,MMP_merge_then_adapt,CSP,lda,pt,2,4,4,5879,0.05,no_leakage_v1_alpha005,gate_all_sources_proxy_source_only_final_training_only,mmd,,,,,merge_then_adapt,coral,near_nearest_proxy,final,1.0,1,1train,train,False,0.22476454662104675,4.0,direct,0.13920505239446976,0.09579834152076437,0.18708151814574342
8,bnci004,MMP_merge_then_adapt,CSP,lda,pt,2,4,4,5879,0.05,no_leakage_v1_alpha005,gate_all_sources_proxy_source_only_final_training_only,mmd,,,,,merge_then_adapt,coral,near_nearest_proxy,main,2.0,2,2train,near,False,0.37936884059209897,4.0,direct,0.08247436936485109,0.05616262727887786,0.10894684168660596
8,bnci004,MMP_merge_then_adapt,CSP,lda,pt,2,4,4,5879,0.05,no_leakage_v1_alpha005,gate_all_sources_proxy_source_only_final_training_only,mmd,,,,,merge_then_adapt,coral,near_nearest_proxy,anchor,2.0,2,2train,proxy_source,False,0.6279554294162076,4.0,direct,0.08247436936485109,0.05616262727887786,0.10894684168660596
8,bnci004,MMP_merge_then_adapt,CSP,lda,pt,2,4,4,5879,0.05,no_leakage_v1_alpha005,gate_all_sources_proxy_source_only_final_training_only,mmd,,,,,merge_then_adapt,coral,near_nearest_proxy,final,2.0,2,2train,train,False,0.37936884059209897,4.0,direct,0.08247436936485109,0.05616262727887786,0.10894684168660596
8,bnci004,MMP_merge_then_adapt,CSP,lda,pt,2,4,4,5879,0.05,no_leakage_v1_alpha005,gate_all_sources_proxy_source_only_final_training_only,mmd,,,,,merge_then_adapt,coral,near_nearest_proxy,main,3.0,3,3test,nearest,True,0.39586661278685437,4.0,direct,0.07903720186572623,0.04901758640805051,0.11653943404253403
8,bnci004,MMP_merge_then_adapt,CSP,lda,pt,2,4,4,5879,0.05,no_leakage_v1_alpha005,gate_all_sources_proxy_source_only_final_training_only,mmd,,,,,merge_then_adapt,coral,near_nearest_proxy,anchor,3.0,3,3test,target,False,,4.0,direct,0.07903720186572623,0.04901758640805051,0.11653943404253403
8,bnci004,MMP_merge_then_adapt,CSP,lda,pt,2,4,4,5879,0.05,no_leakage_v1_alpha005,gate_all_sources_proxy_source_only_final_training_only,mmd,,,,,merge_then_adapt,coral,near_nearest_proxy,final,3.0,3,3test,train,True,0.39586661278685437,4.0,direct,0.07903720186572623,0.04901758640805051,0.11653943404253403
8,bnci004,MMP_merge_then_adapt,CSP,lda,pt,2,4,4,5879,0.05,no_leakage_v1_alpha005,gate_all_sources_proxy_source_only_final_training_only,mmd,,,,,merge_then_adapt,coral,near_nearest_proxy,main,,4,4test,target,False,,,,,,
8,bnci004,MMP_merge_then_adapt,CSP,lda,pt,2,4,4,5879,0.05,no_leakage_v1_alpha005,gate_all_sources_proxy_source_only_final_training_only,mmd,,,,,merge_then_adapt,coral,near_nearest_proxy,final,,4,4test,target,False,,,,,,
8,bnci004,MMP_merge_then_adapt,CSP,lda,coral,3,0,0,6752,0.05,no_leakage_v1_alpha005,gate_all_sources_proxy_source_only_final_training_only,mmd,,,,,merge_then_adapt,coral,near_nearest_proxy,main,0.0,1,1train,nearest,True,1.0,0.0,direct,0.07258479762478483,0.043209941373949325,0.10765096153864004
8,bnci004,MMP_merge_then_adapt,CSP,lda,coral,3,0,0,6752,0.05,no_leakage_v1_alpha005,gate_all_sources_proxy_source_only_final_training_only,mmd,,,,,merge_then_adapt,coral,near_nearest_proxy,anchor,0.0,1,1train,target,False,,0.0,direct,0.07258479762478483,0.043209941373949325,0.10765096153864004
8,bnci004,MMP_merge_then_adapt,CSP,lda,coral,3,0,0,6752,0.05,no_leakage_v1_alpha005,gate_all_sources_proxy_source_only_final_training_only,mmd,,,,,merge_then_adapt,coral,near_nearest_proxy,final,0.0,1,1train,train,True,1.0,0.0,direct,0.07258479762478483,0.043209941373949325,0.10765096153864004
8,bnci004,MMP_merge_then_adapt,CSP,lda,coral,3,0,0,6752,0.05,no_leakage_v1_alpha005,gate_all_sources_proxy_source_only_final_training_only,mmd,,,,,merge_then_adapt,coral,near_nearest_proxy,main,1.0,2,2train,far,False,,0.0,direct,0.3206575870759707,0.2799173850778018,0.3646734186545195
8,bnci004,MMP_merge_then_adapt,CSP,lda,coral,3,0,0,6752,0.05,no_leakage_v1_alpha005,gate_all_sources_proxy_source_only_final_training_only,mmd,,,,,merge_then_adapt,coral,near_nearest_proxy,anchor,1.0,2,2train,not_used,False,,0.0,direct,0.3206575870759707,0.2799173850778018,0.3646734186545195
8,bnci004,MMP_merge_then_adapt,CSP,lda,coral,3,0,0,6752,0.05,no_leakage_v1_alpha005,gate_all_sources_proxy_source_only_final_training_only,mmd,,,,,merge_then_adapt,coral,near_nearest_proxy,final,1.0,2,2train,not_used,False,,0.0,direct,0.3206575870759707,0.2799173850778018,0.3646734186545195
8,bnci004,MMP_merge_then_adapt,CSP,lda,coral,3,0,0,6752,0.05,no_leakage_v1_alpha005,gate_all_sources_proxy_source_only_final_training_only,mmd,,,,,merge_then_adapt,coral,near_nearest_proxy,main,2.0,3,3test,far,False,,0.0,direct,0.17539272355781008,0.13951761407264732,0.21854143359710682
8,bnci004,MMP_merge_then_adapt,CSP,lda,coral,3,0,0,6752,0.05,no_leakage_v1_alpha005,gate_all_sources_proxy_source_only_final_training_only,mmd,,,,,merge_then_adapt,coral,near_nearest_proxy,anchor,2.0,3,3test,second_nearest_fallback_source,False,1.0,0.0,direct,0.17539272355781008,0.13951761407264732,0.21854143359710682
8,bnci004,MMP_merge_then_adapt,CSP,lda,coral,3,0,0,6752,0.05,no_leakage_v1_alpha005,gate_all_sources_proxy_source_only_final_training_only,mmd,,,,,merge_then_adapt,coral,near_nearest_proxy,final,2.0,3,3test,not_used,False,,0.0,direct,0.17539272355781008,0.13951761407264732,0.21854143359710682
8,bnci004,MMP_merge_then_adapt,CSP,lda,coral,3,0,0,6752,0.05,no_leakage_v1_alpha005,gate_all_sources_proxy_source_only_final_training_only,mmd,,,,,merge_then_adapt,coral,near_nearest_proxy,main,3.0,4,4test,far,False,,0.0,direct,0.2906497818336724,0.2510379260445233,0.33506618349387995
8,bnci004,MMP_merge_then_adapt,CSP,lda,coral,3,0,0,6752,0.05,no_leakage_v1_alpha005,gate_all_sources_proxy_source_only_final_training_only,mmd,,,,,merge_then_adapt,coral,near_nearest_proxy,anchor,3.0,4,4test,not_used,False,,0.0,direct,0.2906497818336724,0.2510379260445233,0.33506618349387995
8,bnci004,MMP_merge_then_adapt,CSP,lda,coral,3,0,0,6752,0.05,no_leakage_v1_alpha005,gate_all_sources_proxy_source_only_final_training_only,mmd,,,,,merge_then_adapt,coral,near_nearest_proxy,final,3.0,4,4test,not_used,False,,0.0,direct,0.2906497818336724,0.2510379260445233,0.33506618349387995
8,bnci004,MMP_merge_then_adapt,CSP,lda,coral,3,0,0,6752,0.05,no_leakage_v1_alpha005,gate_all_sources_proxy_source_only_final_training_only,mmd,,,,,merge_then_adapt,coral,near_nearest_proxy,main,,0,0train,target,False,,,,,,
8,bnci004,MMP_merge_then_adapt,CSP,lda,coral,3,0,0,6752,0.05,no_leakage_v1_alpha005,gate_all_sources_proxy_source_only_final_training_only,mmd,,,,,merge_then_adapt,coral,near_nearest_proxy,final,,0,0train,target,False,,,,,,
8,bnci004,MMP_merge_then_adapt,CSP,lda,coral,3,1,1,6783,0.05,no_leakage_v1_alpha005,gate_all_sources_proxy_source_only_final_training_only,mmd,,,,,merge_then_adapt,coral,near_nearest_proxy,main,0.0,0,0train,nearest,True,0.5383966131426035,1.0,direct,0.07433351359317246,0.046447003165755285,0.10765865665088428
8,bnci004,MMP_merge_then_adapt,CSP,lda,coral,3,1,1,6783,0.05,no_leakage_v1_alpha005,gate_all_sources_proxy_source_only_final_training_only,mmd,,,,,merge_then_adapt,coral,near_nearest_proxy,anchor,0.0,0,0train,target,False,,1.0,direct,0.07433351359317246,0.046447003165755285,0.10765865665088428
8,bnci004,MMP_merge_then_adapt,CSP,lda,coral,3,1,1,6783,0.05,no_leakage_v1_alpha005,gate_all_sources_proxy_source_only_final_training_only,mmd,,,,,merge_then_adapt,coral,near_nearest_proxy,final,0.0,0,0train,train,True,0.5383966131426035,1.0,direct,0.07433351359317246,0.046447003165755285,0.10765865665088428
8,bnci004,MMP_merge_then_adapt,CSP,lda,coral,3,1,1,6783,0.05,no_leakage_v1_alpha005,gate_all_sources_proxy_source_only_final_training_only,mmd,,,,,merge_then_adapt,coral,near_nearest_proxy,main,1.0,2,2train,far,False,,1.0,direct,0.20033745188116073,0.15482614445422063,0.24488328491805994
8,bnci004,MMP_merge_then_adapt,CSP,lda,coral,3,1,1,6783,0.05,no_leakage_v1_alpha005,gate_all_sources_proxy_source_only_final_training_only,mmd,,,,,merge_then_adapt,coral,near_nearest_proxy,anchor,1.0,2,2train,not_used,False,,1.0,direct,0.20033745188116073,0.15482614445422063,0.24488328491805994
8,bnci004,MMP_merge_then_adapt,CSP,lda,coral,3,1,1,6783,0.05,no_leakage_v1_alpha005,gate_all_sources_proxy_source_only_final_training_only,mmd,,,,,merge_then_adapt,coral,near_nearest_proxy,final,1.0,2,2train,not_used,False,,1.0,direct,0.20033745188116073,0.15482614445422063,0.24488328491805994
8,bnci004,MMP_merge_then_adapt,CSP,lda,coral,3,1,1,6783,0.05,no_leakage_v1_alpha005,gate_all_sources_proxy_source_only_final_training_only,mmd,,,,,merge_then_adapt,coral,near_nearest_proxy,main,2.0,3,3test,near,False,0.4616033868573965,1.0,direct,0.08669994608844526,0.05968068311298455,0.12083802228850928
8,bnci004,MMP_merge_then_adapt,CSP,lda,coral,3,1,1,6783,0.05,no_leakage_v1_alpha005,gate_all_sources_proxy_source_only_final_training_only,mmd,,,,,merge_then_adapt,coral,near_nearest_proxy,anchor,2.0,3,3test,proxy_source,False,1.0,1.0,direct,0.08669994608844526,0.05968068311298455,0.12083802228850928
8,bnci004,MMP_merge_then_adapt,CSP,lda,coral,3,1,1,6783,0.05,no_leakage_v1_alpha005,gate_all_sources_proxy_source_only_final_training_only,mmd,,,,,merge_then_adapt,coral,near_nearest_proxy,final,2.0,3,3test,train,False,0.4616033868573965,1.0,direct,0.08669994608844526,0.05968068311298455,0.12083802228850928
8,bnci004,MMP_merge_then_adapt,CSP,lda,coral,3,1,1,6783,0.05,no_leakage_v1_alpha005,gate_all_sources_proxy_source_only_final_training_only,mmd,,,,,merge_then_adapt,coral,near_nearest_proxy,main,3.0,4,4test,far,False,,1.0,direct,0.17372194710223826,0.13684301381555788,0.2117972620823186
8,bnci004,MMP_merge_then_adapt,CSP,lda,coral,3,1,1,6783,0.05,no_leakage_v1_alpha005,gate_all_sources_proxy_source_only_final_training_only,mmd,,,,,merge_then_adapt,coral,near_nearest_proxy,anchor,3.0,4,4test,not_used,False,,1.0,direct,0.17372194710223826,0.13684301381555788,0.2117972620823186
8,bnci004,MMP_merge_then_adapt,CSP,lda,coral,3,1,1,6783,0.05,no_leakage_v1_alpha005,gate_all_sources_proxy_source_only_final_training_only,mmd,,,,,merge_then_adapt,coral,near_nearest_proxy,final,3.0,4,4test,not_used,False,,1.0,direct,0.17372194710223826,0.13684301381555788,0.2117972620823186
8,bnci004,MMP_merge_then_adapt,CSP,lda,coral,3,1,1,6783,0.05,no_leakage_v1_alpha005,gate_all_sources_proxy_source_only_final_training_only,mmd,,,,,merge_then_adapt,coral,near_nearest_proxy,main,,1,1train,target,False,,,,,,
8,bnci004,MMP_merge_then_adapt,CSP,lda,coral,3,1,1,6783,0.05,no_leakage_v1_alpha005,gate_all_sources_proxy_source_only_final_training_only,mmd,,,,,merge_then_adapt,coral,near_nearest_proxy,final,,1,1train,target,False,,,,,,
8,bnci004,MMP_merge_then_adapt,CSP,lda,coral,3,2,2,6814,0.05,no_leakage_v1_alpha005,gate_all_sources_proxy_source_only_final_training_only,mmd,,,,,merge_then_adapt,coral,near_nearest_proxy,main,0.0,0,0train,far,False,,2.0,direct,0.2938918793373306,0.25283472960997155,0.3344103873873086
8,bnci004,MMP_merge_then_adapt,CSP,lda,coral,3,2,2,6814,0.05,no_leakage_v1_alpha005,gate_all_sources_proxy_source_only_final_training_only,mmd,,,,,merge_then_adapt,coral,near_nearest_proxy,anchor,0.0,0,0train,not_used,False,,2.0,direct,0.2938918793373306,0.25283472960997155,0.3344103873873086
8,bnci004,MMP_merge_then_adapt,CSP,lda,coral,3,2,2,6814,0.05,no_leakage_v1_alpha005,gate_all_sources_proxy_source_only_final_training_only,mmd,,,,,merge_then_adapt,coral,near_nearest_proxy,final,0.0,0,0train,not_used,False,,2.0,direct,0.2938918793373306,0.25283472960997155,0.3344103873873086
8,bnci004,MMP_merge_then_adapt,CSP,lda,coral,3,2,2,6814,0.05,no_leakage_v1_alpha005,gate_all_sources_proxy_source_only_final_training_only,mmd,,,,,merge_then_adapt,coral,near_nearest_proxy,main,1.0,1,1train,far,False,,2.0,direct,0.1836081081162265,0.14322199038259825,0.23151688512510704
8,bnci004,MMP_merge_then_adapt,CSP,lda,coral,3,2,2,6814,0.05,no_leakage_v1_alpha005,gate_all_sources_proxy_source_only_final_training_only,mmd,,,,,merge_then_adapt,coral,near_nearest_proxy,anchor,1.0,1,1train,not_used,False,,2.0,direct,0.1836081081162265,0.14322199038259825,0.23151688512510704
8,bnci004,MMP_merge_then_adapt,CSP,lda,coral,3,2,2,6814,0.05,no_leakage_v1_alpha005,gate_all_sources_proxy_source_only_final_training_only,mmd,,,,,merge_then_adapt,coral,near_nearest_proxy,final,1.0,1,1train,not_used,False,,2.0,direct,0.1836081081162265,0.14322199038259825,0.23151688512510704
8,bnci004,MMP_merge_then_adapt,CSP,lda,coral,3,2,2,6814,0.05,no_leakage_v1_alpha005,gate_all_sources_proxy_source_only_final_training_only,mmd,,,,,merge_then_adapt,coral,near_nearest_proxy,main,2.0,3,3test,far,False,,2.0,direct,0.11976057099376333,0.0897215958790605,0.15758295509561762
8,bnci004,MMP_merge_then_adapt,CSP,lda,coral,3,2,2,6814,0.05,no_leakage_v1_alpha005,gate_all_sources_proxy_source_only_final_training_only,mmd,,,,,merge_then_adapt,coral,near_nearest_proxy,anchor,2.0,3,3test,second_nearest_fallback_source,False,1.0,2.0,direct,0.11976057099376333,0.0897215958790605,0.15758295509561762
8,bnci004,MMP_merge_then_adapt,CSP,lda,coral,3,2,2,6814,0.05,no_leakage_v1_alpha005,gate_all_sources_proxy_source_only_final_training_only,mmd,,,,,merge_then_adapt,coral,near_nearest_proxy,final,2.0,3,3test,not_used,False,,2.0,direct,0.11976057099376333,0.0897215958790605,0.15758295509561762
8,bnci004,MMP_merge_then_adapt,CSP,lda,coral,3,2,2,6814,0.05,no_leakage_v1_alpha005,gate_all_sources_proxy_source_only_final_training_only,mmd,,,,,merge_then_adapt,coral,near_nearest_proxy,main,3.0,4,4test,nearest,True,1.0,2.0,direct,0.03893274444441285,0.026456377242597983,0.05358971819293001
8,bnci004,MMP_merge_then_adapt,CSP,lda,coral,3,2,2,6814,0.05,no_leakage_v1_alpha005,gate_all_sources_proxy_source_only_final_training_only,mmd,,,,,merge_then_adapt,coral,near_nearest_proxy,anchor,3.0,4,4test,target,False,,2.0,direct,0.03893274444441285,0.026456377242597983,0.05358971819293001
8,bnci004,MMP_merge_then_adapt,CSP,lda,coral,3,2,2,6814,0.05,no_leakage_v1_alpha005,gate_all_sources_proxy_source_only_final_training_only,mmd,,,,,merge_then_adapt,coral,near_nearest_proxy,final,3.0,4,4test,train,True,1.0,2.0,direct,0.03893274444441285,0.026456377242597983,0.05358971819293001
8,bnci004,MMP_merge_then_adapt,CSP,lda,coral,3,2,2,6814,0.05,no_leakage_v1_alpha005,gate_all_sources_proxy_source_only_final_training_only,mmd,,,,,merge_then_adapt,coral,near_nearest_proxy,main,,2,2train,target,False,,,,,,
8,bnci004,MMP_merge_then_adapt,CSP,lda,coral,3,2,2,6814,0.05,no_leakage_v1_alpha005,gate_all_sources_proxy_source_only_final_training_only,mmd,,,,,merge_then_adapt,coral,near_nearest_proxy,final,,2,2train,target,False,,,,,,
8,bnci004,MMP_merge_then_adapt,CSP,lda,coral,3,3,3,6845,0.05,no_leakage_v1_alpha005,gate_all_sources_proxy_source_only_final_training_only,mmd,,,,,merge_then_adapt,coral,near_nearest_proxy,main,0.0,0,0train,far,False,,3.0,direct,0.1730595184434752,0.12904608305001883,0.21655683265496817
8,bnci004,MMP_merge_then_adapt,CSP,lda,coral,3,3,3,6845,0.05,no_leakage_v1_alpha005,gate_all_sources_proxy_source_only_final_training_only,mmd,,,,,merge_then_adapt,coral,near_nearest_proxy,anchor,0.0,0,0train,not_used,False,,3.0,direct,0.1730595184434752,0.12904608305001883,0.21655683265496817
8,bnci004,MMP_merge_then_adapt,CSP,lda,coral,3,3,3,6845,0.05,no_leakage_v1_alpha005,gate_all_sources_proxy_source_only_final_training_only,mmd,,,,,merge_then_adapt,coral,near_nearest_proxy,final,0.0,0,0train,not_used,False,,3.0,direct,0.1730595184434752,0.12904608305001883,0.21655683265496817
8,bnci004,MMP_merge_then_adapt,CSP,lda,coral,3,3,3,6845,0.05,no_leakage_v1_alpha005,gate_all_sources_proxy_source_only_final_training_only,mmd,,,,,merge_then_adapt,coral,near_nearest_proxy,main,1.0,1,1train,nearest,True,0.42202242470601625,3.0,direct,0.07826689421377515,0.05229529895364923,0.10839069272117634
8,bnci004,MMP_merge_then_adapt,CSP,lda,coral,3,3,3,6845,0.05,no_leakage_v1_alpha005,gate_all_sources_proxy_source_only_final_training_only,mmd,,,,,merge_then_adapt,coral,near_nearest_proxy,anchor,1.0,1,1train,target,False,,3.0,direct,0.07826689421377515,0.05229529895364923,0.10839069272117634
8,bnci004,MMP_merge_then_adapt,CSP,lda,coral,3,3,3,6845,0.05,no_leakage_v1_alpha005,gate_all_sources_proxy_source_only_final_training_only,mmd,,,,,merge_then_adapt,coral,near_nearest_proxy,final,1.0,1,1train,train,True,0.42202242470601625,3.0,direct,0.07826689421377515,0.05229529895364923,0.10839069272117634
8,bnci004,MMP_merge_then_adapt,CSP,lda,coral,3,3,3,6845,0.05,no_leakage_v1_alpha005,gate_all_sources_proxy_source_only_final_training_only,mmd,,,,,merge_then_adapt,coral,near_nearest_proxy,main,2.0,2,2train,near,False,0.24811573489588845,3.0,direct,0.13312560926801514,0.09987044627646548,0.1754070898075972
8,bnci004,MMP_merge_then_adapt,CSP,lda,coral,3,3,3,6845,0.05,no_leakage_v1_alpha005,gate_all_sources_proxy_source_only_final_training_only,mmd,,,,,merge_then_adapt,coral,near_nearest_proxy,anchor,2.0,2,2train,proxy_source,False,0.4292826322365298,3.0,direct,0.13312560926801514,0.09987044627646548,0.1754070898075972
8,bnci004,MMP_merge_then_adapt,CSP,lda,coral,3,3,3,6845,0.05,no_leakage_v1_alpha005,gate_all_sources_proxy_source_only_final_training_only,mmd,,,,,merge_then_adapt,coral,near_nearest_proxy,final,2.0,2,2train,train,False,0.24811573489588845,3.0,direct,0.13312560926801514,0.09987044627646548,0.1754070898075972
8,bnci004,MMP_merge_then_adapt,CSP,lda,coral,3,3,3,6845,0.05,no_leakage_v1_alpha005,gate_all_sources_proxy_source_only_final_training_only,mmd,,,,,merge_then_adapt,coral,near_nearest_proxy,main,3.0,4,4test,near,False,0.3298618403980953,3.0,direct,0.10013427618977687,0.06334652577832077,0.13894993654408636
8,bnci004,MMP_merge_then_adapt,CSP,lda,coral,3,3,3,6845,0.05,no_leakage_v1_alpha005,gate_all_sources_proxy_source_only_final_training_only,mmd,,,,,merge_then_adapt,coral,near_nearest_proxy,anchor,3.0,4,4test,proxy_source,False,0.5707173677634702,3.0,direct,0.10013427618977687,0.06334652577832077,0.13894993654408636
8,bnci004,MMP_merge_then_adapt,CSP,lda,coral,3,3,3,6845,0.05,no_leakage_v1_alpha005,gate_all_sources_proxy_source_only_final_training_only,mmd,,,,,merge_then_adapt,coral,near_nearest_proxy,final,3.0,4,4test,train,False,0.3298618403980953,3.0,direct,0.10013427618977687,0.06334652577832077,0.13894993654408636
8,bnci004,MMP_merge_then_adapt,CSP,lda,coral,3,3,3,6845,0.05,no_leakage_v1_alpha005,gate_all_sources_proxy_source_only_final_training_only,mmd,,,,,merge_then_adapt,coral,near_nearest_proxy,main,,3,3test,target,False,,,,,,
8,bnci004,MMP_merge_then_adapt,CSP,lda,coral,3,3,3,6845,0.05,no_leakage_v1_alpha005,gate_all_sources_proxy_source_only_final_training_only,mmd,,,,,merge_then_adapt,coral,near_nearest_proxy,final,,3,3test,target,False,,,,,,
8,bnci004,MMP_merge_then_adapt,CSP,lda,coral,3,4,4,6876,0.05,no_leakage_v1_alpha005,gate_all_sources_proxy_source_only_final_training_only,mmd,,,,,merge_then_adapt,coral,near_nearest_proxy,main,0.0,0,0train,far,False,,4.0,direct,0.2841467890070383,0.23775427460653614,0.3342070746866296
8,bnci004,MMP_merge_then_adapt,CSP,lda,coral,3,4,4,6876,0.05,no_leakage_v1_alpha005,gate_all_sources_proxy_source_only_final_training_only,mmd,,,,,merge_then_adapt,coral,near_nearest_proxy,anchor,0.0,0,0train,not_used,False,,4.0,direct,0.2841467890070383,0.23775427460653614,0.3342070746866296
8,bnci004,MMP_merge_then_adapt,CSP,lda,coral,3,4,4,6876,0.05,no_leakage_v1_alpha005,gate_all_sources_proxy_source_only_final_training_only,mmd,,,,,merge_then_adapt,coral,near_nearest_proxy,final,0.0,0,0train,not_used,False,,4.0,direct,0.2841467890070383,0.23775427460653614,0.3342070746866296
8,bnci004,MMP_merge_then_adapt,CSP,lda,coral,3,4,4,6876,0.05,no_leakage_v1_alpha005,gate_all_sources_proxy_source_only_final_training_only,mmd,,,,,merge_then_adapt,coral,near_nearest_proxy,main,1.0,1,1train,near,False,0.22617180220184138,4.0,direct,0.13754451302763623,0.09946211473873709,0.180567834942512
8,bnci004,MMP_merge_then_adapt,CSP,lda,coral,3,4,4,6876,0.05,no_leakage_v1_alpha005,gate_all_sources_proxy_source_only_final_training_only,mmd,,,,,merge_then_adapt,coral,near_nearest_proxy,anchor,1.0,1,1train,proxy_source,False,0.3741301629721375,4.0,direct,0.13754451302763623,0.09946211473873709,0.180567834942512
8,bnci004,MMP_merge_then_adapt,CSP,lda,coral,3,4,4,6876,0.05,no_leakage_v1_alpha005,gate_all_sources_proxy_source_only_final_training_only,mmd,,,,,merge_then_adapt,coral,near_nearest_proxy,final,1.0,1,1train,train,False,0.22617180220184138,4.0,direct,0.13754451302763623,0.09946211473873709,0.180567834942512
8,bnci004,MMP_merge_then_adapt,CSP,lda,coral,3,4,4,6876,0.05,no_leakage_v1_alpha005,gate_all_sources_proxy_source_only_final_training_only,mmd,,,,,merge_then_adapt,coral,near_nearest_proxy,main,2.0,2,2train,near,False,0.37835524369337287,4.0,direct,0.08222044951015577,0.062085248325985214,0.11060650535340213
8,bnci004,MMP_merge_then_adapt,CSP,lda,coral,3,4,4,6876,0.05,no_leakage_v1_alpha005,gate_all_sources_proxy_source_only_final_training_only,mmd,,,,,merge_then_adapt,coral,near_nearest_proxy,anchor,2.0,2,2train,proxy_source,False,0.6258698370278625,4.0,direct,0.08222044951015577,0.062085248325985214,0.11060650535340213
8,bnci004,MMP_merge_then_adapt,CSP,lda,coral,3,4,4,6876,0.05,no_leakage_v1_alpha005,gate_all_sources_proxy_source_only_final_training_only,mmd,,,,,merge_then_adapt,coral,near_nearest_proxy,final,2.0,2,2train,train,False,0.37835524369337287,4.0,direct,0.08222044951015577,0.062085248325985214,0.11060650535340213
8,bnci004,MMP_merge_then_adapt,CSP,lda,coral,3,4,4,6876,0.05,no_leakage_v1_alpha005,gate_all_sources_proxy_source_only_final_training_only,mmd,,,,,merge_then_adapt,coral,near_nearest_proxy,main,3.0,3,3test,nearest,True,0.3954729541047857,4.0,direct,0.07866156400935732,0.05457872283648025,0.11125488439108674
8,bnci004,MMP_merge_then_adapt,CSP,lda,coral,3,4,4,6876,0.05,no_leakage_v1_alpha005,gate_all_sources_proxy_source_only_final_training_only,mmd,,,,,merge_then_adapt,coral,near_nearest_proxy,anchor,3.0,3,3test,target,False,,4.0,direct,0.07866156400935732,0.05457872283648025,0.11125488439108674
8,bnci004,MMP_merge_then_adapt,CSP,lda,coral,3,4,4,6876,0.05,no_leakage_v1_alpha005,gate_all_sources_proxy_source_only_final_training_only,mmd,,,,,merge_then_adapt,coral,near_nearest_proxy,final,3.0,3,3test,train,True,0.3954729541047857,4.0,direct,0.07866156400935732,0.05457872283648025,0.11125488439108674
8,bnci004,MMP_merge_then_adapt,CSP,lda,coral,3,4,4,6876,0.05,no_leakage_v1_alpha005,gate_all_sources_proxy_source_only_final_training_only,mmd,,,,,merge_then_adapt,coral,near_nearest_proxy,main,,4,4test,target,False,,,,,,
8,bnci004,MMP_merge_then_adapt,CSP,lda,coral,3,4,4,6876,0.05,no_leakage_v1_alpha005,gate_all_sources_proxy_source_only_final_training_only,mmd,,,,,merge_then_adapt,coral,near_nearest_proxy,final,,4,4test,target,False,,,,,,
8,bnci004,MMP_merge_then_adapt,CSP,svm_radial,none,4,0,0,7749,0.05,no_leakage_v1_alpha005,gate_all_sources_proxy_source_only_final_training_only,mmd,,,,,merge_then_adapt,coral,near_nearest_proxy,main,0.0,1,1train,nearest,True,1.0,0.0,direct,0.07226521801007645,0.04721640485127926,0.10197183176966908
8,bnci004,MMP_merge_then_adapt,CSP,svm_radial,none,4,0,0,7749,0.05,no_leakage_v1_alpha005,gate_all_sources_proxy_source_only_final_training_only,mmd,,,,,merge_then_adapt,coral,near_nearest_proxy,anchor,0.0,1,1train,target,False,,0.0,direct,0.07226521801007645,0.04721640485127926,0.10197183176966908
8,bnci004,MMP_merge_then_adapt,CSP,svm_radial,none,4,0,0,7749,0.05,no_leakage_v1_alpha005,gate_all_sources_proxy_source_only_final_training_only,mmd,,,,,merge_then_adapt,coral,near_nearest_proxy,final,0.0,1,1train,train,True,1.0,0.0,direct,0.07226521801007645,0.04721640485127926,0.10197183176966908
8,bnci004,MMP_merge_then_adapt,CSP,svm_radial,none,4,0,0,7749,0.05,no_leakage_v1_alpha005,gate_all_sources_proxy_source_only_final_training_only,mmd,,,,,merge_then_adapt,coral,near_nearest_proxy,main,1.0,2,2train,far,False,,0.0,direct,0.31952484504326994,0.2814335077207473,0.36280186954782406
8,bnci004,MMP_merge_then_adapt,CSP,svm_radial,none,4,0,0,7749,0.05,no_leakage_v1_alpha005,gate_all_sources_proxy_source_only_final_training_only,mmd,,,,,merge_then_adapt,coral,near_nearest_proxy,anchor,1.0,2,2train,not_used,False,,0.0,direct,0.31952484504326994,0.2814335077207473,0.36280186954782406
8,bnci004,MMP_merge_then_adapt,CSP,svm_radial,none,4,0,0,7749,0.05,no_leakage_v1_alpha005,gate_all_sources_proxy_source_only_final_training_only,mmd,,,,,merge_then_adapt,coral,near_nearest_proxy,final,1.0,2,2train,not_used,False,,0.0,direct,0.31952484504326994,0.2814335077207473,0.36280186954782406
8,bnci004,MMP_merge_then_adapt,CSP,svm_radial,none,4,0,0,7749,0.05,no_leakage_v1_alpha005,gate_all_sources_proxy_source_only_final_training_only,mmd,,,,,merge_then_adapt,coral,near_nearest_proxy,main,2.0,3,3test,far,False,,0.0,direct,0.1775686377509323,0.13804316085473947,0.22090295999810347
8,bnci004,MMP_merge_then_adapt,CSP,svm_radial,none,4,0,0,7749,0.05,no_leakage_v1_alpha005,gate_all_sources_proxy_source_only_final_training_only,mmd,,,,,merge_then_adapt,coral,near_nearest_proxy,anchor,2.0,3,3test,second_nearest_fallback_source,False,1.0,0.0,direct,0.1775686377509323,0.13804316085473947,0.22090295999810347
8,bnci004,MMP_merge_then_adapt,CSP,svm_radial,none,4,0,0,7749,0.05,no_leakage_v1_alpha005,gate_all_sources_proxy_source_only_final_training_only,mmd,,,,,merge_then_adapt,coral,near_nearest_proxy,final,2.0,3,3test,not_used,False,,0.0,direct,0.1775686377509323,0.13804316085473947,0.22090295999810347
8,bnci004,MMP_merge_then_adapt,CSP,svm_radial,none,4,0,0,7749,0.05,no_leakage_v1_alpha005,gate_all_sources_proxy_source_only_final_training_only,mmd,,,,,merge_then_adapt,coral,near_nearest_proxy,main,3.0,4,4test,far,False,,0.0,direct,0.2905859013078736,0.24723559651783733,0.33184328635342253
8,bnci004,MMP_merge_then_adapt,CSP,svm_radial,none,4,0,0,7749,0.05,no_leakage_v1_alpha005,gate_all_sources_proxy_source_only_final_training_only,mmd,,,,,merge_then_adapt,coral,near_nearest_proxy,anchor,3.0,4,4test,not_used,False,,0.0,direct,0.2905859013078736,0.24723559651783733,0.33184328635342253
8,bnci004,MMP_merge_then_adapt,CSP,svm_radial,none,4,0,0,7749,0.05,no_leakage_v1_alpha005,gate_all_sources_proxy_source_only_final_training_only,mmd,,,,,merge_then_adapt,coral,near_nearest_proxy,final,3.0,4,4test,not_used,False,,0.0,direct,0.2905859013078736,0.24723559651783733,0.33184328635342253
8,bnci004,MMP_merge_then_adapt,CSP,svm_radial,none,4,0,0,7749,0.05,no_leakage_v1_alpha005,gate_all_sources_proxy_source_only_final_training_only,mmd,,,,,merge_then_adapt,coral,near_nearest_proxy,main,,0,0train,target,False,,,,,,
8,bnci004,MMP_merge_then_adapt,CSP,svm_radial,none,4,0,0,7749,0.05,no_leakage_v1_alpha005,gate_all_sources_proxy_source_only_final_training_only,mmd,,,,,merge_then_adapt,coral,near_nearest_proxy,final,,0,0train,target,False,,,,,,
8,bnci004,MMP_merge_then_adapt,CSP,svm_radial,none,4,1,1,7780,0.05,no_leakage_v1_alpha005,gate_all_sources_proxy_source_only_final_training_only,mmd,,,,,merge_then_adapt,coral,near_nearest_proxy,main,0.0,0,0train,nearest,True,0.5258023238008717,1.0,direct,0.07554415543681847,0.04742160627298132,0.11164928547378558
8,bnci004,MMP_merge_then_adapt,CSP,svm_radial,none,4,1,1,7780,0.05,no_leakage_v1_alpha005,gate_all_sources_proxy_source_only_final_training_only,mmd,,,,,merge_then_adapt,coral,near_nearest_proxy,anchor,0.0,0,0train,target,False,,1.0,direct,0.07554415543681847,0.04742160627298132,0.11164928547378558
8,bnci004,MMP_merge_then_adapt,CSP,svm_radial,none,4,1,1,7780,0.05,no_leakage_v1_alpha005,gate_all_sources_proxy_source_only_final_training_only,mmd,,,,,merge_then_adapt,coral,near_nearest_proxy,final,0.0,0,0train,train,True,0.5258023238008717,1.0,direct,0.07554415543681847,0.04742160627298132,0.11164928547378558
8,bnci004,MMP_merge_then_adapt,CSP,svm_radial,none,4,1,1,7780,0.05,no_leakage_v1_alpha005,gate_all_sources_proxy_source_only_final_training_only,mmd,,,,,merge_then_adapt,coral,near_nearest_proxy,main,1.0,2,2train,far,False,,1.0,direct,0.20164053177235963,0.15882993471930934,0.2573151713200959
8,bnci004,MMP_merge_then_adapt,CSP,svm_radial,none,4,1,1,7780,0.05,no_leakage_v1_alpha005,gate_all_sources_proxy_source_only_final_training_only,mmd,,,,,merge_then_adapt,coral,near_nearest_proxy,anchor,1.0,2,2train,not_used,False,,1.0,direct,0.20164053177235963,0.15882993471930934,0.2573151713200959
8,bnci004,MMP_merge_then_adapt,CSP,svm_radial,none,4,1,1,7780,0.05,no_leakage_v1_alpha005,gate_all_sources_proxy_source_only_final_training_only,mmd,,,,,merge_then_adapt,coral,near_nearest_proxy,final,1.0,2,2train,not_used,False,,1.0,direct,0.20164053177235963,0.15882993471930934,0.2573151713200959
8,bnci004,MMP_merge_then_adapt,CSP,svm_radial,none,4,1,1,7780,0.05,no_leakage_v1_alpha005,gate_all_sources_proxy_source_only_final_training_only,mmd,,,,,merge_then_adapt,coral,near_nearest_proxy,main,2.0,3,3test,near,False,0.47419767619912834,1.0,direct,0.08376537059667274,0.05603353484086493,0.12151503297523487
8,bnci004,MMP_merge_then_adapt,CSP,svm_radial,none,4,1,1,7780,0.05,no_leakage_v1_alpha005,gate_all_sources_proxy_source_only_final_training_only,mmd,,,,,merge_then_adapt,coral,near_nearest_proxy,anchor,2.0,3,3test,proxy_source,False,1.0,1.0,direct,0.08376537059667274,0.05603353484086493,0.12151503297523487
8,bnci004,MMP_merge_then_adapt,CSP,svm_radial,none,4,1,1,7780,0.05,no_leakage_v1_alpha005,gate_all_sources_proxy_source_only_final_training_only,mmd,,,,,merge_then_adapt,coral,near_nearest_proxy,final,2.0,3,3test,train,False,0.47419767619912834,1.0,direct,0.08376537059667274,0.05603353484086493,0.12151503297523487
8,bnci004,MMP_merge_then_adapt,CSP,svm_radial,none,4,1,1,7780,0.05,no_leakage_v1_alpha005,gate_all_sources_proxy_source_only_final_training_only,mmd,,,,,merge_then_adapt,coral,near_nearest_proxy,main,3.0,4,4test,far,False,,1.0,direct,0.17588528796921765,0.13192688783856724,0.21886360737506866
8,bnci004,MMP_merge_then_adapt,CSP,svm_radial,none,4,1,1,7780,0.05,no_leakage_v1_alpha005,gate_all_sources_proxy_source_only_final_training_only,mmd,,,,,merge_then_adapt,coral,near_nearest_proxy,anchor,3.0,4,4test,not_used,False,,1.0,direct,0.17588528796921765,0.13192688783856724,0.21886360737506866
8,bnci004,MMP_merge_then_adapt,CSP,svm_radial,none,4,1,1,7780,0.05,no_leakage_v1_alpha005,gate_all_sources_proxy_source_only_final_training_only,mmd,,,,,merge_then_adapt,coral,near_nearest_proxy,final,3.0,4,4test,not_used,False,,1.0,direct,0.17588528796921765,0.13192688783856724,0.21886360737506866
8,bnci004,MMP_merge_then_adapt,CSP,svm_radial,none,4,1,1,7780,0.05,no_leakage_v1_alpha005,gate_all_sources_proxy_source_only_final_training_only,mmd,,,,,merge_then_adapt,coral,near_nearest_proxy,main,,1,1train,target,False,,,,,,
8,bnci004,MMP_merge_then_adapt,CSP,svm_radial,none,4,1,1,7780,0.05,no_leakage_v1_alpha005,gate_all_sources_proxy_source_only_final_training_only,mmd,,,,,merge_then_adapt,coral,near_nearest_proxy,final,,1,1train,target,False,,,,,,
8,bnci004,MMP_merge_then_adapt,CSP,svm_radial,none,4,2,2,7811,0.05,no_leakage_v1_alpha005,gate_all_sources_proxy_source_only_final_training_only,mmd,,,,,merge_then_adapt,coral,near_nearest_proxy,main,0.0,0,0train,far,False,,2.0,direct,0.2925127062402052,0.2557458500785007,0.33760580937368917
8,bnci004,MMP_merge_then_adapt,CSP,svm_radial,none,4,2,2,7811,0.05,no_leakage_v1_alpha005,gate_all_sources_proxy_source_only_final_training_only,mmd,,,,,merge_then_adapt,coral,near_nearest_proxy,anchor,0.0,0,0train,not_used,False,,2.0,direct,0.2925127062402052,0.2557458500785007,0.33760580937368917
8,bnci004,MMP_merge_then_adapt,CSP,svm_radial,none,4,2,2,7811,0.05,no_leakage_v1_alpha005,gate_all_sources_proxy_source_only_final_training_only,mmd,,,,,merge_then_adapt,coral,near_nearest_proxy,final,0.0,0,0train,not_used,False,,2.0,direct,0.2925127062402052,0.2557458500785007,0.33760580937368917
8,bnci004,MMP_merge_then_adapt,CSP,svm_radial,none,4,2,2,7811,0.05,no_leakage_v1_alpha005,gate_all_sources_proxy_source_only_final_training_only,mmd,,,,,merge_then_adapt,coral,near_nearest_proxy,main,1.0,1,1train,far,False,,2.0,direct,0.18667397078194134,0.14084137535634586,0.24495530401387725
8,bnci004,MMP_merge_then_adapt,CSP,svm_radial,none,4,2,2,7811,0.05,no_leakage_v1_alpha005,gate_all_sources_proxy_source_only_final_training_only,mmd,,,,,merge_then_adapt,coral,near_nearest_proxy,anchor,1.0,1,1train,not_used,False,,2.0,direct,0.18667397078194134,0.14084137535634586,0.24495530401387725
8,bnci004,MMP_merge_then_adapt,CSP,svm_radial,none,4,2,2,7811,0.05,no_leakage_v1_alpha005,gate_all_sources_proxy_source_only_final_training_only,mmd,,,,,merge_then_adapt,coral,near_nearest_proxy,final,1.0,1,1train,not_used,False,,2.0,direct,0.18667397078194134,0.14084137535634586,0.24495530401387725
8,bnci004,MMP_merge_then_adapt,CSP,svm_radial,none,4,2,2,7811,0.05,no_leakage_v1_alpha005,gate_all_sources_proxy_source_only_final_training_only,mmd,,,,,merge_then_adapt,coral,near_nearest_proxy,main,2.0,3,3test,far,False,,2.0,direct,0.12608657703781298,0.09039587008116871,0.16775791997008754
8,bnci004,MMP_merge_then_adapt,CSP,svm_radial,none,4,2,2,7811,0.05,no_leakage_v1_alpha005,gate_all_sources_proxy_source_only_final_training_only,mmd,,,,,merge_then_adapt,coral,near_nearest_proxy,anchor,2.0,3,3test,second_nearest_fallback_source,False,1.0,2.0,direct,0.12608657703781298,0.09039587008116871,0.16775791997008754
8,bnci004,MMP_merge_then_adapt,CSP,svm_radial,none,4,2,2,7811,0.05,no_leakage_v1_alpha005,gate_all_sources_proxy_source_only_final_training_only,mmd,,,,,merge_then_adapt,coral,near_nearest_proxy,final,2.0,3,3test,not_used,False,,2.0,direct,0.12608657703781298,0.09039587008116871,0.16775791997008754
8,bnci004,MMP_merge_then_adapt,CSP,svm_radial,none,4,2,2,7811,0.05,no_leakage_v1_alpha005,gate_all_sources_proxy_source_only_final_training_only,mmd,,,,,merge_then_adapt,coral,near_nearest_proxy,main,3.0,4,4test,nearest,True,1.0,2.0,direct,0.03818880818824529,0.026437802908046648,0.0505495480868219
8,bnci004,MMP_merge_then_adapt,CSP,svm_radial,none,4,2,2,7811,0.05,no_leakage_v1_alpha005,gate_all_sources_proxy_source_only_final_training_only,mmd,,,,,merge_then_adapt,coral,near_nearest_proxy,anchor,3.0,4,4test,target,False,,2.0,direct,0.03818880818824529,0.026437802908046648,0.0505495480868219
8,bnci004,MMP_merge_then_adapt,CSP,svm_radial,none,4,2,2,7811,0.05,no_leakage_v1_alpha005,gate_all_sources_proxy_source_only_final_training_only,mmd,,,,,merge_then_adapt,coral,near_nearest_proxy,final,3.0,4,4test,train,True,1.0,2.0,direct,0.03818880818824529,0.026437802908046648,0.0505495480868219
8,bnci004,MMP_merge_then_adapt,CSP,svm_radial,none,4,2,2,7811,0.05,no_leakage_v1_alpha005,gate_all_sources_proxy_source_only_final_training_only,mmd,,,,,merge_then_adapt,coral,near_nearest_proxy,main,,2,2train,target,False,,,,,,
8,bnci004,MMP_merge_then_adapt,CSP,svm_radial,none,4,2,2,7811,0.05,no_leakage_v1_alpha005,gate_all_sources_proxy_source_only_final_training_only,mmd,,,,,merge_then_adapt,coral,near_nearest_proxy,final,,2,2train,target,False,,,,,,
8,bnci004,MMP_merge_then_adapt,CSP,svm_radial,none,4,3,3,7842,0.05,no_leakage_v1_alpha005,gate_all_sources_proxy_source_only_final_training_only,mmd,,,,,merge_then_adapt,coral,near_nearest_proxy,main,0.0,0,0train,far,False,,3.0,direct,0.17630095919111233,0.13385754633383234,0.2107185318694871
8,bnci004,MMP_merge_then_adapt,CSP,svm_radial,none,4,3,3,7842,0.05,no_leakage_v1_alpha005,gate_all_sources_proxy_source_only_final_training_only,mmd,,,,,merge_then_adapt,coral,near_nearest_proxy,anchor,0.0,0,0train,not_used,False,,3.0,direct,0.17630095919111233,0.13385754633383234,0.2107185318694871
8,bnci004,MMP_merge_then_adapt,CSP,svm_radial,none,4,3,3,7842,0.05,no_leakage_v1_alpha005,gate_all_sources_proxy_source_only_final_training_only,mmd,,,,,merge_then_adapt,coral,near_nearest_proxy,final,0.0,0,0train,not_used,False,,3.0,direct,0.17630095919111233,0.13385754633383234,0.2107185318694871
8,bnci004,MMP_merge_then_adapt,CSP,svm_radial,none,4,3,3,7842,0.05,no_leakage_v1_alpha005,gate_all_sources_proxy_source_only_final_training_only,mmd,,,,,merge_then_adapt,coral,near_nearest_proxy,main,1.0,1,1train,nearest,True,0.4216526813361361,3.0,direct,0.07738061760151341,0.04987547608477145,0.1069662193711489
8,bnci004,MMP_merge_then_adapt,CSP,svm_radial,none,4,3,3,7842,0.05,no_leakage_v1_alpha005,gate_all_sources_proxy_source_only_final_training_only,mmd,,,,,merge_then_adapt,coral,near_nearest_proxy,anchor,1.0,1,1train,target,False,,3.0,direct,0.07738061760151341,0.04987547608477145,0.1069662193711489
8,bnci004,MMP_merge_then_adapt,CSP,svm_radial,none,4,3,3,7842,0.05,no_leakage_v1_alpha005,gate_all_sources_proxy_source_only_final_training_only,mmd,,,,,merge_then_adapt,coral,near_nearest_proxy,final,1.0,1,1train,train,True,0.4216526813361361,3.0,direct,0.07738061760151341,0.04987547608477145,0.1069662193711489
8,bnci004,MMP_merge_then_adapt,CSP,svm_radial,none,4,3,3,7842,0.05,no_leakage_v1_alpha005,gate_all_sources_proxy_source_only_final_training_only,mmd,,,,,merge_then_adapt,coral,near_nearest_proxy,main,2.0,2,2train,near,False,0.248911359187019,3.0,direct,0.1310824774852142,0.09790439516340382,0.17601913391788446
8,bnci004,MMP_merge_then_adapt,CSP,svm_radial,none,4,3,3,7842,0.05,no_leakage_v1_alpha005,gate_all_sources_proxy_source_only_final_training_only,mmd,,,,,merge_then_adapt,coral,near_nearest_proxy,anchor,2.0,2,2train,proxy_source,False,0.4303838734172235,3.0,direct,0.1310824774852142,0.09790439516340382,0.17601913391788446
8,bnci004,MMP_merge_then_adapt,CSP,svm_radial,none,4,3,3,7842,0.05,no_leakage_v1_alpha005,gate_all_sources_proxy_source_only_final_training_only,mmd,,,,,merge_then_adapt,coral,near_nearest_proxy,final,2.0,2,2train,train,False,0.248911359187019,3.0,direct,0.1310824774852142,0.09790439516340382,0.17601913391788446
8,bnci004,MMP_merge_then_adapt,CSP,svm_radial,none,4,3,3,7842,0.05,no_leakage_v1_alpha005,gate_all_sources_proxy_source_only_final_training_only,mmd,,,,,merge_then_adapt,coral,near_nearest_proxy,main,3.0,4,4test,near,False,0.3294359594768449,3.0,direct,0.09904151679027472,0.06688286166260071,0.13012413426794273
8,bnci004,MMP_merge_then_adapt,CSP,svm_radial,none,4,3,3,7842,0.05,no_leakage_v1_alpha005,gate_all_sources_proxy_source_only_final_training_only,mmd,,,,,merge_then_adapt,coral,near_nearest_proxy,anchor,3.0,4,4test,proxy_source,False,0.5696161265827766,3.0,direct,0.09904151679027472,0.06688286166260071,0.13012413426794273
8,bnci004,MMP_merge_then_adapt,CSP,svm_radial,none,4,3,3,7842,0.05,no_leakage_v1_alpha005,gate_all_sources_proxy_source_only_final_training_only,mmd,,,,,merge_then_adapt,coral,near_nearest_proxy,final,3.0,4,4test,train,False,0.3294359594768449,3.0,direct,0.09904151679027472,0.06688286166260071,0.13012413426794273
8,bnci004,MMP_merge_then_adapt,CSP,svm_radial,none,4,3,3,7842,0.05,no_leakage_v1_alpha005,gate_all_sources_proxy_source_only_final_training_only,mmd,,,,,merge_then_adapt,coral,near_nearest_proxy,main,,3,3test,target,False,,,,,,
8,bnci004,MMP_merge_then_adapt,CSP,svm_radial,none,4,3,3,7842,0.05,no_leakage_v1_alpha005,gate_all_sources_proxy_source_only_final_training_only,mmd,,,,,merge_then_adapt,coral,near_nearest_proxy,final,,3,3test,target,False,,,,,,
8,bnci004,MMP_merge_then_adapt,CSP,svm_radial,none,4,4,4,7873,0.05,no_leakage_v1_alpha005,gate_all_sources_proxy_source_only_final_training_only,mmd,,,,,merge_then_adapt,coral,near_nearest_proxy,main,0.0,0,0train,far,False,,4.0,direct,0.2826295753195197,0.23211446790599796,0.329638697039077
8,bnci004,MMP_merge_then_adapt,CSP,svm_radial,none,4,4,4,7873,0.05,no_leakage_v1_alpha005,gate_all_sources_proxy_source_only_final_training_only,mmd,,,,,merge_then_adapt,coral,near_nearest_proxy,anchor,0.0,0,0train,not_used,False,,4.0,direct,0.2826295753195197,0.23211446790599796,0.329638697039077
8,bnci004,MMP_merge_then_adapt,CSP,svm_radial,none,4,4,4,7873,0.05,no_leakage_v1_alpha005,gate_all_sources_proxy_source_only_final_training_only,mmd,,,,,merge_then_adapt,coral,near_nearest_proxy,final,0.0,0,0train,not_used,False,,4.0,direct,0.2826295753195197,0.23211446790599796,0.329638697039077
8,bnci004,MMP_merge_then_adapt,CSP,svm_radial,none,4,4,4,7873,0.05,no_leakage_v1_alpha005,gate_all_sources_proxy_source_only_final_training_only,mmd,,,,,merge_then_adapt,coral,near_nearest_proxy,main,1.0,1,1train,near,False,0.22290921674609346,4.0,direct,0.1411394748625908,0.09979494284954533,0.18333116643385292
8,bnci004,MMP_merge_then_adapt,CSP,svm_radial,none,4,4,4,7873,0.05,no_leakage_v1_alpha005,gate_all_sources_proxy_source_only_final_training_only,mmd,,,,,merge_then_adapt,coral,near_nearest_proxy,anchor,1.0,1,1train,proxy_source,False,0.3663373926976251,4.0,direct,0.1411394748625908,0.09979494284954533,0.18333116643385292
8,bnci004,MMP_merge_then_adapt,CSP,svm_radial,none,4,4,4,7873,0.05,no_leakage_v1_alpha005,gate_all_sources_proxy_source_only_final_training_only,mmd,,,,,merge_then_adapt,coral,near_nearest_proxy,final,1.0,1,1train,train,False,0.22290921674609346,4.0,direct,0.1411394748625908,0.09979494284954533,0.18333116643385292
8,bnci004,MMP_merge_then_adapt,CSP,svm_radial,none,4,4,4,7873,0.05,no_leakage_v1_alpha005,gate_all_sources_proxy_source_only_final_training_only,mmd,,,,,merge_then_adapt,coral,near_nearest_proxy,main,2.0,2,2train,near,False,0.385571438489892,4.0,direct,0.08159610383635324,0.05606095475278428,0.11286989682899487
8,bnci004,MMP_merge_then_adapt,CSP,svm_radial,none,4,4,4,7873,0.05,no_leakage_v1_alpha005,gate_all_sources_proxy_source_only_final_training_only,mmd,,,,,merge_then_adapt,coral,near_nearest_proxy,anchor,2.0,2,2train,proxy_source,False,0.6336626073023748,4.0,direct,0.08159610383635324,0.05606095475278428,0.11286989682899487
8,bnci004,MMP_merge_then_adapt,CSP,svm_radial,none,4,4,4,7873,0.05,no_leakage_v1_alpha005,gate_all_sources_proxy_source_only_final_training_only,mmd,,,,,merge_then_adapt,coral,near_nearest_proxy,final,2.0,2,2train,train,False,0.385571438489892,4.0,direct,0.08159610383635324,0.05606095475278428,0.11286989682899487
8,bnci004,MMP_merge_then_adapt,CSP,svm_radial,none,4,4,4,7873,0.05,no_leakage_v1_alpha005,gate_all_sources_proxy_source_only_final_training_only,mmd,,,,,merge_then_adapt,coral,near_nearest_proxy,main,3.0,3,3test,nearest,True,0.39151934476401457,4.0,direct,0.08035649222494996,0.05219433394215667,0.11378524255378102
8,bnci004,MMP_merge_then_adapt,CSP,svm_radial,none,4,4,4,7873,0.05,no_leakage_v1_alpha005,gate_all_sources_proxy_source_only_final_training_only,mmd,,,,,merge_then_adapt,coral,near_nearest_proxy,anchor,3.0,3,3test,target,False,,4.0,direct,0.08035649222494996,0.05219433394215667,0.11378524255378102
8,bnci004,MMP_merge_then_adapt,CSP,svm_radial,none,4,4,4,7873,0.05,no_leakage_v1_alpha005,gate_all_sources_proxy_source_only_final_training_only,mmd,,,,,merge_then_adapt,coral,near_nearest_proxy,final,3.0,3,3test,train,True,0.39151934476401457,4.0,direct,0.08035649222494996,0.05219433394215667,0.11378524255378102
8,bnci004,MMP_merge_then_adapt,CSP,svm_radial,none,4,4,4,7873,0.05,no_leakage_v1_alpha005,gate_all_sources_proxy_source_only_final_training_only,mmd,,,,,merge_then_adapt,coral,near_nearest_proxy,main,,4,4test,target,False,,,,,,
8,bnci004,MMP_merge_then_adapt,CSP,svm_radial,none,4,4,4,7873,0.05,no_leakage_v1_alpha005,gate_all_sources_proxy_source_only_final_training_only,mmd,,,,,merge_then_adapt,coral,near_nearest_proxy,final,,4,4test,target,False,,,,,,
8,bnci004,MMP_merge_then_adapt,CSP,svm_radial,sa,5,0,0,8746,0.05,no_leakage_v1_alpha005,gate_all_sources_proxy_source_only_final_training_only,mmd,,,,,merge_then_adapt,coral,near_nearest_proxy,main,0.0,1,1train,nearest,True,1.0,0.0,direct,0.07082395221672631,0.0443640319112825,0.10291392662016291
8,bnci004,MMP_merge_then_adapt,CSP,svm_radial,sa,5,0,0,8746,0.05,no_leakage_v1_alpha005,gate_all_sources_proxy_source_only_final_training_only,mmd,,,,,merge_then_adapt,coral,near_nearest_proxy,anchor,0.0,1,1train,target,False,,0.0,direct,0.07082395221672631,0.0443640319112825,0.10291392662016291
8,bnci004,MMP_merge_then_adapt,CSP,svm_radial,sa,5,0,0,8746,0.05,no_leakage_v1_alpha005,gate_all_sources_proxy_source_only_final_training_only,mmd,,,,,merge_then_adapt,coral,near_nearest_proxy,final,0.0,1,1train,train,True,1.0,0.0,direct,0.07082395221672631,0.0443640319112825,0.10291392662016291
8,bnci004,MMP_merge_then_adapt,CSP,svm_radial,sa,5,0,0,8746,0.05,no_leakage_v1_alpha005,gate_all_sources_proxy_source_only_final_training_only,mmd,,,,,merge_then_adapt,coral,near_nearest_proxy,main,1.0,2,2train,far,False,,0.0,direct,0.3173705285724984,0.2797585654721553,0.361547446423754
8,bnci004,MMP_merge_then_adapt,CSP,svm_radial,sa,5,0,0,8746,0.05,no_leakage_v1_alpha005,gate_all_sources_proxy_source_only_final_training_only,mmd,,,,,merge_then_adapt,coral,near_nearest_proxy,anchor,1.0,2,2train,not_used,False,,0.0,direct,0.3173705285724984,0.2797585654721553,0.361547446423754
8,bnci004,MMP_merge_then_adapt,CSP,svm_radial,sa,5,0,0,8746,0.05,no_leakage_v1_alpha005,gate_all_sources_proxy_source_only_final_training_only,mmd,,,,,merge_then_adapt,coral,near_nearest_proxy,final,1.0,2,2train,not_used,False,,0.0,direct,0.3173705285724984,0.2797585654721553,0.361547446423754
8,bnci004,MMP_merge_then_adapt,CSP,svm_radial,sa,5,0,0,8746,0.05,no_leakage_v1_alpha005,gate_all_sources_proxy_source_only_final_training_only,mmd,,,,,merge_then_adapt,coral,near_nearest_proxy,main,2.0,3,3test,far,False,,0.0,direct,0.1734648099125355,0.13876292619860972,0.21656023955498263
8,bnci004,MMP_merge_then_adapt,CSP,svm_radial,sa,5,0,0,8746,0.05,no_leakage_v1_alpha005,gate_all_sources_proxy_source_only_final_training_only,mmd,,,,,merge_then_adapt,coral,near_nearest_proxy,anchor,2.0,3,3test,second_nearest_fallback_source,False,1.0,0.0,direct,0.1734648099125355,0.13876292619860972,0.21656023955498263
8,bnci004,MMP_merge_then_adapt,CSP,svm_radial,sa,5,0,0,8746,0.05,no_leakage_v1_alpha005,gate_all_sources_proxy_source_only_final_training_only,mmd,,,,,merge_then_adapt,coral,near_nearest_proxy,final,2.0,3,3test,not_used,False,,0.0,direct,0.1734648099125355,0.13876292619860972,0.21656023955498263
8,bnci004,MMP_merge_then_adapt,CSP,svm_radial,sa,5,0,0,8746,0.05,no_leakage_v1_alpha005,gate_all_sources_proxy_source_only_final_training_only,mmd,,,,,merge_then_adapt,coral,near_nearest_proxy,main,3.0,4,4test,far,False,,0.0,direct,0.28993678523141214,0.24961520880535426,0.3331341299453136
8,bnci004,MMP_merge_then_adapt,CSP,svm_radial,sa,5,0,0,8746,0.05,no_leakage_v1_alpha005,gate_all_sources_proxy_source_only_final_training_only,mmd,,,,,merge_then_adapt,coral,near_nearest_proxy,anchor,3.0,4,4test,not_used,False,,0.0,direct,0.28993678523141214,0.24961520880535426,0.3331341299453136
8,bnci004,MMP_merge_then_adapt,CSP,svm_radial,sa,5,0,0,8746,0.05,no_leakage_v1_alpha005,gate_all_sources_proxy_source_only_final_training_only,mmd,,,,,merge_then_adapt,coral,near_nearest_proxy,final,3.0,4,4test,not_used,False,,0.0,direct,0.28993678523141214,0.24961520880535426,0.3331341299453136
8,bnci004,MMP_merge_then_adapt,CSP,svm_radial,sa,5,0,0,8746,0.05,no_leakage_v1_alpha005,gate_all_sources_proxy_source_only_final_training_only,mmd,,,,,merge_then_adapt,coral,near_nearest_proxy,main,,0,0train,target,False,,,,,,
8,bnci004,MMP_merge_then_adapt,CSP,svm_radial,sa,5,0,0,8746,0.05,no_leakage_v1_alpha005,gate_all_sources_proxy_source_only_final_training_only,mmd,,,,,merge_then_adapt,coral,near_nearest_proxy,final,,0,0train,target,False,,,,,,
8,bnci004,MMP_merge_then_adapt,CSP,svm_radial,sa,5,1,1,8777,0.05,no_leakage_v1_alpha005,gate_all_sources_proxy_source_only_final_training_only,mmd,,,,,merge_then_adapt,coral,near_nearest_proxy,main,0.0,0,0train,nearest,True,0.5354140481529371,1.0,direct,0.07351061076478077,0.0490727505893818,0.10659616571825249
8,bnci004,MMP_merge_then_adapt,CSP,svm_radial,sa,5,1,1,8777,0.05,no_leakage_v1_alpha005,gate_all_sources_proxy_source_only_final_training_only,mmd,,,,,merge_then_adapt,coral,near_nearest_proxy,anchor,0.0,0,0train,target,False,,1.0,direct,0.07351061076478077,0.0490727505893818,0.10659616571825249
8,bnci004,MMP_merge_then_adapt,CSP,svm_radial,sa,5,1,1,8777,0.05,no_leakage_v1_alpha005,gate_all_sources_proxy_source_only_final_training_only,mmd,,,,,merge_then_adapt,coral,near_nearest_proxy,final,0.0,0,0train,train,True,0.5354140481529371,1.0,direct,0.07351061076478077,0.0490727505893818,0.10659616571825249
8,bnci004,MMP_merge_then_adapt,CSP,svm_radial,sa,5,1,1,8777,0.05,no_leakage_v1_alpha005,gate_all_sources_proxy_source_only_final_training_only,mmd,,,,,merge_then_adapt,coral,near_nearest_proxy,main,1.0,2,2train,far,False,,1.0,direct,0.20107709978653207,0.1574857366123822,0.25482192799047987
8,bnci004,MMP_merge_then_adapt,CSP,svm_radial,sa,5,1,1,8777,0.05,no_leakage_v1_alpha005,gate_all_sources_proxy_source_only_final_training_only,mmd,,,,,merge_then_adapt,coral,near_nearest_proxy,anchor,1.0,2,2train,not_used,False,,1.0,direct,0.20107709978653207,0.1574857366123822,0.25482192799047987
8,bnci004,MMP_merge_then_adapt,CSP,svm_radial,sa,5,1,1,8777,0.05,no_leakage_v1_alpha005,gate_all_sources_proxy_source_only_final_training_only,mmd,,,,,merge_then_adapt,coral,near_nearest_proxy,final,1.0,2,2train,not_used,False,,1.0,direct,0.20107709978653207,0.1574857366123822,0.25482192799047987
8,bnci004,MMP_merge_then_adapt,CSP,svm_radial,sa,5,1,1,8777,0.05,no_leakage_v1_alpha005,gate_all_sources_proxy_source_only_final_training_only,mmd,,,,,merge_then_adapt,coral,near_nearest_proxy,main,2.0,3,3test,near,False,0.4645859518470628,1.0,direct,0.08471776721483597,0.057088757545336,0.12178001545054222
8,bnci004,MMP_merge_then_adapt,CSP,svm_radial,sa,5,1,1,8777,0.05,no_leakage_v1_alpha005,gate_all_sources_proxy_source_only_final_training_only,mmd,,,,,merge_then_adapt,coral,near_nearest_proxy,anchor,2.0,3,3test,proxy_source,False,1.0,1.0,direct,0.08471776721483597,0.057088757545336,0.12178001545054222
8,bnci004,MMP_merge_then_adapt,CSP,svm_radial,sa,5,1,1,8777,0.05,no_leakage_v1_alpha005,gate_all_sources_proxy_source_only_final_training_only,mmd,,,,,merge_then_adapt,coral,near_nearest_proxy,final,2.0,3,3test,train,False,0.4645859518470628,1.0,direct,0.08471776721483597,0.057088757545336,0.12178001545054222
8,bnci004,MMP_merge_then_adapt,CSP,svm_radial,sa,5,1,1,8777,0.05,no_leakage_v1_alpha005,gate_all_sources_proxy_source_only_final_training_only,mmd,,,,,merge_then_adapt,coral,near_nearest_proxy,main,3.0,4,4test,far,False,,1.0,direct,0.17322618549858707,0.13140158535755472,0.21814729270331995
8,bnci004,MMP_merge_then_adapt,CSP,svm_radial,sa,5,1,1,8777,0.05,no_leakage_v1_alpha005,gate_all_sources_proxy_source_only_final_training_only,mmd,,,,,merge_then_adapt,coral,near_nearest_proxy,anchor,3.0,4,4test,not_used,False,,1.0,direct,0.17322618549858707,0.13140158535755472,0.21814729270331995
8,bnci004,MMP_merge_then_adapt,CSP,svm_radial,sa,5,1,1,8777,0.05,no_leakage_v1_alpha005,gate_all_sources_proxy_source_only_final_training_only,mmd,,,,,merge_then_adapt,coral,near_nearest_proxy,final,3.0,4,4test,not_used,False,,1.0,direct,0.17322618549858707,0.13140158535755472,0.21814729270331995
8,bnci004,MMP_merge_then_adapt,CSP,svm_radial,sa,5,1,1,8777,0.05,no_leakage_v1_alpha005,gate_all_sources_proxy_source_only_final_training_only,mmd,,,,,merge_then_adapt,coral,near_nearest_proxy,main,,1,1train,target,False,,,,,,
8,bnci004,MMP_merge_then_adapt,CSP,svm_radial,sa,5,1,1,8777,0.05,no_leakage_v1_alpha005,gate_all_sources_proxy_source_only_final_training_only,mmd,,,,,merge_then_adapt,coral,near_nearest_proxy,final,,1,1train,target,False,,,,,,
8,bnci004,MMP_merge_then_adapt,CSP,svm_radial,sa,5,2,2,8808,0.05,no_leakage_v1_alpha005,gate_all_sources_proxy_source_only_final_training_only,mmd,,,,,merge_then_adapt,coral,near_nearest_proxy,main,0.0,0,0train,far,False,,2.0,direct,0.2919403487612671,0.25415133072959145,0.3327402215568755
8,bnci004,MMP_merge_then_adapt,CSP,svm_radial,sa,5,2,2,8808,0.05,no_leakage_v1_alpha005,gate_all_sources_proxy_source_only_final_training_only,mmd,,,,,merge_then_adapt,coral,near_nearest_proxy,anchor,0.0,0,0train,not_used,False,,2.0,direct,0.2919403487612671,0.25415133072959145,0.3327402215568755
8,bnci004,MMP_merge_then_adapt,CSP,svm_radial,sa,5,2,2,8808,0.05,no_leakage_v1_alpha005,gate_all_sources_proxy_source_only_final_training_only,mmd,,,,,merge_then_adapt,coral,near_nearest_proxy,final,0.0,0,0train,not_used,False,,2.0,direct,0.2919403487612671,0.25415133072959145,0.3327402215568755
8,bnci004,MMP_merge_then_adapt,CSP,svm_radial,sa,5,2,2,8808,0.05,no_leakage_v1_alpha005,gate_all_sources_proxy_source_only_final_training_only,mmd,,,,,merge_then_adapt,coral,near_nearest_proxy,main,1.0,1,1train,far,False,,2.0,direct,0.18525012141786512,0.14890217518938112,0.23195130502754843
8,bnci004,MMP_merge_then_adapt,CSP,svm_radial,sa,5,2,2,8808,0.05,no_leakage_v1_alpha005,gate_all_sources_proxy_source_only_final_training_only,mmd,,,,,merge_then_adapt,coral,near_nearest_proxy,anchor,1.0,1,1train,not_used,False,,2.0,direct,0.18525012141786512,0.14890217518938112,0.23195130502754843
8,bnci004,MMP_merge_then_adapt,CSP,svm_radial,sa,5,2,2,8808,0.05,no_leakage_v1_alpha005,gate_all_sources_proxy_source_only_final_training_only,mmd,,,,,merge_then_adapt,coral,near_nearest_proxy,final,1.0,1,1train,not_used,False,,2.0,direct,0.18525012141786512,0.14890217518938112,0.23195130502754843
8,bnci004,MMP_merge_then_adapt,CSP,svm_radial,sa,5,2,2,8808,0.05,no_leakage_v1_alpha005,gate_all_sources_proxy_source_only_final_training_only,mmd,,,,,merge_then_adapt,coral,near_nearest_proxy,main,2.0,3,3test,far,False,,2.0,direct,0.12394619279408005,0.09053616833702138,0.16122471371256353
8,bnci004,MMP_merge_then_adapt,CSP,svm_radial,sa,5,2,2,8808,0.05,no_leakage_v1_alpha005,gate_all_sources_proxy_source_only_final_training_only,mmd,,,,,merge_then_adapt,coral,near_nearest_proxy,anchor,2.0,3,3test,second_nearest_fallback_source,False,1.0,2.0,direct,0.12394619279408005,0.09053616833702138,0.16122471371256353
8,bnci004,MMP_merge_then_adapt,CSP,svm_radial,sa,5,2,2,8808,0.05,no_leakage_v1_alpha005,gate_all_sources_proxy_source_only_final_training_only,mmd,,,,,merge_then_adapt,coral,near_nearest_proxy,final,2.0,3,3test,not_used,False,,2.0,direct,0.12394619279408005,0.09053616833702138,0.16122471371256353
8,bnci004,MMP_merge_then_adapt,CSP,svm_radial,sa,5,2,2,8808,0.05,no_leakage_v1_alpha005,gate_all_sources_proxy_source_only_final_training_only,mmd,,,,,merge_then_adapt,coral,near_nearest_proxy,main,3.0,4,4test,nearest,True,1.0,2.0,direct,0.039520025720279316,0.025839165223172093,0.05569553481573281
8,bnci004,MMP_merge_then_adapt,CSP,svm_radial,sa,5,2,2,8808,0.05,no_leakage_v1_alpha005,gate_all_sources_proxy_source_only_final_training_only,mmd,,,,,merge_then_adapt,coral,near_nearest_proxy,anchor,3.0,4,4test,target,False,,2.0,direct,0.039520025720279316,0.025839165223172093,0.05569553481573281
8,bnci004,MMP_merge_then_adapt,CSP,svm_radial,sa,5,2,2,8808,0.05,no_leakage_v1_alpha005,gate_all_sources_proxy_source_only_final_training_only,mmd,,,,,merge_then_adapt,coral,near_nearest_proxy,final,3.0,4,4test,train,True,1.0,2.0,direct,0.039520025720279316,0.025839165223172093,0.05569553481573281
8,bnci004,MMP_merge_then_adapt,CSP,svm_radial,sa,5,2,2,8808,0.05,no_leakage_v1_alpha005,gate_all_sources_proxy_source_only_final_training_only,mmd,,,,,merge_then_adapt,coral,near_nearest_proxy,main,,2,2train,target,False,,,,,,
8,bnci004,MMP_merge_then_adapt,CSP,svm_radial,sa,5,2,2,8808,0.05,no_leakage_v1_alpha005,gate_all_sources_proxy_source_only_final_training_only,mmd,,,,,merge_then_adapt,coral,near_nearest_proxy,final,,2,2train,target,False,,,,,,
8,bnci004,MMP_merge_then_adapt,CSP,svm_radial,sa,5,3,3,8839,0.05,no_leakage_v1_alpha005,gate_all_sources_proxy_source_only_final_training_only,mmd,,,,,merge_then_adapt,coral,near_nearest_proxy,main,0.0,0,0train,far,False,,3.0,direct,0.17198126738267444,0.1282063014547622,0.21127290941341098
8,bnci004,MMP_merge_then_adapt,CSP,svm_radial,sa,5,3,3,8839,0.05,no_leakage_v1_alpha005,gate_all_sources_proxy_source_only_final_training_only,mmd,,,,,merge_then_adapt,coral,near_nearest_proxy,anchor,0.0,0,0train,not_used,False,,3.0,direct,0.17198126738267444,0.1282063014547622,0.21127290941341098
8,bnci004,MMP_merge_then_adapt,CSP,svm_radial,sa,5,3,3,8839,0.05,no_leakage_v1_alpha005,gate_all_sources_proxy_source_only_final_training_only,mmd,,,,,merge_then_adapt,coral,near_nearest_proxy,final,0.0,0,0train,not_used,False,,3.0,direct,0.17198126738267444,0.1282063014547622,0.21127290941341098
8,bnci004,MMP_merge_then_adapt,CSP,svm_radial,sa,5,3,3,8839,0.05,no_leakage_v1_alpha005,gate_all_sources_proxy_source_only_final_training_only,mmd,,,,,merge_then_adapt,coral,near_nearest_proxy,main,1.0,1,1train,nearest,True,0.41486581718807386,3.0,direct,0.07953162328403013,0.05417127780201145,0.11082625284178378
8,bnci004,MMP_merge_then_adapt,CSP,svm_radial,sa,5,3,3,8839,0.05,no_leakage_v1_alpha005,gate_all_sources_proxy_source_only_final_training_only,mmd,,,,,merge_then_adapt,coral,near_nearest_proxy,anchor,1.0,1,1train,target,False,,3.0,direct,0.07953162328403013,0.05417127780201145,0.11082625284178378
8,bnci004,MMP_merge_then_adapt,CSP,svm_radial,sa,5,3,3,8839,0.05,no_leakage_v1_alpha005,gate_all_sources_proxy_source_only_final_training_only,mmd,,,,,merge_then_adapt,coral,near_nearest_proxy,final,1.0,1,1train,train,True,0.41486581718807386,3.0,direct,0.07953162328403013,0.05417127780201145,0.11082625284178378
8,bnci004,MMP_merge_then_adapt,CSP,svm_radial,sa,5,3,3,8839,0.05,no_leakage_v1_alpha005,gate_all_sources_proxy_source_only_final_training_only,mmd,,,,,merge_then_adapt,coral,near_nearest_proxy,main,2.0,2,2train,near,False,0.24875974887269856,3.0,direct,0.1326384921258969,0.09705602606476077,0.17690361206366592
8,bnci004,MMP_merge_then_adapt,CSP,svm_radial,sa,5,3,3,8839,0.05,no_leakage_v1_alpha005,gate_all_sources_proxy_source_only_final_training_only,mmd,,,,,merge_then_adapt,coral,near_nearest_proxy,anchor,2.0,2,2train,proxy_source,False,0.42513282624723175,3.0,direct,0.1326384921258969,0.09705602606476077,0.17690361206366592
8,bnci004,MMP_merge_then_adapt,CSP,svm_radial,sa,5,3,3,8839,0.05,no_leakage_v1_alpha005,gate_all_sources_proxy_source_only_final_training_only,mmd,,,,,merge_then_adapt,coral,near_nearest_proxy,final,2.0,2,2train,train,False,0.24875974887269856,3.0,direct,0.1326384921258969,0.09705602606476077,0.17690361206366592
8,bnci004,MMP_merge_then_adapt,CSP,svm_radial,sa,5,3,3,8839,0.05,no_leakage_v1_alpha005,gate_all_sources_proxy_source_only_final_training_only,mmd,,,,,merge_then_adapt,coral,near_nearest_proxy,main,3.0,4,4test,near,False,0.3363744339392276,3.0,direct,0.0980901847711994,0.0673203697628921,0.1352295591008426
8,bnci004,MMP_merge_then_adapt,CSP,svm_radial,sa,5,3,3,8839,0.05,no_leakage_v1_alpha005,gate_all_sources_proxy_source_only_final_training_only,mmd,,,,,merge_then_adapt,coral,near_nearest_proxy,anchor,3.0,4,4test,proxy_source,False,0.5748671737527683,3.0,direct,0.0980901847711994,0.0673203697628921,0.1352295591008426
8,bnci004,MMP_merge_then_adapt,CSP,svm_radial,sa,5,3,3,8839,0.05,no_leakage_v1_alpha005,gate_all_sources_proxy_source_only_final_training_only,mmd,,,,,merge_then_adapt,coral,near_nearest_proxy,final,3.0,4,4test,train,False,0.3363744339392276,3.0,direct,0.0980901847711994,0.0673203697628921,0.1352295591008426
8,bnci004,MMP_merge_then_adapt,CSP,svm_radial,sa,5,3,3,8839,0.05,no_leakage_v1_alpha005,gate_all_sources_proxy_source_only_final_training_only,mmd,,,,,merge_then_adapt,coral,near_nearest_proxy,main,,3,3test,target,False,,,,,,
8,bnci004,MMP_merge_then_adapt,CSP,svm_radial,sa,5,3,3,8839,0.05,no_leakage_v1_alpha005,gate_all_sources_proxy_source_only_final_training_only,mmd,,,,,merge_then_adapt,coral,near_nearest_proxy,final,,3,3test,target,False,,,,,,
8,bnci004,MMP_merge_then_adapt,CSP,svm_radial,sa,5,4,4,8870,0.05,no_leakage_v1_alpha005,gate_all_sources_proxy_source_only_final_training_only,mmd,,,,,merge_then_adapt,coral,near_nearest_proxy,main,0.0,0,0train,far,False,,4.0,direct,0.28416129753583447,0.23785320282720807,0.330379533163703
8,bnci004,MMP_merge_then_adapt,CSP,svm_radial,sa,5,4,4,8870,0.05,no_leakage_v1_alpha005,gate_all_sources_proxy_source_only_final_training_only,mmd,,,,,merge_then_adapt,coral,near_nearest_proxy,anchor,0.0,0,0train,not_used,False,,4.0,direct,0.28416129753583447,0.23785320282720807,0.330379533163703
8,bnci004,MMP_merge_then_adapt,CSP,svm_radial,sa,5,4,4,8870,0.05,no_leakage_v1_alpha005,gate_all_sources_proxy_source_only_final_training_only,mmd,,,,,merge_then_adapt,coral,near_nearest_proxy,final,0.0,0,0train,not_used,False,,4.0,direct,0.28416129753583447,0.23785320282720807,0.330379533163703
8,bnci004,MMP_merge_then_adapt,CSP,svm_radial,sa,5,4,4,8870,0.05,no_leakage_v1_alpha005,gate_all_sources_proxy_source_only_final_training_only,mmd,,,,,merge_then_adapt,coral,near_nearest_proxy,main,1.0,1,1train,near,False,0.22704581988874115,4.0,direct,0.1372392655154511,0.09991587189133692,0.17586948188922322
8,bnci004,MMP_merge_then_adapt,CSP,svm_radial,sa,5,4,4,8870,0.05,no_leakage_v1_alpha005,gate_all_sources_proxy_source_only_final_training_only,mmd,,,,,merge_then_adapt,coral,near_nearest_proxy,anchor,1.0,1,1train,proxy_source,False,0.3744445251062147,4.0,direct,0.1372392655154511,0.09991587189133692,0.17586948188922322
8,bnci004,MMP_merge_then_adapt,CSP,svm_radial,sa,5,4,4,8870,0.05,no_leakage_v1_alpha005,gate_all_sources_proxy_source_only_final_training_only,mmd,,,,,merge_then_adapt,coral,near_nearest_proxy,final,1.0,1,1train,train,False,0.22704581988874115,4.0,direct,0.1372392655154511,0.09991587189133692,0.17586948188922322
8,bnci004,MMP_merge_then_adapt,CSP,svm_radial,sa,5,4,4,8870,0.05,no_leakage_v1_alpha005,gate_all_sources_proxy_source_only_final_training_only,mmd,,,,,merge_then_adapt,coral,near_nearest_proxy,main,2.0,2,2train,near,False,0.37930787115357684,4.0,direct,0.08214817478759072,0.05827128702616387,0.11138865313381205
8,bnci004,MMP_merge_then_adapt,CSP,svm_radial,sa,5,4,4,8870,0.05,no_leakage_v1_alpha005,gate_all_sources_proxy_source_only_final_training_only,mmd,,,,,merge_then_adapt,coral,near_nearest_proxy,anchor,2.0,2,2train,proxy_source,False,0.6255554748937854,4.0,direct,0.08214817478759072,0.05827128702616387,0.11138865313381205
8,bnci004,MMP_merge_then_adapt,CSP,svm_radial,sa,5,4,4,8870,0.05,no_leakage_v1_alpha005,gate_all_sources_proxy_source_only_final_training_only,mmd,,,,,merge_then_adapt,coral,near_nearest_proxy,final,2.0,2,2train,train,False,0.37930787115357684,4.0,direct,0.08214817478759072,0.05827128702616387,0.11138865313381205
8,bnci004,MMP_merge_then_adapt,CSP,svm_radial,sa,5,4,4,8870,0.05,no_leakage_v1_alpha005,gate_all_sources_proxy_source_only_final_training_only,mmd,,,,,merge_then_adapt,coral,near_nearest_proxy,main,3.0,3,3test,nearest,True,0.39364630895768205,4.0,direct,0.07915591801660937,0.048789496894561135,0.10978964377478916
8,bnci004,MMP_merge_then_adapt,CSP,svm_radial,sa,5,4,4,8870,0.05,no_leakage_v1_alpha005,gate_all_sources_proxy_source_only_final_training_only,mmd,,,,,merge_then_adapt,coral,near_nearest_proxy,anchor,3.0,3,3test,target,False,,4.0,direct,0.07915591801660937,0.048789496894561135,0.10978964377478916
8,bnci004,MMP_merge_then_adapt,CSP,svm_radial,sa,5,4,4,8870,0.05,no_leakage_v1_alpha005,gate_all_sources_proxy_source_only_final_training_only,mmd,,,,,merge_then_adapt,coral,near_nearest_proxy,final,3.0,3,3test,train,True,0.39364630895768205,4.0,direct,0.07915591801660937,0.048789496894561135,0.10978964377478916
8,bnci004,MMP_merge_then_adapt,CSP,svm_radial,sa,5,4,4,8870,0.05,no_leakage_v1_alpha005,gate_all_sources_proxy_source_only_final_training_only,mmd,,,,,merge_then_adapt,coral,near_nearest_proxy,main,,4,4test,target,False,,,,,,
8,bnci004,MMP_merge_then_adapt,CSP,svm_radial,sa,5,4,4,8870,0.05,no_leakage_v1_alpha005,gate_all_sources_proxy_source_only_final_training_only,mmd,,,,,merge_then_adapt,coral,near_nearest_proxy,final,,4,4test,target,False,,,,,,
8,bnci004,MMP_merge_then_adapt,CSP,svm_radial,pt,6,0,0,9743,0.05,no_leakage_v1_alpha005,gate_all_sources_proxy_source_only_final_training_only,mmd,,,,,merge_then_adapt,coral,near_nearest_proxy,main,0.0,1,1train,nearest,True,1.0,0.0,direct,0.07255000462730693,0.048321097098067055,0.10365722515259483
8,bnci004,MMP_merge_then_adapt,CSP,svm_radial,pt,6,0,0,9743,0.05,no_leakage_v1_alpha005,gate_all_sources_proxy_source_only_final_training_only,mmd,,,,,merge_then_adapt,coral,near_nearest_proxy,anchor,0.0,1,1train,target,False,,0.0,direct,0.07255000462730693,0.048321097098067055,0.10365722515259483
8,bnci004,MMP_merge_then_adapt,CSP,svm_radial,pt,6,0,0,9743,0.05,no_leakage_v1_alpha005,gate_all_sources_proxy_source_only_final_training_only,mmd,,,,,merge_then_adapt,coral,near_nearest_proxy,final,0.0,1,1train,train,True,1.0,0.0,direct,0.07255000462730693,0.048321097098067055,0.10365722515259483
8,bnci004,MMP_merge_then_adapt,CSP,svm_radial,pt,6,0,0,9743,0.05,no_leakage_v1_alpha005,gate_all_sources_proxy_source_only_final_training_only,mmd,,,,,merge_then_adapt,coral,near_nearest_proxy,main,1.0,2,2train,far,False,,0.0,direct,0.3197798647543138,0.2720635360468777,0.36888533204674134
8,bnci004,MMP_merge_then_adapt,CSP,svm_radial,pt,6,0,0,9743,0.05,no_leakage_v1_alpha005,gate_all_sources_proxy_source_only_final_training_only,mmd,,,,,merge_then_adapt,coral,near_nearest_proxy,anchor,1.0,2,2train,not_used,False,,0.0,direct,0.3197798647543138,0.2720635360468777,0.36888533204674134
8,bnci004,MMP_merge_then_adapt,CSP,svm_radial,pt,6,0,0,9743,0.05,no_leakage_v1_alpha005,gate_all_sources_proxy_source_only_final_training_only,mmd,,,,,merge_then_adapt,coral,near_nearest_proxy,final,1.0,2,2train,not_used,False,,0.0,direct,0.3197798647543138,0.2720635360468777,0.36888533204674134
8,bnci004,MMP_merge_then_adapt,CSP,svm_radial,pt,6,0,0,9743,0.05,no_leakage_v1_alpha005,gate_all_sources_proxy_source_only_final_training_only,mmd,,,,,merge_then_adapt,coral,near_nearest_proxy,main,2.0,3,3test,far,False,,0.0,direct,0.17641590886273645,0.1366774073632505,0.21891255154662906
8,bnci004,MMP_merge_then_adapt,CSP,svm_radial,pt,6,0,0,9743,0.05,no_leakage_v1_alpha005,gate_all_sources_proxy_source_only_final_training_only,mmd,,,,,merge_then_adapt,coral,near_nearest_proxy,anchor,2.0,3,3test,second_nearest_fallback_source,False,1.0,0.0,direct,0.17641590886273645,0.1366774073632505,0.21891255154662906
8,bnci004,MMP_merge_then_adapt,CSP,svm_radial,pt,6,0,0,9743,0.05,no_leakage_v1_alpha005,gate_all_sources_proxy_source_only_final_training_only,mmd,,,,,merge_then_adapt,coral,near_nearest_proxy,final,2.0,3,3test,not_used,False,,0.0,direct,0.17641590886273645,0.1366774073632505,0.21891255154662906
8,bnci004,MMP_merge_then_adapt,CSP,svm_radial,pt,6,0,0,9743,0.05,no_leakage_v1_alpha005,gate_all_sources_proxy_source_only_final_training_only,mmd,,,,,merge_then_adapt,coral,near_nearest_proxy,main,3.0,4,4test,far,False,,0.0,direct,0.29196554944071346,0.2540329872650537,0.339033850998723
8,bnci004,MMP_merge_then_adapt,CSP,svm_radial,pt,6,0,0,9743,0.05,no_leakage_v1_alpha005,gate_all_sources_proxy_source_only_final_training_only,mmd,,,,,merge_then_adapt,coral,near_nearest_proxy,anchor,3.0,4,4test,not_used,False,,0.0,direct,0.29196554944071346,0.2540329872650537,0.339033850998723
8,bnci004,MMP_merge_then_adapt,CSP,svm_radial,pt,6,0,0,9743,0.05,no_leakage_v1_alpha005,gate_all_sources_proxy_source_only_final_training_only,mmd,,,,,merge_then_adapt,coral,near_nearest_proxy,final,3.0,4,4test,not_used,False,,0.0,direct,0.29196554944071346,0.2540329872650537,0.339033850998723
8,bnci004,MMP_merge_then_adapt,CSP,svm_radial,pt,6,0,0,9743,0.05,no_leakage_v1_alpha005,gate_all_sources_proxy_source_only_final_training_only,mmd,,,,,merge_then_adapt,coral,near_nearest_proxy,main,,0,0train,target,False,,,,,,
8,bnci004,MMP_merge_then_adapt,CSP,svm_radial,pt,6,0,0,9743,0.05,no_leakage_v1_alpha005,gate_all_sources_proxy_source_only_final_training_only,mmd,,,,,merge_then_adapt,coral,near_nearest_proxy,final,,0,0train,target,False,,,,,,
8,bnci004,MMP_merge_then_adapt,CSP,svm_radial,pt,6,1,1,9774,0.05,no_leakage_v1_alpha005,gate_all_sources_proxy_source_only_final_training_only,mmd,,,,,merge_then_adapt,coral,near_nearest_proxy,main,0.0,0,0train,nearest,True,0.5273858712776309,1.0,direct,0.0764881571557574,0.04972862581226864,0.10991382507068856
8,bnci004,MMP_merge_then_adapt,CSP,svm_radial,pt,6,1,1,9774,0.05,no_leakage_v1_alpha005,gate_all_sources_proxy_source_only_final_training_only,mmd,,,,,merge_then_adapt,coral,near_nearest_proxy,anchor,0.0,0,0train,target,False,,1.0,direct,0.0764881571557574,0.04972862581226864,0.10991382507068856
8,bnci004,MMP_merge_then_adapt,CSP,svm_radial,pt,6,1,1,9774,0.05,no_leakage_v1_alpha005,gate_all_sources_proxy_source_only_final_training_only,mmd,,,,,merge_then_adapt,coral,near_nearest_proxy,final,0.0,0,0train,train,True,0.5273858712776309,1.0,direct,0.0764881571557574,0.04972862581226864,0.10991382507068856
8,bnci004,MMP_merge_then_adapt,CSP,svm_radial,pt,6,1,1,9774,0.05,no_leakage_v1_alpha005,gate_all_sources_proxy_source_only_final_training_only,mmd,,,,,merge_then_adapt,coral,near_nearest_proxy,main,1.0,2,2train,far,False,,1.0,direct,0.20278962378151683,0.1586905702534125,0.25258492080257017
8,bnci004,MMP_merge_then_adapt,CSP,svm_radial,pt,6,1,1,9774,0.05,no_leakage_v1_alpha005,gate_all_sources_proxy_source_only_final_training_only,mmd,,,,,merge_then_adapt,coral,near_nearest_proxy,anchor,1.0,2,2train,not_used,False,,1.0,direct,0.20278962378151683,0.1586905702534125,0.25258492080257017
8,bnci004,MMP_merge_then_adapt,CSP,svm_radial,pt,6,1,1,9774,0.05,no_leakage_v1_alpha005,gate_all_sources_proxy_source_only_final_training_only,mmd,,,,,merge_then_adapt,coral,near_nearest_proxy,final,1.0,2,2train,not_used,False,,1.0,direct,0.20278962378151683,0.1586905702534125,0.25258492080257017
8,bnci004,MMP_merge_then_adapt,CSP,svm_radial,pt,6,1,1,9774,0.05,no_leakage_v1_alpha005,gate_all_sources_proxy_source_only_final_training_only,mmd,,,,,merge_then_adapt,coral,near_nearest_proxy,main,2.0,3,3test,near,False,0.47261412872236913,1.0,direct,0.08535256507206228,0.05339341746290672,0.12255396453496178
8,bnci004,MMP_merge_then_adapt,CSP,svm_radial,pt,6,1,1,9774,0.05,no_leakage_v1_alpha005,gate_all_sources_proxy_source_only_final_training_only,mmd,,,,,merge_then_adapt,coral,near_nearest_proxy,anchor,2.0,3,3test,proxy_source,False,1.0,1.0,direct,0.08535256507206228,0.05339341746290672,0.12255396453496178
8,bnci004,MMP_merge_then_adapt,CSP,svm_radial,pt,6,1,1,9774,0.05,no_leakage_v1_alpha005,gate_all_sources_proxy_source_only_final_training_only,mmd,,,,,merge_then_adapt,coral,near_nearest_proxy,final,2.0,3,3test,train,False,0.47261412872236913,1.0,direct,0.08535256507206228,0.05339341746290672,0.12255396453496178
8,bnci004,MMP_merge_then_adapt,CSP,svm_radial,pt,6,1,1,9774,0.05,no_leakage_v1_alpha005,gate_all_sources_proxy_source_only_final_training_only,mmd,,,,,merge_then_adapt,coral,near_nearest_proxy,main,3.0,4,4test,far,False,,1.0,direct,0.17432843445435092,0.12854855544963348,0.22235887644255872
8,bnci004,MMP_merge_then_adapt,CSP,svm_radial,pt,6,1,1,9774,0.05,no_leakage_v1_alpha005,gate_all_sources_proxy_source_only_final_training_only,mmd,,,,,merge_then_adapt,coral,near_nearest_proxy,anchor,3.0,4,4test,not_used,False,,1.0,direct,0.17432843445435092,0.12854855544963348,0.22235887644255872
8,bnci004,MMP_merge_then_adapt,CSP,svm_radial,pt,6,1,1,9774,0.05,no_leakage_v1_alpha005,gate_all_sources_proxy_source_only_final_training_only,mmd,,,,,merge_then_adapt,coral,near_nearest_proxy,final,3.0,4,4test,not_used,False,,1.0,direct,0.17432843445435092,0.12854855544963348,0.22235887644255872
8,bnci004,MMP_merge_then_adapt,CSP,svm_radial,pt,6,1,1,9774,0.05,no_leakage_v1_alpha005,gate_all_sources_proxy_source_only_final_training_only,mmd,,,,,merge_then_adapt,coral,near_nearest_proxy,main,,1,1train,target,False,,,,,,
8,bnci004,MMP_merge_then_adapt,CSP,svm_radial,pt,6,1,1,9774,0.05,no_leakage_v1_alpha005,gate_all_sources_proxy_source_only_final_training_only,mmd,,,,,merge_then_adapt,coral,near_nearest_proxy,final,,1,1train,target,False,,,,,,
8,bnci004,MMP_merge_then_adapt,CSP,svm_radial,pt,6,2,2,9805,0.05,no_leakage_v1_alpha005,gate_all_sources_proxy_source_only_final_training_only,mmd,,,,,merge_then_adapt,coral,near_nearest_proxy,main,0.0,0,0train,far,False,,2.0,direct,0.29273418599854417,0.2556427254850263,0.33694293645852924
8,bnci004,MMP_merge_then_adapt,CSP,svm_radial,pt,6,2,2,9805,0.05,no_leakage_v1_alpha005,gate_all_sources_proxy_source_only_final_training_only,mmd,,,,,merge_then_adapt,coral,near_nearest_proxy,anchor,0.0,0,0train,not_used,False,,2.0,direct,0.29273418599854417,0.2556427254850263,0.33694293645852924
8,bnci004,MMP_merge_then_adapt,CSP,svm_radial,pt,6,2,2,9805,0.05,no_leakage_v1_alpha005,gate_all_sources_proxy_source_only_final_training_only,mmd,,,,,merge_then_adapt,coral,near_nearest_proxy,final,0.0,0,0train,not_used,False,,2.0,direct,0.29273418599854417,0.2556427254850263,0.33694293645852924
8,bnci004,MMP_merge_then_adapt,CSP,svm_radial,pt,6,2,2,9805,0.05,no_leakage_v1_alpha005,gate_all_sources_proxy_source_only_final_training_only,mmd,,,,,merge_then_adapt,coral,near_nearest_proxy,main,1.0,1,1train,far,False,,2.0,direct,0.182818584766607,0.14091495230766693,0.23068623609113115
8,bnci004,MMP_merge_then_adapt,CSP,svm_radial,pt,6,2,2,9805,0.05,no_leakage_v1_alpha005,gate_all_sources_proxy_source_only_final_training_only,mmd,,,,,merge_then_adapt,coral,near_nearest_proxy,anchor,1.0,1,1train,not_used,False,,2.0,direct,0.182818584766607,0.14091495230766693,0.23068623609113115
8,bnci004,MMP_merge_then_adapt,CSP,svm_radial,pt,6,2,2,9805,0.05,no_leakage_v1_alpha005,gate_all_sources_proxy_source_only_final_training_only,mmd,,,,,merge_then_adapt,coral,near_nearest_proxy,final,1.0,1,1train,not_used,False,,2.0,direct,0.182818584766607,0.14091495230766693,0.23068623609113115
8,bnci004,MMP_merge_then_adapt,CSP,svm_radial,pt,6,2,2,9805,0.05,no_leakage_v1_alpha005,gate_all_sources_proxy_source_only_final_training_only,mmd,,,,,merge_then_adapt,coral,near_nearest_proxy,main,2.0,3,3test,far,False,,2.0,direct,0.12272427578703439,0.08701258803985107,0.162898350544986
8,bnci004,MMP_merge_then_adapt,CSP,svm_radial,pt,6,2,2,9805,0.05,no_leakage_v1_alpha005,gate_all_sources_proxy_source_only_final_training_only,mmd,,,,,merge_then_adapt,coral,near_nearest_proxy,anchor,2.0,3,3test,second_nearest_fallback_source,False,1.0,2.0,direct,0.12272427578703439,0.08701258803985107,0.162898350544986
8,bnci004,MMP_merge_then_adapt,CSP,svm_radial,pt,6,2,2,9805,0.05,no_leakage_v1_alpha005,gate_all_sources_proxy_source_only_final_training_only,mmd,,,,,merge_then_adapt,coral,near_nearest_proxy,final,2.0,3,3test,not_used,False,,2.0,direct,0.12272427578703439,0.08701258803985107,0.162898350544986
8,bnci004,MMP_merge_then_adapt,CSP,svm_radial,pt,6,2,2,9805,0.05,no_leakage_v1_alpha005,gate_all_sources_proxy_source_only_final_training_only,mmd,,,,,merge_then_adapt,coral,near_nearest_proxy,main,3.0,4,4test,nearest,True,1.0,2.0,direct,0.03844524175830526,0.02701491858260661,0.05257352249453511
8,bnci004,MMP_merge_then_adapt,CSP,svm_radial,pt,6,2,2,9805,0.05,no_leakage_v1_alpha005,gate_all_sources_proxy_source_only_final_training_only,mmd,,,,,merge_then_adapt,coral,near_nearest_proxy,anchor,3.0,4,4test,target,False,,2.0,direct,0.03844524175830526,0.02701491858260661,0.05257352249453511
8,bnci004,MMP_merge_then_adapt,CSP,svm_radial,pt,6,2,2,9805,0.05,no_leakage_v1_alpha005,gate_all_sources_proxy_source_only_final_training_only,mmd,,,,,merge_then_adapt,coral,near_nearest_proxy,final,3.0,4,4test,train,True,1.0,2.0,direct,0.03844524175830526,0.02701491858260661,0.05257352249453511
8,bnci004,MMP_merge_then_adapt,CSP,svm_radial,pt,6,2,2,9805,0.05,no_leakage_v1_alpha005,gate_all_sources_proxy_source_only_final_training_only,mmd,,,,,merge_then_adapt,coral,near_nearest_proxy,main,,2,2train,target,False,,,,,,
8,bnci004,MMP_merge_then_adapt,CSP,svm_radial,pt,6,2,2,9805,0.05,no_leakage_v1_alpha005,gate_all_sources_proxy_source_only_final_training_only,mmd,,,,,merge_then_adapt,coral,near_nearest_proxy,final,,2,2train,target,False,,,,,,
8,bnci004,MMP_merge_then_adapt,CSP,svm_radial,pt,6,3,3,9836,0.05,no_leakage_v1_alpha005,gate_all_sources_proxy_source_only_final_training_only,mmd,,,,,merge_then_adapt,coral,near_nearest_proxy,main,0.0,0,0train,far,False,,3.0,direct,0.17721188431778223,0.14132005383980598,0.21990288967741775
8,bnci004,MMP_merge_then_adapt,CSP,svm_radial,pt,6,3,3,9836,0.05,no_leakage_v1_alpha005,gate_all_sources_proxy_source_only_final_training_only,mmd,,,,,merge_then_adapt,coral,near_nearest_proxy,anchor,0.0,0,0train,not_used,False,,3.0,direct,0.17721188431778223,0.14132005383980598,0.21990288967741775
8,bnci004,MMP_merge_then_adapt,CSP,svm_radial,pt,6,3,3,9836,0.05,no_leakage_v1_alpha005,gate_all_sources_proxy_source_only_final_training_only,mmd,,,,,merge_then_adapt,coral,near_nearest_proxy,final,0.0,0,0train,not_used,False,,3.0,direct,0.17721188431778223,0.14132005383980598,0.21990288967741775
8,bnci004,MMP_merge_then_adapt,CSP,svm_radial,pt,6,3,3,9836,0.05,no_leakage_v1_alpha005,gate_all_sources_proxy_source_only_final_training_only,mmd,,,,,merge_then_adapt,coral,near_nearest_proxy,main,1.0,1,1train,nearest,True,0.4213349084771432,3.0,direct,0.07721134778632338,0.05466411942683787,0.11372139210606831
8,bnci004,MMP_merge_then_adapt,CSP,svm_radial,pt,6,3,3,9836,0.05,no_leakage_v1_alpha005,gate_all_sources_proxy_source_only_final_training_only,mmd,,,,,merge_then_adapt,coral,near_nearest_proxy,anchor,1.0,1,1train,target,False,,3.0,direct,0.07721134778632338,0.05466411942683787,0.11372139210606831
8,bnci004,MMP_merge_then_adapt,CSP,svm_radial,pt,6,3,3,9836,0.05,no_leakage_v1_alpha005,gate_all_sources_proxy_source_only_final_training_only,mmd,,,,,merge_then_adapt,coral,near_nearest_proxy,final,1.0,1,1train,train,True,0.4213349084771432,3.0,direct,0.07721134778632338,0.05466411942683787,0.11372139210606831
8,bnci004,MMP_merge_then_adapt,CSP,svm_radial,pt,6,3,3,9836,0.05,no_leakage_v1_alpha005,gate_all_sources_proxy_source_only_final_training_only,mmd,,,,,merge_then_adapt,coral,near_nearest_proxy,main,2.0,2,2train,near,False,0.24724345426739586,3.0,direct,0.13157885348591677,0.09236735337572273,0.16913086428004043
8,bnci004,MMP_merge_then_adapt,CSP,svm_radial,pt,6,3,3,9836,0.05,no_leakage_v1_alpha005,gate_all_sources_proxy_source_only_final_training_only,mmd,,,,,merge_then_adapt,coral,near_nearest_proxy,anchor,2.0,2,2train,proxy_source,False,0.4272651968977983,3.0,direct,0.13157885348591677,0.09236735337572273,0.16913086428004043
8,bnci004,MMP_merge_then_adapt,CSP,svm_radial,pt,6,3,3,9836,0.05,no_leakage_v1_alpha005,gate_all_sources_proxy_source_only_final_training_only,mmd,,,,,merge_then_adapt,coral,near_nearest_proxy,final,2.0,2,2train,train,False,0.24724345426739586,3.0,direct,0.13157885348591677,0.09236735337572273,0.16913086428004043
8,bnci004,MMP_merge_then_adapt,CSP,svm_radial,pt,6,3,3,9836,0.05,no_leakage_v1_alpha005,gate_all_sources_proxy_source_only_final_training_only,mmd,,,,,merge_then_adapt,coral,near_nearest_proxy,main,3.0,4,4test,near,False,0.3314216372554609,3.0,direct,0.09815872715981708,0.07007306491750241,0.1303434429704851
8,bnci004,MMP_merge_then_adapt,CSP,svm_radial,pt,6,3,3,9836,0.05,no_leakage_v1_alpha005,gate_all_sources_proxy_source_only_final_training_only,mmd,,,,,merge_then_adapt,coral,near_nearest_proxy,anchor,3.0,4,4test,proxy_source,False,0.5727348031022017,3.0,direct,0.09815872715981708,0.07007306491750241,0.1303434429704851
8,bnci004,MMP_merge_then_adapt,CSP,svm_radial,pt,6,3,3,9836,0.05,no_leakage_v1_alpha005,gate_all_sources_proxy_source_only_final_training_only,mmd,,,,,merge_then_adapt,coral,near_nearest_proxy,final,3.0,4,4test,train,False,0.3314216372554609,3.0,direct,0.09815872715981708,0.07007306491750241,0.1303434429704851
8,bnci004,MMP_merge_then_adapt,CSP,svm_radial,pt,6,3,3,9836,0.05,no_leakage_v1_alpha005,gate_all_sources_proxy_source_only_final_training_only,mmd,,,,,merge_then_adapt,coral,near_nearest_proxy,main,,3,3test,target,False,,,,,,
8,bnci004,MMP_merge_then_adapt,CSP,svm_radial,pt,6,3,3,9836,0.05,no_leakage_v1_alpha005,gate_all_sources_proxy_source_only_final_training_only,mmd,,,,,merge_then_adapt,coral,near_nearest_proxy,final,,3,3test,target,False,,,,,,
8,bnci004,MMP_merge_then_adapt,CSP,svm_radial,pt,6,4,4,9867,0.05,no_leakage_v1_alpha005,gate_all_sources_proxy_source_only_final_training_only,mmd,,,,,merge_then_adapt,coral,near_nearest_proxy,main,0.0,0,0train,far,False,,4.0,direct,0.28580768846339916,0.24318810211325054,0.3370079665392339
8,bnci004,MMP_merge_then_adapt,CSP,svm_radial,pt,6,4,4,9867,0.05,no_leakage_v1_alpha005,gate_all_sources_proxy_source_only_final_training_only,mmd,,,,,merge_then_adapt,coral,near_nearest_proxy,anchor,0.0,0,0train,not_used,False,,4.0,direct,0.28580768846339916,0.24318810211325054,0.3370079665392339
8,bnci004,MMP_merge_then_adapt,CSP,svm_radial,pt,6,4,4,9867,0.05,no_leakage_v1_alpha005,gate_all_sources_proxy_source_only_final_training_only,mmd,,,,,merge_then_adapt,coral,near_nearest_proxy,final,0.0,0,0train,not_used,False,,4.0,direct,0.28580768846339916,0.24318810211325054,0.3370079665392339
8,bnci004,MMP_merge_then_adapt,CSP,svm_radial,pt,6,4,4,9867,0.05,no_leakage_v1_alpha005,gate_all_sources_proxy_source_only_final_training_only,mmd,,,,,merge_then_adapt,coral,near_nearest_proxy,main,1.0,1,1train,near,False,0.2237347571314988,4.0,direct,0.14133361151911872,0.10270575254552824,0.17672947694149663
8,bnci004,MMP_merge_then_adapt,CSP,svm_radial,pt,6,4,4,9867,0.05,no_leakage_v1_alpha005,gate_all_sources_proxy_source_only_final_training_only,mmd,,,,,merge_then_adapt,coral,near_nearest_proxy,anchor,1.0,1,1train,proxy_source,False,0.372551567538275,4.0,direct,0.14133361151911872,0.10270575254552824,0.17672947694149663
8,bnci004,MMP_merge_then_adapt,CSP,svm_radial,pt,6,4,4,9867,0.05,no_leakage_v1_alpha005,gate_all_sources_proxy_source_only_final_training_only,mmd,,,,,merge_then_adapt,coral,near_nearest_proxy,final,1.0,1,1train,train,False,0.2237347571314988,4.0,direct,0.14133361151911872,0.10270575254552824,0.17672947694149663
8,bnci004,MMP_merge_then_adapt,CSP,svm_radial,pt,6,4,4,9867,0.05,no_leakage_v1_alpha005,gate_all_sources_proxy_source_only_final_training_only,mmd,,,,,merge_then_adapt,coral,near_nearest_proxy,main,2.0,2,2train,near,False,0.3768123258129659,4.0,direct,0.08391734028858266,0.05830295633330115,0.11564529926475862
8,bnci004,MMP_merge_then_adapt,CSP,svm_radial,pt,6,4,4,9867,0.05,no_leakage_v1_alpha005,gate_all_sources_proxy_source_only_final_training_only,mmd,,,,,merge_then_adapt,coral,near_nearest_proxy,anchor,2.0,2,2train,proxy_source,False,0.6274484324617251,4.0,direct,0.08391734028858266,0.05830295633330115,0.11564529926475862
8,bnci004,MMP_merge_then_adapt,CSP,svm_radial,pt,6,4,4,9867,0.05,no_leakage_v1_alpha005,gate_all_sources_proxy_source_only_final_training_only,mmd,,,,,merge_then_adapt,coral,near_nearest_proxy,final,2.0,2,2train,train,False,0.3768123258129659,4.0,direct,0.08391734028858266,0.05830295633330115,0.11564529926475862
8,bnci004,MMP_merge_then_adapt,CSP,svm_radial,pt,6,4,4,9867,0.05,no_leakage_v1_alpha005,gate_all_sources_proxy_source_only_final_training_only,mmd,,,,,merge_then_adapt,coral,near_nearest_proxy,main,3.0,3,3test,nearest,True,0.3994529170555353,4.0,direct,0.07916093281449607,0.049274328898247365,0.11444242497626404
8,bnci004,MMP_merge_then_adapt,CSP,svm_radial,pt,6,4,4,9867,0.05,no_leakage_v1_alpha005,gate_all_sources_proxy_source_only_final_training_only,mmd,,,,,merge_then_adapt,coral,near_nearest_proxy,anchor,3.0,3,3test,target,False,,4.0,direct,0.07916093281449607,0.049274328898247365,0.11444242497626404
8,bnci004,MMP_merge_then_adapt,CSP,svm_radial,pt,6,4,4,9867,0.05,no_leakage_v1_alpha005,gate_all_sources_proxy_source_only_final_training_only,mmd,,,,,merge_then_adapt,coral,near_nearest_proxy,final,3.0,3,3test,train,True,0.3994529170555353,4.0,direct,0.07916093281449607,0.049274328898247365,0.11444242497626404
8,bnci004,MMP_merge_then_adapt,CSP,svm_radial,pt,6,4,4,9867,0.05,no_leakage_v1_alpha005,gate_all_sources_proxy_source_only_final_training_only,mmd,,,,,merge_then_adapt,coral,near_nearest_proxy,main,,4,4test,target,False,,,,,,
8,bnci004,MMP_merge_then_adapt,CSP,svm_radial,pt,6,4,4,9867,0.05,no_leakage_v1_alpha005,gate_all_sources_proxy_source_only_final_training_only,mmd,,,,,merge_then_adapt,coral,near_nearest_proxy,final,,4,4test,target,False,,,,,,
8,bnci004,MMP_merge_then_adapt,CSP,svm_radial,coral,7,0,0,10740,0.05,no_leakage_v1_alpha005,gate_all_sources_proxy_source_only_final_training_only,mmd,,,,,merge_then_adapt,coral,near_nearest_proxy,main,0.0,1,1train,nearest,True,1.0,0.0,direct,0.07258323053037116,0.049667786097100236,0.10226947403402514
8,bnci004,MMP_merge_then_adapt,CSP,svm_radial,coral,7,0,0,10740,0.05,no_leakage_v1_alpha005,gate_all_sources_proxy_source_only_final_training_only,mmd,,,,,merge_then_adapt,coral,near_nearest_proxy,anchor,0.0,1,1train,target,False,,0.0,direct,0.07258323053037116,0.049667786097100236,0.10226947403402514
8,bnci004,MMP_merge_then_adapt,CSP,svm_radial,coral,7,0,0,10740,0.05,no_leakage_v1_alpha005,gate_all_sources_proxy_source_only_final_training_only,mmd,,,,,merge_then_adapt,coral,near_nearest_proxy,final,0.0,1,1train,train,True,1.0,0.0,direct,0.07258323053037116,0.049667786097100236,0.10226947403402514
8,bnci004,MMP_merge_then_adapt,CSP,svm_radial,coral,7,0,0,10740,0.05,no_leakage_v1_alpha005,gate_all_sources_proxy_source_only_final_training_only,mmd,,,,,merge_then_adapt,coral,near_nearest_proxy,main,1.0,2,2train,far,False,,0.0,direct,0.3169793625292064,0.27409679817603894,0.36095668304224354
8,bnci004,MMP_merge_then_adapt,CSP,svm_radial,coral,7,0,0,10740,0.05,no_leakage_v1_alpha005,gate_all_sources_proxy_source_only_final_training_only,mmd,,,,,merge_then_adapt,coral,near_nearest_proxy,anchor,1.0,2,2train,not_used,False,,0.0,direct,0.3169793625292064,0.27409679817603894,0.36095668304224354
8,bnci004,MMP_merge_then_adapt,CSP,svm_radial,coral,7,0,0,10740,0.05,no_leakage_v1_alpha005,gate_all_sources_proxy_source_only_final_training_only,mmd,,,,,merge_then_adapt,coral,near_nearest_proxy,final,1.0,2,2train,not_used,False,,0.0,direct,0.3169793625292064,0.27409679817603894,0.36095668304224354
8,bnci004,MMP_merge_then_adapt,CSP,svm_radial,coral,7,0,0,10740,0.05,no_leakage_v1_alpha005,gate_all_sources_proxy_source_only_final_training_only,mmd,,,,,merge_then_adapt,coral,near_nearest_proxy,main,2.0,3,3test,far,False,,0.0,direct,0.17726837069683937,0.1340807710157735,0.2238470824004013
8,bnci004,MMP_merge_then_adapt,CSP,svm_radial,coral,7,0,0,10740,0.05,no_leakage_v1_alpha005,gate_all_sources_proxy_source_only_final_training_only,mmd,,,,,merge_then_adapt,coral,near_nearest_proxy,anchor,2.0,3,3test,second_nearest_fallback_source,False,1.0,0.0,direct,0.17726837069683937,0.1340807710157735,0.2238470824004013
8,bnci004,MMP_merge_then_adapt,CSP,svm_radial,coral,7,0,0,10740,0.05,no_leakage_v1_alpha005,gate_all_sources_proxy_source_only_final_training_only,mmd,,,,,merge_then_adapt,coral,near_nearest_proxy,final,2.0,3,3test,not_used,False,,0.0,direct,0.17726837069683937,0.1340807710157735,0.2238470824004013
8,bnci004,MMP_merge_then_adapt,CSP,svm_radial,coral,7,0,0,10740,0.05,no_leakage_v1_alpha005,gate_all_sources_proxy_source_only_final_training_only,mmd,,,,,merge_then_adapt,coral,near_nearest_proxy,main,3.0,4,4test,far,False,,0.0,direct,0.29266474209492965,0.2516408913489641,0.3430310849934052
8,bnci004,MMP_merge_then_adapt,CSP,svm_radial,coral,7,0,0,10740,0.05,no_leakage_v1_alpha005,gate_all_sources_proxy_source_only_final_training_only,mmd,,,,,merge_then_adapt,coral,near_nearest_proxy,anchor,3.0,4,4test,not_used,False,,0.0,direct,0.29266474209492965,0.2516408913489641,0.3430310849934052
8,bnci004,MMP_merge_then_adapt,CSP,svm_radial,coral,7,0,0,10740,0.05,no_leakage_v1_alpha005,gate_all_sources_proxy_source_only_final_training_only,mmd,,,,,merge_then_adapt,coral,near_nearest_proxy,final,3.0,4,4test,not_used,False,,0.0,direct,0.29266474209492965,0.2516408913489641,0.3430310849934052
8,bnci004,MMP_merge_then_adapt,CSP,svm_radial,coral,7,0,0,10740,0.05,no_leakage_v1_alpha005,gate_all_sources_proxy_source_only_final_training_only,mmd,,,,,merge_then_adapt,coral,near_nearest_proxy,main,,0,0train,target,False,,,,,,
8,bnci004,MMP_merge_then_adapt,CSP,svm_radial,coral,7,0,0,10740,0.05,no_leakage_v1_alpha005,gate_all_sources_proxy_source_only_final_training_only,mmd,,,,,merge_then_adapt,coral,near_nearest_proxy,final,,0,0train,target,False,,,,,,
8,bnci004,MMP_merge_then_adapt,CSP,svm_radial,coral,7,1,1,10771,0.05,no_leakage_v1_alpha005,gate_all_sources_proxy_source_only_final_training_only,mmd,,,,,merge_then_adapt,coral,near_nearest_proxy,main,0.0,0,0train,nearest,True,0.5322602470570588,1.0,direct,0.07321274308322083,0.04328818692182187,0.10012101143796345
8,bnci004,MMP_merge_then_adapt,CSP,svm_radial,coral,7,1,1,10771,0.05,no_leakage_v1_alpha005,gate_all_sources_proxy_source_only_final_training_only,mmd,,,,,merge_then_adapt,coral,near_nearest_proxy,anchor,0.0,0,0train,target,False,,1.0,direct,0.07321274308322083,0.04328818692182187,0.10012101143796345
8,bnci004,MMP_merge_then_adapt,CSP,svm_radial,coral,7,1,1,10771,0.05,no_leakage_v1_alpha005,gate_all_sources_proxy_source_only_final_training_only,mmd,,,,,merge_then_adapt,coral,near_nearest_proxy,final,0.0,0,0train,train,True,0.5322602470570588,1.0,direct,0.07321274308322083,0.04328818692182187,0.10012101143796345
8,bnci004,MMP_merge_then_adapt,CSP,svm_radial,coral,7,1,1,10771,0.05,no_leakage_v1_alpha005,gate_all_sources_proxy_source_only_final_training_only,mmd,,,,,merge_then_adapt,coral,near_nearest_proxy,main,1.0,2,2train,far,False,,1.0,direct,0.20627356055442486,0.1628975393328971,0.2519589916184352
8,bnci004,MMP_merge_then_adapt,CSP,svm_radial,coral,7,1,1,10771,0.05,no_leakage_v1_alpha005,gate_all_sources_proxy_source_only_final_training_only,mmd,,,,,merge_then_adapt,coral,near_nearest_proxy,anchor,1.0,2,2train,not_used,False,,1.0,direct,0.20627356055442486,0.1628975393328971,0.2519589916184352
8,bnci004,MMP_merge_then_adapt,CSP,svm_radial,coral,7,1,1,10771,0.05,no_leakage_v1_alpha005,gate_all_sources_proxy_source_only_final_training_only,mmd,,,,,merge_then_adapt,coral,near_nearest_proxy,final,1.0,2,2train,not_used,False,,1.0,direct,0.20627356055442486,0.1628975393328971,0.2519589916184352
8,bnci004,MMP_merge_then_adapt,CSP,svm_radial,coral,7,1,1,10771,0.05,no_leakage_v1_alpha005,gate_all_sources_proxy_source_only_final_training_only,mmd,,,,,merge_then_adapt,coral,near_nearest_proxy,main,2.0,3,3test,near,False,0.4677397529429411,1.0,direct,0.08331192077755233,0.055545099575121944,0.12086965617138067
8,bnci004,MMP_merge_then_adapt,CSP,svm_radial,coral,7,1,1,10771,0.05,no_leakage_v1_alpha005,gate_all_sources_proxy_source_only_final_training_only,mmd,,,,,merge_then_adapt,coral,near_nearest_proxy,anchor,2.0,3,3test,proxy_source,False,1.0,1.0,direct,0.08331192077755233,0.055545099575121944,0.12086965617138067
8,bnci004,MMP_merge_then_adapt,CSP,svm_radial,coral,7,1,1,10771,0.05,no_leakage_v1_alpha005,gate_all_sources_proxy_source_only_final_training_only,mmd,,,,,merge_then_adapt,coral,near_nearest_proxy,final,2.0,3,3test,train,False,0.4677397529429411,1.0,direct,0.08331192077755233,0.055545099575121944,0.12086965617138067
8,bnci004,MMP_merge_then_adapt,CSP,svm_radial,coral,7,1,1,10771,0.05,no_leakage_v1_alpha005,gate_all_sources_proxy_source_only_final_training_only,mmd,,,,,merge_then_adapt,coral,near_nearest_proxy,main,3.0,4,4test,far,False,,1.0,direct,0.17697705940348094,0.13664823869007242,0.23358546062840355
8,bnci004,MMP_merge_then_adapt,CSP,svm_radial,coral,7,1,1,10771,0.05,no_leakage_v1_alpha005,gate_all_sources_proxy_source_only_final_training_only,mmd,,,,,merge_then_adapt,coral,near_nearest_proxy,anchor,3.0,4,4test,not_used,False,,1.0,direct,0.17697705940348094,0.13664823869007242,0.23358546062840355
8,bnci004,MMP_merge_then_adapt,CSP,svm_radial,coral,7,1,1,10771,0.05,no_leakage_v1_alpha005,gate_all_sources_proxy_source_only_final_training_only,mmd,,,,,merge_then_adapt,coral,near_nearest_proxy,final,3.0,4,4test,not_used,False,,1.0,direct,0.17697705940348094,0.13664823869007242,0.23358546062840355
8,bnci004,MMP_merge_then_adapt,CSP,svm_radial,coral,7,1,1,10771,0.05,no_leakage_v1_alpha005,gate_all_sources_proxy_source_only_final_training_only,mmd,,,,,merge_then_adapt,coral,near_nearest_proxy,main,,1,1train,target,False,,,,,,
8,bnci004,MMP_merge_then_adapt,CSP,svm_radial,coral,7,1,1,10771,0.05,no_leakage_v1_alpha005,gate_all_sources_proxy_source_only_final_training_only,mmd,,,,,merge_then_adapt,coral,near_nearest_proxy,final,,1,1train,target,False,,,,,,
8,bnci004,MMP_merge_then_adapt,CSP,svm_radial,coral,7,2,2,10802,0.05,no_leakage_v1_alpha005,gate_all_sources_proxy_source_only_final_training_only,mmd,,,,,merge_then_adapt,coral,near_nearest_proxy,main,0.0,0,0train,far,False,,2.0,direct,0.2923977542996498,0.2573049084386554,0.3274816892694917
8,bnci004,MMP_merge_then_adapt,CSP,svm_radial,coral,7,2,2,10802,0.05,no_leakage_v1_alpha005,gate_all_sources_proxy_source_only_final_training_only,mmd,,,,,merge_then_adapt,coral,near_nearest_proxy,anchor,0.0,0,0train,not_used,False,,2.0,direct,0.2923977542996498,0.2573049084386554,0.3274816892694917
8,bnci004,MMP_merge_then_adapt,CSP,svm_radial,coral,7,2,2,10802,0.05,no_leakage_v1_alpha005,gate_all_sources_proxy_source_only_final_training_only,mmd,,,,,merge_then_adapt,coral,near_nearest_proxy,final,0.0,0,0train,not_used,False,,2.0,direct,0.2923977542996498,0.2573049084386554,0.3274816892694917
8,bnci004,MMP_merge_then_adapt,CSP,svm_radial,coral,7,2,2,10802,0.05,no_leakage_v1_alpha005,gate_all_sources_proxy_source_only_final_training_only,mmd,,,,,merge_then_adapt,coral,near_nearest_proxy,main,1.0,1,1train,far,False,,2.0,direct,0.18353407264832597,0.13892186007012397,0.23221584346964083
8,bnci004,MMP_merge_then_adapt,CSP,svm_radial,coral,7,2,2,10802,0.05,no_leakage_v1_alpha005,gate_all_sources_proxy_source_only_final_training_only,mmd,,,,,merge_then_adapt,coral,near_nearest_proxy,anchor,1.0,1,1train,not_used,False,,2.0,direct,0.18353407264832597,0.13892186007012397,0.23221584346964083
8,bnci004,MMP_merge_then_adapt,CSP,svm_radial,coral,7,2,2,10802,0.05,no_leakage_v1_alpha005,gate_all_sources_proxy_source_only_final_training_only,mmd,,,,,merge_then_adapt,coral,near_nearest_proxy,final,1.0,1,1train,not_used,False,,2.0,direct,0.18353407264832597,0.13892186007012397,0.23221584346964083
8,bnci004,MMP_merge_then_adapt,CSP,svm_radial,coral,7,2,2,10802,0.05,no_leakage_v1_alpha005,gate_all_sources_proxy_source_only_final_training_only,mmd,,,,,merge_then_adapt,coral,near_nearest_proxy,main,2.0,3,3test,far,False,,2.0,direct,0.12425540129683235,0.09178288424971044,0.16057968869283118
8,bnci004,MMP_merge_then_adapt,CSP,svm_radial,coral,7,2,2,10802,0.05,no_leakage_v1_alpha005,gate_all_sources_proxy_source_only_final_training_only,mmd,,,,,merge_then_adapt,coral,near_nearest_proxy,anchor,2.0,3,3test,second_nearest_fallback_source,False,1.0,2.0,direct,0.12425540129683235,0.09178288424971044,0.16057968869283118
8,bnci004,MMP_merge_then_adapt,CSP,svm_radial,coral,7,2,2,10802,0.05,no_leakage_v1_alpha005,gate_all_sources_proxy_source_only_final_training_only,mmd,,,,,merge_then_adapt,coral,near_nearest_proxy,final,2.0,3,3test,not_used,False,,2.0,direct,0.12425540129683235,0.09178288424971044,0.16057968869283118
8,bnci004,MMP_merge_then_adapt,CSP,svm_radial,coral,7,2,2,10802,0.05,no_leakage_v1_alpha005,gate_all_sources_proxy_source_only_final_training_only,mmd,,,,,merge_then_adapt,coral,near_nearest_proxy,main,3.0,4,4test,nearest,True,1.0,2.0,direct,0.038883942861226574,0.025635127803374846,0.054369346266155125
8,bnci004,MMP_merge_then_adapt,CSP,svm_radial,coral,7,2,2,10802,0.05,no_leakage_v1_alpha005,gate_all_sources_proxy_source_only_final_training_only,mmd,,,,,merge_then_adapt,coral,near_nearest_proxy,anchor,3.0,4,4test,target,False,,2.0,direct,0.038883942861226574,0.025635127803374846,0.054369346266155125
8,bnci004,MMP_merge_then_adapt,CSP,svm_radial,coral,7,2,2,10802,0.05,no_leakage_v1_alpha005,gate_all_sources_proxy_source_only_final_training_only,mmd,,,,,merge_then_adapt,coral,near_nearest_proxy,final,3.0,4,4test,train,True,1.0,2.0,direct,0.038883942861226574,0.025635127803374846,0.054369346266155125
8,bnci004,MMP_merge_then_adapt,CSP,svm_radial,coral,7,2,2,10802,0.05,no_leakage_v1_alpha005,gate_all_sources_proxy_source_only_final_training_only,mmd,,,,,merge_then_adapt,coral,near_nearest_proxy,main,,2,2train,target,False,,,,,,
8,bnci004,MMP_merge_then_adapt,CSP,svm_radial,coral,7,2,2,10802,0.05,no_leakage_v1_alpha005,gate_all_sources_proxy_source_only_final_training_only,mmd,,,,,merge_then_adapt,coral,near_nearest_proxy,final,,2,2train,target,False,,,,,,
8,bnci004,MMP_merge_then_adapt,CSP,svm_radial,coral,7,3,3,10833,0.05,no_leakage_v1_alpha005,gate_all_sources_proxy_source_only_final_training_only,mmd,,,,,merge_then_adapt,coral,near_nearest_proxy,main,0.0,0,0train,far,False,,3.0,direct,0.17298196217351772,0.13187337703769828,0.21506130260862438
8,bnci004,MMP_merge_then_adapt,CSP,svm_radial,coral,7,3,3,10833,0.05,no_leakage_v1_alpha005,gate_all_sources_proxy_source_only_final_training_only,mmd,,,,,merge_then_adapt,coral,near_nearest_proxy,anchor,0.0,0,0train,not_used,False,,3.0,direct,0.17298196217351772,0.13187337703769828,0.21506130260862438
8,bnci004,MMP_merge_then_adapt,CSP,svm_radial,coral,7,3,3,10833,0.05,no_leakage_v1_alpha005,gate_all_sources_proxy_source_only_final_training_only,mmd,,,,,merge_then_adapt,coral,near_nearest_proxy,final,0.0,0,0train,not_used,False,,3.0,direct,0.17298196217351772,0.13187337703769828,0.21506130260862438
8,bnci004,MMP_merge_then_adapt,CSP,svm_radial,coral,7,3,3,10833,0.05,no_leakage_v1_alpha005,gate_all_sources_proxy_source_only_final_training_only,mmd,,,,,merge_then_adapt,coral,near_nearest_proxy,main,1.0,1,1train,nearest,True,0.41312669308504846,3.0,direct,0.07862374567843505,0.052509310249340024,0.11377841876491272
8,bnci004,MMP_merge_then_adapt,CSP,svm_radial,coral,7,3,3,10833,0.05,no_leakage_v1_alpha005,gate_all_sources_proxy_source_only_final_training_only,mmd,,,,,merge_then_adapt,coral,near_nearest_proxy,anchor,1.0,1,1train,target,False,,3.0,direct,0.07862374567843505,0.052509310249340024,0.11377841876491272
8,bnci004,MMP_merge_then_adapt,CSP,svm_radial,coral,7,3,3,10833,0.05,no_leakage_v1_alpha005,gate_all_sources_proxy_source_only_final_training_only,mmd,,,,,merge_then_adapt,coral,near_nearest_proxy,final,1.0,1,1train,train,True,0.41312669308504846,3.0,direct,0.07862374567843505,0.052509310249340024,0.11377841876491272
8,bnci004,MMP_merge_then_adapt,CSP,svm_radial,coral,7,3,3,10833,0.05,no_leakage_v1_alpha005,gate_all_sources_proxy_source_only_final_training_only,mmd,,,,,merge_then_adapt,coral,near_nearest_proxy,main,2.0,2,2train,near,False,0.24954211586816147,3.0,direct,0.13016532909350567,0.09783627896341189,0.1668864235179748
8,bnci004,MMP_merge_then_adapt,CSP,svm_radial,coral,7,3,3,10833,0.05,no_leakage_v1_alpha005,gate_all_sources_proxy_source_only_final_training_only,mmd,,,,,merge_then_adapt,coral,near_nearest_proxy,anchor,2.0,2,2train,proxy_source,False,0.4252061099523216,3.0,direct,0.13016532909350567,0.09783627896341189,0.1668864235179748
8,bnci004,MMP_merge_then_adapt,CSP,svm_radial,coral,7,3,3,10833,0.05,no_leakage_v1_alpha005,gate_all_sources_proxy_source_only_final_training_only,mmd,,,,,merge_then_adapt,coral,near_nearest_proxy,final,2.0,2,2train,train,False,0.24954211586816147,3.0,direct,0.13016532909350567,0.09783627896341189,0.1668864235179748
8,bnci004,MMP_merge_then_adapt,CSP,svm_radial,coral,7,3,3,10833,0.05,no_leakage_v1_alpha005,gate_all_sources_proxy_source_only_final_training_only,mmd,,,,,merge_then_adapt,coral,near_nearest_proxy,main,3.0,4,4test,near,False,0.3373311910467901,3.0,direct,0.09629006954500204,0.06531600248108528,0.12856142583237246
8,bnci004,MMP_merge_then_adapt,CSP,svm_radial,coral,7,3,3,10833,0.05,no_leakage_v1_alpha005,gate_all_sources_proxy_source_only_final_training_only,mmd,,,,,merge_then_adapt,coral,near_nearest_proxy,anchor,3.0,4,4test,proxy_source,False,0.5747938900476784,3.0,direct,0.09629006954500204,0.06531600248108528,0.12856142583237246
8,bnci004,MMP_merge_then_adapt,CSP,svm_radial,coral,7,3,3,10833,0.05,no_leakage_v1_alpha005,gate_all_sources_proxy_source_only_final_training_only,mmd,,,,,merge_then_adapt,coral,near_nearest_proxy,final,3.0,4,4test,train,False,0.3373311910467901,3.0,direct,0.09629006954500204,0.06531600248108528,0.12856142583237246
8,bnci004,MMP_merge_then_adapt,CSP,svm_radial,coral,7,3,3,10833,0.05,no_leakage_v1_alpha005,gate_all_sources_proxy_source_only_final_training_only,mmd,,,,,merge_then_adapt,coral,near_nearest_proxy,main,,3,3test,target,False,,,,,,
8,bnci004,MMP_merge_then_adapt,CSP,svm_radial,coral,7,3,3,10833,0.05,no_leakage_v1_alpha005,gate_all_sources_proxy_source_only_final_training_only,mmd,,,,,merge_then_adapt,coral,near_nearest_proxy,final,,3,3test,target,False,,,,,,
8,bnci004,MMP_merge_then_adapt,CSP,svm_radial,coral,7,4,4,10864,0.05,no_leakage_v1_alpha005,gate_all_sources_proxy_source_only_final_training_only,mmd,,,,,merge_then_adapt,coral,near_nearest_proxy,main,0.0,0,0train,far,False,,4.0,direct,0.2802404978825788,0.23612867757479394,0.3239821140393852
8,bnci004,MMP_merge_then_adapt,CSP,svm_radial,coral,7,4,4,10864,0.05,no_leakage_v1_alpha005,gate_all_sources_proxy_source_only_final_training_only,mmd,,,,,merge_then_adapt,coral,near_nearest_proxy,anchor,0.0,0,0train,not_used,False,,4.0,direct,0.2802404978825788,0.23612867757479394,0.3239821140393852
8,bnci004,MMP_merge_then_adapt,CSP,svm_radial,coral,7,4,4,10864,0.05,no_leakage_v1_alpha005,gate_all_sources_proxy_source_only_final_training_only,mmd,,,,,merge_then_adapt,coral,near_nearest_proxy,final,0.0,0,0train,not_used,False,,4.0,direct,0.2802404978825788,0.23612867757479394,0.3239821140393852
8,bnci004,MMP_merge_then_adapt,CSP,svm_radial,coral,7,4,4,10864,0.05,no_leakage_v1_alpha005,gate_all_sources_proxy_source_only_final_training_only,mmd,,,,,merge_then_adapt,coral,near_nearest_proxy,main,1.0,1,1train,near,False,0.22421842075057302,4.0,direct,0.14288224241394318,0.10191428975873437,0.18992539580316228
8,bnci004,MMP_merge_then_adapt,CSP,svm_radial,coral,7,4,4,10864,0.05,no_leakage_v1_alpha005,gate_all_sources_proxy_source_only_final_training_only,mmd,,,,,merge_then_adapt,coral,near_nearest_proxy,anchor,1.0,1,1train,proxy_source,False,0.37021077135257807,4.0,direct,0.14288224241394318,0.10191428975873437,0.18992539580316228
8,bnci004,MMP_merge_then_adapt,CSP,svm_radial,coral,7,4,4,10864,0.05,no_leakage_v1_alpha005,gate_all_sources_proxy_source_only_final_training_only,mmd,,,,,merge_then_adapt,coral,near_nearest_proxy,final,1.0,1,1train,train,False,0.22421842075057302,4.0,direct,0.14288224241394318,0.10191428975873437,0.18992539580316228
8,bnci004,MMP_merge_then_adapt,CSP,svm_radial,coral,7,4,4,10864,0.05,no_leakage_v1_alpha005,gate_all_sources_proxy_source_only_final_training_only,mmd,,,,,merge_then_adapt,coral,near_nearest_proxy,main,2.0,2,2train,near,False,0.38143230067869044,4.0,direct,0.08399045774694863,0.055883482220966736,0.11324824652003126
8,bnci004,MMP_merge_then_adapt,CSP,svm_radial,coral,7,4,4,10864,0.05,no_leakage_v1_alpha005,gate_all_sources_proxy_source_only_final_training_only,mmd,,,,,merge_then_adapt,coral,near_nearest_proxy,anchor,2.0,2,2train,proxy_source,False,0.6297892286474219,4.0,direct,0.08399045774694863,0.055883482220966736,0.11324824652003126
8,bnci004,MMP_merge_then_adapt,CSP,svm_radial,coral,7,4,4,10864,0.05,no_leakage_v1_alpha005,gate_all_sources_proxy_source_only_final_training_only,mmd,,,,,merge_then_adapt,coral,near_nearest_proxy,final,2.0,2,2train,train,False,0.38143230067869044,4.0,direct,0.08399045774694863,0.055883482220966736,0.11324824652003126
8,bnci004,MMP_merge_then_adapt,CSP,svm_radial,coral,7,4,4,10864,0.05,no_leakage_v1_alpha005,gate_all_sources_proxy_source_only_final_training_only,mmd,,,,,merge_then_adapt,coral,near_nearest_proxy,main,3.0,3,3test,nearest,True,0.3943492785707366,4.0,direct,0.08123930322025547,0.049180050462551035,0.11438878326836797
8,bnci004,MMP_merge_then_adapt,CSP,svm_radial,coral,7,4,4,10864,0.05,no_leakage_v1_alpha005,gate_all_sources_proxy_source_only_final_training_only,mmd,,,,,merge_then_adapt,coral,near_nearest_proxy,anchor,3.0,3,3test,target,False,,4.0,direct,0.08123930322025547,0.049180050462551035,0.11438878326836797
8,bnci004,MMP_merge_then_adapt,CSP,svm_radial,coral,7,4,4,10864,0.05,no_leakage_v1_alpha005,gate_all_sources_proxy_source_only_final_training_only,mmd,,,,,merge_then_adapt,coral,near_nearest_proxy,final,3.0,3,3test,train,True,0.3943492785707366,4.0,direct,0.08123930322025547,0.049180050462551035,0.11438878326836797
8,bnci004,MMP_merge_then_adapt,CSP,svm_radial,coral,7,4,4,10864,0.05,no_leakage_v1_alpha005,gate_all_sources_proxy_source_only_final_training_only,mmd,,,,,merge_then_adapt,coral,near_nearest_proxy,main,,4,4test,target,False,,,,,,
8,bnci004,MMP_merge_then_adapt,CSP,svm_radial,coral,7,4,4,10864,0.05,no_leakage_v1_alpha005,gate_all_sources_proxy_source_only_final_training_only,mmd,,,,,merge_then_adapt,coral,near_nearest_proxy,final,,4,4test,target,False,,,,,,
8,bnci004,MMP_merge_then_adapt,logvar,lda,none,8,0,0,11737,0.05,no_leakage_v1_alpha005,gate_all_sources_proxy_source_only_final_training_only,mmd,,,,,merge_then_adapt,coral,near_nearest_proxy,main,0.0,1,1train,nearest,True,1.0,0.0,direct,0.051125256705265416,0.031816159223353825,0.07536097361421382
8,bnci004,MMP_merge_then_adapt,logvar,lda,none,8,0,0,11737,0.05,no_leakage_v1_alpha005,gate_all_sources_proxy_source_only_final_training_only,mmd,,,,,merge_then_adapt,coral,near_nearest_proxy,anchor,0.0,1,1train,target,False,,0.0,direct,0.051125256705265416,0.031816159223353825,0.07536097361421382
8,bnci004,MMP_merge_then_adapt,logvar,lda,none,8,0,0,11737,0.05,no_leakage_v1_alpha005,gate_all_sources_proxy_source_only_final_training_only,mmd,,,,,merge_then_adapt,coral,near_nearest_proxy,final,0.0,1,1train,train,True,1.0,0.0,direct,0.051125256705265416,0.031816159223353825,0.07536097361421382
8,bnci004,MMP_merge_then_adapt,logvar,lda,none,8,0,0,11737,0.05,no_leakage_v1_alpha005,gate_all_sources_proxy_source_only_final_training_only,mmd,,,,,merge_then_adapt,coral,near_nearest_proxy,main,1.0,2,2train,far,False,,0.0,direct,0.2267161279239408,0.1806791262746894,0.2784743109302042
8,bnci004,MMP_merge_then_adapt,logvar,lda,none,8,0,0,11737,0.05,no_leakage_v1_alpha005,gate_all_sources_proxy_source_only_final_training_only,mmd,,,,,merge_then_adapt,coral,near_nearest_proxy,anchor,1.0,2,2train,not_used,False,,0.0,direct,0.2267161279239408,0.1806791262746894,0.2784743109302042
8,bnci004,MMP_merge_then_adapt,logvar,lda,none,8,0,0,11737,0.05,no_leakage_v1_alpha005,gate_all_sources_proxy_source_only_final_training_only,mmd,,,,,merge_then_adapt,coral,near_nearest_proxy,final,1.0,2,2train,not_used,False,,0.0,direct,0.2267161279239408,0.1806791262746894,0.2784743109302042
8,bnci004,MMP_merge_then_adapt,logvar,lda,none,8,0,0,11737,0.05,no_leakage_v1_alpha005,gate_all_sources_proxy_source_only_final_training_only,mmd,,,,,merge_then_adapt,coral,near_nearest_proxy,main,2.0,3,3test,far,False,,0.0,direct,0.14829204669159243,0.11175945536771804,0.18960354499079285
8,bnci004,MMP_merge_then_adapt,logvar,lda,none,8,0,0,11737,0.05,no_leakage_v1_alpha005,gate_all_sources_proxy_source_only_final_training_only,mmd,,,,,merge_then_adapt,coral,near_nearest_proxy,anchor,2.0,3,3test,second_nearest_fallback_source,False,1.0,0.0,direct,0.14829204669159243,0.11175945536771804,0.18960354499079285
8,bnci004,MMP_merge_then_adapt,logvar,lda,none,8,0,0,11737,0.05,no_leakage_v1_alpha005,gate_all_sources_proxy_source_only_final_training_only,mmd,,,,,merge_then_adapt,coral,near_nearest_proxy,final,2.0,3,3test,not_used,False,,0.0,direct,0.14829204669159243,0.11175945536771804,0.18960354499079285
8,bnci004,MMP_merge_then_adapt,logvar,lda,none,8,0,0,11737,0.05,no_leakage_v1_alpha005,gate_all_sources_proxy_source_only_final_training_only,mmd,,,,,merge_then_adapt,coral,near_nearest_proxy,main,3.0,4,4test,far,False,,0.0,direct,0.2736831026321554,0.23603845611382543,0.3206123354187148
8,bnci004,MMP_merge_then_adapt,logvar,lda,none,8,0,0,11737,0.05,no_leakage_v1_alpha005,gate_all_sources_proxy_source_only_final_training_only,mmd,,,,,merge_then_adapt,coral,near_nearest_proxy,anchor,3.0,4,4test,not_used,False,,0.0,direct,0.2736831026321554,0.23603845611382543,0.3206123354187148
8,bnci004,MMP_merge_then_adapt,logvar,lda,none,8,0,0,11737,0.05,no_leakage_v1_alpha005,gate_all_sources_proxy_source_only_final_training_only,mmd,,,,,merge_then_adapt,coral,near_nearest_proxy,final,3.0,4,4test,not_used,False,,0.0,direct,0.2736831026321554,0.23603845611382543,0.3206123354187148
8,bnci004,MMP_merge_then_adapt,logvar,lda,none,8,0,0,11737,0.05,no_leakage_v1_alpha005,gate_all_sources_proxy_source_only_final_training_only,mmd,,,,,merge_then_adapt,coral,near_nearest_proxy,main,,0,0train,target,False,,,,,,
8,bnci004,MMP_merge_then_adapt,logvar,lda,none,8,0,0,11737,0.05,no_leakage_v1_alpha005,gate_all_sources_proxy_source_only_final_training_only,mmd,,,,,merge_then_adapt,coral,near_nearest_proxy,final,,0,0train,target,False,,,,,,
8,bnci004,MMP_merge_then_adapt,logvar,lda,none,8,1,1,11768,0.05,no_leakage_v1_alpha005,gate_all_sources_proxy_source_only_final_training_only,mmd,,,,,merge_then_adapt,coral,near_nearest_proxy,main,0.0,0,0train,nearest,True,0.482359043054797,1.0,direct,0.053914631578438524,0.030550483113011333,0.0807113760163088
8,bnci004,MMP_merge_then_adapt,logvar,lda,none,8,1,1,11768,0.05,no_leakage_v1_alpha005,gate_all_sources_proxy_source_only_final_training_only,mmd,,,,,merge_then_adapt,coral,near_nearest_proxy,anchor,0.0,0,0train,target,False,,1.0,direct,0.053914631578438524,0.030550483113011333,0.0807113760163088
8,bnci004,MMP_merge_then_adapt,logvar,lda,none,8,1,1,11768,0.05,no_leakage_v1_alpha005,gate_all_sources_proxy_source_only_final_training_only,mmd,,,,,merge_then_adapt,coral,near_nearest_proxy,final,0.0,0,0train,train,True,0.482359043054797,1.0,direct,0.053914631578438524,0.030550483113011333,0.0807113760163088
8,bnci004,MMP_merge_then_adapt,logvar,lda,none,8,1,1,11768,0.05,no_leakage_v1_alpha005,gate_all_sources_proxy_source_only_final_training_only,mmd,,,,,merge_then_adapt,coral,near_nearest_proxy,main,1.0,2,2train,near,False,0.22859555452786562,1.0,direct,0.11376627122967915,0.0795225556646124,0.15607745212185237
8,bnci004,MMP_merge_then_adapt,logvar,lda,none,8,1,1,11768,0.05,no_leakage_v1_alpha005,gate_all_sources_proxy_source_only_final_training_only,mmd,,,,,merge_then_adapt,coral,near_nearest_proxy,anchor,1.0,2,2train,proxy_source,False,0.44161025409754157,1.0,direct,0.11376627122967915,0.0795225556646124,0.15607745212185237
8,bnci004,MMP_merge_then_adapt,logvar,lda,none,8,1,1,11768,0.05,no_leakage_v1_alpha005,gate_all_sources_proxy_source_only_final_training_only,mmd,,,,,merge_then_adapt,coral,near_nearest_proxy,final,1.0,2,2train,train,False,0.22859555452786562,1.0,direct,0.11376627122967915,0.0795225556646124,0.15607745212185237
8,bnci004,MMP_merge_then_adapt,logvar,lda,none,8,1,1,11768,0.05,no_leakage_v1_alpha005,gate_all_sources_proxy_source_only_final_training_only,mmd,,,,,merge_then_adapt,coral,near_nearest_proxy,main,2.0,3,3test,near,False,0.2890454024173373,1.0,direct,0.08997342006125017,0.057481516591567555,0.1273240498262598
8,bnci004,MMP_merge_then_adapt,logvar,lda,none,8,1,1,11768,0.05,no_leakage_v1_alpha005,gate_all_sources_proxy_source_only_final_training_only,mmd,,,,,merge_then_adapt,coral,near_nearest_proxy,anchor,2.0,3,3test,proxy_source,False,0.5583897459024585,1.0,direct,0.08997342006125017,0.057481516591567555,0.1273240498262598
8,bnci004,MMP_merge_then_adapt,logvar,lda,none,8,1,1,11768,0.05,no_leakage_v1_alpha005,gate_all_sources_proxy_source_only_final_training_only,mmd,,,,,merge_then_adapt,coral,near_nearest_proxy,final,2.0,3,3test,train,False,0.2890454024173373,1.0,direct,0.08997342006125017,0.057481516591567555,0.1273240498262598
8,bnci004,MMP_merge_then_adapt,logvar,lda,none,8,1,1,11768,0.05,no_leakage_v1_alpha005,gate_all_sources_proxy_source_only_final_training_only,mmd,,,,,merge_then_adapt,coral,near_nearest_proxy,main,3.0,4,4test,far,False,,1.0,direct,0.181696146077358,0.14080106768760525,0.22398802928161138
8,bnci004,MMP_merge_then_adapt,logvar,lda,none,8,1,1,11768,0.05,no_leakage_v1_alpha005,gate_all_sources_proxy_source_only_final_training_only,mmd,,,,,merge_then_adapt,coral,near_nearest_proxy,anchor,3.0,4,4test,not_used,False,,1.0,direct,0.181696146077358,0.14080106768760525,0.22398802928161138
8,bnci004,MMP_merge_then_adapt,logvar,lda,none,8,1,1,11768,0.05,no_leakage_v1_alpha005,gate_all_sources_proxy_source_only_final_training_only,mmd,,,,,merge_then_adapt,coral,near_nearest_proxy,final,3.0,4,4test,not_used,False,,1.0,direct,0.181696146077358,0.14080106768760525,0.22398802928161138
8,bnci004,MMP_merge_then_adapt,logvar,lda,none,8,1,1,11768,0.05,no_leakage_v1_alpha005,gate_all_sources_proxy_source_only_final_training_only,mmd,,,,,merge_then_adapt,coral,near_nearest_proxy,main,,1,1train,target,False,,,,,,
8,bnci004,MMP_merge_then_adapt,logvar,lda,none,8,1,1,11768,0.05,no_leakage_v1_alpha005,gate_all_sources_proxy_source_only_final_training_only,mmd,,,,,merge_then_adapt,coral,near_nearest_proxy,final,,1,1train,target,False,,,,,,
8,bnci004,MMP_merge_then_adapt,logvar,lda,none,8,2,2,11799,0.05,no_leakage_v1_alpha005,gate_all_sources_proxy_source_only_final_training_only,mmd,,,,,merge_then_adapt,coral,near_nearest_proxy,main,0.0,0,0train,far,False,,2.0,direct,0.18439177178355892,0.15179589345835012,0.22193612300280655
8,bnci004,MMP_merge_then_adapt,logvar,lda,none,8,2,2,11799,0.05,no_leakage_v1_alpha005,gate_all_sources_proxy_source_only_final_training_only,mmd,,,,,merge_then_adapt,coral,near_nearest_proxy,anchor,0.0,0,0train,not_used,False,,2.0,direct,0.18439177178355892,0.15179589345835012,0.22193612300280655
8,bnci004,MMP_merge_then_adapt,logvar,lda,none,8,2,2,11799,0.05,no_leakage_v1_alpha005,gate_all_sources_proxy_source_only_final_training_only,mmd,,,,,merge_then_adapt,coral,near_nearest_proxy,final,0.0,0,0train,not_used,False,,2.0,direct,0.18439177178355892,0.15179589345835012,0.22193612300280655
8,bnci004,MMP_merge_then_adapt,logvar,lda,none,8,2,2,11799,0.05,no_leakage_v1_alpha005,gate_all_sources_proxy_source_only_final_training_only,mmd,,,,,merge_then_adapt,coral,near_nearest_proxy,main,1.0,1,1train,near,False,0.2895698249072833,2.0,direct,0.10239356011612356,0.07335739759225456,0.13958078412561106
8,bnci004,MMP_merge_then_adapt,logvar,lda,none,8,2,2,11799,0.05,no_leakage_v1_alpha005,gate_all_sources_proxy_source_only_final_training_only,mmd,,,,,merge_then_adapt,coral,near_nearest_proxy,anchor,1.0,1,1train,proxy_source,False,0.47838440726261977,2.0,direct,0.10239356011612356,0.07335739759225456,0.13958078412561106
8,bnci004,MMP_merge_then_adapt,logvar,lda,none,8,2,2,11799,0.05,no_leakage_v1_alpha005,gate_all_sources_proxy_source_only_final_training_only,mmd,,,,,merge_then_adapt,coral,near_nearest_proxy,final,1.0,1,1train,train,False,0.2895698249072833,2.0,direct,0.10239356011612356,0.07335739759225456,0.13958078412561106
8,bnci004,MMP_merge_then_adapt,logvar,lda,none,8,2,2,11799,0.05,no_leakage_v1_alpha005,gate_all_sources_proxy_source_only_final_training_only,mmd,,,,,merge_then_adapt,coral,near_nearest_proxy,main,2.0,3,3test,near,False,0.31573799974411154,2.0,direct,0.09390716077986877,0.056060434527621855,0.13521618187036108
8,bnci004,MMP_merge_then_adapt,logvar,lda,none,8,2,2,11799,0.05,no_leakage_v1_alpha005,gate_all_sources_proxy_source_only_final_training_only,mmd,,,,,merge_then_adapt,coral,near_nearest_proxy,anchor,2.0,3,3test,proxy_source,False,0.5216155927373802,2.0,direct,0.09390716077986877,0.056060434527621855,0.13521618187036108
8,bnci004,MMP_merge_then_adapt,logvar,lda,none,8,2,2,11799,0.05,no_leakage_v1_alpha005,gate_all_sources_proxy_source_only_final_training_only,mmd,,,,,merge_then_adapt,coral,near_nearest_proxy,final,2.0,3,3test,train,False,0.31573799974411154,2.0,direct,0.09390716077986877,0.056060434527621855,0.13521618187036108
8,bnci004,MMP_merge_then_adapt,logvar,lda,none,8,2,2,11799,0.05,no_leakage_v1_alpha005,gate_all_sources_proxy_source_only_final_training_only,mmd,,,,,merge_then_adapt,coral,near_nearest_proxy,main,3.0,4,4test,nearest,True,0.39469217534860523,2.0,direct,0.07512178351628328,0.055118496558607864,0.09957405558482056
8,bnci004,MMP_merge_then_adapt,logvar,lda,none,8,2,2,11799,0.05,no_leakage_v1_alpha005,gate_all_sources_proxy_source_only_final_training_only,mmd,,,,,merge_then_adapt,coral,near_nearest_proxy,anchor,3.0,4,4test,target,False,,2.0,direct,0.07512178351628328,0.055118496558607864,0.09957405558482056
8,bnci004,MMP_merge_then_adapt,logvar,lda,none,8,2,2,11799,0.05,no_leakage_v1_alpha005,gate_all_sources_proxy_source_only_final_training_only,mmd,,,,,merge_then_adapt,coral,near_nearest_proxy,final,3.0,4,4test,train,True,0.39469217534860523,2.0,direct,0.07512178351628328,0.055118496558607864,0.09957405558482056
8,bnci004,MMP_merge_then_adapt,logvar,lda,none,8,2,2,11799,0.05,no_leakage_v1_alpha005,gate_all_sources_proxy_source_only_final_training_only,mmd,,,,,merge_then_adapt,coral,near_nearest_proxy,main,,2,2train,target,False,,,,,,
8,bnci004,MMP_merge_then_adapt,logvar,lda,none,8,2,2,11799,0.05,no_leakage_v1_alpha005,gate_all_sources_proxy_source_only_final_training_only,mmd,,,,,merge_then_adapt,coral,near_nearest_proxy,final,,2,2train,target,False,,,,,,
8,bnci004,MMP_merge_then_adapt,logvar,lda,none,8,3,3,11830,0.05,no_leakage_v1_alpha005,gate_all_sources_proxy_source_only_final_training_only,mmd,,,,,merge_then_adapt,coral,near_nearest_proxy,main,0.0,0,0train,near,False,0.2592146968604598,3.0,direct,0.1268885890066904,0.0989930170925453,0.1553106361272155
8,bnci004,MMP_merge_then_adapt,logvar,lda,none,8,3,3,11830,0.05,no_leakage_v1_alpha005,gate_all_sources_proxy_source_only_final_training_only,mmd,,,,,merge_then_adapt,coral,near_nearest_proxy,anchor,0.0,0,0train,proxy_source,False,0.4465695615434943,3.0,direct,0.1268885890066904,0.0989930170925453,0.1553106361272155
8,bnci004,MMP_merge_then_adapt,logvar,lda,none,8,3,3,11830,0.05,no_leakage_v1_alpha005,gate_all_sources_proxy_source_only_final_training_only,mmd,,,,,merge_then_adapt,coral,near_nearest_proxy,final,0.0,0,0train,train,False,0.2592146968604598,3.0,direct,0.1268885890066904,0.0989930170925453,0.1553106361272155
8,bnci004,MMP_merge_then_adapt,logvar,lda,none,8,3,3,11830,0.05,no_leakage_v1_alpha005,gate_all_sources_proxy_source_only_final_training_only,mmd,,,,,merge_then_adapt,coral,near_nearest_proxy,main,1.0,1,1train,nearest,True,0.41954239790878983,3.0,direct,0.07839786150497799,0.04700718453702137,0.11394960382778938
8,bnci004,MMP_merge_then_adapt,logvar,lda,none,8,3,3,11830,0.05,no_leakage_v1_alpha005,gate_all_sources_proxy_source_only_final_training_only,mmd,,,,,merge_then_adapt,coral,near_nearest_proxy,anchor,1.0,1,1train,target,False,,3.0,direct,0.07839786150497799,0.04700718453702137,0.11394960382778938
8,bnci004,MMP_merge_then_adapt,logvar,lda,none,8,3,3,11830,0.05,no_leakage_v1_alpha005,gate_all_sources_proxy_source_only_final_training_only,mmd,,,,,merge_then_adapt,coral,near_nearest_proxy,final,1.0,1,1train,train,True,0.41954239790878983,3.0,direct,0.07839786150497799,0.04700718453702137,0.11394960382778938
8,bnci004,MMP_merge_then_adapt,logvar,lda,none,8,3,3,11830,0.05,no_leakage_v1_alpha005,gate_all_sources_proxy_source_only_final_training_only,mmd,,,,,merge_then_adapt,coral,near_nearest_proxy,main,2.0,2,2train,near,False,0.32124290523075033,3.0,direct,0.10238770902220036,0.06311909345293978,0.1541675302009403
8,bnci004,MMP_merge_then_adapt,logvar,lda,none,8,3,3,11830,0.05,no_leakage_v1_alpha005,gate_all_sources_proxy_source_only_final_training_only,mmd,,,,,merge_then_adapt,coral,near_nearest_proxy,anchor,2.0,2,2train,proxy_source,False,0.5534304384565056,3.0,direct,0.10238770902220036,0.06311909345293978,0.1541675302009403
8,bnci004,MMP_merge_then_adapt,logvar,lda,none,8,3,3,11830,0.05,no_leakage_v1_alpha005,gate_all_sources_proxy_source_only_final_training_only,mmd,,,,,merge_then_adapt,coral,near_nearest_proxy,final,2.0,2,2train,train,False,0.32124290523075033,3.0,direct,0.10238770902220036,0.06311909345293978,0.1541675302009403
8,bnci004,MMP_merge_then_adapt,logvar,lda,none,8,3,3,11830,0.05,no_leakage_v1_alpha005,gate_all_sources_proxy_source_only_final_training_only,mmd,,,,,merge_then_adapt,coral,near_nearest_proxy,main,3.0,4,4test,far,False,,3.0,direct,0.1904681924491924,0.14501939998775099,0.2428003754301259
8,bnci004,MMP_merge_then_adapt,logvar,lda,none,8,3,3,11830,0.05,no_leakage_v1_alpha005,gate_all_sources_proxy_source_only_final_training_only,mmd,,,,,merge_then_adapt,coral,near_nearest_proxy,anchor,3.0,4,4test,not_used,False,,3.0,direct,0.1904681924491924,0.14501939998775099,0.2428003754301259
8,bnci004,MMP_merge_then_adapt,logvar,lda,none,8,3,3,11830,0.05,no_leakage_v1_alpha005,gate_all_sources_proxy_source_only_final_training_only,mmd,,,,,merge_then_adapt,coral,near_nearest_proxy,final,3.0,4,4test,not_used,False,,3.0,direct,0.1904681924491924,0.14501939998775099,0.2428003754301259
8,bnci004,MMP_merge_then_adapt,logvar,lda,none,8,3,3,11830,0.05,no_leakage_v1_alpha005,gate_all_sources_proxy_source_only_final_training_only,mmd,,,,,merge_then_adapt,coral,near_nearest_proxy,main,,3,3test,target,False,,,,,,
8,bnci004,MMP_merge_then_adapt,logvar,lda,none,8,3,3,11830,0.05,no_leakage_v1_alpha005,gate_all_sources_proxy_source_only_final_training_only,mmd,,,,,merge_then_adapt,coral,near_nearest_proxy,final,,3,3test,target,False,,,,,,
8,bnci004,MMP_merge_then_adapt,logvar,lda,none,8,4,4,11861,0.05,no_leakage_v1_alpha005,gate_all_sources_proxy_source_only_final_training_only,mmd,,,,,merge_then_adapt,coral,near_nearest_proxy,main,0.0,0,0train,far,False,,4.0,direct,0.26694259496776807,0.23352291374128317,0.30629371205548456
8,bnci004,MMP_merge_then_adapt,logvar,lda,none,8,4,4,11861,0.05,no_leakage_v1_alpha005,gate_all_sources_proxy_source_only_final_training_only,mmd,,,,,merge_then_adapt,coral,near_nearest_proxy,anchor,0.0,0,0train,not_used,False,,4.0,direct,0.26694259496776807,0.23352291374128317,0.30629371205548456
8,bnci004,MMP_merge_then_adapt,logvar,lda,none,8,4,4,11861,0.05,no_leakage_v1_alpha005,gate_all_sources_proxy_source_only_final_training_only,mmd,,,,,merge_then_adapt,coral,near_nearest_proxy,final,0.0,0,0train,not_used,False,,4.0,direct,0.26694259496776807,0.23352291374128317,0.30629371205548456
8,bnci004,MMP_merge_then_adapt,logvar,lda,none,8,4,4,11861,0.05,no_leakage_v1_alpha005,gate_all_sources_proxy_source_only_final_training_only,mmd,,,,,merge_then_adapt,coral,near_nearest_proxy,main,1.0,1,1train,far,False,,4.0,direct,0.18788502253349662,0.15250079329948776,0.23257923285245108
8,bnci004,MMP_merge_then_adapt,logvar,lda,none,8,4,4,11861,0.05,no_leakage_v1_alpha005,gate_all_sources_proxy_source_only_final_training_only,mmd,,,,,merge_then_adapt,coral,near_nearest_proxy,anchor,1.0,1,1train,second_nearest_fallback_source,False,1.0,4.0,direct,0.18788502253349662,0.15250079329948776,0.23257923285245108
8,bnci004,MMP_merge_then_adapt,logvar,lda,none,8,4,4,11861,0.05,no_leakage_v1_alpha005,gate_all_sources_proxy_source_only_final_training_only,mmd,,,,,merge_then_adapt,coral,near_nearest_proxy,final,1.0,1,1train,not_used,False,,4.0,direct,0.18788502253349662,0.15250079329948776,0.23257923285245108
8,bnci004,MMP_merge_then_adapt,logvar,lda,none,8,4,4,11861,0.05,no_leakage_v1_alpha005,gate_all_sources_proxy_source_only_final_training_only,mmd,,,,,merge_then_adapt,coral,near_nearest_proxy,main,2.0,2,2train,nearest,True,1.0,4.0,direct,0.09518582295576632,0.06822575104655357,0.12329581669840657
8,bnci004,MMP_merge_then_adapt,logvar,lda,none,8,4,4,11861,0.05,no_leakage_v1_alpha005,gate_all_sources_proxy_source_only_final_training_only,mmd,,,,,merge_then_adapt,coral,near_nearest_proxy,anchor,2.0,2,2train,target,False,,4.0,direct,0.09518582295576632,0.06822575104655357,0.12329581669840657
8,bnci004,MMP_merge_then_adapt,logvar,lda,none,8,4,4,11861,0.05,no_leakage_v1_alpha005,gate_all_sources_proxy_source_only_final_training_only,mmd,,,,,merge_then_adapt,coral,near_nearest_proxy,final,2.0,2,2train,train,True,1.0,4.0,direct,0.09518582295576632,0.06822575104655357,0.12329581669840657
8,bnci004,MMP_merge_then_adapt,logvar,lda,none,8,4,4,11861,0.05,no_leakage_v1_alpha005,gate_all_sources_proxy_source_only_final_training_only,mmd,,,,,merge_then_adapt,coral,near_nearest_proxy,main,3.0,3,3test,far,False,,4.0,direct,0.2070431951176087,0.16023818852868155,0.26142883672169187
8,bnci004,MMP_merge_then_adapt,logvar,lda,none,8,4,4,11861,0.05,no_leakage_v1_alpha005,gate_all_sources_proxy_source_only_final_training_only,mmd,,,,,merge_then_adapt,coral,near_nearest_proxy,anchor,3.0,3,3test,not_used,False,,4.0,direct,0.2070431951176087,0.16023818852868155,0.26142883672169187
8,bnci004,MMP_merge_then_adapt,logvar,lda,none,8,4,4,11861,0.05,no_leakage_v1_alpha005,gate_all_sources_proxy_source_only_final_training_only,mmd,,,,,merge_then_adapt,coral,near_nearest_proxy,final,3.0,3,3test,not_used,False,,4.0,direct,0.2070431951176087,0.16023818852868155,0.26142883672169187
8,bnci004,MMP_merge_then_adapt,logvar,lda,none,8,4,4,11861,0.05,no_leakage_v1_alpha005,gate_all_sources_proxy_source_only_final_training_only,mmd,,,,,merge_then_adapt,coral,near_nearest_proxy,main,,4,4test,target,False,,,,,,
8,bnci004,MMP_merge_then_adapt,logvar,lda,none,8,4,4,11861,0.05,no_leakage_v1_alpha005,gate_all_sources_proxy_source_only_final_training_only,mmd,,,,,merge_then_adapt,coral,near_nearest_proxy,final,,4,4test,target,False,,,,,,
8,bnci004,MMP_merge_then_adapt,logvar,lda,sa,9,0,0,12734,0.05,no_leakage_v1_alpha005,gate_all_sources_proxy_source_only_final_training_only,mmd,,,,,merge_then_adapt,coral,near_nearest_proxy,main,0.0,1,1train,nearest,True,1.0,0.0,direct,0.05023404168839942,0.027847793579237112,0.07411808975048385
8,bnci004,MMP_merge_then_adapt,logvar,lda,sa,9,0,0,12734,0.05,no_leakage_v1_alpha005,gate_all_sources_proxy_source_only_final_training_only,mmd,,,,,merge_then_adapt,coral,near_nearest_proxy,anchor,0.0,1,1train,target,False,,0.0,direct,0.05023404168839942,0.027847793579237112,0.07411808975048385
8,bnci004,MMP_merge_then_adapt,logvar,lda,sa,9,0,0,12734,0.05,no_leakage_v1_alpha005,gate_all_sources_proxy_source_only_final_training_only,mmd,,,,,merge_then_adapt,coral,near_nearest_proxy,final,0.0,1,1train,train,True,1.0,0.0,direct,0.05023404168839942,0.027847793579237112,0.07411808975048385
8,bnci004,MMP_merge_then_adapt,logvar,lda,sa,9,0,0,12734,0.05,no_leakage_v1_alpha005,gate_all_sources_proxy_source_only_final_training_only,mmd,,,,,merge_then_adapt,coral,near_nearest_proxy,main,1.0,2,2train,far,False,,0.0,direct,0.22230530655501796,0.17383073370807808,0.27219541768506783
8,bnci004,MMP_merge_then_adapt,logvar,lda,sa,9,0,0,12734,0.05,no_leakage_v1_alpha005,gate_all_sources_proxy_source_only_final_training_only,mmd,,,,,merge_then_adapt,coral,near_nearest_proxy,anchor,1.0,2,2train,not_used,False,,0.0,direct,0.22230530655501796,0.17383073370807808,0.27219541768506783
8,bnci004,MMP_merge_then_adapt,logvar,lda,sa,9,0,0,12734,0.05,no_leakage_v1_alpha005,gate_all_sources_proxy_source_only_final_training_only,mmd,,,,,merge_then_adapt,coral,near_nearest_proxy,final,1.0,2,2train,not_used,False,,0.0,direct,0.22230530655501796,0.17383073370807808,0.27219541768506783
8,bnci004,MMP_merge_then_adapt,logvar,lda,sa,9,0,0,12734,0.05,no_leakage_v1_alpha005,gate_all_sources_proxy_source_only_final_training_only,mmd,,,,,merge_then_adapt,coral,near_nearest_proxy,main,2.0,3,3test,far,False,,0.0,direct,0.14902501789602055,0.11448973788301751,0.19424851751941483
8,bnci004,MMP_merge_then_adapt,logvar,lda,sa,9,0,0,12734,0.05,no_leakage_v1_alpha005,gate_all_sources_proxy_source_only_final_training_only,mmd,,,,,merge_then_adapt,coral,near_nearest_proxy,anchor,2.0,3,3test,second_nearest_fallback_source,False,1.0,0.0,direct,0.14902501789602055,0.11448973788301751,0.19424851751941483
8,bnci004,MMP_merge_then_adapt,logvar,lda,sa,9,0,0,12734,0.05,no_leakage_v1_alpha005,gate_all_sources_proxy_source_only_final_training_only,mmd,,,,,merge_then_adapt,coral,near_nearest_proxy,final,2.0,3,3test,not_used,False,,0.0,direct,0.14902501789602055,0.11448973788301751,0.19424851751941483
8,bnci004,MMP_merge_then_adapt,logvar,lda,sa,9,0,0,12734,0.05,no_leakage_v1_alpha005,gate_all_sources_proxy_source_only_final_training_only,mmd,,,,,merge_then_adapt,coral,near_nearest_proxy,main,3.0,4,4test,far,False,,0.0,direct,0.27788572840430475,0.23391025732073475,0.32849902815826376
8,bnci004,MMP_merge_then_adapt,logvar,lda,sa,9,0,0,12734,0.05,no_leakage_v1_alpha005,gate_all_sources_proxy_source_only_final_training_only,mmd,,,,,merge_then_adapt,coral,near_nearest_proxy,anchor,3.0,4,4test,not_used,False,,0.0,direct,0.27788572840430475,0.23391025732073475,0.32849902815826376
8,bnci004,MMP_merge_then_adapt,logvar,lda,sa,9,0,0,12734,0.05,no_leakage_v1_alpha005,gate_all_sources_proxy_source_only_final_training_only,mmd,,,,,merge_then_adapt,coral,near_nearest_proxy,final,3.0,4,4test,not_used,False,,0.0,direct,0.27788572840430475,0.23391025732073475,0.32849902815826376
8,bnci004,MMP_merge_then_adapt,logvar,lda,sa,9,0,0,12734,0.05,no_leakage_v1_alpha005,gate_all_sources_proxy_source_only_final_training_only,mmd,,,,,merge_then_adapt,coral,near_nearest_proxy,main,,0,0train,target,False,,,,,,
8,bnci004,MMP_merge_then_adapt,logvar,lda,sa,9,0,0,12734,0.05,no_leakage_v1_alpha005,gate_all_sources_proxy_source_only_final_training_only,mmd,,,,,merge_then_adapt,coral,near_nearest_proxy,final,,0,0train,target,False,,,,,,
8,bnci004,MMP_merge_then_adapt,logvar,lda,sa,9,1,1,12765,0.05,no_leakage_v1_alpha005,gate_all_sources_proxy_source_only_final_training_only,mmd,,,,,merge_then_adapt,coral,near_nearest_proxy,main,0.0,0,0train,nearest,True,0.48440870125311747,1.0,direct,0.05384780817435387,0.03299094582749733,0.08224745006377929
8,bnci004,MMP_merge_then_adapt,logvar,lda,sa,9,1,1,12765,0.05,no_leakage_v1_alpha005,gate_all_sources_proxy_source_only_final_training_only,mmd,,,,,merge_then_adapt,coral,near_nearest_proxy,anchor,0.0,0,0train,target,False,,1.0,direct,0.05384780817435387,0.03299094582749733,0.08224745006377929
8,bnci004,MMP_merge_then_adapt,logvar,lda,sa,9,1,1,12765,0.05,no_leakage_v1_alpha005,gate_all_sources_proxy_source_only_final_training_only,mmd,,,,,merge_then_adapt,coral,near_nearest_proxy,final,0.0,0,0train,train,True,0.48440870125311747,1.0,direct,0.05384780817435387,0.03299094582749733,0.08224745006377929
8,bnci004,MMP_merge_then_adapt,logvar,lda,sa,9,1,1,12765,0.05,no_leakage_v1_alpha005,gate_all_sources_proxy_source_only_final_training_only,mmd,,,,,merge_then_adapt,coral,near_nearest_proxy,main,1.0,2,2train,near,False,0.22268566769849532,1.0,direct,0.11713644984739884,0.07845714805358174,0.1679768498765323
8,bnci004,MMP_merge_then_adapt,logvar,lda,sa,9,1,1,12765,0.05,no_leakage_v1_alpha005,gate_all_sources_proxy_source_only_final_training_only,mmd,,,,,merge_then_adapt,coral,near_nearest_proxy,anchor,1.0,2,2train,proxy_source,False,0.4319034635373427,1.0,direct,0.11713644984739884,0.07845714805358174,0.1679768498765323
8,bnci004,MMP_merge_then_adapt,logvar,lda,sa,9,1,1,12765,0.05,no_leakage_v1_alpha005,gate_all_sources_proxy_source_only_final_training_only,mmd,,,,,merge_then_adapt,coral,near_nearest_proxy,final,1.0,2,2train,train,False,0.22268566769849532,1.0,direct,0.11713644984739884,0.07845714805358174,0.1679768498765323
8,bnci004,MMP_merge_then_adapt,logvar,lda,sa,9,1,1,12765,0.05,no_leakage_v1_alpha005,gate_all_sources_proxy_source_only_final_training_only,mmd,,,,,merge_then_adapt,coral,near_nearest_proxy,main,2.0,3,3test,near,False,0.29290563104838724,1.0,direct,0.08905441057166591,0.05607779262146028,0.12743493270548958
8,bnci004,MMP_merge_then_adapt,logvar,lda,sa,9,1,1,12765,0.05,no_leakage_v1_alpha005,gate_all_sources_proxy_source_only_final_training_only,mmd,,,,,merge_then_adapt,coral,near_nearest_proxy,anchor,2.0,3,3test,proxy_source,False,0.5680965364626575,1.0,direct,0.08905441057166591,0.05607779262146028,0.12743493270548958
8,bnci004,MMP_merge_then_adapt,logvar,lda,sa,9,1,1,12765,0.05,no_leakage_v1_alpha005,gate_all_sources_proxy_source_only_final_training_only,mmd,,,,,merge_then_adapt,coral,near_nearest_proxy,final,2.0,3,3test,train,False,0.29290563104838724,1.0,direct,0.08905441057166591,0.05607779262146028,0.12743493270548958
8,bnci004,MMP_merge_then_adapt,logvar,lda,sa,9,1,1,12765,0.05,no_leakage_v1_alpha005,gate_all_sources_proxy_source_only_final_training_only,mmd,,,,,merge_then_adapt,coral,near_nearest_proxy,main,3.0,4,4test,far,False,,1.0,direct,0.17861759933632979,0.1435005636422582,0.21658844487904094
8,bnci004,MMP_merge_then_adapt,logvar,lda,sa,9,1,1,12765,0.05,no_leakage_v1_alpha005,gate_all_sources_proxy_source_only_final_training_only,mmd,,,,,merge_then_adapt,coral,near_nearest_proxy,anchor,3.0,4,4test,not_used,False,,1.0,direct,0.17861759933632979,0.1435005636422582,0.21658844487904094
8,bnci004,MMP_merge_then_adapt,logvar,lda,sa,9,1,1,12765,0.05,no_leakage_v1_alpha005,gate_all_sources_proxy_source_only_final_training_only,mmd,,,,,merge_then_adapt,coral,near_nearest_proxy,final,3.0,4,4test,not_used,False,,1.0,direct,0.17861759933632979,0.1435005636422582,0.21658844487904094
8,bnci004,MMP_merge_then_adapt,logvar,lda,sa,9,1,1,12765,0.05,no_leakage_v1_alpha005,gate_all_sources_proxy_source_only_final_training_only,mmd,,,,,merge_then_adapt,coral,near_nearest_proxy,main,,1,1train,target,False,,,,,,
8,bnci004,MMP_merge_then_adapt,logvar,lda,sa,9,1,1,12765,0.05,no_leakage_v1_alpha005,gate_all_sources_proxy_source_only_final_training_only,mmd,,,,,merge_then_adapt,coral,near_nearest_proxy,final,,1,1train,target,False,,,,,,
8,bnci004,MMP_merge_then_adapt,logvar,lda,sa,9,2,2,12796,0.05,no_leakage_v1_alpha005,gate_all_sources_proxy_source_only_final_training_only,mmd,,,,,merge_then_adapt,coral,near_nearest_proxy,main,0.0,0,0train,far,False,,2.0,direct,0.1830524562215938,0.14498213970700644,0.22403693580592038
8,bnci004,MMP_merge_then_adapt,logvar,lda,sa,9,2,2,12796,0.05,no_leakage_v1_alpha005,gate_all_sources_proxy_source_only_final_training_only,mmd,,,,,merge_then_adapt,coral,near_nearest_proxy,anchor,0.0,0,0train,not_used,False,,2.0,direct,0.1830524562215938,0.14498213970700644,0.22403693580592038
8,bnci004,MMP_merge_then_adapt,logvar,lda,sa,9,2,2,12796,0.05,no_leakage_v1_alpha005,gate_all_sources_proxy_source_only_final_training_only,mmd,,,,,merge_then_adapt,coral,near_nearest_proxy,final,0.0,0,0train,not_used,False,,2.0,direct,0.1830524562215938,0.14498213970700644,0.22403693580592038
8,bnci004,MMP_merge_then_adapt,logvar,lda,sa,9,2,2,12796,0.05,no_leakage_v1_alpha005,gate_all_sources_proxy_source_only_final_training_only,mmd,,,,,merge_then_adapt,coral,near_nearest_proxy,main,1.0,1,1train,near,False,0.29436532821236666,2.0,direct,0.10116080572482762,0.07171149572536746,0.1373757964255502
8,bnci004,MMP_merge_then_adapt,logvar,lda,sa,9,2,2,12796,0.05,no_leakage_v1_alpha005,gate_all_sources_proxy_source_only_final_training_only,mmd,,,,,merge_then_adapt,coral,near_nearest_proxy,anchor,1.0,1,1train,proxy_source,False,0.481363791732263,2.0,direct,0.10116080572482762,0.07171149572536746,0.1373757964255502
8,bnci004,MMP_merge_then_adapt,logvar,lda,sa,9,2,2,12796,0.05,no_leakage_v1_alpha005,gate_all_sources_proxy_source_only_final_training_only,mmd,,,,,merge_then_adapt,coral,near_nearest_proxy,final,1.0,1,1train,train,False,0.29436532821236666,2.0,direct,0.10116080572482762,0.07171149572536746,0.1373757964255502
8,bnci004,MMP_merge_then_adapt,logvar,lda,sa,9,2,2,12796,0.05,no_leakage_v1_alpha005,gate_all_sources_proxy_source_only_final_training_only,mmd,,,,,merge_then_adapt,coral,near_nearest_proxy,main,2.0,3,3test,near,False,0.31715829127934236,2.0,direct,0.09389069056443373,0.06249110159703844,0.1304041770134955
8,bnci004,MMP_merge_then_adapt,logvar,lda,sa,9,2,2,12796,0.05,no_leakage_v1_alpha005,gate_all_sources_proxy_source_only_final_training_only,mmd,,,,,merge_then_adapt,coral,near_nearest_proxy,anchor,2.0,3,3test,proxy_source,False,0.518636208267737,2.0,direct,0.09389069056443373,0.06249110159703844,0.1304041770134955
8,bnci004,MMP_merge_then_adapt,logvar,lda,sa,9,2,2,12796,0.05,no_leakage_v1_alpha005,gate_all_sources_proxy_source_only_final_training_only,mmd,,,,,merge_then_adapt,coral,near_nearest_proxy,final,2.0,3,3test,train,False,0.31715829127934236,2.0,direct,0.09389069056443373,0.06249110159703844,0.1304041770134955
8,bnci004,MMP_merge_then_adapt,logvar,lda,sa,9,2,2,12796,0.05,no_leakage_v1_alpha005,gate_all_sources_proxy_source_only_final_training_only,mmd,,,,,merge_then_adapt,coral,near_nearest_proxy,main,3.0,4,4test,nearest,True,0.38847638050829103,2.0,direct,0.07665366844028375,0.05432136907542971,0.09772384980233718
8,bnci004,MMP_merge_then_adapt,logvar,lda,sa,9,2,2,12796,0.05,no_leakage_v1_alpha005,gate_all_sources_proxy_source_only_final_training_only,mmd,,,,,merge_then_adapt,coral,near_nearest_proxy,anchor,3.0,4,4test,target,False,,2.0,direct,0.07665366844028375,0.05432136907542971,0.09772384980233718
8,bnci004,MMP_merge_then_adapt,logvar,lda,sa,9,2,2,12796,0.05,no_leakage_v1_alpha005,gate_all_sources_proxy_source_only_final_training_only,mmd,,,,,merge_then_adapt,coral,near_nearest_proxy,final,3.0,4,4test,train,True,0.38847638050829103,2.0,direct,0.07665366844028375,0.05432136907542971,0.09772384980233718
8,bnci004,MMP_merge_then_adapt,logvar,lda,sa,9,2,2,12796,0.05,no_leakage_v1_alpha005,gate_all_sources_proxy_source_only_final_training_only,mmd,,,,,merge_then_adapt,coral,near_nearest_proxy,main,,2,2train,target,False,,,,,,
8,bnci004,MMP_merge_then_adapt,logvar,lda,sa,9,2,2,12796,0.05,no_leakage_v1_alpha005,gate_all_sources_proxy_source_only_final_training_only,mmd,,,,,merge_then_adapt,coral,near_nearest_proxy,final,,2,2train,target,False,,,,,,
8,bnci004,MMP_merge_then_adapt,logvar,lda,sa,9,3,3,12827,0.05,no_leakage_v1_alpha005,gate_all_sources_proxy_source_only_final_training_only,mmd,,,,,merge_then_adapt,coral,near_nearest_proxy,main,0.0,0,0train,near,False,0.26291953058201384,3.0,direct,0.1262434671117925,0.09930779958386762,0.158818291591369
8,bnci004,MMP_merge_then_adapt,logvar,lda,sa,9,3,3,12827,0.05,no_leakage_v1_alpha005,gate_all_sources_proxy_source_only_final_training_only,mmd,,,,,merge_then_adapt,coral,near_nearest_proxy,anchor,0.0,0,0train,proxy_source,False,0.46145708100703875,3.0,direct,0.1262434671117925,0.09930779958386762,0.158818291591369
8,bnci004,MMP_merge_then_adapt,logvar,lda,sa,9,3,3,12827,0.05,no_leakage_v1_alpha005,gate_all_sources_proxy_source_only_final_training_only,mmd,,,,,merge_then_adapt,coral,near_nearest_proxy,final,0.0,0,0train,train,False,0.26291953058201384,3.0,direct,0.1262434671117925,0.09930779958386762,0.158818291591369
8,bnci004,MMP_merge_then_adapt,logvar,lda,sa,9,3,3,12827,0.05,no_leakage_v1_alpha005,gate_all_sources_proxy_source_only_final_training_only,mmd,,,,,merge_then_adapt,coral,near_nearest_proxy,main,1.0,1,1train,nearest,True,0.43024055453164994,3.0,direct,0.07714685526841181,0.04792810941255683,0.1104027495219871
8,bnci004,MMP_merge_then_adapt,logvar,lda,sa,9,3,3,12827,0.05,no_leakage_v1_alpha005,gate_all_sources_proxy_source_only_final_training_only,mmd,,,,,merge_then_adapt,coral,near_nearest_proxy,anchor,1.0,1,1train,target,False,,3.0,direct,0.07714685526841181,0.04792810941255683,0.1104027495219871
8,bnci004,MMP_merge_then_adapt,logvar,lda,sa,9,3,3,12827,0.05,no_leakage_v1_alpha005,gate_all_sources_proxy_source_only_final_training_only,mmd,,,,,merge_then_adapt,coral,near_nearest_proxy,final,1.0,1,1train,train,True,0.43024055453164994,3.0,direct,0.07714685526841181,0.04792810941255683,0.1104027495219871
8,bnci004,MMP_merge_then_adapt,logvar,lda,sa,9,3,3,12827,0.05,no_leakage_v1_alpha005,gate_all_sources_proxy_source_only_final_training_only,mmd,,,,,merge_then_adapt,coral,near_nearest_proxy,main,2.0,2,2train,near,False,0.30683991488633605,3.0,direct,0.10817311432246181,0.06678959478836483,0.1589895225435036
8,bnci004,MMP_merge_then_adapt,logvar,lda,sa,9,3,3,12827,0.05,no_leakage_v1_alpha005,gate_all_sources_proxy_source_only_final_training_only,mmd,,,,,merge_then_adapt,coral,near_nearest_proxy,anchor,2.0,2,2train,proxy_source,False,0.5385429189929611,3.0,direct,0.10817311432246181,0.06678959478836483,0.1589895225435036
8,bnci004,MMP_merge_then_adapt,logvar,lda,sa,9,3,3,12827,0.05,no_leakage_v1_alpha005,gate_all_sources_proxy_source_only_final_training_only,mmd,,,,,merge_then_adapt,coral,near_nearest_proxy,final,2.0,2,2train,train,False,0.30683991488633605,3.0,direct,0.10817311432246181,0.06678959478836483,0.1589895225435036
8,bnci004,MMP_merge_then_adapt,logvar,lda,sa,9,3,3,12827,0.05,no_leakage_v1_alpha005,gate_all_sources_proxy_source_only_final_training_only,mmd,,,,,merge_then_adapt,coral,near_nearest_proxy,main,3.0,4,4test,far,False,,3.0,direct,0.19243137430539647,0.15289496812770376,0.2436324681507617
8,bnci004,MMP_merge_then_adapt,logvar,lda,sa,9,3,3,12827,0.05,no_leakage_v1_alpha005,gate_all_sources_proxy_source_only_final_training_only,mmd,,,,,merge_then_adapt,coral,near_nearest_proxy,anchor,3.0,4,4test,not_used,False,,3.0,direct,0.19243137430539647,0.15289496812770376,0.2436324681507617
8,bnci004,MMP_merge_then_adapt,logvar,lda,sa,9,3,3,12827,0.05,no_leakage_v1_alpha005,gate_all_sources_proxy_source_only_final_training_only,mmd,,,,,merge_then_adapt,coral,near_nearest_proxy,final,3.0,4,4test,not_used,False,,3.0,direct,0.19243137430539647,0.15289496812770376,0.2436324681507617
8,bnci004,MMP_merge_then_adapt,logvar,lda,sa,9,3,3,12827,0.05,no_leakage_v1_alpha005,gate_all_sources_proxy_source_only_final_training_only,mmd,,,,,merge_then_adapt,coral,near_nearest_proxy,main,,3,3test,target,False,,,,,,
8,bnci004,MMP_merge_then_adapt,logvar,lda,sa,9,3,3,12827,0.05,no_leakage_v1_alpha005,gate_all_sources_proxy_source_only_final_training_only,mmd,,,,,merge_then_adapt,coral,near_nearest_proxy,final,,3,3test,target,False,,,,,,
8,bnci004,MMP_merge_then_adapt,logvar,lda,sa,9,4,4,12858,0.05,no_leakage_v1_alpha005,gate_all_sources_proxy_source_only_final_training_only,mmd,,,,,merge_then_adapt,coral,near_nearest_proxy,main,0.0,0,0train,far,False,,4.0,direct,0.2657147434976109,0.2334076779421566,0.29943107250358403
8,bnci004,MMP_merge_then_adapt,logvar,lda,sa,9,4,4,12858,0.05,no_leakage_v1_alpha005,gate_all_sources_proxy_source_only_final_training_only,mmd,,,,,merge_then_adapt,coral,near_nearest_proxy,anchor,0.0,0,0train,not_used,False,,4.0,direct,0.2657147434976109,0.2334076779421566,0.29943107250358403
8,bnci004,MMP_merge_then_adapt,logvar,lda,sa,9,4,4,12858,0.05,no_leakage_v1_alpha005,gate_all_sources_proxy_source_only_final_training_only,mmd,,,,,merge_then_adapt,coral,near_nearest_proxy,final,0.0,0,0train,not_used,False,,4.0,direct,0.2657147434976109,0.2334076779421566,0.29943107250358403
8,bnci004,MMP_merge_then_adapt,logvar,lda,sa,9,4,4,12858,0.05,no_leakage_v1_alpha005,gate_all_sources_proxy_source_only_final_training_only,mmd,,,,,merge_then_adapt,coral,near_nearest_proxy,main,1.0,1,1train,far,False,,4.0,direct,0.18871793555704863,0.1506929665670734,0.22317993087524624
8,bnci004,MMP_merge_then_adapt,logvar,lda,sa,9,4,4,12858,0.05,no_leakage_v1_alpha005,gate_all_sources_proxy_source_only_final_training_only,mmd,,,,,merge_then_adapt,coral,near_nearest_proxy,anchor,1.0,1,1train,second_nearest_fallback_source,False,1.0,4.0,direct,0.18871793555704863,0.1506929665670734,0.22317993087524624
8,bnci004,MMP_merge_then_adapt,logvar,lda,sa,9,4,4,12858,0.05,no_leakage_v1_alpha005,gate_all_sources_proxy_source_only_final_training_only,mmd,,,,,merge_then_adapt,coral,near_nearest_proxy,final,1.0,1,1train,not_used,False,,4.0,direct,0.18871793555704863,0.1506929665670734,0.22317993087524624
8,bnci004,MMP_merge_then_adapt,logvar,lda,sa,9,4,4,12858,0.05,no_leakage_v1_alpha005,gate_all_sources_proxy_source_only_final_training_only,mmd,,,,,merge_then_adapt,coral,near_nearest_proxy,main,2.0,2,2train,nearest,True,1.0,4.0,direct,0.09334258772799268,0.06669984588471017,0.1200102304254371
8,bnci004,MMP_merge_then_adapt,logvar,lda,sa,9,4,4,12858,0.05,no_leakage_v1_alpha005,gate_all_sources_proxy_source_only_final_training_only,mmd,,,,,merge_then_adapt,coral,near_nearest_proxy,anchor,2.0,2,2train,target,False,,4.0,direct,0.09334258772799268,0.06669984588471017,0.1200102304254371
8,bnci004,MMP_merge_then_adapt,logvar,lda,sa,9,4,4,12858,0.05,no_leakage_v1_alpha005,gate_all_sources_proxy_source_only_final_training_only,mmd,,,,,merge_then_adapt,coral,near_nearest_proxy,final,2.0,2,2train,train,True,1.0,4.0,direct,0.09334258772799268,0.06669984588471017,0.1200102304254371
8,bnci004,MMP_merge_then_adapt,logvar,lda,sa,9,4,4,12858,0.05,no_leakage_v1_alpha005,gate_all_sources_proxy_source_only_final_training_only,mmd,,,,,merge_then_adapt,coral,near_nearest_proxy,main,3.0,3,3test,far,False,,4.0,direct,0.20250677815281848,0.15862813144105464,0.26008132949940804
8,bnci004,MMP_merge_then_adapt,logvar,lda,sa,9,4,4,12858,0.05,no_leakage_v1_alpha005,gate_all_sources_proxy_source_only_final_training_only,mmd,,,,,merge_then_adapt,coral,near_nearest_proxy,anchor,3.0,3,3test,not_used,False,,4.0,direct,0.20250677815281848,0.15862813144105464,0.26008132949940804
8,bnci004,MMP_merge_then_adapt,logvar,lda,sa,9,4,4,12858,0.05,no_leakage_v1_alpha005,gate_all_sources_proxy_source_only_final_training_only,mmd,,,,,merge_then_adapt,coral,near_nearest_proxy,final,3.0,3,3test,not_used,False,,4.0,direct,0.20250677815281848,0.15862813144105464,0.26008132949940804
8,bnci004,MMP_merge_then_adapt,logvar,lda,sa,9,4,4,12858,0.05,no_leakage_v1_alpha005,gate_all_sources_proxy_source_only_final_training_only,mmd,,,,,merge_then_adapt,coral,near_nearest_proxy,main,,4,4test,target,False,,,,,,
8,bnci004,MMP_merge_then_adapt,logvar,lda,sa,9,4,4,12858,0.05,no_leakage_v1_alpha005,gate_all_sources_proxy_source_only_final_training_only,mmd,,,,,merge_then_adapt,coral,near_nearest_proxy,final,,4,4test,target,False,,,,,,
8,bnci004,MMP_merge_then_adapt,logvar,lda,pt,10,0,0,13731,0.05,no_leakage_v1_alpha005,gate_all_sources_proxy_source_only_final_training_only,mmd,,,,,merge_then_adapt,coral,near_nearest_proxy,main,0.0,1,1train,nearest,True,1.0,0.0,direct,0.050385922221179984,0.028193736434845594,0.07922259533420374
8,bnci004,MMP_merge_then_adapt,logvar,lda,pt,10,0,0,13731,0.05,no_leakage_v1_alpha005,gate_all_sources_proxy_source_only_final_training_only,mmd,,,,,merge_then_adapt,coral,near_nearest_proxy,anchor,0.0,1,1train,target,False,,0.0,direct,0.050385922221179984,0.028193736434845594,0.07922259533420374
8,bnci004,MMP_merge_then_adapt,logvar,lda,pt,10,0,0,13731,0.05,no_leakage_v1_alpha005,gate_all_sources_proxy_source_only_final_training_only,mmd,,,,,merge_then_adapt,coral,near_nearest_proxy,final,0.0,1,1train,train,True,1.0,0.0,direct,0.050385922221179984,0.028193736434845594,0.07922259533420374
8,bnci004,MMP_merge_then_adapt,logvar,lda,pt,10,0,0,13731,0.05,no_leakage_v1_alpha005,gate_all_sources_proxy_source_only_final_training_only,mmd,,,,,merge_then_adapt,coral,near_nearest_proxy,main,1.0,2,2train,far,False,,0.0,direct,0.22442052502223894,0.17902007543338122,0.26823475171765065
8,bnci004,MMP_merge_then_adapt,logvar,lda,pt,10,0,0,13731,0.05,no_leakage_v1_alpha005,gate_all_sources_proxy_source_only_final_training_only,mmd,,,,,merge_then_adapt,coral,near_nearest_proxy,anchor,1.0,2,2train,not_used,False,,0.0,direct,0.22442052502223894,0.17902007543338122,0.26823475171765065
8,bnci004,MMP_merge_then_adapt,logvar,lda,pt,10,0,0,13731,0.05,no_leakage_v1_alpha005,gate_all_sources_proxy_source_only_final_training_only,mmd,,,,,merge_then_adapt,coral,near_nearest_proxy,final,1.0,2,2train,not_used,False,,0.0,direct,0.22442052502223894,0.17902007543338122,0.26823475171765065
8,bnci004,MMP_merge_then_adapt,logvar,lda,pt,10,0,0,13731,0.05,no_leakage_v1_alpha005,gate_all_sources_proxy_source_only_final_training_only,mmd,,,,,merge_then_adapt,coral,near_nearest_proxy,main,2.0,3,3test,far,False,,0.0,direct,0.1489470048517327,0.11401807960883717,0.1965131451598839
8,bnci004,MMP_merge_then_adapt,logvar,lda,pt,10,0,0,13731,0.05,no_leakage_v1_alpha005,gate_all_sources_proxy_source_only_final_training_only,mmd,,,,,merge_then_adapt,coral,near_nearest_proxy,anchor,2.0,3,3test,second_nearest_fallback_source,False,1.0,0.0,direct,0.1489470048517327,0.11401807960883717,0.1965131451598839
8,bnci004,MMP_merge_then_adapt,logvar,lda,pt,10,0,0,13731,0.05,no_leakage_v1_alpha005,gate_all_sources_proxy_source_only_final_training_only,mmd,,,,,merge_then_adapt,coral,near_nearest_proxy,final,2.0,3,3test,not_used,False,,0.0,direct,0.1489470048517327,0.11401807960883717,0.1965131451598839
8,bnci004,MMP_merge_then_adapt,logvar,lda,pt,10,0,0,13731,0.05,no_leakage_v1_alpha005,gate_all_sources_proxy_source_only_final_training_only,mmd,,,,,merge_then_adapt,coral,near_nearest_proxy,main,3.0,4,4test,far,False,,0.0,direct,0.2764799440326394,0.23543107901589583,0.31749550726991693
8,bnci004,MMP_merge_then_adapt,logvar,lda,pt,10,0,0,13731,0.05,no_leakage_v1_alpha005,gate_all_sources_proxy_source_only_final_training_only,mmd,,,,,merge_then_adapt,coral,near_nearest_proxy,anchor,3.0,4,4test,not_used,False,,0.0,direct,0.2764799440326394,0.23543107901589583,0.31749550726991693
8,bnci004,MMP_merge_then_adapt,logvar,lda,pt,10,0,0,13731,0.05,no_leakage_v1_alpha005,gate_all_sources_proxy_source_only_final_training_only,mmd,,,,,merge_then_adapt,coral,near_nearest_proxy,final,3.0,4,4test,not_used,False,,0.0,direct,0.2764799440326394,0.23543107901589583,0.31749550726991693
8,bnci004,MMP_merge_then_adapt,logvar,lda,pt,10,0,0,13731,0.05,no_leakage_v1_alpha005,gate_all_sources_proxy_source_only_final_training_only,mmd,,,,,merge_then_adapt,coral,near_nearest_proxy,main,,0,0train,target,False,,,,,,
8,bnci004,MMP_merge_then_adapt,logvar,lda,pt,10,0,0,13731,0.05,no_leakage_v1_alpha005,gate_all_sources_proxy_source_only_final_training_only,mmd,,,,,merge_then_adapt,coral,near_nearest_proxy,final,,0,0train,target,False,,,,,,
8,bnci004,MMP_merge_then_adapt,logvar,lda,pt,10,1,1,13762,0.05,no_leakage_v1_alpha005,gate_all_sources_proxy_source_only_final_training_only,mmd,,,,,merge_then_adapt,coral,near_nearest_proxy,main,0.0,0,0train,nearest,True,0.6341276364049567,1.0,direct,0.052124289417382334,0.03218542768983941,0.07503889116287116
8,bnci004,MMP_merge_then_adapt,logvar,lda,pt,10,1,1,13762,0.05,no_leakage_v1_alpha005,gate_all_sources_proxy_source_only_final_training_only,mmd,,,,,merge_then_adapt,coral,near_nearest_proxy,anchor,0.0,0,0train,target,False,,1.0,direct,0.052124289417382334,0.03218542768983941,0.07503889116287116
8,bnci004,MMP_merge_then_adapt,logvar,lda,pt,10,1,1,13762,0.05,no_leakage_v1_alpha005,gate_all_sources_proxy_source_only_final_training_only,mmd,,,,,merge_then_adapt,coral,near_nearest_proxy,final,0.0,0,0train,train,True,0.6341276364049567,1.0,direct,0.052124289417382334,0.03218542768983941,0.07503889116287116
8,bnci004,MMP_merge_then_adapt,logvar,lda,pt,10,1,1,13762,0.05,no_leakage_v1_alpha005,gate_all_sources_proxy_source_only_final_training_only,mmd,,,,,merge_then_adapt,coral,near_nearest_proxy,main,1.0,2,2train,far,False,,1.0,direct,0.11536956389201278,0.07873903372742225,0.16245293858539311
8,bnci004,MMP_merge_then_adapt,logvar,lda,pt,10,1,1,13762,0.05,no_leakage_v1_alpha005,gate_all_sources_proxy_source_only_final_training_only,mmd,,,,,merge_then_adapt,coral,near_nearest_proxy,anchor,1.0,2,2train,not_used,False,,1.0,direct,0.11536956389201278,0.07873903372742225,0.16245293858539311
8,bnci004,MMP_merge_then_adapt,logvar,lda,pt,10,1,1,13762,0.05,no_leakage_v1_alpha005,gate_all_sources_proxy_source_only_final_training_only,mmd,,,,,merge_then_adapt,coral,near_nearest_proxy,final,1.0,2,2train,not_used,False,,1.0,direct,0.11536956389201278,0.07873903372742225,0.16245293858539311
8,bnci004,MMP_merge_then_adapt,logvar,lda,pt,10,1,1,13762,0.05,no_leakage_v1_alpha005,gate_all_sources_proxy_source_only_final_training_only,mmd,,,,,merge_then_adapt,coral,near_nearest_proxy,main,2.0,3,3test,near,False,0.36587236359504327,1.0,direct,0.09034221764667105,0.061081132904242615,0.13481361709526862
8,bnci004,MMP_merge_then_adapt,logvar,lda,pt,10,1,1,13762,0.05,no_leakage_v1_alpha005,gate_all_sources_proxy_source_only_final_training_only,mmd,,,,,merge_then_adapt,coral,near_nearest_proxy,anchor,2.0,3,3test,proxy_source,False,1.0,1.0,direct,0.09034221764667105,0.061081132904242615,0.13481361709526862
8,bnci004,MMP_merge_then_adapt,logvar,lda,pt,10,1,1,13762,0.05,no_leakage_v1_alpha005,gate_all_sources_proxy_source_only_final_training_only,mmd,,,,,merge_then_adapt,coral,near_nearest_proxy,final,2.0,3,3test,train,False,0.36587236359504327,1.0,direct,0.09034221764667105,0.061081132904242615,0.13481361709526862
8,bnci004,MMP_merge_then_adapt,logvar,lda,pt,10,1,1,13762,0.05,no_leakage_v1_alpha005,gate_all_sources_proxy_source_only_final_training_only,mmd,,,,,merge_then_adapt,coral,near_nearest_proxy,main,3.0,4,4test,far,False,,1.0,direct,0.17824601001766602,0.14174549999807734,0.22010732064689656
8,bnci004,MMP_merge_then_adapt,logvar,lda,pt,10,1,1,13762,0.05,no_leakage_v1_alpha005,gate_all_sources_proxy_source_only_final_training_only,mmd,,,,,merge_then_adapt,coral,near_nearest_proxy,anchor,3.0,4,4test,not_used,False,,1.0,direct,0.17824601001766602,0.14174549999807734,0.22010732064689656
8,bnci004,MMP_merge_then_adapt,logvar,lda,pt,10,1,1,13762,0.05,no_leakage_v1_alpha005,gate_all_sources_proxy_source_only_final_training_only,mmd,,,,,merge_then_adapt,coral,near_nearest_proxy,final,3.0,4,4test,not_used,False,,1.0,direct,0.17824601001766602,0.14174549999807734,0.22010732064689656
8,bnci004,MMP_merge_then_adapt,logvar,lda,pt,10,1,1,13762,0.05,no_leakage_v1_alpha005,gate_all_sources_proxy_source_only_final_training_only,mmd,,,,,merge_then_adapt,coral,near_nearest_proxy,main,,1,1train,target,False,,,,,,
8,bnci004,MMP_merge_then_adapt,logvar,lda,pt,10,1,1,13762,0.05,no_leakage_v1_alpha005,gate_all_sources_proxy_source_only_final_training_only,mmd,,,,,merge_then_adapt,coral,near_nearest_proxy,final,,1,1train,target,False,,,,,,
8,bnci004,MMP_merge_then_adapt,logvar,lda,pt,10,2,2,13793,0.05,no_leakage_v1_alpha005,gate_all_sources_proxy_source_only_final_training_only,mmd,,,,,merge_then_adapt,coral,near_nearest_proxy,main,0.0,0,0train,far,False,,2.0,direct,0.18489742551391294,0.15151585061529876,0.22417023326643468
8,bnci004,MMP_merge_then_adapt,logvar,lda,pt,10,2,2,13793,0.05,no_leakage_v1_alpha005,gate_all_sources_proxy_source_only_final_training_only,mmd,,,,,merge_then_adapt,coral,near_nearest_proxy,anchor,0.0,0,0train,not_used,False,,2.0,direct,0.18489742551391294,0.15151585061529876,0.22417023326643468
8,bnci004,MMP_merge_then_adapt,logvar,lda,pt,10,2,2,13793,0.05,no_leakage_v1_alpha005,gate_all_sources_proxy_source_only_final_training_only,mmd,,,,,merge_then_adapt,coral,near_nearest_proxy,final,0.0,0,0train,not_used,False,,2.0,direct,0.18489742551391294,0.15151585061529876,0.22417023326643468
8,bnci004,MMP_merge_then_adapt,logvar,lda,pt,10,2,2,13793,0.05,no_leakage_v1_alpha005,gate_all_sources_proxy_source_only_final_training_only,mmd,,,,,merge_then_adapt,coral,near_nearest_proxy,main,1.0,1,1train,near,False,0.2957039415186649,2.0,direct,0.09994383270208297,0.0695648075297124,0.13791446153497572
8,bnci004,MMP_merge_then_adapt,logvar,lda,pt,10,2,2,13793,0.05,no_leakage_v1_alpha005,gate_all_sources_proxy_source_only_final_training_only,mmd,,,,,merge_then_adapt,coral,near_nearest_proxy,anchor,1.0,1,1train,proxy_source,False,0.48448678084923225,2.0,direct,0.09994383270208297,0.0695648075297124,0.13791446153497572
8,bnci004,MMP_merge_then_adapt,logvar,lda,pt,10,2,2,13793,0.05,no_leakage_v1_alpha005,gate_all_sources_proxy_source_only_final_training_only,mmd,,,,,merge_then_adapt,coral,near_nearest_proxy,final,1.0,1,1train,train,False,0.2957039415186649,2.0,direct,0.09994383270208297,0.0695648075297124,0.13791446153497572
8,bnci004,MMP_merge_then_adapt,logvar,lda,pt,10,2,2,13793,0.05,no_leakage_v1_alpha005,gate_all_sources_proxy_source_only_final_training_only,mmd,,,,,merge_then_adapt,coral,near_nearest_proxy,main,2.0,3,3test,near,False,0.3146407638628535,2.0,direct,0.09392859959031757,0.058902038070589136,0.12990639022372388
8,bnci004,MMP_merge_then_adapt,logvar,lda,pt,10,2,2,13793,0.05,no_leakage_v1_alpha005,gate_all_sources_proxy_source_only_final_training_only,mmd,,,,,merge_then_adapt,coral,near_nearest_proxy,anchor,2.0,3,3test,proxy_source,False,0.5155132191507679,2.0,direct,0.09392859959031757,0.058902038070589136,0.12990639022372388
8,bnci004,MMP_merge_then_adapt,logvar,lda,pt,10,2,2,13793,0.05,no_leakage_v1_alpha005,gate_all_sources_proxy_source_only_final_training_only,mmd,,,,,merge_then_adapt,coral,near_nearest_proxy,final,2.0,3,3test,train,False,0.3146407638628535,2.0,direct,0.09392859959031757,0.058902038070589136,0.12990639022372388
8,bnci004,MMP_merge_then_adapt,logvar,lda,pt,10,2,2,13793,0.05,no_leakage_v1_alpha005,gate_all_sources_proxy_source_only_final_training_only,mmd,,,,,merge_then_adapt,coral,near_nearest_proxy,main,3.0,4,4test,nearest,True,0.3896552946184816,2.0,direct,0.07584573267013199,0.05711436017952585,0.0953712871367577
8,bnci004,MMP_merge_then_adapt,logvar,lda,pt,10,2,2,13793,0.05,no_leakage_v1_alpha005,gate_all_sources_proxy_source_only_final_training_only,mmd,,,,,merge_then_adapt,coral,near_nearest_proxy,anchor,3.0,4,4test,target,False,,2.0,direct,0.07584573267013199,0.05711436017952585,0.0953712871367577
8,bnci004,MMP_merge_then_adapt,logvar,lda,pt,10,2,2,13793,0.05,no_leakage_v1_alpha005,gate_all_sources_proxy_source_only_final_training_only,mmd,,,,,merge_then_adapt,coral,near_nearest_proxy,final,3.0,4,4test,train,True,0.3896552946184816,2.0,direct,0.07584573267013199,0.05711436017952585,0.0953712871367577
8,bnci004,MMP_merge_then_adapt,logvar,lda,pt,10,2,2,13793,0.05,no_leakage_v1_alpha005,gate_all_sources_proxy_source_only_final_training_only,mmd,,,,,merge_then_adapt,coral,near_nearest_proxy,main,,2,2train,target,False,,,,,,
8,bnci004,MMP_merge_then_adapt,logvar,lda,pt,10,2,2,13793,0.05,no_leakage_v1_alpha005,gate_all_sources_proxy_source_only_final_training_only,mmd,,,,,merge_then_adapt,coral,near_nearest_proxy,final,,2,2train,target,False,,,,,,
8,bnci004,MMP_merge_then_adapt,logvar,lda,pt,10,3,3,13824,0.05,no_leakage_v1_alpha005,gate_all_sources_proxy_source_only_final_training_only,mmd,,,,,merge_then_adapt,coral,near_nearest_proxy,main,0.0,0,0train,near,False,0.2578482676867634,3.0,direct,0.12771212205390425,0.10054551473201395,0.15756224286311812
8,bnci004,MMP_merge_then_adapt,logvar,lda,pt,10,3,3,13824,0.05,no_leakage_v1_alpha005,gate_all_sources_proxy_source_only_final_training_only,mmd,,,,,merge_then_adapt,coral,near_nearest_proxy,anchor,0.0,0,0train,proxy_source,False,0.4513065740228754,3.0,direct,0.12771212205390425,0.10054551473201395,0.15756224286311812
8,bnci004,MMP_merge_then_adapt,logvar,lda,pt,10,3,3,13824,0.05,no_leakage_v1_alpha005,gate_all_sources_proxy_source_only_final_training_only,mmd,,,,,merge_then_adapt,coral,near_nearest_proxy,final,0.0,0,0train,train,False,0.2578482676867634,3.0,direct,0.12771212205390425,0.10054551473201395,0.15756224286311812
8,bnci004,MMP_merge_then_adapt,logvar,lda,pt,10,3,3,13824,0.05,no_leakage_v1_alpha005,gate_all_sources_proxy_source_only_final_training_only,mmd,,,,,merge_then_adapt,coral,near_nearest_proxy,main,1.0,1,1train,nearest,True,0.4286627261190885,3.0,direct,0.07682071851190721,0.04712024178406782,0.11407595861117313
8,bnci004,MMP_merge_then_adapt,logvar,lda,pt,10,3,3,13824,0.05,no_leakage_v1_alpha005,gate_all_sources_proxy_source_only_final_training_only,mmd,,,,,merge_then_adapt,coral,near_nearest_proxy,anchor,1.0,1,1train,target,False,,3.0,direct,0.07682071851190721,0.04712024178406782,0.11407595861117313
8,bnci004,MMP_merge_then_adapt,logvar,lda,pt,10,3,3,13824,0.05,no_leakage_v1_alpha005,gate_all_sources_proxy_source_only_final_training_only,mmd,,,,,merge_then_adapt,coral,near_nearest_proxy,final,1.0,1,1train,train,True,0.4286627261190885,3.0,direct,0.07682071851190721,0.04712024178406782,0.11407595861117313
8,bnci004,MMP_merge_then_adapt,logvar,lda,pt,10,3,3,13824,0.05,no_leakage_v1_alpha005,gate_all_sources_proxy_source_only_final_training_only,mmd,,,,,merge_then_adapt,coral,near_nearest_proxy,main,2.0,2,2train,near,False,0.3134890061941481,3.0,direct,0.1050444932447392,0.06496894213156335,0.14702120994733334
8,bnci004,MMP_merge_then_adapt,logvar,lda,pt,10,3,3,13824,0.05,no_leakage_v1_alpha005,gate_all_sources_proxy_source_only_final_training_only,mmd,,,,,merge_then_adapt,coral,near_nearest_proxy,anchor,2.0,2,2train,proxy_source,False,0.5486934259771247,3.0,direct,0.1050444932447392,0.06496894213156335,0.14702120994733334
8,bnci004,MMP_merge_then_adapt,logvar,lda,pt,10,3,3,13824,0.05,no_leakage_v1_alpha005,gate_all_sources_proxy_source_only_final_training_only,mmd,,,,,merge_then_adapt,coral,near_nearest_proxy,final,2.0,2,2train,train,False,0.3134890061941481,3.0,direct,0.1050444932447392,0.06496894213156335,0.14702120994733334
8,bnci004,MMP_merge_then_adapt,logvar,lda,pt,10,3,3,13824,0.05,no_leakage_v1_alpha005,gate_all_sources_proxy_source_only_final_training_only,mmd,,,,,merge_then_adapt,coral,near_nearest_proxy,main,3.0,4,4test,far,False,,3.0,direct,0.19546971955163106,0.14848220361766992,0.24412820567040674
8,bnci004,MMP_merge_then_adapt,logvar,lda,pt,10,3,3,13824,0.05,no_leakage_v1_alpha005,gate_all_sources_proxy_source_only_final_training_only,mmd,,,,,merge_then_adapt,coral,near_nearest_proxy,anchor,3.0,4,4test,not_used,False,,3.0,direct,0.19546971955163106,0.14848220361766992,0.24412820567040674
8,bnci004,MMP_merge_then_adapt,logvar,lda,pt,10,3,3,13824,0.05,no_leakage_v1_alpha005,gate_all_sources_proxy_source_only_final_training_only,mmd,,,,,merge_then_adapt,coral,near_nearest_proxy,final,3.0,4,4test,not_used,False,,3.0,direct,0.19546971955163106,0.14848220361766992,0.24412820567040674
8,bnci004,MMP_merge_then_adapt,logvar,lda,pt,10,3,3,13824,0.05,no_leakage_v1_alpha005,gate_all_sources_proxy_source_only_final_training_only,mmd,,,,,merge_then_adapt,coral,near_nearest_proxy,main,,3,3test,target,False,,,,,,
8,bnci004,MMP_merge_then_adapt,logvar,lda,pt,10,3,3,13824,0.05,no_leakage_v1_alpha005,gate_all_sources_proxy_source_only_final_training_only,mmd,,,,,merge_then_adapt,coral,near_nearest_proxy,final,,3,3test,target,False,,,,,,
8,bnci004,MMP_merge_then_adapt,logvar,lda,pt,10,4,4,13855,0.05,no_leakage_v1_alpha005,gate_all_sources_proxy_source_only_final_training_only,mmd,,,,,merge_then_adapt,coral,near_nearest_proxy,main,0.0,0,0train,far,False,,4.0,direct,0.26407035688144176,0.22831737844787842,0.3055024094554741
8,bnci004,MMP_merge_then_adapt,logvar,lda,pt,10,4,4,13855,0.05,no_leakage_v1_alpha005,gate_all_sources_proxy_source_only_final_training_only,mmd,,,,,merge_then_adapt,coral,near_nearest_proxy,anchor,0.0,0,0train,not_used,False,,4.0,direct,0.26407035688144176,0.22831737844787842,0.3055024094554741
8,bnci004,MMP_merge_then_adapt,logvar,lda,pt,10,4,4,13855,0.05,no_leakage_v1_alpha005,gate_all_sources_proxy_source_only_final_training_only,mmd,,,,,merge_then_adapt,coral,near_nearest_proxy,final,0.0,0,0train,not_used,False,,4.0,direct,0.26407035688144176,0.22831737844787842,0.3055024094554741
8,bnci004,MMP_merge_then_adapt,logvar,lda,pt,10,4,4,13855,0.05,no_leakage_v1_alpha005,gate_all_sources_proxy_source_only_final_training_only,mmd,,,,,merge_then_adapt,coral,near_nearest_proxy,main,1.0,1,1train,far,False,,4.0,direct,0.18972161133299414,0.153730716904142,0.23469557994299195
8,bnci004,MMP_merge_then_adapt,logvar,lda,pt,10,4,4,13855,0.05,no_leakage_v1_alpha005,gate_all_sources_proxy_source_only_final_training_only,mmd,,,,,merge_then_adapt,coral,near_nearest_proxy,anchor,1.0,1,1train,second_nearest_fallback_source,False,1.0,4.0,direct,0.18972161133299414,0.153730716904142,0.23469557994299195
8,bnci004,MMP_merge_then_adapt,logvar,lda,pt,10,4,4,13855,0.05,no_leakage_v1_alpha005,gate_all_sources_proxy_source_only_final_training_only,mmd,,,,,merge_then_adapt,coral,near_nearest_proxy,final,1.0,1,1train,not_used,False,,4.0,direct,0.18972161133299414,0.153730716904142,0.23469557994299195
8,bnci004,MMP_merge_then_adapt,logvar,lda,pt,10,4,4,13855,0.05,no_leakage_v1_alpha005,gate_all_sources_proxy_source_only_final_training_only,mmd,,,,,merge_then_adapt,coral,near_nearest_proxy,main,2.0,2,2train,nearest,True,1.0,4.0,direct,0.09187721765456659,0.06799190938667662,0.11758271278450773
8,bnci004,MMP_merge_then_adapt,logvar,lda,pt,10,4,4,13855,0.05,no_leakage_v1_alpha005,gate_all_sources_proxy_source_only_final_training_only,mmd,,,,,merge_then_adapt,coral,near_nearest_proxy,anchor,2.0,2,2train,target,False,,4.0,direct,0.09187721765456659,0.06799190938667662,0.11758271278450773
8,bnci004,MMP_merge_then_adapt,logvar,lda,pt,10,4,4,13855,0.05,no_leakage_v1_alpha005,gate_all_sources_proxy_source_only_final_training_only,mmd,,,,,merge_then_adapt,coral,near_nearest_proxy,final,2.0,2,2train,train,True,1.0,4.0,direct,0.09187721765456659,0.06799190938667662,0.11758271278450773
8,bnci004,MMP_merge_then_adapt,logvar,lda,pt,10,4,4,13855,0.05,no_leakage_v1_alpha005,gate_all_sources_proxy_source_only_final_training_only,mmd,,,,,merge_then_adapt,coral,near_nearest_proxy,main,3.0,3,3test,far,False,,4.0,direct,0.20752206913616142,0.15567598105751815,0.2607081377038428
8,bnci004,MMP_merge_then_adapt,logvar,lda,pt,10,4,4,13855,0.05,no_leakage_v1_alpha005,gate_all_sources_proxy_source_only_final_training_only,mmd,,,,,merge_then_adapt,coral,near_nearest_proxy,anchor,3.0,3,3test,not_used,False,,4.0,direct,0.20752206913616142,0.15567598105751815,0.2607081377038428
8,bnci004,MMP_merge_then_adapt,logvar,lda,pt,10,4,4,13855,0.05,no_leakage_v1_alpha005,gate_all_sources_proxy_source_only_final_training_only,mmd,,,,,merge_then_adapt,coral,near_nearest_proxy,final,3.0,3,3test,not_used,False,,4.0,direct,0.20752206913616142,0.15567598105751815,0.2607081377038428
8,bnci004,MMP_merge_then_adapt,logvar,lda,pt,10,4,4,13855,0.05,no_leakage_v1_alpha005,gate_all_sources_proxy_source_only_final_training_only,mmd,,,,,merge_then_adapt,coral,near_nearest_proxy,main,,4,4test,target,False,,,,,,
8,bnci004,MMP_merge_then_adapt,logvar,lda,pt,10,4,4,13855,0.05,no_leakage_v1_alpha005,gate_all_sources_proxy_source_only_final_training_only,mmd,,,,,merge_then_adapt,coral,near_nearest_proxy,final,,4,4test,target,False,,,,,,
8,bnci004,MMP_merge_then_adapt,logvar,lda,coral,11,0,0,14728,0.05,no_leakage_v1_alpha005,gate_all_sources_proxy_source_only_final_training_only,mmd,,,,,merge_then_adapt,coral,near_nearest_proxy,main,0.0,1,1train,nearest,True,1.0,0.0,direct,0.05097771010868693,0.028029052721533283,0.07554344029839156
8,bnci004,MMP_merge_then_adapt,logvar,lda,coral,11,0,0,14728,0.05,no_leakage_v1_alpha005,gate_all_sources_proxy_source_only_final_training_only,mmd,,,,,merge_then_adapt,coral,near_nearest_proxy,anchor,0.0,1,1train,target,False,,0.0,direct,0.05097771010868693,0.028029052721533283,0.07554344029839156
8,bnci004,MMP_merge_then_adapt,logvar,lda,coral,11,0,0,14728,0.05,no_leakage_v1_alpha005,gate_all_sources_proxy_source_only_final_training_only,mmd,,,,,merge_then_adapt,coral,near_nearest_proxy,final,0.0,1,1train,train,True,1.0,0.0,direct,0.05097771010868693,0.028029052721533283,0.07554344029839156
8,bnci004,MMP_merge_then_adapt,logvar,lda,coral,11,0,0,14728,0.05,no_leakage_v1_alpha005,gate_all_sources_proxy_source_only_final_training_only,mmd,,,,,merge_then_adapt,coral,near_nearest_proxy,main,1.0,2,2train,far,False,,0.0,direct,0.2247815727142686,0.1843320067967314,0.276592861605007
8,bnci004,MMP_merge_then_adapt,logvar,lda,coral,11,0,0,14728,0.05,no_leakage_v1_alpha005,gate_all_sources_proxy_source_only_final_training_only,mmd,,,,,merge_then_adapt,coral,near_nearest_proxy,anchor,1.0,2,2train,not_used,False,,0.0,direct,0.2247815727142686,0.1843320067967314,0.276592861605007
8,bnci004,MMP_merge_then_adapt,logvar,lda,coral,11,0,0,14728,0.05,no_leakage_v1_alpha005,gate_all_sources_proxy_source_only_final_training_only,mmd,,,,,merge_then_adapt,coral,near_nearest_proxy,final,1.0,2,2train,not_used,False,,0.0,direct,0.2247815727142686,0.1843320067967314,0.276592861605007
8,bnci004,MMP_merge_then_adapt,logvar,lda,coral,11,0,0,14728,0.05,no_leakage_v1_alpha005,gate_all_sources_proxy_source_only_final_training_only,mmd,,,,,merge_then_adapt,coral,near_nearest_proxy,main,2.0,3,3test,far,False,,0.0,direct,0.14768875891762603,0.11809084738732913,0.18710329264654404
8,bnci004,MMP_merge_then_adapt,logvar,lda,coral,11,0,0,14728,0.05,no_leakage_v1_alpha005,gate_all_sources_proxy_source_only_final_training_only,mmd,,,,,merge_then_adapt,coral,near_nearest_proxy,anchor,2.0,3,3test,second_nearest_fallback_source,False,1.0,0.0,direct,0.14768875891762603,0.11809084738732913,0.18710329264654404
8,bnci004,MMP_merge_then_adapt,logvar,lda,coral,11,0,0,14728,0.05,no_leakage_v1_alpha005,gate_all_sources_proxy_source_only_final_training_only,mmd,,,,,merge_then_adapt,coral,near_nearest_proxy,final,2.0,3,3test,not_used,False,,0.0,direct,0.14768875891762603,0.11809084738732913,0.18710329264654404
8,bnci004,MMP_merge_then_adapt,logvar,lda,coral,11,0,0,14728,0.05,no_leakage_v1_alpha005,gate_all_sources_proxy_source_only_final_training_only,mmd,,,,,merge_then_adapt,coral,near_nearest_proxy,main,3.0,4,4test,far,False,,0.0,direct,0.2766672107349662,0.23503326077742312,0.3158165229570665
8,bnci004,MMP_merge_then_adapt,logvar,lda,coral,11,0,0,14728,0.05,no_leakage_v1_alpha005,gate_all_sources_proxy_source_only_final_training_only,mmd,,,,,merge_then_adapt,coral,near_nearest_proxy,anchor,3.0,4,4test,not_used,False,,0.0,direct,0.2766672107349662,0.23503326077742312,0.3158165229570665
8,bnci004,MMP_merge_then_adapt,logvar,lda,coral,11,0,0,14728,0.05,no_leakage_v1_alpha005,gate_all_sources_proxy_source_only_final_training_only,mmd,,,,,merge_then_adapt,coral,near_nearest_proxy,final,3.0,4,4test,not_used,False,,0.0,direct,0.2766672107349662,0.23503326077742312,0.3158165229570665
8,bnci004,MMP_merge_then_adapt,logvar,lda,coral,11,0,0,14728,0.05,no_leakage_v1_alpha005,gate_all_sources_proxy_source_only_final_training_only,mmd,,,,,merge_then_adapt,coral,near_nearest_proxy,main,,0,0train,target,False,,,,,,
8,bnci004,MMP_merge_then_adapt,logvar,lda,coral,11,0,0,14728,0.05,no_leakage_v1_alpha005,gate_all_sources_proxy_source_only_final_training_only,mmd,,,,,merge_then_adapt,coral,near_nearest_proxy,final,,0,0train,target,False,,,,,,
8,bnci004,MMP_merge_then_adapt,logvar,lda,coral,11,1,1,14759,0.05,no_leakage_v1_alpha005,gate_all_sources_proxy_source_only_final_training_only,mmd,,,,,merge_then_adapt,coral,near_nearest_proxy,main,0.0,0,0train,nearest,True,0.6258609642768259,1.0,direct,0.05385151585593757,0.03378065498849448,0.08098523119762271
8,bnci004,MMP_merge_then_adapt,logvar,lda,coral,11,1,1,14759,0.05,no_leakage_v1_alpha005,gate_all_sources_proxy_source_only_final_training_only,mmd,,,,,merge_then_adapt,coral,near_nearest_proxy,anchor,0.0,0,0train,target,False,,1.0,direct,0.05385151585593757,0.03378065498849448,0.08098523119762271
8,bnci004,MMP_merge_then_adapt,logvar,lda,coral,11,1,1,14759,0.05,no_leakage_v1_alpha005,gate_all_sources_proxy_source_only_final_training_only,mmd,,,,,merge_then_adapt,coral,near_nearest_proxy,final,0.0,0,0train,train,True,0.6258609642768259,1.0,direct,0.05385151585593757,0.03378065498849448,0.08098523119762271
8,bnci004,MMP_merge_then_adapt,logvar,lda,coral,11,1,1,14759,0.05,no_leakage_v1_alpha005,gate_all_sources_proxy_source_only_final_training_only,mmd,,,,,merge_then_adapt,coral,near_nearest_proxy,main,1.0,2,2train,far,False,,1.0,direct,0.11376255664193423,0.08327562207369314,0.14644461421765417
8,bnci004,MMP_merge_then_adapt,logvar,lda,coral,11,1,1,14759,0.05,no_leakage_v1_alpha005,gate_all_sources_proxy_source_only_final_training_only,mmd,,,,,merge_then_adapt,coral,near_nearest_proxy,anchor,1.0,2,2train,not_used,False,,1.0,direct,0.11376255664193423,0.08327562207369314,0.14644461421765417
8,bnci004,MMP_merge_then_adapt,logvar,lda,coral,11,1,1,14759,0.05,no_leakage_v1_alpha005,gate_all_sources_proxy_source_only_final_training_only,mmd,,,,,merge_then_adapt,coral,near_nearest_proxy,final,1.0,2,2train,not_used,False,,1.0,direct,0.11376255664193423,0.08327562207369314,0.14644461421765417
8,bnci004,MMP_merge_then_adapt,logvar,lda,coral,11,1,1,14759,0.05,no_leakage_v1_alpha005,gate_all_sources_proxy_source_only_final_training_only,mmd,,,,,merge_then_adapt,coral,near_nearest_proxy,main,2.0,3,3test,near,False,0.37413903572317414,1.0,direct,0.09008365913529513,0.05774840887502884,0.12745669596925532
8,bnci004,MMP_merge_then_adapt,logvar,lda,coral,11,1,1,14759,0.05,no_leakage_v1_alpha005,gate_all_sources_proxy_source_only_final_training_only,mmd,,,,,merge_then_adapt,coral,near_nearest_proxy,anchor,2.0,3,3test,proxy_source,False,1.0,1.0,direct,0.09008365913529513,0.05774840887502884,0.12745669596925532
8,bnci004,MMP_merge_then_adapt,logvar,lda,coral,11,1,1,14759,0.05,no_leakage_v1_alpha005,gate_all_sources_proxy_source_only_final_training_only,mmd,,,,,merge_then_adapt,coral,near_nearest_proxy,final,2.0,3,3test,train,False,0.37413903572317414,1.0,direct,0.09008365913529513,0.05774840887502884,0.12745669596925532
8,bnci004,MMP_merge_then_adapt,logvar,lda,coral,11,1,1,14759,0.05,no_leakage_v1_alpha005,gate_all_sources_proxy_source_only_final_training_only,mmd,,,,,merge_then_adapt,coral,near_nearest_proxy,main,3.0,4,4test,far,False,,1.0,direct,0.17468056182149033,0.1418673225573341,0.21858664800741892
8,bnci004,MMP_merge_then_adapt,logvar,lda,coral,11,1,1,14759,0.05,no_leakage_v1_alpha005,gate_all_sources_proxy_source_only_final_training_only,mmd,,,,,merge_then_adapt,coral,near_nearest_proxy,anchor,3.0,4,4test,not_used,False,,1.0,direct,0.17468056182149033,0.1418673225573341,0.21858664800741892
8,bnci004,MMP_merge_then_adapt,logvar,lda,coral,11,1,1,14759,0.05,no_leakage_v1_alpha005,gate_all_sources_proxy_source_only_final_training_only,mmd,,,,,merge_then_adapt,coral,near_nearest_proxy,final,3.0,4,4test,not_used,False,,1.0,direct,0.17468056182149033,0.1418673225573341,0.21858664800741892
8,bnci004,MMP_merge_then_adapt,logvar,lda,coral,11,1,1,14759,0.05,no_leakage_v1_alpha005,gate_all_sources_proxy_source_only_final_training_only,mmd,,,,,merge_then_adapt,coral,near_nearest_proxy,main,,1,1train,target,False,,,,,,
8,bnci004,MMP_merge_then_adapt,logvar,lda,coral,11,1,1,14759,0.05,no_leakage_v1_alpha005,gate_all_sources_proxy_source_only_final_training_only,mmd,,,,,merge_then_adapt,coral,near_nearest_proxy,final,,1,1train,target,False,,,,,,
8,bnci004,MMP_merge_then_adapt,logvar,lda,coral,11,2,2,14790,0.05,no_leakage_v1_alpha005,gate_all_sources_proxy_source_only_final_training_only,mmd,,,,,merge_then_adapt,coral,near_nearest_proxy,main,0.0,0,0train,far,False,,2.0,direct,0.1851538317761142,0.14961384289600582,0.22464685332092643
8,bnci004,MMP_merge_then_adapt,logvar,lda,coral,11,2,2,14790,0.05,no_leakage_v1_alpha005,gate_all_sources_proxy_source_only_final_training_only,mmd,,,,,merge_then_adapt,coral,near_nearest_proxy,anchor,0.0,0,0train,not_used,False,,2.0,direct,0.1851538317761142,0.14961384289600582,0.22464685332092643
8,bnci004,MMP_merge_then_adapt,logvar,lda,coral,11,2,2,14790,0.05,no_leakage_v1_alpha005,gate_all_sources_proxy_source_only_final_training_only,mmd,,,,,merge_then_adapt,coral,near_nearest_proxy,final,0.0,0,0train,not_used,False,,2.0,direct,0.1851538317761142,0.14961384289600582,0.22464685332092643
8,bnci004,MMP_merge_then_adapt,logvar,lda,coral,11,2,2,14790,0.05,no_leakage_v1_alpha005,gate_all_sources_proxy_source_only_final_training_only,mmd,,,,,merge_then_adapt,coral,near_nearest_proxy,main,1.0,1,1train,near,False,0.2932368905788304,2.0,direct,0.10101557119844402,0.0714855164617556,0.13606071882398654
8,bnci004,MMP_merge_then_adapt,logvar,lda,coral,11,2,2,14790,0.05,no_leakage_v1_alpha005,gate_all_sources_proxy_source_only_final_training_only,mmd,,,,,merge_then_adapt,coral,near_nearest_proxy,anchor,1.0,1,1train,proxy_source,False,0.4792829228566502,2.0,direct,0.10101557119844402,0.0714855164617556,0.13606071882398654
8,bnci004,MMP_merge_then_adapt,logvar,lda,coral,11,2,2,14790,0.05,no_leakage_v1_alpha005,gate_all_sources_proxy_source_only_final_training_only,mmd,,,,,merge_then_adapt,coral,near_nearest_proxy,final,1.0,1,1train,train,False,0.2932368905788304,2.0,direct,0.10101557119844402,0.0714855164617556,0.13606071882398654
8,bnci004,MMP_merge_then_adapt,logvar,lda,coral,11,2,2,14790,0.05,no_leakage_v1_alpha005,gate_all_sources_proxy_source_only_final_training_only,mmd,,,,,merge_then_adapt,coral,near_nearest_proxy,main,2.0,3,3test,near,False,0.318587308854487,2.0,direct,0.0929775475186532,0.05670437779698416,0.12959391585099017
8,bnci004,MMP_merge_then_adapt,logvar,lda,coral,11,2,2,14790,0.05,no_leakage_v1_alpha005,gate_all_sources_proxy_source_only_final_training_only,mmd,,,,,merge_then_adapt,coral,near_nearest_proxy,anchor,2.0,3,3test,proxy_source,False,0.5207170771433498,2.0,direct,0.0929775475186532,0.05670437779698416,0.12959391585099017
8,bnci004,MMP_merge_then_adapt,logvar,lda,coral,11,2,2,14790,0.05,no_leakage_v1_alpha005,gate_all_sources_proxy_source_only_final_training_only,mmd,,,,,merge_then_adapt,coral,near_nearest_proxy,final,2.0,3,3test,train,False,0.318587308854487,2.0,direct,0.0929775475186532,0.05670437779698416,0.12959391585099017
8,bnci004,MMP_merge_then_adapt,logvar,lda,coral,11,2,2,14790,0.05,no_leakage_v1_alpha005,gate_all_sources_proxy_source_only_final_training_only,mmd,,,,,merge_then_adapt,coral,near_nearest_proxy,main,3.0,4,4test,nearest,True,0.3881758005666826,2.0,direct,0.07630923158044134,0.05656356782538132,0.10094461221331334
8,bnci004,MMP_merge_then_adapt,logvar,lda,coral,11,2,2,14790,0.05,no_leakage_v1_alpha005,gate_all_sources_proxy_source_only_final_training_only,mmd,,,,,merge_then_adapt,coral,near_nearest_proxy,anchor,3.0,4,4test,target,False,,2.0,direct,0.07630923158044134,0.05656356782538132,0.10094461221331334
8,bnci004,MMP_merge_then_adapt,logvar,lda,coral,11,2,2,14790,0.05,no_leakage_v1_alpha005,gate_all_sources_proxy_source_only_final_training_only,mmd,,,,,merge_then_adapt,coral,near_nearest_proxy,final,3.0,4,4test,train,True,0.3881758005666826,2.0,direct,0.07630923158044134,0.05656356782538132,0.10094461221331334
8,bnci004,MMP_merge_then_adapt,logvar,lda,coral,11,2,2,14790,0.05,no_leakage_v1_alpha005,gate_all_sources_proxy_source_only_final_training_only,mmd,,,,,merge_then_adapt,coral,near_nearest_proxy,main,,2,2train,target,False,,,,,,
8,bnci004,MMP_merge_then_adapt,logvar,lda,coral,11,2,2,14790,0.05,no_leakage_v1_alpha005,gate_all_sources_proxy_source_only_final_training_only,mmd,,,,,merge_then_adapt,coral,near_nearest_proxy,final,,2,2train,target,False,,,,,,
8,bnci004,MMP_merge_then_adapt,logvar,lda,coral,11,3,3,14821,0.05,no_leakage_v1_alpha005,gate_all_sources_proxy_source_only_final_training_only,mmd,,,,,merge_then_adapt,coral,near_nearest_proxy,main,0.0,0,0train,near,False,0.2556738209281984,3.0,direct,0.12672323418566392,0.09780043821955335,0.1569383206841991
8,bnci004,MMP_merge_then_adapt,logvar,lda,coral,11,3,3,14821,0.05,no_leakage_v1_alpha005,gate_all_sources_proxy_source_only_final_training_only,mmd,,,,,merge_then_adapt,coral,near_nearest_proxy,anchor,0.0,0,0train,proxy_source,False,0.45377501465717385,3.0,direct,0.12672323418566392,0.09780043821955335,0.1569383206841991
8,bnci004,MMP_merge_then_adapt,logvar,lda,coral,11,3,3,14821,0.05,no_leakage_v1_alpha005,gate_all_sources_proxy_source_only_final_training_only,mmd,,,,,merge_then_adapt,coral,near_nearest_proxy,final,0.0,0,0train,train,False,0.2556738209281984,3.0,direct,0.12672323418566392,0.09780043821955335,0.1569383206841991
8,bnci004,MMP_merge_then_adapt,logvar,lda,coral,11,3,3,14821,0.05,no_leakage_v1_alpha005,gate_all_sources_proxy_source_only_final_training_only,mmd,,,,,merge_then_adapt,coral,near_nearest_proxy,main,1.0,1,1train,nearest,True,0.43656258570922085,3.0,direct,0.0742153213684763,0.0454028013590239,0.10713389540403835
8,bnci004,MMP_merge_then_adapt,logvar,lda,coral,11,3,3,14821,0.05,no_leakage_v1_alpha005,gate_all_sources_proxy_source_only_final_training_only,mmd,,,,,merge_then_adapt,coral,near_nearest_proxy,anchor,1.0,1,1train,target,False,,3.0,direct,0.0742153213684763,0.0454028013590239,0.10713389540403835
8,bnci004,MMP_merge_then_adapt,logvar,lda,coral,11,3,3,14821,0.05,no_leakage_v1_alpha005,gate_all_sources_proxy_source_only_final_training_only,mmd,,,,,merge_then_adapt,coral,near_nearest_proxy,final,1.0,1,1train,train,True,0.43656258570922085,3.0,direct,0.0742153213684763,0.0454028013590239,0.10713389540403835
8,bnci004,MMP_merge_then_adapt,logvar,lda,coral,11,3,3,14821,0.05,no_leakage_v1_alpha005,gate_all_sources_proxy_source_only_final_training_only,mmd,,,,,merge_then_adapt,coral,near_nearest_proxy,main,2.0,2,2train,near,False,0.3077635933625807,3.0,direct,0.1052748346250446,0.060491407786653524,0.1554229320489523
8,bnci004,MMP_merge_then_adapt,logvar,lda,coral,11,3,3,14821,0.05,no_leakage_v1_alpha005,gate_all_sources_proxy_source_only_final_training_only,mmd,,,,,merge_then_adapt,coral,near_nearest_proxy,anchor,2.0,2,2train,proxy_source,False,0.5462249853428262,3.0,direct,0.1052748346250446,0.060491407786653524,0.1554229320489523
8,bnci004,MMP_merge_then_adapt,logvar,lda,coral,11,3,3,14821,0.05,no_leakage_v1_alpha005,gate_all_sources_proxy_source_only_final_training_only,mmd,,,,,merge_then_adapt,coral,near_nearest_proxy,final,2.0,2,2train,train,False,0.3077635933625807,3.0,direct,0.1052748346250446,0.060491407786653524,0.1554229320489523
8,bnci004,MMP_merge_then_adapt,logvar,lda,coral,11,3,3,14821,0.05,no_leakage_v1_alpha005,gate_all_sources_proxy_source_only_final_training_only,mmd,,,,,merge_then_adapt,coral,near_nearest_proxy,main,3.0,4,4test,far,False,,3.0,direct,0.19179538094436463,0.14568075136615252,0.24177733219966807
8,bnci004,MMP_merge_then_adapt,logvar,lda,coral,11,3,3,14821,0.05,no_leakage_v1_alpha005,gate_all_sources_proxy_source_only_final_training_only,mmd,,,,,merge_then_adapt,coral,near_nearest_proxy,anchor,3.0,4,4test,not_used,False,,3.0,direct,0.19179538094436463,0.14568075136615252,0.24177733219966807
8,bnci004,MMP_merge_then_adapt,logvar,lda,coral,11,3,3,14821,0.05,no_leakage_v1_alpha005,gate_all_sources_proxy_source_only_final_training_only,mmd,,,,,merge_then_adapt,coral,near_nearest_proxy,final,3.0,4,4test,not_used,False,,3.0,direct,0.19179538094436463,0.14568075136615252,0.24177733219966807
8,bnci004,MMP_merge_then_adapt,logvar,lda,coral,11,3,3,14821,0.05,no_leakage_v1_alpha005,gate_all_sources_proxy_source_only_final_training_only,mmd,,,,,merge_then_adapt,coral,near_nearest_proxy,main,,3,3test,target,False,,,,,,
8,bnci004,MMP_merge_then_adapt,logvar,lda,coral,11,3,3,14821,0.05,no_leakage_v1_alpha005,gate_all_sources_proxy_source_only_final_training_only,mmd,,,,,merge_then_adapt,coral,near_nearest_proxy,final,,3,3test,target,False,,,,,,
8,bnci004,MMP_merge_then_adapt,logvar,lda,coral,11,4,4,14852,0.05,no_leakage_v1_alpha005,gate_all_sources_proxy_source_only_final_training_only,mmd,,,,,merge_then_adapt,coral,near_nearest_proxy,main,0.0,0,0train,far,False,,4.0,direct,0.26492058816389524,0.23013197657407708,0.30180294900291116
8,bnci004,MMP_merge_then_adapt,logvar,lda,coral,11,4,4,14852,0.05,no_leakage_v1_alpha005,gate_all_sources_proxy_source_only_final_training_only,mmd,,,,,merge_then_adapt,coral,near_nearest_proxy,anchor,0.0,0,0train,not_used,False,,4.0,direct,0.26492058816389524,0.23013197657407708,0.30180294900291116
8,bnci004,MMP_merge_then_adapt,logvar,lda,coral,11,4,4,14852,0.05,no_leakage_v1_alpha005,gate_all_sources_proxy_source_only_final_training_only,mmd,,,,,merge_then_adapt,coral,near_nearest_proxy,final,0.0,0,0train,not_used,False,,4.0,direct,0.26492058816389524,0.23013197657407708,0.30180294900291116
8,bnci004,MMP_merge_then_adapt,logvar,lda,coral,11,4,4,14852,0.05,no_leakage_v1_alpha005,gate_all_sources_proxy_source_only_final_training_only,mmd,,,,,merge_then_adapt,coral,near_nearest_proxy,main,1.0,1,1train,far,False,,4.0,direct,0.18834843077236735,0.15491616683962617,0.22791503115630787
8,bnci004,MMP_merge_then_adapt,logvar,lda,coral,11,4,4,14852,0.05,no_leakage_v1_alpha005,gate_all_sources_proxy_source_only_final_training_only,mmd,,,,,merge_then_adapt,coral,near_nearest_proxy,anchor,1.0,1,1train,second_nearest_fallback_source,False,1.0,4.0,direct,0.18834843077236735,0.15491616683962617,0.22791503115630787
8,bnci004,MMP_merge_then_adapt,logvar,lda,coral,11,4,4,14852,0.05,no_leakage_v1_alpha005,gate_all_sources_proxy_source_only_final_training_only,mmd,,,,,merge_then_adapt,coral,near_nearest_proxy,final,1.0,1,1train,not_used,False,,4.0,direct,0.18834843077236735,0.15491616683962617,0.22791503115630787
8,bnci004,MMP_merge_then_adapt,logvar,lda,coral,11,4,4,14852,0.05,no_leakage_v1_alpha005,gate_all_sources_proxy_source_only_final_training_only,mmd,,,,,merge_then_adapt,coral,near_nearest_proxy,main,2.0,2,2train,nearest,True,1.0,4.0,direct,0.09309398053539487,0.06309138991339557,0.12512377839166275
8,bnci004,MMP_merge_then_adapt,logvar,lda,coral,11,4,4,14852,0.05,no_leakage_v1_alpha005,gate_all_sources_proxy_source_only_final_training_only,mmd,,,,,merge_then_adapt,coral,near_nearest_proxy,anchor,2.0,2,2train,target,False,,4.0,direct,0.09309398053539487,0.06309138991339557,0.12512377839166275
8,bnci004,MMP_merge_then_adapt,logvar,lda,coral,11,4,4,14852,0.05,no_leakage_v1_alpha005,gate_all_sources_proxy_source_only_final_training_only,mmd,,,,,merge_then_adapt,coral,near_nearest_proxy,final,2.0,2,2train,train,True,1.0,4.0,direct,0.09309398053539487,0.06309138991339557,0.12512377839166275
8,bnci004,MMP_merge_then_adapt,logvar,lda,coral,11,4,4,14852,0.05,no_leakage_v1_alpha005,gate_all_sources_proxy_source_only_final_training_only,mmd,,,,,merge_then_adapt,coral,near_nearest_proxy,main,3.0,3,3test,far,False,,4.0,direct,0.20174298734767837,0.1570667327388448,0.2443780537594281
8,bnci004,MMP_merge_then_adapt,logvar,lda,coral,11,4,4,14852,0.05,no_leakage_v1_alpha005,gate_all_sources_proxy_source_only_final_training_only,mmd,,,,,merge_then_adapt,coral,near_nearest_proxy,anchor,3.0,3,3test,not_used,False,,4.0,direct,0.20174298734767837,0.1570667327388448,0.2443780537594281
8,bnci004,MMP_merge_then_adapt,logvar,lda,coral,11,4,4,14852,0.05,no_leakage_v1_alpha005,gate_all_sources_proxy_source_only_final_training_only,mmd,,,,,merge_then_adapt,coral,near_nearest_proxy,final,3.0,3,3test,not_used,False,,4.0,direct,0.20174298734767837,0.1570667327388448,0.2443780537594281
8,bnci004,MMP_merge_then_adapt,logvar,lda,coral,11,4,4,14852,0.05,no_leakage_v1_alpha005,gate_all_sources_proxy_source_only_final_training_only,mmd,,,,,merge_then_adapt,coral,near_nearest_proxy,main,,4,4test,target,False,,,,,,
8,bnci004,MMP_merge_then_adapt,logvar,lda,coral,11,4,4,14852,0.05,no_leakage_v1_alpha005,gate_all_sources_proxy_source_only_final_training_only,mmd,,,,,merge_then_adapt,coral,near_nearest_proxy,final,,4,4test,target,False,,,,,,
8,bnci004,MMP_merge_then_adapt,logvar,svm_radial,none,12,0,0,15725,0.05,no_leakage_v1_alpha005,gate_all_sources_proxy_source_only_final_training_only,mmd,,,,,merge_then_adapt,coral,near_nearest_proxy,main,0.0,1,1train,nearest,True,1.0,0.0,direct,0.051327069642321116,0.028581681827879648,0.07803531386955229
8,bnci004,MMP_merge_then_adapt,logvar,svm_radial,none,12,0,0,15725,0.05,no_leakage_v1_alpha005,gate_all_sources_proxy_source_only_final_training_only,mmd,,,,,merge_then_adapt,coral,near_nearest_proxy,anchor,0.0,1,1train,target,False,,0.0,direct,0.051327069642321116,0.028581681827879648,0.07803531386955229
8,bnci004,MMP_merge_then_adapt,logvar,svm_radial,none,12,0,0,15725,0.05,no_leakage_v1_alpha005,gate_all_sources_proxy_source_only_final_training_only,mmd,,,,,merge_then_adapt,coral,near_nearest_proxy,final,0.0,1,1train,train,True,1.0,0.0,direct,0.051327069642321116,0.028581681827879648,0.07803531386955229
8,bnci004,MMP_merge_then_adapt,logvar,svm_radial,none,12,0,0,15725,0.05,no_leakage_v1_alpha005,gate_all_sources_proxy_source_only_final_training_only,mmd,,,,,merge_then_adapt,coral,near_nearest_proxy,main,1.0,2,2train,far,False,,0.0,direct,0.22078089954746005,0.17808516672336117,0.2720764618327773
8,bnci004,MMP_merge_then_adapt,logvar,svm_radial,none,12,0,0,15725,0.05,no_leakage_v1_alpha005,gate_all_sources_proxy_source_only_final_training_only,mmd,,,,,merge_then_adapt,coral,near_nearest_proxy,anchor,1.0,2,2train,not_used,False,,0.0,direct,0.22078089954746005,0.17808516672336117,0.2720764618327773
8,bnci004,MMP_merge_then_adapt,logvar,svm_radial,none,12,0,0,15725,0.05,no_leakage_v1_alpha005,gate_all_sources_proxy_source_only_final_training_only,mmd,,,,,merge_then_adapt,coral,near_nearest_proxy,final,1.0,2,2train,not_used,False,,0.0,direct,0.22078089954746005,0.17808516672336117,0.2720764618327773
8,bnci004,MMP_merge_then_adapt,logvar,svm_radial,none,12,0,0,15725,0.05,no_leakage_v1_alpha005,gate_all_sources_proxy_source_only_final_training_only,mmd,,,,,merge_then_adapt,coral,near_nearest_proxy,main,2.0,3,3test,far,False,,0.0,direct,0.14840370639066272,0.11222977164146358,0.19020304063920979
8,bnci004,MMP_merge_then_adapt,logvar,svm_radial,none,12,0,0,15725,0.05,no_leakage_v1_alpha005,gate_all_sources_proxy_source_only_final_training_only,mmd,,,,,merge_then_adapt,coral,near_nearest_proxy,anchor,2.0,3,3test,second_nearest_fallback_source,False,1.0,0.0,direct,0.14840370639066272,0.11222977164146358,0.19020304063920979
8,bnci004,MMP_merge_then_adapt,logvar,svm_radial,none,12,0,0,15725,0.05,no_leakage_v1_alpha005,gate_all_sources_proxy_source_only_final_training_only,mmd,,,,,merge_then_adapt,coral,near_nearest_proxy,final,2.0,3,3test,not_used,False,,0.0,direct,0.14840370639066272,0.11222977164146358,0.19020304063920979
8,bnci004,MMP_merge_then_adapt,logvar,svm_radial,none,12,0,0,15725,0.05,no_leakage_v1_alpha005,gate_all_sources_proxy_source_only_final_training_only,mmd,,,,,merge_then_adapt,coral,near_nearest_proxy,main,3.0,4,4test,far,False,,0.0,direct,0.2767642110110724,0.2367479066133452,0.3241021307836324
8,bnci004,MMP_merge_then_adapt,logvar,svm_radial,none,12,0,0,15725,0.05,no_leakage_v1_alpha005,gate_all_sources_proxy_source_only_final_training_only,mmd,,,,,merge_then_adapt,coral,near_nearest_proxy,anchor,3.0,4,4test,not_used,False,,0.0,direct,0.2767642110110724,0.2367479066133452,0.3241021307836324
8,bnci004,MMP_merge_then_adapt,logvar,svm_radial,none,12,0,0,15725,0.05,no_leakage_v1_alpha005,gate_all_sources_proxy_source_only_final_training_only,mmd,,,,,merge_then_adapt,coral,near_nearest_proxy,final,3.0,4,4test,not_used,False,,0.0,direct,0.2767642110110724,0.2367479066133452,0.3241021307836324
8,bnci004,MMP_merge_then_adapt,logvar,svm_radial,none,12,0,0,15725,0.05,no_leakage_v1_alpha005,gate_all_sources_proxy_source_only_final_training_only,mmd,,,,,merge_then_adapt,coral,near_nearest_proxy,main,,0,0train,target,False,,,,,,
8,bnci004,MMP_merge_then_adapt,logvar,svm_radial,none,12,0,0,15725,0.05,no_leakage_v1_alpha005,gate_all_sources_proxy_source_only_final_training_only,mmd,,,,,merge_then_adapt,coral,near_nearest_proxy,final,,0,0train,target,False,,,,,,
8,bnci004,MMP_merge_then_adapt,logvar,svm_radial,none,12,1,1,15756,0.05,no_leakage_v1_alpha005,gate_all_sources_proxy_source_only_final_training_only,mmd,,,,,merge_then_adapt,coral,near_nearest_proxy,main,0.0,0,0train,nearest,True,0.48205427849939786,1.0,direct,0.05371324708032174,0.03413770665204466,0.08282251868572989
8,bnci004,MMP_merge_then_adapt,logvar,svm_radial,none,12,1,1,15756,0.05,no_leakage_v1_alpha005,gate_all_sources_proxy_source_only_final_training_only,mmd,,,,,merge_then_adapt,coral,near_nearest_proxy,anchor,0.0,0,0train,target,False,,1.0,direct,0.05371324708032174,0.03413770665204466,0.08282251868572989
8,bnci004,MMP_merge_then_adapt,logvar,svm_radial,none,12,1,1,15756,0.05,no_leakage_v1_alpha005,gate_all_sources_proxy_source_only_final_training_only,mmd,,,,,merge_then_adapt,coral,near_nearest_proxy,final,0.0,0,0train,train,True,0.48205427849939786,1.0,direct,0.05371324708032174,0.03413770665204466,0.08282251868572989
8,bnci004,MMP_merge_then_adapt,logvar,svm_radial,none,12,1,1,15756,0.05,no_leakage_v1_alpha005,gate_all_sources_proxy_source_only_final_training_only,mmd,,,,,merge_then_adapt,coral,near_nearest_proxy,main,1.0,2,2train,near,False,0.2290425806564221,1.0,direct,0.11304864582233837,0.07723130649223225,0.15550515392623546
8,bnci004,MMP_merge_then_adapt,logvar,svm_radial,none,12,1,1,15756,0.05,no_leakage_v1_alpha005,gate_all_sources_proxy_source_only_final_training_only,mmd,,,,,merge_then_adapt,coral,near_nearest_proxy,anchor,1.0,2,2train,proxy_source,False,0.4422134813525162,1.0,direct,0.11304864582233837,0.07723130649223225,0.15550515392623546
8,bnci004,MMP_merge_then_adapt,logvar,svm_radial,none,12,1,1,15756,0.05,no_leakage_v1_alpha005,gate_all_sources_proxy_source_only_final_training_only,mmd,,,,,merge_then_adapt,coral,near_nearest_proxy,final,1.0,2,2train,train,False,0.2290425806564221,1.0,direct,0.11304864582233837,0.07723130649223225,0.15550515392623546
8,bnci004,MMP_merge_then_adapt,logvar,svm_radial,none,12,1,1,15756,0.05,no_leakage_v1_alpha005,gate_all_sources_proxy_source_only_final_training_only,mmd,,,,,merge_then_adapt,coral,near_nearest_proxy,main,2.0,3,3test,near,False,0.2889031408441802,1.0,direct,0.08962482596292495,0.05755972363362265,0.13690715795549496
8,bnci004,MMP_merge_then_adapt,logvar,svm_radial,none,12,1,1,15756,0.05,no_leakage_v1_alpha005,gate_all_sources_proxy_source_only_final_training_only,mmd,,,,,merge_then_adapt,coral,near_nearest_proxy,anchor,2.0,3,3test,proxy_source,False,0.5577865186474839,1.0,direct,0.08962482596292495,0.05755972363362265,0.13690715795549496
8,bnci004,MMP_merge_then_adapt,logvar,svm_radial,none,12,1,1,15756,0.05,no_leakage_v1_alpha005,gate_all_sources_proxy_source_only_final_training_only,mmd,,,,,merge_then_adapt,coral,near_nearest_proxy,final,2.0,3,3test,train,False,0.2889031408441802,1.0,direct,0.08962482596292495,0.05755972363362265,0.13690715795549496
8,bnci004,MMP_merge_then_adapt,logvar,svm_radial,none,12,1,1,15756,0.05,no_leakage_v1_alpha005,gate_all_sources_proxy_source_only_final_training_only,mmd,,,,,merge_then_adapt,coral,near_nearest_proxy,main,3.0,4,4test,far,False,,1.0,direct,0.17917284505688055,0.14516732617809483,0.2211662089506337
8,bnci004,MMP_merge_then_adapt,logvar,svm_radial,none,12,1,1,15756,0.05,no_leakage_v1_alpha005,gate_all_sources_proxy_source_only_final_training_only,mmd,,,,,merge_then_adapt,coral,near_nearest_proxy,anchor,3.0,4,4test,not_used,False,,1.0,direct,0.17917284505688055,0.14516732617809483,0.2211662089506337
8,bnci004,MMP_merge_then_adapt,logvar,svm_radial,none,12,1,1,15756,0.05,no_leakage_v1_alpha005,gate_all_sources_proxy_source_only_final_training_only,mmd,,,,,merge_then_adapt,coral,near_nearest_proxy,final,3.0,4,4test,not_used,False,,1.0,direct,0.17917284505688055,0.14516732617809483,0.2211662089506337
8,bnci004,MMP_merge_then_adapt,logvar,svm_radial,none,12,1,1,15756,0.05,no_leakage_v1_alpha005,gate_all_sources_proxy_source_only_final_training_only,mmd,,,,,merge_then_adapt,coral,near_nearest_proxy,main,,1,1train,target,False,,,,,,
8,bnci004,MMP_merge_then_adapt,logvar,svm_radial,none,12,1,1,15756,0.05,no_leakage_v1_alpha005,gate_all_sources_proxy_source_only_final_training_only,mmd,,,,,merge_then_adapt,coral,near_nearest_proxy,final,,1,1train,target,False,,,,,,
8,bnci004,MMP_merge_then_adapt,logvar,svm_radial,none,12,2,2,15787,0.05,no_leakage_v1_alpha005,gate_all_sources_proxy_source_only_final_training_only,mmd,,,,,merge_then_adapt,coral,near_nearest_proxy,main,0.0,0,0train,far,False,,2.0,direct,0.18508652703053563,0.15061066578286125,0.227939754906638
8,bnci004,MMP_merge_then_adapt,logvar,svm_radial,none,12,2,2,15787,0.05,no_leakage_v1_alpha005,gate_all_sources_proxy_source_only_final_training_only,mmd,,,,,merge_then_adapt,coral,near_nearest_proxy,anchor,0.0,0,0train,not_used,False,,2.0,direct,0.18508652703053563,0.15061066578286125,0.227939754906638
8,bnci004,MMP_merge_then_adapt,logvar,svm_radial,none,12,2,2,15787,0.05,no_leakage_v1_alpha005,gate_all_sources_proxy_source_only_final_training_only,mmd,,,,,merge_then_adapt,coral,near_nearest_proxy,final,0.0,0,0train,not_used,False,,2.0,direct,0.18508652703053563,0.15061066578286125,0.227939754906638
8,bnci004,MMP_merge_then_adapt,logvar,svm_radial,none,12,2,2,15787,0.05,no_leakage_v1_alpha005,gate_all_sources_proxy_source_only_final_training_only,mmd,,,,,merge_then_adapt,coral,near_nearest_proxy,main,1.0,1,1train,near,False,0.2895516872529469,2.0,direct,0.10387772882220173,0.07349122429810957,0.1384830275900538
8,bnci004,MMP_merge_then_adapt,logvar,svm_radial,none,12,2,2,15787,0.05,no_leakage_v1_alpha005,gate_all_sources_proxy_source_only_final_training_only,mmd,,,,,merge_then_adapt,coral,near_nearest_proxy,anchor,1.0,1,1train,proxy_source,False,0.47361368196158093,2.0,direct,0.10387772882220173,0.07349122429810957,0.1384830275900538
8,bnci004,MMP_merge_then_adapt,logvar,svm_radial,none,12,2,2,15787,0.05,no_leakage_v1_alpha005,gate_all_sources_proxy_source_only_final_training_only,mmd,,,,,merge_then_adapt,coral,near_nearest_proxy,final,1.0,1,1train,train,False,0.2895516872529469,2.0,direct,0.10387772882220173,0.07349122429810957,0.1384830275900538
8,bnci004,MMP_merge_then_adapt,logvar,svm_radial,none,12,2,2,15787,0.05,no_leakage_v1_alpha005,gate_all_sources_proxy_source_only_final_training_only,mmd,,,,,merge_then_adapt,coral,near_nearest_proxy,main,2.0,3,3test,near,False,0.32181512557581565,2.0,direct,0.09346341111598333,0.06526999232644057,0.13169962365449997
8,bnci004,MMP_merge_then_adapt,logvar,svm_radial,none,12,2,2,15787,0.05,no_leakage_v1_alpha005,gate_all_sources_proxy_source_only_final_training_only,mmd,,,,,merge_then_adapt,coral,near_nearest_proxy,anchor,2.0,3,3test,proxy_source,False,0.5263863180384192,2.0,direct,0.09346341111598333,0.06526999232644057,0.13169962365449997
8,bnci004,MMP_merge_then_adapt,logvar,svm_radial,none,12,2,2,15787,0.05,no_leakage_v1_alpha005,gate_all_sources_proxy_source_only_final_training_only,mmd,,,,,merge_then_adapt,coral,near_nearest_proxy,final,2.0,3,3test,train,False,0.32181512557581565,2.0,direct,0.09346341111598333,0.06526999232644057,0.13169962365449997
8,bnci004,MMP_merge_then_adapt,logvar,svm_radial,none,12,2,2,15787,0.05,no_leakage_v1_alpha005,gate_all_sources_proxy_source_only_final_training_only,mmd,,,,,merge_then_adapt,coral,near_nearest_proxy,main,3.0,4,4test,nearest,True,0.3886331871712376,2.0,direct,0.07739398888165437,0.0575716256688649,0.10183973932632738
8,bnci004,MMP_merge_then_adapt,logvar,svm_radial,none,12,2,2,15787,0.05,no_leakage_v1_alpha005,gate_all_sources_proxy_source_only_final_training_only,mmd,,,,,merge_then_adapt,coral,near_nearest_proxy,anchor,3.0,4,4test,target,False,,2.0,direct,0.07739398888165437,0.0575716256688649,0.10183973932632738
8,bnci004,MMP_merge_then_adapt,logvar,svm_radial,none,12,2,2,15787,0.05,no_leakage_v1_alpha005,gate_all_sources_proxy_source_only_final_training_only,mmd,,,,,merge_then_adapt,coral,near_nearest_proxy,final,3.0,4,4test,train,True,0.3886331871712376,2.0,direct,0.07739398888165437,0.0575716256688649,0.10183973932632738
8,bnci004,MMP_merge_then_adapt,logvar,svm_radial,none,12,2,2,15787,0.05,no_leakage_v1_alpha005,gate_all_sources_proxy_source_only_final_training_only,mmd,,,,,merge_then_adapt,coral,near_nearest_proxy,main,,2,2train,target,False,,,,,,
8,bnci004,MMP_merge_then_adapt,logvar,svm_radial,none,12,2,2,15787,0.05,no_leakage_v1_alpha005,gate_all_sources_proxy_source_only_final_training_only,mmd,,,,,merge_then_adapt,coral,near_nearest_proxy,final,,2,2train,target,False,,,,,,
8,bnci004,MMP_merge_then_adapt,logvar,svm_radial,none,12,3,3,15818,0.05,no_leakage_v1_alpha005,gate_all_sources_proxy_source_only_final_training_only,mmd,,,,,merge_then_adapt,coral,near_nearest_proxy,main,0.0,0,0train,near,False,0.2555981881783084,3.0,direct,0.12796054243811067,0.10206562811271504,0.15809001938329856
8,bnci004,MMP_merge_then_adapt,logvar,svm_radial,none,12,3,3,15818,0.05,no_leakage_v1_alpha005,gate_all_sources_proxy_source_only_final_training_only,mmd,,,,,merge_then_adapt,coral,near_nearest_proxy,anchor,0.0,0,0train,proxy_source,False,0.45052859394623856,3.0,direct,0.12796054243811067,0.10206562811271504,0.15809001938329856
8,bnci004,MMP_merge_then_adapt,logvar,svm_radial,none,12,3,3,15818,0.05,no_leakage_v1_alpha005,gate_all_sources_proxy_source_only_final_training_only,mmd,,,,,merge_then_adapt,coral,near_nearest_proxy,final,0.0,0,0train,train,False,0.2555981881783084,3.0,direct,0.12796054243811067,0.10206562811271504,0.15809001938329856
8,bnci004,MMP_merge_then_adapt,logvar,svm_radial,none,12,3,3,15818,0.05,no_leakage_v1_alpha005,gate_all_sources_proxy_source_only_final_training_only,mmd,,,,,merge_then_adapt,coral,near_nearest_proxy,main,1.0,1,1train,nearest,True,0.4326704417593329,3.0,direct,0.07559172658120587,0.04436487099341406,0.11555706863627449
8,bnci004,MMP_merge_then_adapt,logvar,svm_radial,none,12,3,3,15818,0.05,no_leakage_v1_alpha005,gate_all_sources_proxy_source_only_final_training_only,mmd,,,,,merge_then_adapt,coral,near_nearest_proxy,anchor,1.0,1,1train,target,False,,3.0,direct,0.07559172658120587,0.04436487099341406,0.11555706863627449
8,bnci004,MMP_merge_then_adapt,logvar,svm_radial,none,12,3,3,15818,0.05,no_leakage_v1_alpha005,gate_all_sources_proxy_source_only_final_training_only,mmd,,,,,merge_then_adapt,coral,near_nearest_proxy,final,1.0,1,1train,train,True,0.4326704417593329,3.0,direct,0.07559172658120587,0.04436487099341406,0.11555706863627449
8,bnci004,MMP_merge_then_adapt,logvar,svm_radial,none,12,3,3,15818,0.05,no_leakage_v1_alpha005,gate_all_sources_proxy_source_only_final_training_only,mmd,,,,,merge_then_adapt,coral,near_nearest_proxy,main,2.0,2,2train,near,False,0.31173137006235874,3.0,direct,0.10491862485886537,0.06738302953789367,0.1682865917570955
8,bnci004,MMP_merge_then_adapt,logvar,svm_radial,none,12,3,3,15818,0.05,no_leakage_v1_alpha005,gate_all_sources_proxy_source_only_final_training_only,mmd,,,,,merge_then_adapt,coral,near_nearest_proxy,anchor,2.0,2,2train,proxy_source,False,0.5494714060537614,3.0,direct,0.10491862485886537,0.06738302953789367,0.1682865917570955
8,bnci004,MMP_merge_then_adapt,logvar,svm_radial,none,12,3,3,15818,0.05,no_leakage_v1_alpha005,gate_all_sources_proxy_source_only_final_training_only,mmd,,,,,merge_then_adapt,coral,near_nearest_proxy,final,2.0,2,2train,train,False,0.31173137006235874,3.0,direct,0.10491862485886537,0.06738302953789367,0.1682865917570955
8,bnci004,MMP_merge_then_adapt,logvar,svm_radial,none,12,3,3,15818,0.05,no_leakage_v1_alpha005,gate_all_sources_proxy_source_only_final_training_only,mmd,,,,,merge_then_adapt,coral,near_nearest_proxy,main,3.0,4,4test,far,False,,3.0,direct,0.1953421327167133,0.15226591570007025,0.24662357197144286
8,bnci004,MMP_merge_then_adapt,logvar,svm_radial,none,12,3,3,15818,0.05,no_leakage_v1_alpha005,gate_all_sources_proxy_source_only_final_training_only,mmd,,,,,merge_then_adapt,coral,near_nearest_proxy,anchor,3.0,4,4test,not_used,False,,3.0,direct,0.1953421327167133,0.15226591570007025,0.24662357197144286
8,bnci004,MMP_merge_then_adapt,logvar,svm_radial,none,12,3,3,15818,0.05,no_leakage_v1_alpha005,gate_all_sources_proxy_source_only_final_training_only,mmd,,,,,merge_then_adapt,coral,near_nearest_proxy,final,3.0,4,4test,not_used,False,,3.0,direct,0.1953421327167133,0.15226591570007025,0.24662357197144286
8,bnci004,MMP_merge_then_adapt,logvar,svm_radial,none,12,3,3,15818,0.05,no_leakage_v1_alpha005,gate_all_sources_proxy_source_only_final_training_only,mmd,,,,,merge_then_adapt,coral,near_nearest_proxy,main,,3,3test,target,False,,,,,,
8,bnci004,MMP_merge_then_adapt,logvar,svm_radial,none,12,3,3,15818,0.05,no_leakage_v1_alpha005,gate_all_sources_proxy_source_only_final_training_only,mmd,,,,,merge_then_adapt,coral,near_nearest_proxy,final,,3,3test,target,False,,,,,,
8,bnci004,MMP_merge_then_adapt,logvar,svm_radial,none,12,4,4,15849,0.05,no_leakage_v1_alpha005,gate_all_sources_proxy_source_only_final_training_only,mmd,,,,,merge_then_adapt,coral,near_nearest_proxy,main,0.0,0,0train,far,False,,4.0,direct,0.2632692538124568,0.2284010502320184,0.30034895936344713
8,bnci004,MMP_merge_then_adapt,logvar,svm_radial,none,12,4,4,15849,0.05,no_leakage_v1_alpha005,gate_all_sources_proxy_source_only_final_training_only,mmd,,,,,merge_then_adapt,coral,near_nearest_proxy,anchor,0.0,0,0train,not_used,False,,4.0,direct,0.2632692538124568,0.2284010502320184,0.30034895936344713
8,bnci004,MMP_merge_then_adapt,logvar,svm_radial,none,12,4,4,15849,0.05,no_leakage_v1_alpha005,gate_all_sources_proxy_source_only_final_training_only,mmd,,,,,merge_then_adapt,coral,near_nearest_proxy,final,0.0,0,0train,not_used,False,,4.0,direct,0.2632692538124568,0.2284010502320184,0.30034895936344713
8,bnci004,MMP_merge_then_adapt,logvar,svm_radial,none,12,4,4,15849,0.05,no_leakage_v1_alpha005,gate_all_sources_proxy_source_only_final_training_only,mmd,,,,,merge_then_adapt,coral,near_nearest_proxy,main,1.0,1,1train,far,False,,4.0,direct,0.1892744305524364,0.14905422270082896,0.23458212124593716
8,bnci004,MMP_merge_then_adapt,logvar,svm_radial,none,12,4,4,15849,0.05,no_leakage_v1_alpha005,gate_all_sources_proxy_source_only_final_training_only,mmd,,,,,merge_then_adapt,coral,near_nearest_proxy,anchor,1.0,1,1train,second_nearest_fallback_source,False,1.0,4.0,direct,0.1892744305524364,0.14905422270082896,0.23458212124593716
8,bnci004,MMP_merge_then_adapt,logvar,svm_radial,none,12,4,4,15849,0.05,no_leakage_v1_alpha005,gate_all_sources_proxy_source_only_final_training_only,mmd,,,,,merge_then_adapt,coral,near_nearest_proxy,final,1.0,1,1train,not_used,False,,4.0,direct,0.1892744305524364,0.14905422270082896,0.23458212124593716
8,bnci004,MMP_merge_then_adapt,logvar,svm_radial,none,12,4,4,15849,0.05,no_leakage_v1_alpha005,gate_all_sources_proxy_source_only_final_training_only,mmd,,,,,merge_then_adapt,coral,near_nearest_proxy,main,2.0,2,2train,nearest,True,1.0,4.0,direct,0.09207736761886672,0.06484136781443384,0.11930811281317148
8,bnci004,MMP_merge_then_adapt,logvar,svm_radial,none,12,4,4,15849,0.05,no_leakage_v1_alpha005,gate_all_sources_proxy_source_only_final_training_only,mmd,,,,,merge_then_adapt,coral,near_nearest_proxy,anchor,2.0,2,2train,target,False,,4.0,direct,0.09207736761886672,0.06484136781443384,0.11930811281317148
8,bnci004,MMP_merge_then_adapt,logvar,svm_radial,none,12,4,4,15849,0.05,no_leakage_v1_alpha005,gate_all_sources_proxy_source_only_final_training_only,mmd,,,,,merge_then_adapt,coral,near_nearest_proxy,final,2.0,2,2train,train,True,1.0,4.0,direct,0.09207736761886672,0.06484136781443384,0.11930811281317148
8,bnci004,MMP_merge_then_adapt,logvar,svm_radial,none,12,4,4,15849,0.05,no_leakage_v1_alpha005,gate_all_sources_proxy_source_only_final_training_only,mmd,,,,,merge_then_adapt,coral,near_nearest_proxy,main,3.0,3,3test,far,False,,4.0,direct,0.20342588475026824,0.15520401341806822,0.25377262573207504
8,bnci004,MMP_merge_then_adapt,logvar,svm_radial,none,12,4,4,15849,0.05,no_leakage_v1_alpha005,gate_all_sources_proxy_source_only_final_training_only,mmd,,,,,merge_then_adapt,coral,near_nearest_proxy,anchor,3.0,3,3test,not_used,False,,4.0,direct,0.20342588475026824,0.15520401341806822,0.25377262573207504
8,bnci004,MMP_merge_then_adapt,logvar,svm_radial,none,12,4,4,15849,0.05,no_leakage_v1_alpha005,gate_all_sources_proxy_source_only_final_training_only,mmd,,,,,merge_then_adapt,coral,near_nearest_proxy,final,3.0,3,3test,not_used,False,,4.0,direct,0.20342588475026824,0.15520401341806822,0.25377262573207504
8,bnci004,MMP_merge_then_adapt,logvar,svm_radial,none,12,4,4,15849,0.05,no_leakage_v1_alpha005,gate_all_sources_proxy_source_only_final_training_only,mmd,,,,,merge_then_adapt,coral,near_nearest_proxy,main,,4,4test,target,False,,,,,,
8,bnci004,MMP_merge_then_adapt,logvar,svm_radial,none,12,4,4,15849,0.05,no_leakage_v1_alpha005,gate_all_sources_proxy_source_only_final_training_only,mmd,,,,,merge_then_adapt,coral,near_nearest_proxy,final,,4,4test,target,False,,,,,,
8,bnci004,MMP_merge_then_adapt,logvar,svm_radial,sa,13,0,0,16722,0.05,no_leakage_v1_alpha005,gate_all_sources_proxy_source_only_final_training_only,mmd,,,,,merge_then_adapt,coral,near_nearest_proxy,main,0.0,1,1train,nearest,True,1.0,0.0,direct,0.051844717618521184,0.02745713191535939,0.0839192252766164
8,bnci004,MMP_merge_then_adapt,logvar,svm_radial,sa,13,0,0,16722,0.05,no_leakage_v1_alpha005,gate_all_sources_proxy_source_only_final_training_only,mmd,,,,,merge_then_adapt,coral,near_nearest_proxy,anchor,0.0,1,1train,target,False,,0.0,direct,0.051844717618521184,0.02745713191535939,0.0839192252766164
8,bnci004,MMP_merge_then_adapt,logvar,svm_radial,sa,13,0,0,16722,0.05,no_leakage_v1_alpha005,gate_all_sources_proxy_source_only_final_training_only,mmd,,,,,merge_then_adapt,coral,near_nearest_proxy,final,0.0,1,1train,train,True,1.0,0.0,direct,0.051844717618521184,0.02745713191535939,0.0839192252766164
8,bnci004,MMP_merge_then_adapt,logvar,svm_radial,sa,13,0,0,16722,0.05,no_leakage_v1_alpha005,gate_all_sources_proxy_source_only_final_training_only,mmd,,,,,merge_then_adapt,coral,near_nearest_proxy,main,1.0,2,2train,far,False,,0.0,direct,0.2234309457613142,0.18193167384852363,0.2633833699528685
8,bnci004,MMP_merge_then_adapt,logvar,svm_radial,sa,13,0,0,16722,0.05,no_leakage_v1_alpha005,gate_all_sources_proxy_source_only_final_training_only,mmd,,,,,merge_then_adapt,coral,near_nearest_proxy,anchor,1.0,2,2train,not_used,False,,0.0,direct,0.2234309457613142,0.18193167384852363,0.2633833699528685
8,bnci004,MMP_merge_then_adapt,logvar,svm_radial,sa,13,0,0,16722,0.05,no_leakage_v1_alpha005,gate_all_sources_proxy_source_only_final_training_only,mmd,,,,,merge_then_adapt,coral,near_nearest_proxy,final,1.0,2,2train,not_used,False,,0.0,direct,0.2234309457613142,0.18193167384852363,0.2633833699528685
8,bnci004,MMP_merge_then_adapt,logvar,svm_radial,sa,13,0,0,16722,0.05,no_leakage_v1_alpha005,gate_all_sources_proxy_source_only_final_training_only,mmd,,,,,merge_then_adapt,coral,near_nearest_proxy,main,2.0,3,3test,far,False,,0.0,direct,0.1497044248538873,0.11345867695889408,0.1891755366480362
8,bnci004,MMP_merge_then_adapt,logvar,svm_radial,sa,13,0,0,16722,0.05,no_leakage_v1_alpha005,gate_all_sources_proxy_source_only_final_training_only,mmd,,,,,merge_then_adapt,coral,near_nearest_proxy,anchor,2.0,3,3test,second_nearest_fallback_source,False,1.0,0.0,direct,0.1497044248538873,0.11345867695889408,0.1891755366480362
8,bnci004,MMP_merge_then_adapt,logvar,svm_radial,sa,13,0,0,16722,0.05,no_leakage_v1_alpha005,gate_all_sources_proxy_source_only_final_training_only,mmd,,,,,merge_then_adapt,coral,near_nearest_proxy,final,2.0,3,3test,not_used,False,,0.0,direct,0.1497044248538873,0.11345867695889408,0.1891755366480362
8,bnci004,MMP_merge_then_adapt,logvar,svm_radial,sa,13,0,0,16722,0.05,no_leakage_v1_alpha005,gate_all_sources_proxy_source_only_final_training_only,mmd,,,,,merge_then_adapt,coral,near_nearest_proxy,main,3.0,4,4test,far,False,,0.0,direct,0.27651073713361235,0.2323050616507579,0.32199053121184923
8,bnci004,MMP_merge_then_adapt,logvar,svm_radial,sa,13,0,0,16722,0.05,no_leakage_v1_alpha005,gate_all_sources_proxy_source_only_final_training_only,mmd,,,,,merge_then_adapt,coral,near_nearest_proxy,anchor,3.0,4,4test,not_used,False,,0.0,direct,0.27651073713361235,0.2323050616507579,0.32199053121184923
8,bnci004,MMP_merge_then_adapt,logvar,svm_radial,sa,13,0,0,16722,0.05,no_leakage_v1_alpha005,gate_all_sources_proxy_source_only_final_training_only,mmd,,,,,merge_then_adapt,coral,near_nearest_proxy,final,3.0,4,4test,not_used,False,,0.0,direct,0.27651073713361235,0.2323050616507579,0.32199053121184923
8,bnci004,MMP_merge_then_adapt,logvar,svm_radial,sa,13,0,0,16722,0.05,no_leakage_v1_alpha005,gate_all_sources_proxy_source_only_final_training_only,mmd,,,,,merge_then_adapt,coral,near_nearest_proxy,main,,0,0train,target,False,,,,,,
8,bnci004,MMP_merge_then_adapt,logvar,svm_radial,sa,13,0,0,16722,0.05,no_leakage_v1_alpha005,gate_all_sources_proxy_source_only_final_training_only,mmd,,,,,merge_then_adapt,coral,near_nearest_proxy,final,,0,0train,target,False,,,,,,
8,bnci004,MMP_merge_then_adapt,logvar,svm_radial,sa,13,1,1,16753,0.05,no_leakage_v1_alpha005,gate_all_sources_proxy_source_only_final_training_only,mmd,,,,,merge_then_adapt,coral,near_nearest_proxy,main,0.0,0,0train,nearest,True,0.47162038546933127,1.0,direct,0.05525122276257886,0.03182122305995503,0.08510489683643242
8,bnci004,MMP_merge_then_adapt,logvar,svm_radial,sa,13,1,1,16753,0.05,no_leakage_v1_alpha005,gate_all_sources_proxy_source_only_final_training_only,mmd,,,,,merge_then_adapt,coral,near_nearest_proxy,anchor,0.0,0,0train,target,False,,1.0,direct,0.05525122276257886,0.03182122305995503,0.08510489683643242
8,bnci004,MMP_merge_then_adapt,logvar,svm_radial,sa,13,1,1,16753,0.05,no_leakage_v1_alpha005,gate_all_sources_proxy_source_only_final_training_only,mmd,,,,,merge_then_adapt,coral,near_nearest_proxy,final,0.0,0,0train,train,True,0.47162038546933127,1.0,direct,0.05525122276257886,0.03182122305995503,0.08510489683643242
8,bnci004,MMP_merge_then_adapt,logvar,svm_radial,sa,13,1,1,16753,0.05,no_leakage_v1_alpha005,gate_all_sources_proxy_source_only_final_training_only,mmd,,,,,merge_then_adapt,coral,near_nearest_proxy,main,1.0,2,2train,near,False,0.22333757843355528,1.0,direct,0.1166747281962618,0.07976813000869852,0.1597185375452698
8,bnci004,MMP_merge_then_adapt,logvar,svm_radial,sa,13,1,1,16753,0.05,no_leakage_v1_alpha005,gate_all_sources_proxy_source_only_final_training_only,mmd,,,,,merge_then_adapt,coral,near_nearest_proxy,anchor,1.0,2,2train,proxy_source,False,0.4226839421727768,1.0,direct,0.1166747281962618,0.07976813000869852,0.1597185375452698
8,bnci004,MMP_merge_then_adapt,logvar,svm_radial,sa,13,1,1,16753,0.05,no_leakage_v1_alpha005,gate_all_sources_proxy_source_only_final_training_only,mmd,,,,,merge_then_adapt,coral,near_nearest_proxy,final,1.0,2,2train,train,False,0.22333757843355528,1.0,direct,0.1166747281962618,0.07976813000869852,0.1597185375452698
8,bnci004,MMP_merge_then_adapt,logvar,svm_radial,sa,13,1,1,16753,0.05,no_leakage_v1_alpha005,gate_all_sources_proxy_source_only_final_training_only,mmd,,,,,merge_then_adapt,coral,near_nearest_proxy,main,2.0,3,3test,near,False,0.3050420360971134,1.0,direct,0.08542353666624797,0.05539898233954609,0.12463379018398084
8,bnci004,MMP_merge_then_adapt,logvar,svm_radial,sa,13,1,1,16753,0.05,no_leakage_v1_alpha005,gate_all_sources_proxy_source_only_final_training_only,mmd,,,,,merge_then_adapt,coral,near_nearest_proxy,anchor,2.0,3,3test,proxy_source,False,0.5773160578272231,1.0,direct,0.08542353666624797,0.05539898233954609,0.12463379018398084
8,bnci004,MMP_merge_then_adapt,logvar,svm_radial,sa,13,1,1,16753,0.05,no_leakage_v1_alpha005,gate_all_sources_proxy_source_only_final_training_only,mmd,,,,,merge_then_adapt,coral,near_nearest_proxy,final,2.0,3,3test,train,False,0.3050420360971134,1.0,direct,0.08542353666624797,0.05539898233954609,0.12463379018398084
8,bnci004,MMP_merge_then_adapt,logvar,svm_radial,sa,13,1,1,16753,0.05,no_leakage_v1_alpha005,gate_all_sources_proxy_source_only_final_training_only,mmd,,,,,merge_then_adapt,coral,near_nearest_proxy,main,3.0,4,4test,far,False,,1.0,direct,0.1794127885313646,0.14216707083363725,0.22592858319601053
8,bnci004,MMP_merge_then_adapt,logvar,svm_radial,sa,13,1,1,16753,0.05,no_leakage_v1_alpha005,gate_all_sources_proxy_source_only_final_training_only,mmd,,,,,merge_then_adapt,coral,near_nearest_proxy,anchor,3.0,4,4test,not_used,False,,1.0,direct,0.1794127885313646,0.14216707083363725,0.22592858319601053
8,bnci004,MMP_merge_then_adapt,logvar,svm_radial,sa,13,1,1,16753,0.05,no_leakage_v1_alpha005,gate_all_sources_proxy_source_only_final_training_only,mmd,,,,,merge_then_adapt,coral,near_nearest_proxy,final,3.0,4,4test,not_used,False,,1.0,direct,0.1794127885313646,0.14216707083363725,0.22592858319601053
8,bnci004,MMP_merge_then_adapt,logvar,svm_radial,sa,13,1,1,16753,0.05,no_leakage_v1_alpha005,gate_all_sources_proxy_source_only_final_training_only,mmd,,,,,merge_then_adapt,coral,near_nearest_proxy,main,,1,1train,target,False,,,,,,
8,bnci004,MMP_merge_then_adapt,logvar,svm_radial,sa,13,1,1,16753,0.05,no_leakage_v1_alpha005,gate_all_sources_proxy_source_only_final_training_only,mmd,,,,,merge_then_adapt,coral,near_nearest_proxy,final,,1,1train,target,False,,,,,,
8,bnci004,MMP_merge_then_adapt,logvar,svm_radial,sa,13,2,2,16784,0.05,no_leakage_v1_alpha005,gate_all_sources_proxy_source_only_final_training_only,mmd,,,,,merge_then_adapt,coral,near_nearest_proxy,main,0.0,0,0train,far,False,,2.0,direct,0.1865981431559015,0.15174652949690665,0.22229681304617777
8,bnci004,MMP_merge_then_adapt,logvar,svm_radial,sa,13,2,2,16784,0.05,no_leakage_v1_alpha005,gate_all_sources_proxy_source_only_final_training_only,mmd,,,,,merge_then_adapt,coral,near_nearest_proxy,anchor,0.0,0,0train,not_used,False,,2.0,direct,0.1865981431559015,0.15174652949690665,0.22229681304617777
8,bnci004,MMP_merge_then_adapt,logvar,svm_radial,sa,13,2,2,16784,0.05,no_leakage_v1_alpha005,gate_all_sources_proxy_source_only_final_training_only,mmd,,,,,merge_then_adapt,coral,near_nearest_proxy,final,0.0,0,0train,not_used,False,,2.0,direct,0.1865981431559015,0.15174652949690665,0.22229681304617777
8,bnci004,MMP_merge_then_adapt,logvar,svm_radial,sa,13,2,2,16784,0.05,no_leakage_v1_alpha005,gate_all_sources_proxy_source_only_final_training_only,mmd,,,,,merge_then_adapt,coral,near_nearest_proxy,main,1.0,1,1train,near,False,0.29261979944596084,2.0,direct,0.10069049039675582,0.07058870245028544,0.13528809397637231
8,bnci004,MMP_merge_then_adapt,logvar,svm_radial,sa,13,2,2,16784,0.05,no_leakage_v1_alpha005,gate_all_sources_proxy_source_only_final_training_only,mmd,,,,,merge_then_adapt,coral,near_nearest_proxy,anchor,1.0,1,1train,proxy_source,False,0.4790407100196937,2.0,direct,0.10069049039675582,0.07058870245028544,0.13528809397637231
8,bnci004,MMP_merge_then_adapt,logvar,svm_radial,sa,13,2,2,16784,0.05,no_leakage_v1_alpha005,gate_all_sources_proxy_source_only_final_training_only,mmd,,,,,merge_then_adapt,coral,near_nearest_proxy,final,1.0,1,1train,train,False,0.29261979944596084,2.0,direct,0.10069049039675582,0.07058870245028544,0.13528809397637231
8,bnci004,MMP_merge_then_adapt,logvar,svm_radial,sa,13,2,2,16784,0.05,no_leakage_v1_alpha005,gate_all_sources_proxy_source_only_final_training_only,mmd,,,,,merge_then_adapt,coral,near_nearest_proxy,main,2.0,3,3test,near,False,0.31822556990465445,2.0,direct,0.09258842873334022,0.058196738452290384,0.13798858516687204
8,bnci004,MMP_merge_then_adapt,logvar,svm_radial,sa,13,2,2,16784,0.05,no_leakage_v1_alpha005,gate_all_sources_proxy_source_only_final_training_only,mmd,,,,,merge_then_adapt,coral,near_nearest_proxy,anchor,2.0,3,3test,proxy_source,False,0.5209592899803062,2.0,direct,0.09258842873334022,0.058196738452290384,0.13798858516687204
8,bnci004,MMP_merge_then_adapt,logvar,svm_radial,sa,13,2,2,16784,0.05,no_leakage_v1_alpha005,gate_all_sources_proxy_source_only_final_training_only,mmd,,,,,merge_then_adapt,coral,near_nearest_proxy,final,2.0,3,3test,train,False,0.31822556990465445,2.0,direct,0.09258842873334022,0.058196738452290384,0.13798858516687204
8,bnci004,MMP_merge_then_adapt,logvar,svm_radial,sa,13,2,2,16784,0.05,no_leakage_v1_alpha005,gate_all_sources_proxy_source_only_final_training_only,mmd,,,,,merge_then_adapt,coral,near_nearest_proxy,main,3.0,4,4test,nearest,True,0.38915463064938477,2.0,direct,0.07571266599607533,0.05429663831607936,0.10266833787538387
8,bnci004,MMP_merge_then_adapt,logvar,svm_radial,sa,13,2,2,16784,0.05,no_leakage_v1_alpha005,gate_all_sources_proxy_source_only_final_training_only,mmd,,,,,merge_then_adapt,coral,near_nearest_proxy,anchor,3.0,4,4test,target,False,,2.0,direct,0.07571266599607533,0.05429663831607936,0.10266833787538387
8,bnci004,MMP_merge_then_adapt,logvar,svm_radial,sa,13,2,2,16784,0.05,no_leakage_v1_alpha005,gate_all_sources_proxy_source_only_final_training_only,mmd,,,,,merge_then_adapt,coral,near_nearest_proxy,final,3.0,4,4test,train,True,0.38915463064938477,2.0,direct,0.07571266599607533,0.05429663831607936,0.10266833787538387
8,bnci004,MMP_merge_then_adapt,logvar,svm_radial,sa,13,2,2,16784,0.05,no_leakage_v1_alpha005,gate_all_sources_proxy_source_only_final_training_only,mmd,,,,,merge_then_adapt,coral,near_nearest_proxy,main,,2,2train,target,False,,,,,,
8,bnci004,MMP_merge_then_adapt,logvar,svm_radial,sa,13,2,2,16784,0.05,no_leakage_v1_alpha005,gate_all_sources_proxy_source_only_final_training_only,mmd,,,,,merge_then_adapt,coral,near_nearest_proxy,final,,2,2train,target,False,,,,,,
8,bnci004,MMP_merge_then_adapt,logvar,svm_radial,sa,13,3,3,16815,0.05,no_leakage_v1_alpha005,gate_all_sources_proxy_source_only_final_training_only,mmd,,,,,merge_then_adapt,coral,near_nearest_proxy,main,0.0,0,0train,near,False,0.2535242755858698,3.0,direct,0.12840600235052546,0.10126687415866811,0.16193181681224922
8,bnci004,MMP_merge_then_adapt,logvar,svm_radial,sa,13,3,3,16815,0.05,no_leakage_v1_alpha005,gate_all_sources_proxy_source_only_final_training_only,mmd,,,,,merge_then_adapt,coral,near_nearest_proxy,anchor,0.0,0,0train,proxy_source,False,0.4455214648610531,3.0,direct,0.12840600235052546,0.10126687415866811,0.16193181681224922
8,bnci004,MMP_merge_then_adapt,logvar,svm_radial,sa,13,3,3,16815,0.05,no_leakage_v1_alpha005,gate_all_sources_proxy_source_only_final_training_only,mmd,,,,,merge_then_adapt,coral,near_nearest_proxy,final,0.0,0,0train,train,False,0.2535242755858698,3.0,direct,0.12840600235052546,0.10126687415866811,0.16193181681224922
8,bnci004,MMP_merge_then_adapt,logvar,svm_radial,sa,13,3,3,16815,0.05,no_leakage_v1_alpha005,gate_all_sources_proxy_source_only_final_training_only,mmd,,,,,merge_then_adapt,coral,near_nearest_proxy,main,1.0,1,1train,nearest,True,0.4309493580406105,3.0,direct,0.07553987654077046,0.05080063376363197,0.11475749684902714
8,bnci004,MMP_merge_then_adapt,logvar,svm_radial,sa,13,3,3,16815,0.05,no_leakage_v1_alpha005,gate_all_sources_proxy_source_only_final_training_only,mmd,,,,,merge_then_adapt,coral,near_nearest_proxy,anchor,1.0,1,1train,target,False,,3.0,direct,0.07553987654077046,0.05080063376363197,0.11475749684902714
8,bnci004,MMP_merge_then_adapt,logvar,svm_radial,sa,13,3,3,16815,0.05,no_leakage_v1_alpha005,gate_all_sources_proxy_source_only_final_training_only,mmd,,,,,merge_then_adapt,coral,near_nearest_proxy,final,1.0,1,1train,train,True,0.4309493580406105,3.0,direct,0.07553987654077046,0.05080063376363197,0.11475749684902714
8,bnci004,MMP_merge_then_adapt,logvar,svm_radial,sa,13,3,3,16815,0.05,no_leakage_v1_alpha005,gate_all_sources_proxy_source_only_final_training_only,mmd,,,,,merge_then_adapt,coral,near_nearest_proxy,main,2.0,2,2train,near,False,0.3155263663735196,3.0,direct,0.103173554396929,0.06176829589790917,0.15269762220951388
8,bnci004,MMP_merge_then_adapt,logvar,svm_radial,sa,13,3,3,16815,0.05,no_leakage_v1_alpha005,gate_all_sources_proxy_source_only_final_training_only,mmd,,,,,merge_then_adapt,coral,near_nearest_proxy,anchor,2.0,2,2train,proxy_source,False,0.554478535138947,3.0,direct,0.103173554396929,0.06176829589790917,0.15269762220951388
8,bnci004,MMP_merge_then_adapt,logvar,svm_radial,sa,13,3,3,16815,0.05,no_leakage_v1_alpha005,gate_all_sources_proxy_source_only_final_training_only,mmd,,,,,merge_then_adapt,coral,near_nearest_proxy,final,2.0,2,2train,train,False,0.3155263663735196,3.0,direct,0.103173554396929,0.06176829589790917,0.15269762220951388
8,bnci004,MMP_merge_then_adapt,logvar,svm_radial,sa,13,3,3,16815,0.05,no_leakage_v1_alpha005,gate_all_sources_proxy_source_only_final_training_only,mmd,,,,,merge_then_adapt,coral,near_nearest_proxy,main,3.0,4,4test,far,False,,3.0,direct,0.19795984974522096,0.14924955349171243,0.2586091349309211
8,bnci004,MMP_merge_then_adapt,logvar,svm_radial,sa,13,3,3,16815,0.05,no_leakage_v1_alpha005,gate_all_sources_proxy_source_only_final_training_only,mmd,,,,,merge_then_adapt,coral,near_nearest_proxy,anchor,3.0,4,4test,not_used,False,,3.0,direct,0.19795984974522096,0.14924955349171243,0.2586091349309211
8,bnci004,MMP_merge_then_adapt,logvar,svm_radial,sa,13,3,3,16815,0.05,no_leakage_v1_alpha005,gate_all_sources_proxy_source_only_final_training_only,mmd,,,,,merge_then_adapt,coral,near_nearest_proxy,final,3.0,4,4test,not_used,False,,3.0,direct,0.19795984974522096,0.14924955349171243,0.2586091349309211
8,bnci004,MMP_merge_then_adapt,logvar,svm_radial,sa,13,3,3,16815,0.05,no_leakage_v1_alpha005,gate_all_sources_proxy_source_only_final_training_only,mmd,,,,,merge_then_adapt,coral,near_nearest_proxy,main,,3,3test,target,False,,,,,,
8,bnci004,MMP_merge_then_adapt,logvar,svm_radial,sa,13,3,3,16815,0.05,no_leakage_v1_alpha005,gate_all_sources_proxy_source_only_final_training_only,mmd,,,,,merge_then_adapt,coral,near_nearest_proxy,final,,3,3test,target,False,,,,,,
8,bnci004,MMP_merge_then_adapt,logvar,svm_radial,sa,13,4,4,16846,0.05,no_leakage_v1_alpha005,gate_all_sources_proxy_source_only_final_training_only,mmd,,,,,merge_then_adapt,coral,near_nearest_proxy,main,0.0,0,0train,far,False,,4.0,direct,0.2669008451535581,0.23354216948829115,0.3076119175772084
8,bnci004,MMP_merge_then_adapt,logvar,svm_radial,sa,13,4,4,16846,0.05,no_leakage_v1_alpha005,gate_all_sources_proxy_source_only_final_training_only,mmd,,,,,merge_then_adapt,coral,near_nearest_proxy,anchor,0.0,0,0train,not_used,False,,4.0,direct,0.2669008451535581,0.23354216948829115,0.3076119175772084
8,bnci004,MMP_merge_then_adapt,logvar,svm_radial,sa,13,4,4,16846,0.05,no_leakage_v1_alpha005,gate_all_sources_proxy_source_only_final_training_only,mmd,,,,,merge_then_adapt,coral,near_nearest_proxy,final,0.0,0,0train,not_used,False,,4.0,direct,0.2669008451535581,0.23354216948829115,0.3076119175772084
8,bnci004,MMP_merge_then_adapt,logvar,svm_radial,sa,13,4,4,16846,0.05,no_leakage_v1_alpha005,gate_all_sources_proxy_source_only_final_training_only,mmd,,,,,merge_then_adapt,coral,near_nearest_proxy,main,1.0,1,1train,far,False,,4.0,direct,0.1895992431613206,0.15211189680327145,0.2292891065499751
8,bnci004,MMP_merge_then_adapt,logvar,svm_radial,sa,13,4,4,16846,0.05,no_leakage_v1_alpha005,gate_all_sources_proxy_source_only_final_training_only,mmd,,,,,merge_then_adapt,coral,near_nearest_proxy,anchor,1.0,1,1train,second_nearest_fallback_source,False,1.0,4.0,direct,0.1895992431613206,0.15211189680327145,0.2292891065499751
8,bnci004,MMP_merge_then_adapt,logvar,svm_radial,sa,13,4,4,16846,0.05,no_leakage_v1_alpha005,gate_all_sources_proxy_source_only_final_training_only,mmd,,,,,merge_then_adapt,coral,near_nearest_proxy,final,1.0,1,1train,not_used,False,,4.0,direct,0.1895992431613206,0.15211189680327145,0.2292891065499751
8,bnci004,MMP_merge_then_adapt,logvar,svm_radial,sa,13,4,4,16846,0.05,no_leakage_v1_alpha005,gate_all_sources_proxy_source_only_final_training_only,mmd,,,,,merge_then_adapt,coral,near_nearest_proxy,main,2.0,2,2train,nearest,True,1.0,4.0,direct,0.09117255591950651,0.06773805172036637,0.1230311872336606
8,bnci004,MMP_merge_then_adapt,logvar,svm_radial,sa,13,4,4,16846,0.05,no_leakage_v1_alpha005,gate_all_sources_proxy_source_only_final_training_only,mmd,,,,,merge_then_adapt,coral,near_nearest_proxy,anchor,2.0,2,2train,target,False,,4.0,direct,0.09117255591950651,0.06773805172036637,0.1230311872336606
8,bnci004,MMP_merge_then_adapt,logvar,svm_radial,sa,13,4,4,16846,0.05,no_leakage_v1_alpha005,gate_all_sources_proxy_source_only_final_training_only,mmd,,,,,merge_then_adapt,coral,near_nearest_proxy,final,2.0,2,2train,train,True,1.0,4.0,direct,0.09117255591950651,0.06773805172036637,0.1230311872336606
8,bnci004,MMP_merge_then_adapt,logvar,svm_radial,sa,13,4,4,16846,0.05,no_leakage_v1_alpha005,gate_all_sources_proxy_source_only_final_training_only,mmd,,,,,merge_then_adapt,coral,near_nearest_proxy,main,3.0,3,3test,far,False,,4.0,direct,0.20494624724074648,0.15939940216987408,0.2516743768668653
8,bnci004,MMP_merge_then_adapt,logvar,svm_radial,sa,13,4,4,16846,0.05,no_leakage_v1_alpha005,gate_all_sources_proxy_source_only_final_training_only,mmd,,,,,merge_then_adapt,coral,near_nearest_proxy,anchor,3.0,3,3test,not_used,False,,4.0,direct,0.20494624724074648,0.15939940216987408,0.2516743768668653
8,bnci004,MMP_merge_then_adapt,logvar,svm_radial,sa,13,4,4,16846,0.05,no_leakage_v1_alpha005,gate_all_sources_proxy_source_only_final_training_only,mmd,,,,,merge_then_adapt,coral,near_nearest_proxy,final,3.0,3,3test,not_used,False,,4.0,direct,0.20494624724074648,0.15939940216987408,0.2516743768668653
8,bnci004,MMP_merge_then_adapt,logvar,svm_radial,sa,13,4,4,16846,0.05,no_leakage_v1_alpha005,gate_all_sources_proxy_source_only_final_training_only,mmd,,,,,merge_then_adapt,coral,near_nearest_proxy,main,,4,4test,target,False,,,,,,
8,bnci004,MMP_merge_then_adapt,logvar,svm_radial,sa,13,4,4,16846,0.05,no_leakage_v1_alpha005,gate_all_sources_proxy_source_only_final_training_only,mmd,,,,,merge_then_adapt,coral,near_nearest_proxy,final,,4,4test,target,False,,,,,,
8,bnci004,MMP_merge_then_adapt,logvar,svm_radial,pt,14,0,0,17719,0.05,no_leakage_v1_alpha005,gate_all_sources_proxy_source_only_final_training_only,mmd,,,,,merge_then_adapt,coral,near_nearest_proxy,main,0.0,1,1train,nearest,True,1.0,0.0,direct,0.052123094200449104,0.03205448435931531,0.07883194533479969
8,bnci004,MMP_merge_then_adapt,logvar,svm_radial,pt,14,0,0,17719,0.05,no_leakage_v1_alpha005,gate_all_sources_proxy_source_only_final_training_only,mmd,,,,,merge_then_adapt,coral,near_nearest_proxy,anchor,0.0,1,1train,target,False,,0.0,direct,0.052123094200449104,0.03205448435931531,0.07883194533479969
8,bnci004,MMP_merge_then_adapt,logvar,svm_radial,pt,14,0,0,17719,0.05,no_leakage_v1_alpha005,gate_all_sources_proxy_source_only_final_training_only,mmd,,,,,merge_then_adapt,coral,near_nearest_proxy,final,0.0,1,1train,train,True,1.0,0.0,direct,0.052123094200449104,0.03205448435931531,0.07883194533479969
8,bnci004,MMP_merge_then_adapt,logvar,svm_radial,pt,14,0,0,17719,0.05,no_leakage_v1_alpha005,gate_all_sources_proxy_source_only_final_training_only,mmd,,,,,merge_then_adapt,coral,near_nearest_proxy,main,1.0,2,2train,far,False,,0.0,direct,0.22481478650436093,0.17663279001940546,0.2707694421598092
8,bnci004,MMP_merge_then_adapt,logvar,svm_radial,pt,14,0,0,17719,0.05,no_leakage_v1_alpha005,gate_all_sources_proxy_source_only_final_training_only,mmd,,,,,merge_then_adapt,coral,near_nearest_proxy,anchor,1.0,2,2train,not_used,False,,0.0,direct,0.22481478650436093,0.17663279001940546,0.2707694421598092
8,bnci004,MMP_merge_then_adapt,logvar,svm_radial,pt,14,0,0,17719,0.05,no_leakage_v1_alpha005,gate_all_sources_proxy_source_only_final_training_only,mmd,,,,,merge_then_adapt,coral,near_nearest_proxy,final,1.0,2,2train,not_used,False,,0.0,direct,0.22481478650436093,0.17663279001940546,0.2707694421598092
8,bnci004,MMP_merge_then_adapt,logvar,svm_radial,pt,14,0,0,17719,0.05,no_leakage_v1_alpha005,gate_all_sources_proxy_source_only_final_training_only,mmd,,,,,merge_then_adapt,coral,near_nearest_proxy,main,2.0,3,3test,far,False,,0.0,direct,0.15209454761437105,0.11352209988592868,0.19075725298671997
8,bnci004,MMP_merge_then_adapt,logvar,svm_radial,pt,14,0,0,17719,0.05,no_leakage_v1_alpha005,gate_all_sources_proxy_source_only_final_training_only,mmd,,,,,merge_then_adapt,coral,near_nearest_proxy,anchor,2.0,3,3test,second_nearest_fallback_source,False,1.0,0.0,direct,0.15209454761437105,0.11352209988592868,0.19075725298671997
8,bnci004,MMP_merge_then_adapt,logvar,svm_radial,pt,14,0,0,17719,0.05,no_leakage_v1_alpha005,gate_all_sources_proxy_source_only_final_training_only,mmd,,,,,merge_then_adapt,coral,near_nearest_proxy,final,2.0,3,3test,not_used,False,,0.0,direct,0.15209454761437105,0.11352209988592868,0.19075725298671997
8,bnci004,MMP_merge_then_adapt,logvar,svm_radial,pt,14,0,0,17719,0.05,no_leakage_v1_alpha005,gate_all_sources_proxy_source_only_final_training_only,mmd,,,,,merge_then_adapt,coral,near_nearest_proxy,main,3.0,4,4test,far,False,,0.0,direct,0.2759331176737845,0.2330589362491701,0.31693110888180565
8,bnci004,MMP_merge_then_adapt,logvar,svm_radial,pt,14,0,0,17719,0.05,no_leakage_v1_alpha005,gate_all_sources_proxy_source_only_final_training_only,mmd,,,,,merge_then_adapt,coral,near_nearest_proxy,anchor,3.0,4,4test,not_used,False,,0.0,direct,0.2759331176737845,0.2330589362491701,0.31693110888180565
8,bnci004,MMP_merge_then_adapt,logvar,svm_radial,pt,14,0,0,17719,0.05,no_leakage_v1_alpha005,gate_all_sources_proxy_source_only_final_training_only,mmd,,,,,merge_then_adapt,coral,near_nearest_proxy,final,3.0,4,4test,not_used,False,,0.0,direct,0.2759331176737845,0.2330589362491701,0.31693110888180565
8,bnci004,MMP_merge_then_adapt,logvar,svm_radial,pt,14,0,0,17719,0.05,no_leakage_v1_alpha005,gate_all_sources_proxy_source_only_final_training_only,mmd,,,,,merge_then_adapt,coral,near_nearest_proxy,main,,0,0train,target,False,,,,,,
8,bnci004,MMP_merge_then_adapt,logvar,svm_radial,pt,14,0,0,17719,0.05,no_leakage_v1_alpha005,gate_all_sources_proxy_source_only_final_training_only,mmd,,,,,merge_then_adapt,coral,near_nearest_proxy,final,,0,0train,target,False,,,,,,
8,bnci004,MMP_merge_then_adapt,logvar,svm_radial,pt,14,1,1,17750,0.05,no_leakage_v1_alpha005,gate_all_sources_proxy_source_only_final_training_only,mmd,,,,,merge_then_adapt,coral,near_nearest_proxy,main,0.0,0,0train,nearest,True,0.4857981934662655,1.0,direct,0.05318186493937235,0.03276150235590614,0.0847850466828915
8,bnci004,MMP_merge_then_adapt,logvar,svm_radial,pt,14,1,1,17750,0.05,no_leakage_v1_alpha005,gate_all_sources_proxy_source_only_final_training_only,mmd,,,,,merge_then_adapt,coral,near_nearest_proxy,anchor,0.0,0,0train,target,False,,1.0,direct,0.05318186493937235,0.03276150235590614,0.0847850466828915
8,bnci004,MMP_merge_then_adapt,logvar,svm_radial,pt,14,1,1,17750,0.05,no_leakage_v1_alpha005,gate_all_sources_proxy_source_only_final_training_only,mmd,,,,,merge_then_adapt,coral,near_nearest_proxy,final,0.0,0,0train,train,True,0.4857981934662655,1.0,direct,0.05318186493937235,0.03276150235590614,0.0847850466828915
8,bnci004,MMP_merge_then_adapt,logvar,svm_radial,pt,14,1,1,17750,0.05,no_leakage_v1_alpha005,gate_all_sources_proxy_source_only_final_training_only,mmd,,,,,merge_then_adapt,coral,near_nearest_proxy,main,1.0,2,2train,near,False,0.22665308499951986,1.0,direct,0.11398879948127426,0.07758304625791822,0.15901776056721725
8,bnci004,MMP_merge_then_adapt,logvar,svm_radial,pt,14,1,1,17750,0.05,no_leakage_v1_alpha005,gate_all_sources_proxy_source_only_final_training_only,mmd,,,,,merge_then_adapt,coral,near_nearest_proxy,anchor,1.0,2,2train,proxy_source,False,0.44078624796634236,1.0,direct,0.11398879948127426,0.07758304625791822,0.15901776056721725
8,bnci004,MMP_merge_then_adapt,logvar,svm_radial,pt,14,1,1,17750,0.05,no_leakage_v1_alpha005,gate_all_sources_proxy_source_only_final_training_only,mmd,,,,,merge_then_adapt,coral,near_nearest_proxy,final,1.0,2,2train,train,False,0.22665308499951986,1.0,direct,0.11398879948127426,0.07758304625791822,0.15901776056721725
8,bnci004,MMP_merge_then_adapt,logvar,svm_radial,pt,14,1,1,17750,0.05,no_leakage_v1_alpha005,gate_all_sources_proxy_source_only_final_training_only,mmd,,,,,merge_then_adapt,coral,near_nearest_proxy,main,2.0,3,3test,near,False,0.28754872153421457,1.0,direct,0.08984860730501218,0.059103893927083276,0.1328079970948363
8,bnci004,MMP_merge_then_adapt,logvar,svm_radial,pt,14,1,1,17750,0.05,no_leakage_v1_alpha005,gate_all_sources_proxy_source_only_final_training_only,mmd,,,,,merge_then_adapt,coral,near_nearest_proxy,anchor,2.0,3,3test,proxy_source,False,0.5592137520336576,1.0,direct,0.08984860730501218,0.059103893927083276,0.1328079970948363
8,bnci004,MMP_merge_then_adapt,logvar,svm_radial,pt,14,1,1,17750,0.05,no_leakage_v1_alpha005,gate_all_sources_proxy_source_only_final_training_only,mmd,,,,,merge_then_adapt,coral,near_nearest_proxy,final,2.0,3,3test,train,False,0.28754872153421457,1.0,direct,0.08984860730501218,0.059103893927083276,0.1328079970948363
8,bnci004,MMP_merge_then_adapt,logvar,svm_radial,pt,14,1,1,17750,0.05,no_leakage_v1_alpha005,gate_all_sources_proxy_source_only_final_training_only,mmd,,,,,merge_then_adapt,coral,near_nearest_proxy,main,3.0,4,4test,far,False,,1.0,direct,0.17925405554630952,0.14007760817895512,0.21639324980130156
8,bnci004,MMP_merge_then_adapt,logvar,svm_radial,pt,14,1,1,17750,0.05,no_leakage_v1_alpha005,gate_all_sources_proxy_source_only_final_training_only,mmd,,,,,merge_then_adapt,coral,near_nearest_proxy,anchor,3.0,4,4test,not_used,False,,1.0,direct,0.17925405554630952,0.14007760817895512,0.21639324980130156
8,bnci004,MMP_merge_then_adapt,logvar,svm_radial,pt,14,1,1,17750,0.05,no_leakage_v1_alpha005,gate_all_sources_proxy_source_only_final_training_only,mmd,,,,,merge_then_adapt,coral,near_nearest_proxy,final,3.0,4,4test,not_used,False,,1.0,direct,0.17925405554630952,0.14007760817895512,0.21639324980130156
8,bnci004,MMP_merge_then_adapt,logvar,svm_radial,pt,14,1,1,17750,0.05,no_leakage_v1_alpha005,gate_all_sources_proxy_source_only_final_training_only,mmd,,,,,merge_then_adapt,coral,near_nearest_proxy,main,,1,1train,target,False,,,,,,
8,bnci004,MMP_merge_then_adapt,logvar,svm_radial,pt,14,1,1,17750,0.05,no_leakage_v1_alpha005,gate_all_sources_proxy_source_only_final_training_only,mmd,,,,,merge_then_adapt,coral,near_nearest_proxy,final,,1,1train,target,False,,,,,,
8,bnci004,MMP_merge_then_adapt,logvar,svm_radial,pt,14,2,2,17781,0.05,no_leakage_v1_alpha005,gate_all_sources_proxy_source_only_final_training_only,mmd,,,,,merge_then_adapt,coral,near_nearest_proxy,main,0.0,0,0train,far,False,,2.0,direct,0.18403305968568806,0.1468514324611288,0.22370859439263976
8,bnci004,MMP_merge_then_adapt,logvar,svm_radial,pt,14,2,2,17781,0.05,no_leakage_v1_alpha005,gate_all_sources_proxy_source_only_final_training_only,mmd,,,,,merge_then_adapt,coral,near_nearest_proxy,anchor,0.0,0,0train,not_used,False,,2.0,direct,0.18403305968568806,0.1468514324611288,0.22370859439263976
8,bnci004,MMP_merge_then_adapt,logvar,svm_radial,pt,14,2,2,17781,0.05,no_leakage_v1_alpha005,gate_all_sources_proxy_source_only_final_training_only,mmd,,,,,merge_then_adapt,coral,near_nearest_proxy,final,0.0,0,0train,not_used,False,,2.0,direct,0.18403305968568806,0.1468514324611288,0.22370859439263976
8,bnci004,MMP_merge_then_adapt,logvar,svm_radial,pt,14,2,2,17781,0.05,no_leakage_v1_alpha005,gate_all_sources_proxy_source_only_final_training_only,mmd,,,,,merge_then_adapt,coral,near_nearest_proxy,main,1.0,1,1train,near,False,0.29541696804282214,2.0,direct,0.10009947019446054,0.0735628024994449,0.13342348754559044
8,bnci004,MMP_merge_then_adapt,logvar,svm_radial,pt,14,2,2,17781,0.05,no_leakage_v1_alpha005,gate_all_sources_proxy_source_only_final_training_only,mmd,,,,,merge_then_adapt,coral,near_nearest_proxy,anchor,1.0,1,1train,proxy_source,False,0.48283933116043254,2.0,direct,0.10009947019446054,0.0735628024994449,0.13342348754559044
8,bnci004,MMP_merge_then_adapt,logvar,svm_radial,pt,14,2,2,17781,0.05,no_leakage_v1_alpha005,gate_all_sources_proxy_source_only_final_training_only,mmd,,,,,merge_then_adapt,coral,near_nearest_proxy,final,1.0,1,1train,train,False,0.29541696804282214,2.0,direct,0.10009947019446054,0.0735628024994449,0.13342348754559044
8,bnci004,MMP_merge_then_adapt,logvar,svm_radial,pt,14,2,2,17781,0.05,no_leakage_v1_alpha005,gate_all_sources_proxy_source_only_final_training_only,mmd,,,,,merge_then_adapt,coral,near_nearest_proxy,main,2.0,3,3test,near,False,0.31641589017283184,2.0,direct,0.09345630831772077,0.058357302807048546,0.13415137791220236
8,bnci004,MMP_merge_then_adapt,logvar,svm_radial,pt,14,2,2,17781,0.05,no_leakage_v1_alpha005,gate_all_sources_proxy_source_only_final_training_only,mmd,,,,,merge_then_adapt,coral,near_nearest_proxy,anchor,2.0,3,3test,proxy_source,False,0.5171606688395674,2.0,direct,0.09345630831772077,0.058357302807048546,0.13415137791220236
8,bnci004,MMP_merge_then_adapt,logvar,svm_radial,pt,14,2,2,17781,0.05,no_leakage_v1_alpha005,gate_all_sources_proxy_source_only_final_training_only,mmd,,,,,merge_then_adapt,coral,near_nearest_proxy,final,2.0,3,3test,train,False,0.31641589017283184,2.0,direct,0.09345630831772077,0.058357302807048546,0.13415137791220236
8,bnci004,MMP_merge_then_adapt,logvar,svm_radial,pt,14,2,2,17781,0.05,no_leakage_v1_alpha005,gate_all_sources_proxy_source_only_final_training_only,mmd,,,,,merge_then_adapt,coral,near_nearest_proxy,main,3.0,4,4test,nearest,True,0.388167141784346,2.0,direct,0.07618107267254318,0.057041794691103674,0.09866582600626958
8,bnci004,MMP_merge_then_adapt,logvar,svm_radial,pt,14,2,2,17781,0.05,no_leakage_v1_alpha005,gate_all_sources_proxy_source_only_final_training_only,mmd,,,,,merge_then_adapt,coral,near_nearest_proxy,anchor,3.0,4,4test,target,False,,2.0,direct,0.07618107267254318,0.057041794691103674,0.09866582600626958
8,bnci004,MMP_merge_then_adapt,logvar,svm_radial,pt,14,2,2,17781,0.05,no_leakage_v1_alpha005,gate_all_sources_proxy_source_only_final_training_only,mmd,,,,,merge_then_adapt,coral,near_nearest_proxy,final,3.0,4,4test,train,True,0.388167141784346,2.0,direct,0.07618107267254318,0.057041794691103674,0.09866582600626958
8,bnci004,MMP_merge_then_adapt,logvar,svm_radial,pt,14,2,2,17781,0.05,no_leakage_v1_alpha005,gate_all_sources_proxy_source_only_final_training_only,mmd,,,,,merge_then_adapt,coral,near_nearest_proxy,main,,2,2train,target,False,,,,,,
8,bnci004,MMP_merge_then_adapt,logvar,svm_radial,pt,14,2,2,17781,0.05,no_leakage_v1_alpha005,gate_all_sources_proxy_source_only_final_training_only,mmd,,,,,merge_then_adapt,coral,near_nearest_proxy,final,,2,2train,target,False,,,,,,
8,bnci004,MMP_merge_then_adapt,logvar,svm_radial,pt,14,3,3,17812,0.05,no_leakage_v1_alpha005,gate_all_sources_proxy_source_only_final_training_only,mmd,,,,,merge_then_adapt,coral,near_nearest_proxy,main,0.0,0,0train,near,False,0.25542545476432404,3.0,direct,0.12898931759598528,0.09940671155222124,0.16090605446349088
8,bnci004,MMP_merge_then_adapt,logvar,svm_radial,pt,14,3,3,17812,0.05,no_leakage_v1_alpha005,gate_all_sources_proxy_source_only_final_training_only,mmd,,,,,merge_then_adapt,coral,near_nearest_proxy,anchor,0.0,0,0train,proxy_source,False,0.44698753111721923,3.0,direct,0.12898931759598528,0.09940671155222124,0.16090605446349088
8,bnci004,MMP_merge_then_adapt,logvar,svm_radial,pt,14,3,3,17812,0.05,no_leakage_v1_alpha005,gate_all_sources_proxy_source_only_final_training_only,mmd,,,,,merge_then_adapt,coral,near_nearest_proxy,final,0.0,0,0train,train,False,0.25542545476432404,3.0,direct,0.12898931759598528,0.09940671155222124,0.16090605446349088
8,bnci004,MMP_merge_then_adapt,logvar,svm_radial,pt,14,3,3,17812,0.05,no_leakage_v1_alpha005,gate_all_sources_proxy_source_only_final_training_only,mmd,,,,,merge_then_adapt,coral,near_nearest_proxy,main,1.0,1,1train,nearest,True,0.42856246095746114,3.0,direct,0.07687789988903967,0.049807005848687635,0.11187170246220936
8,bnci004,MMP_merge_then_adapt,logvar,svm_radial,pt,14,3,3,17812,0.05,no_leakage_v1_alpha005,gate_all_sources_proxy_source_only_final_training_only,mmd,,,,,merge_then_adapt,coral,near_nearest_proxy,anchor,1.0,1,1train,target,False,,3.0,direct,0.07687789988903967,0.049807005848687635,0.11187170246220936
8,bnci004,MMP_merge_then_adapt,logvar,svm_radial,pt,14,3,3,17812,0.05,no_leakage_v1_alpha005,gate_all_sources_proxy_source_only_final_training_only,mmd,,,,,merge_then_adapt,coral,near_nearest_proxy,final,1.0,1,1train,train,True,0.42856246095746114,3.0,direct,0.07687789988903967,0.049807005848687635,0.11187170246220936
8,bnci004,MMP_merge_then_adapt,logvar,svm_radial,pt,14,3,3,17812,0.05,no_leakage_v1_alpha005,gate_all_sources_proxy_source_only_final_training_only,mmd,,,,,merge_then_adapt,coral,near_nearest_proxy,main,2.0,2,2train,near,False,0.31601208427821487,3.0,direct,0.10425897033437004,0.061703604128779406,0.15321638699510584
8,bnci004,MMP_merge_then_adapt,logvar,svm_radial,pt,14,3,3,17812,0.05,no_leakage_v1_alpha005,gate_all_sources_proxy_source_only_final_training_only,mmd,,,,,merge_then_adapt,coral,near_nearest_proxy,anchor,2.0,2,2train,proxy_source,False,0.5530124688827808,3.0,direct,0.10425897033437004,0.061703604128779406,0.15321638699510584
8,bnci004,MMP_merge_then_adapt,logvar,svm_radial,pt,14,3,3,17812,0.05,no_leakage_v1_alpha005,gate_all_sources_proxy_source_only_final_training_only,mmd,,,,,merge_then_adapt,coral,near_nearest_proxy,final,2.0,2,2train,train,False,0.31601208427821487,3.0,direct,0.10425897033437004,0.061703604128779406,0.15321638699510584
8,bnci004,MMP_merge_then_adapt,logvar,svm_radial,pt,14,3,3,17812,0.05,no_leakage_v1_alpha005,gate_all_sources_proxy_source_only_final_training_only,mmd,,,,,merge_then_adapt,coral,near_nearest_proxy,main,3.0,4,4test,far,False,,3.0,direct,0.19398108892091181,0.14929533825033153,0.2338813095288501
8,bnci004,MMP_merge_then_adapt,logvar,svm_radial,pt,14,3,3,17812,0.05,no_leakage_v1_alpha005,gate_all_sources_proxy_source_only_final_training_only,mmd,,,,,merge_then_adapt,coral,near_nearest_proxy,anchor,3.0,4,4test,not_used,False,,3.0,direct,0.19398108892091181,0.14929533825033153,0.2338813095288501
8,bnci004,MMP_merge_then_adapt,logvar,svm_radial,pt,14,3,3,17812,0.05,no_leakage_v1_alpha005,gate_all_sources_proxy_source_only_final_training_only,mmd,,,,,merge_then_adapt,coral,near_nearest_proxy,final,3.0,4,4test,not_used,False,,3.0,direct,0.19398108892091181,0.14929533825033153,0.2338813095288501
8,bnci004,MMP_merge_then_adapt,logvar,svm_radial,pt,14,3,3,17812,0.05,no_leakage_v1_alpha005,gate_all_sources_proxy_source_only_final_training_only,mmd,,,,,merge_then_adapt,coral,near_nearest_proxy,main,,3,3test,target,False,,,,,,
8,bnci004,MMP_merge_then_adapt,logvar,svm_radial,pt,14,3,3,17812,0.05,no_leakage_v1_alpha005,gate_all_sources_proxy_source_only_final_training_only,mmd,,,,,merge_then_adapt,coral,near_nearest_proxy,final,,3,3test,target,False,,,,,,
8,bnci004,MMP_merge_then_adapt,logvar,svm_radial,pt,14,4,4,17843,0.05,no_leakage_v1_alpha005,gate_all_sources_proxy_source_only_final_training_only,mmd,,,,,merge_then_adapt,coral,near_nearest_proxy,main,0.0,0,0train,far,False,,4.0,direct,0.26407343418209656,0.2320199816389532,0.30427886236381185
8,bnci004,MMP_merge_then_adapt,logvar,svm_radial,pt,14,4,4,17843,0.05,no_leakage_v1_alpha005,gate_all_sources_proxy_source_only_final_training_only,mmd,,,,,merge_then_adapt,coral,near_nearest_proxy,anchor,0.0,0,0train,not_used,False,,4.0,direct,0.26407343418209656,0.2320199816389532,0.30427886236381185
8,bnci004,MMP_merge_then_adapt,logvar,svm_radial,pt,14,4,4,17843,0.05,no_leakage_v1_alpha005,gate_all_sources_proxy_source_only_final_training_only,mmd,,,,,merge_then_adapt,coral,near_nearest_proxy,final,0.0,0,0train,not_used,False,,4.0,direct,0.26407343418209656,0.2320199816389532,0.30427886236381185
8,bnci004,MMP_merge_then_adapt,logvar,svm_radial,pt,14,4,4,17843,0.05,no_leakage_v1_alpha005,gate_all_sources_proxy_source_only_final_training_only,mmd,,,,,merge_then_adapt,coral,near_nearest_proxy,main,1.0,1,1train,far,False,,4.0,direct,0.1890039654734209,0.15254683273838876,0.23828956970918724
8,bnci004,MMP_merge_then_adapt,logvar,svm_radial,pt,14,4,4,17843,0.05,no_leakage_v1_alpha005,gate_all_sources_proxy_source_only_final_training_only,mmd,,,,,merge_then_adapt,coral,near_nearest_proxy,anchor,1.0,1,1train,second_nearest_fallback_source,False,1.0,4.0,direct,0.1890039654734209,0.15254683273838876,0.23828956970918724
8,bnci004,MMP_merge_then_adapt,logvar,svm_radial,pt,14,4,4,17843,0.05,no_leakage_v1_alpha005,gate_all_sources_proxy_source_only_final_training_only,mmd,,,,,merge_then_adapt,coral,near_nearest_proxy,final,1.0,1,1train,not_used,False,,4.0,direct,0.1890039654734209,0.15254683273838876,0.23828956970918724
8,bnci004,MMP_merge_then_adapt,logvar,svm_radial,pt,14,4,4,17843,0.05,no_leakage_v1_alpha005,gate_all_sources_proxy_source_only_final_training_only,mmd,,,,,merge_then_adapt,coral,near_nearest_proxy,main,2.0,2,2train,nearest,True,1.0,4.0,direct,0.09279079381224153,0.06939421315664339,0.12438866251917136
8,bnci004,MMP_merge_then_adapt,logvar,svm_radial,pt,14,4,4,17843,0.05,no_leakage_v1_alpha005,gate_all_sources_proxy_source_only_final_training_only,mmd,,,,,merge_then_adapt,coral,near_nearest_proxy,anchor,2.0,2,2train,target,False,,4.0,direct,0.09279079381224153,0.06939421315664339,0.12438866251917136
8,bnci004,MMP_merge_then_adapt,logvar,svm_radial,pt,14,4,4,17843,0.05,no_leakage_v1_alpha005,gate_all_sources_proxy_source_only_final_training_only,mmd,,,,,merge_then_adapt,coral,near_nearest_proxy,final,2.0,2,2train,train,True,1.0,4.0,direct,0.09279079381224153,0.06939421315664339,0.12438866251917136
8,bnci004,MMP_merge_then_adapt,logvar,svm_radial,pt,14,4,4,17843,0.05,no_leakage_v1_alpha005,gate_all_sources_proxy_source_only_final_training_only,mmd,,,,,merge_then_adapt,coral,near_nearest_proxy,main,3.0,3,3test,far,False,,4.0,direct,0.20336440496115224,0.16082979162961794,0.2552173711753556
8,bnci004,MMP_merge_then_adapt,logvar,svm_radial,pt,14,4,4,17843,0.05,no_leakage_v1_alpha005,gate_all_sources_proxy_source_only_final_training_only,mmd,,,,,merge_then_adapt,coral,near_nearest_proxy,anchor,3.0,3,3test,not_used,False,,4.0,direct,0.20336440496115224,0.16082979162961794,0.2552173711753556
8,bnci004,MMP_merge_then_adapt,logvar,svm_radial,pt,14,4,4,17843,0.05,no_leakage_v1_alpha005,gate_all_sources_proxy_source_only_final_training_only,mmd,,,,,merge_then_adapt,coral,near_nearest_proxy,final,3.0,3,3test,not_used,False,,4.0,direct,0.20336440496115224,0.16082979162961794,0.2552173711753556
8,bnci004,MMP_merge_then_adapt,logvar,svm_radial,pt,14,4,4,17843,0.05,no_leakage_v1_alpha005,gate_all_sources_proxy_source_only_final_training_only,mmd,,,,,merge_then_adapt,coral,near_nearest_proxy,main,,4,4test,target,False,,,,,,
8,bnci004,MMP_merge_then_adapt,logvar,svm_radial,pt,14,4,4,17843,0.05,no_leakage_v1_alpha005,gate_all_sources_proxy_source_only_final_training_only,mmd,,,,,merge_then_adapt,coral,near_nearest_proxy,final,,4,4test,target,False,,,,,,
8,bnci004,MMP_merge_then_adapt,logvar,svm_radial,coral,15,0,0,18716,0.05,no_leakage_v1_alpha005,gate_all_sources_proxy_source_only_final_training_only,mmd,,,,,merge_then_adapt,coral,near_nearest_proxy,main,0.0,1,1train,nearest,True,1.0,0.0,direct,0.05071082636944618,0.030737812716726487,0.07690286390846122
8,bnci004,MMP_merge_then_adapt,logvar,svm_radial,coral,15,0,0,18716,0.05,no_leakage_v1_alpha005,gate_all_sources_proxy_source_only_final_training_only,mmd,,,,,merge_then_adapt,coral,near_nearest_proxy,anchor,0.0,1,1train,target,False,,0.0,direct,0.05071082636944618,0.030737812716726487,0.07690286390846122
8,bnci004,MMP_merge_then_adapt,logvar,svm_radial,coral,15,0,0,18716,0.05,no_leakage_v1_alpha005,gate_all_sources_proxy_source_only_final_training_only,mmd,,,,,merge_then_adapt,coral,near_nearest_proxy,final,0.0,1,1train,train,True,1.0,0.0,direct,0.05071082636944618,0.030737812716726487,0.07690286390846122
8,bnci004,MMP_merge_then_adapt,logvar,svm_radial,coral,15,0,0,18716,0.05,no_leakage_v1_alpha005,gate_all_sources_proxy_source_only_final_training_only,mmd,,,,,merge_then_adapt,coral,near_nearest_proxy,main,1.0,2,2train,far,False,,0.0,direct,0.22514611463120474,0.17789141059176414,0.26977024251275195
8,bnci004,MMP_merge_then_adapt,logvar,svm_radial,coral,15,0,0,18716,0.05,no_leakage_v1_alpha005,gate_all_sources_proxy_source_only_final_training_only,mmd,,,,,merge_then_adapt,coral,near_nearest_proxy,anchor,1.0,2,2train,not_used,False,,0.0,direct,0.22514611463120474,0.17789141059176414,0.26977024251275195
8,bnci004,MMP_merge_then_adapt,logvar,svm_radial,coral,15,0,0,18716,0.05,no_leakage_v1_alpha005,gate_all_sources_proxy_source_only_final_training_only,mmd,,,,,merge_then_adapt,coral,near_nearest_proxy,final,1.0,2,2train,not_used,False,,0.0,direct,0.22514611463120474,0.17789141059176414,0.26977024251275195
8,bnci004,MMP_merge_then_adapt,logvar,svm_radial,coral,15,0,0,18716,0.05,no_leakage_v1_alpha005,gate_all_sources_proxy_source_only_final_training_only,mmd,,,,,merge_then_adapt,coral,near_nearest_proxy,main,2.0,3,3test,far,False,,0.0,direct,0.14901762316280426,0.11153899867667628,0.18665154507715306
8,bnci004,MMP_merge_then_adapt,logvar,svm_radial,coral,15,0,0,18716,0.05,no_leakage_v1_alpha005,gate_all_sources_proxy_source_only_final_training_only,mmd,,,,,merge_then_adapt,coral,near_nearest_proxy,anchor,2.0,3,3test,second_nearest_fallback_source,False,1.0,0.0,direct,0.14901762316280426,0.11153899867667628,0.18665154507715306
8,bnci004,MMP_merge_then_adapt,logvar,svm_radial,coral,15,0,0,18716,0.05,no_leakage_v1_alpha005,gate_all_sources_proxy_source_only_final_training_only,mmd,,,,,merge_then_adapt,coral,near_nearest_proxy,final,2.0,3,3test,not_used,False,,0.0,direct,0.14901762316280426,0.11153899867667628,0.18665154507715306
8,bnci004,MMP_merge_then_adapt,logvar,svm_radial,coral,15,0,0,18716,0.05,no_leakage_v1_alpha005,gate_all_sources_proxy_source_only_final_training_only,mmd,,,,,merge_then_adapt,coral,near_nearest_proxy,main,3.0,4,4test,far,False,,0.0,direct,0.27542361227962603,0.23566807560779113,0.3212952901154732
8,bnci004,MMP_merge_then_adapt,logvar,svm_radial,coral,15,0,0,18716,0.05,no_leakage_v1_alpha005,gate_all_sources_proxy_source_only_final_training_only,mmd,,,,,merge_then_adapt,coral,near_nearest_proxy,anchor,3.0,4,4test,not_used,False,,0.0,direct,0.27542361227962603,0.23566807560779113,0.3212952901154732
8,bnci004,MMP_merge_then_adapt,logvar,svm_radial,coral,15,0,0,18716,0.05,no_leakage_v1_alpha005,gate_all_sources_proxy_source_only_final_training_only,mmd,,,,,merge_then_adapt,coral,near_nearest_proxy,final,3.0,4,4test,not_used,False,,0.0,direct,0.27542361227962603,0.23566807560779113,0.3212952901154732
8,bnci004,MMP_merge_then_adapt,logvar,svm_radial,coral,15,0,0,18716,0.05,no_leakage_v1_alpha005,gate_all_sources_proxy_source_only_final_training_only,mmd,,,,,merge_then_adapt,coral,near_nearest_proxy,main,,0,0train,target,False,,,,,,
8,bnci004,MMP_merge_then_adapt,logvar,svm_radial,coral,15,0,0,18716,0.05,no_leakage_v1_alpha005,gate_all_sources_proxy_source_only_final_training_only,mmd,,,,,merge_then_adapt,coral,near_nearest_proxy,final,,0,0train,target,False,,,,,,
8,bnci004,MMP_merge_then_adapt,logvar,svm_radial,coral,15,1,1,18747,0.05,no_leakage_v1_alpha005,gate_all_sources_proxy_source_only_final_training_only,mmd,,,,,merge_then_adapt,coral,near_nearest_proxy,main,0.0,0,0train,nearest,True,0.6182349164269954,1.0,direct,0.05448178308107576,0.03243794270170532,0.08027203988841522
8,bnci004,MMP_merge_then_adapt,logvar,svm_radial,coral,15,1,1,18747,0.05,no_leakage_v1_alpha005,gate_all_sources_proxy_source_only_final_training_only,mmd,,,,,merge_then_adapt,coral,near_nearest_proxy,anchor,0.0,0,0train,target,False,,1.0,direct,0.05448178308107576,0.03243794270170532,0.08027203988841522
8,bnci004,MMP_merge_then_adapt,logvar,svm_radial,coral,15,1,1,18747,0.05,no_leakage_v1_alpha005,gate_all_sources_proxy_source_only_final_training_only,mmd,,,,,merge_then_adapt,coral,near_nearest_proxy,final,0.0,0,0train,train,True,0.6182349164269954,1.0,direct,0.05448178308107576,0.03243794270170532,0.08027203988841522
8,bnci004,MMP_merge_then_adapt,logvar,svm_radial,coral,15,1,1,18747,0.05,no_leakage_v1_alpha005,gate_all_sources_proxy_source_only_final_training_only,mmd,,,,,merge_then_adapt,coral,near_nearest_proxy,main,1.0,2,2train,far,False,,1.0,direct,0.11511518870722974,0.08212832484925053,0.1562321534401324
8,bnci004,MMP_merge_then_adapt,logvar,svm_radial,coral,15,1,1,18747,0.05,no_leakage_v1_alpha005,gate_all_sources_proxy_source_only_final_training_only,mmd,,,,,merge_then_adapt,coral,near_nearest_proxy,anchor,1.0,2,2train,not_used,False,,1.0,direct,0.11511518870722974,0.08212832484925053,0.1562321534401324
8,bnci004,MMP_merge_then_adapt,logvar,svm_radial,coral,15,1,1,18747,0.05,no_leakage_v1_alpha005,gate_all_sources_proxy_source_only_final_training_only,mmd,,,,,merge_then_adapt,coral,near_nearest_proxy,final,1.0,2,2train,not_used,False,,1.0,direct,0.11511518870722974,0.08212832484925053,0.1562321534401324
8,bnci004,MMP_merge_then_adapt,logvar,svm_radial,coral,15,1,1,18747,0.05,no_leakage_v1_alpha005,gate_all_sources_proxy_source_only_final_training_only,mmd,,,,,merge_then_adapt,coral,near_nearest_proxy,main,2.0,3,3test,near,False,0.38176508357300465,1.0,direct,0.0882290668505159,0.06299822916515394,0.12652370199444565
8,bnci004,MMP_merge_then_adapt,logvar,svm_radial,coral,15,1,1,18747,0.05,no_leakage_v1_alpha005,gate_all_sources_proxy_source_only_final_training_only,mmd,,,,,merge_then_adapt,coral,near_nearest_proxy,anchor,2.0,3,3test,proxy_source,False,1.0,1.0,direct,0.0882290668505159,0.06299822916515394,0.12652370199444565
8,bnci004,MMP_merge_then_adapt,logvar,svm_radial,coral,15,1,1,18747,0.05,no_leakage_v1_alpha005,gate_all_sources_proxy_source_only_final_training_only,mmd,,,,,merge_then_adapt,coral,near_nearest_proxy,final,2.0,3,3test,train,False,0.38176508357300465,1.0,direct,0.0882290668505159,0.06299822916515394,0.12652370199444565
8,bnci004,MMP_merge_then_adapt,logvar,svm_radial,coral,15,1,1,18747,0.05,no_leakage_v1_alpha005,gate_all_sources_proxy_source_only_final_training_only,mmd,,,,,merge_then_adapt,coral,near_nearest_proxy,main,3.0,4,4test,far,False,,1.0,direct,0.17706765182224565,0.1391862711642793,0.22047568847843005
8,bnci004,MMP_merge_then_adapt,logvar,svm_radial,coral,15,1,1,18747,0.05,no_leakage_v1_alpha005,gate_all_sources_proxy_source_only_final_training_only,mmd,,,,,merge_then_adapt,coral,near_nearest_proxy,anchor,3.0,4,4test,not_used,False,,1.0,direct,0.17706765182224565,0.1391862711642793,0.22047568847843005
8,bnci004,MMP_merge_then_adapt,logvar,svm_radial,coral,15,1,1,18747,0.05,no_leakage_v1_alpha005,gate_all_sources_proxy_source_only_final_training_only,mmd,,,,,merge_then_adapt,coral,near_nearest_proxy,final,3.0,4,4test,not_used,False,,1.0,direct,0.17706765182224565,0.1391862711642793,0.22047568847843005
8,bnci004,MMP_merge_then_adapt,logvar,svm_radial,coral,15,1,1,18747,0.05,no_leakage_v1_alpha005,gate_all_sources_proxy_source_only_final_training_only,mmd,,,,,merge_then_adapt,coral,near_nearest_proxy,main,,1,1train,target,False,,,,,,
8,bnci004,MMP_merge_then_adapt,logvar,svm_radial,coral,15,1,1,18747,0.05,no_leakage_v1_alpha005,gate_all_sources_proxy_source_only_final_training_only,mmd,,,,,merge_then_adapt,coral,near_nearest_proxy,final,,1,1train,target,False,,,,,,
8,bnci004,MMP_merge_then_adapt,logvar,svm_radial,coral,15,2,2,18778,0.05,no_leakage_v1_alpha005,gate_all_sources_proxy_source_only_final_training_only,mmd,,,,,merge_then_adapt,coral,near_nearest_proxy,main,0.0,0,0train,far,False,,2.0,direct,0.184389771170935,0.1466008124539901,0.2194480177209713
8,bnci004,MMP_merge_then_adapt,logvar,svm_radial,coral,15,2,2,18778,0.05,no_leakage_v1_alpha005,gate_all_sources_proxy_source_only_final_training_only,mmd,,,,,merge_then_adapt,coral,near_nearest_proxy,anchor,0.0,0,0train,not_used,False,,2.0,direct,0.184389771170935,0.1466008124539901,0.2194480177209713
8,bnci004,MMP_merge_then_adapt,logvar,svm_radial,coral,15,2,2,18778,0.05,no_leakage_v1_alpha005,gate_all_sources_proxy_source_only_final_training_only,mmd,,,,,merge_then_adapt,coral,near_nearest_proxy,final,0.0,0,0train,not_used,False,,2.0,direct,0.184389771170935,0.1466008124539901,0.2194480177209713
8,bnci004,MMP_merge_then_adapt,logvar,svm_radial,coral,15,2,2,18778,0.05,no_leakage_v1_alpha005,gate_all_sources_proxy_source_only_final_training_only,mmd,,,,,merge_then_adapt,coral,near_nearest_proxy,main,1.0,1,1train,near,False,0.29530060559151833,2.0,direct,0.10100238941297296,0.07402242321785356,0.14023067931662633
8,bnci004,MMP_merge_then_adapt,logvar,svm_radial,coral,15,2,2,18778,0.05,no_leakage_v1_alpha005,gate_all_sources_proxy_source_only_final_training_only,mmd,,,,,merge_then_adapt,coral,near_nearest_proxy,anchor,1.0,1,1train,proxy_source,False,0.48127679363519604,2.0,direct,0.10100238941297296,0.07402242321785356,0.14023067931662633
8,bnci004,MMP_merge_then_adapt,logvar,svm_radial,coral,15,2,2,18778,0.05,no_leakage_v1_alpha005,gate_all_sources_proxy_source_only_final_training_only,mmd,,,,,merge_then_adapt,coral,near_nearest_proxy,final,1.0,1,1train,train,False,0.29530060559151833,2.0,direct,0.10100238941297296,0.07402242321785356,0.14023067931662633
8,bnci004,MMP_merge_then_adapt,logvar,svm_radial,coral,15,2,2,18778,0.05,no_leakage_v1_alpha005,gate_all_sources_proxy_source_only_final_training_only,mmd,,,,,merge_then_adapt,coral,near_nearest_proxy,main,2.0,3,3test,near,False,0.31827688141142624,2.0,direct,0.0937109966997895,0.05699799689631533,0.13821036448358814
8,bnci004,MMP_merge_then_adapt,logvar,svm_radial,coral,15,2,2,18778,0.05,no_leakage_v1_alpha005,gate_all_sources_proxy_source_only_final_training_only,mmd,,,,,merge_then_adapt,coral,near_nearest_proxy,anchor,2.0,3,3test,proxy_source,False,0.5187232063648041,2.0,direct,0.0937109966997895,0.05699799689631533,0.13821036448358814
8,bnci004,MMP_merge_then_adapt,logvar,svm_radial,coral,15,2,2,18778,0.05,no_leakage_v1_alpha005,gate_all_sources_proxy_source_only_final_training_only,mmd,,,,,merge_then_adapt,coral,near_nearest_proxy,final,2.0,3,3test,train,False,0.31827688141142624,2.0,direct,0.0937109966997895,0.05699799689631533,0.13821036448358814
8,bnci004,MMP_merge_then_adapt,logvar,svm_radial,coral,15,2,2,18778,0.05,no_leakage_v1_alpha005,gate_all_sources_proxy_source_only_final_training_only,mmd,,,,,merge_then_adapt,coral,near_nearest_proxy,main,3.0,4,4test,nearest,True,0.38642251299705555,2.0,direct,0.07718488088751997,0.0577087215731046,0.1014013266228787
8,bnci004,MMP_merge_then_adapt,logvar,svm_radial,coral,15,2,2,18778,0.05,no_leakage_v1_alpha005,gate_all_sources_proxy_source_only_final_training_only,mmd,,,,,merge_then_adapt,coral,near_nearest_proxy,anchor,3.0,4,4test,target,False,,2.0,direct,0.07718488088751997,0.0577087215731046,0.1014013266228787
8,bnci004,MMP_merge_then_adapt,logvar,svm_radial,coral,15,2,2,18778,0.05,no_leakage_v1_alpha005,gate_all_sources_proxy_source_only_final_training_only,mmd,,,,,merge_then_adapt,coral,near_nearest_proxy,final,3.0,4,4test,train,True,0.38642251299705555,2.0,direct,0.07718488088751997,0.0577087215731046,0.1014013266228787
8,bnci004,MMP_merge_then_adapt,logvar,svm_radial,coral,15,2,2,18778,0.05,no_leakage_v1_alpha005,gate_all_sources_proxy_source_only_final_training_only,mmd,,,,,merge_then_adapt,coral,near_nearest_proxy,main,,2,2train,target,False,,,,,,
8,bnci004,MMP_merge_then_adapt,logvar,svm_radial,coral,15,2,2,18778,0.05,no_leakage_v1_alpha005,gate_all_sources_proxy_source_only_final_training_only,mmd,,,,,merge_then_adapt,coral,near_nearest_proxy,final,,2,2train,target,False,,,,,,
8,bnci004,MMP_merge_then_adapt,logvar,svm_radial,coral,15,3,3,18809,0.05,no_leakage_v1_alpha005,gate_all_sources_proxy_source_only_final_training_only,mmd,,,,,merge_then_adapt,coral,near_nearest_proxy,main,0.0,0,0train,near,False,0.2568699569963415,3.0,direct,0.12908265919209644,0.09776466936241877,0.15980025992041436
8,bnci004,MMP_merge_then_adapt,logvar,svm_radial,coral,15,3,3,18809,0.05,no_leakage_v1_alpha005,gate_all_sources_proxy_source_only_final_training_only,mmd,,,,,merge_then_adapt,coral,near_nearest_proxy,anchor,0.0,0,0train,proxy_source,False,0.44831849431358756,3.0,direct,0.12908265919209644,0.09776466936241877,0.15980025992041436
8,bnci004,MMP_merge_then_adapt,logvar,svm_radial,coral,15,3,3,18809,0.05,no_leakage_v1_alpha005,gate_all_sources_proxy_source_only_final_training_only,mmd,,,,,merge_then_adapt,coral,near_nearest_proxy,final,0.0,0,0train,train,False,0.2568699569963415,3.0,direct,0.12908265919209644,0.09776466936241877,0.15980025992041436
8,bnci004,MMP_merge_then_adapt,logvar,svm_radial,coral,15,3,3,18809,0.05,no_leakage_v1_alpha005,gate_all_sources_proxy_source_only_final_training_only,mmd,,,,,merge_then_adapt,coral,near_nearest_proxy,main,1.0,1,1train,nearest,True,0.42703689396166766,3.0,direct,0.07764501713448341,0.044658914592256974,0.11159201881454694
8,bnci004,MMP_merge_then_adapt,logvar,svm_radial,coral,15,3,3,18809,0.05,no_leakage_v1_alpha005,gate_all_sources_proxy_source_only_final_training_only,mmd,,,,,merge_then_adapt,coral,near_nearest_proxy,anchor,1.0,1,1train,target,False,,3.0,direct,0.07764501713448341,0.044658914592256974,0.11159201881454694
8,bnci004,MMP_merge_then_adapt,logvar,svm_radial,coral,15,3,3,18809,0.05,no_leakage_v1_alpha005,gate_all_sources_proxy_source_only_final_training_only,mmd,,,,,merge_then_adapt,coral,near_nearest_proxy,final,1.0,1,1train,train,True,0.42703689396166766,3.0,direct,0.07764501713448341,0.044658914592256974,0.11159201881454694
8,bnci004,MMP_merge_then_adapt,logvar,svm_radial,coral,15,3,3,18809,0.05,no_leakage_v1_alpha005,gate_all_sources_proxy_source_only_final_training_only,mmd,,,,,merge_then_adapt,coral,near_nearest_proxy,main,2.0,2,2train,near,False,0.31609314904199076,3.0,direct,0.10489755311985723,0.06856989887447916,0.15300071995477316
8,bnci004,MMP_merge_then_adapt,logvar,svm_radial,coral,15,3,3,18809,0.05,no_leakage_v1_alpha005,gate_all_sources_proxy_source_only_final_training_only,mmd,,,,,merge_then_adapt,coral,near_nearest_proxy,anchor,2.0,2,2train,proxy_source,False,0.5516815056864125,3.0,direct,0.10489755311985723,0.06856989887447916,0.15300071995477316
8,bnci004,MMP_merge_then_adapt,logvar,svm_radial,coral,15,3,3,18809,0.05,no_leakage_v1_alpha005,gate_all_sources_proxy_source_only_final_training_only,mmd,,,,,merge_then_adapt,coral,near_nearest_proxy,final,2.0,2,2train,train,False,0.31609314904199076,3.0,direct,0.10489755311985723,0.06856989887447916,0.15300071995477316
8,bnci004,MMP_merge_then_adapt,logvar,svm_radial,coral,15,3,3,18809,0.05,no_leakage_v1_alpha005,gate_all_sources_proxy_source_only_final_training_only,mmd,,,,,merge_then_adapt,coral,near_nearest_proxy,main,3.0,4,4test,far,False,,3.0,direct,0.19502301229449692,0.14803403203538415,0.24479608959419322
8,bnci004,MMP_merge_then_adapt,logvar,svm_radial,coral,15,3,3,18809,0.05,no_leakage_v1_alpha005,gate_all_sources_proxy_source_only_final_training_only,mmd,,,,,merge_then_adapt,coral,near_nearest_proxy,anchor,3.0,4,4test,not_used,False,,3.0,direct,0.19502301229449692,0.14803403203538415,0.24479608959419322
8,bnci004,MMP_merge_then_adapt,logvar,svm_radial,coral,15,3,3,18809,0.05,no_leakage_v1_alpha005,gate_all_sources_proxy_source_only_final_training_only,mmd,,,,,merge_then_adapt,coral,near_nearest_proxy,final,3.0,4,4test,not_used,False,,3.0,direct,0.19502301229449692,0.14803403203538415,0.24479608959419322
8,bnci004,MMP_merge_then_adapt,logvar,svm_radial,coral,15,3,3,18809,0.05,no_leakage_v1_alpha005,gate_all_sources_proxy_source_only_final_training_only,mmd,,,,,merge_then_adapt,coral,near_nearest_proxy,main,,3,3test,target,False,,,,,,
8,bnci004,MMP_merge_then_adapt,logvar,svm_radial,coral,15,3,3,18809,0.05,no_leakage_v1_alpha005,gate_all_sources_proxy_source_only_final_training_only,mmd,,,,,merge_then_adapt,coral,near_nearest_proxy,final,,3,3test,target,False,,,,,,
8,bnci004,MMP_merge_then_adapt,logvar,svm_radial,coral,15,4,4,18840,0.05,no_leakage_v1_alpha005,gate_all_sources_proxy_source_only_final_training_only,mmd,,,,,merge_then_adapt,coral,near_nearest_proxy,main,0.0,0,0train,far,False,,4.0,direct,0.26538885698541825,0.2267398310887209,0.3078343722539372
8,bnci004,MMP_merge_then_adapt,logvar,svm_radial,coral,15,4,4,18840,0.05,no_leakage_v1_alpha005,gate_all_sources_proxy_source_only_final_training_only,mmd,,,,,merge_then_adapt,coral,near_nearest_proxy,anchor,0.0,0,0train,not_used,False,,4.0,direct,0.26538885698541825,0.2267398310887209,0.3078343722539372
8,bnci004,MMP_merge_then_adapt,logvar,svm_radial,coral,15,4,4,18840,0.05,no_leakage_v1_alpha005,gate_all_sources_proxy_source_only_final_training_only,mmd,,,,,merge_then_adapt,coral,near_nearest_proxy,final,0.0,0,0train,not_used,False,,4.0,direct,0.26538885698541825,0.2267398310887209,0.3078343722539372
8,bnci004,MMP_merge_then_adapt,logvar,svm_radial,coral,15,4,4,18840,0.05,no_leakage_v1_alpha005,gate_all_sources_proxy_source_only_final_training_only,mmd,,,,,merge_then_adapt,coral,near_nearest_proxy,main,1.0,1,1train,far,False,,4.0,direct,0.19039367155436018,0.15899108621827443,0.23226188342944135
8,bnci004,MMP_merge_then_adapt,logvar,svm_radial,coral,15,4,4,18840,0.05,no_leakage_v1_alpha005,gate_all_sources_proxy_source_only_final_training_only,mmd,,,,,merge_then_adapt,coral,near_nearest_proxy,anchor,1.0,1,1train,second_nearest_fallback_source,False,1.0,4.0,direct,0.19039367155436018,0.15899108621827443,0.23226188342944135
8,bnci004,MMP_merge_then_adapt,logvar,svm_radial,coral,15,4,4,18840,0.05,no_leakage_v1_alpha005,gate_all_sources_proxy_source_only_final_training_only,mmd,,,,,merge_then_adapt,coral,near_nearest_proxy,final,1.0,1,1train,not_used,False,,4.0,direct,0.19039367155436018,0.15899108621827443,0.23226188342944135
8,bnci004,MMP_merge_then_adapt,logvar,svm_radial,coral,15,4,4,18840,0.05,no_leakage_v1_alpha005,gate_all_sources_proxy_source_only_final_training_only,mmd,,,,,merge_then_adapt,coral,near_nearest_proxy,main,2.0,2,2train,nearest,True,1.0,4.0,direct,0.09281250772781764,0.06746873025187211,0.12151447001038657
8,bnci004,MMP_merge_then_adapt,logvar,svm_radial,coral,15,4,4,18840,0.05,no_leakage_v1_alpha005,gate_all_sources_proxy_source_only_final_training_only,mmd,,,,,merge_then_adapt,coral,near_nearest_proxy,anchor,2.0,2,2train,target,False,,4.0,direct,0.09281250772781764,0.06746873025187211,0.12151447001038657
8,bnci004,MMP_merge_then_adapt,logvar,svm_radial,coral,15,4,4,18840,0.05,no_leakage_v1_alpha005,gate_all_sources_proxy_source_only_final_training_only,mmd,,,,,merge_then_adapt,coral,near_nearest_proxy,final,2.0,2,2train,train,True,1.0,4.0,direct,0.09281250772781764,0.06746873025187211,0.12151447001038657
8,bnci004,MMP_merge_then_adapt,logvar,svm_radial,coral,15,4,4,18840,0.05,no_leakage_v1_alpha005,gate_all_sources_proxy_source_only_final_training_only,mmd,,,,,merge_then_adapt,coral,near_nearest_proxy,main,3.0,3,3test,far,False,,4.0,direct,0.20582369621611982,0.152588570628038,0.2581951731753156
8,bnci004,MMP_merge_then_adapt,logvar,svm_radial,coral,15,4,4,18840,0.05,no_leakage_v1_alpha005,gate_all_sources_proxy_source_only_final_training_only,mmd,,,,,merge_then_adapt,coral,near_nearest_proxy,anchor,3.0,3,3test,not_used,False,,4.0,direct,0.20582369621611982,0.152588570628038,0.2581951731753156
8,bnci004,MMP_merge_then_adapt,logvar,svm_radial,coral,15,4,4,18840,0.05,no_leakage_v1_alpha005,gate_all_sources_proxy_source_only_final_training_only,mmd,,,,,merge_then_adapt,coral,near_nearest_proxy,final,3.0,3,3test,not_used,False,,4.0,direct,0.20582369621611982,0.152588570628038,0.2581951731753156
8,bnci004,MMP_merge_then_adapt,logvar,svm_radial,coral,15,4,4,18840,0.05,no_leakage_v1_alpha005,gate_all_sources_proxy_source_only_final_training_only,mmd,,,,,merge_then_adapt,coral,near_nearest_proxy,main,,4,4test,target,False,,,,,,
8,bnci004,MMP_merge_then_adapt,logvar,svm_radial,coral,15,4,4,18840,0.05,no_leakage_v1_alpha005,gate_all_sources_proxy_source_only_final_training_only,mmd,,,,,merge_then_adapt,coral,near_nearest_proxy,final,,4,4test,target,False,,,,,,
8,bnci004,MMP_merge_then_adapt,TS,lda,none,16,0,0,19713,0.05,no_leakage_v1_alpha005,gate_all_sources_proxy_source_only_final_training_only,mmd,,,,,merge_then_adapt,coral,near_nearest_proxy,main,0.0,1,1train,nearest,True,1.0,0.0,direct,0.04862901143523882,0.031149782015910357,0.07068052499516952
8,bnci004,MMP_merge_then_adapt,TS,lda,none,16,0,0,19713,0.05,no_leakage_v1_alpha005,gate_all_sources_proxy_source_only_final_training_only,mmd,,,,,merge_then_adapt,coral,near_nearest_proxy,anchor,0.0,1,1train,target,False,,0.0,direct,0.04862901143523882,0.031149782015910357,0.07068052499516952
8,bnci004,MMP_merge_then_adapt,TS,lda,none,16,0,0,19713,0.05,no_leakage_v1_alpha005,gate_all_sources_proxy_source_only_final_training_only,mmd,,,,,merge_then_adapt,coral,near_nearest_proxy,final,0.0,1,1train,train,True,1.0,0.0,direct,0.04862901143523882,0.031149782015910357,0.07068052499516952
8,bnci004,MMP_merge_then_adapt,TS,lda,none,16,0,0,19713,0.05,no_leakage_v1_alpha005,gate_all_sources_proxy_source_only_final_training_only,mmd,,,,,merge_then_adapt,coral,near_nearest_proxy,main,1.0,2,2train,far,False,,0.0,direct,0.15284066820027595,0.12166219915705322,0.18515488919602655
8,bnci004,MMP_merge_then_adapt,TS,lda,none,16,0,0,19713,0.05,no_leakage_v1_alpha005,gate_all_sources_proxy_source_only_final_training_only,mmd,,,,,merge_then_adapt,coral,near_nearest_proxy,anchor,1.0,2,2train,not_used,False,,0.0,direct,0.15284066820027595,0.12166219915705322,0.18515488919602655
8,bnci004,MMP_merge_then_adapt,TS,lda,none,16,0,0,19713,0.05,no_leakage_v1_alpha005,gate_all_sources_proxy_source_only_final_training_only,mmd,,,,,merge_then_adapt,coral,near_nearest_proxy,final,1.0,2,2train,not_used,False,,0.0,direct,0.15284066820027595,0.12166219915705322,0.18515488919602655
8,bnci004,MMP_merge_then_adapt,TS,lda,none,16,0,0,19713,0.05,no_leakage_v1_alpha005,gate_all_sources_proxy_source_only_final_training_only,mmd,,,,,merge_then_adapt,coral,near_nearest_proxy,main,2.0,3,3test,far,False,,0.0,direct,0.10486907925741125,0.0833681589929133,0.1353924002969732
8,bnci004,MMP_merge_then_adapt,TS,lda,none,16,0,0,19713,0.05,no_leakage_v1_alpha005,gate_all_sources_proxy_source_only_final_training_only,mmd,,,,,merge_then_adapt,coral,near_nearest_proxy,anchor,2.0,3,3test,second_nearest_fallback_source,False,1.0,0.0,direct,0.10486907925741125,0.0833681589929133,0.1353924002969732
8,bnci004,MMP_merge_then_adapt,TS,lda,none,16,0,0,19713,0.05,no_leakage_v1_alpha005,gate_all_sources_proxy_source_only_final_training_only,mmd,,,,,merge_then_adapt,coral,near_nearest_proxy,final,2.0,3,3test,not_used,False,,0.0,direct,0.10486907925741125,0.0833681589929133,0.1353924002969732
8,bnci004,MMP_merge_then_adapt,TS,lda,none,16,0,0,19713,0.05,no_leakage_v1_alpha005,gate_all_sources_proxy_source_only_final_training_only,mmd,,,,,merge_then_adapt,coral,near_nearest_proxy,main,3.0,4,4test,far,False,,0.0,direct,0.21275940880424385,0.1848172281870949,0.24545908321968787
8,bnci004,MMP_merge_then_adapt,TS,lda,none,16,0,0,19713,0.05,no_leakage_v1_alpha005,gate_all_sources_proxy_source_only_final_training_only,mmd,,,,,merge_then_adapt,coral,near_nearest_proxy,anchor,3.0,4,4test,not_used,False,,0.0,direct,0.21275940880424385,0.1848172281870949,0.24545908321968787
8,bnci004,MMP_merge_then_adapt,TS,lda,none,16,0,0,19713,0.05,no_leakage_v1_alpha005,gate_all_sources_proxy_source_only_final_training_only,mmd,,,,,merge_then_adapt,coral,near_nearest_proxy,final,3.0,4,4test,not_used,False,,0.0,direct,0.21275940880424385,0.1848172281870949,0.24545908321968787
8,bnci004,MMP_merge_then_adapt,TS,lda,none,16,0,0,19713,0.05,no_leakage_v1_alpha005,gate_all_sources_proxy_source_only_final_training_only,mmd,,,,,merge_then_adapt,coral,near_nearest_proxy,main,,0,0train,target,False,,,,,,
8,bnci004,MMP_merge_then_adapt,TS,lda,none,16,0,0,19713,0.05,no_leakage_v1_alpha005,gate_all_sources_proxy_source_only_final_training_only,mmd,,,,,merge_then_adapt,coral,near_nearest_proxy,final,,0,0train,target,False,,,,,,
8,bnci004,MMP_merge_then_adapt,TS,lda,none,16,1,1,19744,0.05,no_leakage_v1_alpha005,gate_all_sources_proxy_source_only_final_training_only,mmd,,,,,merge_then_adapt,coral,near_nearest_proxy,main,0.0,0,0train,nearest,True,0.4179504150542617,1.0,direct,0.0497605814720388,0.030035203199744693,0.07423695002077887
8,bnci004,MMP_merge_then_adapt,TS,lda,none,16,1,1,19744,0.05,no_leakage_v1_alpha005,gate_all_sources_proxy_source_only_final_training_only,mmd,,,,,merge_then_adapt,coral,near_nearest_proxy,anchor,0.0,0,0train,target,False,,1.0,direct,0.0497605814720388,0.030035203199744693,0.07423695002077887
8,bnci004,MMP_merge_then_adapt,TS,lda,none,16,1,1,19744,0.05,no_leakage_v1_alpha005,gate_all_sources_proxy_source_only_final_training_only,mmd,,,,,merge_then_adapt,coral,near_nearest_proxy,final,0.0,0,0train,train,True,0.4179504150542617,1.0,direct,0.0497605814720388,0.030035203199744693,0.07423695002077887
8,bnci004,MMP_merge_then_adapt,TS,lda,none,16,1,1,19744,0.05,no_leakage_v1_alpha005,gate_all_sources_proxy_source_only_final_training_only,mmd,,,,,merge_then_adapt,coral,near_nearest_proxy,main,1.0,2,2train,near,False,0.2797336845753938,1.0,direct,0.07434783525580428,0.05211656797968547,0.09899039455514867
8,bnci004,MMP_merge_then_adapt,TS,lda,none,16,1,1,19744,0.05,no_leakage_v1_alpha005,gate_all_sources_proxy_source_only_final_training_only,mmd,,,,,merge_then_adapt,coral,near_nearest_proxy,anchor,1.0,2,2train,proxy_source,False,0.48060112370232516,1.0,direct,0.07434783525580428,0.05211656797968547,0.09899039455514867
8,bnci004,MMP_merge_then_adapt,TS,lda,none,16,1,1,19744,0.05,no_leakage_v1_alpha005,gate_all_sources_proxy_source_only_final_training_only,mmd,,,,,merge_then_adapt,coral,near_nearest_proxy,final,1.0,2,2train,train,False,0.2797336845753938,1.0,direct,0.07434783525580428,0.05211656797968547,0.09899039455514867
8,bnci004,MMP_merge_then_adapt,TS,lda,none,16,1,1,19744,0.05,no_leakage_v1_alpha005,gate_all_sources_proxy_source_only_final_training_only,mmd,,,,,merge_then_adapt,coral,near_nearest_proxy,main,2.0,3,3test,near,False,0.30231590037034456,1.0,direct,0.06879416957102541,0.045770439598481795,0.09559553613671022
8,bnci004,MMP_merge_then_adapt,TS,lda,none,16,1,1,19744,0.05,no_leakage_v1_alpha005,gate_all_sources_proxy_source_only_final_training_only,mmd,,,,,merge_then_adapt,coral,near_nearest_proxy,anchor,2.0,3,3test,proxy_source,False,0.5193988762976748,1.0,direct,0.06879416957102541,0.045770439598481795,0.09559553613671022
8,bnci004,MMP_merge_then_adapt,TS,lda,none,16,1,1,19744,0.05,no_leakage_v1_alpha005,gate_all_sources_proxy_source_only_final_training_only,mmd,,,,,merge_then_adapt,coral,near_nearest_proxy,final,2.0,3,3test,train,False,0.30231590037034456,1.0,direct,0.06879416957102541,0.045770439598481795,0.09559553613671022
8,bnci004,MMP_merge_then_adapt,TS,lda,none,16,1,1,19744,0.05,no_leakage_v1_alpha005,gate_all_sources_proxy_source_only_final_training_only,mmd,,,,,merge_then_adapt,coral,near_nearest_proxy,main,3.0,4,4test,far,False,,1.0,direct,0.12967397245338666,0.10584712529637537,0.16016619559320464
8,bnci004,MMP_merge_then_adapt,TS,lda,none,16,1,1,19744,0.05,no_leakage_v1_alpha005,gate_all_sources_proxy_source_only_final_training_only,mmd,,,,,merge_then_adapt,coral,near_nearest_proxy,anchor,3.0,4,4test,not_used,False,,1.0,direct,0.12967397245338666,0.10584712529637537,0.16016619559320464
8,bnci004,MMP_merge_then_adapt,TS,lda,none,16,1,1,19744,0.05,no_leakage_v1_alpha005,gate_all_sources_proxy_source_only_final_training_only,mmd,,,,,merge_then_adapt,coral,near_nearest_proxy,final,3.0,4,4test,not_used,False,,1.0,direct,0.12967397245338666,0.10584712529637537,0.16016619559320464
8,bnci004,MMP_merge_then_adapt,TS,lda,none,16,1,1,19744,0.05,no_leakage_v1_alpha005,gate_all_sources_proxy_source_only_final_training_only,mmd,,,,,merge_then_adapt,coral,near_nearest_proxy,main,,1,1train,target,False,,,,,,
8,bnci004,MMP_merge_then_adapt,TS,lda,none,16,1,1,19744,0.05,no_leakage_v1_alpha005,gate_all_sources_proxy_source_only_final_training_only,mmd,,,,,merge_then_adapt,coral,near_nearest_proxy,final,,1,1train,target,False,,,,,,
8,bnci004,MMP_merge_then_adapt,TS,lda,none,16,2,2,19775,0.05,no_leakage_v1_alpha005,gate_all_sources_proxy_source_only_final_training_only,mmd,,,,,merge_then_adapt,coral,near_nearest_proxy,main,0.0,0,0train,near,False,0.17017846860169278,2.0,direct,0.10922175274246439,0.09115714384124012,0.13275143167966091
8,bnci004,MMP_merge_then_adapt,TS,lda,none,16,2,2,19775,0.05,no_leakage_v1_alpha005,gate_all_sources_proxy_source_only_final_training_only,mmd,,,,,merge_then_adapt,coral,near_nearest_proxy,anchor,0.0,0,0train,proxy_source,False,0.24300031226684995,2.0,direct,0.10922175274246439,0.09115714384124012,0.13275143167966091
8,bnci004,MMP_merge_then_adapt,TS,lda,none,16,2,2,19775,0.05,no_leakage_v1_alpha005,gate_all_sources_proxy_source_only_final_training_only,mmd,,,,,merge_then_adapt,coral,near_nearest_proxy,final,0.0,0,0train,train,False,0.17017846860169278,2.0,direct,0.10922175274246439,0.09115714384124012,0.13275143167966091
8,bnci004,MMP_merge_then_adapt,TS,lda,none,16,2,2,19775,0.05,no_leakage_v1_alpha005,gate_all_sources_proxy_source_only_final_training_only,mmd,,,,,merge_then_adapt,coral,near_nearest_proxy,main,1.0,1,1train,near,False,0.29004372592935435,2.0,direct,0.06408368495092093,0.04674707098680103,0.0825352836912094
8,bnci004,MMP_merge_then_adapt,TS,lda,none,16,2,2,19775,0.05,no_leakage_v1_alpha005,gate_all_sources_proxy_source_only_final_training_only,mmd,,,,,merge_then_adapt,coral,near_nearest_proxy,anchor,1.0,1,1train,proxy_source,False,0.41415765784586844,2.0,direct,0.06408368495092093,0.04674707098680103,0.0825352836912094
8,bnci004,MMP_merge_then_adapt,TS,lda,none,16,2,2,19775,0.05,no_leakage_v1_alpha005,gate_all_sources_proxy_source_only_final_training_only,mmd,,,,,merge_then_adapt,coral,near_nearest_proxy,final,1.0,1,1train,train,False,0.29004372592935435,2.0,direct,0.06408368495092093,0.04674707098680103,0.0825352836912094
8,bnci004,MMP_merge_then_adapt,TS,lda,none,16,2,2,19775,0.05,no_leakage_v1_alpha005,gate_all_sources_proxy_source_only_final_training_only,mmd,,,,,merge_then_adapt,coral,near_nearest_proxy,main,2.0,3,3test,nearest,True,0.29967798389159317,2.0,direct,0.062023445562533565,0.04196529211538698,0.0940669928190228
8,bnci004,MMP_merge_then_adapt,TS,lda,none,16,2,2,19775,0.05,no_leakage_v1_alpha005,gate_all_sources_proxy_source_only_final_training_only,mmd,,,,,merge_then_adapt,coral,near_nearest_proxy,anchor,2.0,3,3test,target,False,,2.0,direct,0.062023445562533565,0.04196529211538698,0.0940669928190228
8,bnci004,MMP_merge_then_adapt,TS,lda,none,16,2,2,19775,0.05,no_leakage_v1_alpha005,gate_all_sources_proxy_source_only_final_training_only,mmd,,,,,merge_then_adapt,coral,near_nearest_proxy,final,2.0,3,3test,train,True,0.29967798389159317,2.0,direct,0.062023445562533565,0.04196529211538698,0.0940669928190228
8,bnci004,MMP_merge_then_adapt,TS,lda,none,16,2,2,19775,0.05,no_leakage_v1_alpha005,gate_all_sources_proxy_source_only_final_training_only,mmd,,,,,merge_then_adapt,coral,near_nearest_proxy,main,3.0,4,4test,near,False,0.24009982157735976,2.0,direct,0.07741413790415339,0.06146708100499658,0.0963998646913162
8,bnci004,MMP_merge_then_adapt,TS,lda,none,16,2,2,19775,0.05,no_leakage_v1_alpha005,gate_all_sources_proxy_source_only_final_training_only,mmd,,,,,merge_then_adapt,coral,near_nearest_proxy,anchor,3.0,4,4test,proxy_source,False,0.3428420298872817,2.0,direct,0.07741413790415339,0.06146708100499658,0.0963998646913162
8,bnci004,MMP_merge_then_adapt,TS,lda,none,16,2,2,19775,0.05,no_leakage_v1_alpha005,gate_all_sources_proxy_source_only_final_training_only,mmd,,,,,merge_then_adapt,coral,near_nearest_proxy,final,3.0,4,4test,train,False,0.24009982157735976,2.0,direct,0.07741413790415339,0.06146708100499658,0.0963998646913162
8,bnci004,MMP_merge_then_adapt,TS,lda,none,16,2,2,19775,0.05,no_leakage_v1_alpha005,gate_all_sources_proxy_source_only_final_training_only,mmd,,,,,merge_then_adapt,coral,near_nearest_proxy,main,,2,2train,target,False,,,,,,
8,bnci004,MMP_merge_then_adapt,TS,lda,none,16,2,2,19775,0.05,no_leakage_v1_alpha005,gate_all_sources_proxy_source_only_final_training_only,mmd,,,,,merge_then_adapt,coral,near_nearest_proxy,final,,2,2train,target,False,,,,,,
8,bnci004,MMP_merge_then_adapt,TS,lda,none,16,3,3,19806,0.05,no_leakage_v1_alpha005,gate_all_sources_proxy_source_only_final_training_only,mmd,,,,,merge_then_adapt,coral,near_nearest_proxy,main,0.0,0,0train,near,False,0.2888154151923385,3.0,direct,0.08274370915878362,0.06408642947015754,0.10569188818452019
8,bnci004,MMP_merge_then_adapt,TS,lda,none,16,3,3,19806,0.05,no_leakage_v1_alpha005,gate_all_sources_proxy_source_only_final_training_only,mmd,,,,,merge_then_adapt,coral,near_nearest_proxy,anchor,0.0,0,0train,proxy_source,False,0.4660313107293452,3.0,direct,0.08274370915878362,0.06408642947015754,0.10569188818452019
8,bnci004,MMP_merge_then_adapt,TS,lda,none,16,3,3,19806,0.05,no_leakage_v1_alpha005,gate_all_sources_proxy_source_only_final_training_only,mmd,,,,,merge_then_adapt,coral,near_nearest_proxy,final,0.0,0,0train,train,False,0.2888154151923385,3.0,direct,0.08274370915878362,0.06408642947015754,0.10569188818452019
8,bnci004,MMP_merge_then_adapt,TS,lda,none,16,3,3,19806,0.05,no_leakage_v1_alpha005,gate_all_sources_proxy_source_only_final_training_only,mmd,,,,,merge_then_adapt,coral,near_nearest_proxy,main,1.0,1,1train,nearest,True,0.3802660710922224,3.0,direct,0.0628443321171208,0.036778540050631504,0.0957020082203931
8,bnci004,MMP_merge_then_adapt,TS,lda,none,16,3,3,19806,0.05,no_leakage_v1_alpha005,gate_all_sources_proxy_source_only_final_training_only,mmd,,,,,merge_then_adapt,coral,near_nearest_proxy,anchor,1.0,1,1train,target,False,,3.0,direct,0.0628443321171208,0.036778540050631504,0.0957020082203931
8,bnci004,MMP_merge_then_adapt,TS,lda,none,16,3,3,19806,0.05,no_leakage_v1_alpha005,gate_all_sources_proxy_source_only_final_training_only,mmd,,,,,merge_then_adapt,coral,near_nearest_proxy,final,1.0,1,1train,train,True,0.3802660710922224,3.0,direct,0.0628443321171208,0.036778540050631504,0.0957020082203931
8,bnci004,MMP_merge_then_adapt,TS,lda,none,16,3,3,19806,0.05,no_leakage_v1_alpha005,gate_all_sources_proxy_source_only_final_training_only,mmd,,,,,merge_then_adapt,coral,near_nearest_proxy,main,2.0,2,2train,near,False,0.3309185137154392,3.0,direct,0.07221601579142688,0.04319803852269777,0.10735880432184475
8,bnci004,MMP_merge_then_adapt,TS,lda,none,16,3,3,19806,0.05,no_leakage_v1_alpha005,gate_all_sources_proxy_source_only_final_training_only,mmd,,,,,merge_then_adapt,coral,near_nearest_proxy,anchor,2.0,2,2train,proxy_source,False,0.5339686892706548,3.0,direct,0.07221601579142688,0.04319803852269777,0.10735880432184475
8,bnci004,MMP_merge_then_adapt,TS,lda,none,16,3,3,19806,0.05,no_leakage_v1_alpha005,gate_all_sources_proxy_source_only_final_training_only,mmd,,,,,merge_then_adapt,coral,near_nearest_proxy,final,2.0,2,2train,train,False,0.3309185137154392,3.0,direct,0.07221601579142688,0.04319803852269777,0.10735880432184475
8,bnci004,MMP_merge_then_adapt,TS,lda,none,16,3,3,19806,0.05,no_leakage_v1_alpha005,gate_all_sources_proxy_source_only_final_training_only,mmd,,,,,merge_then_adapt,coral,near_nearest_proxy,main,3.0,4,4test,far,False,,3.0,direct,0.14260420990923955,0.10881516957710463,0.17918391469415426
8,bnci004,MMP_merge_then_adapt,TS,lda,none,16,3,3,19806,0.05,no_leakage_v1_alpha005,gate_all_sources_proxy_source_only_final_training_only,mmd,,,,,merge_then_adapt,coral,near_nearest_proxy,anchor,3.0,4,4test,not_used,False,,3.0,direct,0.14260420990923955,0.10881516957710463,0.17918391469415426
8,bnci004,MMP_merge_then_adapt,TS,lda,none,16,3,3,19806,0.05,no_leakage_v1_alpha005,gate_all_sources_proxy_source_only_final_training_only,mmd,,,,,merge_then_adapt,coral,near_nearest_proxy,final,3.0,4,4test,not_used,False,,3.0,direct,0.14260420990923955,0.10881516957710463,0.17918391469415426
8,bnci004,MMP_merge_then_adapt,TS,lda,none,16,3,3,19806,0.05,no_leakage_v1_alpha005,gate_all_sources_proxy_source_only_final_training_only,mmd,,,,,merge_then_adapt,coral,near_nearest_proxy,main,,3,3test,target,False,,,,,,
8,bnci004,MMP_merge_then_adapt,TS,lda,none,16,3,3,19806,0.05,no_leakage_v1_alpha005,gate_all_sources_proxy_source_only_final_training_only,mmd,,,,,merge_then_adapt,coral,near_nearest_proxy,final,,3,3test,target,False,,,,,,
8,bnci004,MMP_merge_then_adapt,TS,lda,none,16,4,4,19837,0.05,no_leakage_v1_alpha005,gate_all_sources_proxy_source_only_final_training_only,mmd,,,,,merge_then_adapt,coral,near_nearest_proxy,main,0.0,0,0train,far,False,,4.0,direct,0.1458514985645097,0.12393813652167196,0.17144038855233876
8,bnci004,MMP_merge_then_adapt,TS,lda,none,16,4,4,19837,0.05,no_leakage_v1_alpha005,gate_all_sources_proxy_source_only_final_training_only,mmd,,,,,merge_then_adapt,coral,near_nearest_proxy,anchor,0.0,0,0train,not_used,False,,4.0,direct,0.1458514985645097,0.12393813652167196,0.17144038855233876
8,bnci004,MMP_merge_then_adapt,TS,lda,none,16,4,4,19837,0.05,no_leakage_v1_alpha005,gate_all_sources_proxy_source_only_final_training_only,mmd,,,,,merge_then_adapt,coral,near_nearest_proxy,final,0.0,0,0train,not_used,False,,4.0,direct,0.1458514985645097,0.12393813652167196,0.17144038855233876
8,bnci004,MMP_merge_then_adapt,TS,lda,none,16,4,4,19837,0.05,no_leakage_v1_alpha005,gate_all_sources_proxy_source_only_final_training_only,mmd,,,,,merge_then_adapt,coral,near_nearest_proxy,main,1.0,1,1train,near,False,0.4016841290585668,4.0,direct,0.11053834859173381,0.09007489816364868,0.1330323291647789
8,bnci004,MMP_merge_then_adapt,TS,lda,none,16,4,4,19837,0.05,no_leakage_v1_alpha005,gate_all_sources_proxy_source_only_final_training_only,mmd,,,,,merge_then_adapt,coral,near_nearest_proxy,anchor,1.0,1,1train,proxy_source,False,1.0,4.0,direct,0.11053834859173381,0.09007489816364868,0.1330323291647789
8,bnci004,MMP_merge_then_adapt,TS,lda,none,16,4,4,19837,0.05,no_leakage_v1_alpha005,gate_all_sources_proxy_source_only_final_training_only,mmd,,,,,merge_then_adapt,coral,near_nearest_proxy,final,1.0,1,1train,train,False,0.4016841290585668,4.0,direct,0.11053834859173381,0.09007489816364868,0.1330323291647789
8,bnci004,MMP_merge_then_adapt,TS,lda,none,16,4,4,19837,0.05,no_leakage_v1_alpha005,gate_all_sources_proxy_source_only_final_training_only,mmd,,,,,merge_then_adapt,coral,near_nearest_proxy,main,2.0,2,2train,nearest,True,0.5983158709414331,4.0,direct,0.07421047277257875,0.05992955485774282,0.09043222124811047
8,bnci004,MMP_merge_then_adapt,TS,lda,none,16,4,4,19837,0.05,no_leakage_v1_alpha005,gate_all_sources_proxy_source_only_final_training_only,mmd,,,,,merge_then_adapt,coral,near_nearest_proxy,anchor,2.0,2,2train,target,False,,4.0,direct,0.07421047277257875,0.05992955485774282,0.09043222124811047
8,bnci004,MMP_merge_then_adapt,TS,lda,none,16,4,4,19837,0.05,no_leakage_v1_alpha005,gate_all_sources_proxy_source_only_final_training_only,mmd,,,,,merge_then_adapt,coral,near_nearest_proxy,final,2.0,2,2train,train,True,0.5983158709414331,4.0,direct,0.07421047277257875,0.05992955485774282,0.09043222124811047
8,bnci004,MMP_merge_then_adapt,TS,lda,none,16,4,4,19837,0.05,no_leakage_v1_alpha005,gate_all_sources_proxy_source_only_final_training_only,mmd,,,,,merge_then_adapt,coral,near_nearest_proxy,main,3.0,3,3test,far,False,,4.0,direct,0.11319515685061017,0.09296021778850137,0.13649575338283174
8,bnci004,MMP_merge_then_adapt,TS,lda,none,16,4,4,19837,0.05,no_leakage_v1_alpha005,gate_all_sources_proxy_source_only_final_training_only,mmd,,,,,merge_then_adapt,coral,near_nearest_proxy,anchor,3.0,3,3test,not_used,False,,4.0,direct,0.11319515685061017,0.09296021778850137,0.13649575338283174
8,bnci004,MMP_merge_then_adapt,TS,lda,none,16,4,4,19837,0.05,no_leakage_v1_alpha005,gate_all_sources_proxy_source_only_final_training_only,mmd,,,,,merge_then_adapt,coral,near_nearest_proxy,final,3.0,3,3test,not_used,False,,4.0,direct,0.11319515685061017,0.09296021778850137,0.13649575338283174
8,bnci004,MMP_merge_then_adapt,TS,lda,none,16,4,4,19837,0.05,no_leakage_v1_alpha005,gate_all_sources_proxy_source_only_final_training_only,mmd,,,,,merge_then_adapt,coral,near_nearest_proxy,main,,4,4test,target,False,,,,,,
8,bnci004,MMP_merge_then_adapt,TS,lda,none,16,4,4,19837,0.05,no_leakage_v1_alpha005,gate_all_sources_proxy_source_only_final_training_only,mmd,,,,,merge_then_adapt,coral,near_nearest_proxy,final,,4,4test,target,False,,,,,,
8,bnci004,MMP_merge_then_adapt,TS,lda,sa,17,0,0,20710,0.05,no_leakage_v1_alpha005,gate_all_sources_proxy_source_only_final_training_only,mmd,,,,,merge_then_adapt,coral,near_nearest_proxy,main,0.0,1,1train,nearest,True,1.0,0.0,direct,0.04833449232118294,0.02943960731202789,0.073061353386607
8,bnci004,MMP_merge_then_adapt,TS,lda,sa,17,0,0,20710,0.05,no_leakage_v1_alpha005,gate_all_sources_proxy_source_only_final_training_only,mmd,,,,,merge_then_adapt,coral,near_nearest_proxy,anchor,0.0,1,1train,target,False,,0.0,direct,0.04833449232118294,0.02943960731202789,0.073061353386607
8,bnci004,MMP_merge_then_adapt,TS,lda,sa,17,0,0,20710,0.05,no_leakage_v1_alpha005,gate_all_sources_proxy_source_only_final_training_only,mmd,,,,,merge_then_adapt,coral,near_nearest_proxy,final,0.0,1,1train,train,True,1.0,0.0,direct,0.04833449232118294,0.02943960731202789,0.073061353386607
8,bnci004,MMP_merge_then_adapt,TS,lda,sa,17,0,0,20710,0.05,no_leakage_v1_alpha005,gate_all_sources_proxy_source_only_final_training_only,mmd,,,,,merge_then_adapt,coral,near_nearest_proxy,main,1.0,2,2train,far,False,,0.0,direct,0.1529930181594029,0.12183783499121731,0.18590964335436616
8,bnci004,MMP_merge_then_adapt,TS,lda,sa,17,0,0,20710,0.05,no_leakage_v1_alpha005,gate_all_sources_proxy_source_only_final_training_only,mmd,,,,,merge_then_adapt,coral,near_nearest_proxy,anchor,1.0,2,2train,not_used,False,,0.0,direct,0.1529930181594029,0.12183783499121731,0.18590964335436616
8,bnci004,MMP_merge_then_adapt,TS,lda,sa,17,0,0,20710,0.05,no_leakage_v1_alpha005,gate_all_sources_proxy_source_only_final_training_only,mmd,,,,,merge_then_adapt,coral,near_nearest_proxy,final,1.0,2,2train,not_used,False,,0.0,direct,0.1529930181594029,0.12183783499121731,0.18590964335436616
8,bnci004,MMP_merge_then_adapt,TS,lda,sa,17,0,0,20710,0.05,no_leakage_v1_alpha005,gate_all_sources_proxy_source_only_final_training_only,mmd,,,,,merge_then_adapt,coral,near_nearest_proxy,main,2.0,3,3test,far,False,,0.0,direct,0.10512622914889891,0.07550839446174937,0.13685400369114153
8,bnci004,MMP_merge_then_adapt,TS,lda,sa,17,0,0,20710,0.05,no_leakage_v1_alpha005,gate_all_sources_proxy_source_only_final_training_only,mmd,,,,,merge_then_adapt,coral,near_nearest_proxy,anchor,2.0,3,3test,second_nearest_fallback_source,False,1.0,0.0,direct,0.10512622914889891,0.07550839446174937,0.13685400369114153
8,bnci004,MMP_merge_then_adapt,TS,lda,sa,17,0,0,20710,0.05,no_leakage_v1_alpha005,gate_all_sources_proxy_source_only_final_training_only,mmd,,,,,merge_then_adapt,coral,near_nearest_proxy,final,2.0,3,3test,not_used,False,,0.0,direct,0.10512622914889891,0.07550839446174937,0.13685400369114153
8,bnci004,MMP_merge_then_adapt,TS,lda,sa,17,0,0,20710,0.05,no_leakage_v1_alpha005,gate_all_sources_proxy_source_only_final_training_only,mmd,,,,,merge_then_adapt,coral,near_nearest_proxy,main,3.0,4,4test,far,False,,0.0,direct,0.21491739809004648,0.18222899718651067,0.24962391020308639
8,bnci004,MMP_merge_then_adapt,TS,lda,sa,17,0,0,20710,0.05,no_leakage_v1_alpha005,gate_all_sources_proxy_source_only_final_training_only,mmd,,,,,merge_then_adapt,coral,near_nearest_proxy,anchor,3.0,4,4test,not_used,False,,0.0,direct,0.21491739809004648,0.18222899718651067,0.24962391020308639
8,bnci004,MMP_merge_then_adapt,TS,lda,sa,17,0,0,20710,0.05,no_leakage_v1_alpha005,gate_all_sources_proxy_source_only_final_training_only,mmd,,,,,merge_then_adapt,coral,near_nearest_proxy,final,3.0,4,4test,not_used,False,,0.0,direct,0.21491739809004648,0.18222899718651067,0.24962391020308639
8,bnci004,MMP_merge_then_adapt,TS,lda,sa,17,0,0,20710,0.05,no_leakage_v1_alpha005,gate_all_sources_proxy_source_only_final_training_only,mmd,,,,,merge_then_adapt,coral,near_nearest_proxy,main,,0,0train,target,False,,,,,,
8,bnci004,MMP_merge_then_adapt,TS,lda,sa,17,0,0,20710,0.05,no_leakage_v1_alpha005,gate_all_sources_proxy_source_only_final_training_only,mmd,,,,,merge_then_adapt,coral,near_nearest_proxy,final,,0,0train,target,False,,,,,,
8,bnci004,MMP_merge_then_adapt,TS,lda,sa,17,1,1,20741,0.05,no_leakage_v1_alpha005,gate_all_sources_proxy_source_only_final_training_only,mmd,,,,,merge_then_adapt,coral,near_nearest_proxy,main,0.0,0,0train,nearest,True,0.4128014637729975,1.0,direct,0.05075150290186947,0.032169243358048695,0.07641738584154749
8,bnci004,MMP_merge_then_adapt,TS,lda,sa,17,1,1,20741,0.05,no_leakage_v1_alpha005,gate_all_sources_proxy_source_only_final_training_only,mmd,,,,,merge_then_adapt,coral,near_nearest_proxy,anchor,0.0,0,0train,target,False,,1.0,direct,0.05075150290186947,0.032169243358048695,0.07641738584154749
8,bnci004,MMP_merge_then_adapt,TS,lda,sa,17,1,1,20741,0.05,no_leakage_v1_alpha005,gate_all_sources_proxy_source_only_final_training_only,mmd,,,,,merge_then_adapt,coral,near_nearest_proxy,final,0.0,0,0train,train,True,0.4128014637729975,1.0,direct,0.05075150290186947,0.032169243358048695,0.07641738584154749
8,bnci004,MMP_merge_then_adapt,TS,lda,sa,17,1,1,20741,0.05,no_leakage_v1_alpha005,gate_all_sources_proxy_source_only_final_training_only,mmd,,,,,merge_then_adapt,coral,near_nearest_proxy,main,1.0,2,2train,near,False,0.2808517701925763,1.0,direct,0.07459602843841576,0.05434685911961171,0.10269582394240227
8,bnci004,MMP_merge_then_adapt,TS,lda,sa,17,1,1,20741,0.05,no_leakage_v1_alpha005,gate_all_sources_proxy_source_only_final_training_only,mmd,,,,,merge_then_adapt,coral,near_nearest_proxy,anchor,1.0,2,2train,proxy_source,False,0.4782909916587445,1.0,direct,0.07459602843841576,0.05434685911961171,0.10269582394240227
8,bnci004,MMP_merge_then_adapt,TS,lda,sa,17,1,1,20741,0.05,no_leakage_v1_alpha005,gate_all_sources_proxy_source_only_final_training_only,mmd,,,,,merge_then_adapt,coral,near_nearest_proxy,final,1.0,2,2train,train,False,0.2808517701925763,1.0,direct,0.07459602843841576,0.05434685911961171,0.10269582394240227
8,bnci004,MMP_merge_then_adapt,TS,lda,sa,17,1,1,20741,0.05,no_leakage_v1_alpha005,gate_all_sources_proxy_source_only_final_training_only,mmd,,,,,merge_then_adapt,coral,near_nearest_proxy,main,2.0,3,3test,near,False,0.30634676603442634,1.0,direct,0.06838786455122768,0.04579114447933,0.09632921676446043
8,bnci004,MMP_merge_then_adapt,TS,lda,sa,17,1,1,20741,0.05,no_leakage_v1_alpha005,gate_all_sources_proxy_source_only_final_training_only,mmd,,,,,merge_then_adapt,coral,near_nearest_proxy,anchor,2.0,3,3test,proxy_source,False,0.5217090083412556,1.0,direct,0.06838786455122768,0.04579114447933,0.09632921676446043
8,bnci004,MMP_merge_then_adapt,TS,lda,sa,17,1,1,20741,0.05,no_leakage_v1_alpha005,gate_all_sources_proxy_source_only_final_training_only,mmd,,,,,merge_then_adapt,coral,near_nearest_proxy,final,2.0,3,3test,train,False,0.30634676603442634,1.0,direct,0.06838786455122768,0.04579114447933,0.09632921676446043
8,bnci004,MMP_merge_then_adapt,TS,lda,sa,17,1,1,20741,0.05,no_leakage_v1_alpha005,gate_all_sources_proxy_source_only_final_training_only,mmd,,,,,merge_then_adapt,coral,near_nearest_proxy,main,3.0,4,4test,far,False,,1.0,direct,0.13157190492889892,0.1041142308409306,0.16068712886781186
8,bnci004,MMP_merge_then_adapt,TS,lda,sa,17,1,1,20741,0.05,no_leakage_v1_alpha005,gate_all_sources_proxy_source_only_final_training_only,mmd,,,,,merge_then_adapt,coral,near_nearest_proxy,anchor,3.0,4,4test,not_used,False,,1.0,direct,0.13157190492889892,0.1041142308409306,0.16068712886781186
8,bnci004,MMP_merge_then_adapt,TS,lda,sa,17,1,1,20741,0.05,no_leakage_v1_alpha005,gate_all_sources_proxy_source_only_final_training_only,mmd,,,,,merge_then_adapt,coral,near_nearest_proxy,final,3.0,4,4test,not_used,False,,1.0,direct,0.13157190492889892,0.1041142308409306,0.16068712886781186
8,bnci004,MMP_merge_then_adapt,TS,lda,sa,17,1,1,20741,0.05,no_leakage_v1_alpha005,gate_all_sources_proxy_source_only_final_training_only,mmd,,,,,merge_then_adapt,coral,near_nearest_proxy,main,,1,1train,target,False,,,,,,
8,bnci004,MMP_merge_then_adapt,TS,lda,sa,17,1,1,20741,0.05,no_leakage_v1_alpha005,gate_all_sources_proxy_source_only_final_training_only,mmd,,,,,merge_then_adapt,coral,near_nearest_proxy,final,,1,1train,target,False,,,,,,
8,bnci004,MMP_merge_then_adapt,TS,lda,sa,17,2,2,20772,0.05,no_leakage_v1_alpha005,gate_all_sources_proxy_source_only_final_training_only,mmd,,,,,merge_then_adapt,coral,near_nearest_proxy,main,0.0,0,0train,far,False,,2.0,direct,0.11056818397278059,0.09153209404813079,0.13247291687735196
8,bnci004,MMP_merge_then_adapt,TS,lda,sa,17,2,2,20772,0.05,no_leakage_v1_alpha005,gate_all_sources_proxy_source_only_final_training_only,mmd,,,,,merge_then_adapt,coral,near_nearest_proxy,anchor,0.0,0,0train,not_used,False,,2.0,direct,0.11056818397278059,0.09153209404813079,0.13247291687735196
8,bnci004,MMP_merge_then_adapt,TS,lda,sa,17,2,2,20772,0.05,no_leakage_v1_alpha005,gate_all_sources_proxy_source_only_final_training_only,mmd,,,,,merge_then_adapt,coral,near_nearest_proxy,final,0.0,0,0train,not_used,False,,2.0,direct,0.11056818397278059,0.09153209404813079,0.13247291687735196
8,bnci004,MMP_merge_then_adapt,TS,lda,sa,17,2,2,20772,0.05,no_leakage_v1_alpha005,gate_all_sources_proxy_source_only_final_training_only,mmd,,,,,merge_then_adapt,coral,near_nearest_proxy,main,1.0,1,1train,near,False,0.34943628491584355,2.0,direct,0.064453102923966,0.050101213764918606,0.08268297364377519
8,bnci004,MMP_merge_then_adapt,TS,lda,sa,17,2,2,20772,0.05,no_leakage_v1_alpha005,gate_all_sources_proxy_source_only_final_training_only,mmd,,,,,merge_then_adapt,coral,near_nearest_proxy,anchor,1.0,1,1train,proxy_source,False,0.5461061816711477,2.0,direct,0.064453102923966,0.050101213764918606,0.08268297364377519
8,bnci004,MMP_merge_then_adapt,TS,lda,sa,17,2,2,20772,0.05,no_leakage_v1_alpha005,gate_all_sources_proxy_source_only_final_training_only,mmd,,,,,merge_then_adapt,coral,near_nearest_proxy,final,1.0,1,1train,train,False,0.34943628491584355,2.0,direct,0.064453102923966,0.050101213764918606,0.08268297364377519
8,bnci004,MMP_merge_then_adapt,TS,lda,sa,17,2,2,20772,0.05,no_leakage_v1_alpha005,gate_all_sources_proxy_source_only_final_training_only,mmd,,,,,merge_then_adapt,coral,near_nearest_proxy,main,2.0,3,3test,nearest,True,0.360131240692921,2.0,direct,0.0625389846733619,0.04148475242694495,0.08862922174617191
8,bnci004,MMP_merge_then_adapt,TS,lda,sa,17,2,2,20772,0.05,no_leakage_v1_alpha005,gate_all_sources_proxy_source_only_final_training_only,mmd,,,,,merge_then_adapt,coral,near_nearest_proxy,anchor,2.0,3,3test,target,False,,2.0,direct,0.0625389846733619,0.04148475242694495,0.08862922174617191
8,bnci004,MMP_merge_then_adapt,TS,lda,sa,17,2,2,20772,0.05,no_leakage_v1_alpha005,gate_all_sources_proxy_source_only_final_training_only,mmd,,,,,merge_then_adapt,coral,near_nearest_proxy,final,2.0,3,3test,train,True,0.360131240692921,2.0,direct,0.0625389846733619,0.04148475242694495,0.08862922174617191
8,bnci004,MMP_merge_then_adapt,TS,lda,sa,17,2,2,20772,0.05,no_leakage_v1_alpha005,gate_all_sources_proxy_source_only_final_training_only,mmd,,,,,merge_then_adapt,coral,near_nearest_proxy,main,3.0,4,4test,near,False,0.29043247439123543,2.0,direct,0.07754749839207158,0.06115255776405584,0.10018915831549186
8,bnci004,MMP_merge_then_adapt,TS,lda,sa,17,2,2,20772,0.05,no_leakage_v1_alpha005,gate_all_sources_proxy_source_only_final_training_only,mmd,,,,,merge_then_adapt,coral,near_nearest_proxy,anchor,3.0,4,4test,proxy_source,False,0.4538938183288523,2.0,direct,0.07754749839207158,0.06115255776405584,0.10018915831549186
8,bnci004,MMP_merge_then_adapt,TS,lda,sa,17,2,2,20772,0.05,no_leakage_v1_alpha005,gate_all_sources_proxy_source_only_final_training_only,mmd,,,,,merge_then_adapt,coral,near_nearest_proxy,final,3.0,4,4test,train,False,0.29043247439123543,2.0,direct,0.07754749839207158,0.06115255776405584,0.10018915831549186
8,bnci004,MMP_merge_then_adapt,TS,lda,sa,17,2,2,20772,0.05,no_leakage_v1_alpha005,gate_all_sources_proxy_source_only_final_training_only,mmd,,,,,merge_then_adapt,coral,near_nearest_proxy,main,,2,2train,target,False,,,,,,
8,bnci004,MMP_merge_then_adapt,TS,lda,sa,17,2,2,20772,0.05,no_leakage_v1_alpha005,gate_all_sources_proxy_source_only_final_training_only,mmd,,,,,merge_then_adapt,coral,near_nearest_proxy,final,,2,2train,target,False,,,,,,
8,bnci004,MMP_merge_then_adapt,TS,lda,sa,17,3,3,20803,0.05,no_leakage_v1_alpha005,gate_all_sources_proxy_source_only_final_training_only,mmd,,,,,merge_then_adapt,coral,near_nearest_proxy,main,0.0,0,0train,near,False,0.28491821750295526,3.0,direct,0.08310229261081745,0.06531783225951716,0.10152748909893129
8,bnci004,MMP_merge_then_adapt,TS,lda,sa,17,3,3,20803,0.05,no_leakage_v1_alpha005,gate_all_sources_proxy_source_only_final_training_only,mmd,,,,,merge_then_adapt,coral,near_nearest_proxy,anchor,0.0,0,0train,proxy_source,False,0.45746557053535697,3.0,direct,0.08310229261081745,0.06531783225951716,0.10152748909893129
8,bnci004,MMP_merge_then_adapt,TS,lda,sa,17,3,3,20803,0.05,no_leakage_v1_alpha005,gate_all_sources_proxy_source_only_final_training_only,mmd,,,,,merge_then_adapt,coral,near_nearest_proxy,final,0.0,0,0train,train,False,0.28491821750295526,3.0,direct,0.08310229261081745,0.06531783225951716,0.10152748909893129
8,bnci004,MMP_merge_then_adapt,TS,lda,sa,17,3,3,20803,0.05,no_leakage_v1_alpha005,gate_all_sources_proxy_source_only_final_training_only,mmd,,,,,merge_then_adapt,coral,near_nearest_proxy,main,1.0,1,1train,nearest,True,0.3771810692342926,3.0,direct,0.0627742661271365,0.03972591858386454,0.09825053887577774
8,bnci004,MMP_merge_then_adapt,TS,lda,sa,17,3,3,20803,0.05,no_leakage_v1_alpha005,gate_all_sources_proxy_source_only_final_training_only,mmd,,,,,merge_then_adapt,coral,near_nearest_proxy,anchor,1.0,1,1train,target,False,,3.0,direct,0.0627742661271365,0.03972591858386454,0.09825053887577774
8,bnci004,MMP_merge_then_adapt,TS,lda,sa,17,3,3,20803,0.05,no_leakage_v1_alpha005,gate_all_sources_proxy_source_only_final_training_only,mmd,,,,,merge_then_adapt,coral,near_nearest_proxy,final,1.0,1,1train,train,True,0.3771810692342926,3.0,direct,0.0627742661271365,0.03972591858386454,0.09825053887577774
8,bnci004,MMP_merge_then_adapt,TS,lda,sa,17,3,3,20803,0.05,no_leakage_v1_alpha005,gate_all_sources_proxy_source_only_final_training_only,mmd,,,,,merge_then_adapt,coral,near_nearest_proxy,main,2.0,2,2train,near,False,0.337900713262752,3.0,direct,0.07007177898489919,0.043295784317952835,0.10394632732946668
8,bnci004,MMP_merge_then_adapt,TS,lda,sa,17,3,3,20803,0.05,no_leakage_v1_alpha005,gate_all_sources_proxy_source_only_final_training_only,mmd,,,,,merge_then_adapt,coral,near_nearest_proxy,anchor,2.0,2,2train,proxy_source,False,0.5425344294646431,3.0,direct,0.07007177898489919,0.043295784317952835,0.10394632732946668
8,bnci004,MMP_merge_then_adapt,TS,lda,sa,17,3,3,20803,0.05,no_leakage_v1_alpha005,gate_all_sources_proxy_source_only_final_training_only,mmd,,,,,merge_then_adapt,coral,near_nearest_proxy,final,2.0,2,2train,train,False,0.337900713262752,3.0,direct,0.07007177898489919,0.043295784317952835,0.10394632732946668
8,bnci004,MMP_merge_then_adapt,TS,lda,sa,17,3,3,20803,0.05,no_leakage_v1_alpha005,gate_all_sources_proxy_source_only_final_training_only,mmd,,,,,merge_then_adapt,coral,near_nearest_proxy,main,3.0,4,4test,far,False,,3.0,direct,0.14243713963706736,0.11328087533199613,0.17613854700868517
8,bnci004,MMP_merge_then_adapt,TS,lda,sa,17,3,3,20803,0.05,no_leakage_v1_alpha005,gate_all_sources_proxy_source_only_final_training_only,mmd,,,,,merge_then_adapt,coral,near_nearest_proxy,anchor,3.0,4,4test,not_used,False,,3.0,direct,0.14243713963706736,0.11328087533199613,0.17613854700868517
8,bnci004,MMP_merge_then_adapt,TS,lda,sa,17,3,3,20803,0.05,no_leakage_v1_alpha005,gate_all_sources_proxy_source_only_final_training_only,mmd,,,,,merge_then_adapt,coral,near_nearest_proxy,final,3.0,4,4test,not_used,False,,3.0,direct,0.14243713963706736,0.11328087533199613,0.17613854700868517
8,bnci004,MMP_merge_then_adapt,TS,lda,sa,17,3,3,20803,0.05,no_leakage_v1_alpha005,gate_all_sources_proxy_source_only_final_training_only,mmd,,,,,merge_then_adapt,coral,near_nearest_proxy,main,,3,3test,target,False,,,,,,
8,bnci004,MMP_merge_then_adapt,TS,lda,sa,17,3,3,20803,0.05,no_leakage_v1_alpha005,gate_all_sources_proxy_source_only_final_training_only,mmd,,,,,merge_then_adapt,coral,near_nearest_proxy,final,,3,3test,target,False,,,,,,
8,bnci004,MMP_merge_then_adapt,TS,lda,sa,17,4,4,20834,0.05,no_leakage_v1_alpha005,gate_all_sources_proxy_source_only_final_training_only,mmd,,,,,merge_then_adapt,coral,near_nearest_proxy,main,0.0,0,0train,far,False,,4.0,direct,0.1456823571312701,0.12566992147216485,0.1715808778185715
8,bnci004,MMP_merge_then_adapt,TS,lda,sa,17,4,4,20834,0.05,no_leakage_v1_alpha005,gate_all_sources_proxy_source_only_final_training_only,mmd,,,,,merge_then_adapt,coral,near_nearest_proxy,anchor,0.0,0,0train,not_used,False,,4.0,direct,0.1456823571312701,0.12566992147216485,0.1715808778185715
8,bnci004,MMP_merge_then_adapt,TS,lda,sa,17,4,4,20834,0.05,no_leakage_v1_alpha005,gate_all_sources_proxy_source_only_final_training_only,mmd,,,,,merge_then_adapt,coral,near_nearest_proxy,final,0.0,0,0train,not_used,False,,4.0,direct,0.1456823571312701,0.12566992147216485,0.1715808778185715
8,bnci004,MMP_merge_then_adapt,TS,lda,sa,17,4,4,20834,0.05,no_leakage_v1_alpha005,gate_all_sources_proxy_source_only_final_training_only,mmd,,,,,merge_then_adapt,coral,near_nearest_proxy,main,1.0,1,1train,near,False,0.2917852148359796,4.0,direct,0.11001737182744337,0.09407203001966571,0.12794833918872967
8,bnci004,MMP_merge_then_adapt,TS,lda,sa,17,4,4,20834,0.05,no_leakage_v1_alpha005,gate_all_sources_proxy_source_only_final_training_only,mmd,,,,,merge_then_adapt,coral,near_nearest_proxy,anchor,1.0,1,1train,proxy_source,False,0.510097349951625,4.0,direct,0.11001737182744337,0.09407203001966571,0.12794833918872967
8,bnci004,MMP_merge_then_adapt,TS,lda,sa,17,4,4,20834,0.05,no_leakage_v1_alpha005,gate_all_sources_proxy_source_only_final_training_only,mmd,,,,,merge_then_adapt,coral,near_nearest_proxy,final,1.0,1,1train,train,False,0.2917852148359796,4.0,direct,0.11001737182744337,0.09407203001966571,0.12794833918872967
8,bnci004,MMP_merge_then_adapt,TS,lda,sa,17,4,4,20834,0.05,no_leakage_v1_alpha005,gate_all_sources_proxy_source_only_final_training_only,mmd,,,,,merge_then_adapt,coral,near_nearest_proxy,main,2.0,2,2train,nearest,True,0.4279813159906616,4.0,direct,0.07500632639523847,0.05890512545055723,0.09435652250611981
8,bnci004,MMP_merge_then_adapt,TS,lda,sa,17,4,4,20834,0.05,no_leakage_v1_alpha005,gate_all_sources_proxy_source_only_final_training_only,mmd,,,,,merge_then_adapt,coral,near_nearest_proxy,anchor,2.0,2,2train,target,False,,4.0,direct,0.07500632639523847,0.05890512545055723,0.09435652250611981
8,bnci004,MMP_merge_then_adapt,TS,lda,sa,17,4,4,20834,0.05,no_leakage_v1_alpha005,gate_all_sources_proxy_source_only_final_training_only,mmd,,,,,merge_then_adapt,coral,near_nearest_proxy,final,2.0,2,2train,train,True,0.4279813159906616,4.0,direct,0.07500632639523847,0.05890512545055723,0.09435652250611981
8,bnci004,MMP_merge_then_adapt,TS,lda,sa,17,4,4,20834,0.05,no_leakage_v1_alpha005,gate_all_sources_proxy_source_only_final_training_only,mmd,,,,,merge_then_adapt,coral,near_nearest_proxy,main,3.0,3,3test,near,False,0.2802334691733589,4.0,direct,0.11455253407382032,0.09066722274270309,0.141427768121092
8,bnci004,MMP_merge_then_adapt,TS,lda,sa,17,4,4,20834,0.05,no_leakage_v1_alpha005,gate_all_sources_proxy_source_only_final_training_only,mmd,,,,,merge_then_adapt,coral,near_nearest_proxy,anchor,3.0,3,3test,proxy_source,False,0.48990265004837485,4.0,direct,0.11455253407382032,0.09066722274270309,0.141427768121092
8,bnci004,MMP_merge_then_adapt,TS,lda,sa,17,4,4,20834,0.05,no_leakage_v1_alpha005,gate_all_sources_proxy_source_only_final_training_only,mmd,,,,,merge_then_adapt,coral,near_nearest_proxy,final,3.0,3,3test,train,False,0.2802334691733589,4.0,direct,0.11455253407382032,0.09066722274270309,0.141427768121092
8,bnci004,MMP_merge_then_adapt,TS,lda,sa,17,4,4,20834,0.05,no_leakage_v1_alpha005,gate_all_sources_proxy_source_only_final_training_only,mmd,,,,,merge_then_adapt,coral,near_nearest_proxy,main,,4,4test,target,False,,,,,,
8,bnci004,MMP_merge_then_adapt,TS,lda,sa,17,4,4,20834,0.05,no_leakage_v1_alpha005,gate_all_sources_proxy_source_only_final_training_only,mmd,,,,,merge_then_adapt,coral,near_nearest_proxy,final,,4,4test,target,False,,,,,,
8,bnci004,MMP_merge_then_adapt,TS,lda,pt,18,0,0,21707,0.05,no_leakage_v1_alpha005,gate_all_sources_proxy_source_only_final_training_only,mmd,,,,,merge_then_adapt,coral,near_nearest_proxy,main,0.0,1,1train,nearest,True,1.0,0.0,direct,0.04884694571396345,0.030563860120006642,0.07282632141215711
8,bnci004,MMP_merge_then_adapt,TS,lda,pt,18,0,0,21707,0.05,no_leakage_v1_alpha005,gate_all_sources_proxy_source_only_final_training_only,mmd,,,,,merge_then_adapt,coral,near_nearest_proxy,anchor,0.0,1,1train,target,False,,0.0,direct,0.04884694571396345,0.030563860120006642,0.07282632141215711
8,bnci004,MMP_merge_then_adapt,TS,lda,pt,18,0,0,21707,0.05,no_leakage_v1_alpha005,gate_all_sources_proxy_source_only_final_training_only,mmd,,,,,merge_then_adapt,coral,near_nearest_proxy,final,0.0,1,1train,train,True,1.0,0.0,direct,0.04884694571396345,0.030563860120006642,0.07282632141215711
8,bnci004,MMP_merge_then_adapt,TS,lda,pt,18,0,0,21707,0.05,no_leakage_v1_alpha005,gate_all_sources_proxy_source_only_final_training_only,mmd,,,,,merge_then_adapt,coral,near_nearest_proxy,main,1.0,2,2train,far,False,,0.0,direct,0.15380036606796588,0.12688876027588564,0.18843870480553332
8,bnci004,MMP_merge_then_adapt,TS,lda,pt,18,0,0,21707,0.05,no_leakage_v1_alpha005,gate_all_sources_proxy_source_only_final_training_only,mmd,,,,,merge_then_adapt,coral,near_nearest_proxy,anchor,1.0,2,2train,not_used,False,,0.0,direct,0.15380036606796588,0.12688876027588564,0.18843870480553332
8,bnci004,MMP_merge_then_adapt,TS,lda,pt,18,0,0,21707,0.05,no_leakage_v1_alpha005,gate_all_sources_proxy_source_only_final_training_only,mmd,,,,,merge_then_adapt,coral,near_nearest_proxy,final,1.0,2,2train,not_used,False,,0.0,direct,0.15380036606796588,0.12688876027588564,0.18843870480553332
8,bnci004,MMP_merge_then_adapt,TS,lda,pt,18,0,0,21707,0.05,no_leakage_v1_alpha005,gate_all_sources_proxy_source_only_final_training_only,mmd,,,,,merge_then_adapt,coral,near_nearest_proxy,main,2.0,3,3test,far,False,,0.0,direct,0.10627462018839581,0.08233406363736893,0.1331664017495302
8,bnci004,MMP_merge_then_adapt,TS,lda,pt,18,0,0,21707,0.05,no_leakage_v1_alpha005,gate_all_sources_proxy_source_only_final_training_only,mmd,,,,,merge_then_adapt,coral,near_nearest_proxy,anchor,2.0,3,3test,second_nearest_fallback_source,False,1.0,0.0,direct,0.10627462018839581,0.08233406363736893,0.1331664017495302
8,bnci004,MMP_merge_then_adapt,TS,lda,pt,18,0,0,21707,0.05,no_leakage_v1_alpha005,gate_all_sources_proxy_source_only_final_training_only,mmd,,,,,merge_then_adapt,coral,near_nearest_proxy,final,2.0,3,3test,not_used,False,,0.0,direct,0.10627462018839581,0.08233406363736893,0.1331664017495302
8,bnci004,MMP_merge_then_adapt,TS,lda,pt,18,0,0,21707,0.05,no_leakage_v1_alpha005,gate_all_sources_proxy_source_only_final_training_only,mmd,,,,,merge_then_adapt,coral,near_nearest_proxy,main,3.0,4,4test,far,False,,0.0,direct,0.2146902385760588,0.18468007343534482,0.25757112367521867
8,bnci004,MMP_merge_then_adapt,TS,lda,pt,18,0,0,21707,0.05,no_leakage_v1_alpha005,gate_all_sources_proxy_source_only_final_training_only,mmd,,,,,merge_then_adapt,coral,near_nearest_proxy,anchor,3.0,4,4test,not_used,False,,0.0,direct,0.2146902385760588,0.18468007343534482,0.25757112367521867
8,bnci004,MMP_merge_then_adapt,TS,lda,pt,18,0,0,21707,0.05,no_leakage_v1_alpha005,gate_all_sources_proxy_source_only_final_training_only,mmd,,,,,merge_then_adapt,coral,near_nearest_proxy,final,3.0,4,4test,not_used,False,,0.0,direct,0.2146902385760588,0.18468007343534482,0.25757112367521867
8,bnci004,MMP_merge_then_adapt,TS,lda,pt,18,0,0,21707,0.05,no_leakage_v1_alpha005,gate_all_sources_proxy_source_only_final_training_only,mmd,,,,,merge_then_adapt,coral,near_nearest_proxy,main,,0,0train,target,False,,,,,,
8,bnci004,MMP_merge_then_adapt,TS,lda,pt,18,0,0,21707,0.05,no_leakage_v1_alpha005,gate_all_sources_proxy_source_only_final_training_only,mmd,,,,,merge_then_adapt,coral,near_nearest_proxy,final,,0,0train,target,False,,,,,,
8,bnci004,MMP_merge_then_adapt,TS,lda,pt,18,1,1,21738,0.05,no_leakage_v1_alpha005,gate_all_sources_proxy_source_only_final_training_only,mmd,,,,,merge_then_adapt,coral,near_nearest_proxy,main,0.0,0,0train,nearest,True,0.4196790791839017,1.0,direct,0.04992683370949165,0.03297784264357187,0.07212553886817336
8,bnci004,MMP_merge_then_adapt,TS,lda,pt,18,1,1,21738,0.05,no_leakage_v1_alpha005,gate_all_sources_proxy_source_only_final_training_only,mmd,,,,,merge_then_adapt,coral,near_nearest_proxy,anchor,0.0,0,0train,target,False,,1.0,direct,0.04992683370949165,0.03297784264357187,0.07212553886817336
8,bnci004,MMP_merge_then_adapt,TS,lda,pt,18,1,1,21738,0.05,no_leakage_v1_alpha005,gate_all_sources_proxy_source_only_final_training_only,mmd,,,,,merge_then_adapt,coral,near_nearest_proxy,final,0.0,0,0train,train,True,0.4196790791839017,1.0,direct,0.04992683370949165,0.03297784264357187,0.07212553886817336
8,bnci004,MMP_merge_then_adapt,TS,lda,pt,18,1,1,21738,0.05,no_leakage_v1_alpha005,gate_all_sources_proxy_source_only_final_training_only,mmd,,,,,merge_then_adapt,coral,near_nearest_proxy,main,1.0,2,2train,near,False,0.273421271947841,1.0,direct,0.07663410277592313,0.057695340169156006,0.10621114125075552
8,bnci004,MMP_merge_then_adapt,TS,lda,pt,18,1,1,21738,0.05,no_leakage_v1_alpha005,gate_all_sources_proxy_source_only_final_training_only,mmd,,,,,merge_then_adapt,coral,near_nearest_proxy,anchor,1.0,2,2train,proxy_source,False,0.47115529035784537,1.0,direct,0.07663410277592313,0.057695340169156006,0.10621114125075552
8,bnci004,MMP_merge_then_adapt,TS,lda,pt,18,1,1,21738,0.05,no_leakage_v1_alpha005,gate_all_sources_proxy_source_only_final_training_only,mmd,,,,,merge_then_adapt,coral,near_nearest_proxy,final,1.0,2,2train,train,False,0.273421271947841,1.0,direct,0.07663410277592313,0.057695340169156006,0.10621114125075552
8,bnci004,MMP_merge_then_adapt,TS,lda,pt,18,1,1,21738,0.05,no_leakage_v1_alpha005,gate_all_sources_proxy_source_only_final_training_only,mmd,,,,,merge_then_adapt,coral,near_nearest_proxy,main,2.0,3,3test,near,False,0.3068996488682574,1.0,direct,0.06827430547563836,0.04380536373977788,0.10139726553295123
8,bnci004,MMP_merge_then_adapt,TS,lda,pt,18,1,1,21738,0.05,no_leakage_v1_alpha005,gate_all_sources_proxy_source_only_final_training_only,mmd,,,,,merge_then_adapt,coral,near_nearest_proxy,anchor,2.0,3,3test,proxy_source,False,0.5288447096421547,1.0,direct,0.06827430547563836,0.04380536373977788,0.10139726553295123
8,bnci004,MMP_merge_then_adapt,TS,lda,pt,18,1,1,21738,0.05,no_leakage_v1_alpha005,gate_all_sources_proxy_source_only_final_training_only,mmd,,,,,merge_then_adapt,coral,near_nearest_proxy,final,2.0,3,3test,train,False,0.3068996488682574,1.0,direct,0.06827430547563836,0.04380536373977788,0.10139726553295123
8,bnci004,MMP_merge_then_adapt,TS,lda,pt,18,1,1,21738,0.05,no_leakage_v1_alpha005,gate_all_sources_proxy_source_only_final_training_only,mmd,,,,,merge_then_adapt,coral,near_nearest_proxy,main,3.0,4,4test,far,False,,1.0,direct,0.13103835126164826,0.10885182486551734,0.15750421142183563
8,bnci004,MMP_merge_then_adapt,TS,lda,pt,18,1,1,21738,0.05,no_leakage_v1_alpha005,gate_all_sources_proxy_source_only_final_training_only,mmd,,,,,merge_then_adapt,coral,near_nearest_proxy,anchor,3.0,4,4test,not_used,False,,1.0,direct,0.13103835126164826,0.10885182486551734,0.15750421142183563
8,bnci004,MMP_merge_then_adapt,TS,lda,pt,18,1,1,21738,0.05,no_leakage_v1_alpha005,gate_all_sources_proxy_source_only_final_training_only,mmd,,,,,merge_then_adapt,coral,near_nearest_proxy,final,3.0,4,4test,not_used,False,,1.0,direct,0.13103835126164826,0.10885182486551734,0.15750421142183563
8,bnci004,MMP_merge_then_adapt,TS,lda,pt,18,1,1,21738,0.05,no_leakage_v1_alpha005,gate_all_sources_proxy_source_only_final_training_only,mmd,,,,,merge_then_adapt,coral,near_nearest_proxy,main,,1,1train,target,False,,,,,,
8,bnci004,MMP_merge_then_adapt,TS,lda,pt,18,1,1,21738,0.05,no_leakage_v1_alpha005,gate_all_sources_proxy_source_only_final_training_only,mmd,,,,,merge_then_adapt,coral,near_nearest_proxy,final,,1,1train,target,False,,,,,,
8,bnci004,MMP_merge_then_adapt,TS,lda,pt,18,2,2,21769,0.05,no_leakage_v1_alpha005,gate_all_sources_proxy_source_only_final_training_only,mmd,,,,,merge_then_adapt,coral,near_nearest_proxy,main,0.0,0,0train,far,False,,2.0,direct,0.11071291828684399,0.09097967876910401,0.13462692087113298
8,bnci004,MMP_merge_then_adapt,TS,lda,pt,18,2,2,21769,0.05,no_leakage_v1_alpha005,gate_all_sources_proxy_source_only_final_training_only,mmd,,,,,merge_then_adapt,coral,near_nearest_proxy,anchor,0.0,0,0train,not_used,False,,2.0,direct,0.11071291828684399,0.09097967876910401,0.13462692087113298
8,bnci004,MMP_merge_then_adapt,TS,lda,pt,18,2,2,21769,0.05,no_leakage_v1_alpha005,gate_all_sources_proxy_source_only_final_training_only,mmd,,,,,merge_then_adapt,coral,near_nearest_proxy,final,0.0,0,0train,not_used,False,,2.0,direct,0.11071291828684399,0.09097967876910401,0.13462692087113298
8,bnci004,MMP_merge_then_adapt,TS,lda,pt,18,2,2,21769,0.05,no_leakage_v1_alpha005,gate_all_sources_proxy_source_only_final_training_only,mmd,,,,,merge_then_adapt,coral,near_nearest_proxy,main,1.0,1,1train,near,False,0.34356605398983464,2.0,direct,0.06515104154201769,0.048313298227407354,0.08233530154789193
8,bnci004,MMP_merge_then_adapt,TS,lda,pt,18,2,2,21769,0.05,no_leakage_v1_alpha005,gate_all_sources_proxy_source_only_final_training_only,mmd,,,,,merge_then_adapt,coral,near_nearest_proxy,anchor,1.0,1,1train,proxy_source,False,0.5396442472874261,2.0,direct,0.06515104154201769,0.048313298227407354,0.08233530154789193
8,bnci004,MMP_merge_then_adapt,TS,lda,pt,18,2,2,21769,0.05,no_leakage_v1_alpha005,gate_all_sources_proxy_source_only_final_training_only,mmd,,,,,merge_then_adapt,coral,near_nearest_proxy,final,1.0,1,1train,train,False,0.34356605398983464,2.0,direct,0.06515104154201769,0.048313298227407354,0.08233530154789193
8,bnci004,MMP_merge_then_adapt,TS,lda,pt,18,2,2,21769,0.05,no_leakage_v1_alpha005,gate_all_sources_proxy_source_only_final_training_only,mmd,,,,,merge_then_adapt,coral,near_nearest_proxy,main,2.0,3,3test,nearest,True,0.36334713894051024,2.0,direct,0.061604080714940404,0.04196950862735131,0.08352133214796859
8,bnci004,MMP_merge_then_adapt,TS,lda,pt,18,2,2,21769,0.05,no_leakage_v1_alpha005,gate_all_sources_proxy_source_only_final_training_only,mmd,,,,,merge_then_adapt,coral,near_nearest_proxy,anchor,2.0,3,3test,target,False,,2.0,direct,0.061604080714940404,0.04196950862735131,0.08352133214796859
8,bnci004,MMP_merge_then_adapt,TS,lda,pt,18,2,2,21769,0.05,no_leakage_v1_alpha005,gate_all_sources_proxy_source_only_final_training_only,mmd,,,,,merge_then_adapt,coral,near_nearest_proxy,final,2.0,3,3test,train,True,0.36334713894051024,2.0,direct,0.061604080714940404,0.04196950862735131,0.08352133214796859
8,bnci004,MMP_merge_then_adapt,TS,lda,pt,18,2,2,21769,0.05,no_leakage_v1_alpha005,gate_all_sources_proxy_source_only_final_training_only,mmd,,,,,merge_then_adapt,coral,near_nearest_proxy,main,3.0,4,4test,near,False,0.2930868070696552,2.0,direct,0.07637237908783112,0.06052016257324732,0.1000312288747356
8,bnci004,MMP_merge_then_adapt,TS,lda,pt,18,2,2,21769,0.05,no_leakage_v1_alpha005,gate_all_sources_proxy_source_only_final_training_only,mmd,,,,,merge_then_adapt,coral,near_nearest_proxy,anchor,3.0,4,4test,proxy_source,False,0.46035575271257395,2.0,direct,0.07637237908783112,0.06052016257324732,0.1000312288747356
8,bnci004,MMP_merge_then_adapt,TS,lda,pt,18,2,2,21769,0.05,no_leakage_v1_alpha005,gate_all_sources_proxy_source_only_final_training_only,mmd,,,,,merge_then_adapt,coral,near_nearest_proxy,final,3.0,4,4test,train,False,0.2930868070696552,2.0,direct,0.07637237908783112,0.06052016257324732,0.1000312288747356
8,bnci004,MMP_merge_then_adapt,TS,lda,pt,18,2,2,21769,0.05,no_leakage_v1_alpha005,gate_all_sources_proxy_source_only_final_training_only,mmd,,,,,merge_then_adapt,coral,near_nearest_proxy,main,,2,2train,target,False,,,,,,
8,bnci004,MMP_merge_then_adapt,TS,lda,pt,18,2,2,21769,0.05,no_leakage_v1_alpha005,gate_all_sources_proxy_source_only_final_training_only,mmd,,,,,merge_then_adapt,coral,near_nearest_proxy,final,,2,2train,target,False,,,,,,
8,bnci004,MMP_merge_then_adapt,TS,lda,pt,18,3,3,21800,0.05,no_leakage_v1_alpha005,gate_all_sources_proxy_source_only_final_training_only,mmd,,,,,merge_then_adapt,coral,near_nearest_proxy,main,0.0,0,0train,near,False,0.2830357354044973,3.0,direct,0.0842307284595507,0.06363366512368299,0.10386234992804945
8,bnci004,MMP_merge_then_adapt,TS,lda,pt,18,3,3,21800,0.05,no_leakage_v1_alpha005,gate_all_sources_proxy_source_only_final_training_only,mmd,,,,,merge_then_adapt,coral,near_nearest_proxy,anchor,0.0,0,0train,proxy_source,False,0.456498262989431,3.0,direct,0.0842307284595507,0.06363366512368299,0.10386234992804945
8,bnci004,MMP_merge_then_adapt,TS,lda,pt,18,3,3,21800,0.05,no_leakage_v1_alpha005,gate_all_sources_proxy_source_only_final_training_only,mmd,,,,,merge_then_adapt,coral,near_nearest_proxy,final,0.0,0,0train,train,False,0.2830357354044973,3.0,direct,0.0842307284595507,0.06363366512368299,0.10386234992804945
8,bnci004,MMP_merge_then_adapt,TS,lda,pt,18,3,3,21800,0.05,no_leakage_v1_alpha005,gate_all_sources_proxy_source_only_final_training_only,mmd,,,,,merge_then_adapt,coral,near_nearest_proxy,main,1.0,1,1train,nearest,True,0.37998507693982136,3.0,direct,0.06273985656452374,0.040361092614728825,0.08707795629860676
8,bnci004,MMP_merge_then_adapt,TS,lda,pt,18,3,3,21800,0.05,no_leakage_v1_alpha005,gate_all_sources_proxy_source_only_final_training_only,mmd,,,,,merge_then_adapt,coral,near_nearest_proxy,anchor,1.0,1,1train,target,False,,3.0,direct,0.06273985656452374,0.040361092614728825,0.08707795629860676
8,bnci004,MMP_merge_then_adapt,TS,lda,pt,18,3,3,21800,0.05,no_leakage_v1_alpha005,gate_all_sources_proxy_source_only_final_training_only,mmd,,,,,merge_then_adapt,coral,near_nearest_proxy,final,1.0,1,1train,train,True,0.37998507693982136,3.0,direct,0.06273985656452374,0.040361092614728825,0.08707795629860676
8,bnci004,MMP_merge_then_adapt,TS,lda,pt,18,3,3,21800,0.05,no_leakage_v1_alpha005,gate_all_sources_proxy_source_only_final_training_only,mmd,,,,,merge_then_adapt,coral,near_nearest_proxy,main,2.0,2,2train,near,False,0.33697918765568136,3.0,direct,0.07074695738810045,0.043830175180945716,0.09921728500437925
8,bnci004,MMP_merge_then_adapt,TS,lda,pt,18,3,3,21800,0.05,no_leakage_v1_alpha005,gate_all_sources_proxy_source_only_final_training_only,mmd,,,,,merge_then_adapt,coral,near_nearest_proxy,anchor,2.0,2,2train,proxy_source,False,0.543501737010569,3.0,direct,0.07074695738810045,0.043830175180945716,0.09921728500437925
8,bnci004,MMP_merge_then_adapt,TS,lda,pt,18,3,3,21800,0.05,no_leakage_v1_alpha005,gate_all_sources_proxy_source_only_final_training_only,mmd,,,,,merge_then_adapt,coral,near_nearest_proxy,final,2.0,2,2train,train,False,0.33697918765568136,3.0,direct,0.07074695738810045,0.043830175180945716,0.09921728500437925
8,bnci004,MMP_merge_then_adapt,TS,lda,pt,18,3,3,21800,0.05,no_leakage_v1_alpha005,gate_all_sources_proxy_source_only_final_training_only,mmd,,,,,merge_then_adapt,coral,near_nearest_proxy,main,3.0,4,4test,far,False,,3.0,direct,0.14078789709509226,0.11434688574741532,0.17332393925494233
8,bnci004,MMP_merge_then_adapt,TS,lda,pt,18,3,3,21800,0.05,no_leakage_v1_alpha005,gate_all_sources_proxy_source_only_final_training_only,mmd,,,,,merge_then_adapt,coral,near_nearest_proxy,anchor,3.0,4,4test,not_used,False,,3.0,direct,0.14078789709509226,0.11434688574741532,0.17332393925494233
8,bnci004,MMP_merge_then_adapt,TS,lda,pt,18,3,3,21800,0.05,no_leakage_v1_alpha005,gate_all_sources_proxy_source_only_final_training_only,mmd,,,,,merge_then_adapt,coral,near_nearest_proxy,final,3.0,4,4test,not_used,False,,3.0,direct,0.14078789709509226,0.11434688574741532,0.17332393925494233
8,bnci004,MMP_merge_then_adapt,TS,lda,pt,18,3,3,21800,0.05,no_leakage_v1_alpha005,gate_all_sources_proxy_source_only_final_training_only,mmd,,,,,merge_then_adapt,coral,near_nearest_proxy,main,,3,3test,target,False,,,,,,
8,bnci004,MMP_merge_then_adapt,TS,lda,pt,18,3,3,21800,0.05,no_leakage_v1_alpha005,gate_all_sources_proxy_source_only_final_training_only,mmd,,,,,merge_then_adapt,coral,near_nearest_proxy,final,,3,3test,target,False,,,,,,
8,bnci004,MMP_merge_then_adapt,TS,lda,pt,18,4,4,21831,0.05,no_leakage_v1_alpha005,gate_all_sources_proxy_source_only_final_training_only,mmd,,,,,merge_then_adapt,coral,near_nearest_proxy,main,0.0,0,0train,far,False,,4.0,direct,0.14813435907729183,0.128229702217152,0.1676820280812096
8,bnci004,MMP_merge_then_adapt,TS,lda,pt,18,4,4,21831,0.05,no_leakage_v1_alpha005,gate_all_sources_proxy_source_only_final_training_only,mmd,,,,,merge_then_adapt,coral,near_nearest_proxy,anchor,0.0,0,0train,not_used,False,,4.0,direct,0.14813435907729183,0.128229702217152,0.1676820280812096
8,bnci004,MMP_merge_then_adapt,TS,lda,pt,18,4,4,21831,0.05,no_leakage_v1_alpha005,gate_all_sources_proxy_source_only_final_training_only,mmd,,,,,merge_then_adapt,coral,near_nearest_proxy,final,0.0,0,0train,not_used,False,,4.0,direct,0.14813435907729183,0.128229702217152,0.1676820280812096
8,bnci004,MMP_merge_then_adapt,TS,lda,pt,18,4,4,21831,0.05,no_leakage_v1_alpha005,gate_all_sources_proxy_source_only_final_training_only,mmd,,,,,merge_then_adapt,coral,near_nearest_proxy,main,1.0,1,1train,near,False,0.2905260526621822,4.0,direct,0.10992826161665255,0.09092793798433148,0.1308452940472466
8,bnci004,MMP_merge_then_adapt,TS,lda,pt,18,4,4,21831,0.05,no_leakage_v1_alpha005,gate_all_sources_proxy_source_only_final_training_only,mmd,,,,,merge_then_adapt,coral,near_nearest_proxy,anchor,1.0,1,1train,proxy_source,False,0.5084435832880542,4.0,direct,0.10992826161665255,0.09092793798433148,0.1308452940472466
8,bnci004,MMP_merge_then_adapt,TS,lda,pt,18,4,4,21831,0.05,no_leakage_v1_alpha005,gate_all_sources_proxy_source_only_final_training_only,mmd,,,,,merge_then_adapt,coral,near_nearest_proxy,final,1.0,1,1train,train,False,0.2905260526621822,4.0,direct,0.10992826161665255,0.09092793798433148,0.1308452940472466
8,bnci004,MMP_merge_then_adapt,TS,lda,pt,18,4,4,21831,0.05,no_leakage_v1_alpha005,gate_all_sources_proxy_source_only_final_training_only,mmd,,,,,merge_then_adapt,coral,near_nearest_proxy,main,2.0,2,2train,nearest,True,0.42859726779640106,4.0,direct,0.07451490770458612,0.05791306542746909,0.09594183874421412
8,bnci004,MMP_merge_then_adapt,TS,lda,pt,18,4,4,21831,0.05,no_leakage_v1_alpha005,gate_all_sources_proxy_source_only_final_training_only,mmd,,,,,merge_then_adapt,coral,near_nearest_proxy,anchor,2.0,2,2train,target,False,,4.0,direct,0.07451490770458612,0.05791306542746909,0.09594183874421412
8,bnci004,MMP_merge_then_adapt,TS,lda,pt,18,4,4,21831,0.05,no_leakage_v1_alpha005,gate_all_sources_proxy_source_only_final_training_only,mmd,,,,,merge_then_adapt,coral,near_nearest_proxy,final,2.0,2,2train,train,True,0.42859726779640106,4.0,direct,0.07451490770458612,0.05791306542746909,0.09594183874421412
8,bnci004,MMP_merge_then_adapt,TS,lda,pt,18,4,4,21831,0.05,no_leakage_v1_alpha005,gate_all_sources_proxy_source_only_final_training_only,mmd,,,,,merge_then_adapt,coral,near_nearest_proxy,main,3.0,3,3test,near,False,0.28087667954141665,4.0,direct,0.11370482456933768,0.09188034573938524,0.1400314787248882
8,bnci004,MMP_merge_then_adapt,TS,lda,pt,18,4,4,21831,0.05,no_leakage_v1_alpha005,gate_all_sources_proxy_source_only_final_training_only,mmd,,,,,merge_then_adapt,coral,near_nearest_proxy,anchor,3.0,3,3test,proxy_source,False,0.4915564167119459,4.0,direct,0.11370482456933768,0.09188034573938524,0.1400314787248882
8,bnci004,MMP_merge_then_adapt,TS,lda,pt,18,4,4,21831,0.05,no_leakage_v1_alpha005,gate_all_sources_proxy_source_only_final_training_only,mmd,,,,,merge_then_adapt,coral,near_nearest_proxy,final,3.0,3,3test,train,False,0.28087667954141665,4.0,direct,0.11370482456933768,0.09188034573938524,0.1400314787248882
8,bnci004,MMP_merge_then_adapt,TS,lda,pt,18,4,4,21831,0.05,no_leakage_v1_alpha005,gate_all_sources_proxy_source_only_final_training_only,mmd,,,,,merge_then_adapt,coral,near_nearest_proxy,main,,4,4test,target,False,,,,,,
8,bnci004,MMP_merge_then_adapt,TS,lda,pt,18,4,4,21831,0.05,no_leakage_v1_alpha005,gate_all_sources_proxy_source_only_final_training_only,mmd,,,,,merge_then_adapt,coral,near_nearest_proxy,final,,4,4test,target,False,,,,,,
8,bnci004,MMP_merge_then_adapt,TS,lda,coral,19,0,0,22704,0.05,no_leakage_v1_alpha005,gate_all_sources_proxy_source_only_final_training_only,mmd,,,,,merge_then_adapt,coral,near_nearest_proxy,main,0.0,1,1train,nearest,True,1.0,0.0,direct,0.04857785316046893,0.03019461698174267,0.07456317529614687
8,bnci004,MMP_merge_then_adapt,TS,lda,coral,19,0,0,22704,0.05,no_leakage_v1_alpha005,gate_all_sources_proxy_source_only_final_training_only,mmd,,,,,merge_then_adapt,coral,near_nearest_proxy,anchor,0.0,1,1train,target,False,,0.0,direct,0.04857785316046893,0.03019461698174267,0.07456317529614687
8,bnci004,MMP_merge_then_adapt,TS,lda,coral,19,0,0,22704,0.05,no_leakage_v1_alpha005,gate_all_sources_proxy_source_only_final_training_only,mmd,,,,,merge_then_adapt,coral,near_nearest_proxy,final,0.0,1,1train,train,True,1.0,0.0,direct,0.04857785316046893,0.03019461698174267,0.07456317529614687
8,bnci004,MMP_merge_then_adapt,TS,lda,coral,19,0,0,22704,0.05,no_leakage_v1_alpha005,gate_all_sources_proxy_source_only_final_training_only,mmd,,,,,merge_then_adapt,coral,near_nearest_proxy,main,1.0,2,2train,far,False,,0.0,direct,0.15413333921215813,0.12755942780027457,0.18707866542502088
8,bnci004,MMP_merge_then_adapt,TS,lda,coral,19,0,0,22704,0.05,no_leakage_v1_alpha005,gate_all_sources_proxy_source_only_final_training_only,mmd,,,,,merge_then_adapt,coral,near_nearest_proxy,anchor,1.0,2,2train,not_used,False,,0.0,direct,0.15413333921215813,0.12755942780027457,0.18707866542502088
8,bnci004,MMP_merge_then_adapt,TS,lda,coral,19,0,0,22704,0.05,no_leakage_v1_alpha005,gate_all_sources_proxy_source_only_final_training_only,mmd,,,,,merge_then_adapt,coral,near_nearest_proxy,final,1.0,2,2train,not_used,False,,0.0,direct,0.15413333921215813,0.12755942780027457,0.18707866542502088
8,bnci004,MMP_merge_then_adapt,TS,lda,coral,19,0,0,22704,0.05,no_leakage_v1_alpha005,gate_all_sources_proxy_source_only_final_training_only,mmd,,,,,merge_then_adapt,coral,near_nearest_proxy,main,2.0,3,3test,far,False,,0.0,direct,0.10675738788013849,0.07968851887180528,0.13443150510774154
8,bnci004,MMP_merge_then_adapt,TS,lda,coral,19,0,0,22704,0.05,no_leakage_v1_alpha005,gate_all_sources_proxy_source_only_final_training_only,mmd,,,,,merge_then_adapt,coral,near_nearest_proxy,anchor,2.0,3,3test,second_nearest_fallback_source,False,1.0,0.0,direct,0.10675738788013849,0.07968851887180528,0.13443150510774154
8,bnci004,MMP_merge_then_adapt,TS,lda,coral,19,0,0,22704,0.05,no_leakage_v1_alpha005,gate_all_sources_proxy_source_only_final_training_only,mmd,,,,,merge_then_adapt,coral,near_nearest_proxy,final,2.0,3,3test,not_used,False,,0.0,direct,0.10675738788013849,0.07968851887180528,0.13443150510774154
8,bnci004,MMP_merge_then_adapt,TS,lda,coral,19,0,0,22704,0.05,no_leakage_v1_alpha005,gate_all_sources_proxy_source_only_final_training_only,mmd,,,,,merge_then_adapt,coral,near_nearest_proxy,main,3.0,4,4test,far,False,,0.0,direct,0.2146439842272704,0.18708377513742774,0.24855740481179286
8,bnci004,MMP_merge_then_adapt,TS,lda,coral,19,0,0,22704,0.05,no_leakage_v1_alpha005,gate_all_sources_proxy_source_only_final_training_only,mmd,,,,,merge_then_adapt,coral,near_nearest_proxy,anchor,3.0,4,4test,not_used,False,,0.0,direct,0.2146439842272704,0.18708377513742774,0.24855740481179286
8,bnci004,MMP_merge_then_adapt,TS,lda,coral,19,0,0,22704,0.05,no_leakage_v1_alpha005,gate_all_sources_proxy_source_only_final_training_only,mmd,,,,,merge_then_adapt,coral,near_nearest_proxy,final,3.0,4,4test,not_used,False,,0.0,direct,0.2146439842272704,0.18708377513742774,0.24855740481179286
8,bnci004,MMP_merge_then_adapt,TS,lda,coral,19,0,0,22704,0.05,no_leakage_v1_alpha005,gate_all_sources_proxy_source_only_final_training_only,mmd,,,,,merge_then_adapt,coral,near_nearest_proxy,main,,0,0train,target,False,,,,,,
8,bnci004,MMP_merge_then_adapt,TS,lda,coral,19,0,0,22704,0.05,no_leakage_v1_alpha005,gate_all_sources_proxy_source_only_final_training_only,mmd,,,,,merge_then_adapt,coral,near_nearest_proxy,final,,0,0train,target,False,,,,,,
8,bnci004,MMP_merge_then_adapt,TS,lda,coral,19,1,1,22735,0.05,no_leakage_v1_alpha005,gate_all_sources_proxy_source_only_final_training_only,mmd,,,,,merge_then_adapt,coral,near_nearest_proxy,main,0.0,0,0train,nearest,True,0.41489547244105907,1.0,direct,0.05030806088526275,0.03357658030366894,0.07544287147381668
8,bnci004,MMP_merge_then_adapt,TS,lda,coral,19,1,1,22735,0.05,no_leakage_v1_alpha005,gate_all_sources_proxy_source_only_final_training_only,mmd,,,,,merge_then_adapt,coral,near_nearest_proxy,anchor,0.0,0,0train,target,False,,1.0,direct,0.05030806088526275,0.03357658030366894,0.07544287147381668
8,bnci004,MMP_merge_then_adapt,TS,lda,coral,19,1,1,22735,0.05,no_leakage_v1_alpha005,gate_all_sources_proxy_source_only_final_training_only,mmd,,,,,merge_then_adapt,coral,near_nearest_proxy,final,0.0,0,0train,train,True,0.41489547244105907,1.0,direct,0.05030806088526275,0.03357658030366894,0.07544287147381668
8,bnci004,MMP_merge_then_adapt,TS,lda,coral,19,1,1,22735,0.05,no_leakage_v1_alpha005,gate_all_sources_proxy_source_only_final_training_only,mmd,,,,,merge_then_adapt,coral,near_nearest_proxy,main,1.0,2,2train,near,False,0.2758235718396997,1.0,direct,0.07567419137264979,0.05451609098471244,0.10480591344365683
8,bnci004,MMP_merge_then_adapt,TS,lda,coral,19,1,1,22735,0.05,no_leakage_v1_alpha005,gate_all_sources_proxy_source_only_final_training_only,mmd,,,,,merge_then_adapt,coral,near_nearest_proxy,anchor,1.0,2,2train,proxy_source,False,0.4714090540205474,1.0,direct,0.07567419137264979,0.05451609098471244,0.10480591344365683
8,bnci004,MMP_merge_then_adapt,TS,lda,coral,19,1,1,22735,0.05,no_leakage_v1_alpha005,gate_all_sources_proxy_source_only_final_training_only,mmd,,,,,merge_then_adapt,coral,near_nearest_proxy,final,1.0,2,2train,train,False,0.2758235718396997,1.0,direct,0.07567419137264979,0.05451609098471244,0.10480591344365683
8,bnci004,MMP_merge_then_adapt,TS,lda,coral,19,1,1,22735,0.05,no_leakage_v1_alpha005,gate_all_sources_proxy_source_only_final_training_only,mmd,,,,,merge_then_adapt,coral,near_nearest_proxy,main,2.0,3,3test,near,False,0.3092809557192413,1.0,direct,0.0674878032970422,0.04203415299040749,0.10746979091309075
8,bnci004,MMP_merge_then_adapt,TS,lda,coral,19,1,1,22735,0.05,no_leakage_v1_alpha005,gate_all_sources_proxy_source_only_final_training_only,mmd,,,,,merge_then_adapt,coral,near_nearest_proxy,anchor,2.0,3,3test,proxy_source,False,0.5285909459794526,1.0,direct,0.0674878032970422,0.04203415299040749,0.10746979091309075
8,bnci004,MMP_merge_then_adapt,TS,lda,coral,19,1,1,22735,0.05,no_leakage_v1_alpha005,gate_all_sources_proxy_source_only_final_training_only,mmd,,,,,merge_then_adapt,coral,near_nearest_proxy,final,2.0,3,3test,train,False,0.3092809557192413,1.0,direct,0.0674878032970422,0.04203415299040749,0.10746979091309075
8,bnci004,MMP_merge_then_adapt,TS,lda,coral,19,1,1,22735,0.05,no_leakage_v1_alpha005,gate_all_sources_proxy_source_only_final_training_only,mmd,,,,,merge_then_adapt,coral,near_nearest_proxy,main,3.0,4,4test,far,False,,1.0,direct,0.13193014830624614,0.10803817874743221,0.16229325928881452
8,bnci004,MMP_merge_then_adapt,TS,lda,coral,19,1,1,22735,0.05,no_leakage_v1_alpha005,gate_all_sources_proxy_source_only_final_training_only,mmd,,,,,merge_then_adapt,coral,near_nearest_proxy,anchor,3.0,4,4test,not_used,False,,1.0,direct,0.13193014830624614,0.10803817874743221,0.16229325928881452
8,bnci004,MMP_merge_then_adapt,TS,lda,coral,19,1,1,22735,0.05,no_leakage_v1_alpha005,gate_all_sources_proxy_source_only_final_training_only,mmd,,,,,merge_then_adapt,coral,near_nearest_proxy,final,3.0,4,4test,not_used,False,,1.0,direct,0.13193014830624614,0.10803817874743221,0.16229325928881452
8,bnci004,MMP_merge_then_adapt,TS,lda,coral,19,1,1,22735,0.05,no_leakage_v1_alpha005,gate_all_sources_proxy_source_only_final_training_only,mmd,,,,,merge_then_adapt,coral,near_nearest_proxy,main,,1,1train,target,False,,,,,,
8,bnci004,MMP_merge_then_adapt,TS,lda,coral,19,1,1,22735,0.05,no_leakage_v1_alpha005,gate_all_sources_proxy_source_only_final_training_only,mmd,,,,,merge_then_adapt,coral,near_nearest_proxy,final,,1,1train,target,False,,,,,,
8,bnci004,MMP_merge_then_adapt,TS,lda,coral,19,2,2,22766,0.05,no_leakage_v1_alpha005,gate_all_sources_proxy_source_only_final_training_only,mmd,,,,,merge_then_adapt,coral,near_nearest_proxy,main,0.0,0,0train,far,False,,2.0,direct,0.10941521876989314,0.09065017292694809,0.13408642878422664
8,bnci004,MMP_merge_then_adapt,TS,lda,coral,19,2,2,22766,0.05,no_leakage_v1_alpha005,gate_all_sources_proxy_source_only_final_training_only,mmd,,,,,merge_then_adapt,coral,near_nearest_proxy,anchor,0.0,0,0train,not_used,False,,2.0,direct,0.10941521876989314,0.09065017292694809,0.13408642878422664
8,bnci004,MMP_merge_then_adapt,TS,lda,coral,19,2,2,22766,0.05,no_leakage_v1_alpha005,gate_all_sources_proxy_source_only_final_training_only,mmd,,,,,merge_then_adapt,coral,near_nearest_proxy,final,0.0,0,0train,not_used,False,,2.0,direct,0.10941521876989314,0.09065017292694809,0.13408642878422664
8,bnci004,MMP_merge_then_adapt,TS,lda,coral,19,2,2,22766,0.05,no_leakage_v1_alpha005,gate_all_sources_proxy_source_only_final_training_only,mmd,,,,,merge_then_adapt,coral,near_nearest_proxy,main,1.0,1,1train,near,False,0.3489046760264154,2.0,direct,0.06507652940456152,0.048272214552688264,0.08510881150451345
8,bnci004,MMP_merge_then_adapt,TS,lda,coral,19,2,2,22766,0.05,no_leakage_v1_alpha005,gate_all_sources_proxy_source_only_final_training_only,mmd,,,,,merge_then_adapt,coral,near_nearest_proxy,anchor,1.0,1,1train,proxy_source,False,0.5454080927721131,2.0,direct,0.06507652940456152,0.048272214552688264,0.08510881150451345
8,bnci004,MMP_merge_then_adapt,TS,lda,coral,19,2,2,22766,0.05,no_leakage_v1_alpha005,gate_all_sources_proxy_source_only_final_training_only,mmd,,,,,merge_then_adapt,coral,near_nearest_proxy,final,1.0,1,1train,train,False,0.3489046760264154,2.0,direct,0.06507652940456152,0.048272214552688264,0.08510881150451345
8,bnci004,MMP_merge_then_adapt,TS,lda,coral,19,2,2,22766,0.05,no_leakage_v1_alpha005,gate_all_sources_proxy_source_only_final_training_only,mmd,,,,,merge_then_adapt,coral,near_nearest_proxy,main,2.0,3,3test,nearest,True,0.36028694724154453,2.0,direct,0.06302058456569214,0.040199350069334755,0.08726455464835989
8,bnci004,MMP_merge_then_adapt,TS,lda,coral,19,2,2,22766,0.05,no_leakage_v1_alpha005,gate_all_sources_proxy_source_only_final_training_only,mmd,,,,,merge_then_adapt,coral,near_nearest_proxy,anchor,2.0,3,3test,target,False,,2.0,direct,0.06302058456569214,0.040199350069334755,0.08726455464835989
8,bnci004,MMP_merge_then_adapt,TS,lda,coral,19,2,2,22766,0.05,no_leakage_v1_alpha005,gate_all_sources_proxy_source_only_final_training_only,mmd,,,,,merge_then_adapt,coral,near_nearest_proxy,final,2.0,3,3test,train,True,0.36028694724154453,2.0,direct,0.06302058456569214,0.040199350069334755,0.08726455464835989
8,bnci004,MMP_merge_then_adapt,TS,lda,coral,19,2,2,22766,0.05,no_leakage_v1_alpha005,gate_all_sources_proxy_source_only_final_training_only,mmd,,,,,merge_then_adapt,coral,near_nearest_proxy,main,3.0,4,4test,near,False,0.2908083767320401,2.0,direct,0.07807740533568928,0.05866390773788034,0.09620549509421025
8,bnci004,MMP_merge_then_adapt,TS,lda,coral,19,2,2,22766,0.05,no_leakage_v1_alpha005,gate_all_sources_proxy_source_only_final_training_only,mmd,,,,,merge_then_adapt,coral,near_nearest_proxy,anchor,3.0,4,4test,proxy_source,False,0.45459190722788684,2.0,direct,0.07807740533568928,0.05866390773788034,0.09620549509421025
8,bnci004,MMP_merge_then_adapt,TS,lda,coral,19,2,2,22766,0.05,no_leakage_v1_alpha005,gate_all_sources_proxy_source_only_final_training_only,mmd,,,,,merge_then_adapt,coral,near_nearest_proxy,final,3.0,4,4test,train,False,0.2908083767320401,2.0,direct,0.07807740533568928,0.05866390773788034,0.09620549509421025
8,bnci004,MMP_merge_then_adapt,TS,lda,coral,19,2,2,22766,0.05,no_leakage_v1_alpha005,gate_all_sources_proxy_source_only_final_training_only,mmd,,,,,merge_then_adapt,coral,near_nearest_proxy,main,,2,2train,target,False,,,,,,
8,bnci004,MMP_merge_then_adapt,TS,lda,coral,19,2,2,22766,0.05,no_leakage_v1_alpha005,gate_all_sources_proxy_source_only_final_training_only,mmd,,,,,merge_then_adapt,coral,near_nearest_proxy,final,,2,2train,target,False,,,,,,
8,bnci004,MMP_merge_then_adapt,TS,lda,coral,19,3,3,22797,0.05,no_leakage_v1_alpha005,gate_all_sources_proxy_source_only_final_training_only,mmd,,,,,merge_then_adapt,coral,near_nearest_proxy,main,0.0,0,0train,near,False,0.2868380021275729,3.0,direct,0.08271649772568072,0.06351813455998723,0.10371761824969343
8,bnci004,MMP_merge_then_adapt,TS,lda,coral,19,3,3,22797,0.05,no_leakage_v1_alpha005,gate_all_sources_proxy_source_only_final_training_only,mmd,,,,,merge_then_adapt,coral,near_nearest_proxy,anchor,0.0,0,0train,proxy_source,False,0.45546795687955866,3.0,direct,0.08271649772568072,0.06351813455998723,0.10371761824969343
8,bnci004,MMP_merge_then_adapt,TS,lda,coral,19,3,3,22797,0.05,no_leakage_v1_alpha005,gate_all_sources_proxy_source_only_final_training_only,mmd,,,,,merge_then_adapt,coral,near_nearest_proxy,final,0.0,0,0train,train,False,0.2868380021275729,3.0,direct,0.08271649772568072,0.06351813455998723,0.10371761824969343
8,bnci004,MMP_merge_then_adapt,TS,lda,coral,19,3,3,22797,0.05,no_leakage_v1_alpha005,gate_all_sources_proxy_source_only_final_training_only,mmd,,,,,merge_then_adapt,coral,near_nearest_proxy,main,1.0,1,1train,nearest,True,0.37023450761998894,3.0,direct,0.0640841171360271,0.041605275996932534,0.09363132830042173
8,bnci004,MMP_merge_then_adapt,TS,lda,coral,19,3,3,22797,0.05,no_leakage_v1_alpha005,gate_all_sources_proxy_source_only_final_training_only,mmd,,,,,merge_then_adapt,coral,near_nearest_proxy,anchor,1.0,1,1train,target,False,,3.0,direct,0.0640841171360271,0.041605275996932534,0.09363132830042173
8,bnci004,MMP_merge_then_adapt,TS,lda,coral,19,3,3,22797,0.05,no_leakage_v1_alpha005,gate_all_sources_proxy_source_only_final_training_only,mmd,,,,,merge_then_adapt,coral,near_nearest_proxy,final,1.0,1,1train,train,True,0.37023450761998894,3.0,direct,0.0640841171360271,0.041605275996932534,0.09363132830042173
8,bnci004,MMP_merge_then_adapt,TS,lda,coral,19,3,3,22797,0.05,no_leakage_v1_alpha005,gate_all_sources_proxy_source_only_final_training_only,mmd,,,,,merge_then_adapt,coral,near_nearest_proxy,main,2.0,2,2train,near,False,0.3429274902524381,3.0,direct,0.06918715919703779,0.04638065913138192,0.09887072416214472
8,bnci004,MMP_merge_then_adapt,TS,lda,coral,19,3,3,22797,0.05,no_leakage_v1_alpha005,gate_all_sources_proxy_source_only_final_training_only,mmd,,,,,merge_then_adapt,coral,near_nearest_proxy,anchor,2.0,2,2train,proxy_source,False,0.5445320431204413,3.0,direct,0.06918715919703779,0.04638065913138192,0.09887072416214472
8,bnci004,MMP_merge_then_adapt,TS,lda,coral,19,3,3,22797,0.05,no_leakage_v1_alpha005,gate_all_sources_proxy_source_only_final_training_only,mmd,,,,,merge_then_adapt,coral,near_nearest_proxy,final,2.0,2,2train,train,False,0.3429274902524381,3.0,direct,0.06918715919703779,0.04638065913138192,0.09887072416214472
8,bnci004,MMP_merge_then_adapt,TS,lda,coral,19,3,3,22797,0.05,no_leakage_v1_alpha005,gate_all_sources_proxy_source_only_final_training_only,mmd,,,,,merge_then_adapt,coral,near_nearest_proxy,main,3.0,4,4test,far,False,,3.0,direct,0.1410827069728534,0.10762052483060243,0.17606972178524435
8,bnci004,MMP_merge_then_adapt,TS,lda,coral,19,3,3,22797,0.05,no_leakage_v1_alpha005,gate_all_sources_proxy_source_only_final_training_only,mmd,,,,,merge_then_adapt,coral,near_nearest_proxy,anchor,3.0,4,4test,not_used,False,,3.0,direct,0.1410827069728534,0.10762052483060243,0.17606972178524435
8,bnci004,MMP_merge_then_adapt,TS,lda,coral,19,3,3,22797,0.05,no_leakage_v1_alpha005,gate_all_sources_proxy_source_only_final_training_only,mmd,,,,,merge_then_adapt,coral,near_nearest_proxy,final,3.0,4,4test,not_used,False,,3.0,direct,0.1410827069728534,0.10762052483060243,0.17606972178524435
8,bnci004,MMP_merge_then_adapt,TS,lda,coral,19,3,3,22797,0.05,no_leakage_v1_alpha005,gate_all_sources_proxy_source_only_final_training_only,mmd,,,,,merge_then_adapt,coral,near_nearest_proxy,main,,3,3test,target,False,,,,,,
8,bnci004,MMP_merge_then_adapt,TS,lda,coral,19,3,3,22797,0.05,no_leakage_v1_alpha005,gate_all_sources_proxy_source_only_final_training_only,mmd,,,,,merge_then_adapt,coral,near_nearest_proxy,final,,3,3test,target,False,,,,,,
8,bnci004,MMP_merge_then_adapt,TS,lda,coral,19,4,4,22828,0.05,no_leakage_v1_alpha005,gate_all_sources_proxy_source_only_final_training_only,mmd,,,,,merge_then_adapt,coral,near_nearest_proxy,main,0.0,0,0train,far,False,,4.0,direct,0.1468676122626546,0.12733672836476054,0.16905848206078367
8,bnci004,MMP_merge_then_adapt,TS,lda,coral,19,4,4,22828,0.05,no_leakage_v1_alpha005,gate_all_sources_proxy_source_only_final_training_only,mmd,,,,,merge_then_adapt,coral,near_nearest_proxy,anchor,0.0,0,0train,not_used,False,,4.0,direct,0.1468676122626546,0.12733672836476054,0.16905848206078367
8,bnci004,MMP_merge_then_adapt,TS,lda,coral,19,4,4,22828,0.05,no_leakage_v1_alpha005,gate_all_sources_proxy_source_only_final_training_only,mmd,,,,,merge_then_adapt,coral,near_nearest_proxy,final,0.0,0,0train,not_used,False,,4.0,direct,0.1468676122626546,0.12733672836476054,0.16905848206078367
8,bnci004,MMP_merge_then_adapt,TS,lda,coral,19,4,4,22828,0.05,no_leakage_v1_alpha005,gate_all_sources_proxy_source_only_final_training_only,mmd,,,,,merge_then_adapt,coral,near_nearest_proxy,main,1.0,1,1train,near,False,0.28772837337430235,4.0,direct,0.11122886136187767,0.09275257433612354,0.13414063953419447
8,bnci004,MMP_merge_then_adapt,TS,lda,coral,19,4,4,22828,0.05,no_leakage_v1_alpha005,gate_all_sources_proxy_source_only_final_training_only,mmd,,,,,merge_then_adapt,coral,near_nearest_proxy,anchor,1.0,1,1train,proxy_source,False,0.5073069804216275,4.0,direct,0.11122886136187767,0.09275257433612354,0.13414063953419447
8,bnci004,MMP_merge_then_adapt,TS,lda,coral,19,4,4,22828,0.05,no_leakage_v1_alpha005,gate_all_sources_proxy_source_only_final_training_only,mmd,,,,,merge_then_adapt,coral,near_nearest_proxy,final,1.0,1,1train,train,False,0.28772837337430235,4.0,direct,0.11122886136187767,0.09275257433612354,0.13414063953419447
8,bnci004,MMP_merge_then_adapt,TS,lda,coral,19,4,4,22828,0.05,no_leakage_v1_alpha005,gate_all_sources_proxy_source_only_final_training_only,mmd,,,,,merge_then_adapt,coral,near_nearest_proxy,main,2.0,2,2train,nearest,True,0.4328318267271452,4.0,direct,0.07393992833306678,0.058241937131687196,0.09307761776486982
8,bnci004,MMP_merge_then_adapt,TS,lda,coral,19,4,4,22828,0.05,no_leakage_v1_alpha005,gate_all_sources_proxy_source_only_final_training_only,mmd,,,,,merge_then_adapt,coral,near_nearest_proxy,anchor,2.0,2,2train,target,False,,4.0,direct,0.07393992833306678,0.058241937131687196,0.09307761776486982
8,bnci004,MMP_merge_then_adapt,TS,lda,coral,19,4,4,22828,0.05,no_leakage_v1_alpha005,gate_all_sources_proxy_source_only_final_training_only,mmd,,,,,merge_then_adapt,coral,near_nearest_proxy,final,2.0,2,2train,train,True,0.4328318267271452,4.0,direct,0.07393992833306678,0.058241937131687196,0.09307761776486982
8,bnci004,MMP_merge_then_adapt,TS,lda,coral,19,4,4,22828,0.05,no_leakage_v1_alpha005,gate_all_sources_proxy_source_only_final_training_only,mmd,,,,,merge_then_adapt,coral,near_nearest_proxy,main,3.0,3,3test,near,False,0.2794397998985524,4.0,direct,0.11452809389400126,0.09203924994027726,0.14010654714691942
8,bnci004,MMP_merge_then_adapt,TS,lda,coral,19,4,4,22828,0.05,no_leakage_v1_alpha005,gate_all_sources_proxy_source_only_final_training_only,mmd,,,,,merge_then_adapt,coral,near_nearest_proxy,anchor,3.0,3,3test,proxy_source,False,0.4926930195783724,4.0,direct,0.11452809389400126,0.09203924994027726,0.14010654714691942
8,bnci004,MMP_merge_then_adapt,TS,lda,coral,19,4,4,22828,0.05,no_leakage_v1_alpha005,gate_all_sources_proxy_source_only_final_training_only,mmd,,,,,merge_then_adapt,coral,near_nearest_proxy,final,3.0,3,3test,train,False,0.2794397998985524,4.0,direct,0.11452809389400126,0.09203924994027726,0.14010654714691942
8,bnci004,MMP_merge_then_adapt,TS,lda,coral,19,4,4,22828,0.05,no_leakage_v1_alpha005,gate_all_sources_proxy_source_only_final_training_only,mmd,,,,,merge_then_adapt,coral,near_nearest_proxy,main,,4,4test,target,False,,,,,,
8,bnci004,MMP_merge_then_adapt,TS,lda,coral,19,4,4,22828,0.05,no_leakage_v1_alpha005,gate_all_sources_proxy_source_only_final_training_only,mmd,,,,,merge_then_adapt,coral,near_nearest_proxy,final,,4,4test,target,False,,,,,,
8,bnci004,MMP_merge_then_adapt,TS,svm_radial,none,20,0,0,23701,0.05,no_leakage_v1_alpha005,gate_all_sources_proxy_source_only_final_training_only,mmd,,,,,merge_then_adapt,coral,near_nearest_proxy,main,0.0,1,1train,nearest,True,1.0,0.0,direct,0.048609287234871755,0.031275307465133316,0.07777481925158844
8,bnci004,MMP_merge_then_adapt,TS,svm_radial,none,20,0,0,23701,0.05,no_leakage_v1_alpha005,gate_all_sources_proxy_source_only_final_training_only,mmd,,,,,merge_then_adapt,coral,near_nearest_proxy,anchor,0.0,1,1train,target,False,,0.0,direct,0.048609287234871755,0.031275307465133316,0.07777481925158844
8,bnci004,MMP_merge_then_adapt,TS,svm_radial,none,20,0,0,23701,0.05,no_leakage_v1_alpha005,gate_all_sources_proxy_source_only_final_training_only,mmd,,,,,merge_then_adapt,coral,near_nearest_proxy,final,0.0,1,1train,train,True,1.0,0.0,direct,0.048609287234871755,0.031275307465133316,0.07777481925158844
8,bnci004,MMP_merge_then_adapt,TS,svm_radial,none,20,0,0,23701,0.05,no_leakage_v1_alpha005,gate_all_sources_proxy_source_only_final_training_only,mmd,,,,,merge_then_adapt,coral,near_nearest_proxy,main,1.0,2,2train,far,False,,0.0,direct,0.1527125563279188,0.12366025069862958,0.18659909542241626
8,bnci004,MMP_merge_then_adapt,TS,svm_radial,none,20,0,0,23701,0.05,no_leakage_v1_alpha005,gate_all_sources_proxy_source_only_final_training_only,mmd,,,,,merge_then_adapt,coral,near_nearest_proxy,anchor,1.0,2,2train,not_used,False,,0.0,direct,0.1527125563279188,0.12366025069862958,0.18659909542241626
8,bnci004,MMP_merge_then_adapt,TS,svm_radial,none,20,0,0,23701,0.05,no_leakage_v1_alpha005,gate_all_sources_proxy_source_only_final_training_only,mmd,,,,,merge_then_adapt,coral,near_nearest_proxy,final,1.0,2,2train,not_used,False,,0.0,direct,0.1527125563279188,0.12366025069862958,0.18659909542241626
8,bnci004,MMP_merge_then_adapt,TS,svm_radial,none,20,0,0,23701,0.05,no_leakage_v1_alpha005,gate_all_sources_proxy_source_only_final_training_only,mmd,,,,,merge_then_adapt,coral,near_nearest_proxy,main,2.0,3,3test,far,False,,0.0,direct,0.10605493970680531,0.08279037764243474,0.13406375179025234
8,bnci004,MMP_merge_then_adapt,TS,svm_radial,none,20,0,0,23701,0.05,no_leakage_v1_alpha005,gate_all_sources_proxy_source_only_final_training_only,mmd,,,,,merge_then_adapt,coral,near_nearest_proxy,anchor,2.0,3,3test,second_nearest_fallback_source,False,1.0,0.0,direct,0.10605493970680531,0.08279037764243474,0.13406375179025234
8,bnci004,MMP_merge_then_adapt,TS,svm_radial,none,20,0,0,23701,0.05,no_leakage_v1_alpha005,gate_all_sources_proxy_source_only_final_training_only,mmd,,,,,merge_then_adapt,coral,near_nearest_proxy,final,2.0,3,3test,not_used,False,,0.0,direct,0.10605493970680531,0.08279037764243474,0.13406375179025234
8,bnci004,MMP_merge_then_adapt,TS,svm_radial,none,20,0,0,23701,0.05,no_leakage_v1_alpha005,gate_all_sources_proxy_source_only_final_training_only,mmd,,,,,merge_then_adapt,coral,near_nearest_proxy,main,3.0,4,4test,far,False,,0.0,direct,0.21273999531661172,0.18615421740683527,0.250876981951999
8,bnci004,MMP_merge_then_adapt,TS,svm_radial,none,20,0,0,23701,0.05,no_leakage_v1_alpha005,gate_all_sources_proxy_source_only_final_training_only,mmd,,,,,merge_then_adapt,coral,near_nearest_proxy,anchor,3.0,4,4test,not_used,False,,0.0,direct,0.21273999531661172,0.18615421740683527,0.250876981951999
8,bnci004,MMP_merge_then_adapt,TS,svm_radial,none,20,0,0,23701,0.05,no_leakage_v1_alpha005,gate_all_sources_proxy_source_only_final_training_only,mmd,,,,,merge_then_adapt,coral,near_nearest_proxy,final,3.0,4,4test,not_used,False,,0.0,direct,0.21273999531661172,0.18615421740683527,0.250876981951999
8,bnci004,MMP_merge_then_adapt,TS,svm_radial,none,20,0,0,23701,0.05,no_leakage_v1_alpha005,gate_all_sources_proxy_source_only_final_training_only,mmd,,,,,merge_then_adapt,coral,near_nearest_proxy,main,,0,0train,target,False,,,,,,
8,bnci004,MMP_merge_then_adapt,TS,svm_radial,none,20,0,0,23701,0.05,no_leakage_v1_alpha005,gate_all_sources_proxy_source_only_final_training_only,mmd,,,,,merge_then_adapt,coral,near_nearest_proxy,final,,0,0train,target,False,,,,,,
8,bnci004,MMP_merge_then_adapt,TS,svm_radial,none,20,1,1,23732,0.05,no_leakage_v1_alpha005,gate_all_sources_proxy_source_only_final_training_only,mmd,,,,,merge_then_adapt,coral,near_nearest_proxy,main,0.0,0,0train,nearest,True,0.4233625616571859,1.0,direct,0.0493972056947859,0.030424413182307108,0.07605258154413627
8,bnci004,MMP_merge_then_adapt,TS,svm_radial,none,20,1,1,23732,0.05,no_leakage_v1_alpha005,gate_all_sources_proxy_source_only_final_training_only,mmd,,,,,merge_then_adapt,coral,near_nearest_proxy,anchor,0.0,0,0train,target,False,,1.0,direct,0.0493972056947859,0.030424413182307108,0.07605258154413627
8,bnci004,MMP_merge_then_adapt,TS,svm_radial,none,20,1,1,23732,0.05,no_leakage_v1_alpha005,gate_all_sources_proxy_source_only_final_training_only,mmd,,,,,merge_then_adapt,coral,near_nearest_proxy,final,0.0,0,0train,train,True,0.4233625616571859,1.0,direct,0.0493972056947859,0.030424413182307108,0.07605258154413627
8,bnci004,MMP_merge_then_adapt,TS,svm_radial,none,20,1,1,23732,0.05,no_leakage_v1_alpha005,gate_all_sources_proxy_source_only_final_training_only,mmd,,,,,merge_then_adapt,coral,near_nearest_proxy,main,1.0,2,2train,near,False,0.28132519424829866,1.0,direct,0.07433770599500927,0.054369578797785985,0.09677543515213312
8,bnci004,MMP_merge_then_adapt,TS,svm_radial,none,20,1,1,23732,0.05,no_leakage_v1_alpha005,gate_all_sources_proxy_source_only_final_training_only,mmd,,,,,merge_then_adapt,coral,near_nearest_proxy,anchor,1.0,2,2train,proxy_source,False,0.4878718854204004,1.0,direct,0.07433770599500927,0.054369578797785985,0.09677543515213312
8,bnci004,MMP_merge_then_adapt,TS,svm_radial,none,20,1,1,23732,0.05,no_leakage_v1_alpha005,gate_all_sources_proxy_source_only_final_training_only,mmd,,,,,merge_then_adapt,coral,near_nearest_proxy,final,1.0,2,2train,train,False,0.28132519424829866,1.0,direct,0.07433770599500927,0.054369578797785985,0.09677543515213312
8,bnci004,MMP_merge_then_adapt,TS,svm_radial,none,20,1,1,23732,0.05,no_leakage_v1_alpha005,gate_all_sources_proxy_source_only_final_training_only,mmd,,,,,merge_then_adapt,coral,near_nearest_proxy,main,2.0,3,3test,near,False,0.29531224409451556,1.0,direct,0.07081675755129126,0.045223785643246084,0.10996995358172487
8,bnci004,MMP_merge_then_adapt,TS,svm_radial,none,20,1,1,23732,0.05,no_leakage_v1_alpha005,gate_all_sources_proxy_source_only_final_training_only,mmd,,,,,merge_then_adapt,coral,near_nearest_proxy,anchor,2.0,3,3test,proxy_source,False,0.5121281145795996,1.0,direct,0.07081675755129126,0.045223785643246084,0.10996995358172487
8,bnci004,MMP_merge_then_adapt,TS,svm_radial,none,20,1,1,23732,0.05,no_leakage_v1_alpha005,gate_all_sources_proxy_source_only_final_training_only,mmd,,,,,merge_then_adapt,coral,near_nearest_proxy,final,2.0,3,3test,train,False,0.29531224409451556,1.0,direct,0.07081675755129126,0.045223785643246084,0.10996995358172487
8,bnci004,MMP_merge_then_adapt,TS,svm_radial,none,20,1,1,23732,0.05,no_leakage_v1_alpha005,gate_all_sources_proxy_source_only_final_training_only,mmd,,,,,merge_then_adapt,coral,near_nearest_proxy,main,3.0,4,4test,far,False,,1.0,direct,0.13221412401946275,0.10410070798050716,0.16577703433670868
8,bnci004,MMP_merge_then_adapt,TS,svm_radial,none,20,1,1,23732,0.05,no_leakage_v1_alpha005,gate_all_sources_proxy_source_only_final_training_only,mmd,,,,,merge_then_adapt,coral,near_nearest_proxy,anchor,3.0,4,4test,not_used,False,,1.0,direct,0.13221412401946275,0.10410070798050716,0.16577703433670868
8,bnci004,MMP_merge_then_adapt,TS,svm_radial,none,20,1,1,23732,0.05,no_leakage_v1_alpha005,gate_all_sources_proxy_source_only_final_training_only,mmd,,,,,merge_then_adapt,coral,near_nearest_proxy,final,3.0,4,4test,not_used,False,,1.0,direct,0.13221412401946275,0.10410070798050716,0.16577703433670868
8,bnci004,MMP_merge_then_adapt,TS,svm_radial,none,20,1,1,23732,0.05,no_leakage_v1_alpha005,gate_all_sources_proxy_source_only_final_training_only,mmd,,,,,merge_then_adapt,coral,near_nearest_proxy,main,,1,1train,target,False,,,,,,
8,bnci004,MMP_merge_then_adapt,TS,svm_radial,none,20,1,1,23732,0.05,no_leakage_v1_alpha005,gate_all_sources_proxy_source_only_final_training_only,mmd,,,,,merge_then_adapt,coral,near_nearest_proxy,final,,1,1train,target,False,,,,,,
8,bnci004,MMP_merge_then_adapt,TS,svm_radial,none,20,2,2,23763,0.05,no_leakage_v1_alpha005,gate_all_sources_proxy_source_only_final_training_only,mmd,,,,,merge_then_adapt,coral,near_nearest_proxy,main,0.0,0,0train,far,False,,2.0,direct,0.109717083148904,0.09097978934239012,0.131109074833912
8,bnci004,MMP_merge_then_adapt,TS,svm_radial,none,20,2,2,23763,0.05,no_leakage_v1_alpha005,gate_all_sources_proxy_source_only_final_training_only,mmd,,,,,merge_then_adapt,coral,near_nearest_proxy,anchor,0.0,0,0train,not_used,False,,2.0,direct,0.109717083148904,0.09097978934239012,0.131109074833912
8,bnci004,MMP_merge_then_adapt,TS,svm_radial,none,20,2,2,23763,0.05,no_leakage_v1_alpha005,gate_all_sources_proxy_source_only_final_training_only,mmd,,,,,merge_then_adapt,coral,near_nearest_proxy,final,0.0,0,0train,not_used,False,,2.0,direct,0.109717083148904,0.09097978934239012,0.131109074833912
8,bnci004,MMP_merge_then_adapt,TS,svm_radial,none,20,2,2,23763,0.05,no_leakage_v1_alpha005,gate_all_sources_proxy_source_only_final_training_only,mmd,,,,,merge_then_adapt,coral,near_nearest_proxy,main,1.0,1,1train,near,False,0.3521420184945246,2.0,direct,0.0637276095990524,0.04731174785977274,0.08399395272768669
8,bnci004,MMP_merge_then_adapt,TS,svm_radial,none,20,2,2,23763,0.05,no_leakage_v1_alpha005,gate_all_sources_proxy_source_only_final_training_only,mmd,,,,,merge_then_adapt,coral,near_nearest_proxy,anchor,1.0,1,1train,proxy_source,False,0.5494650298365034,2.0,direct,0.0637276095990524,0.04731174785977274,0.08399395272768669
8,bnci004,MMP_merge_then_adapt,TS,svm_radial,none,20,2,2,23763,0.05,no_leakage_v1_alpha005,gate_all_sources_proxy_source_only_final_training_only,mmd,,,,,merge_then_adapt,coral,near_nearest_proxy,final,1.0,1,1train,train,False,0.3521420184945246,2.0,direct,0.0637276095990524,0.04731174785977274,0.08399395272768669
8,bnci004,MMP_merge_then_adapt,TS,svm_radial,none,20,2,2,23763,0.05,no_leakage_v1_alpha005,gate_all_sources_proxy_source_only_final_training_only,mmd,,,,,merge_then_adapt,coral,near_nearest_proxy,main,2.0,3,3test,nearest,True,0.35911841632704705,2.0,direct,0.062489588618608975,0.03995027483667986,0.09014906172807521
8,bnci004,MMP_merge_then_adapt,TS,svm_radial,none,20,2,2,23763,0.05,no_leakage_v1_alpha005,gate_all_sources_proxy_source_only_final_training_only,mmd,,,,,merge_then_adapt,coral,near_nearest_proxy,anchor,2.0,3,3test,target,False,,2.0,direct,0.062489588618608975,0.03995027483667986,0.09014906172807521
8,bnci004,MMP_merge_then_adapt,TS,svm_radial,none,20,2,2,23763,0.05,no_leakage_v1_alpha005,gate_all_sources_proxy_source_only_final_training_only,mmd,,,,,merge_then_adapt,coral,near_nearest_proxy,final,2.0,3,3test,train,True,0.35911841632704705,2.0,direct,0.062489588618608975,0.03995027483667986,0.09014906172807521
8,bnci004,MMP_merge_then_adapt,TS,svm_radial,none,20,2,2,23763,0.05,no_leakage_v1_alpha005,gate_all_sources_proxy_source_only_final_training_only,mmd,,,,,merge_then_adapt,coral,near_nearest_proxy,main,3.0,4,4test,near,False,0.28873956517842836,2.0,direct,0.07772136273263061,0.06155260711965125,0.09723184595216039
8,bnci004,MMP_merge_then_adapt,TS,svm_radial,none,20,2,2,23763,0.05,no_leakage_v1_alpha005,gate_all_sources_proxy_source_only_final_training_only,mmd,,,,,merge_then_adapt,coral,near_nearest_proxy,anchor,3.0,4,4test,proxy_source,False,0.45053497016349664,2.0,direct,0.07772136273263061,0.06155260711965125,0.09723184595216039
8,bnci004,MMP_merge_then_adapt,TS,svm_radial,none,20,2,2,23763,0.05,no_leakage_v1_alpha005,gate_all_sources_proxy_source_only_final_training_only,mmd,,,,,merge_then_adapt,coral,near_nearest_proxy,final,3.0,4,4test,train,False,0.28873956517842836,2.0,direct,0.07772136273263061,0.06155260711965125,0.09723184595216039
8,bnci004,MMP_merge_then_adapt,TS,svm_radial,none,20,2,2,23763,0.05,no_leakage_v1_alpha005,gate_all_sources_proxy_source_only_final_training_only,mmd,,,,,merge_then_adapt,coral,near_nearest_proxy,main,,2,2train,target,False,,,,,,
8,bnci004,MMP_merge_then_adapt,TS,svm_radial,none,20,2,2,23763,0.05,no_leakage_v1_alpha005,gate_all_sources_proxy_source_only_final_training_only,mmd,,,,,merge_then_adapt,coral,near_nearest_proxy,final,,2,2train,target,False,,,,,,
8,bnci004,MMP_merge_then_adapt,TS,svm_radial,none,20,3,3,23794,0.05,no_leakage_v1_alpha005,gate_all_sources_proxy_source_only_final_training_only,mmd,,,,,merge_then_adapt,coral,near_nearest_proxy,main,0.0,0,0train,near,False,0.2853847325728514,3.0,direct,0.08287091419859052,0.06466294043172431,0.10529035750585541
8,bnci004,MMP_merge_then_adapt,TS,svm_radial,none,20,3,3,23794,0.05,no_leakage_v1_alpha005,gate_all_sources_proxy_source_only_final_training_only,mmd,,,,,merge_then_adapt,coral,near_nearest_proxy,anchor,0.0,0,0train,proxy_source,False,0.4590812417050728,3.0,direct,0.08287091419859052,0.06466294043172431,0.10529035750585541
8,bnci004,MMP_merge_then_adapt,TS,svm_radial,none,20,3,3,23794,0.05,no_leakage_v1_alpha005,gate_all_sources_proxy_source_only_final_training_only,mmd,,,,,merge_then_adapt,coral,near_nearest_proxy,final,0.0,0,0train,train,False,0.2853847325728514,3.0,direct,0.08287091419859052,0.06466294043172431,0.10529035750585541
8,bnci004,MMP_merge_then_adapt,TS,svm_radial,none,20,3,3,23794,0.05,no_leakage_v1_alpha005,gate_all_sources_proxy_source_only_final_training_only,mmd,,,,,merge_then_adapt,coral,near_nearest_proxy,main,1.0,1,1train,nearest,True,0.3783567990865745,3.0,direct,0.06250713816075613,0.03807900047702585,0.09244437792205985
8,bnci004,MMP_merge_then_adapt,TS,svm_radial,none,20,3,3,23794,0.05,no_leakage_v1_alpha005,gate_all_sources_proxy_source_only_final_training_only,mmd,,,,,merge_then_adapt,coral,near_nearest_proxy,anchor,1.0,1,1train,target,False,,3.0,direct,0.06250713816075613,0.03807900047702585,0.09244437792205985
8,bnci004,MMP_merge_then_adapt,TS,svm_radial,none,20,3,3,23794,0.05,no_leakage_v1_alpha005,gate_all_sources_proxy_source_only_final_training_only,mmd,,,,,merge_then_adapt,coral,near_nearest_proxy,final,1.0,1,1train,train,True,0.3783567990865745,3.0,direct,0.06250713816075613,0.03807900047702585,0.09244437792205985
8,bnci004,MMP_merge_then_adapt,TS,svm_radial,none,20,3,3,23794,0.05,no_leakage_v1_alpha005,gate_all_sources_proxy_source_only_final_training_only,mmd,,,,,merge_then_adapt,coral,near_nearest_proxy,main,2.0,2,2train,near,False,0.336258468340574,3.0,direct,0.07033292850469758,0.043091619241154414,0.10207691546354535
8,bnci004,MMP_merge_then_adapt,TS,svm_radial,none,20,3,3,23794,0.05,no_leakage_v1_alpha005,gate_all_sources_proxy_source_only_final_training_only,mmd,,,,,merge_then_adapt,coral,near_nearest_proxy,anchor,2.0,2,2train,proxy_source,False,0.5409187582949271,3.0,direct,0.07033292850469758,0.043091619241154414,0.10207691546354535
8,bnci004,MMP_merge_then_adapt,TS,svm_radial,none,20,3,3,23794,0.05,no_leakage_v1_alpha005,gate_all_sources_proxy_source_only_final_training_only,mmd,,,,,merge_then_adapt,coral,near_nearest_proxy,final,2.0,2,2train,train,False,0.336258468340574,3.0,direct,0.07033292850469758,0.043091619241154414,0.10207691546354535
8,bnci004,MMP_merge_then_adapt,TS,svm_radial,none,20,3,3,23794,0.05,no_leakage_v1_alpha005,gate_all_sources_proxy_source_only_final_training_only,mmd,,,,,merge_then_adapt,coral,near_nearest_proxy,main,3.0,4,4test,far,False,,3.0,direct,0.14076235367929688,0.10766468647047127,0.1738727574882057
8,bnci004,MMP_merge_then_adapt,TS,svm_radial,none,20,3,3,23794,0.05,no_leakage_v1_alpha005,gate_all_sources_proxy_source_only_final_training_only,mmd,,,,,merge_then_adapt,coral,near_nearest_proxy,anchor,3.0,4,4test,not_used,False,,3.0,direct,0.14076235367929688,0.10766468647047127,0.1738727574882057
8,bnci004,MMP_merge_then_adapt,TS,svm_radial,none,20,3,3,23794,0.05,no_leakage_v1_alpha005,gate_all_sources_proxy_source_only_final_training_only,mmd,,,,,merge_then_adapt,coral,near_nearest_proxy,final,3.0,4,4test,not_used,False,,3.0,direct,0.14076235367929688,0.10766468647047127,0.1738727574882057
8,bnci004,MMP_merge_then_adapt,TS,svm_radial,none,20,3,3,23794,0.05,no_leakage_v1_alpha005,gate_all_sources_proxy_source_only_final_training_only,mmd,,,,,merge_then_adapt,coral,near_nearest_proxy,main,,3,3test,target,False,,,,,,
8,bnci004,MMP_merge_then_adapt,TS,svm_radial,none,20,3,3,23794,0.05,no_leakage_v1_alpha005,gate_all_sources_proxy_source_only_final_training_only,mmd,,,,,merge_then_adapt,coral,near_nearest_proxy,final,,3,3test,target,False,,,,,,
8,bnci004,MMP_merge_then_adapt,TS,svm_radial,none,20,4,4,23825,0.05,no_leakage_v1_alpha005,gate_all_sources_proxy_source_only_final_training_only,mmd,,,,,merge_then_adapt,coral,near_nearest_proxy,main,0.0,0,0train,far,False,,4.0,direct,0.14637615743179413,0.12311894574107117,0.1690640946780175
8,bnci004,MMP_merge_then_adapt,TS,svm_radial,none,20,4,4,23825,0.05,no_leakage_v1_alpha005,gate_all_sources_proxy_source_only_final_training_only,mmd,,,,,merge_then_adapt,coral,near_nearest_proxy,anchor,0.0,0,0train,not_used,False,,4.0,direct,0.14637615743179413,0.12311894574107117,0.1690640946780175
8,bnci004,MMP_merge_then_adapt,TS,svm_radial,none,20,4,4,23825,0.05,no_leakage_v1_alpha005,gate_all_sources_proxy_source_only_final_training_only,mmd,,,,,merge_then_adapt,coral,near_nearest_proxy,final,0.0,0,0train,not_used,False,,4.0,direct,0.14637615743179413,0.12311894574107117,0.1690640946780175
8,bnci004,MMP_merge_then_adapt,TS,svm_radial,none,20,4,4,23825,0.05,no_leakage_v1_alpha005,gate_all_sources_proxy_source_only_final_training_only,mmd,,,,,merge_then_adapt,coral,near_nearest_proxy,main,1.0,1,1train,near,False,0.29035752052580016,4.0,direct,0.11081935339486249,0.0922164909716119,0.1300886898580499
8,bnci004,MMP_merge_then_adapt,TS,svm_radial,none,20,4,4,23825,0.05,no_leakage_v1_alpha005,gate_all_sources_proxy_source_only_final_training_only,mmd,,,,,merge_then_adapt,coral,near_nearest_proxy,anchor,1.0,1,1train,proxy_source,False,0.5050242825468806,4.0,direct,0.11081935339486249,0.0922164909716119,0.1300886898580499
8,bnci004,MMP_merge_then_adapt,TS,svm_radial,none,20,4,4,23825,0.05,no_leakage_v1_alpha005,gate_all_sources_proxy_source_only_final_training_only,mmd,,,,,merge_then_adapt,coral,near_nearest_proxy,final,1.0,1,1train,train,False,0.29035752052580016,4.0,direct,0.11081935339486249,0.0922164909716119,0.1300886898580499
8,bnci004,MMP_merge_then_adapt,TS,svm_radial,none,20,4,4,23825,0.05,no_leakage_v1_alpha005,gate_all_sources_proxy_source_only_final_training_only,mmd,,,,,merge_then_adapt,coral,near_nearest_proxy,main,2.0,2,2train,nearest,True,0.42506225827102323,4.0,direct,0.07569972950350852,0.060097738137661935,0.09864156898783427
8,bnci004,MMP_merge_then_adapt,TS,svm_radial,none,20,4,4,23825,0.05,no_leakage_v1_alpha005,gate_all_sources_proxy_source_only_final_training_only,mmd,,,,,merge_then_adapt,coral,near_nearest_proxy,anchor,2.0,2,2train,target,False,,4.0,direct,0.07569972950350852,0.060097738137661935,0.09864156898783427
8,bnci004,MMP_merge_then_adapt,TS,svm_radial,none,20,4,4,23825,0.05,no_leakage_v1_alpha005,gate_all_sources_proxy_source_only_final_training_only,mmd,,,,,merge_then_adapt,coral,near_nearest_proxy,final,2.0,2,2train,train,True,0.42506225827102323,4.0,direct,0.07569972950350852,0.060097738137661935,0.09864156898783427
8,bnci004,MMP_merge_then_adapt,TS,svm_radial,none,20,4,4,23825,0.05,no_leakage_v1_alpha005,gate_all_sources_proxy_source_only_final_training_only,mmd,,,,,merge_then_adapt,coral,near_nearest_proxy,main,3.0,3,3test,near,False,0.2845802212031765,4.0,direct,0.11306913150626519,0.09033749813083829,0.13831710309392808
8,bnci004,MMP_merge_then_adapt,TS,svm_radial,none,20,4,4,23825,0.05,no_leakage_v1_alpha005,gate_all_sources_proxy_source_only_final_training_only,mmd,,,,,merge_then_adapt,coral,near_nearest_proxy,anchor,3.0,3,3test,proxy_source,False,0.49497571745311947,4.0,direct,0.11306913150626519,0.09033749813083829,0.13831710309392808
8,bnci004,MMP_merge_then_adapt,TS,svm_radial,none,20,4,4,23825,0.05,no_leakage_v1_alpha005,gate_all_sources_proxy_source_only_final_training_only,mmd,,,,,merge_then_adapt,coral,near_nearest_proxy,final,3.0,3,3test,train,False,0.2845802212031765,4.0,direct,0.11306913150626519,0.09033749813083829,0.13831710309392808
8,bnci004,MMP_merge_then_adapt,TS,svm_radial,none,20,4,4,23825,0.05,no_leakage_v1_alpha005,gate_all_sources_proxy_source_only_final_training_only,mmd,,,,,merge_then_adapt,coral,near_nearest_proxy,main,,4,4test,target,False,,,,,,
8,bnci004,MMP_merge_then_adapt,TS,svm_radial,none,20,4,4,23825,0.05,no_leakage_v1_alpha005,gate_all_sources_proxy_source_only_final_training_only,mmd,,,,,merge_then_adapt,coral,near_nearest_proxy,final,,4,4test,target,False,,,,,,
8,bnci004,MMP_merge_then_adapt,TS,svm_radial,sa,21,0,0,24698,0.05,no_leakage_v1_alpha005,gate_all_sources_proxy_source_only_final_training_only,mmd,,,,,merge_then_adapt,coral,near_nearest_proxy,main,0.0,1,1train,nearest,True,1.0,0.0,direct,0.05006813101340603,0.03095549871648339,0.07358228109287684
8,bnci004,MMP_merge_then_adapt,TS,svm_radial,sa,21,0,0,24698,0.05,no_leakage_v1_alpha005,gate_all_sources_proxy_source_only_final_training_only,mmd,,,,,merge_then_adapt,coral,near_nearest_proxy,anchor,0.0,1,1train,target,False,,0.0,direct,0.05006813101340603,0.03095549871648339,0.07358228109287684
8,bnci004,MMP_merge_then_adapt,TS,svm_radial,sa,21,0,0,24698,0.05,no_leakage_v1_alpha005,gate_all_sources_proxy_source_only_final_training_only,mmd,,,,,merge_then_adapt,coral,near_nearest_proxy,final,0.0,1,1train,train,True,1.0,0.0,direct,0.05006813101340603,0.03095549871648339,0.07358228109287684
8,bnci004,MMP_merge_then_adapt,TS,svm_radial,sa,21,0,0,24698,0.05,no_leakage_v1_alpha005,gate_all_sources_proxy_source_only_final_training_only,mmd,,,,,merge_then_adapt,coral,near_nearest_proxy,main,1.0,2,2train,far,False,,0.0,direct,0.15202007151366406,0.12277287479075347,0.18517046567083462
8,bnci004,MMP_merge_then_adapt,TS,svm_radial,sa,21,0,0,24698,0.05,no_leakage_v1_alpha005,gate_all_sources_proxy_source_only_final_training_only,mmd,,,,,merge_then_adapt,coral,near_nearest_proxy,anchor,1.0,2,2train,not_used,False,,0.0,direct,0.15202007151366406,0.12277287479075347,0.18517046567083462
8,bnci004,MMP_merge_then_adapt,TS,svm_radial,sa,21,0,0,24698,0.05,no_leakage_v1_alpha005,gate_all_sources_proxy_source_only_final_training_only,mmd,,,,,merge_then_adapt,coral,near_nearest_proxy,final,1.0,2,2train,not_used,False,,0.0,direct,0.15202007151366406,0.12277287479075347,0.18517046567083462
8,bnci004,MMP_merge_then_adapt,TS,svm_radial,sa,21,0,0,24698,0.05,no_leakage_v1_alpha005,gate_all_sources_proxy_source_only_final_training_only,mmd,,,,,merge_then_adapt,coral,near_nearest_proxy,main,2.0,3,3test,far,False,,0.0,direct,0.10555605158744573,0.07905305147526517,0.13796141167415782
8,bnci004,MMP_merge_then_adapt,TS,svm_radial,sa,21,0,0,24698,0.05,no_leakage_v1_alpha005,gate_all_sources_proxy_source_only_final_training_only,mmd,,,,,merge_then_adapt,coral,near_nearest_proxy,anchor,2.0,3,3test,second_nearest_fallback_source,False,1.0,0.0,direct,0.10555605158744573,0.07905305147526517,0.13796141167415782
8,bnci004,MMP_merge_then_adapt,TS,svm_radial,sa,21,0,0,24698,0.05,no_leakage_v1_alpha005,gate_all_sources_proxy_source_only_final_training_only,mmd,,,,,merge_then_adapt,coral,near_nearest_proxy,final,2.0,3,3test,not_used,False,,0.0,direct,0.10555605158744573,0.07905305147526517,0.13796141167415782
8,bnci004,MMP_merge_then_adapt,TS,svm_radial,sa,21,0,0,24698,0.05,no_leakage_v1_alpha005,gate_all_sources_proxy_source_only_final_training_only,mmd,,,,,merge_then_adapt,coral,near_nearest_proxy,main,3.0,4,4test,far,False,,0.0,direct,0.21353332724448515,0.18212026665622594,0.2540900603590047
8,bnci004,MMP_merge_then_adapt,TS,svm_radial,sa,21,0,0,24698,0.05,no_leakage_v1_alpha005,gate_all_sources_proxy_source_only_final_training_only,mmd,,,,,merge_then_adapt,coral,near_nearest_proxy,anchor,3.0,4,4test,not_used,False,,0.0,direct,0.21353332724448515,0.18212026665622594,0.2540900603590047
8,bnci004,MMP_merge_then_adapt,TS,svm_radial,sa,21,0,0,24698,0.05,no_leakage_v1_alpha005,gate_all_sources_proxy_source_only_final_training_only,mmd,,,,,merge_then_adapt,coral,near_nearest_proxy,final,3.0,4,4test,not_used,False,,0.0,direct,0.21353332724448515,0.18212026665622594,0.2540900603590047
8,bnci004,MMP_merge_then_adapt,TS,svm_radial,sa,21,0,0,24698,0.05,no_leakage_v1_alpha005,gate_all_sources_proxy_source_only_final_training_only,mmd,,,,,merge_then_adapt,coral,near_nearest_proxy,main,,0,0train,target,False,,,,,,
8,bnci004,MMP_merge_then_adapt,TS,svm_radial,sa,21,0,0,24698,0.05,no_leakage_v1_alpha005,gate_all_sources_proxy_source_only_final_training_only,mmd,,,,,merge_then_adapt,coral,near_nearest_proxy,final,,0,0train,target,False,,,,,,
8,bnci004,MMP_merge_then_adapt,TS,svm_radial,sa,21,1,1,24729,0.05,no_leakage_v1_alpha005,gate_all_sources_proxy_source_only_final_training_only,mmd,,,,,merge_then_adapt,coral,near_nearest_proxy,main,0.0,0,0train,nearest,True,0.4268514343892141,1.0,direct,0.048574326023552834,0.031722640525884284,0.07297651040581654
8,bnci004,MMP_merge_then_adapt,TS,svm_radial,sa,21,1,1,24729,0.05,no_leakage_v1_alpha005,gate_all_sources_proxy_source_only_final_training_only,mmd,,,,,merge_then_adapt,coral,near_nearest_proxy,anchor,0.0,0,0train,target,False,,1.0,direct,0.048574326023552834,0.031722640525884284,0.07297651040581654
8,bnci004,MMP_merge_then_adapt,TS,svm_radial,sa,21,1,1,24729,0.05,no_leakage_v1_alpha005,gate_all_sources_proxy_source_only_final_training_only,mmd,,,,,merge_then_adapt,coral,near_nearest_proxy,final,0.0,0,0train,train,True,0.4268514343892141,1.0,direct,0.048574326023552834,0.031722640525884284,0.07297651040581654
8,bnci004,MMP_merge_then_adapt,TS,svm_radial,sa,21,1,1,24729,0.05,no_leakage_v1_alpha005,gate_all_sources_proxy_source_only_final_training_only,mmd,,,,,merge_then_adapt,coral,near_nearest_proxy,main,1.0,2,2train,near,False,0.2747453210100719,1.0,direct,0.07546688244782208,0.05424348363050829,0.09836159496199258
8,bnci004,MMP_merge_then_adapt,TS,svm_radial,sa,21,1,1,24729,0.05,no_leakage_v1_alpha005,gate_all_sources_proxy_source_only_final_training_only,mmd,,,,,merge_then_adapt,coral,near_nearest_proxy,anchor,1.0,2,2train,proxy_source,False,0.4793614387175245,1.0,direct,0.07546688244782208,0.05424348363050829,0.09836159496199258
8,bnci004,MMP_merge_then_adapt,TS,svm_radial,sa,21,1,1,24729,0.05,no_leakage_v1_alpha005,gate_all_sources_proxy_source_only_final_training_only,mmd,,,,,merge_then_adapt,coral,near_nearest_proxy,final,1.0,2,2train,train,False,0.2747453210100719,1.0,direct,0.07546688244782208,0.05424348363050829,0.09836159496199258
8,bnci004,MMP_merge_then_adapt,TS,svm_radial,sa,21,1,1,24729,0.05,no_leakage_v1_alpha005,gate_all_sources_proxy_source_only_final_training_only,mmd,,,,,merge_then_adapt,coral,near_nearest_proxy,main,2.0,3,3test,near,False,0.29840324460071416,1.0,direct,0.06948365864311057,0.04505584375904282,0.10335295772258095
8,bnci004,MMP_merge_then_adapt,TS,svm_radial,sa,21,1,1,24729,0.05,no_leakage_v1_alpha005,gate_all_sources_proxy_source_only_final_training_only,mmd,,,,,merge_then_adapt,coral,near_nearest_proxy,anchor,2.0,3,3test,proxy_source,False,0.5206385612824754,1.0,direct,0.06948365864311057,0.04505584375904282,0.10335295772258095
8,bnci004,MMP_merge_then_adapt,TS,svm_radial,sa,21,1,1,24729,0.05,no_leakage_v1_alpha005,gate_all_sources_proxy_source_only_final_training_only,mmd,,,,,merge_then_adapt,coral,near_nearest_proxy,final,2.0,3,3test,train,False,0.29840324460071416,1.0,direct,0.06948365864311057,0.04505584375904282,0.10335295772258095
8,bnci004,MMP_merge_then_adapt,TS,svm_radial,sa,21,1,1,24729,0.05,no_leakage_v1_alpha005,gate_all_sources_proxy_source_only_final_training_only,mmd,,,,,merge_then_adapt,coral,near_nearest_proxy,main,3.0,4,4test,far,False,,1.0,direct,0.1316547649918265,0.10541472668846463,0.16233808725057297
8,bnci004,MMP_merge_then_adapt,TS,svm_radial,sa,21,1,1,24729,0.05,no_leakage_v1_alpha005,gate_all_sources_proxy_source_only_final_training_only,mmd,,,,,merge_then_adapt,coral,near_nearest_proxy,anchor,3.0,4,4test,not_used,False,,1.0,direct,0.1316547649918265,0.10541472668846463,0.16233808725057297
8,bnci004,MMP_merge_then_adapt,TS,svm_radial,sa,21,1,1,24729,0.05,no_leakage_v1_alpha005,gate_all_sources_proxy_source_only_final_training_only,mmd,,,,,merge_then_adapt,coral,near_nearest_proxy,final,3.0,4,4test,not_used,False,,1.0,direct,0.1316547649918265,0.10541472668846463,0.16233808725057297
8,bnci004,MMP_merge_then_adapt,TS,svm_radial,sa,21,1,1,24729,0.05,no_leakage_v1_alpha005,gate_all_sources_proxy_source_only_final_training_only,mmd,,,,,merge_then_adapt,coral,near_nearest_proxy,main,,1,1train,target,False,,,,,,
8,bnci004,MMP_merge_then_adapt,TS,svm_radial,sa,21,1,1,24729,0.05,no_leakage_v1_alpha005,gate_all_sources_proxy_source_only_final_training_only,mmd,,,,,merge_then_adapt,coral,near_nearest_proxy,final,,1,1train,target,False,,,,,,
8,bnci004,MMP_merge_then_adapt,TS,svm_radial,sa,21,2,2,24760,0.05,no_leakage_v1_alpha005,gate_all_sources_proxy_source_only_final_training_only,mmd,,,,,merge_then_adapt,coral,near_nearest_proxy,main,0.0,0,0train,far,False,,2.0,direct,0.11037036305674923,0.09162772184780202,0.13181064135652484
8,bnci004,MMP_merge_then_adapt,TS,svm_radial,sa,21,2,2,24760,0.05,no_leakage_v1_alpha005,gate_all_sources_proxy_source_only_final_training_only,mmd,,,,,merge_then_adapt,coral,near_nearest_proxy,anchor,0.0,0,0train,not_used,False,,2.0,direct,0.11037036305674923,0.09162772184780202,0.13181064135652484
8,bnci004,MMP_merge_then_adapt,TS,svm_radial,sa,21,2,2,24760,0.05,no_leakage_v1_alpha005,gate_all_sources_proxy_source_only_final_training_only,mmd,,,,,merge_then_adapt,coral,near_nearest_proxy,final,0.0,0,0train,not_used,False,,2.0,direct,0.11037036305674923,0.09162772184780202,0.13181064135652484
8,bnci004,MMP_merge_then_adapt,TS,svm_radial,sa,21,2,2,24760,0.05,no_leakage_v1_alpha005,gate_all_sources_proxy_source_only_final_training_only,mmd,,,,,merge_then_adapt,coral,near_nearest_proxy,main,1.0,1,1train,near,False,0.35173282727772015,2.0,direct,0.06372614079049017,0.04932295217572358,0.08242238514834035
8,bnci004,MMP_merge_then_adapt,TS,svm_radial,sa,21,2,2,24760,0.05,no_leakage_v1_alpha005,gate_all_sources_proxy_source_only_final_training_only,mmd,,,,,merge_then_adapt,coral,near_nearest_proxy,anchor,1.0,1,1train,proxy_source,False,0.5477080623454627,2.0,direct,0.06372614079049017,0.04932295217572358,0.08242238514834035
8,bnci004,MMP_merge_then_adapt,TS,svm_radial,sa,21,2,2,24760,0.05,no_leakage_v1_alpha005,gate_all_sources_proxy_source_only_final_training_only,mmd,,,,,merge_then_adapt,coral,near_nearest_proxy,final,1.0,1,1train,train,False,0.35173282727772015,2.0,direct,0.06372614079049017,0.04932295217572358,0.08242238514834035
8,bnci004,MMP_merge_then_adapt,TS,svm_radial,sa,21,2,2,24760,0.05,no_leakage_v1_alpha005,gate_all_sources_proxy_source_only_final_training_only,mmd,,,,,merge_then_adapt,coral,near_nearest_proxy,main,2.0,3,3test,nearest,True,0.3578096590882983,2.0,direct,0.0626438359769768,0.041125913711396504,0.08875459598064306
8,bnci004,MMP_merge_then_adapt,TS,svm_radial,sa,21,2,2,24760,0.05,no_leakage_v1_alpha005,gate_all_sources_proxy_source_only_final_training_only,mmd,,,,,merge_then_adapt,coral,near_nearest_proxy,anchor,2.0,3,3test,target,False,,2.0,direct,0.0626438359769768,0.041125913711396504,0.08875459598064306
8,bnci004,MMP_merge_then_adapt,TS,svm_radial,sa,21,2,2,24760,0.05,no_leakage_v1_alpha005,gate_all_sources_proxy_source_only_final_training_only,mmd,,,,,merge_then_adapt,coral,near_nearest_proxy,final,2.0,3,3test,train,True,0.3578096590882983,2.0,direct,0.0626438359769768,0.041125913711396504,0.08875459598064306
8,bnci004,MMP_merge_then_adapt,TS,svm_radial,sa,21,2,2,24760,0.05,no_leakage_v1_alpha005,gate_all_sources_proxy_source_only_final_training_only,mmd,,,,,merge_then_adapt,coral,near_nearest_proxy,main,3.0,4,4test,near,False,0.2904575136339815,2.0,direct,0.07717010541960534,0.06208681751799841,0.09792944559065778
8,bnci004,MMP_merge_then_adapt,TS,svm_radial,sa,21,2,2,24760,0.05,no_leakage_v1_alpha005,gate_all_sources_proxy_source_only_final_training_only,mmd,,,,,merge_then_adapt,coral,near_nearest_proxy,anchor,3.0,4,4test,proxy_source,False,0.45229193765453735,2.0,direct,0.07717010541960534,0.06208681751799841,0.09792944559065778
8,bnci004,MMP_merge_then_adapt,TS,svm_radial,sa,21,2,2,24760,0.05,no_leakage_v1_alpha005,gate_all_sources_proxy_source_only_final_training_only,mmd,,,,,merge_then_adapt,coral,near_nearest_proxy,final,3.0,4,4test,train,False,0.2904575136339815,2.0,direct,0.07717010541960534,0.06208681751799841,0.09792944559065778
8,bnci004,MMP_merge_then_adapt,TS,svm_radial,sa,21,2,2,24760,0.05,no_leakage_v1_alpha005,gate_all_sources_proxy_source_only_final_training_only,mmd,,,,,merge_then_adapt,coral,near_nearest_proxy,main,,2,2train,target,False,,,,,,
8,bnci004,MMP_merge_then_adapt,TS,svm_radial,sa,21,2,2,24760,0.05,no_leakage_v1_alpha005,gate_all_sources_proxy_source_only_final_training_only,mmd,,,,,merge_then_adapt,coral,near_nearest_proxy,final,,2,2train,target,False,,,,,,
8,bnci004,MMP_merge_then_adapt,TS,svm_radial,sa,21,3,3,24791,0.05,no_leakage_v1_alpha005,gate_all_sources_proxy_source_only_final_training_only,mmd,,,,,merge_then_adapt,coral,near_nearest_proxy,main,0.0,0,0train,near,False,0.28718891245058614,3.0,direct,0.08264683327117876,0.06649935971890686,0.10287932427869695
8,bnci004,MMP_merge_then_adapt,TS,svm_radial,sa,21,3,3,24791,0.05,no_leakage_v1_alpha005,gate_all_sources_proxy_source_only_final_training_only,mmd,,,,,merge_then_adapt,coral,near_nearest_proxy,anchor,0.0,0,0train,proxy_source,False,0.4554333553738335,3.0,direct,0.08264683327117876,0.06649935971890686,0.10287932427869695
8,bnci004,MMP_merge_then_adapt,TS,svm_radial,sa,21,3,3,24791,0.05,no_leakage_v1_alpha005,gate_all_sources_proxy_source_only_final_training_only,mmd,,,,,merge_then_adapt,coral,near_nearest_proxy,final,0.0,0,0train,train,False,0.28718891245058614,3.0,direct,0.08264683327117876,0.06649935971890686,0.10287932427869695
8,bnci004,MMP_merge_then_adapt,TS,svm_radial,sa,21,3,3,24791,0.05,no_leakage_v1_alpha005,gate_all_sources_proxy_source_only_final_training_only,mmd,,,,,merge_then_adapt,coral,near_nearest_proxy,main,1.0,1,1train,nearest,True,0.3694161636122309,3.0,direct,0.06425049652753675,0.043584459660226386,0.09555016768381364
8,bnci004,MMP_merge_then_adapt,TS,svm_radial,sa,21,3,3,24791,0.05,no_leakage_v1_alpha005,gate_all_sources_proxy_source_only_final_training_only,mmd,,,,,merge_then_adapt,coral,near_nearest_proxy,anchor,1.0,1,1train,target,False,,3.0,direct,0.06425049652753675,0.043584459660226386,0.09555016768381364
8,bnci004,MMP_merge_then_adapt,TS,svm_radial,sa,21,3,3,24791,0.05,no_leakage_v1_alpha005,gate_all_sources_proxy_source_only_final_training_only,mmd,,,,,merge_then_adapt,coral,near_nearest_proxy,final,1.0,1,1train,train,True,0.3694161636122309,3.0,direct,0.06425049652753675,0.043584459660226386,0.09555016768381364
8,bnci004,MMP_merge_then_adapt,TS,svm_radial,sa,21,3,3,24791,0.05,no_leakage_v1_alpha005,gate_all_sources_proxy_source_only_final_training_only,mmd,,,,,merge_then_adapt,coral,near_nearest_proxy,main,2.0,2,2train,near,False,0.343394923937183,3.0,direct,0.06911924523079184,0.0441281327643132,0.0972376929451637
8,bnci004,MMP_merge_then_adapt,TS,svm_radial,sa,21,3,3,24791,0.05,no_leakage_v1_alpha005,gate_all_sources_proxy_source_only_final_training_only,mmd,,,,,merge_then_adapt,coral,near_nearest_proxy,anchor,2.0,2,2train,proxy_source,False,0.5445666446261664,3.0,direct,0.06911924523079184,0.0441281327643132,0.0972376929451637
8,bnci004,MMP_merge_then_adapt,TS,svm_radial,sa,21,3,3,24791,0.05,no_leakage_v1_alpha005,gate_all_sources_proxy_source_only_final_training_only,mmd,,,,,merge_then_adapt,coral,near_nearest_proxy,final,2.0,2,2train,train,False,0.343394923937183,3.0,direct,0.06911924523079184,0.0441281327643132,0.0972376929451637
8,bnci004,MMP_merge_then_adapt,TS,svm_radial,sa,21,3,3,24791,0.05,no_leakage_v1_alpha005,gate_all_sources_proxy_source_only_final_training_only,mmd,,,,,merge_then_adapt,coral,near_nearest_proxy,main,3.0,4,4test,far,False,,3.0,direct,0.14278317399760682,0.11088752755828246,0.179304525615012
8,bnci004,MMP_merge_then_adapt,TS,svm_radial,sa,21,3,3,24791,0.05,no_leakage_v1_alpha005,gate_all_sources_proxy_source_only_final_training_only,mmd,,,,,merge_then_adapt,coral,near_nearest_proxy,anchor,3.0,4,4test,not_used,False,,3.0,direct,0.14278317399760682,0.11088752755828246,0.179304525615012
8,bnci004,MMP_merge_then_adapt,TS,svm_radial,sa,21,3,3,24791,0.05,no_leakage_v1_alpha005,gate_all_sources_proxy_source_only_final_training_only,mmd,,,,,merge_then_adapt,coral,near_nearest_proxy,final,3.0,4,4test,not_used,False,,3.0,direct,0.14278317399760682,0.11088752755828246,0.179304525615012
8,bnci004,MMP_merge_then_adapt,TS,svm_radial,sa,21,3,3,24791,0.05,no_leakage_v1_alpha005,gate_all_sources_proxy_source_only_final_training_only,mmd,,,,,merge_then_adapt,coral,near_nearest_proxy,main,,3,3test,target,False,,,,,,
8,bnci004,MMP_merge_then_adapt,TS,svm_radial,sa,21,3,3,24791,0.05,no_leakage_v1_alpha005,gate_all_sources_proxy_source_only_final_training_only,mmd,,,,,merge_then_adapt,coral,near_nearest_proxy,final,,3,3test,target,False,,,,,,
8,bnci004,MMP_merge_then_adapt,TS,svm_radial,sa,21,4,4,24822,0.05,no_leakage_v1_alpha005,gate_all_sources_proxy_source_only_final_training_only,mmd,,,,,merge_then_adapt,coral,near_nearest_proxy,main,0.0,0,0train,far,False,,4.0,direct,0.14498612847707476,0.12594001583512857,0.16735889819159636
8,bnci004,MMP_merge_then_adapt,TS,svm_radial,sa,21,4,4,24822,0.05,no_leakage_v1_alpha005,gate_all_sources_proxy_source_only_final_training_only,mmd,,,,,merge_then_adapt,coral,near_nearest_proxy,anchor,0.0,0,0train,not_used,False,,4.0,direct,0.14498612847707476,0.12594001583512857,0.16735889819159636
8,bnci004,MMP_merge_then_adapt,TS,svm_radial,sa,21,4,4,24822,0.05,no_leakage_v1_alpha005,gate_all_sources_proxy_source_only_final_training_only,mmd,,,,,merge_then_adapt,coral,near_nearest_proxy,final,0.0,0,0train,not_used,False,,4.0,direct,0.14498612847707476,0.12594001583512857,0.16735889819159636
8,bnci004,MMP_merge_then_adapt,TS,svm_radial,sa,21,4,4,24822,0.05,no_leakage_v1_alpha005,gate_all_sources_proxy_source_only_final_training_only,mmd,,,,,merge_then_adapt,coral,near_nearest_proxy,main,1.0,1,1train,near,False,0.29268403144189653,4.0,direct,0.10943761125150649,0.09203657640590139,0.13227598034254698
8,bnci004,MMP_merge_then_adapt,TS,svm_radial,sa,21,4,4,24822,0.05,no_leakage_v1_alpha005,gate_all_sources_proxy_source_only_final_training_only,mmd,,,,,merge_then_adapt,coral,near_nearest_proxy,anchor,1.0,1,1train,proxy_source,False,0.5111741060196155,4.0,direct,0.10943761125150649,0.09203657640590139,0.13227598034254698
8,bnci004,MMP_merge_then_adapt,TS,svm_radial,sa,21,4,4,24822,0.05,no_leakage_v1_alpha005,gate_all_sources_proxy_source_only_final_training_only,mmd,,,,,merge_then_adapt,coral,near_nearest_proxy,final,1.0,1,1train,train,False,0.29268403144189653,4.0,direct,0.10943761125150649,0.09203657640590139,0.13227598034254698
8,bnci004,MMP_merge_then_adapt,TS,svm_radial,sa,21,4,4,24822,0.05,no_leakage_v1_alpha005,gate_all_sources_proxy_source_only_final_training_only,mmd,,,,,merge_then_adapt,coral,near_nearest_proxy,main,2.0,2,2train,nearest,True,0.42742789981880414,4.0,direct,0.07493780008785579,0.060298972374391815,0.09419293859120982
8,bnci004,MMP_merge_then_adapt,TS,svm_radial,sa,21,4,4,24822,0.05,no_leakage_v1_alpha005,gate_all_sources_proxy_source_only_final_training_only,mmd,,,,,merge_then_adapt,coral,near_nearest_proxy,anchor,2.0,2,2train,target,False,,4.0,direct,0.07493780008785579,0.060298972374391815,0.09419293859120982
8,bnci004,MMP_merge_then_adapt,TS,svm_radial,sa,21,4,4,24822,0.05,no_leakage_v1_alpha005,gate_all_sources_proxy_source_only_final_training_only,mmd,,,,,merge_then_adapt,coral,near_nearest_proxy,final,2.0,2,2train,train,True,0.42742789981880414,4.0,direct,0.07493780008785579,0.060298972374391815,0.09419293859120982
8,bnci004,MMP_merge_then_adapt,TS,svm_radial,sa,21,4,4,24822,0.05,no_leakage_v1_alpha005,gate_all_sources_proxy_source_only_final_training_only,mmd,,,,,merge_then_adapt,coral,near_nearest_proxy,main,3.0,3,3test,near,False,0.27988806873929933,4.0,direct,0.11444094131164809,0.09285499055161538,0.1418641394942661
8,bnci004,MMP_merge_then_adapt,TS,svm_radial,sa,21,4,4,24822,0.05,no_leakage_v1_alpha005,gate_all_sources_proxy_source_only_final_training_only,mmd,,,,,merge_then_adapt,coral,near_nearest_proxy,anchor,3.0,3,3test,proxy_source,False,0.48882589398038445,4.0,direct,0.11444094131164809,0.09285499055161538,0.1418641394942661
8,bnci004,MMP_merge_then_adapt,TS,svm_radial,sa,21,4,4,24822,0.05,no_leakage_v1_alpha005,gate_all_sources_proxy_source_only_final_training_only,mmd,,,,,merge_then_adapt,coral,near_nearest_proxy,final,3.0,3,3test,train,False,0.27988806873929933,4.0,direct,0.11444094131164809,0.09285499055161538,0.1418641394942661
8,bnci004,MMP_merge_then_adapt,TS,svm_radial,sa,21,4,4,24822,0.05,no_leakage_v1_alpha005,gate_all_sources_proxy_source_only_final_training_only,mmd,,,,,merge_then_adapt,coral,near_nearest_proxy,main,,4,4test,target,False,,,,,,
8,bnci004,MMP_merge_then_adapt,TS,svm_radial,sa,21,4,4,24822,0.05,no_leakage_v1_alpha005,gate_all_sources_proxy_source_only_final_training_only,mmd,,,,,merge_then_adapt,coral,near_nearest_proxy,final,,4,4test,target,False,,,,,,
8,bnci004,MMP_merge_then_adapt,TS,svm_radial,pt,22,0,0,25695,0.05,no_leakage_v1_alpha005,gate_all_sources_proxy_source_only_final_training_only,mmd,,,,,merge_then_adapt,coral,near_nearest_proxy,main,0.0,1,1train,nearest,True,1.0,0.0,direct,0.047794929089687646,0.03171715305126812,0.0718932166903434
8,bnci004,MMP_merge_then_adapt,TS,svm_radial,pt,22,0,0,25695,0.05,no_leakage_v1_alpha005,gate_all_sources_proxy_source_only_final_training_only,mmd,,,,,merge_then_adapt,coral,near_nearest_proxy,anchor,0.0,1,1train,target,False,,0.0,direct,0.047794929089687646,0.03171715305126812,0.0718932166903434
8,bnci004,MMP_merge_then_adapt,TS,svm_radial,pt,22,0,0,25695,0.05,no_leakage_v1_alpha005,gate_all_sources_proxy_source_only_final_training_only,mmd,,,,,merge_then_adapt,coral,near_nearest_proxy,final,0.0,1,1train,train,True,1.0,0.0,direct,0.047794929089687646,0.03171715305126812,0.0718932166903434
8,bnci004,MMP_merge_then_adapt,TS,svm_radial,pt,22,0,0,25695,0.05,no_leakage_v1_alpha005,gate_all_sources_proxy_source_only_final_training_only,mmd,,,,,merge_then_adapt,coral,near_nearest_proxy,main,1.0,2,2train,far,False,,0.0,direct,0.1525024778352914,0.12167970404441997,0.18408827088151658
8,bnci004,MMP_merge_then_adapt,TS,svm_radial,pt,22,0,0,25695,0.05,no_leakage_v1_alpha005,gate_all_sources_proxy_source_only_final_training_only,mmd,,,,,merge_then_adapt,coral,near_nearest_proxy,anchor,1.0,2,2train,not_used,False,,0.0,direct,0.1525024778352914,0.12167970404441997,0.18408827088151658
8,bnci004,MMP_merge_then_adapt,TS,svm_radial,pt,22,0,0,25695,0.05,no_leakage_v1_alpha005,gate_all_sources_proxy_source_only_final_training_only,mmd,,,,,merge_then_adapt,coral,near_nearest_proxy,final,1.0,2,2train,not_used,False,,0.0,direct,0.1525024778352914,0.12167970404441997,0.18408827088151658
8,bnci004,MMP_merge_then_adapt,TS,svm_radial,pt,22,0,0,25695,0.05,no_leakage_v1_alpha005,gate_all_sources_proxy_source_only_final_training_only,mmd,,,,,merge_then_adapt,coral,near_nearest_proxy,main,2.0,3,3test,far,False,,0.0,direct,0.10701603144773993,0.08178052626491228,0.1400411109920931
8,bnci004,MMP_merge_then_adapt,TS,svm_radial,pt,22,0,0,25695,0.05,no_leakage_v1_alpha005,gate_all_sources_proxy_source_only_final_training_only,mmd,,,,,merge_then_adapt,coral,near_nearest_proxy,anchor,2.0,3,3test,second_nearest_fallback_source,False,1.0,0.0,direct,0.10701603144773993,0.08178052626491228,0.1400411109920931
8,bnci004,MMP_merge_then_adapt,TS,svm_radial,pt,22,0,0,25695,0.05,no_leakage_v1_alpha005,gate_all_sources_proxy_source_only_final_training_only,mmd,,,,,merge_then_adapt,coral,near_nearest_proxy,final,2.0,3,3test,not_used,False,,0.0,direct,0.10701603144773993,0.08178052626491228,0.1400411109920931
8,bnci004,MMP_merge_then_adapt,TS,svm_radial,pt,22,0,0,25695,0.05,no_leakage_v1_alpha005,gate_all_sources_proxy_source_only_final_training_only,mmd,,,,,merge_then_adapt,coral,near_nearest_proxy,main,3.0,4,4test,far,False,,0.0,direct,0.21511138860664392,0.18267480867750946,0.2566772447438639
8,bnci004,MMP_merge_then_adapt,TS,svm_radial,pt,22,0,0,25695,0.05,no_leakage_v1_alpha005,gate_all_sources_proxy_source_only_final_training_only,mmd,,,,,merge_then_adapt,coral,near_nearest_proxy,anchor,3.0,4,4test,not_used,False,,0.0,direct,0.21511138860664392,0.18267480867750946,0.2566772447438639
8,bnci004,MMP_merge_then_adapt,TS,svm_radial,pt,22,0,0,25695,0.05,no_leakage_v1_alpha005,gate_all_sources_proxy_source_only_final_training_only,mmd,,,,,merge_then_adapt,coral,near_nearest_proxy,final,3.0,4,4test,not_used,False,,0.0,direct,0.21511138860664392,0.18267480867750946,0.2566772447438639
8,bnci004,MMP_merge_then_adapt,TS,svm_radial,pt,22,0,0,25695,0.05,no_leakage_v1_alpha005,gate_all_sources_proxy_source_only_final_training_only,mmd,,,,,merge_then_adapt,coral,near_nearest_proxy,main,,0,0train,target,False,,,,,,
8,bnci004,MMP_merge_then_adapt,TS,svm_radial,pt,22,0,0,25695,0.05,no_leakage_v1_alpha005,gate_all_sources_proxy_source_only_final_training_only,mmd,,,,,merge_then_adapt,coral,near_nearest_proxy,final,,0,0train,target,False,,,,,,
8,bnci004,MMP_merge_then_adapt,TS,svm_radial,pt,22,1,1,25726,0.05,no_leakage_v1_alpha005,gate_all_sources_proxy_source_only_final_training_only,mmd,,,,,merge_then_adapt,coral,near_nearest_proxy,main,0.0,0,0train,nearest,True,0.41358828132817194,1.0,direct,0.050880860355271264,0.03576353458362727,0.07383875911131861
8,bnci004,MMP_merge_then_adapt,TS,svm_radial,pt,22,1,1,25726,0.05,no_leakage_v1_alpha005,gate_all_sources_proxy_source_only_final_training_only,mmd,,,,,merge_then_adapt,coral,near_nearest_proxy,anchor,0.0,0,0train,target,False,,1.0,direct,0.050880860355271264,0.03576353458362727,0.07383875911131861
8,bnci004,MMP_merge_then_adapt,TS,svm_radial,pt,22,1,1,25726,0.05,no_leakage_v1_alpha005,gate_all_sources_proxy_source_only_final_training_only,mmd,,,,,merge_then_adapt,coral,near_nearest_proxy,final,0.0,0,0train,train,True,0.41358828132817194,1.0,direct,0.050880860355271264,0.03576353458362727,0.07383875911131861
8,bnci004,MMP_merge_then_adapt,TS,svm_radial,pt,22,1,1,25726,0.05,no_leakage_v1_alpha005,gate_all_sources_proxy_source_only_final_training_only,mmd,,,,,merge_then_adapt,coral,near_nearest_proxy,main,1.0,2,2train,near,False,0.27747112513479355,1.0,direct,0.07584163467016106,0.05322821187345385,0.103404799928689
8,bnci004,MMP_merge_then_adapt,TS,svm_radial,pt,22,1,1,25726,0.05,no_leakage_v1_alpha005,gate_all_sources_proxy_source_only_final_training_only,mmd,,,,,merge_then_adapt,coral,near_nearest_proxy,anchor,1.0,2,2train,proxy_source,False,0.4731677698447802,1.0,direct,0.07584163467016106,0.05322821187345385,0.103404799928689
8,bnci004,MMP_merge_then_adapt,TS,svm_radial,pt,22,1,1,25726,0.05,no_leakage_v1_alpha005,gate_all_sources_proxy_source_only_final_training_only,mmd,,,,,merge_then_adapt,coral,near_nearest_proxy,final,1.0,2,2train,train,False,0.27747112513479355,1.0,direct,0.07584163467016106,0.05322821187345385,0.103404799928689
8,bnci004,MMP_merge_then_adapt,TS,svm_radial,pt,22,1,1,25726,0.05,no_leakage_v1_alpha005,gate_all_sources_proxy_source_only_final_training_only,mmd,,,,,merge_then_adapt,coral,near_nearest_proxy,main,2.0,3,3test,near,False,0.3089405935370345,1.0,direct,0.06811611253022502,0.045009618531623365,0.09353096439491505
8,bnci004,MMP_merge_then_adapt,TS,svm_radial,pt,22,1,1,25726,0.05,no_leakage_v1_alpha005,gate_all_sources_proxy_source_only_final_training_only,mmd,,,,,merge_then_adapt,coral,near_nearest_proxy,anchor,2.0,3,3test,proxy_source,False,0.5268322301552197,1.0,direct,0.06811611253022502,0.045009618531623365,0.09353096439491505
8,bnci004,MMP_merge_then_adapt,TS,svm_radial,pt,22,1,1,25726,0.05,no_leakage_v1_alpha005,gate_all_sources_proxy_source_only_final_training_only,mmd,,,,,merge_then_adapt,coral,near_nearest_proxy,final,2.0,3,3test,train,False,0.3089405935370345,1.0,direct,0.06811611253022502,0.045009618531623365,0.09353096439491505
8,bnci004,MMP_merge_then_adapt,TS,svm_radial,pt,22,1,1,25726,0.05,no_leakage_v1_alpha005,gate_all_sources_proxy_source_only_final_training_only,mmd,,,,,merge_then_adapt,coral,near_nearest_proxy,main,3.0,4,4test,far,False,,1.0,direct,0.1303941947076597,0.10701353603111781,0.16214951188658022
8,bnci004,MMP_merge_then_adapt,TS,svm_radial,pt,22,1,1,25726,0.05,no_leakage_v1_alpha005,gate_all_sources_proxy_source_only_final_training_only,mmd,,,,,merge_then_adapt,coral,near_nearest_proxy,anchor,3.0,4,4test,not_used,False,,1.0,direct,0.1303941947076597,0.10701353603111781,0.16214951188658022
8,bnci004,MMP_merge_then_adapt,TS,svm_radial,pt,22,1,1,25726,0.05,no_leakage_v1_alpha005,gate_all_sources_proxy_source_only_final_training_only,mmd,,,,,merge_then_adapt,coral,near_nearest_proxy,final,3.0,4,4test,not_used,False,,1.0,direct,0.1303941947076597,0.10701353603111781,0.16214951188658022
8,bnci004,MMP_merge_then_adapt,TS,svm_radial,pt,22,1,1,25726,0.05,no_leakage_v1_alpha005,gate_all_sources_proxy_source_only_final_training_only,mmd,,,,,merge_then_adapt,coral,near_nearest_proxy,main,,1,1train,target,False,,,,,,
8,bnci004,MMP_merge_then_adapt,TS,svm_radial,pt,22,1,1,25726,0.05,no_leakage_v1_alpha005,gate_all_sources_proxy_source_only_final_training_only,mmd,,,,,merge_then_adapt,coral,near_nearest_proxy,final,,1,1train,target,False,,,,,,
8,bnci004,MMP_merge_then_adapt,TS,svm_radial,pt,22,2,2,25757,0.05,no_leakage_v1_alpha005,gate_all_sources_proxy_source_only_final_training_only,mmd,,,,,merge_then_adapt,coral,near_nearest_proxy,main,0.0,0,0train,far,False,,2.0,direct,0.1106727094775977,0.08859774587738059,0.13717622959360656
8,bnci004,MMP_merge_then_adapt,TS,svm_radial,pt,22,2,2,25757,0.05,no_leakage_v1_alpha005,gate_all_sources_proxy_source_only_final_training_only,mmd,,,,,merge_then_adapt,coral,near_nearest_proxy,anchor,0.0,0,0train,not_used,False,,2.0,direct,0.1106727094775977,0.08859774587738059,0.13717622959360656
8,bnci004,MMP_merge_then_adapt,TS,svm_radial,pt,22,2,2,25757,0.05,no_leakage_v1_alpha005,gate_all_sources_proxy_source_only_final_training_only,mmd,,,,,merge_then_adapt,coral,near_nearest_proxy,final,0.0,0,0train,not_used,False,,2.0,direct,0.1106727094775977,0.08859774587738059,0.13717622959360656
8,bnci004,MMP_merge_then_adapt,TS,svm_radial,pt,22,2,2,25757,0.05,no_leakage_v1_alpha005,gate_all_sources_proxy_source_only_final_training_only,mmd,,,,,merge_then_adapt,coral,near_nearest_proxy,main,1.0,1,1train,near,False,0.34896272977123727,2.0,direct,0.06373902164952773,0.04947221928048627,0.08397914737183784
8,bnci004,MMP_merge_then_adapt,TS,svm_radial,pt,22,2,2,25757,0.05,no_leakage_v1_alpha005,gate_all_sources_proxy_source_only_final_training_only,mmd,,,,,merge_then_adapt,coral,near_nearest_proxy,anchor,1.0,1,1train,proxy_source,False,0.547621922377696,2.0,direct,0.06373902164952773,0.04947221928048627,0.08397914737183784
8,bnci004,MMP_merge_then_adapt,TS,svm_radial,pt,22,2,2,25757,0.05,no_leakage_v1_alpha005,gate_all_sources_proxy_source_only_final_training_only,mmd,,,,,merge_then_adapt,coral,near_nearest_proxy,final,1.0,1,1train,train,False,0.34896272977123727,2.0,direct,0.06373902164952773,0.04947221928048627,0.08397914737183784
8,bnci004,MMP_merge_then_adapt,TS,svm_radial,pt,22,2,2,25757,0.05,no_leakage_v1_alpha005,gate_all_sources_proxy_source_only_final_training_only,mmd,,,,,merge_then_adapt,coral,near_nearest_proxy,main,2.0,3,3test,nearest,True,0.36276705604463205,2.0,direct,0.06131353112920034,0.03976820168730328,0.08389466632172797
8,bnci004,MMP_merge_then_adapt,TS,svm_radial,pt,22,2,2,25757,0.05,no_leakage_v1_alpha005,gate_all_sources_proxy_source_only_final_training_only,mmd,,,,,merge_then_adapt,coral,near_nearest_proxy,anchor,2.0,3,3test,target,False,,2.0,direct,0.06131353112920034,0.03976820168730328,0.08389466632172797
8,bnci004,MMP_merge_then_adapt,TS,svm_radial,pt,22,2,2,25757,0.05,no_leakage_v1_alpha005,gate_all_sources_proxy_source_only_final_training_only,mmd,,,,,merge_then_adapt,coral,near_nearest_proxy,final,2.0,3,3test,train,True,0.36276705604463205,2.0,direct,0.06131353112920034,0.03976820168730328,0.08389466632172797
8,bnci004,MMP_merge_then_adapt,TS,svm_radial,pt,22,2,2,25757,0.05,no_leakage_v1_alpha005,gate_all_sources_proxy_source_only_final_training_only,mmd,,,,,merge_then_adapt,coral,near_nearest_proxy,main,3.0,4,4test,near,False,0.2882702141841306,2.0,direct,0.07715886895645577,0.061610088670132415,0.0954562790813489
8,bnci004,MMP_merge_then_adapt,TS,svm_radial,pt,22,2,2,25757,0.05,no_leakage_v1_alpha005,gate_all_sources_proxy_source_only_final_training_only,mmd,,,,,merge_then_adapt,coral,near_nearest_proxy,anchor,3.0,4,4test,proxy_source,False,0.45237807762230386,2.0,direct,0.07715886895645577,0.061610088670132415,0.0954562790813489
8,bnci004,MMP_merge_then_adapt,TS,svm_radial,pt,22,2,2,25757,0.05,no_leakage_v1_alpha005,gate_all_sources_proxy_source_only_final_training_only,mmd,,,,,merge_then_adapt,coral,near_nearest_proxy,final,3.0,4,4test,train,False,0.2882702141841306,2.0,direct,0.07715886895645577,0.061610088670132415,0.0954562790813489
8,bnci004,MMP_merge_then_adapt,TS,svm_radial,pt,22,2,2,25757,0.05,no_leakage_v1_alpha005,gate_all_sources_proxy_source_only_final_training_only,mmd,,,,,merge_then_adapt,coral,near_nearest_proxy,main,,2,2train,target,False,,,,,,
8,bnci004,MMP_merge_then_adapt,TS,svm_radial,pt,22,2,2,25757,0.05,no_leakage_v1_alpha005,gate_all_sources_proxy_source_only_final_training_only,mmd,,,,,merge_then_adapt,coral,near_nearest_proxy,final,,2,2train,target,False,,,,,,
8,bnci004,MMP_merge_then_adapt,TS,svm_radial,pt,22,3,3,25788,0.05,no_leakage_v1_alpha005,gate_all_sources_proxy_source_only_final_training_only,mmd,,,,,merge_then_adapt,coral,near_nearest_proxy,main,0.0,0,0train,near,False,0.2809025459090771,3.0,direct,0.08398072539886091,0.0632740317958304,0.10676823885336269
8,bnci004,MMP_merge_then_adapt,TS,svm_radial,pt,22,3,3,25788,0.05,no_leakage_v1_alpha005,gate_all_sources_proxy_source_only_final_training_only,mmd,,,,,merge_then_adapt,coral,near_nearest_proxy,anchor,0.0,0,0train,proxy_source,False,0.455663780333548,3.0,direct,0.08398072539886091,0.0632740317958304,0.10676823885336269
8,bnci004,MMP_merge_then_adapt,TS,svm_radial,pt,22,3,3,25788,0.05,no_leakage_v1_alpha005,gate_all_sources_proxy_source_only_final_training_only,mmd,,,,,merge_then_adapt,coral,near_nearest_proxy,final,0.0,0,0train,train,False,0.2809025459090771,3.0,direct,0.08398072539886091,0.0632740317958304,0.10676823885336269
8,bnci004,MMP_merge_then_adapt,TS,svm_radial,pt,22,3,3,25788,0.05,no_leakage_v1_alpha005,gate_all_sources_proxy_source_only_final_training_only,mmd,,,,,merge_then_adapt,coral,near_nearest_proxy,main,1.0,1,1train,nearest,True,0.3835311077315491,3.0,direct,0.06150817096114462,0.04041750671999519,0.08869133942361535
8,bnci004,MMP_merge_then_adapt,TS,svm_radial,pt,22,3,3,25788,0.05,no_leakage_v1_alpha005,gate_all_sources_proxy_source_only_final_training_only,mmd,,,,,merge_then_adapt,coral,near_nearest_proxy,anchor,1.0,1,1train,target,False,,3.0,direct,0.06150817096114462,0.04041750671999519,0.08869133942361535
8,bnci004,MMP_merge_then_adapt,TS,svm_radial,pt,22,3,3,25788,0.05,no_leakage_v1_alpha005,gate_all_sources_proxy_source_only_final_training_only,mmd,,,,,merge_then_adapt,coral,near_nearest_proxy,final,1.0,1,1train,train,True,0.3835311077315491,3.0,direct,0.06150817096114462,0.04041750671999519,0.08869133942361535
8,bnci004,MMP_merge_then_adapt,TS,svm_radial,pt,22,3,3,25788,0.05,no_leakage_v1_alpha005,gate_all_sources_proxy_source_only_final_training_only,mmd,,,,,merge_then_adapt,coral,near_nearest_proxy,main,2.0,2,2train,near,False,0.3355663463593738,3.0,direct,0.07030009166284708,0.04307786998536044,0.10460327131156077
8,bnci004,MMP_merge_then_adapt,TS,svm_radial,pt,22,3,3,25788,0.05,no_leakage_v1_alpha005,gate_all_sources_proxy_source_only_final_training_only,mmd,,,,,merge_then_adapt,coral,near_nearest_proxy,anchor,2.0,2,2train,proxy_source,False,0.544336219666452,3.0,direct,0.07030009166284708,0.04307786998536044,0.10460327131156077
8,bnci004,MMP_merge_then_adapt,TS,svm_radial,pt,22,3,3,25788,0.05,no_leakage_v1_alpha005,gate_all_sources_proxy_source_only_final_training_only,mmd,,,,,merge_then_adapt,coral,near_nearest_proxy,final,2.0,2,2train,train,False,0.3355663463593738,3.0,direct,0.07030009166284708,0.04307786998536044,0.10460327131156077
8,bnci004,MMP_merge_then_adapt,TS,svm_radial,pt,22,3,3,25788,0.05,no_leakage_v1_alpha005,gate_all_sources_proxy_source_only_final_training_only,mmd,,,,,merge_then_adapt,coral,near_nearest_proxy,main,3.0,4,4test,far,False,,3.0,direct,0.13747921201420088,0.10384969289729598,0.1727645430274041
8,bnci004,MMP_merge_then_adapt,TS,svm_radial,pt,22,3,3,25788,0.05,no_leakage_v1_alpha005,gate_all_sources_proxy_source_only_final_training_only,mmd,,,,,merge_then_adapt,coral,near_nearest_proxy,anchor,3.0,4,4test,not_used,False,,3.0,direct,0.13747921201420088,0.10384969289729598,0.1727645430274041
8,bnci004,MMP_merge_then_adapt,TS,svm_radial,pt,22,3,3,25788,0.05,no_leakage_v1_alpha005,gate_all_sources_proxy_source_only_final_training_only,mmd,,,,,merge_then_adapt,coral,near_nearest_proxy,final,3.0,4,4test,not_used,False,,3.0,direct,0.13747921201420088,0.10384969289729598,0.1727645430274041
8,bnci004,MMP_merge_then_adapt,TS,svm_radial,pt,22,3,3,25788,0.05,no_leakage_v1_alpha005,gate_all_sources_proxy_source_only_final_training_only,mmd,,,,,merge_then_adapt,coral,near_nearest_proxy,main,,3,3test,target,False,,,,,,
8,bnci004,MMP_merge_then_adapt,TS,svm_radial,pt,22,3,3,25788,0.05,no_leakage_v1_alpha005,gate_all_sources_proxy_source_only_final_training_only,mmd,,,,,merge_then_adapt,coral,near_nearest_proxy,final,,3,3test,target,False,,,,,,
8,bnci004,MMP_merge_then_adapt,TS,svm_radial,pt,22,4,4,25819,0.05,no_leakage_v1_alpha005,gate_all_sources_proxy_source_only_final_training_only,mmd,,,,,merge_then_adapt,coral,near_nearest_proxy,main,0.0,0,0train,far,False,,4.0,direct,0.14540830134095337,0.12864604431129822,0.16734211858181647
8,bnci004,MMP_merge_then_adapt,TS,svm_radial,pt,22,4,4,25819,0.05,no_leakage_v1_alpha005,gate_all_sources_proxy_source_only_final_training_only,mmd,,,,,merge_then_adapt,coral,near_nearest_proxy,anchor,0.0,0,0train,not_used,False,,4.0,direct,0.14540830134095337,0.12864604431129822,0.16734211858181647
8,bnci004,MMP_merge_then_adapt,TS,svm_radial,pt,22,4,4,25819,0.05,no_leakage_v1_alpha005,gate_all_sources_proxy_source_only_final_training_only,mmd,,,,,merge_then_adapt,coral,near_nearest_proxy,final,0.0,0,0train,not_used,False,,4.0,direct,0.14540830134095337,0.12864604431129822,0.16734211858181647
8,bnci004,MMP_merge_then_adapt,TS,svm_radial,pt,22,4,4,25819,0.05,no_leakage_v1_alpha005,gate_all_sources_proxy_source_only_final_training_only,mmd,,,,,merge_then_adapt,coral,near_nearest_proxy,main,1.0,1,1train,near,False,0.29006310797706986,4.0,direct,0.11042887682943381,0.0926264777557814,0.13163609666288972
8,bnci004,MMP_merge_then_adapt,TS,svm_radial,pt,22,4,4,25819,0.05,no_leakage_v1_alpha005,gate_all_sources_proxy_source_only_final_training_only,mmd,,,,,merge_then_adapt,coral,near_nearest_proxy,anchor,1.0,1,1train,proxy_source,False,0.5077226139129597,4.0,direct,0.11042887682943381,0.0926264777557814,0.13163609666288972
8,bnci004,MMP_merge_then_adapt,TS,svm_radial,pt,22,4,4,25819,0.05,no_leakage_v1_alpha005,gate_all_sources_proxy_source_only_final_training_only,mmd,,,,,merge_then_adapt,coral,near_nearest_proxy,final,1.0,1,1train,train,False,0.29006310797706986,4.0,direct,0.11042887682943381,0.0926264777557814,0.13163609666288972
8,bnci004,MMP_merge_then_adapt,TS,svm_radial,pt,22,4,4,25819,0.05,no_leakage_v1_alpha005,gate_all_sources_proxy_source_only_final_training_only,mmd,,,,,merge_then_adapt,coral,near_nearest_proxy,main,2.0,2,2train,nearest,True,0.4286976785580084,4.0,direct,0.0747174668562097,0.05809281927826498,0.09300036966839578
8,bnci004,MMP_merge_then_adapt,TS,svm_radial,pt,22,4,4,25819,0.05,no_leakage_v1_alpha005,gate_all_sources_proxy_source_only_final_training_only,mmd,,,,,merge_then_adapt,coral,near_nearest_proxy,anchor,2.0,2,2train,target,False,,4.0,direct,0.0747174668562097,0.05809281927826498,0.09300036966839578
8,bnci004,MMP_merge_then_adapt,TS,svm_radial,pt,22,4,4,25819,0.05,no_leakage_v1_alpha005,gate_all_sources_proxy_source_only_final_training_only,mmd,,,,,merge_then_adapt,coral,near_nearest_proxy,final,2.0,2,2train,train,True,0.4286976785580084,4.0,direct,0.0747174668562097,0.05809281927826498,0.09300036966839578
8,bnci004,MMP_merge_then_adapt,TS,svm_radial,pt,22,4,4,25819,0.05,no_leakage_v1_alpha005,gate_all_sources_proxy_source_only_final_training_only,mmd,,,,,merge_then_adapt,coral,near_nearest_proxy,main,3.0,3,3test,near,False,0.2812392134649217,4.0,direct,0.11389361978660319,0.0892554855725033,0.14055539860148208
8,bnci004,MMP_merge_then_adapt,TS,svm_radial,pt,22,4,4,25819,0.05,no_leakage_v1_alpha005,gate_all_sources_proxy_source_only_final_training_only,mmd,,,,,merge_then_adapt,coral,near_nearest_proxy,anchor,3.0,3,3test,proxy_source,False,0.4922773860870403,4.0,direct,0.11389361978660319,0.0892554855725033,0.14055539860148208
8,bnci004,MMP_merge_then_adapt,TS,svm_radial,pt,22,4,4,25819,0.05,no_leakage_v1_alpha005,gate_all_sources_proxy_source_only_final_training_only,mmd,,,,,merge_then_adapt,coral,near_nearest_proxy,final,3.0,3,3test,train,False,0.2812392134649217,4.0,direct,0.11389361978660319,0.0892554855725033,0.14055539860148208
8,bnci004,MMP_merge_then_adapt,TS,svm_radial,pt,22,4,4,25819,0.05,no_leakage_v1_alpha005,gate_all_sources_proxy_source_only_final_training_only,mmd,,,,,merge_then_adapt,coral,near_nearest_proxy,main,,4,4test,target,False,,,,,,
8,bnci004,MMP_merge_then_adapt,TS,svm_radial,pt,22,4,4,25819,0.05,no_leakage_v1_alpha005,gate_all_sources_proxy_source_only_final_training_only,mmd,,,,,merge_then_adapt,coral,near_nearest_proxy,final,,4,4test,target,False,,,,,,
8,bnci004,MMP_merge_then_adapt,TS,svm_radial,coral,23,0,0,26692,0.05,no_leakage_v1_alpha005,gate_all_sources_proxy_source_only_final_training_only,mmd,,,,,merge_then_adapt,coral,near_nearest_proxy,main,0.0,1,1train,nearest,True,1.0,0.0,direct,0.048711210049824843,0.030727305482191745,0.07590374822586582
8,bnci004,MMP_merge_then_adapt,TS,svm_radial,coral,23,0,0,26692,0.05,no_leakage_v1_alpha005,gate_all_sources_proxy_source_only_final_training_only,mmd,,,,,merge_then_adapt,coral,near_nearest_proxy,anchor,0.0,1,1train,target,False,,0.0,direct,0.048711210049824843,0.030727305482191745,0.07590374822586582
8,bnci004,MMP_merge_then_adapt,TS,svm_radial,coral,23,0,0,26692,0.05,no_leakage_v1_alpha005,gate_all_sources_proxy_source_only_final_training_only,mmd,,,,,merge_then_adapt,coral,near_nearest_proxy,final,0.0,1,1train,train,True,1.0,0.0,direct,0.048711210049824843,0.030727305482191745,0.07590374822586582
8,bnci004,MMP_merge_then_adapt,TS,svm_radial,coral,23,0,0,26692,0.05,no_leakage_v1_alpha005,gate_all_sources_proxy_source_only_final_training_only,mmd,,,,,merge_then_adapt,coral,near_nearest_proxy,main,1.0,2,2train,far,False,,0.0,direct,0.15393128794263913,0.1224456259681311,0.18657093131202263
8,bnci004,MMP_merge_then_adapt,TS,svm_radial,coral,23,0,0,26692,0.05,no_leakage_v1_alpha005,gate_all_sources_proxy_source_only_final_training_only,mmd,,,,,merge_then_adapt,coral,near_nearest_proxy,anchor,1.0,2,2train,not_used,False,,0.0,direct,0.15393128794263913,0.1224456259681311,0.18657093131202263
8,bnci004,MMP_merge_then_adapt,TS,svm_radial,coral,23,0,0,26692,0.05,no_leakage_v1_alpha005,gate_all_sources_proxy_source_only_final_training_only,mmd,,,,,merge_then_adapt,coral,near_nearest_proxy,final,1.0,2,2train,not_used,False,,0.0,direct,0.15393128794263913,0.1224456259681311,0.18657093131202263
8,bnci004,MMP_merge_then_adapt,TS,svm_radial,coral,23,0,0,26692,0.05,no_leakage_v1_alpha005,gate_all_sources_proxy_source_only_final_training_only,mmd,,,,,merge_then_adapt,coral,near_nearest_proxy,main,2.0,3,3test,far,False,,0.0,direct,0.10505997876153245,0.08143911179629287,0.13886786815934404
8,bnci004,MMP_merge_then_adapt,TS,svm_radial,coral,23,0,0,26692,0.05,no_leakage_v1_alpha005,gate_all_sources_proxy_source_only_final_training_only,mmd,,,,,merge_then_adapt,coral,near_nearest_proxy,anchor,2.0,3,3test,second_nearest_fallback_source,False,1.0,0.0,direct,0.10505997876153245,0.08143911179629287,0.13886786815934404
8,bnci004,MMP_merge_then_adapt,TS,svm_radial,coral,23,0,0,26692,0.05,no_leakage_v1_alpha005,gate_all_sources_proxy_source_only_final_training_only,mmd,,,,,merge_then_adapt,coral,near_nearest_proxy,final,2.0,3,3test,not_used,False,,0.0,direct,0.10505997876153245,0.08143911179629287,0.13886786815934404
8,bnci004,MMP_merge_then_adapt,TS,svm_radial,coral,23,0,0,26692,0.05,no_leakage_v1_alpha005,gate_all_sources_proxy_source_only_final_training_only,mmd,,,,,merge_then_adapt,coral,near_nearest_proxy,main,3.0,4,4test,far,False,,0.0,direct,0.21134519658810114,0.18122759989762546,0.245712361604219
8,bnci004,MMP_merge_then_adapt,TS,svm_radial,coral,23,0,0,26692,0.05,no_leakage_v1_alpha005,gate_all_sources_proxy_source_only_final_training_only,mmd,,,,,merge_then_adapt,coral,near_nearest_proxy,anchor,3.0,4,4test,not_used,False,,0.0,direct,0.21134519658810114,0.18122759989762546,0.245712361604219
8,bnci004,MMP_merge_then_adapt,TS,svm_radial,coral,23,0,0,26692,0.05,no_leakage_v1_alpha005,gate_all_sources_proxy_source_only_final_training_only,mmd,,,,,merge_then_adapt,coral,near_nearest_proxy,final,3.0,4,4test,not_used,False,,0.0,direct,0.21134519658810114,0.18122759989762546,0.245712361604219
8,bnci004,MMP_merge_then_adapt,TS,svm_radial,coral,23,0,0,26692,0.05,no_leakage_v1_alpha005,gate_all_sources_proxy_source_only_final_training_only,mmd,,,,,merge_then_adapt,coral,near_nearest_proxy,main,,0,0train,target,False,,,,,,
8,bnci004,MMP_merge_then_adapt,TS,svm_radial,coral,23,0,0,26692,0.05,no_leakage_v1_alpha005,gate_all_sources_proxy_source_only_final_training_only,mmd,,,,,merge_then_adapt,coral,near_nearest_proxy,final,,0,0train,target,False,,,,,,
8,bnci004,MMP_merge_then_adapt,TS,svm_radial,coral,23,1,1,26723,0.05,no_leakage_v1_alpha005,gate_all_sources_proxy_source_only_final_training_only,mmd,,,,,merge_then_adapt,coral,near_nearest_proxy,main,0.0,0,0train,nearest,True,0.4132482810976514,1.0,direct,0.05099934148934031,0.034738452129862325,0.07432331144604382
8,bnci004,MMP_merge_then_adapt,TS,svm_radial,coral,23,1,1,26723,0.05,no_leakage_v1_alpha005,gate_all_sources_proxy_source_only_final_training_only,mmd,,,,,merge_then_adapt,coral,near_nearest_proxy,anchor,0.0,0,0train,target,False,,1.0,direct,0.05099934148934031,0.034738452129862325,0.07432331144604382
8,bnci004,MMP_merge_then_adapt,TS,svm_radial,coral,23,1,1,26723,0.05,no_leakage_v1_alpha005,gate_all_sources_proxy_source_only_final_training_only,mmd,,,,,merge_then_adapt,coral,near_nearest_proxy,final,0.0,0,0train,train,True,0.4132482810976514,1.0,direct,0.05099934148934031,0.034738452129862325,0.07432331144604382
8,bnci004,MMP_merge_then_adapt,TS,svm_radial,coral,23,1,1,26723,0.05,no_leakage_v1_alpha005,gate_all_sources_proxy_source_only_final_training_only,mmd,,,,,merge_then_adapt,coral,near_nearest_proxy,main,1.0,2,2train,near,False,0.2835409903733413,1.0,direct,0.07432971115436393,0.0530475515619453,0.10202120516581029
8,bnci004,MMP_merge_then_adapt,TS,svm_radial,coral,23,1,1,26723,0.05,no_leakage_v1_alpha005,gate_all_sources_proxy_source_only_final_training_only,mmd,,,,,merge_then_adapt,coral,near_nearest_proxy,anchor,1.0,2,2train,proxy_source,False,0.4832384486299735,1.0,direct,0.07432971115436393,0.0530475515619453,0.10202120516581029
8,bnci004,MMP_merge_then_adapt,TS,svm_radial,coral,23,1,1,26723,0.05,no_leakage_v1_alpha005,gate_all_sources_proxy_source_only_final_training_only,mmd,,,,,merge_then_adapt,coral,near_nearest_proxy,final,1.0,2,2train,train,False,0.2835409903733413,1.0,direct,0.07432971115436393,0.0530475515619453,0.10202120516581029
8,bnci004,MMP_merge_then_adapt,TS,svm_radial,coral,23,1,1,26723,0.05,no_leakage_v1_alpha005,gate_all_sources_proxy_source_only_final_training_only,mmd,,,,,merge_then_adapt,coral,near_nearest_proxy,main,2.0,3,3test,near,False,0.3032107285290074,1.0,direct,0.06950776559714755,0.04477653935027017,0.10229768252334441
8,bnci004,MMP_merge_then_adapt,TS,svm_radial,coral,23,1,1,26723,0.05,no_leakage_v1_alpha005,gate_all_sources_proxy_source_only_final_training_only,mmd,,,,,merge_then_adapt,coral,near_nearest_proxy,anchor,2.0,3,3test,proxy_source,False,0.5167615513700264,1.0,direct,0.06950776559714755,0.04477653935027017,0.10229768252334441
8,bnci004,MMP_merge_then_adapt,TS,svm_radial,coral,23,1,1,26723,0.05,no_leakage_v1_alpha005,gate_all_sources_proxy_source_only_final_training_only,mmd,,,,,merge_then_adapt,coral,near_nearest_proxy,final,2.0,3,3test,train,False,0.3032107285290074,1.0,direct,0.06950776559714755,0.04477653935027017,0.10229768252334441
8,bnci004,MMP_merge_then_adapt,TS,svm_radial,coral,23,1,1,26723,0.05,no_leakage_v1_alpha005,gate_all_sources_proxy_source_only_final_training_only,mmd,,,,,merge_then_adapt,coral,near_nearest_proxy,main,3.0,4,4test,far,False,,1.0,direct,0.13076183869946706,0.10703119055304898,0.1617194167082508
8,bnci004,MMP_merge_then_adapt,TS,svm_radial,coral,23,1,1,26723,0.05,no_leakage_v1_alpha005,gate_all_sources_proxy_source_only_final_training_only,mmd,,,,,merge_then_adapt,coral,near_nearest_proxy,anchor,3.0,4,4test,not_used,False,,1.0,direct,0.13076183869946706,0.10703119055304898,0.1617194167082508
8,bnci004,MMP_merge_then_adapt,TS,svm_radial,coral,23,1,1,26723,0.05,no_leakage_v1_alpha005,gate_all_sources_proxy_source_only_final_training_only,mmd,,,,,merge_then_adapt,coral,near_nearest_proxy,final,3.0,4,4test,not_used,False,,1.0,direct,0.13076183869946706,0.10703119055304898,0.1617194167082508
8,bnci004,MMP_merge_then_adapt,TS,svm_radial,coral,23,1,1,26723,0.05,no_leakage_v1_alpha005,gate_all_sources_proxy_source_only_final_training_only,mmd,,,,,merge_then_adapt,coral,near_nearest_proxy,main,,1,1train,target,False,,,,,,
8,bnci004,MMP_merge_then_adapt,TS,svm_radial,coral,23,1,1,26723,0.05,no_leakage_v1_alpha005,gate_all_sources_proxy_source_only_final_training_only,mmd,,,,,merge_then_adapt,coral,near_nearest_proxy,final,,1,1train,target,False,,,,,,
8,bnci004,MMP_merge_then_adapt,TS,svm_radial,coral,23,2,2,26754,0.05,no_leakage_v1_alpha005,gate_all_sources_proxy_source_only_final_training_only,mmd,,,,,merge_then_adapt,coral,near_nearest_proxy,main,0.0,0,0train,near,False,0.16861665107644228,2.0,direct,0.11034706592426115,0.08927780808395437,0.1315427178027013
8,bnci004,MMP_merge_then_adapt,TS,svm_radial,coral,23,2,2,26754,0.05,no_leakage_v1_alpha005,gate_all_sources_proxy_source_only_final_training_only,mmd,,,,,merge_then_adapt,coral,near_nearest_proxy,anchor,0.0,0,0train,proxy_source,False,0.24191316941160274,2.0,direct,0.11034706592426115,0.08927780808395437,0.1315427178027013
8,bnci004,MMP_merge_then_adapt,TS,svm_radial,coral,23,2,2,26754,0.05,no_leakage_v1_alpha005,gate_all_sources_proxy_source_only_final_training_only,mmd,,,,,merge_then_adapt,coral,near_nearest_proxy,final,0.0,0,0train,train,False,0.16861665107644228,2.0,direct,0.11034706592426115,0.08927780808395437,0.1315427178027013
8,bnci004,MMP_merge_then_adapt,TS,svm_radial,coral,23,2,2,26754,0.05,no_leakage_v1_alpha005,gate_all_sources_proxy_source_only_final_training_only,mmd,,,,,merge_then_adapt,coral,near_nearest_proxy,main,1.0,1,1train,near,False,0.28743245633081715,2.0,direct,0.06473254319978543,0.050105782061954623,0.08532407584121217
8,bnci004,MMP_merge_then_adapt,TS,svm_radial,coral,23,2,2,26754,0.05,no_leakage_v1_alpha005,gate_all_sources_proxy_source_only_final_training_only,mmd,,,,,merge_then_adapt,coral,near_nearest_proxy,anchor,1.0,1,1train,proxy_source,False,0.4123774019875831,2.0,direct,0.06473254319978543,0.050105782061954623,0.08532407584121217
8,bnci004,MMP_merge_then_adapt,TS,svm_radial,coral,23,2,2,26754,0.05,no_leakage_v1_alpha005,gate_all_sources_proxy_source_only_final_training_only,mmd,,,,,merge_then_adapt,coral,near_nearest_proxy,final,1.0,1,1train,train,False,0.28743245633081715,2.0,direct,0.06473254319978543,0.050105782061954623,0.08532407584121217
8,bnci004,MMP_merge_then_adapt,TS,svm_radial,coral,23,2,2,26754,0.05,no_leakage_v1_alpha005,gate_all_sources_proxy_source_only_final_training_only,mmd,,,,,merge_then_adapt,coral,near_nearest_proxy,main,2.0,3,3test,nearest,True,0.30298688787153305,2.0,direct,0.06140931864322983,0.04230347268369051,0.09007854186604733
8,bnci004,MMP_merge_then_adapt,TS,svm_radial,coral,23,2,2,26754,0.05,no_leakage_v1_alpha005,gate_all_sources_proxy_source_only_final_training_only,mmd,,,,,merge_then_adapt,coral,near_nearest_proxy,anchor,2.0,3,3test,target,False,,2.0,direct,0.06140931864322983,0.04230347268369051,0.09007854186604733
8,bnci004,MMP_merge_then_adapt,TS,svm_radial,coral,23,2,2,26754,0.05,no_leakage_v1_alpha005,gate_all_sources_proxy_source_only_final_training_only,mmd,,,,,merge_then_adapt,coral,near_nearest_proxy,final,2.0,3,3test,train,True,0.30298688787153305,2.0,direct,0.06140931864322983,0.04230347268369051,0.09007854186604733
8,bnci004,MMP_merge_then_adapt,TS,svm_radial,coral,23,2,2,26754,0.05,no_leakage_v1_alpha005,gate_all_sources_proxy_source_only_final_training_only,mmd,,,,,merge_then_adapt,coral,near_nearest_proxy,main,3.0,4,4test,near,False,0.24096400472120752,2.0,direct,0.07721601567185901,0.06161412153470518,0.09736240589955109
8,bnci004,MMP_merge_then_adapt,TS,svm_radial,coral,23,2,2,26754,0.05,no_leakage_v1_alpha005,gate_all_sources_proxy_source_only_final_training_only,mmd,,,,,merge_then_adapt,coral,near_nearest_proxy,anchor,3.0,4,4test,proxy_source,False,0.34570942860081416,2.0,direct,0.07721601567185901,0.06161412153470518,0.09736240589955109
8,bnci004,MMP_merge_then_adapt,TS,svm_radial,coral,23,2,2,26754,0.05,no_leakage_v1_alpha005,gate_all_sources_proxy_source_only_final_training_only,mmd,,,,,merge_then_adapt,coral,near_nearest_proxy,final,3.0,4,4test,train,False,0.24096400472120752,2.0,direct,0.07721601567185901,0.06161412153470518,0.09736240589955109
8,bnci004,MMP_merge_then_adapt,TS,svm_radial,coral,23,2,2,26754,0.05,no_leakage_v1_alpha005,gate_all_sources_proxy_source_only_final_training_only,mmd,,,,,merge_then_adapt,coral,near_nearest_proxy,main,,2,2train,target,False,,,,,,
8,bnci004,MMP_merge_then_adapt,TS,svm_radial,coral,23,2,2,26754,0.05,no_leakage_v1_alpha005,gate_all_sources_proxy_source_only_final_training_only,mmd,,,,,merge_then_adapt,coral,near_nearest_proxy,final,,2,2train,target,False,,,,,,
8,bnci004,MMP_merge_then_adapt,TS,svm_radial,coral,23,3,3,26785,0.05,no_leakage_v1_alpha005,gate_all_sources_proxy_source_only_final_training_only,mmd,,,,,merge_then_adapt,coral,near_nearest_proxy,main,0.0,0,0train,near,False,0.2865241492635877,3.0,direct,0.08300562287921347,0.06595831067491184,0.10842682381888988
8,bnci004,MMP_merge_then_adapt,TS,svm_radial,coral,23,3,3,26785,0.05,no_leakage_v1_alpha005,gate_all_sources_proxy_source_only_final_training_only,mmd,,,,,merge_then_adapt,coral,near_nearest_proxy,anchor,0.0,0,0train,proxy_source,False,0.459400105395651,3.0,direct,0.08300562287921347,0.06595831067491184,0.10842682381888988
8,bnci004,MMP_merge_then_adapt,TS,svm_radial,coral,23,3,3,26785,0.05,no_leakage_v1_alpha005,gate_all_sources_proxy_source_only_final_training_only,mmd,,,,,merge_then_adapt,coral,near_nearest_proxy,final,0.0,0,0train,train,False,0.2865241492635877,3.0,direct,0.08300562287921347,0.06595831067491184,0.10842682381888988
8,bnci004,MMP_merge_then_adapt,TS,svm_radial,coral,23,3,3,26785,0.05,no_leakage_v1_alpha005,gate_all_sources_proxy_source_only_final_training_only,mmd,,,,,merge_then_adapt,coral,near_nearest_proxy,main,1.0,1,1train,nearest,True,0.3763080463013317,3.0,direct,0.06320094914106446,0.04050261832073077,0.09191418877143535
8,bnci004,MMP_merge_then_adapt,TS,svm_radial,coral,23,3,3,26785,0.05,no_leakage_v1_alpha005,gate_all_sources_proxy_source_only_final_training_only,mmd,,,,,merge_then_adapt,coral,near_nearest_proxy,anchor,1.0,1,1train,target,False,,3.0,direct,0.06320094914106446,0.04050261832073077,0.09191418877143535
8,bnci004,MMP_merge_then_adapt,TS,svm_radial,coral,23,3,3,26785,0.05,no_leakage_v1_alpha005,gate_all_sources_proxy_source_only_final_training_only,mmd,,,,,merge_then_adapt,coral,near_nearest_proxy,final,1.0,1,1train,train,True,0.3763080463013317,3.0,direct,0.06320094914106446,0.04050261832073077,0.09191418877143535
8,bnci004,MMP_merge_then_adapt,TS,svm_radial,coral,23,3,3,26785,0.05,no_leakage_v1_alpha005,gate_all_sources_proxy_source_only_final_training_only,mmd,,,,,merge_then_adapt,coral,near_nearest_proxy,main,2.0,2,2train,near,False,0.3371678044350806,3.0,direct,0.0705377693927622,0.042494484000081795,0.10787719213329469
8,bnci004,MMP_merge_then_adapt,TS,svm_radial,coral,23,3,3,26785,0.05,no_leakage_v1_alpha005,gate_all_sources_proxy_source_only_final_training_only,mmd,,,,,merge_then_adapt,coral,near_nearest_proxy,anchor,2.0,2,2train,proxy_source,False,0.540599894604349,3.0,direct,0.0705377693927622,0.042494484000081795,0.10787719213329469
8,bnci004,MMP_merge_then_adapt,TS,svm_radial,coral,23,3,3,26785,0.05,no_leakage_v1_alpha005,gate_all_sources_proxy_source_only_final_training_only,mmd,,,,,merge_then_adapt,coral,near_nearest_proxy,final,2.0,2,2train,train,False,0.3371678044350806,3.0,direct,0.0705377693927622,0.042494484000081795,0.10787719213329469
8,bnci004,MMP_merge_then_adapt,TS,svm_radial,coral,23,3,3,26785,0.05,no_leakage_v1_alpha005,gate_all_sources_proxy_source_only_final_training_only,mmd,,,,,merge_then_adapt,coral,near_nearest_proxy,main,3.0,4,4test,far,False,,3.0,direct,0.1392401155089475,0.11146517069585878,0.1688174593391988
8,bnci004,MMP_merge_then_adapt,TS,svm_radial,coral,23,3,3,26785,0.05,no_leakage_v1_alpha005,gate_all_sources_proxy_source_only_final_training_only,mmd,,,,,merge_then_adapt,coral,near_nearest_proxy,anchor,3.0,4,4test,not_used,False,,3.0,direct,0.1392401155089475,0.11146517069585878,0.1688174593391988
8,bnci004,MMP_merge_then_adapt,TS,svm_radial,coral,23,3,3,26785,0.05,no_leakage_v1_alpha005,gate_all_sources_proxy_source_only_final_training_only,mmd,,,,,merge_then_adapt,coral,near_nearest_proxy,final,3.0,4,4test,not_used,False,,3.0,direct,0.1392401155089475,0.11146517069585878,0.1688174593391988
8,bnci004,MMP_merge_then_adapt,TS,svm_radial,coral,23,3,3,26785,0.05,no_leakage_v1_alpha005,gate_all_sources_proxy_source_only_final_training_only,mmd,,,,,merge_then_adapt,coral,near_nearest_proxy,main,,3,3test,target,False,,,,,,
8,bnci004,MMP_merge_then_adapt,TS,svm_radial,coral,23,3,3,26785,0.05,no_leakage_v1_alpha005,gate_all_sources_proxy_source_only_final_training_only,mmd,,,,,merge_then_adapt,coral,near_nearest_proxy,final,,3,3test,target,False,,,,,,
8,bnci004,MMP_merge_then_adapt,TS,svm_radial,coral,23,4,4,26816,0.05,no_leakage_v1_alpha005,gate_all_sources_proxy_source_only_final_training_only,mmd,,,,,merge_then_adapt,coral,near_nearest_proxy,main,0.0,0,0train,far,False,,4.0,direct,0.14514169246703013,0.12659783584633313,0.16782039695787956
8,bnci004,MMP_merge_then_adapt,TS,svm_radial,coral,23,4,4,26816,0.05,no_leakage_v1_alpha005,gate_all_sources_proxy_source_only_final_training_only,mmd,,,,,merge_then_adapt,coral,near_nearest_proxy,anchor,0.0,0,0train,not_used,False,,4.0,direct,0.14514169246703013,0.12659783584633313,0.16782039695787956
8,bnci004,MMP_merge_then_adapt,TS,svm_radial,coral,23,4,4,26816,0.05,no_leakage_v1_alpha005,gate_all_sources_proxy_source_only_final_training_only,mmd,,,,,merge_then_adapt,coral,near_nearest_proxy,final,0.0,0,0train,not_used,False,,4.0,direct,0.14514169246703013,0.12659783584633313,0.16782039695787956
8,bnci004,MMP_merge_then_adapt,TS,svm_radial,coral,23,4,4,26816,0.05,no_leakage_v1_alpha005,gate_all_sources_proxy_source_only_final_training_only,mmd,,,,,merge_then_adapt,coral,near_nearest_proxy,main,1.0,1,1train,far,False,,4.0,direct,0.11156756572908487,0.09361965235839118,0.13380447332676018
8,bnci004,MMP_merge_then_adapt,TS,svm_radial,coral,23,4,4,26816,0.05,no_leakage_v1_alpha005,gate_all_sources_proxy_source_only_final_training_only,mmd,,,,,merge_then_adapt,coral,near_nearest_proxy,anchor,1.0,1,1train,not_used,False,,4.0,direct,0.11156756572908487,0.09361965235839118,0.13380447332676018
8,bnci004,MMP_merge_then_adapt,TS,svm_radial,coral,23,4,4,26816,0.05,no_leakage_v1_alpha005,gate_all_sources_proxy_source_only_final_training_only,mmd,,,,,merge_then_adapt,coral,near_nearest_proxy,final,1.0,1,1train,not_used,False,,4.0,direct,0.11156756572908487,0.09361965235839118,0.13380447332676018
8,bnci004,MMP_merge_then_adapt,TS,svm_radial,coral,23,4,4,26816,0.05,no_leakage_v1_alpha005,gate_all_sources_proxy_source_only_final_training_only,mmd,,,,,merge_then_adapt,coral,near_nearest_proxy,main,2.0,2,2train,nearest,True,0.603388097799527,4.0,direct,0.07353308215632891,0.05826435749965774,0.0926509770638568
8,bnci004,MMP_merge_then_adapt,TS,svm_radial,coral,23,4,4,26816,0.05,no_leakage_v1_alpha005,gate_all_sources_proxy_source_only_final_training_only,mmd,,,,,merge_then_adapt,coral,near_nearest_proxy,anchor,2.0,2,2train,target,False,,4.0,direct,0.07353308215632891,0.05826435749965774,0.0926509770638568
8,bnci004,MMP_merge_then_adapt,TS,svm_radial,coral,23,4,4,26816,0.05,no_leakage_v1_alpha005,gate_all_sources_proxy_source_only_final_training_only,mmd,,,,,merge_then_adapt,coral,near_nearest_proxy,final,2.0,2,2train,train,True,0.603388097799527,4.0,direct,0.07353308215632891,0.05826435749965774,0.0926509770638568
8,bnci004,MMP_merge_then_adapt,TS,svm_radial,coral,23,4,4,26816,0.05,no_leakage_v1_alpha005,gate_all_sources_proxy_source_only_final_training_only,mmd,,,,,merge_then_adapt,coral,near_nearest_proxy,main,3.0,3,3test,near,False,0.3966119022004731,4.0,direct,0.11187055430679486,0.0885682007147726,0.1374822213301332
8,bnci004,MMP_merge_then_adapt,TS,svm_radial,coral,23,4,4,26816,0.05,no_leakage_v1_alpha005,gate_all_sources_proxy_source_only_final_training_only,mmd,,,,,merge_then_adapt,coral,near_nearest_proxy,anchor,3.0,3,3test,proxy_source,False,1.0,4.0,direct,0.11187055430679486,0.0885682007147726,0.1374822213301332
8,bnci004,MMP_merge_then_adapt,TS,svm_radial,coral,23,4,4,26816,0.05,no_leakage_v1_alpha005,gate_all_sources_proxy_source_only_final_training_only,mmd,,,,,merge_then_adapt,coral,near_nearest_proxy,final,3.0,3,3test,train,False,0.3966119022004731,4.0,direct,0.11187055430679486,0.0885682007147726,0.1374822213301332
8,bnci004,MMP_merge_then_adapt,TS,svm_radial,coral,23,4,4,26816,0.05,no_leakage_v1_alpha005,gate_all_sources_proxy_source_only_final_training_only,mmd,,,,,merge_then_adapt,coral,near_nearest_proxy,main,,4,4test,target,False,,,,,,
8,bnci004,MMP_merge_then_adapt,TS,svm_radial,coral,23,4,4,26816,0.05,no_leakage_v1_alpha005,gate_all_sources_proxy_source_only_final_training_only,mmd,,,,,merge_then_adapt,coral,near_nearest_proxy,final,,4,4test,target,False,,,,,,
