subject,dataset,pipeline,feature,classifier,da,method_row,pair_id,target_id,seed_used,ci_alpha,code_protocol_version,feature_fit_protocol,dist_type,partition_mode,proxy_direction,borrowed_local_idx,borrowed_abs_idx,combiner,harmonize,score_mode,stage,local_idx,session_abs_idx,session_label,role,is_best,weight,dist_to_session,dist_est_method,dist_est,dist_lwr,dist_upr
4,bnci004,MMP_moe,CSP,lda,none,0,0,0,3987,0.05,no_leakage_v1_alpha005,gate_all_sources_proxy_source_only_final_training_only,mmd,,,,,moe,coral,near_nearest_proxy,main,0.0,1,1train,nearest,True,0.6482211695214317,0.0,direct,0.06044002900186813,0.03313016746422321,0.0994594905821629
4,bnci004,MMP_moe,CSP,lda,none,0,0,0,3987,0.05,no_leakage_v1_alpha005,gate_all_sources_proxy_source_only_final_training_only,mmd,,,,,moe,coral,near_nearest_proxy,anchor,0.0,1,1train,target,False,,0.0,direct,0.06044002900186813,0.03313016746422321,0.0994594905821629
4,bnci004,MMP_moe,CSP,lda,none,0,0,0,3987,0.05,no_leakage_v1_alpha005,gate_all_sources_proxy_source_only_final_training_only,mmd,,,,,moe,coral,near_nearest_proxy,final,0.0,1,1train,train,True,0.6482211695214317,0.0,direct,0.06044002900186813,0.03313016746422321,0.0994594905821629
4,bnci004,MMP_moe,CSP,lda,none,0,0,0,3987,0.05,no_leakage_v1_alpha005,gate_all_sources_proxy_source_only_final_training_only,mmd,,,,,moe,coral,near_nearest_proxy,main,1.0,2,2train,far,False,,0.0,direct,0.2239013947867906,0.17810409764646645,0.2732334197922663
4,bnci004,MMP_moe,CSP,lda,none,0,0,0,3987,0.05,no_leakage_v1_alpha005,gate_all_sources_proxy_source_only_final_training_only,mmd,,,,,moe,coral,near_nearest_proxy,anchor,1.0,2,2train,not_used,False,,0.0,direct,0.2239013947867906,0.17810409764646645,0.2732334197922663
4,bnci004,MMP_moe,CSP,lda,none,0,0,0,3987,0.05,no_leakage_v1_alpha005,gate_all_sources_proxy_source_only_final_training_only,mmd,,,,,moe,coral,near_nearest_proxy,final,1.0,2,2train,not_used,False,,0.0,direct,0.2239013947867906,0.17810409764646645,0.2732334197922663
4,bnci004,MMP_moe,CSP,lda,none,0,0,0,3987,0.05,no_leakage_v1_alpha005,gate_all_sources_proxy_source_only_final_training_only,mmd,,,,,moe,coral,near_nearest_proxy,main,2.0,3,3test,near,False,0.35177883047856834,0.0,direct,0.11137339525104302,0.07829907440589304,0.14486098283402749
4,bnci004,MMP_moe,CSP,lda,none,0,0,0,3987,0.05,no_leakage_v1_alpha005,gate_all_sources_proxy_source_only_final_training_only,mmd,,,,,moe,coral,near_nearest_proxy,anchor,2.0,3,3test,proxy_source,False,1.0,0.0,direct,0.11137339525104302,0.07829907440589304,0.14486098283402749
4,bnci004,MMP_moe,CSP,lda,none,0,0,0,3987,0.05,no_leakage_v1_alpha005,gate_all_sources_proxy_source_only_final_training_only,mmd,,,,,moe,coral,near_nearest_proxy,final,2.0,3,3test,train,False,0.35177883047856834,0.0,direct,0.11137339525104302,0.07829907440589304,0.14486098283402749
4,bnci004,MMP_moe,CSP,lda,none,0,0,0,3987,0.05,no_leakage_v1_alpha005,gate_all_sources_proxy_source_only_final_training_only,mmd,,,,,moe,coral,near_nearest_proxy,main,3.0,4,4test,far,False,,0.0,direct,0.3100825105902922,0.25649506364998065,0.3572654280740068
4,bnci004,MMP_moe,CSP,lda,none,0,0,0,3987,0.05,no_leakage_v1_alpha005,gate_all_sources_proxy_source_only_final_training_only,mmd,,,,,moe,coral,near_nearest_proxy,anchor,3.0,4,4test,not_used,False,,0.0,direct,0.3100825105902922,0.25649506364998065,0.3572654280740068
4,bnci004,MMP_moe,CSP,lda,none,0,0,0,3987,0.05,no_leakage_v1_alpha005,gate_all_sources_proxy_source_only_final_training_only,mmd,,,,,moe,coral,near_nearest_proxy,final,3.0,4,4test,not_used,False,,0.0,direct,0.3100825105902922,0.25649506364998065,0.3572654280740068
4,bnci004,MMP_moe,CSP,lda,none,0,0,0,3987,0.05,no_leakage_v1_alpha005,gate_all_sources_proxy_source_only_final_training_only,mmd,,,,,moe,coral,near_nearest_proxy,main,,0,0train,target,False,,,,,,
4,bnci004,MMP_moe,CSP,lda,none,0,0,0,3987,0.05,no_leakage_v1_alpha005,gate_all_sources_proxy_source_only_final_training_only,mmd,,,,,moe,coral,near_nearest_proxy,final,,0,0train,target,False,,,,,,
4,bnci004,MMP_moe,CSP,lda,none,0,1,1,4018,0.05,no_leakage_v1_alpha005,gate_all_sources_proxy_source_only_final_training_only,mmd,,,,,moe,coral,near_nearest_proxy,main,0.0,0,0train,nearest,True,0.4252766319291074,1.0,direct,0.07141252931184246,0.03674179370190703,0.10792405367820544
4,bnci004,MMP_moe,CSP,lda,none,0,1,1,4018,0.05,no_leakage_v1_alpha005,gate_all_sources_proxy_source_only_final_training_only,mmd,,,,,moe,coral,near_nearest_proxy,anchor,0.0,0,0train,target,False,,1.0,direct,0.07141252931184246,0.03674179370190703,0.10792405367820544
4,bnci004,MMP_moe,CSP,lda,none,0,1,1,4018,0.05,no_leakage_v1_alpha005,gate_all_sources_proxy_source_only_final_training_only,mmd,,,,,moe,coral,near_nearest_proxy,final,0.0,0,0train,train,True,0.4252766319291074,1.0,direct,0.07141252931184246,0.03674179370190703,0.10792405367820544
4,bnci004,MMP_moe,CSP,lda,none,0,1,1,4018,0.05,no_leakage_v1_alpha005,gate_all_sources_proxy_source_only_final_training_only,mmd,,,,,moe,coral,near_nearest_proxy,main,1.0,2,2train,near,False,0.26110924630225835,1.0,direct,0.1163124038721641,0.08070847320178179,0.15501214140407424
4,bnci004,MMP_moe,CSP,lda,none,0,1,1,4018,0.05,no_leakage_v1_alpha005,gate_all_sources_proxy_source_only_final_training_only,mmd,,,,,moe,coral,near_nearest_proxy,anchor,1.0,2,2train,proxy_source,False,0.45432161072324856,1.0,direct,0.1163124038721641,0.08070847320178179,0.15501214140407424
4,bnci004,MMP_moe,CSP,lda,none,0,1,1,4018,0.05,no_leakage_v1_alpha005,gate_all_sources_proxy_source_only_final_training_only,mmd,,,,,moe,coral,near_nearest_proxy,final,1.0,2,2train,train,False,0.26110924630225835,1.0,direct,0.1163124038721641,0.08070847320178179,0.15501214140407424
4,bnci004,MMP_moe,CSP,lda,none,0,1,1,4018,0.05,no_leakage_v1_alpha005,gate_all_sources_proxy_source_only_final_training_only,mmd,,,,,moe,coral,near_nearest_proxy,main,2.0,3,3test,near,False,0.31361412176863424,1.0,direct,0.09683936244489173,0.0676684330810035,0.1306713554737144
4,bnci004,MMP_moe,CSP,lda,none,0,1,1,4018,0.05,no_leakage_v1_alpha005,gate_all_sources_proxy_source_only_final_training_only,mmd,,,,,moe,coral,near_nearest_proxy,anchor,2.0,3,3test,proxy_source,False,0.5456783892767515,1.0,direct,0.09683936244489173,0.0676684330810035,0.1306713554737144
4,bnci004,MMP_moe,CSP,lda,none,0,1,1,4018,0.05,no_leakage_v1_alpha005,gate_all_sources_proxy_source_only_final_training_only,mmd,,,,,moe,coral,near_nearest_proxy,final,2.0,3,3test,train,False,0.31361412176863424,1.0,direct,0.09683936244489173,0.0676684330810035,0.1306713554737144
4,bnci004,MMP_moe,CSP,lda,none,0,1,1,4018,0.05,no_leakage_v1_alpha005,gate_all_sources_proxy_source_only_final_training_only,mmd,,,,,moe,coral,near_nearest_proxy,main,3.0,4,4test,far,False,,1.0,direct,0.1987165708254198,0.149651237605314,0.2704849192251274
4,bnci004,MMP_moe,CSP,lda,none,0,1,1,4018,0.05,no_leakage_v1_alpha005,gate_all_sources_proxy_source_only_final_training_only,mmd,,,,,moe,coral,near_nearest_proxy,anchor,3.0,4,4test,not_used,False,,1.0,direct,0.1987165708254198,0.149651237605314,0.2704849192251274
4,bnci004,MMP_moe,CSP,lda,none,0,1,1,4018,0.05,no_leakage_v1_alpha005,gate_all_sources_proxy_source_only_final_training_only,mmd,,,,,moe,coral,near_nearest_proxy,final,3.0,4,4test,not_used,False,,1.0,direct,0.1987165708254198,0.149651237605314,0.2704849192251274
4,bnci004,MMP_moe,CSP,lda,none,0,1,1,4018,0.05,no_leakage_v1_alpha005,gate_all_sources_proxy_source_only_final_training_only,mmd,,,,,moe,coral,near_nearest_proxy,main,,1,1train,target,False,,,,,,
4,bnci004,MMP_moe,CSP,lda,none,0,1,1,4018,0.05,no_leakage_v1_alpha005,gate_all_sources_proxy_source_only_final_training_only,mmd,,,,,moe,coral,near_nearest_proxy,final,,1,1train,target,False,,,,,,
4,bnci004,MMP_moe,CSP,lda,none,0,2,2,4049,0.05,no_leakage_v1_alpha005,gate_all_sources_proxy_source_only_final_training_only,mmd,,,,,moe,coral,near_nearest_proxy,main,0.0,0,0train,far,False,,2.0,direct,0.2357644352228117,0.18060328980792612,0.29423032053397685
4,bnci004,MMP_moe,CSP,lda,none,0,2,2,4049,0.05,no_leakage_v1_alpha005,gate_all_sources_proxy_source_only_final_training_only,mmd,,,,,moe,coral,near_nearest_proxy,anchor,0.0,0,0train,not_used,False,,2.0,direct,0.2357644352228117,0.18060328980792612,0.29423032053397685
4,bnci004,MMP_moe,CSP,lda,none,0,2,2,4049,0.05,no_leakage_v1_alpha005,gate_all_sources_proxy_source_only_final_training_only,mmd,,,,,moe,coral,near_nearest_proxy,final,0.0,0,0train,not_used,False,,2.0,direct,0.2357644352228117,0.18060328980792612,0.29423032053397685
4,bnci004,MMP_moe,CSP,lda,none,0,2,2,4049,0.05,no_leakage_v1_alpha005,gate_all_sources_proxy_source_only_final_training_only,mmd,,,,,moe,coral,near_nearest_proxy,main,1.0,1,1train,near,False,0.48340933517554835,2.0,direct,0.0983359824582147,0.07161202091321349,0.127973975403168
4,bnci004,MMP_moe,CSP,lda,none,0,2,2,4049,0.05,no_leakage_v1_alpha005,gate_all_sources_proxy_source_only_final_training_only,mmd,,,,,moe,coral,near_nearest_proxy,anchor,1.0,1,1train,proxy_source,False,1.0,2.0,direct,0.0983359824582147,0.07161202091321349,0.127973975403168
4,bnci004,MMP_moe,CSP,lda,none,0,2,2,4049,0.05,no_leakage_v1_alpha005,gate_all_sources_proxy_source_only_final_training_only,mmd,,,,,moe,coral,near_nearest_proxy,final,1.0,1,1train,train,False,0.48340933517554835,2.0,direct,0.0983359824582147,0.07161202091321349,0.127973975403168
4,bnci004,MMP_moe,CSP,lda,none,0,2,2,4049,0.05,no_leakage_v1_alpha005,gate_all_sources_proxy_source_only_final_training_only,mmd,,,,,moe,coral,near_nearest_proxy,main,2.0,3,3test,far,False,,2.0,direct,0.18729665977545776,0.14503182937411652,0.2386780776166494
4,bnci004,MMP_moe,CSP,lda,none,0,2,2,4049,0.05,no_leakage_v1_alpha005,gate_all_sources_proxy_source_only_final_training_only,mmd,,,,,moe,coral,near_nearest_proxy,anchor,2.0,3,3test,not_used,False,,2.0,direct,0.18729665977545776,0.14503182937411652,0.2386780776166494
4,bnci004,MMP_moe,CSP,lda,none,0,2,2,4049,0.05,no_leakage_v1_alpha005,gate_all_sources_proxy_source_only_final_training_only,mmd,,,,,moe,coral,near_nearest_proxy,final,2.0,3,3test,not_used,False,,2.0,direct,0.18729665977545776,0.14503182937411652,0.2386780776166494
4,bnci004,MMP_moe,CSP,lda,none,0,2,2,4049,0.05,no_leakage_v1_alpha005,gate_all_sources_proxy_source_only_final_training_only,mmd,,,,,moe,coral,near_nearest_proxy,main,3.0,4,4test,nearest,True,0.5165906648244516,2.0,direct,0.09201966268357602,0.06351575476406235,0.12439418210568821
4,bnci004,MMP_moe,CSP,lda,none,0,2,2,4049,0.05,no_leakage_v1_alpha005,gate_all_sources_proxy_source_only_final_training_only,mmd,,,,,moe,coral,near_nearest_proxy,anchor,3.0,4,4test,target,False,,2.0,direct,0.09201966268357602,0.06351575476406235,0.12439418210568821
4,bnci004,MMP_moe,CSP,lda,none,0,2,2,4049,0.05,no_leakage_v1_alpha005,gate_all_sources_proxy_source_only_final_training_only,mmd,,,,,moe,coral,near_nearest_proxy,final,3.0,4,4test,train,True,0.5165906648244516,2.0,direct,0.09201966268357602,0.06351575476406235,0.12439418210568821
4,bnci004,MMP_moe,CSP,lda,none,0,2,2,4049,0.05,no_leakage_v1_alpha005,gate_all_sources_proxy_source_only_final_training_only,mmd,,,,,moe,coral,near_nearest_proxy,main,,2,2train,target,False,,,,,,
4,bnci004,MMP_moe,CSP,lda,none,0,2,2,4049,0.05,no_leakage_v1_alpha005,gate_all_sources_proxy_source_only_final_training_only,mmd,,,,,moe,coral,near_nearest_proxy,final,,2,2train,target,False,,,,,,
4,bnci004,MMP_moe,CSP,lda,none,0,3,3,4080,0.05,no_leakage_v1_alpha005,gate_all_sources_proxy_source_only_final_training_only,mmd,,,,,moe,coral,near_nearest_proxy,main,0.0,0,0train,near,False,0.3799689428058335,3.0,direct,0.11066655131855459,0.08156402177430307,0.14395468848810325
4,bnci004,MMP_moe,CSP,lda,none,0,3,3,4080,0.05,no_leakage_v1_alpha005,gate_all_sources_proxy_source_only_final_training_only,mmd,,,,,moe,coral,near_nearest_proxy,anchor,0.0,0,0train,proxy_source,False,0.6230846476072365,3.0,direct,0.11066655131855459,0.08156402177430307,0.14395468848810325
4,bnci004,MMP_moe,CSP,lda,none,0,3,3,4080,0.05,no_leakage_v1_alpha005,gate_all_sources_proxy_source_only_final_training_only,mmd,,,,,moe,coral,near_nearest_proxy,final,0.0,0,0train,train,False,0.3799689428058335,3.0,direct,0.11066655131855459,0.08156402177430307,0.14395468848810325
4,bnci004,MMP_moe,CSP,lda,none,0,3,3,4080,0.05,no_leakage_v1_alpha005,gate_all_sources_proxy_source_only_final_training_only,mmd,,,,,moe,coral,near_nearest_proxy,main,1.0,1,1train,nearest,True,0.3901808618379758,3.0,direct,0.10777013023775892,0.08340501217976895,0.1407490349958319
4,bnci004,MMP_moe,CSP,lda,none,0,3,3,4080,0.05,no_leakage_v1_alpha005,gate_all_sources_proxy_source_only_final_training_only,mmd,,,,,moe,coral,near_nearest_proxy,anchor,1.0,1,1train,target,False,,3.0,direct,0.10777013023775892,0.08340501217976895,0.1407490349958319
4,bnci004,MMP_moe,CSP,lda,none,0,3,3,4080,0.05,no_leakage_v1_alpha005,gate_all_sources_proxy_source_only_final_training_only,mmd,,,,,moe,coral,near_nearest_proxy,final,1.0,1,1train,train,True,0.3901808618379758,3.0,direct,0.10777013023775892,0.08340501217976895,0.1407490349958319
4,bnci004,MMP_moe,CSP,lda,none,0,3,3,4080,0.05,no_leakage_v1_alpha005,gate_all_sources_proxy_source_only_final_training_only,mmd,,,,,moe,coral,near_nearest_proxy,main,2.0,2,2train,near,False,0.22985019535619072,3.0,direct,0.18294525511306506,0.1397393448007239,0.2298960810929653
4,bnci004,MMP_moe,CSP,lda,none,0,3,3,4080,0.05,no_leakage_v1_alpha005,gate_all_sources_proxy_source_only_final_training_only,mmd,,,,,moe,coral,near_nearest_proxy,anchor,2.0,2,2train,proxy_source,False,0.3769153523927636,3.0,direct,0.18294525511306506,0.1397393448007239,0.2298960810929653
4,bnci004,MMP_moe,CSP,lda,none,0,3,3,4080,0.05,no_leakage_v1_alpha005,gate_all_sources_proxy_source_only_final_training_only,mmd,,,,,moe,coral,near_nearest_proxy,final,2.0,2,2train,train,False,0.22985019535619072,3.0,direct,0.18294525511306506,0.1397393448007239,0.2298960810929653
4,bnci004,MMP_moe,CSP,lda,none,0,3,3,4080,0.05,no_leakage_v1_alpha005,gate_all_sources_proxy_source_only_final_training_only,mmd,,,,,moe,coral,near_nearest_proxy,main,3.0,4,4test,far,False,,3.0,direct,0.332577988326432,0.2890978170761939,0.38388420556643243
4,bnci004,MMP_moe,CSP,lda,none,0,3,3,4080,0.05,no_leakage_v1_alpha005,gate_all_sources_proxy_source_only_final_training_only,mmd,,,,,moe,coral,near_nearest_proxy,anchor,3.0,4,4test,not_used,False,,3.0,direct,0.332577988326432,0.2890978170761939,0.38388420556643243
4,bnci004,MMP_moe,CSP,lda,none,0,3,3,4080,0.05,no_leakage_v1_alpha005,gate_all_sources_proxy_source_only_final_training_only,mmd,,,,,moe,coral,near_nearest_proxy,final,3.0,4,4test,not_used,False,,3.0,direct,0.332577988326432,0.2890978170761939,0.38388420556643243
4,bnci004,MMP_moe,CSP,lda,none,0,3,3,4080,0.05,no_leakage_v1_alpha005,gate_all_sources_proxy_source_only_final_training_only,mmd,,,,,moe,coral,near_nearest_proxy,main,,3,3test,target,False,,,,,,
4,bnci004,MMP_moe,CSP,lda,none,0,3,3,4080,0.05,no_leakage_v1_alpha005,gate_all_sources_proxy_source_only_final_training_only,mmd,,,,,moe,coral,near_nearest_proxy,final,,3,3test,target,False,,,,,,
4,bnci004,MMP_moe,CSP,lda,none,0,4,4,4111,0.05,no_leakage_v1_alpha005,gate_all_sources_proxy_source_only_final_training_only,mmd,,,,,moe,coral,near_nearest_proxy,main,0.0,0,0train,far,False,,4.0,direct,0.318596064951313,0.26239559200229806,0.3692048459942343
4,bnci004,MMP_moe,CSP,lda,none,0,4,4,4111,0.05,no_leakage_v1_alpha005,gate_all_sources_proxy_source_only_final_training_only,mmd,,,,,moe,coral,near_nearest_proxy,anchor,0.0,0,0train,not_used,False,,4.0,direct,0.318596064951313,0.26239559200229806,0.3692048459942343
4,bnci004,MMP_moe,CSP,lda,none,0,4,4,4111,0.05,no_leakage_v1_alpha005,gate_all_sources_proxy_source_only_final_training_only,mmd,,,,,moe,coral,near_nearest_proxy,final,0.0,0,0train,not_used,False,,4.0,direct,0.318596064951313,0.26239559200229806,0.3692048459942343
4,bnci004,MMP_moe,CSP,lda,none,0,4,4,4111,0.05,no_leakage_v1_alpha005,gate_all_sources_proxy_source_only_final_training_only,mmd,,,,,moe,coral,near_nearest_proxy,main,1.0,1,1train,far,False,,4.0,direct,0.1607400530290414,0.12765323434646483,0.20505810568928814
4,bnci004,MMP_moe,CSP,lda,none,0,4,4,4111,0.05,no_leakage_v1_alpha005,gate_all_sources_proxy_source_only_final_training_only,mmd,,,,,moe,coral,near_nearest_proxy,anchor,1.0,1,1train,second_nearest_fallback_source,False,1.0,4.0,direct,0.1607400530290414,0.12765323434646483,0.20505810568928814
4,bnci004,MMP_moe,CSP,lda,none,0,4,4,4111,0.05,no_leakage_v1_alpha005,gate_all_sources_proxy_source_only_final_training_only,mmd,,,,,moe,coral,near_nearest_proxy,final,1.0,1,1train,not_used,False,,4.0,direct,0.1607400530290414,0.12765323434646483,0.20505810568928814
4,bnci004,MMP_moe,CSP,lda,none,0,4,4,4111,0.05,no_leakage_v1_alpha005,gate_all_sources_proxy_source_only_final_training_only,mmd,,,,,moe,coral,near_nearest_proxy,main,2.0,2,2train,nearest,True,1.0,4.0,direct,0.09208721757881409,0.06359569844311065,0.12731344619062804
4,bnci004,MMP_moe,CSP,lda,none,0,4,4,4111,0.05,no_leakage_v1_alpha005,gate_all_sources_proxy_source_only_final_training_only,mmd,,,,,moe,coral,near_nearest_proxy,anchor,2.0,2,2train,target,False,,4.0,direct,0.09208721757881409,0.06359569844311065,0.12731344619062804
4,bnci004,MMP_moe,CSP,lda,none,0,4,4,4111,0.05,no_leakage_v1_alpha005,gate_all_sources_proxy_source_only_final_training_only,mmd,,,,,moe,coral,near_nearest_proxy,final,2.0,2,2train,train,True,1.0,4.0,direct,0.09208721757881409,0.06359569844311065,0.12731344619062804
4,bnci004,MMP_moe,CSP,lda,none,0,4,4,4111,0.05,no_leakage_v1_alpha005,gate_all_sources_proxy_source_only_final_training_only,mmd,,,,,moe,coral,near_nearest_proxy,main,3.0,3,3test,far,False,,4.0,direct,0.31739849518099333,0.27481149284660533,0.36160628046369603
4,bnci004,MMP_moe,CSP,lda,none,0,4,4,4111,0.05,no_leakage_v1_alpha005,gate_all_sources_proxy_source_only_final_training_only,mmd,,,,,moe,coral,near_nearest_proxy,anchor,3.0,3,3test,not_used,False,,4.0,direct,0.31739849518099333,0.27481149284660533,0.36160628046369603
4,bnci004,MMP_moe,CSP,lda,none,0,4,4,4111,0.05,no_leakage_v1_alpha005,gate_all_sources_proxy_source_only_final_training_only,mmd,,,,,moe,coral,near_nearest_proxy,final,3.0,3,3test,not_used,False,,4.0,direct,0.31739849518099333,0.27481149284660533,0.36160628046369603
4,bnci004,MMP_moe,CSP,lda,none,0,4,4,4111,0.05,no_leakage_v1_alpha005,gate_all_sources_proxy_source_only_final_training_only,mmd,,,,,moe,coral,near_nearest_proxy,main,,4,4test,target,False,,,,,,
4,bnci004,MMP_moe,CSP,lda,none,0,4,4,4111,0.05,no_leakage_v1_alpha005,gate_all_sources_proxy_source_only_final_training_only,mmd,,,,,moe,coral,near_nearest_proxy,final,,4,4test,target,False,,,,,,
4,bnci004,MMP_moe,CSP,lda,sa,1,0,0,4984,0.05,no_leakage_v1_alpha005,gate_all_sources_proxy_source_only_final_training_only,mmd,,,,,moe,coral,near_nearest_proxy,main,0.0,1,1train,nearest,True,0.6388574509205182,0.0,direct,0.06180589844050954,0.03345056182269851,0.09981437238915182
4,bnci004,MMP_moe,CSP,lda,sa,1,0,0,4984,0.05,no_leakage_v1_alpha005,gate_all_sources_proxy_source_only_final_training_only,mmd,,,,,moe,coral,near_nearest_proxy,anchor,0.0,1,1train,target,False,,0.0,direct,0.06180589844050954,0.03345056182269851,0.09981437238915182
4,bnci004,MMP_moe,CSP,lda,sa,1,0,0,4984,0.05,no_leakage_v1_alpha005,gate_all_sources_proxy_source_only_final_training_only,mmd,,,,,moe,coral,near_nearest_proxy,final,0.0,1,1train,train,True,0.6388574509205182,0.0,direct,0.06180589844050954,0.03345056182269851,0.09981437238915182
4,bnci004,MMP_moe,CSP,lda,sa,1,0,0,4984,0.05,no_leakage_v1_alpha005,gate_all_sources_proxy_source_only_final_training_only,mmd,,,,,moe,coral,near_nearest_proxy,main,1.0,2,2train,far,False,,0.0,direct,0.22485819326562242,0.17340793993938472,0.27813246095990407
4,bnci004,MMP_moe,CSP,lda,sa,1,0,0,4984,0.05,no_leakage_v1_alpha005,gate_all_sources_proxy_source_only_final_training_only,mmd,,,,,moe,coral,near_nearest_proxy,anchor,1.0,2,2train,not_used,False,,0.0,direct,0.22485819326562242,0.17340793993938472,0.27813246095990407
4,bnci004,MMP_moe,CSP,lda,sa,1,0,0,4984,0.05,no_leakage_v1_alpha005,gate_all_sources_proxy_source_only_final_training_only,mmd,,,,,moe,coral,near_nearest_proxy,final,1.0,2,2train,not_used,False,,0.0,direct,0.22485819326562242,0.17340793993938472,0.27813246095990407
4,bnci004,MMP_moe,CSP,lda,sa,1,0,0,4984,0.05,no_leakage_v1_alpha005,gate_all_sources_proxy_source_only_final_training_only,mmd,,,,,moe,coral,near_nearest_proxy,main,2.0,3,3test,near,False,0.36114254907948196,0.0,direct,0.10933476696418856,0.07949136983825528,0.1458002283223601
4,bnci004,MMP_moe,CSP,lda,sa,1,0,0,4984,0.05,no_leakage_v1_alpha005,gate_all_sources_proxy_source_only_final_training_only,mmd,,,,,moe,coral,near_nearest_proxy,anchor,2.0,3,3test,proxy_source,False,1.0,0.0,direct,0.10933476696418856,0.07949136983825528,0.1458002283223601
4,bnci004,MMP_moe,CSP,lda,sa,1,0,0,4984,0.05,no_leakage_v1_alpha005,gate_all_sources_proxy_source_only_final_training_only,mmd,,,,,moe,coral,near_nearest_proxy,final,2.0,3,3test,train,False,0.36114254907948196,0.0,direct,0.10933476696418856,0.07949136983825528,0.1458002283223601
4,bnci004,MMP_moe,CSP,lda,sa,1,0,0,4984,0.05,no_leakage_v1_alpha005,gate_all_sources_proxy_source_only_final_training_only,mmd,,,,,moe,coral,near_nearest_proxy,main,3.0,4,4test,far,False,,0.0,direct,0.30950794343858135,0.25438468894518657,0.3735940821316304
4,bnci004,MMP_moe,CSP,lda,sa,1,0,0,4984,0.05,no_leakage_v1_alpha005,gate_all_sources_proxy_source_only_final_training_only,mmd,,,,,moe,coral,near_nearest_proxy,anchor,3.0,4,4test,not_used,False,,0.0,direct,0.30950794343858135,0.25438468894518657,0.3735940821316304
4,bnci004,MMP_moe,CSP,lda,sa,1,0,0,4984,0.05,no_leakage_v1_alpha005,gate_all_sources_proxy_source_only_final_training_only,mmd,,,,,moe,coral,near_nearest_proxy,final,3.0,4,4test,not_used,False,,0.0,direct,0.30950794343858135,0.25438468894518657,0.3735940821316304
4,bnci004,MMP_moe,CSP,lda,sa,1,0,0,4984,0.05,no_leakage_v1_alpha005,gate_all_sources_proxy_source_only_final_training_only,mmd,,,,,moe,coral,near_nearest_proxy,main,,0,0train,target,False,,,,,,
4,bnci004,MMP_moe,CSP,lda,sa,1,0,0,4984,0.05,no_leakage_v1_alpha005,gate_all_sources_proxy_source_only_final_training_only,mmd,,,,,moe,coral,near_nearest_proxy,final,,0,0train,target,False,,,,,,
4,bnci004,MMP_moe,CSP,lda,sa,1,1,1,5015,0.05,no_leakage_v1_alpha005,gate_all_sources_proxy_source_only_final_training_only,mmd,,,,,moe,coral,near_nearest_proxy,main,0.0,0,0train,nearest,True,0.4262796647808679,1.0,direct,0.06949461002561934,0.035906150822978294,0.11096699897208212
4,bnci004,MMP_moe,CSP,lda,sa,1,1,1,5015,0.05,no_leakage_v1_alpha005,gate_all_sources_proxy_source_only_final_training_only,mmd,,,,,moe,coral,near_nearest_proxy,anchor,0.0,0,0train,target,False,,1.0,direct,0.06949461002561934,0.035906150822978294,0.11096699897208212
4,bnci004,MMP_moe,CSP,lda,sa,1,1,1,5015,0.05,no_leakage_v1_alpha005,gate_all_sources_proxy_source_only_final_training_only,mmd,,,,,moe,coral,near_nearest_proxy,final,0.0,0,0train,train,True,0.4262796647808679,1.0,direct,0.06949461002561934,0.035906150822978294,0.11096699897208212
4,bnci004,MMP_moe,CSP,lda,sa,1,1,1,5015,0.05,no_leakage_v1_alpha005,gate_all_sources_proxy_source_only_final_training_only,mmd,,,,,moe,coral,near_nearest_proxy,main,1.0,2,2train,near,False,0.2596210395749486,1.0,direct,0.11410595140102764,0.07960504399470515,0.15777924243939417
4,bnci004,MMP_moe,CSP,lda,sa,1,1,1,5015,0.05,no_leakage_v1_alpha005,gate_all_sources_proxy_source_only_final_training_only,mmd,,,,,moe,coral,near_nearest_proxy,anchor,1.0,2,2train,proxy_source,False,0.45252194080899444,1.0,direct,0.11410595140102764,0.07960504399470515,0.15777924243939417
4,bnci004,MMP_moe,CSP,lda,sa,1,1,1,5015,0.05,no_leakage_v1_alpha005,gate_all_sources_proxy_source_only_final_training_only,mmd,,,,,moe,coral,near_nearest_proxy,final,1.0,2,2train,train,False,0.2596210395749486,1.0,direct,0.11410595140102764,0.07960504399470515,0.15777924243939417
4,bnci004,MMP_moe,CSP,lda,sa,1,1,1,5015,0.05,no_leakage_v1_alpha005,gate_all_sources_proxy_source_only_final_training_only,mmd,,,,,moe,coral,near_nearest_proxy,main,2.0,3,3test,near,False,0.3140992956441836,1.0,direct,0.09431492415610535,0.0631282914554482,0.1257793859194668
4,bnci004,MMP_moe,CSP,lda,sa,1,1,1,5015,0.05,no_leakage_v1_alpha005,gate_all_sources_proxy_source_only_final_training_only,mmd,,,,,moe,coral,near_nearest_proxy,anchor,2.0,3,3test,proxy_source,False,0.5474780591910057,1.0,direct,0.09431492415610535,0.0631282914554482,0.1257793859194668
4,bnci004,MMP_moe,CSP,lda,sa,1,1,1,5015,0.05,no_leakage_v1_alpha005,gate_all_sources_proxy_source_only_final_training_only,mmd,,,,,moe,coral,near_nearest_proxy,final,2.0,3,3test,train,False,0.3140992956441836,1.0,direct,0.09431492415610535,0.0631282914554482,0.1257793859194668
4,bnci004,MMP_moe,CSP,lda,sa,1,1,1,5015,0.05,no_leakage_v1_alpha005,gate_all_sources_proxy_source_only_final_training_only,mmd,,,,,moe,coral,near_nearest_proxy,main,3.0,4,4test,far,False,,1.0,direct,0.19635053637199334,0.1524967474960708,0.250765666153202
4,bnci004,MMP_moe,CSP,lda,sa,1,1,1,5015,0.05,no_leakage_v1_alpha005,gate_all_sources_proxy_source_only_final_training_only,mmd,,,,,moe,coral,near_nearest_proxy,anchor,3.0,4,4test,not_used,False,,1.0,direct,0.19635053637199334,0.1524967474960708,0.250765666153202
4,bnci004,MMP_moe,CSP,lda,sa,1,1,1,5015,0.05,no_leakage_v1_alpha005,gate_all_sources_proxy_source_only_final_training_only,mmd,,,,,moe,coral,near_nearest_proxy,final,3.0,4,4test,not_used,False,,1.0,direct,0.19635053637199334,0.1524967474960708,0.250765666153202
4,bnci004,MMP_moe,CSP,lda,sa,1,1,1,5015,0.05,no_leakage_v1_alpha005,gate_all_sources_proxy_source_only_final_training_only,mmd,,,,,moe,coral,near_nearest_proxy,main,,1,1train,target,False,,,,,,
4,bnci004,MMP_moe,CSP,lda,sa,1,1,1,5015,0.05,no_leakage_v1_alpha005,gate_all_sources_proxy_source_only_final_training_only,mmd,,,,,moe,coral,near_nearest_proxy,final,,1,1train,target,False,,,,,,
4,bnci004,MMP_moe,CSP,lda,sa,1,2,2,5046,0.05,no_leakage_v1_alpha005,gate_all_sources_proxy_source_only_final_training_only,mmd,,,,,moe,coral,near_nearest_proxy,main,0.0,0,0train,far,False,,2.0,direct,0.23708935837040568,0.18168600020753847,0.2925388423122437
4,bnci004,MMP_moe,CSP,lda,sa,1,2,2,5046,0.05,no_leakage_v1_alpha005,gate_all_sources_proxy_source_only_final_training_only,mmd,,,,,moe,coral,near_nearest_proxy,anchor,0.0,0,0train,not_used,False,,2.0,direct,0.23708935837040568,0.18168600020753847,0.2925388423122437
4,bnci004,MMP_moe,CSP,lda,sa,1,2,2,5046,0.05,no_leakage_v1_alpha005,gate_all_sources_proxy_source_only_final_training_only,mmd,,,,,moe,coral,near_nearest_proxy,final,0.0,0,0train,not_used,False,,2.0,direct,0.23708935837040568,0.18168600020753847,0.2925388423122437
4,bnci004,MMP_moe,CSP,lda,sa,1,2,2,5046,0.05,no_leakage_v1_alpha005,gate_all_sources_proxy_source_only_final_training_only,mmd,,,,,moe,coral,near_nearest_proxy,main,1.0,1,1train,near,False,0.4840804333995857,2.0,direct,0.0990052782685928,0.06844206176760195,0.13233459031587927
4,bnci004,MMP_moe,CSP,lda,sa,1,2,2,5046,0.05,no_leakage_v1_alpha005,gate_all_sources_proxy_source_only_final_training_only,mmd,,,,,moe,coral,near_nearest_proxy,anchor,1.0,1,1train,proxy_source,False,1.0,2.0,direct,0.0990052782685928,0.06844206176760195,0.13233459031587927
4,bnci004,MMP_moe,CSP,lda,sa,1,2,2,5046,0.05,no_leakage_v1_alpha005,gate_all_sources_proxy_source_only_final_training_only,mmd,,,,,moe,coral,near_nearest_proxy,final,1.0,1,1train,train,False,0.4840804333995857,2.0,direct,0.0990052782685928,0.06844206176760195,0.13233459031587927
4,bnci004,MMP_moe,CSP,lda,sa,1,2,2,5046,0.05,no_leakage_v1_alpha005,gate_all_sources_proxy_source_only_final_training_only,mmd,,,,,moe,coral,near_nearest_proxy,main,2.0,3,3test,far,False,,2.0,direct,0.1876675297344804,0.1446546086660629,0.23155148970409783
4,bnci004,MMP_moe,CSP,lda,sa,1,2,2,5046,0.05,no_leakage_v1_alpha005,gate_all_sources_proxy_source_only_final_training_only,mmd,,,,,moe,coral,near_nearest_proxy,anchor,2.0,3,3test,not_used,False,,2.0,direct,0.1876675297344804,0.1446546086660629,0.23155148970409783
4,bnci004,MMP_moe,CSP,lda,sa,1,2,2,5046,0.05,no_leakage_v1_alpha005,gate_all_sources_proxy_source_only_final_training_only,mmd,,,,,moe,coral,near_nearest_proxy,final,2.0,3,3test,not_used,False,,2.0,direct,0.1876675297344804,0.1446546086660629,0.23155148970409783
4,bnci004,MMP_moe,CSP,lda,sa,1,2,2,5046,0.05,no_leakage_v1_alpha005,gate_all_sources_proxy_source_only_final_training_only,mmd,,,,,moe,coral,near_nearest_proxy,main,3.0,4,4test,nearest,True,0.5159195666004143,2.0,direct,0.09289526755067504,0.0655646607891914,0.1319630007855909
4,bnci004,MMP_moe,CSP,lda,sa,1,2,2,5046,0.05,no_leakage_v1_alpha005,gate_all_sources_proxy_source_only_final_training_only,mmd,,,,,moe,coral,near_nearest_proxy,anchor,3.0,4,4test,target,False,,2.0,direct,0.09289526755067504,0.0655646607891914,0.1319630007855909
4,bnci004,MMP_moe,CSP,lda,sa,1,2,2,5046,0.05,no_leakage_v1_alpha005,gate_all_sources_proxy_source_only_final_training_only,mmd,,,,,moe,coral,near_nearest_proxy,final,3.0,4,4test,train,True,0.5159195666004143,2.0,direct,0.09289526755067504,0.0655646607891914,0.1319630007855909
4,bnci004,MMP_moe,CSP,lda,sa,1,2,2,5046,0.05,no_leakage_v1_alpha005,gate_all_sources_proxy_source_only_final_training_only,mmd,,,,,moe,coral,near_nearest_proxy,main,,2,2train,target,False,,,,,,
4,bnci004,MMP_moe,CSP,lda,sa,1,2,2,5046,0.05,no_leakage_v1_alpha005,gate_all_sources_proxy_source_only_final_training_only,mmd,,,,,moe,coral,near_nearest_proxy,final,,2,2train,target,False,,,,,,
4,bnci004,MMP_moe,CSP,lda,sa,1,3,3,5077,0.05,no_leakage_v1_alpha005,gate_all_sources_proxy_source_only_final_training_only,mmd,,,,,moe,coral,near_nearest_proxy,main,0.0,0,0train,near,False,0.4929858615169564,3.0,direct,0.10934041270110616,0.0777250637924735,0.14050762421968818
4,bnci004,MMP_moe,CSP,lda,sa,1,3,3,5077,0.05,no_leakage_v1_alpha005,gate_all_sources_proxy_source_only_final_training_only,mmd,,,,,moe,coral,near_nearest_proxy,anchor,0.0,0,0train,proxy_source,False,1.0,3.0,direct,0.10934041270110616,0.0777250637924735,0.14050762421968818
4,bnci004,MMP_moe,CSP,lda,sa,1,3,3,5077,0.05,no_leakage_v1_alpha005,gate_all_sources_proxy_source_only_final_training_only,mmd,,,,,moe,coral,near_nearest_proxy,final,0.0,0,0train,train,False,0.4929858615169564,3.0,direct,0.10934041270110616,0.0777250637924735,0.14050762421968818
4,bnci004,MMP_moe,CSP,lda,sa,1,3,3,5077,0.05,no_leakage_v1_alpha005,gate_all_sources_proxy_source_only_final_training_only,mmd,,,,,moe,coral,near_nearest_proxy,main,1.0,1,1train,nearest,True,0.5070141384830437,3.0,direct,0.10631510925330959,0.0798097024162443,0.13945253459164403
4,bnci004,MMP_moe,CSP,lda,sa,1,3,3,5077,0.05,no_leakage_v1_alpha005,gate_all_sources_proxy_source_only_final_training_only,mmd,,,,,moe,coral,near_nearest_proxy,anchor,1.0,1,1train,target,False,,3.0,direct,0.10631510925330959,0.0798097024162443,0.13945253459164403
4,bnci004,MMP_moe,CSP,lda,sa,1,3,3,5077,0.05,no_leakage_v1_alpha005,gate_all_sources_proxy_source_only_final_training_only,mmd,,,,,moe,coral,near_nearest_proxy,final,1.0,1,1train,train,True,0.5070141384830437,3.0,direct,0.10631510925330959,0.0798097024162443,0.13945253459164403
4,bnci004,MMP_moe,CSP,lda,sa,1,3,3,5077,0.05,no_leakage_v1_alpha005,gate_all_sources_proxy_source_only_final_training_only,mmd,,,,,moe,coral,near_nearest_proxy,main,2.0,2,2train,far,False,,3.0,direct,0.18428449244551004,0.14198547263791603,0.2306535524721556
4,bnci004,MMP_moe,CSP,lda,sa,1,3,3,5077,0.05,no_leakage_v1_alpha005,gate_all_sources_proxy_source_only_final_training_only,mmd,,,,,moe,coral,near_nearest_proxy,anchor,2.0,2,2train,not_used,False,,3.0,direct,0.18428449244551004,0.14198547263791603,0.2306535524721556
4,bnci004,MMP_moe,CSP,lda,sa,1,3,3,5077,0.05,no_leakage_v1_alpha005,gate_all_sources_proxy_source_only_final_training_only,mmd,,,,,moe,coral,near_nearest_proxy,final,2.0,2,2train,not_used,False,,3.0,direct,0.18428449244551004,0.14198547263791603,0.2306535524721556
4,bnci004,MMP_moe,CSP,lda,sa,1,3,3,5077,0.05,no_leakage_v1_alpha005,gate_all_sources_proxy_source_only_final_training_only,mmd,,,,,moe,coral,near_nearest_proxy,main,3.0,4,4test,far,False,,3.0,direct,0.3337501639695822,0.288192908144364,0.3780076209275304
4,bnci004,MMP_moe,CSP,lda,sa,1,3,3,5077,0.05,no_leakage_v1_alpha005,gate_all_sources_proxy_source_only_final_training_only,mmd,,,,,moe,coral,near_nearest_proxy,anchor,3.0,4,4test,not_used,False,,3.0,direct,0.3337501639695822,0.288192908144364,0.3780076209275304
4,bnci004,MMP_moe,CSP,lda,sa,1,3,3,5077,0.05,no_leakage_v1_alpha005,gate_all_sources_proxy_source_only_final_training_only,mmd,,,,,moe,coral,near_nearest_proxy,final,3.0,4,4test,not_used,False,,3.0,direct,0.3337501639695822,0.288192908144364,0.3780076209275304
4,bnci004,MMP_moe,CSP,lda,sa,1,3,3,5077,0.05,no_leakage_v1_alpha005,gate_all_sources_proxy_source_only_final_training_only,mmd,,,,,moe,coral,near_nearest_proxy,main,,3,3test,target,False,,,,,,
4,bnci004,MMP_moe,CSP,lda,sa,1,3,3,5077,0.05,no_leakage_v1_alpha005,gate_all_sources_proxy_source_only_final_training_only,mmd,,,,,moe,coral,near_nearest_proxy,final,,3,3test,target,False,,,,,,
4,bnci004,MMP_moe,CSP,lda,sa,1,4,4,5108,0.05,no_leakage_v1_alpha005,gate_all_sources_proxy_source_only_final_training_only,mmd,,,,,moe,coral,near_nearest_proxy,main,0.0,0,0train,far,False,,4.0,direct,0.32625121863127304,0.2707832325675509,0.3802007972474733
4,bnci004,MMP_moe,CSP,lda,sa,1,4,4,5108,0.05,no_leakage_v1_alpha005,gate_all_sources_proxy_source_only_final_training_only,mmd,,,,,moe,coral,near_nearest_proxy,anchor,0.0,0,0train,not_used,False,,4.0,direct,0.32625121863127304,0.2707832325675509,0.3802007972474733
4,bnci004,MMP_moe,CSP,lda,sa,1,4,4,5108,0.05,no_leakage_v1_alpha005,gate_all_sources_proxy_source_only_final_training_only,mmd,,,,,moe,coral,near_nearest_proxy,final,0.0,0,0train,not_used,False,,4.0,direct,0.32625121863127304,0.2707832325675509,0.3802007972474733
4,bnci004,MMP_moe,CSP,lda,sa,1,4,4,5108,0.05,no_leakage_v1_alpha005,gate_all_sources_proxy_source_only_final_training_only,mmd,,,,,moe,coral,near_nearest_proxy,main,1.0,1,1train,near,False,0.3651645700304794,4.0,direct,0.16134891763004972,0.12180887394087557,0.2062786054462594
4,bnci004,MMP_moe,CSP,lda,sa,1,4,4,5108,0.05,no_leakage_v1_alpha005,gate_all_sources_proxy_source_only_final_training_only,mmd,,,,,moe,coral,near_nearest_proxy,anchor,1.0,1,1train,proxy_source,False,1.0,4.0,direct,0.16134891763004972,0.12180887394087557,0.2062786054462594
4,bnci004,MMP_moe,CSP,lda,sa,1,4,4,5108,0.05,no_leakage_v1_alpha005,gate_all_sources_proxy_source_only_final_training_only,mmd,,,,,moe,coral,near_nearest_proxy,final,1.0,1,1train,train,False,0.3651645700304794,4.0,direct,0.16134891763004972,0.12180887394087557,0.2062786054462594
4,bnci004,MMP_moe,CSP,lda,sa,1,4,4,5108,0.05,no_leakage_v1_alpha005,gate_all_sources_proxy_source_only_final_training_only,mmd,,,,,moe,coral,near_nearest_proxy,main,2.0,2,2train,nearest,True,0.6348354299695207,4.0,direct,0.09280931038021802,0.062146278998114916,0.12913498797494138
4,bnci004,MMP_moe,CSP,lda,sa,1,4,4,5108,0.05,no_leakage_v1_alpha005,gate_all_sources_proxy_source_only_final_training_only,mmd,,,,,moe,coral,near_nearest_proxy,anchor,2.0,2,2train,target,False,,4.0,direct,0.09280931038021802,0.062146278998114916,0.12913498797494138
4,bnci004,MMP_moe,CSP,lda,sa,1,4,4,5108,0.05,no_leakage_v1_alpha005,gate_all_sources_proxy_source_only_final_training_only,mmd,,,,,moe,coral,near_nearest_proxy,final,2.0,2,2train,train,True,0.6348354299695207,4.0,direct,0.09280931038021802,0.062146278998114916,0.12913498797494138
4,bnci004,MMP_moe,CSP,lda,sa,1,4,4,5108,0.05,no_leakage_v1_alpha005,gate_all_sources_proxy_source_only_final_training_only,mmd,,,,,moe,coral,near_nearest_proxy,main,3.0,3,3test,far,False,,4.0,direct,0.3171143774994065,0.2758286088786414,0.36563816373101693
4,bnci004,MMP_moe,CSP,lda,sa,1,4,4,5108,0.05,no_leakage_v1_alpha005,gate_all_sources_proxy_source_only_final_training_only,mmd,,,,,moe,coral,near_nearest_proxy,anchor,3.0,3,3test,not_used,False,,4.0,direct,0.3171143774994065,0.2758286088786414,0.36563816373101693
4,bnci004,MMP_moe,CSP,lda,sa,1,4,4,5108,0.05,no_leakage_v1_alpha005,gate_all_sources_proxy_source_only_final_training_only,mmd,,,,,moe,coral,near_nearest_proxy,final,3.0,3,3test,not_used,False,,4.0,direct,0.3171143774994065,0.2758286088786414,0.36563816373101693
4,bnci004,MMP_moe,CSP,lda,sa,1,4,4,5108,0.05,no_leakage_v1_alpha005,gate_all_sources_proxy_source_only_final_training_only,mmd,,,,,moe,coral,near_nearest_proxy,main,,4,4test,target,False,,,,,,
4,bnci004,MMP_moe,CSP,lda,sa,1,4,4,5108,0.05,no_leakage_v1_alpha005,gate_all_sources_proxy_source_only_final_training_only,mmd,,,,,moe,coral,near_nearest_proxy,final,,4,4test,target,False,,,,,,
4,bnci004,MMP_moe,CSP,lda,pt,2,0,0,5981,0.05,no_leakage_v1_alpha005,gate_all_sources_proxy_source_only_final_training_only,mmd,,,,,moe,coral,near_nearest_proxy,main,0.0,1,1train,nearest,True,0.6528252674699875,0.0,direct,0.06045786578765672,0.03221900791121028,0.09643762504414768
4,bnci004,MMP_moe,CSP,lda,pt,2,0,0,5981,0.05,no_leakage_v1_alpha005,gate_all_sources_proxy_source_only_final_training_only,mmd,,,,,moe,coral,near_nearest_proxy,anchor,0.0,1,1train,target,False,,0.0,direct,0.06045786578765672,0.03221900791121028,0.09643762504414768
4,bnci004,MMP_moe,CSP,lda,pt,2,0,0,5981,0.05,no_leakage_v1_alpha005,gate_all_sources_proxy_source_only_final_training_only,mmd,,,,,moe,coral,near_nearest_proxy,final,0.0,1,1train,train,True,0.6528252674699875,0.0,direct,0.06045786578765672,0.03221900791121028,0.09643762504414768
4,bnci004,MMP_moe,CSP,lda,pt,2,0,0,5981,0.05,no_leakage_v1_alpha005,gate_all_sources_proxy_source_only_final_training_only,mmd,,,,,moe,coral,near_nearest_proxy,main,1.0,2,2train,far,False,,0.0,direct,0.22340299059147362,0.17786677646637086,0.27882373940974037
4,bnci004,MMP_moe,CSP,lda,pt,2,0,0,5981,0.05,no_leakage_v1_alpha005,gate_all_sources_proxy_source_only_final_training_only,mmd,,,,,moe,coral,near_nearest_proxy,anchor,1.0,2,2train,not_used,False,,0.0,direct,0.22340299059147362,0.17786677646637086,0.27882373940974037
4,bnci004,MMP_moe,CSP,lda,pt,2,0,0,5981,0.05,no_leakage_v1_alpha005,gate_all_sources_proxy_source_only_final_training_only,mmd,,,,,moe,coral,near_nearest_proxy,final,1.0,2,2train,not_used,False,,0.0,direct,0.22340299059147362,0.17786677646637086,0.27882373940974037
4,bnci004,MMP_moe,CSP,lda,pt,2,0,0,5981,0.05,no_leakage_v1_alpha005,gate_all_sources_proxy_source_only_final_training_only,mmd,,,,,moe,coral,near_nearest_proxy,main,2.0,3,3test,near,False,0.3471747325300125,0.0,direct,0.11368548559510895,0.08084087551567329,0.14493437712692267
4,bnci004,MMP_moe,CSP,lda,pt,2,0,0,5981,0.05,no_leakage_v1_alpha005,gate_all_sources_proxy_source_only_final_training_only,mmd,,,,,moe,coral,near_nearest_proxy,anchor,2.0,3,3test,proxy_source,False,1.0,0.0,direct,0.11368548559510895,0.08084087551567329,0.14493437712692267
4,bnci004,MMP_moe,CSP,lda,pt,2,0,0,5981,0.05,no_leakage_v1_alpha005,gate_all_sources_proxy_source_only_final_training_only,mmd,,,,,moe,coral,near_nearest_proxy,final,2.0,3,3test,train,False,0.3471747325300125,0.0,direct,0.11368548559510895,0.08084087551567329,0.14493437712692267
4,bnci004,MMP_moe,CSP,lda,pt,2,0,0,5981,0.05,no_leakage_v1_alpha005,gate_all_sources_proxy_source_only_final_training_only,mmd,,,,,moe,coral,near_nearest_proxy,main,3.0,4,4test,far,False,,0.0,direct,0.31363523481899575,0.2664664815624865,0.36897207148463673
4,bnci004,MMP_moe,CSP,lda,pt,2,0,0,5981,0.05,no_leakage_v1_alpha005,gate_all_sources_proxy_source_only_final_training_only,mmd,,,,,moe,coral,near_nearest_proxy,anchor,3.0,4,4test,not_used,False,,0.0,direct,0.31363523481899575,0.2664664815624865,0.36897207148463673
4,bnci004,MMP_moe,CSP,lda,pt,2,0,0,5981,0.05,no_leakage_v1_alpha005,gate_all_sources_proxy_source_only_final_training_only,mmd,,,,,moe,coral,near_nearest_proxy,final,3.0,4,4test,not_used,False,,0.0,direct,0.31363523481899575,0.2664664815624865,0.36897207148463673
4,bnci004,MMP_moe,CSP,lda,pt,2,0,0,5981,0.05,no_leakage_v1_alpha005,gate_all_sources_proxy_source_only_final_training_only,mmd,,,,,moe,coral,near_nearest_proxy,main,,0,0train,target,False,,,,,,
4,bnci004,MMP_moe,CSP,lda,pt,2,0,0,5981,0.05,no_leakage_v1_alpha005,gate_all_sources_proxy_source_only_final_training_only,mmd,,,,,moe,coral,near_nearest_proxy,final,,0,0train,target,False,,,,,,
4,bnci004,MMP_moe,CSP,lda,pt,2,1,1,6012,0.05,no_leakage_v1_alpha005,gate_all_sources_proxy_source_only_final_training_only,mmd,,,,,moe,coral,near_nearest_proxy,main,0.0,0,0train,nearest,True,0.4056429963020733,1.0,direct,0.07493113996296134,0.04097953383426212,0.13167060097952601
4,bnci004,MMP_moe,CSP,lda,pt,2,1,1,6012,0.05,no_leakage_v1_alpha005,gate_all_sources_proxy_source_only_final_training_only,mmd,,,,,moe,coral,near_nearest_proxy,anchor,0.0,0,0train,target,False,,1.0,direct,0.07493113996296134,0.04097953383426212,0.13167060097952601
4,bnci004,MMP_moe,CSP,lda,pt,2,1,1,6012,0.05,no_leakage_v1_alpha005,gate_all_sources_proxy_source_only_final_training_only,mmd,,,,,moe,coral,near_nearest_proxy,final,0.0,0,0train,train,True,0.4056429963020733,1.0,direct,0.07493113996296134,0.04097953383426212,0.13167060097952601
4,bnci004,MMP_moe,CSP,lda,pt,2,1,1,6012,0.05,no_leakage_v1_alpha005,gate_all_sources_proxy_source_only_final_training_only,mmd,,,,,moe,coral,near_nearest_proxy,main,1.0,2,2train,near,False,0.2687351101530796,1.0,direct,0.11310553735043279,0.07894111001287708,0.15252736850613016
4,bnci004,MMP_moe,CSP,lda,pt,2,1,1,6012,0.05,no_leakage_v1_alpha005,gate_all_sources_proxy_source_only_final_training_only,mmd,,,,,moe,coral,near_nearest_proxy,anchor,1.0,2,2train,proxy_source,False,0.45214426427396875,1.0,direct,0.11310553735043279,0.07894111001287708,0.15252736850613016
4,bnci004,MMP_moe,CSP,lda,pt,2,1,1,6012,0.05,no_leakage_v1_alpha005,gate_all_sources_proxy_source_only_final_training_only,mmd,,,,,moe,coral,near_nearest_proxy,final,1.0,2,2train,train,False,0.2687351101530796,1.0,direct,0.11310553735043279,0.07894111001287708,0.15252736850613016
4,bnci004,MMP_moe,CSP,lda,pt,2,1,1,6012,0.05,no_leakage_v1_alpha005,gate_all_sources_proxy_source_only_final_training_only,mmd,,,,,moe,coral,near_nearest_proxy,main,2.0,3,3test,near,False,0.32562189354484716,1.0,direct,0.09334560345777898,0.06412304873116878,0.12902497818802322
4,bnci004,MMP_moe,CSP,lda,pt,2,1,1,6012,0.05,no_leakage_v1_alpha005,gate_all_sources_proxy_source_only_final_training_only,mmd,,,,,moe,coral,near_nearest_proxy,anchor,2.0,3,3test,proxy_source,False,0.5478557357260313,1.0,direct,0.09334560345777898,0.06412304873116878,0.12902497818802322
4,bnci004,MMP_moe,CSP,lda,pt,2,1,1,6012,0.05,no_leakage_v1_alpha005,gate_all_sources_proxy_source_only_final_training_only,mmd,,,,,moe,coral,near_nearest_proxy,final,2.0,3,3test,train,False,0.32562189354484716,1.0,direct,0.09334560345777898,0.06412304873116878,0.12902497818802322
4,bnci004,MMP_moe,CSP,lda,pt,2,1,1,6012,0.05,no_leakage_v1_alpha005,gate_all_sources_proxy_source_only_final_training_only,mmd,,,,,moe,coral,near_nearest_proxy,main,3.0,4,4test,far,False,,1.0,direct,0.19828974004182576,0.15153007095089094,0.25577685268155265
4,bnci004,MMP_moe,CSP,lda,pt,2,1,1,6012,0.05,no_leakage_v1_alpha005,gate_all_sources_proxy_source_only_final_training_only,mmd,,,,,moe,coral,near_nearest_proxy,anchor,3.0,4,4test,not_used,False,,1.0,direct,0.19828974004182576,0.15153007095089094,0.25577685268155265
4,bnci004,MMP_moe,CSP,lda,pt,2,1,1,6012,0.05,no_leakage_v1_alpha005,gate_all_sources_proxy_source_only_final_training_only,mmd,,,,,moe,coral,near_nearest_proxy,final,3.0,4,4test,not_used,False,,1.0,direct,0.19828974004182576,0.15153007095089094,0.25577685268155265
4,bnci004,MMP_moe,CSP,lda,pt,2,1,1,6012,0.05,no_leakage_v1_alpha005,gate_all_sources_proxy_source_only_final_training_only,mmd,,,,,moe,coral,near_nearest_proxy,main,,1,1train,target,False,,,,,,
4,bnci004,MMP_moe,CSP,lda,pt,2,1,1,6012,0.05,no_leakage_v1_alpha005,gate_all_sources_proxy_source_only_final_training_only,mmd,,,,,moe,coral,near_nearest_proxy,final,,1,1train,target,False,,,,,,
4,bnci004,MMP_moe,CSP,lda,pt,2,2,2,6043,0.05,no_leakage_v1_alpha005,gate_all_sources_proxy_source_only_final_training_only,mmd,,,,,moe,coral,near_nearest_proxy,main,0.0,0,0train,far,False,,2.0,direct,0.23529752342076102,0.1830344221079303,0.2943710431885311
4,bnci004,MMP_moe,CSP,lda,pt,2,2,2,6043,0.05,no_leakage_v1_alpha005,gate_all_sources_proxy_source_only_final_training_only,mmd,,,,,moe,coral,near_nearest_proxy,anchor,0.0,0,0train,not_used,False,,2.0,direct,0.23529752342076102,0.1830344221079303,0.2943710431885311
4,bnci004,MMP_moe,CSP,lda,pt,2,2,2,6043,0.05,no_leakage_v1_alpha005,gate_all_sources_proxy_source_only_final_training_only,mmd,,,,,moe,coral,near_nearest_proxy,final,0.0,0,0train,not_used,False,,2.0,direct,0.23529752342076102,0.1830344221079303,0.2943710431885311
4,bnci004,MMP_moe,CSP,lda,pt,2,2,2,6043,0.05,no_leakage_v1_alpha005,gate_all_sources_proxy_source_only_final_training_only,mmd,,,,,moe,coral,near_nearest_proxy,main,1.0,1,1train,near,False,0.49277469694790293,2.0,direct,0.0978178306511587,0.06961450879016125,0.13165469263559357
4,bnci004,MMP_moe,CSP,lda,pt,2,2,2,6043,0.05,no_leakage_v1_alpha005,gate_all_sources_proxy_source_only_final_training_only,mmd,,,,,moe,coral,near_nearest_proxy,anchor,1.0,1,1train,proxy_source,False,1.0,2.0,direct,0.0978178306511587,0.06961450879016125,0.13165469263559357
4,bnci004,MMP_moe,CSP,lda,pt,2,2,2,6043,0.05,no_leakage_v1_alpha005,gate_all_sources_proxy_source_only_final_training_only,mmd,,,,,moe,coral,near_nearest_proxy,final,1.0,1,1train,train,False,0.49277469694790293,2.0,direct,0.0978178306511587,0.06961450879016125,0.13165469263559357
4,bnci004,MMP_moe,CSP,lda,pt,2,2,2,6043,0.05,no_leakage_v1_alpha005,gate_all_sources_proxy_source_only_final_training_only,mmd,,,,,moe,coral,near_nearest_proxy,main,2.0,3,3test,far,False,,2.0,direct,0.1864500429831494,0.14599680939930582,0.23088387643741082
4,bnci004,MMP_moe,CSP,lda,pt,2,2,2,6043,0.05,no_leakage_v1_alpha005,gate_all_sources_proxy_source_only_final_training_only,mmd,,,,,moe,coral,near_nearest_proxy,anchor,2.0,3,3test,not_used,False,,2.0,direct,0.1864500429831494,0.14599680939930582,0.23088387643741082
4,bnci004,MMP_moe,CSP,lda,pt,2,2,2,6043,0.05,no_leakage_v1_alpha005,gate_all_sources_proxy_source_only_final_training_only,mmd,,,,,moe,coral,near_nearest_proxy,final,2.0,3,3test,not_used,False,,2.0,direct,0.1864500429831494,0.14599680939930582,0.23088387643741082
4,bnci004,MMP_moe,CSP,lda,pt,2,2,2,6043,0.05,no_leakage_v1_alpha005,gate_all_sources_proxy_source_only_final_training_only,mmd,,,,,moe,coral,near_nearest_proxy,main,3.0,4,4test,nearest,True,0.507225303052097,2.0,direct,0.09503101898619022,0.06850236239585367,0.1278989423228896
4,bnci004,MMP_moe,CSP,lda,pt,2,2,2,6043,0.05,no_leakage_v1_alpha005,gate_all_sources_proxy_source_only_final_training_only,mmd,,,,,moe,coral,near_nearest_proxy,anchor,3.0,4,4test,target,False,,2.0,direct,0.09503101898619022,0.06850236239585367,0.1278989423228896
4,bnci004,MMP_moe,CSP,lda,pt,2,2,2,6043,0.05,no_leakage_v1_alpha005,gate_all_sources_proxy_source_only_final_training_only,mmd,,,,,moe,coral,near_nearest_proxy,final,3.0,4,4test,train,True,0.507225303052097,2.0,direct,0.09503101898619022,0.06850236239585367,0.1278989423228896
4,bnci004,MMP_moe,CSP,lda,pt,2,2,2,6043,0.05,no_leakage_v1_alpha005,gate_all_sources_proxy_source_only_final_training_only,mmd,,,,,moe,coral,near_nearest_proxy,main,,2,2train,target,False,,,,,,
4,bnci004,MMP_moe,CSP,lda,pt,2,2,2,6043,0.05,no_leakage_v1_alpha005,gate_all_sources_proxy_source_only_final_training_only,mmd,,,,,moe,coral,near_nearest_proxy,final,,2,2train,target,False,,,,,,
4,bnci004,MMP_moe,CSP,lda,pt,2,3,3,6074,0.05,no_leakage_v1_alpha005,gate_all_sources_proxy_source_only_final_training_only,mmd,,,,,moe,coral,near_nearest_proxy,main,0.0,0,0train,near,False,0.38121119353287475,3.0,direct,0.10850812493258477,0.0788504195047924,0.1427156399931049
4,bnci004,MMP_moe,CSP,lda,pt,2,3,3,6074,0.05,no_leakage_v1_alpha005,gate_all_sources_proxy_source_only_final_training_only,mmd,,,,,moe,coral,near_nearest_proxy,anchor,0.0,0,0train,proxy_source,False,0.6262007419934886,3.0,direct,0.10850812493258477,0.0788504195047924,0.1427156399931049
4,bnci004,MMP_moe,CSP,lda,pt,2,3,3,6074,0.05,no_leakage_v1_alpha005,gate_all_sources_proxy_source_only_final_training_only,mmd,,,,,moe,coral,near_nearest_proxy,final,0.0,0,0train,train,False,0.38121119353287475,3.0,direct,0.10850812493258477,0.0788504195047924,0.1427156399931049
4,bnci004,MMP_moe,CSP,lda,pt,2,3,3,6074,0.05,no_leakage_v1_alpha005,gate_all_sources_proxy_source_only_final_training_only,mmd,,,,,moe,coral,near_nearest_proxy,main,1.0,1,1train,nearest,True,0.39123164830609747,3.0,direct,0.10572892549006362,0.07904624712139616,0.1464144758452653
4,bnci004,MMP_moe,CSP,lda,pt,2,3,3,6074,0.05,no_leakage_v1_alpha005,gate_all_sources_proxy_source_only_final_training_only,mmd,,,,,moe,coral,near_nearest_proxy,anchor,1.0,1,1train,target,False,,3.0,direct,0.10572892549006362,0.07904624712139616,0.1464144758452653
4,bnci004,MMP_moe,CSP,lda,pt,2,3,3,6074,0.05,no_leakage_v1_alpha005,gate_all_sources_proxy_source_only_final_training_only,mmd,,,,,moe,coral,near_nearest_proxy,final,1.0,1,1train,train,True,0.39123164830609747,3.0,direct,0.10572892549006362,0.07904624712139616,0.1464144758452653
4,bnci004,MMP_moe,CSP,lda,pt,2,3,3,6074,0.05,no_leakage_v1_alpha005,gate_all_sources_proxy_source_only_final_training_only,mmd,,,,,moe,coral,near_nearest_proxy,main,2.0,2,2train,near,False,0.22755715816102778,3.0,direct,0.18177703484207317,0.1425118110589939,0.23264205742513158
4,bnci004,MMP_moe,CSP,lda,pt,2,3,3,6074,0.05,no_leakage_v1_alpha005,gate_all_sources_proxy_source_only_final_training_only,mmd,,,,,moe,coral,near_nearest_proxy,anchor,2.0,2,2train,proxy_source,False,0.3737992580065115,3.0,direct,0.18177703484207317,0.1425118110589939,0.23264205742513158
4,bnci004,MMP_moe,CSP,lda,pt,2,3,3,6074,0.05,no_leakage_v1_alpha005,gate_all_sources_proxy_source_only_final_training_only,mmd,,,,,moe,coral,near_nearest_proxy,final,2.0,2,2train,train,False,0.22755715816102778,3.0,direct,0.18177703484207317,0.1425118110589939,0.23264205742513158
4,bnci004,MMP_moe,CSP,lda,pt,2,3,3,6074,0.05,no_leakage_v1_alpha005,gate_all_sources_proxy_source_only_final_training_only,mmd,,,,,moe,coral,near_nearest_proxy,main,3.0,4,4test,far,False,,3.0,direct,0.3337159307319112,0.29011280976395193,0.37665306035862695
4,bnci004,MMP_moe,CSP,lda,pt,2,3,3,6074,0.05,no_leakage_v1_alpha005,gate_all_sources_proxy_source_only_final_training_only,mmd,,,,,moe,coral,near_nearest_proxy,anchor,3.0,4,4test,not_used,False,,3.0,direct,0.3337159307319112,0.29011280976395193,0.37665306035862695
4,bnci004,MMP_moe,CSP,lda,pt,2,3,3,6074,0.05,no_leakage_v1_alpha005,gate_all_sources_proxy_source_only_final_training_only,mmd,,,,,moe,coral,near_nearest_proxy,final,3.0,4,4test,not_used,False,,3.0,direct,0.3337159307319112,0.29011280976395193,0.37665306035862695
4,bnci004,MMP_moe,CSP,lda,pt,2,3,3,6074,0.05,no_leakage_v1_alpha005,gate_all_sources_proxy_source_only_final_training_only,mmd,,,,,moe,coral,near_nearest_proxy,main,,3,3test,target,False,,,,,,
4,bnci004,MMP_moe,CSP,lda,pt,2,3,3,6074,0.05,no_leakage_v1_alpha005,gate_all_sources_proxy_source_only_final_training_only,mmd,,,,,moe,coral,near_nearest_proxy,final,,3,3test,target,False,,,,,,
4,bnci004,MMP_moe,CSP,lda,pt,2,4,4,6105,0.05,no_leakage_v1_alpha005,gate_all_sources_proxy_source_only_final_training_only,mmd,,,,,moe,coral,near_nearest_proxy,main,0.0,0,0train,far,False,,4.0,direct,0.32113562297739845,0.26744965959013883,0.37722809157895887
4,bnci004,MMP_moe,CSP,lda,pt,2,4,4,6105,0.05,no_leakage_v1_alpha005,gate_all_sources_proxy_source_only_final_training_only,mmd,,,,,moe,coral,near_nearest_proxy,anchor,0.0,0,0train,not_used,False,,4.0,direct,0.32113562297739845,0.26744965959013883,0.37722809157895887
4,bnci004,MMP_moe,CSP,lda,pt,2,4,4,6105,0.05,no_leakage_v1_alpha005,gate_all_sources_proxy_source_only_final_training_only,mmd,,,,,moe,coral,near_nearest_proxy,final,0.0,0,0train,not_used,False,,4.0,direct,0.32113562297739845,0.26744965959013883,0.37722809157895887
4,bnci004,MMP_moe,CSP,lda,pt,2,4,4,6105,0.05,no_leakage_v1_alpha005,gate_all_sources_proxy_source_only_final_training_only,mmd,,,,,moe,coral,near_nearest_proxy,main,1.0,1,1train,far,False,,4.0,direct,0.16072383494412976,0.12655157925062313,0.2060750385039285
4,bnci004,MMP_moe,CSP,lda,pt,2,4,4,6105,0.05,no_leakage_v1_alpha005,gate_all_sources_proxy_source_only_final_training_only,mmd,,,,,moe,coral,near_nearest_proxy,anchor,1.0,1,1train,second_nearest_fallback_source,False,1.0,4.0,direct,0.16072383494412976,0.12655157925062313,0.2060750385039285
4,bnci004,MMP_moe,CSP,lda,pt,2,4,4,6105,0.05,no_leakage_v1_alpha005,gate_all_sources_proxy_source_only_final_training_only,mmd,,,,,moe,coral,near_nearest_proxy,final,1.0,1,1train,not_used,False,,4.0,direct,0.16072383494412976,0.12655157925062313,0.2060750385039285
4,bnci004,MMP_moe,CSP,lda,pt,2,4,4,6105,0.05,no_leakage_v1_alpha005,gate_all_sources_proxy_source_only_final_training_only,mmd,,,,,moe,coral,near_nearest_proxy,main,2.0,2,2train,nearest,True,1.0,4.0,direct,0.09250653910637442,0.06192427653644869,0.1258942817661027
4,bnci004,MMP_moe,CSP,lda,pt,2,4,4,6105,0.05,no_leakage_v1_alpha005,gate_all_sources_proxy_source_only_final_training_only,mmd,,,,,moe,coral,near_nearest_proxy,anchor,2.0,2,2train,target,False,,4.0,direct,0.09250653910637442,0.06192427653644869,0.1258942817661027
4,bnci004,MMP_moe,CSP,lda,pt,2,4,4,6105,0.05,no_leakage_v1_alpha005,gate_all_sources_proxy_source_only_final_training_only,mmd,,,,,moe,coral,near_nearest_proxy,final,2.0,2,2train,train,True,1.0,4.0,direct,0.09250653910637442,0.06192427653644869,0.1258942817661027
4,bnci004,MMP_moe,CSP,lda,pt,2,4,4,6105,0.05,no_leakage_v1_alpha005,gate_all_sources_proxy_source_only_final_training_only,mmd,,,,,moe,coral,near_nearest_proxy,main,3.0,3,3test,far,False,,4.0,direct,0.3166888762408045,0.2755209649596925,0.36012530722421626
4,bnci004,MMP_moe,CSP,lda,pt,2,4,4,6105,0.05,no_leakage_v1_alpha005,gate_all_sources_proxy_source_only_final_training_only,mmd,,,,,moe,coral,near_nearest_proxy,anchor,3.0,3,3test,not_used,False,,4.0,direct,0.3166888762408045,0.2755209649596925,0.36012530722421626
4,bnci004,MMP_moe,CSP,lda,pt,2,4,4,6105,0.05,no_leakage_v1_alpha005,gate_all_sources_proxy_source_only_final_training_only,mmd,,,,,moe,coral,near_nearest_proxy,final,3.0,3,3test,not_used,False,,4.0,direct,0.3166888762408045,0.2755209649596925,0.36012530722421626
4,bnci004,MMP_moe,CSP,lda,pt,2,4,4,6105,0.05,no_leakage_v1_alpha005,gate_all_sources_proxy_source_only_final_training_only,mmd,,,,,moe,coral,near_nearest_proxy,main,,4,4test,target,False,,,,,,
4,bnci004,MMP_moe,CSP,lda,pt,2,4,4,6105,0.05,no_leakage_v1_alpha005,gate_all_sources_proxy_source_only_final_training_only,mmd,,,,,moe,coral,near_nearest_proxy,final,,4,4test,target,False,,,,,,
4,bnci004,MMP_moe,CSP,lda,coral,3,0,0,6978,0.05,no_leakage_v1_alpha005,gate_all_sources_proxy_source_only_final_training_only,mmd,,,,,moe,coral,near_nearest_proxy,main,0.0,1,1train,nearest,True,0.6440058462509151,0.0,direct,0.060729607015315955,0.032560496190713974,0.09364903244343466
4,bnci004,MMP_moe,CSP,lda,coral,3,0,0,6978,0.05,no_leakage_v1_alpha005,gate_all_sources_proxy_source_only_final_training_only,mmd,,,,,moe,coral,near_nearest_proxy,anchor,0.0,1,1train,target,False,,0.0,direct,0.060729607015315955,0.032560496190713974,0.09364903244343466
4,bnci004,MMP_moe,CSP,lda,coral,3,0,0,6978,0.05,no_leakage_v1_alpha005,gate_all_sources_proxy_source_only_final_training_only,mmd,,,,,moe,coral,near_nearest_proxy,final,0.0,1,1train,train,True,0.6440058462509151,0.0,direct,0.060729607015315955,0.032560496190713974,0.09364903244343466
4,bnci004,MMP_moe,CSP,lda,coral,3,0,0,6978,0.05,no_leakage_v1_alpha005,gate_all_sources_proxy_source_only_final_training_only,mmd,,,,,moe,coral,near_nearest_proxy,main,1.0,2,2train,far,False,,0.0,direct,0.22236073464908698,0.1797619037499911,0.2685061543600128
4,bnci004,MMP_moe,CSP,lda,coral,3,0,0,6978,0.05,no_leakage_v1_alpha005,gate_all_sources_proxy_source_only_final_training_only,mmd,,,,,moe,coral,near_nearest_proxy,anchor,1.0,2,2train,not_used,False,,0.0,direct,0.22236073464908698,0.1797619037499911,0.2685061543600128
4,bnci004,MMP_moe,CSP,lda,coral,3,0,0,6978,0.05,no_leakage_v1_alpha005,gate_all_sources_proxy_source_only_final_training_only,mmd,,,,,moe,coral,near_nearest_proxy,final,1.0,2,2train,not_used,False,,0.0,direct,0.22236073464908698,0.1797619037499911,0.2685061543600128
4,bnci004,MMP_moe,CSP,lda,coral,3,0,0,6978,0.05,no_leakage_v1_alpha005,gate_all_sources_proxy_source_only_final_training_only,mmd,,,,,moe,coral,near_nearest_proxy,main,2.0,3,3test,near,False,0.35599415374908494,0.0,direct,0.10986278723454201,0.07712479707369467,0.14390481204012692
4,bnci004,MMP_moe,CSP,lda,coral,3,0,0,6978,0.05,no_leakage_v1_alpha005,gate_all_sources_proxy_source_only_final_training_only,mmd,,,,,moe,coral,near_nearest_proxy,anchor,2.0,3,3test,proxy_source,False,1.0,0.0,direct,0.10986278723454201,0.07712479707369467,0.14390481204012692
4,bnci004,MMP_moe,CSP,lda,coral,3,0,0,6978,0.05,no_leakage_v1_alpha005,gate_all_sources_proxy_source_only_final_training_only,mmd,,,,,moe,coral,near_nearest_proxy,final,2.0,3,3test,train,False,0.35599415374908494,0.0,direct,0.10986278723454201,0.07712479707369467,0.14390481204012692
4,bnci004,MMP_moe,CSP,lda,coral,3,0,0,6978,0.05,no_leakage_v1_alpha005,gate_all_sources_proxy_source_only_final_training_only,mmd,,,,,moe,coral,near_nearest_proxy,main,3.0,4,4test,far,False,,0.0,direct,0.30922925084286357,0.25455030806961704,0.35234344961031716
4,bnci004,MMP_moe,CSP,lda,coral,3,0,0,6978,0.05,no_leakage_v1_alpha005,gate_all_sources_proxy_source_only_final_training_only,mmd,,,,,moe,coral,near_nearest_proxy,anchor,3.0,4,4test,not_used,False,,0.0,direct,0.30922925084286357,0.25455030806961704,0.35234344961031716
4,bnci004,MMP_moe,CSP,lda,coral,3,0,0,6978,0.05,no_leakage_v1_alpha005,gate_all_sources_proxy_source_only_final_training_only,mmd,,,,,moe,coral,near_nearest_proxy,final,3.0,4,4test,not_used,False,,0.0,direct,0.30922925084286357,0.25455030806961704,0.35234344961031716
4,bnci004,MMP_moe,CSP,lda,coral,3,0,0,6978,0.05,no_leakage_v1_alpha005,gate_all_sources_proxy_source_only_final_training_only,mmd,,,,,moe,coral,near_nearest_proxy,main,,0,0train,target,False,,,,,,
4,bnci004,MMP_moe,CSP,lda,coral,3,0,0,6978,0.05,no_leakage_v1_alpha005,gate_all_sources_proxy_source_only_final_training_only,mmd,,,,,moe,coral,near_nearest_proxy,final,,0,0train,target,False,,,,,,
4,bnci004,MMP_moe,CSP,lda,coral,3,1,1,7009,0.05,no_leakage_v1_alpha005,gate_all_sources_proxy_source_only_final_training_only,mmd,,,,,moe,coral,near_nearest_proxy,main,0.0,0,0train,nearest,True,0.42049106962962446,1.0,direct,0.07255298579287985,0.03877402103976491,0.11256691608715816
4,bnci004,MMP_moe,CSP,lda,coral,3,1,1,7009,0.05,no_leakage_v1_alpha005,gate_all_sources_proxy_source_only_final_training_only,mmd,,,,,moe,coral,near_nearest_proxy,anchor,0.0,0,0train,target,False,,1.0,direct,0.07255298579287985,0.03877402103976491,0.11256691608715816
4,bnci004,MMP_moe,CSP,lda,coral,3,1,1,7009,0.05,no_leakage_v1_alpha005,gate_all_sources_proxy_source_only_final_training_only,mmd,,,,,moe,coral,near_nearest_proxy,final,0.0,0,0train,train,True,0.42049106962962446,1.0,direct,0.07255298579287985,0.03877402103976491,0.11256691608715816
4,bnci004,MMP_moe,CSP,lda,coral,3,1,1,7009,0.05,no_leakage_v1_alpha005,gate_all_sources_proxy_source_only_final_training_only,mmd,,,,,moe,coral,near_nearest_proxy,main,1.0,2,2train,near,False,0.26485260737450045,1.0,direct,0.11518874041589107,0.07588812188285683,0.15327961849875396
4,bnci004,MMP_moe,CSP,lda,coral,3,1,1,7009,0.05,no_leakage_v1_alpha005,gate_all_sources_proxy_source_only_final_training_only,mmd,,,,,moe,coral,near_nearest_proxy,anchor,1.0,2,2train,proxy_source,False,0.45702938038457475,1.0,direct,0.11518874041589107,0.07588812188285683,0.15327961849875396
4,bnci004,MMP_moe,CSP,lda,coral,3,1,1,7009,0.05,no_leakage_v1_alpha005,gate_all_sources_proxy_source_only_final_training_only,mmd,,,,,moe,coral,near_nearest_proxy,final,1.0,2,2train,train,False,0.26485260737450045,1.0,direct,0.11518874041589107,0.07588812188285683,0.15327961849875396
4,bnci004,MMP_moe,CSP,lda,coral,3,1,1,7009,0.05,no_leakage_v1_alpha005,gate_all_sources_proxy_source_only_final_training_only,mmd,,,,,moe,coral,near_nearest_proxy,main,2.0,3,3test,near,False,0.3146563229958751,1.0,direct,0.09695654021869939,0.06803012358184209,0.12979289615813866
4,bnci004,MMP_moe,CSP,lda,coral,3,1,1,7009,0.05,no_leakage_v1_alpha005,gate_all_sources_proxy_source_only_final_training_only,mmd,,,,,moe,coral,near_nearest_proxy,anchor,2.0,3,3test,proxy_source,False,0.5429706196154251,1.0,direct,0.09695654021869939,0.06803012358184209,0.12979289615813866
4,bnci004,MMP_moe,CSP,lda,coral,3,1,1,7009,0.05,no_leakage_v1_alpha005,gate_all_sources_proxy_source_only_final_training_only,mmd,,,,,moe,coral,near_nearest_proxy,final,2.0,3,3test,train,False,0.3146563229958751,1.0,direct,0.09695654021869939,0.06803012358184209,0.12979289615813866
4,bnci004,MMP_moe,CSP,lda,coral,3,1,1,7009,0.05,no_leakage_v1_alpha005,gate_all_sources_proxy_source_only_final_training_only,mmd,,,,,moe,coral,near_nearest_proxy,main,3.0,4,4test,far,False,,1.0,direct,0.19657815362449113,0.14022683812876513,0.24887641523392146
4,bnci004,MMP_moe,CSP,lda,coral,3,1,1,7009,0.05,no_leakage_v1_alpha005,gate_all_sources_proxy_source_only_final_training_only,mmd,,,,,moe,coral,near_nearest_proxy,anchor,3.0,4,4test,not_used,False,,1.0,direct,0.19657815362449113,0.14022683812876513,0.24887641523392146
4,bnci004,MMP_moe,CSP,lda,coral,3,1,1,7009,0.05,no_leakage_v1_alpha005,gate_all_sources_proxy_source_only_final_training_only,mmd,,,,,moe,coral,near_nearest_proxy,final,3.0,4,4test,not_used,False,,1.0,direct,0.19657815362449113,0.14022683812876513,0.24887641523392146
4,bnci004,MMP_moe,CSP,lda,coral,3,1,1,7009,0.05,no_leakage_v1_alpha005,gate_all_sources_proxy_source_only_final_training_only,mmd,,,,,moe,coral,near_nearest_proxy,main,,1,1train,target,False,,,,,,
4,bnci004,MMP_moe,CSP,lda,coral,3,1,1,7009,0.05,no_leakage_v1_alpha005,gate_all_sources_proxy_source_only_final_training_only,mmd,,,,,moe,coral,near_nearest_proxy,final,,1,1train,target,False,,,,,,
4,bnci004,MMP_moe,CSP,lda,coral,3,2,2,7040,0.05,no_leakage_v1_alpha005,gate_all_sources_proxy_source_only_final_training_only,mmd,,,,,moe,coral,near_nearest_proxy,main,0.0,0,0train,far,False,,2.0,direct,0.23112887919548356,0.1886221242040127,0.2834326909668686
4,bnci004,MMP_moe,CSP,lda,coral,3,2,2,7040,0.05,no_leakage_v1_alpha005,gate_all_sources_proxy_source_only_final_training_only,mmd,,,,,moe,coral,near_nearest_proxy,anchor,0.0,0,0train,not_used,False,,2.0,direct,0.23112887919548356,0.1886221242040127,0.2834326909668686
4,bnci004,MMP_moe,CSP,lda,coral,3,2,2,7040,0.05,no_leakage_v1_alpha005,gate_all_sources_proxy_source_only_final_training_only,mmd,,,,,moe,coral,near_nearest_proxy,final,0.0,0,0train,not_used,False,,2.0,direct,0.23112887919548356,0.1886221242040127,0.2834326909668686
4,bnci004,MMP_moe,CSP,lda,coral,3,2,2,7040,0.05,no_leakage_v1_alpha005,gate_all_sources_proxy_source_only_final_training_only,mmd,,,,,moe,coral,near_nearest_proxy,main,1.0,1,1train,near,False,0.49154166066109684,2.0,direct,0.09702091886825141,0.06816250166670045,0.12906094371899482
4,bnci004,MMP_moe,CSP,lda,coral,3,2,2,7040,0.05,no_leakage_v1_alpha005,gate_all_sources_proxy_source_only_final_training_only,mmd,,,,,moe,coral,near_nearest_proxy,anchor,1.0,1,1train,proxy_source,False,1.0,2.0,direct,0.09702091886825141,0.06816250166670045,0.12906094371899482
4,bnci004,MMP_moe,CSP,lda,coral,3,2,2,7040,0.05,no_leakage_v1_alpha005,gate_all_sources_proxy_source_only_final_training_only,mmd,,,,,moe,coral,near_nearest_proxy,final,1.0,1,1train,train,False,0.49154166066109684,2.0,direct,0.09702091886825141,0.06816250166670045,0.12906094371899482
4,bnci004,MMP_moe,CSP,lda,coral,3,2,2,7040,0.05,no_leakage_v1_alpha005,gate_all_sources_proxy_source_only_final_training_only,mmd,,,,,moe,coral,near_nearest_proxy,main,2.0,3,3test,far,False,,2.0,direct,0.19071678176875662,0.1443767509569917,0.2389961836169854
4,bnci004,MMP_moe,CSP,lda,coral,3,2,2,7040,0.05,no_leakage_v1_alpha005,gate_all_sources_proxy_source_only_final_training_only,mmd,,,,,moe,coral,near_nearest_proxy,anchor,2.0,3,3test,not_used,False,,2.0,direct,0.19071678176875662,0.1443767509569917,0.2389961836169854
4,bnci004,MMP_moe,CSP,lda,coral,3,2,2,7040,0.05,no_leakage_v1_alpha005,gate_all_sources_proxy_source_only_final_training_only,mmd,,,,,moe,coral,near_nearest_proxy,final,2.0,3,3test,not_used,False,,2.0,direct,0.19071678176875662,0.1443767509569917,0.2389961836169854
4,bnci004,MMP_moe,CSP,lda,coral,3,2,2,7040,0.05,no_leakage_v1_alpha005,gate_all_sources_proxy_source_only_final_training_only,mmd,,,,,moe,coral,near_nearest_proxy,main,3.0,4,4test,nearest,True,0.5084583393389033,2.0,direct,0.09379294815912231,0.06687293995943779,0.12641271050304345
4,bnci004,MMP_moe,CSP,lda,coral,3,2,2,7040,0.05,no_leakage_v1_alpha005,gate_all_sources_proxy_source_only_final_training_only,mmd,,,,,moe,coral,near_nearest_proxy,anchor,3.0,4,4test,target,False,,2.0,direct,0.09379294815912231,0.06687293995943779,0.12641271050304345
4,bnci004,MMP_moe,CSP,lda,coral,3,2,2,7040,0.05,no_leakage_v1_alpha005,gate_all_sources_proxy_source_only_final_training_only,mmd,,,,,moe,coral,near_nearest_proxy,final,3.0,4,4test,train,True,0.5084583393389033,2.0,direct,0.09379294815912231,0.06687293995943779,0.12641271050304345
4,bnci004,MMP_moe,CSP,lda,coral,3,2,2,7040,0.05,no_leakage_v1_alpha005,gate_all_sources_proxy_source_only_final_training_only,mmd,,,,,moe,coral,near_nearest_proxy,main,,2,2train,target,False,,,,,,
4,bnci004,MMP_moe,CSP,lda,coral,3,2,2,7040,0.05,no_leakage_v1_alpha005,gate_all_sources_proxy_source_only_final_training_only,mmd,,,,,moe,coral,near_nearest_proxy,final,,2,2train,target,False,,,,,,
4,bnci004,MMP_moe,CSP,lda,coral,3,3,3,7071,0.05,no_leakage_v1_alpha005,gate_all_sources_proxy_source_only_final_training_only,mmd,,,,,moe,coral,near_nearest_proxy,main,0.0,0,0train,near,False,0.4894232621850251,3.0,direct,0.10986864220264775,0.08245026922277758,0.1444413172589541
4,bnci004,MMP_moe,CSP,lda,coral,3,3,3,7071,0.05,no_leakage_v1_alpha005,gate_all_sources_proxy_source_only_final_training_only,mmd,,,,,moe,coral,near_nearest_proxy,anchor,0.0,0,0train,proxy_source,False,1.0,3.0,direct,0.10986864220264775,0.08245026922277758,0.1444413172589541
4,bnci004,MMP_moe,CSP,lda,coral,3,3,3,7071,0.05,no_leakage_v1_alpha005,gate_all_sources_proxy_source_only_final_training_only,mmd,,,,,moe,coral,near_nearest_proxy,final,0.0,0,0train,train,False,0.4894232621850251,3.0,direct,0.10986864220264775,0.08245026922277758,0.1444413172589541
4,bnci004,MMP_moe,CSP,lda,coral,3,3,3,7071,0.05,no_leakage_v1_alpha005,gate_all_sources_proxy_source_only_final_training_only,mmd,,,,,moe,coral,near_nearest_proxy,main,1.0,1,1train,nearest,True,0.510576737814975,3.0,direct,0.10531668237629298,0.0796048076897839,0.13670986563810916
4,bnci004,MMP_moe,CSP,lda,coral,3,3,3,7071,0.05,no_leakage_v1_alpha005,gate_all_sources_proxy_source_only_final_training_only,mmd,,,,,moe,coral,near_nearest_proxy,anchor,1.0,1,1train,target,False,,3.0,direct,0.10531668237629298,0.0796048076897839,0.13670986563810916
4,bnci004,MMP_moe,CSP,lda,coral,3,3,3,7071,0.05,no_leakage_v1_alpha005,gate_all_sources_proxy_source_only_final_training_only,mmd,,,,,moe,coral,near_nearest_proxy,final,1.0,1,1train,train,True,0.510576737814975,3.0,direct,0.10531668237629298,0.0796048076897839,0.13670986563810916
4,bnci004,MMP_moe,CSP,lda,coral,3,3,3,7071,0.05,no_leakage_v1_alpha005,gate_all_sources_proxy_source_only_final_training_only,mmd,,,,,moe,coral,near_nearest_proxy,main,2.0,2,2train,far,False,,3.0,direct,0.185110660746928,0.14430526464478352,0.22547837909078292
4,bnci004,MMP_moe,CSP,lda,coral,3,3,3,7071,0.05,no_leakage_v1_alpha005,gate_all_sources_proxy_source_only_final_training_only,mmd,,,,,moe,coral,near_nearest_proxy,anchor,2.0,2,2train,not_used,False,,3.0,direct,0.185110660746928,0.14430526464478352,0.22547837909078292
4,bnci004,MMP_moe,CSP,lda,coral,3,3,3,7071,0.05,no_leakage_v1_alpha005,gate_all_sources_proxy_source_only_final_training_only,mmd,,,,,moe,coral,near_nearest_proxy,final,2.0,2,2train,not_used,False,,3.0,direct,0.185110660746928,0.14430526464478352,0.22547837909078292
4,bnci004,MMP_moe,CSP,lda,coral,3,3,3,7071,0.05,no_leakage_v1_alpha005,gate_all_sources_proxy_source_only_final_training_only,mmd,,,,,moe,coral,near_nearest_proxy,main,3.0,4,4test,far,False,,3.0,direct,0.3347959617202783,0.2929357665276962,0.377030112011617
4,bnci004,MMP_moe,CSP,lda,coral,3,3,3,7071,0.05,no_leakage_v1_alpha005,gate_all_sources_proxy_source_only_final_training_only,mmd,,,,,moe,coral,near_nearest_proxy,anchor,3.0,4,4test,not_used,False,,3.0,direct,0.3347959617202783,0.2929357665276962,0.377030112011617
4,bnci004,MMP_moe,CSP,lda,coral,3,3,3,7071,0.05,no_leakage_v1_alpha005,gate_all_sources_proxy_source_only_final_training_only,mmd,,,,,moe,coral,near_nearest_proxy,final,3.0,4,4test,not_used,False,,3.0,direct,0.3347959617202783,0.2929357665276962,0.377030112011617
4,bnci004,MMP_moe,CSP,lda,coral,3,3,3,7071,0.05,no_leakage_v1_alpha005,gate_all_sources_proxy_source_only_final_training_only,mmd,,,,,moe,coral,near_nearest_proxy,main,,3,3test,target,False,,,,,,
4,bnci004,MMP_moe,CSP,lda,coral,3,3,3,7071,0.05,no_leakage_v1_alpha005,gate_all_sources_proxy_source_only_final_training_only,mmd,,,,,moe,coral,near_nearest_proxy,final,,3,3test,target,False,,,,,,
4,bnci004,MMP_moe,CSP,lda,coral,3,4,4,7102,0.05,no_leakage_v1_alpha005,gate_all_sources_proxy_source_only_final_training_only,mmd,,,,,moe,coral,near_nearest_proxy,main,0.0,0,0train,far,False,,4.0,direct,0.3206935989995641,0.2628386124773967,0.3730849917264823
4,bnci004,MMP_moe,CSP,lda,coral,3,4,4,7102,0.05,no_leakage_v1_alpha005,gate_all_sources_proxy_source_only_final_training_only,mmd,,,,,moe,coral,near_nearest_proxy,anchor,0.0,0,0train,not_used,False,,4.0,direct,0.3206935989995641,0.2628386124773967,0.3730849917264823
4,bnci004,MMP_moe,CSP,lda,coral,3,4,4,7102,0.05,no_leakage_v1_alpha005,gate_all_sources_proxy_source_only_final_training_only,mmd,,,,,moe,coral,near_nearest_proxy,final,0.0,0,0train,not_used,False,,4.0,direct,0.3206935989995641,0.2628386124773967,0.3730849917264823
4,bnci004,MMP_moe,CSP,lda,coral,3,4,4,7102,0.05,no_leakage_v1_alpha005,gate_all_sources_proxy_source_only_final_training_only,mmd,,,,,moe,coral,near_nearest_proxy,main,1.0,1,1train,near,False,0.36144829478025853,4.0,direct,0.16101000191790274,0.12385665672062193,0.1997450576722966
4,bnci004,MMP_moe,CSP,lda,coral,3,4,4,7102,0.05,no_leakage_v1_alpha005,gate_all_sources_proxy_source_only_final_training_only,mmd,,,,,moe,coral,near_nearest_proxy,anchor,1.0,1,1train,proxy_source,False,1.0,4.0,direct,0.16101000191790274,0.12385665672062193,0.1997450576722966
4,bnci004,MMP_moe,CSP,lda,coral,3,4,4,7102,0.05,no_leakage_v1_alpha005,gate_all_sources_proxy_source_only_final_training_only,mmd,,,,,moe,coral,near_nearest_proxy,final,1.0,1,1train,train,False,0.36144829478025853,4.0,direct,0.16101000191790274,0.12385665672062193,0.1997450576722966
4,bnci004,MMP_moe,CSP,lda,coral,3,4,4,7102,0.05,no_leakage_v1_alpha005,gate_all_sources_proxy_source_only_final_training_only,mmd,,,,,moe,coral,near_nearest_proxy,main,2.0,2,2train,nearest,True,0.6385517052197414,4.0,direct,0.09113829476401572,0.06453012890434708,0.12406744719302898
4,bnci004,MMP_moe,CSP,lda,coral,3,4,4,7102,0.05,no_leakage_v1_alpha005,gate_all_sources_proxy_source_only_final_training_only,mmd,,,,,moe,coral,near_nearest_proxy,anchor,2.0,2,2train,target,False,,4.0,direct,0.09113829476401572,0.06453012890434708,0.12406744719302898
4,bnci004,MMP_moe,CSP,lda,coral,3,4,4,7102,0.05,no_leakage_v1_alpha005,gate_all_sources_proxy_source_only_final_training_only,mmd,,,,,moe,coral,near_nearest_proxy,final,2.0,2,2train,train,True,0.6385517052197414,4.0,direct,0.09113829476401572,0.06453012890434708,0.12406744719302898
4,bnci004,MMP_moe,CSP,lda,coral,3,4,4,7102,0.05,no_leakage_v1_alpha005,gate_all_sources_proxy_source_only_final_training_only,mmd,,,,,moe,coral,near_nearest_proxy,main,3.0,3,3test,far,False,,4.0,direct,0.3147697368293805,0.2672112060927999,0.3545071123327036
4,bnci004,MMP_moe,CSP,lda,coral,3,4,4,7102,0.05,no_leakage_v1_alpha005,gate_all_sources_proxy_source_only_final_training_only,mmd,,,,,moe,coral,near_nearest_proxy,anchor,3.0,3,3test,not_used,False,,4.0,direct,0.3147697368293805,0.2672112060927999,0.3545071123327036
4,bnci004,MMP_moe,CSP,lda,coral,3,4,4,7102,0.05,no_leakage_v1_alpha005,gate_all_sources_proxy_source_only_final_training_only,mmd,,,,,moe,coral,near_nearest_proxy,final,3.0,3,3test,not_used,False,,4.0,direct,0.3147697368293805,0.2672112060927999,0.3545071123327036
4,bnci004,MMP_moe,CSP,lda,coral,3,4,4,7102,0.05,no_leakage_v1_alpha005,gate_all_sources_proxy_source_only_final_training_only,mmd,,,,,moe,coral,near_nearest_proxy,main,,4,4test,target,False,,,,,,
4,bnci004,MMP_moe,CSP,lda,coral,3,4,4,7102,0.05,no_leakage_v1_alpha005,gate_all_sources_proxy_source_only_final_training_only,mmd,,,,,moe,coral,near_nearest_proxy,final,,4,4test,target,False,,,,,,
4,bnci004,MMP_moe,CSP,svm_radial,none,4,0,0,7975,0.05,no_leakage_v1_alpha005,gate_all_sources_proxy_source_only_final_training_only,mmd,,,,,moe,coral,near_nearest_proxy,main,0.0,1,1train,nearest,True,0.6409110492071874,0.0,direct,0.062374834418875764,0.03416925376458321,0.09952329322686126
4,bnci004,MMP_moe,CSP,svm_radial,none,4,0,0,7975,0.05,no_leakage_v1_alpha005,gate_all_sources_proxy_source_only_final_training_only,mmd,,,,,moe,coral,near_nearest_proxy,anchor,0.0,1,1train,target,False,,0.0,direct,0.062374834418875764,0.03416925376458321,0.09952329322686126
4,bnci004,MMP_moe,CSP,svm_radial,none,4,0,0,7975,0.05,no_leakage_v1_alpha005,gate_all_sources_proxy_source_only_final_training_only,mmd,,,,,moe,coral,near_nearest_proxy,final,0.0,1,1train,train,True,0.6409110492071874,0.0,direct,0.062374834418875764,0.03416925376458321,0.09952329322686126
4,bnci004,MMP_moe,CSP,svm_radial,none,4,0,0,7975,0.05,no_leakage_v1_alpha005,gate_all_sources_proxy_source_only_final_training_only,mmd,,,,,moe,coral,near_nearest_proxy,main,1.0,2,2train,far,False,,0.0,direct,0.22240210103598038,0.1754225124167161,0.2704010338504435
4,bnci004,MMP_moe,CSP,svm_radial,none,4,0,0,7975,0.05,no_leakage_v1_alpha005,gate_all_sources_proxy_source_only_final_training_only,mmd,,,,,moe,coral,near_nearest_proxy,anchor,1.0,2,2train,not_used,False,,0.0,direct,0.22240210103598038,0.1754225124167161,0.2704010338504435
4,bnci004,MMP_moe,CSP,svm_radial,none,4,0,0,7975,0.05,no_leakage_v1_alpha005,gate_all_sources_proxy_source_only_final_training_only,mmd,,,,,moe,coral,near_nearest_proxy,final,1.0,2,2train,not_used,False,,0.0,direct,0.22240210103598038,0.1754225124167161,0.2704010338504435
4,bnci004,MMP_moe,CSP,svm_radial,none,4,0,0,7975,0.05,no_leakage_v1_alpha005,gate_all_sources_proxy_source_only_final_training_only,mmd,,,,,moe,coral,near_nearest_proxy,main,2.0,3,3test,near,False,0.35908895079281267,0.0,direct,0.1113289682274034,0.07984374241132212,0.14406559121012413
4,bnci004,MMP_moe,CSP,svm_radial,none,4,0,0,7975,0.05,no_leakage_v1_alpha005,gate_all_sources_proxy_source_only_final_training_only,mmd,,,,,moe,coral,near_nearest_proxy,anchor,2.0,3,3test,proxy_source,False,1.0,0.0,direct,0.1113289682274034,0.07984374241132212,0.14406559121012413
4,bnci004,MMP_moe,CSP,svm_radial,none,4,0,0,7975,0.05,no_leakage_v1_alpha005,gate_all_sources_proxy_source_only_final_training_only,mmd,,,,,moe,coral,near_nearest_proxy,final,2.0,3,3test,train,False,0.35908895079281267,0.0,direct,0.1113289682274034,0.07984374241132212,0.14406559121012413
4,bnci004,MMP_moe,CSP,svm_radial,none,4,0,0,7975,0.05,no_leakage_v1_alpha005,gate_all_sources_proxy_source_only_final_training_only,mmd,,,,,moe,coral,near_nearest_proxy,main,3.0,4,4test,far,False,,0.0,direct,0.30907596751230465,0.2500214468625969,0.3601678458901905
4,bnci004,MMP_moe,CSP,svm_radial,none,4,0,0,7975,0.05,no_leakage_v1_alpha005,gate_all_sources_proxy_source_only_final_training_only,mmd,,,,,moe,coral,near_nearest_proxy,anchor,3.0,4,4test,not_used,False,,0.0,direct,0.30907596751230465,0.2500214468625969,0.3601678458901905
4,bnci004,MMP_moe,CSP,svm_radial,none,4,0,0,7975,0.05,no_leakage_v1_alpha005,gate_all_sources_proxy_source_only_final_training_only,mmd,,,,,moe,coral,near_nearest_proxy,final,3.0,4,4test,not_used,False,,0.0,direct,0.30907596751230465,0.2500214468625969,0.3601678458901905
4,bnci004,MMP_moe,CSP,svm_radial,none,4,0,0,7975,0.05,no_leakage_v1_alpha005,gate_all_sources_proxy_source_only_final_training_only,mmd,,,,,moe,coral,near_nearest_proxy,main,,0,0train,target,False,,,,,,
4,bnci004,MMP_moe,CSP,svm_radial,none,4,0,0,7975,0.05,no_leakage_v1_alpha005,gate_all_sources_proxy_source_only_final_training_only,mmd,,,,,moe,coral,near_nearest_proxy,final,,0,0train,target,False,,,,,,
4,bnci004,MMP_moe,CSP,svm_radial,none,4,1,1,8006,0.05,no_leakage_v1_alpha005,gate_all_sources_proxy_source_only_final_training_only,mmd,,,,,moe,coral,near_nearest_proxy,main,0.0,0,0train,nearest,True,0.41195932267871893,1.0,direct,0.07272091642750209,0.03652325918835602,0.11943376510926854
4,bnci004,MMP_moe,CSP,svm_radial,none,4,1,1,8006,0.05,no_leakage_v1_alpha005,gate_all_sources_proxy_source_only_final_training_only,mmd,,,,,moe,coral,near_nearest_proxy,anchor,0.0,0,0train,target,False,,1.0,direct,0.07272091642750209,0.03652325918835602,0.11943376510926854
4,bnci004,MMP_moe,CSP,svm_radial,none,4,1,1,8006,0.05,no_leakage_v1_alpha005,gate_all_sources_proxy_source_only_final_training_only,mmd,,,,,moe,coral,near_nearest_proxy,final,0.0,0,0train,train,True,0.41195932267871893,1.0,direct,0.07272091642750209,0.03652325918835602,0.11943376510926854
4,bnci004,MMP_moe,CSP,svm_radial,none,4,1,1,8006,0.05,no_leakage_v1_alpha005,gate_all_sources_proxy_source_only_final_training_only,mmd,,,,,moe,coral,near_nearest_proxy,main,1.0,2,2train,near,False,0.27070082472688456,1.0,direct,0.11066904123684462,0.08067637147281102,0.1444581030919028
4,bnci004,MMP_moe,CSP,svm_radial,none,4,1,1,8006,0.05,no_leakage_v1_alpha005,gate_all_sources_proxy_source_only_final_training_only,mmd,,,,,moe,coral,near_nearest_proxy,anchor,1.0,2,2train,proxy_source,False,0.4603437060851232,1.0,direct,0.11066904123684462,0.08067637147281102,0.1444581030919028
4,bnci004,MMP_moe,CSP,svm_radial,none,4,1,1,8006,0.05,no_leakage_v1_alpha005,gate_all_sources_proxy_source_only_final_training_only,mmd,,,,,moe,coral,near_nearest_proxy,final,1.0,2,2train,train,False,0.27070082472688456,1.0,direct,0.11066904123684462,0.08067637147281102,0.1444581030919028
4,bnci004,MMP_moe,CSP,svm_radial,none,4,1,1,8006,0.05,no_leakage_v1_alpha005,gate_all_sources_proxy_source_only_final_training_only,mmd,,,,,moe,coral,near_nearest_proxy,main,2.0,3,3test,near,False,0.3173398525943965,1.0,direct,0.09440400835444443,0.06546444648294436,0.13540441641674672
4,bnci004,MMP_moe,CSP,svm_radial,none,4,1,1,8006,0.05,no_leakage_v1_alpha005,gate_all_sources_proxy_source_only_final_training_only,mmd,,,,,moe,coral,near_nearest_proxy,anchor,2.0,3,3test,proxy_source,False,0.5396562939148768,1.0,direct,0.09440400835444443,0.06546444648294436,0.13540441641674672
4,bnci004,MMP_moe,CSP,svm_radial,none,4,1,1,8006,0.05,no_leakage_v1_alpha005,gate_all_sources_proxy_source_only_final_training_only,mmd,,,,,moe,coral,near_nearest_proxy,final,2.0,3,3test,train,False,0.3173398525943965,1.0,direct,0.09440400835444443,0.06546444648294436,0.13540441641674672
4,bnci004,MMP_moe,CSP,svm_radial,none,4,1,1,8006,0.05,no_leakage_v1_alpha005,gate_all_sources_proxy_source_only_final_training_only,mmd,,,,,moe,coral,near_nearest_proxy,main,3.0,4,4test,far,False,,1.0,direct,0.19385428115136435,0.13745082754671883,0.24470834525562427
4,bnci004,MMP_moe,CSP,svm_radial,none,4,1,1,8006,0.05,no_leakage_v1_alpha005,gate_all_sources_proxy_source_only_final_training_only,mmd,,,,,moe,coral,near_nearest_proxy,anchor,3.0,4,4test,not_used,False,,1.0,direct,0.19385428115136435,0.13745082754671883,0.24470834525562427
4,bnci004,MMP_moe,CSP,svm_radial,none,4,1,1,8006,0.05,no_leakage_v1_alpha005,gate_all_sources_proxy_source_only_final_training_only,mmd,,,,,moe,coral,near_nearest_proxy,final,3.0,4,4test,not_used,False,,1.0,direct,0.19385428115136435,0.13745082754671883,0.24470834525562427
4,bnci004,MMP_moe,CSP,svm_radial,none,4,1,1,8006,0.05,no_leakage_v1_alpha005,gate_all_sources_proxy_source_only_final_training_only,mmd,,,,,moe,coral,near_nearest_proxy,main,,1,1train,target,False,,,,,,
4,bnci004,MMP_moe,CSP,svm_radial,none,4,1,1,8006,0.05,no_leakage_v1_alpha005,gate_all_sources_proxy_source_only_final_training_only,mmd,,,,,moe,coral,near_nearest_proxy,final,,1,1train,target,False,,,,,,
4,bnci004,MMP_moe,CSP,svm_radial,none,4,2,2,8037,0.05,no_leakage_v1_alpha005,gate_all_sources_proxy_source_only_final_training_only,mmd,,,,,moe,coral,near_nearest_proxy,main,0.0,0,0train,far,False,,2.0,direct,0.23539844350082093,0.1828285880775997,0.29269096094629765
4,bnci004,MMP_moe,CSP,svm_radial,none,4,2,2,8037,0.05,no_leakage_v1_alpha005,gate_all_sources_proxy_source_only_final_training_only,mmd,,,,,moe,coral,near_nearest_proxy,anchor,0.0,0,0train,not_used,False,,2.0,direct,0.23539844350082093,0.1828285880775997,0.29269096094629765
4,bnci004,MMP_moe,CSP,svm_radial,none,4,2,2,8037,0.05,no_leakage_v1_alpha005,gate_all_sources_proxy_source_only_final_training_only,mmd,,,,,moe,coral,near_nearest_proxy,final,0.0,0,0train,not_used,False,,2.0,direct,0.23539844350082093,0.1828285880775997,0.29269096094629765
4,bnci004,MMP_moe,CSP,svm_radial,none,4,2,2,8037,0.05,no_leakage_v1_alpha005,gate_all_sources_proxy_source_only_final_training_only,mmd,,,,,moe,coral,near_nearest_proxy,main,1.0,1,1train,near,False,0.4875985717909741,2.0,direct,0.09849923575893632,0.07141190204540618,0.13169416309676446
4,bnci004,MMP_moe,CSP,svm_radial,none,4,2,2,8037,0.05,no_leakage_v1_alpha005,gate_all_sources_proxy_source_only_final_training_only,mmd,,,,,moe,coral,near_nearest_proxy,anchor,1.0,1,1train,proxy_source,False,1.0,2.0,direct,0.09849923575893632,0.07141190204540618,0.13169416309676446
4,bnci004,MMP_moe,CSP,svm_radial,none,4,2,2,8037,0.05,no_leakage_v1_alpha005,gate_all_sources_proxy_source_only_final_training_only,mmd,,,,,moe,coral,near_nearest_proxy,final,1.0,1,1train,train,False,0.4875985717909741,2.0,direct,0.09849923575893632,0.07141190204540618,0.13169416309676446
4,bnci004,MMP_moe,CSP,svm_radial,none,4,2,2,8037,0.05,no_leakage_v1_alpha005,gate_all_sources_proxy_source_only_final_training_only,mmd,,,,,moe,coral,near_nearest_proxy,main,2.0,3,3test,far,False,,2.0,direct,0.18835834940879878,0.14361626709658687,0.22880896742671794
4,bnci004,MMP_moe,CSP,svm_radial,none,4,2,2,8037,0.05,no_leakage_v1_alpha005,gate_all_sources_proxy_source_only_final_training_only,mmd,,,,,moe,coral,near_nearest_proxy,anchor,2.0,3,3test,not_used,False,,2.0,direct,0.18835834940879878,0.14361626709658687,0.22880896742671794
4,bnci004,MMP_moe,CSP,svm_radial,none,4,2,2,8037,0.05,no_leakage_v1_alpha005,gate_all_sources_proxy_source_only_final_training_only,mmd,,,,,moe,coral,near_nearest_proxy,final,2.0,3,3test,not_used,False,,2.0,direct,0.18835834940879878,0.14361626709658687,0.22880896742671794
4,bnci004,MMP_moe,CSP,svm_radial,none,4,2,2,8037,0.05,no_leakage_v1_alpha005,gate_all_sources_proxy_source_only_final_training_only,mmd,,,,,moe,coral,near_nearest_proxy,main,3.0,4,4test,nearest,True,0.5124014282090259,2.0,direct,0.09373131929700848,0.0629763403371603,0.13183202572662325
4,bnci004,MMP_moe,CSP,svm_radial,none,4,2,2,8037,0.05,no_leakage_v1_alpha005,gate_all_sources_proxy_source_only_final_training_only,mmd,,,,,moe,coral,near_nearest_proxy,anchor,3.0,4,4test,target,False,,2.0,direct,0.09373131929700848,0.0629763403371603,0.13183202572662325
4,bnci004,MMP_moe,CSP,svm_radial,none,4,2,2,8037,0.05,no_leakage_v1_alpha005,gate_all_sources_proxy_source_only_final_training_only,mmd,,,,,moe,coral,near_nearest_proxy,final,3.0,4,4test,train,True,0.5124014282090259,2.0,direct,0.09373131929700848,0.0629763403371603,0.13183202572662325
4,bnci004,MMP_moe,CSP,svm_radial,none,4,2,2,8037,0.05,no_leakage_v1_alpha005,gate_all_sources_proxy_source_only_final_training_only,mmd,,,,,moe,coral,near_nearest_proxy,main,,2,2train,target,False,,,,,,
4,bnci004,MMP_moe,CSP,svm_radial,none,4,2,2,8037,0.05,no_leakage_v1_alpha005,gate_all_sources_proxy_source_only_final_training_only,mmd,,,,,moe,coral,near_nearest_proxy,final,,2,2train,target,False,,,,,,
4,bnci004,MMP_moe,CSP,svm_radial,none,4,3,3,8068,0.05,no_leakage_v1_alpha005,gate_all_sources_proxy_source_only_final_training_only,mmd,,,,,moe,coral,near_nearest_proxy,main,0.0,0,0train,near,False,0.49245728960899676,3.0,direct,0.11110566992132064,0.07577436444051557,0.1466201042795857
4,bnci004,MMP_moe,CSP,svm_radial,none,4,3,3,8068,0.05,no_leakage_v1_alpha005,gate_all_sources_proxy_source_only_final_training_only,mmd,,,,,moe,coral,near_nearest_proxy,anchor,0.0,0,0train,proxy_source,False,1.0,3.0,direct,0.11110566992132064,0.07577436444051557,0.1466201042795857
4,bnci004,MMP_moe,CSP,svm_radial,none,4,3,3,8068,0.05,no_leakage_v1_alpha005,gate_all_sources_proxy_source_only_final_training_only,mmd,,,,,moe,coral,near_nearest_proxy,final,0.0,0,0train,train,False,0.49245728960899676,3.0,direct,0.11110566992132064,0.07577436444051557,0.1466201042795857
4,bnci004,MMP_moe,CSP,svm_radial,none,4,3,3,8068,0.05,no_leakage_v1_alpha005,gate_all_sources_proxy_source_only_final_training_only,mmd,,,,,moe,coral,near_nearest_proxy,main,1.0,1,1train,nearest,True,0.5075427103910033,3.0,direct,0.10780330573967493,0.07983821962645878,0.1418870147334731
4,bnci004,MMP_moe,CSP,svm_radial,none,4,3,3,8068,0.05,no_leakage_v1_alpha005,gate_all_sources_proxy_source_only_final_training_only,mmd,,,,,moe,coral,near_nearest_proxy,anchor,1.0,1,1train,target,False,,3.0,direct,0.10780330573967493,0.07983821962645878,0.1418870147334731
4,bnci004,MMP_moe,CSP,svm_radial,none,4,3,3,8068,0.05,no_leakage_v1_alpha005,gate_all_sources_proxy_source_only_final_training_only,mmd,,,,,moe,coral,near_nearest_proxy,final,1.0,1,1train,train,True,0.5075427103910033,3.0,direct,0.10780330573967493,0.07983821962645878,0.1418870147334731
4,bnci004,MMP_moe,CSP,svm_radial,none,4,3,3,8068,0.05,no_leakage_v1_alpha005,gate_all_sources_proxy_source_only_final_training_only,mmd,,,,,moe,coral,near_nearest_proxy,main,2.0,2,2train,far,False,,3.0,direct,0.1827306421156836,0.14330721616543166,0.2218121516424412
4,bnci004,MMP_moe,CSP,svm_radial,none,4,3,3,8068,0.05,no_leakage_v1_alpha005,gate_all_sources_proxy_source_only_final_training_only,mmd,,,,,moe,coral,near_nearest_proxy,anchor,2.0,2,2train,not_used,False,,3.0,direct,0.1827306421156836,0.14330721616543166,0.2218121516424412
4,bnci004,MMP_moe,CSP,svm_radial,none,4,3,3,8068,0.05,no_leakage_v1_alpha005,gate_all_sources_proxy_source_only_final_training_only,mmd,,,,,moe,coral,near_nearest_proxy,final,2.0,2,2train,not_used,False,,3.0,direct,0.1827306421156836,0.14330721616543166,0.2218121516424412
4,bnci004,MMP_moe,CSP,svm_radial,none,4,3,3,8068,0.05,no_leakage_v1_alpha005,gate_all_sources_proxy_source_only_final_training_only,mmd,,,,,moe,coral,near_nearest_proxy,main,3.0,4,4test,far,False,,3.0,direct,0.3330821725641572,0.2884634072902481,0.37316922129719843
4,bnci004,MMP_moe,CSP,svm_radial,none,4,3,3,8068,0.05,no_leakage_v1_alpha005,gate_all_sources_proxy_source_only_final_training_only,mmd,,,,,moe,coral,near_nearest_proxy,anchor,3.0,4,4test,not_used,False,,3.0,direct,0.3330821725641572,0.2884634072902481,0.37316922129719843
4,bnci004,MMP_moe,CSP,svm_radial,none,4,3,3,8068,0.05,no_leakage_v1_alpha005,gate_all_sources_proxy_source_only_final_training_only,mmd,,,,,moe,coral,near_nearest_proxy,final,3.0,4,4test,not_used,False,,3.0,direct,0.3330821725641572,0.2884634072902481,0.37316922129719843
4,bnci004,MMP_moe,CSP,svm_radial,none,4,3,3,8068,0.05,no_leakage_v1_alpha005,gate_all_sources_proxy_source_only_final_training_only,mmd,,,,,moe,coral,near_nearest_proxy,main,,3,3test,target,False,,,,,,
4,bnci004,MMP_moe,CSP,svm_radial,none,4,3,3,8068,0.05,no_leakage_v1_alpha005,gate_all_sources_proxy_source_only_final_training_only,mmd,,,,,moe,coral,near_nearest_proxy,final,,3,3test,target,False,,,,,,
4,bnci004,MMP_moe,CSP,svm_radial,none,4,4,4,8099,0.05,no_leakage_v1_alpha005,gate_all_sources_proxy_source_only_final_training_only,mmd,,,,,moe,coral,near_nearest_proxy,main,0.0,0,0train,far,False,,4.0,direct,0.3213463109512907,0.27006252383913393,0.37247618164802215
4,bnci004,MMP_moe,CSP,svm_radial,none,4,4,4,8099,0.05,no_leakage_v1_alpha005,gate_all_sources_proxy_source_only_final_training_only,mmd,,,,,moe,coral,near_nearest_proxy,anchor,0.0,0,0train,not_used,False,,4.0,direct,0.3213463109512907,0.27006252383913393,0.37247618164802215
4,bnci004,MMP_moe,CSP,svm_radial,none,4,4,4,8099,0.05,no_leakage_v1_alpha005,gate_all_sources_proxy_source_only_final_training_only,mmd,,,,,moe,coral,near_nearest_proxy,final,0.0,0,0train,not_used,False,,4.0,direct,0.3213463109512907,0.27006252383913393,0.37247618164802215
4,bnci004,MMP_moe,CSP,svm_radial,none,4,4,4,8099,0.05,no_leakage_v1_alpha005,gate_all_sources_proxy_source_only_final_training_only,mmd,,,,,moe,coral,near_nearest_proxy,main,1.0,1,1train,near,False,0.36562824124266147,4.0,direct,0.1621810494539306,0.12340322073106175,0.21298676323151566
4,bnci004,MMP_moe,CSP,svm_radial,none,4,4,4,8099,0.05,no_leakage_v1_alpha005,gate_all_sources_proxy_source_only_final_training_only,mmd,,,,,moe,coral,near_nearest_proxy,anchor,1.0,1,1train,proxy_source,False,1.0,4.0,direct,0.1621810494539306,0.12340322073106175,0.21298676323151566
4,bnci004,MMP_moe,CSP,svm_radial,none,4,4,4,8099,0.05,no_leakage_v1_alpha005,gate_all_sources_proxy_source_only_final_training_only,mmd,,,,,moe,coral,near_nearest_proxy,final,1.0,1,1train,train,False,0.36562824124266147,4.0,direct,0.1621810494539306,0.12340322073106175,0.21298676323151566
4,bnci004,MMP_moe,CSP,svm_radial,none,4,4,4,8099,0.05,no_leakage_v1_alpha005,gate_all_sources_proxy_source_only_final_training_only,mmd,,,,,moe,coral,near_nearest_proxy,main,2.0,2,2train,nearest,True,0.6343717587573384,4.0,direct,0.09347468942717381,0.06370196172471282,0.12563152180166987
4,bnci004,MMP_moe,CSP,svm_radial,none,4,4,4,8099,0.05,no_leakage_v1_alpha005,gate_all_sources_proxy_source_only_final_training_only,mmd,,,,,moe,coral,near_nearest_proxy,anchor,2.0,2,2train,target,False,,4.0,direct,0.09347468942717381,0.06370196172471282,0.12563152180166987
4,bnci004,MMP_moe,CSP,svm_radial,none,4,4,4,8099,0.05,no_leakage_v1_alpha005,gate_all_sources_proxy_source_only_final_training_only,mmd,,,,,moe,coral,near_nearest_proxy,final,2.0,2,2train,train,True,0.6343717587573384,4.0,direct,0.09347468942717381,0.06370196172471282,0.12563152180166987
4,bnci004,MMP_moe,CSP,svm_radial,none,4,4,4,8099,0.05,no_leakage_v1_alpha005,gate_all_sources_proxy_source_only_final_training_only,mmd,,,,,moe,coral,near_nearest_proxy,main,3.0,3,3test,far,False,,4.0,direct,0.31712747022997795,0.27532101150438587,0.36020132737479243
4,bnci004,MMP_moe,CSP,svm_radial,none,4,4,4,8099,0.05,no_leakage_v1_alpha005,gate_all_sources_proxy_source_only_final_training_only,mmd,,,,,moe,coral,near_nearest_proxy,anchor,3.0,3,3test,not_used,False,,4.0,direct,0.31712747022997795,0.27532101150438587,0.36020132737479243
4,bnci004,MMP_moe,CSP,svm_radial,none,4,4,4,8099,0.05,no_leakage_v1_alpha005,gate_all_sources_proxy_source_only_final_training_only,mmd,,,,,moe,coral,near_nearest_proxy,final,3.0,3,3test,not_used,False,,4.0,direct,0.31712747022997795,0.27532101150438587,0.36020132737479243
4,bnci004,MMP_moe,CSP,svm_radial,none,4,4,4,8099,0.05,no_leakage_v1_alpha005,gate_all_sources_proxy_source_only_final_training_only,mmd,,,,,moe,coral,near_nearest_proxy,main,,4,4test,target,False,,,,,,
4,bnci004,MMP_moe,CSP,svm_radial,none,4,4,4,8099,0.05,no_leakage_v1_alpha005,gate_all_sources_proxy_source_only_final_training_only,mmd,,,,,moe,coral,near_nearest_proxy,final,,4,4test,target,False,,,,,,
4,bnci004,MMP_moe,CSP,svm_radial,sa,5,0,0,8972,0.05,no_leakage_v1_alpha005,gate_all_sources_proxy_source_only_final_training_only,mmd,,,,,moe,coral,near_nearest_proxy,main,0.0,1,1train,nearest,True,0.6434268032075214,0.0,direct,0.061221221963703894,0.03622534613164771,0.0968052247208393
4,bnci004,MMP_moe,CSP,svm_radial,sa,5,0,0,8972,0.05,no_leakage_v1_alpha005,gate_all_sources_proxy_source_only_final_training_only,mmd,,,,,moe,coral,near_nearest_proxy,anchor,0.0,1,1train,target,False,,0.0,direct,0.061221221963703894,0.03622534613164771,0.0968052247208393
4,bnci004,MMP_moe,CSP,svm_radial,sa,5,0,0,8972,0.05,no_leakage_v1_alpha005,gate_all_sources_proxy_source_only_final_training_only,mmd,,,,,moe,coral,near_nearest_proxy,final,0.0,1,1train,train,True,0.6434268032075214,0.0,direct,0.061221221963703894,0.03622534613164771,0.0968052247208393
4,bnci004,MMP_moe,CSP,svm_radial,sa,5,0,0,8972,0.05,no_leakage_v1_alpha005,gate_all_sources_proxy_source_only_final_training_only,mmd,,,,,moe,coral,near_nearest_proxy,main,1.0,2,2train,far,False,,0.0,direct,0.22665008770551992,0.17987660957533524,0.2785175028239205
4,bnci004,MMP_moe,CSP,svm_radial,sa,5,0,0,8972,0.05,no_leakage_v1_alpha005,gate_all_sources_proxy_source_only_final_training_only,mmd,,,,,moe,coral,near_nearest_proxy,anchor,1.0,2,2train,not_used,False,,0.0,direct,0.22665008770551992,0.17987660957533524,0.2785175028239205
4,bnci004,MMP_moe,CSP,svm_radial,sa,5,0,0,8972,0.05,no_leakage_v1_alpha005,gate_all_sources_proxy_source_only_final_training_only,mmd,,,,,moe,coral,near_nearest_proxy,final,1.0,2,2train,not_used,False,,0.0,direct,0.22665008770551992,0.17987660957533524,0.2785175028239205
4,bnci004,MMP_moe,CSP,svm_radial,sa,5,0,0,8972,0.05,no_leakage_v1_alpha005,gate_all_sources_proxy_source_only_final_training_only,mmd,,,,,moe,coral,near_nearest_proxy,main,2.0,3,3test,near,False,0.35657319679247856,0.0,direct,0.11047286320035994,0.08046310981137515,0.14543849709410722
4,bnci004,MMP_moe,CSP,svm_radial,sa,5,0,0,8972,0.05,no_leakage_v1_alpha005,gate_all_sources_proxy_source_only_final_training_only,mmd,,,,,moe,coral,near_nearest_proxy,anchor,2.0,3,3test,proxy_source,False,1.0,0.0,direct,0.11047286320035994,0.08046310981137515,0.14543849709410722
4,bnci004,MMP_moe,CSP,svm_radial,sa,5,0,0,8972,0.05,no_leakage_v1_alpha005,gate_all_sources_proxy_source_only_final_training_only,mmd,,,,,moe,coral,near_nearest_proxy,final,2.0,3,3test,train,False,0.35657319679247856,0.0,direct,0.11047286320035994,0.08046310981137515,0.14543849709410722
4,bnci004,MMP_moe,CSP,svm_radial,sa,5,0,0,8972,0.05,no_leakage_v1_alpha005,gate_all_sources_proxy_source_only_final_training_only,mmd,,,,,moe,coral,near_nearest_proxy,main,3.0,4,4test,far,False,,0.0,direct,0.31348044687185195,0.26599634847711306,0.3800166206110922
4,bnci004,MMP_moe,CSP,svm_radial,sa,5,0,0,8972,0.05,no_leakage_v1_alpha005,gate_all_sources_proxy_source_only_final_training_only,mmd,,,,,moe,coral,near_nearest_proxy,anchor,3.0,4,4test,not_used,False,,0.0,direct,0.31348044687185195,0.26599634847711306,0.3800166206110922
4,bnci004,MMP_moe,CSP,svm_radial,sa,5,0,0,8972,0.05,no_leakage_v1_alpha005,gate_all_sources_proxy_source_only_final_training_only,mmd,,,,,moe,coral,near_nearest_proxy,final,3.0,4,4test,not_used,False,,0.0,direct,0.31348044687185195,0.26599634847711306,0.3800166206110922
4,bnci004,MMP_moe,CSP,svm_radial,sa,5,0,0,8972,0.05,no_leakage_v1_alpha005,gate_all_sources_proxy_source_only_final_training_only,mmd,,,,,moe,coral,near_nearest_proxy,main,,0,0train,target,False,,,,,,
4,bnci004,MMP_moe,CSP,svm_radial,sa,5,0,0,8972,0.05,no_leakage_v1_alpha005,gate_all_sources_proxy_source_only_final_training_only,mmd,,,,,moe,coral,near_nearest_proxy,final,,0,0train,target,False,,,,,,
4,bnci004,MMP_moe,CSP,svm_radial,sa,5,1,1,9003,0.05,no_leakage_v1_alpha005,gate_all_sources_proxy_source_only_final_training_only,mmd,,,,,moe,coral,near_nearest_proxy,main,0.0,0,0train,nearest,True,0.42090499723741687,1.0,direct,0.07235699202436058,0.03717178940809031,0.12342877555062942
4,bnci004,MMP_moe,CSP,svm_radial,sa,5,1,1,9003,0.05,no_leakage_v1_alpha005,gate_all_sources_proxy_source_only_final_training_only,mmd,,,,,moe,coral,near_nearest_proxy,anchor,0.0,0,0train,target,False,,1.0,direct,0.07235699202436058,0.03717178940809031,0.12342877555062942
4,bnci004,MMP_moe,CSP,svm_radial,sa,5,1,1,9003,0.05,no_leakage_v1_alpha005,gate_all_sources_proxy_source_only_final_training_only,mmd,,,,,moe,coral,near_nearest_proxy,final,0.0,0,0train,train,True,0.42090499723741687,1.0,direct,0.07235699202436058,0.03717178940809031,0.12342877555062942
4,bnci004,MMP_moe,CSP,svm_radial,sa,5,1,1,9003,0.05,no_leakage_v1_alpha005,gate_all_sources_proxy_source_only_final_training_only,mmd,,,,,moe,coral,near_nearest_proxy,main,1.0,2,2train,near,False,0.26363218163260826,1.0,direct,0.11552298589775006,0.07493733628372176,0.15809427878129328
4,bnci004,MMP_moe,CSP,svm_radial,sa,5,1,1,9003,0.05,no_leakage_v1_alpha005,gate_all_sources_proxy_source_only_final_training_only,mmd,,,,,moe,coral,near_nearest_proxy,anchor,1.0,2,2train,proxy_source,False,0.455248586803454,1.0,direct,0.11552298589775006,0.07493733628372176,0.15809427878129328
4,bnci004,MMP_moe,CSP,svm_radial,sa,5,1,1,9003,0.05,no_leakage_v1_alpha005,gate_all_sources_proxy_source_only_final_training_only,mmd,,,,,moe,coral,near_nearest_proxy,final,1.0,2,2train,train,False,0.26363218163260826,1.0,direct,0.11552298589775006,0.07493733628372176,0.15809427878129328
4,bnci004,MMP_moe,CSP,svm_radial,sa,5,1,1,9003,0.05,no_leakage_v1_alpha005,gate_all_sources_proxy_source_only_final_training_only,mmd,,,,,moe,coral,near_nearest_proxy,main,2.0,3,3test,near,False,0.3154628211299749,1.0,direct,0.09654235913191592,0.06769467476112924,0.13220428703092585
4,bnci004,MMP_moe,CSP,svm_radial,sa,5,1,1,9003,0.05,no_leakage_v1_alpha005,gate_all_sources_proxy_source_only_final_training_only,mmd,,,,,moe,coral,near_nearest_proxy,anchor,2.0,3,3test,proxy_source,False,0.5447514131965461,1.0,direct,0.09654235913191592,0.06769467476112924,0.13220428703092585
4,bnci004,MMP_moe,CSP,svm_radial,sa,5,1,1,9003,0.05,no_leakage_v1_alpha005,gate_all_sources_proxy_source_only_final_training_only,mmd,,,,,moe,coral,near_nearest_proxy,final,2.0,3,3test,train,False,0.3154628211299749,1.0,direct,0.09654235913191592,0.06769467476112924,0.13220428703092585
4,bnci004,MMP_moe,CSP,svm_radial,sa,5,1,1,9003,0.05,no_leakage_v1_alpha005,gate_all_sources_proxy_source_only_final_training_only,mmd,,,,,moe,coral,near_nearest_proxy,main,3.0,4,4test,far,False,,1.0,direct,0.19275556674036537,0.1428710584286088,0.2550718286516646
4,bnci004,MMP_moe,CSP,svm_radial,sa,5,1,1,9003,0.05,no_leakage_v1_alpha005,gate_all_sources_proxy_source_only_final_training_only,mmd,,,,,moe,coral,near_nearest_proxy,anchor,3.0,4,4test,not_used,False,,1.0,direct,0.19275556674036537,0.1428710584286088,0.2550718286516646
4,bnci004,MMP_moe,CSP,svm_radial,sa,5,1,1,9003,0.05,no_leakage_v1_alpha005,gate_all_sources_proxy_source_only_final_training_only,mmd,,,,,moe,coral,near_nearest_proxy,final,3.0,4,4test,not_used,False,,1.0,direct,0.19275556674036537,0.1428710584286088,0.2550718286516646
4,bnci004,MMP_moe,CSP,svm_radial,sa,5,1,1,9003,0.05,no_leakage_v1_alpha005,gate_all_sources_proxy_source_only_final_training_only,mmd,,,,,moe,coral,near_nearest_proxy,main,,1,1train,target,False,,,,,,
4,bnci004,MMP_moe,CSP,svm_radial,sa,5,1,1,9003,0.05,no_leakage_v1_alpha005,gate_all_sources_proxy_source_only_final_training_only,mmd,,,,,moe,coral,near_nearest_proxy,final,,1,1train,target,False,,,,,,
4,bnci004,MMP_moe,CSP,svm_radial,sa,5,2,2,9034,0.05,no_leakage_v1_alpha005,gate_all_sources_proxy_source_only_final_training_only,mmd,,,,,moe,coral,near_nearest_proxy,main,0.0,0,0train,far,False,,2.0,direct,0.23412543215665238,0.1820401755786334,0.30196669573525897
4,bnci004,MMP_moe,CSP,svm_radial,sa,5,2,2,9034,0.05,no_leakage_v1_alpha005,gate_all_sources_proxy_source_only_final_training_only,mmd,,,,,moe,coral,near_nearest_proxy,anchor,0.0,0,0train,not_used,False,,2.0,direct,0.23412543215665238,0.1820401755786334,0.30196669573525897
4,bnci004,MMP_moe,CSP,svm_radial,sa,5,2,2,9034,0.05,no_leakage_v1_alpha005,gate_all_sources_proxy_source_only_final_training_only,mmd,,,,,moe,coral,near_nearest_proxy,final,0.0,0,0train,not_used,False,,2.0,direct,0.23412543215665238,0.1820401755786334,0.30196669573525897
4,bnci004,MMP_moe,CSP,svm_radial,sa,5,2,2,9034,0.05,no_leakage_v1_alpha005,gate_all_sources_proxy_source_only_final_training_only,mmd,,,,,moe,coral,near_nearest_proxy,main,1.0,1,1train,near,False,0.4823528074796967,2.0,direct,0.09773349588152463,0.07056574752217665,0.1294718728026806
4,bnci004,MMP_moe,CSP,svm_radial,sa,5,2,2,9034,0.05,no_leakage_v1_alpha005,gate_all_sources_proxy_source_only_final_training_only,mmd,,,,,moe,coral,near_nearest_proxy,anchor,1.0,1,1train,proxy_source,False,1.0,2.0,direct,0.09773349588152463,0.07056574752217665,0.1294718728026806
4,bnci004,MMP_moe,CSP,svm_radial,sa,5,2,2,9034,0.05,no_leakage_v1_alpha005,gate_all_sources_proxy_source_only_final_training_only,mmd,,,,,moe,coral,near_nearest_proxy,final,1.0,1,1train,train,False,0.4823528074796967,2.0,direct,0.09773349588152463,0.07056574752217665,0.1294718728026806
4,bnci004,MMP_moe,CSP,svm_radial,sa,5,2,2,9034,0.05,no_leakage_v1_alpha005,gate_all_sources_proxy_source_only_final_training_only,mmd,,,,,moe,coral,near_nearest_proxy,main,2.0,3,3test,far,False,,2.0,direct,0.19113622555932439,0.1500638906627075,0.24185610699612844
4,bnci004,MMP_moe,CSP,svm_radial,sa,5,2,2,9034,0.05,no_leakage_v1_alpha005,gate_all_sources_proxy_source_only_final_training_only,mmd,,,,,moe,coral,near_nearest_proxy,anchor,2.0,3,3test,not_used,False,,2.0,direct,0.19113622555932439,0.1500638906627075,0.24185610699612844
4,bnci004,MMP_moe,CSP,svm_radial,sa,5,2,2,9034,0.05,no_leakage_v1_alpha005,gate_all_sources_proxy_source_only_final_training_only,mmd,,,,,moe,coral,near_nearest_proxy,final,2.0,3,3test,not_used,False,,2.0,direct,0.19113622555932439,0.1500638906627075,0.24185610699612844
4,bnci004,MMP_moe,CSP,svm_radial,sa,5,2,2,9034,0.05,no_leakage_v1_alpha005,gate_all_sources_proxy_source_only_final_training_only,mmd,,,,,moe,coral,near_nearest_proxy,main,3.0,4,4test,nearest,True,0.5176471925203032,2.0,direct,0.09106973148902905,0.06362036546193975,0.12586474178346918
4,bnci004,MMP_moe,CSP,svm_radial,sa,5,2,2,9034,0.05,no_leakage_v1_alpha005,gate_all_sources_proxy_source_only_final_training_only,mmd,,,,,moe,coral,near_nearest_proxy,anchor,3.0,4,4test,target,False,,2.0,direct,0.09106973148902905,0.06362036546193975,0.12586474178346918
4,bnci004,MMP_moe,CSP,svm_radial,sa,5,2,2,9034,0.05,no_leakage_v1_alpha005,gate_all_sources_proxy_source_only_final_training_only,mmd,,,,,moe,coral,near_nearest_proxy,final,3.0,4,4test,train,True,0.5176471925203032,2.0,direct,0.09106973148902905,0.06362036546193975,0.12586474178346918
4,bnci004,MMP_moe,CSP,svm_radial,sa,5,2,2,9034,0.05,no_leakage_v1_alpha005,gate_all_sources_proxy_source_only_final_training_only,mmd,,,,,moe,coral,near_nearest_proxy,main,,2,2train,target,False,,,,,,
4,bnci004,MMP_moe,CSP,svm_radial,sa,5,2,2,9034,0.05,no_leakage_v1_alpha005,gate_all_sources_proxy_source_only_final_training_only,mmd,,,,,moe,coral,near_nearest_proxy,final,,2,2train,target,False,,,,,,
4,bnci004,MMP_moe,CSP,svm_radial,sa,5,3,3,9065,0.05,no_leakage_v1_alpha005,gate_all_sources_proxy_source_only_final_training_only,mmd,,,,,moe,coral,near_nearest_proxy,main,0.0,0,0train,near,False,0.4918851620993756,3.0,direct,0.10983079442159688,0.07758130913106524,0.1404958498963514
4,bnci004,MMP_moe,CSP,svm_radial,sa,5,3,3,9065,0.05,no_leakage_v1_alpha005,gate_all_sources_proxy_source_only_final_training_only,mmd,,,,,moe,coral,near_nearest_proxy,anchor,0.0,0,0train,proxy_source,False,1.0,3.0,direct,0.10983079442159688,0.07758130913106524,0.1404958498963514
4,bnci004,MMP_moe,CSP,svm_radial,sa,5,3,3,9065,0.05,no_leakage_v1_alpha005,gate_all_sources_proxy_source_only_final_training_only,mmd,,,,,moe,coral,near_nearest_proxy,final,0.0,0,0train,train,False,0.4918851620993756,3.0,direct,0.10983079442159688,0.07758130913106524,0.1404958498963514
4,bnci004,MMP_moe,CSP,svm_radial,sa,5,3,3,9065,0.05,no_leakage_v1_alpha005,gate_all_sources_proxy_source_only_final_training_only,mmd,,,,,moe,coral,near_nearest_proxy,main,1.0,1,1train,nearest,True,0.5081148379006244,3.0,direct,0.10632266145012764,0.07845161690399252,0.14097260129132178
4,bnci004,MMP_moe,CSP,svm_radial,sa,5,3,3,9065,0.05,no_leakage_v1_alpha005,gate_all_sources_proxy_source_only_final_training_only,mmd,,,,,moe,coral,near_nearest_proxy,anchor,1.0,1,1train,target,False,,3.0,direct,0.10632266145012764,0.07845161690399252,0.14097260129132178
4,bnci004,MMP_moe,CSP,svm_radial,sa,5,3,3,9065,0.05,no_leakage_v1_alpha005,gate_all_sources_proxy_source_only_final_training_only,mmd,,,,,moe,coral,near_nearest_proxy,final,1.0,1,1train,train,True,0.5081148379006244,3.0,direct,0.10632266145012764,0.07845161690399252,0.14097260129132178
4,bnci004,MMP_moe,CSP,svm_radial,sa,5,3,3,9065,0.05,no_leakage_v1_alpha005,gate_all_sources_proxy_source_only_final_training_only,mmd,,,,,moe,coral,near_nearest_proxy,main,2.0,2,2train,far,False,,3.0,direct,0.1835279577741634,0.1521656994993373,0.22437455900457728
4,bnci004,MMP_moe,CSP,svm_radial,sa,5,3,3,9065,0.05,no_leakage_v1_alpha005,gate_all_sources_proxy_source_only_final_training_only,mmd,,,,,moe,coral,near_nearest_proxy,anchor,2.0,2,2train,not_used,False,,3.0,direct,0.1835279577741634,0.1521656994993373,0.22437455900457728
4,bnci004,MMP_moe,CSP,svm_radial,sa,5,3,3,9065,0.05,no_leakage_v1_alpha005,gate_all_sources_proxy_source_only_final_training_only,mmd,,,,,moe,coral,near_nearest_proxy,final,2.0,2,2train,not_used,False,,3.0,direct,0.1835279577741634,0.1521656994993373,0.22437455900457728
4,bnci004,MMP_moe,CSP,svm_radial,sa,5,3,3,9065,0.05,no_leakage_v1_alpha005,gate_all_sources_proxy_source_only_final_training_only,mmd,,,,,moe,coral,near_nearest_proxy,main,3.0,4,4test,far,False,,3.0,direct,0.3356173700147793,0.2939976163134494,0.38539296588556454
4,bnci004,MMP_moe,CSP,svm_radial,sa,5,3,3,9065,0.05,no_leakage_v1_alpha005,gate_all_sources_proxy_source_only_final_training_only,mmd,,,,,moe,coral,near_nearest_proxy,anchor,3.0,4,4test,not_used,False,,3.0,direct,0.3356173700147793,0.2939976163134494,0.38539296588556454
4,bnci004,MMP_moe,CSP,svm_radial,sa,5,3,3,9065,0.05,no_leakage_v1_alpha005,gate_all_sources_proxy_source_only_final_training_only,mmd,,,,,moe,coral,near_nearest_proxy,final,3.0,4,4test,not_used,False,,3.0,direct,0.3356173700147793,0.2939976163134494,0.38539296588556454
4,bnci004,MMP_moe,CSP,svm_radial,sa,5,3,3,9065,0.05,no_leakage_v1_alpha005,gate_all_sources_proxy_source_only_final_training_only,mmd,,,,,moe,coral,near_nearest_proxy,main,,3,3test,target,False,,,,,,
4,bnci004,MMP_moe,CSP,svm_radial,sa,5,3,3,9065,0.05,no_leakage_v1_alpha005,gate_all_sources_proxy_source_only_final_training_only,mmd,,,,,moe,coral,near_nearest_proxy,final,,3,3test,target,False,,,,,,
4,bnci004,MMP_moe,CSP,svm_radial,sa,5,4,4,9096,0.05,no_leakage_v1_alpha005,gate_all_sources_proxy_source_only_final_training_only,mmd,,,,,moe,coral,near_nearest_proxy,main,0.0,0,0train,far,False,,4.0,direct,0.3251481338618568,0.26898288632942274,0.3837485420504933
4,bnci004,MMP_moe,CSP,svm_radial,sa,5,4,4,9096,0.05,no_leakage_v1_alpha005,gate_all_sources_proxy_source_only_final_training_only,mmd,,,,,moe,coral,near_nearest_proxy,anchor,0.0,0,0train,not_used,False,,4.0,direct,0.3251481338618568,0.26898288632942274,0.3837485420504933
4,bnci004,MMP_moe,CSP,svm_radial,sa,5,4,4,9096,0.05,no_leakage_v1_alpha005,gate_all_sources_proxy_source_only_final_training_only,mmd,,,,,moe,coral,near_nearest_proxy,final,0.0,0,0train,not_used,False,,4.0,direct,0.3251481338618568,0.26898288632942274,0.3837485420504933
4,bnci004,MMP_moe,CSP,svm_radial,sa,5,4,4,9096,0.05,no_leakage_v1_alpha005,gate_all_sources_proxy_source_only_final_training_only,mmd,,,,,moe,coral,near_nearest_proxy,main,1.0,1,1train,near,False,0.36037155687032013,4.0,direct,0.16300407437152092,0.12124439629269679,0.2126185848352714
4,bnci004,MMP_moe,CSP,svm_radial,sa,5,4,4,9096,0.05,no_leakage_v1_alpha005,gate_all_sources_proxy_source_only_final_training_only,mmd,,,,,moe,coral,near_nearest_proxy,anchor,1.0,1,1train,proxy_source,False,1.0,4.0,direct,0.16300407437152092,0.12124439629269679,0.2126185848352714
4,bnci004,MMP_moe,CSP,svm_radial,sa,5,4,4,9096,0.05,no_leakage_v1_alpha005,gate_all_sources_proxy_source_only_final_training_only,mmd,,,,,moe,coral,near_nearest_proxy,final,1.0,1,1train,train,False,0.36037155687032013,4.0,direct,0.16300407437152092,0.12124439629269679,0.2126185848352714
4,bnci004,MMP_moe,CSP,svm_radial,sa,5,4,4,9096,0.05,no_leakage_v1_alpha005,gate_all_sources_proxy_source_only_final_training_only,mmd,,,,,moe,coral,near_nearest_proxy,main,2.0,2,2train,nearest,True,0.6396284431296799,4.0,direct,0.09183730559754787,0.06198093266719119,0.1290650343511732
4,bnci004,MMP_moe,CSP,svm_radial,sa,5,4,4,9096,0.05,no_leakage_v1_alpha005,gate_all_sources_proxy_source_only_final_training_only,mmd,,,,,moe,coral,near_nearest_proxy,anchor,2.0,2,2train,target,False,,4.0,direct,0.09183730559754787,0.06198093266719119,0.1290650343511732
4,bnci004,MMP_moe,CSP,svm_radial,sa,5,4,4,9096,0.05,no_leakage_v1_alpha005,gate_all_sources_proxy_source_only_final_training_only,mmd,,,,,moe,coral,near_nearest_proxy,final,2.0,2,2train,train,True,0.6396284431296799,4.0,direct,0.09183730559754787,0.06198093266719119,0.1290650343511732
4,bnci004,MMP_moe,CSP,svm_radial,sa,5,4,4,9096,0.05,no_leakage_v1_alpha005,gate_all_sources_proxy_source_only_final_training_only,mmd,,,,,moe,coral,near_nearest_proxy,main,3.0,3,3test,far,False,,4.0,direct,0.31521299210423054,0.27495002558181253,0.3544100251832971
4,bnci004,MMP_moe,CSP,svm_radial,sa,5,4,4,9096,0.05,no_leakage_v1_alpha005,gate_all_sources_proxy_source_only_final_training_only,mmd,,,,,moe,coral,near_nearest_proxy,anchor,3.0,3,3test,not_used,False,,4.0,direct,0.31521299210423054,0.27495002558181253,0.3544100251832971
4,bnci004,MMP_moe,CSP,svm_radial,sa,5,4,4,9096,0.05,no_leakage_v1_alpha005,gate_all_sources_proxy_source_only_final_training_only,mmd,,,,,moe,coral,near_nearest_proxy,final,3.0,3,3test,not_used,False,,4.0,direct,0.31521299210423054,0.27495002558181253,0.3544100251832971
4,bnci004,MMP_moe,CSP,svm_radial,sa,5,4,4,9096,0.05,no_leakage_v1_alpha005,gate_all_sources_proxy_source_only_final_training_only,mmd,,,,,moe,coral,near_nearest_proxy,main,,4,4test,target,False,,,,,,
4,bnci004,MMP_moe,CSP,svm_radial,sa,5,4,4,9096,0.05,no_leakage_v1_alpha005,gate_all_sources_proxy_source_only_final_training_only,mmd,,,,,moe,coral,near_nearest_proxy,final,,4,4test,target,False,,,,,,
4,bnci004,MMP_moe,CSP,svm_radial,pt,6,0,0,9969,0.05,no_leakage_v1_alpha005,gate_all_sources_proxy_source_only_final_training_only,mmd,,,,,moe,coral,near_nearest_proxy,main,0.0,1,1train,nearest,True,0.6437063825716852,0.0,direct,0.06056289788543192,0.031881022976639486,0.10074129540545551
4,bnci004,MMP_moe,CSP,svm_radial,pt,6,0,0,9969,0.05,no_leakage_v1_alpha005,gate_all_sources_proxy_source_only_final_training_only,mmd,,,,,moe,coral,near_nearest_proxy,anchor,0.0,1,1train,target,False,,0.0,direct,0.06056289788543192,0.031881022976639486,0.10074129540545551
4,bnci004,MMP_moe,CSP,svm_radial,pt,6,0,0,9969,0.05,no_leakage_v1_alpha005,gate_all_sources_proxy_source_only_final_training_only,mmd,,,,,moe,coral,near_nearest_proxy,final,0.0,1,1train,train,True,0.6437063825716852,0.0,direct,0.06056289788543192,0.031881022976639486,0.10074129540545551
4,bnci004,MMP_moe,CSP,svm_radial,pt,6,0,0,9969,0.05,no_leakage_v1_alpha005,gate_all_sources_proxy_source_only_final_training_only,mmd,,,,,moe,coral,near_nearest_proxy,main,1.0,2,2train,far,False,,0.0,direct,0.22518916773403372,0.18151289577342986,0.2810930317432102
4,bnci004,MMP_moe,CSP,svm_radial,pt,6,0,0,9969,0.05,no_leakage_v1_alpha005,gate_all_sources_proxy_source_only_final_training_only,mmd,,,,,moe,coral,near_nearest_proxy,anchor,1.0,2,2train,not_used,False,,0.0,direct,0.22518916773403372,0.18151289577342986,0.2810930317432102
4,bnci004,MMP_moe,CSP,svm_radial,pt,6,0,0,9969,0.05,no_leakage_v1_alpha005,gate_all_sources_proxy_source_only_final_training_only,mmd,,,,,moe,coral,near_nearest_proxy,final,1.0,2,2train,not_used,False,,0.0,direct,0.22518916773403372,0.18151289577342986,0.2810930317432102
4,bnci004,MMP_moe,CSP,svm_radial,pt,6,0,0,9969,0.05,no_leakage_v1_alpha005,gate_all_sources_proxy_source_only_final_training_only,mmd,,,,,moe,coral,near_nearest_proxy,main,2.0,3,3test,near,False,0.3562936174283148,0.0,direct,0.10941821414047237,0.07851714679000854,0.1453329716794515
4,bnci004,MMP_moe,CSP,svm_radial,pt,6,0,0,9969,0.05,no_leakage_v1_alpha005,gate_all_sources_proxy_source_only_final_training_only,mmd,,,,,moe,coral,near_nearest_proxy,anchor,2.0,3,3test,proxy_source,False,1.0,0.0,direct,0.10941821414047237,0.07851714679000854,0.1453329716794515
4,bnci004,MMP_moe,CSP,svm_radial,pt,6,0,0,9969,0.05,no_leakage_v1_alpha005,gate_all_sources_proxy_source_only_final_training_only,mmd,,,,,moe,coral,near_nearest_proxy,final,2.0,3,3test,train,False,0.3562936174283148,0.0,direct,0.10941821414047237,0.07851714679000854,0.1453329716794515
4,bnci004,MMP_moe,CSP,svm_radial,pt,6,0,0,9969,0.05,no_leakage_v1_alpha005,gate_all_sources_proxy_source_only_final_training_only,mmd,,,,,moe,coral,near_nearest_proxy,main,3.0,4,4test,far,False,,0.0,direct,0.30881156608471266,0.26222747950736686,0.3531626625143989
4,bnci004,MMP_moe,CSP,svm_radial,pt,6,0,0,9969,0.05,no_leakage_v1_alpha005,gate_all_sources_proxy_source_only_final_training_only,mmd,,,,,moe,coral,near_nearest_proxy,anchor,3.0,4,4test,not_used,False,,0.0,direct,0.30881156608471266,0.26222747950736686,0.3531626625143989
4,bnci004,MMP_moe,CSP,svm_radial,pt,6,0,0,9969,0.05,no_leakage_v1_alpha005,gate_all_sources_proxy_source_only_final_training_only,mmd,,,,,moe,coral,near_nearest_proxy,final,3.0,4,4test,not_used,False,,0.0,direct,0.30881156608471266,0.26222747950736686,0.3531626625143989
4,bnci004,MMP_moe,CSP,svm_radial,pt,6,0,0,9969,0.05,no_leakage_v1_alpha005,gate_all_sources_proxy_source_only_final_training_only,mmd,,,,,moe,coral,near_nearest_proxy,main,,0,0train,target,False,,,,,,
4,bnci004,MMP_moe,CSP,svm_radial,pt,6,0,0,9969,0.05,no_leakage_v1_alpha005,gate_all_sources_proxy_source_only_final_training_only,mmd,,,,,moe,coral,near_nearest_proxy,final,,0,0train,target,False,,,,,,
4,bnci004,MMP_moe,CSP,svm_radial,pt,6,1,1,10000,0.05,no_leakage_v1_alpha005,gate_all_sources_proxy_source_only_final_training_only,mmd,,,,,moe,coral,near_nearest_proxy,main,0.0,0,0train,nearest,True,0.42534774855498875,1.0,direct,0.06974522174616847,0.03770661189732589,0.11369297266152119
4,bnci004,MMP_moe,CSP,svm_radial,pt,6,1,1,10000,0.05,no_leakage_v1_alpha005,gate_all_sources_proxy_source_only_final_training_only,mmd,,,,,moe,coral,near_nearest_proxy,anchor,0.0,0,0train,target,False,,1.0,direct,0.06974522174616847,0.03770661189732589,0.11369297266152119
4,bnci004,MMP_moe,CSP,svm_radial,pt,6,1,1,10000,0.05,no_leakage_v1_alpha005,gate_all_sources_proxy_source_only_final_training_only,mmd,,,,,moe,coral,near_nearest_proxy,final,0.0,0,0train,train,True,0.42534774855498875,1.0,direct,0.06974522174616847,0.03770661189732589,0.11369297266152119
4,bnci004,MMP_moe,CSP,svm_radial,pt,6,1,1,10000,0.05,no_leakage_v1_alpha005,gate_all_sources_proxy_source_only_final_training_only,mmd,,,,,moe,coral,near_nearest_proxy,main,1.0,2,2train,near,False,0.2644967206103745,1.0,direct,0.11216068700121921,0.07995865219907491,0.15117495564040462
4,bnci004,MMP_moe,CSP,svm_radial,pt,6,1,1,10000,0.05,no_leakage_v1_alpha005,gate_all_sources_proxy_source_only_final_training_only,mmd,,,,,moe,coral,near_nearest_proxy,anchor,1.0,2,2train,proxy_source,False,0.4602726604573034,1.0,direct,0.11216068700121921,0.07995865219907491,0.15117495564040462
4,bnci004,MMP_moe,CSP,svm_radial,pt,6,1,1,10000,0.05,no_leakage_v1_alpha005,gate_all_sources_proxy_source_only_final_training_only,mmd,,,,,moe,coral,near_nearest_proxy,final,1.0,2,2train,train,False,0.2644967206103745,1.0,direct,0.11216068700121921,0.07995865219907491,0.15117495564040462
4,bnci004,MMP_moe,CSP,svm_radial,pt,6,1,1,10000,0.05,no_leakage_v1_alpha005,gate_all_sources_proxy_source_only_final_training_only,mmd,,,,,moe,coral,near_nearest_proxy,main,2.0,3,3test,near,False,0.3101555308346366,1.0,direct,0.09564907049887747,0.06726039633929348,0.1331150957387547
4,bnci004,MMP_moe,CSP,svm_radial,pt,6,1,1,10000,0.05,no_leakage_v1_alpha005,gate_all_sources_proxy_source_only_final_training_only,mmd,,,,,moe,coral,near_nearest_proxy,anchor,2.0,3,3test,proxy_source,False,0.5397273395426967,1.0,direct,0.09564907049887747,0.06726039633929348,0.1331150957387547
4,bnci004,MMP_moe,CSP,svm_radial,pt,6,1,1,10000,0.05,no_leakage_v1_alpha005,gate_all_sources_proxy_source_only_final_training_only,mmd,,,,,moe,coral,near_nearest_proxy,final,2.0,3,3test,train,False,0.3101555308346366,1.0,direct,0.09564907049887747,0.06726039633929348,0.1331150957387547
4,bnci004,MMP_moe,CSP,svm_radial,pt,6,1,1,10000,0.05,no_leakage_v1_alpha005,gate_all_sources_proxy_source_only_final_training_only,mmd,,,,,moe,coral,near_nearest_proxy,main,3.0,4,4test,far,False,,1.0,direct,0.19964614793706958,0.15208671532824322,0.24838324563616115
4,bnci004,MMP_moe,CSP,svm_radial,pt,6,1,1,10000,0.05,no_leakage_v1_alpha005,gate_all_sources_proxy_source_only_final_training_only,mmd,,,,,moe,coral,near_nearest_proxy,anchor,3.0,4,4test,not_used,False,,1.0,direct,0.19964614793706958,0.15208671532824322,0.24838324563616115
4,bnci004,MMP_moe,CSP,svm_radial,pt,6,1,1,10000,0.05,no_leakage_v1_alpha005,gate_all_sources_proxy_source_only_final_training_only,mmd,,,,,moe,coral,near_nearest_proxy,final,3.0,4,4test,not_used,False,,1.0,direct,0.19964614793706958,0.15208671532824322,0.24838324563616115
4,bnci004,MMP_moe,CSP,svm_radial,pt,6,1,1,10000,0.05,no_leakage_v1_alpha005,gate_all_sources_proxy_source_only_final_training_only,mmd,,,,,moe,coral,near_nearest_proxy,main,,1,1train,target,False,,,,,,
4,bnci004,MMP_moe,CSP,svm_radial,pt,6,1,1,10000,0.05,no_leakage_v1_alpha005,gate_all_sources_proxy_source_only_final_training_only,mmd,,,,,moe,coral,near_nearest_proxy,final,,1,1train,target,False,,,,,,
4,bnci004,MMP_moe,CSP,svm_radial,pt,6,2,2,10031,0.05,no_leakage_v1_alpha005,gate_all_sources_proxy_source_only_final_training_only,mmd,,,,,moe,coral,near_nearest_proxy,main,0.0,0,0train,far,False,,2.0,direct,0.23253227981993463,0.17287590071640424,0.2859637837361265
4,bnci004,MMP_moe,CSP,svm_radial,pt,6,2,2,10031,0.05,no_leakage_v1_alpha005,gate_all_sources_proxy_source_only_final_training_only,mmd,,,,,moe,coral,near_nearest_proxy,anchor,0.0,0,0train,not_used,False,,2.0,direct,0.23253227981993463,0.17287590071640424,0.2859637837361265
4,bnci004,MMP_moe,CSP,svm_radial,pt,6,2,2,10031,0.05,no_leakage_v1_alpha005,gate_all_sources_proxy_source_only_final_training_only,mmd,,,,,moe,coral,near_nearest_proxy,final,0.0,0,0train,not_used,False,,2.0,direct,0.23253227981993463,0.17287590071640424,0.2859637837361265
4,bnci004,MMP_moe,CSP,svm_radial,pt,6,2,2,10031,0.05,no_leakage_v1_alpha005,gate_all_sources_proxy_source_only_final_training_only,mmd,,,,,moe,coral,near_nearest_proxy,main,1.0,1,1train,near,False,0.4894939473226154,2.0,direct,0.09860498693777141,0.07250736935163267,0.12785383277690124
4,bnci004,MMP_moe,CSP,svm_radial,pt,6,2,2,10031,0.05,no_leakage_v1_alpha005,gate_all_sources_proxy_source_only_final_training_only,mmd,,,,,moe,coral,near_nearest_proxy,anchor,1.0,1,1train,proxy_source,False,1.0,2.0,direct,0.09860498693777141,0.07250736935163267,0.12785383277690124
4,bnci004,MMP_moe,CSP,svm_radial,pt,6,2,2,10031,0.05,no_leakage_v1_alpha005,gate_all_sources_proxy_source_only_final_training_only,mmd,,,,,moe,coral,near_nearest_proxy,final,1.0,1,1train,train,False,0.4894939473226154,2.0,direct,0.09860498693777141,0.07250736935163267,0.12785383277690124
4,bnci004,MMP_moe,CSP,svm_radial,pt,6,2,2,10031,0.05,no_leakage_v1_alpha005,gate_all_sources_proxy_source_only_final_training_only,mmd,,,,,moe,coral,near_nearest_proxy,main,2.0,3,3test,far,False,,2.0,direct,0.19110217378168615,0.15223972564925678,0.22620474066641846
4,bnci004,MMP_moe,CSP,svm_radial,pt,6,2,2,10031,0.05,no_leakage_v1_alpha005,gate_all_sources_proxy_source_only_final_training_only,mmd,,,,,moe,coral,near_nearest_proxy,anchor,2.0,3,3test,not_used,False,,2.0,direct,0.19110217378168615,0.15223972564925678,0.22620474066641846
4,bnci004,MMP_moe,CSP,svm_radial,pt,6,2,2,10031,0.05,no_leakage_v1_alpha005,gate_all_sources_proxy_source_only_final_training_only,mmd,,,,,moe,coral,near_nearest_proxy,final,2.0,3,3test,not_used,False,,2.0,direct,0.19110217378168615,0.15223972564925678,0.22620474066641846
4,bnci004,MMP_moe,CSP,svm_radial,pt,6,2,2,10031,0.05,no_leakage_v1_alpha005,gate_all_sources_proxy_source_only_final_training_only,mmd,,,,,moe,coral,near_nearest_proxy,main,3.0,4,4test,nearest,True,0.5105060526773846,2.0,direct,0.09454642705335649,0.06226429554240249,0.13061992796035332
4,bnci004,MMP_moe,CSP,svm_radial,pt,6,2,2,10031,0.05,no_leakage_v1_alpha005,gate_all_sources_proxy_source_only_final_training_only,mmd,,,,,moe,coral,near_nearest_proxy,anchor,3.0,4,4test,target,False,,2.0,direct,0.09454642705335649,0.06226429554240249,0.13061992796035332
4,bnci004,MMP_moe,CSP,svm_radial,pt,6,2,2,10031,0.05,no_leakage_v1_alpha005,gate_all_sources_proxy_source_only_final_training_only,mmd,,,,,moe,coral,near_nearest_proxy,final,3.0,4,4test,train,True,0.5105060526773846,2.0,direct,0.09454642705335649,0.06226429554240249,0.13061992796035332
4,bnci004,MMP_moe,CSP,svm_radial,pt,6,2,2,10031,0.05,no_leakage_v1_alpha005,gate_all_sources_proxy_source_only_final_training_only,mmd,,,,,moe,coral,near_nearest_proxy,main,,2,2train,target,False,,,,,,
4,bnci004,MMP_moe,CSP,svm_radial,pt,6,2,2,10031,0.05,no_leakage_v1_alpha005,gate_all_sources_proxy_source_only_final_training_only,mmd,,,,,moe,coral,near_nearest_proxy,final,,2,2train,target,False,,,,,,
4,bnci004,MMP_moe,CSP,svm_radial,pt,6,3,3,10062,0.05,no_leakage_v1_alpha005,gate_all_sources_proxy_source_only_final_training_only,mmd,,,,,moe,coral,near_nearest_proxy,main,0.0,0,0train,near,False,0.4892825731579179,3.0,direct,0.1106381668475843,0.08390653050176236,0.13953108950397583
4,bnci004,MMP_moe,CSP,svm_radial,pt,6,3,3,10062,0.05,no_leakage_v1_alpha005,gate_all_sources_proxy_source_only_final_training_only,mmd,,,,,moe,coral,near_nearest_proxy,anchor,0.0,0,0train,proxy_source,False,1.0,3.0,direct,0.1106381668475843,0.08390653050176236,0.13953108950397583
4,bnci004,MMP_moe,CSP,svm_radial,pt,6,3,3,10062,0.05,no_leakage_v1_alpha005,gate_all_sources_proxy_source_only_final_training_only,mmd,,,,,moe,coral,near_nearest_proxy,final,0.0,0,0train,train,False,0.4892825731579179,3.0,direct,0.1106381668475843,0.08390653050176236,0.13953108950397583
4,bnci004,MMP_moe,CSP,svm_radial,pt,6,3,3,10062,0.05,no_leakage_v1_alpha005,gate_all_sources_proxy_source_only_final_training_only,mmd,,,,,moe,coral,near_nearest_proxy,main,1.0,1,1train,nearest,True,0.5107174268420821,3.0,direct,0.10599463163912333,0.07940042848848228,0.1351664017651483
4,bnci004,MMP_moe,CSP,svm_radial,pt,6,3,3,10062,0.05,no_leakage_v1_alpha005,gate_all_sources_proxy_source_only_final_training_only,mmd,,,,,moe,coral,near_nearest_proxy,anchor,1.0,1,1train,target,False,,3.0,direct,0.10599463163912333,0.07940042848848228,0.1351664017651483
4,bnci004,MMP_moe,CSP,svm_radial,pt,6,3,3,10062,0.05,no_leakage_v1_alpha005,gate_all_sources_proxy_source_only_final_training_only,mmd,,,,,moe,coral,near_nearest_proxy,final,1.0,1,1train,train,True,0.5107174268420821,3.0,direct,0.10599463163912333,0.07940042848848228,0.1351664017651483
4,bnci004,MMP_moe,CSP,svm_radial,pt,6,3,3,10062,0.05,no_leakage_v1_alpha005,gate_all_sources_proxy_source_only_final_training_only,mmd,,,,,moe,coral,near_nearest_proxy,main,2.0,2,2train,far,False,,3.0,direct,0.18532734622039024,0.14378132166843377,0.2245890055198898
4,bnci004,MMP_moe,CSP,svm_radial,pt,6,3,3,10062,0.05,no_leakage_v1_alpha005,gate_all_sources_proxy_source_only_final_training_only,mmd,,,,,moe,coral,near_nearest_proxy,anchor,2.0,2,2train,not_used,False,,3.0,direct,0.18532734622039024,0.14378132166843377,0.2245890055198898
4,bnci004,MMP_moe,CSP,svm_radial,pt,6,3,3,10062,0.05,no_leakage_v1_alpha005,gate_all_sources_proxy_source_only_final_training_only,mmd,,,,,moe,coral,near_nearest_proxy,final,2.0,2,2train,not_used,False,,3.0,direct,0.18532734622039024,0.14378132166843377,0.2245890055198898
4,bnci004,MMP_moe,CSP,svm_radial,pt,6,3,3,10062,0.05,no_leakage_v1_alpha005,gate_all_sources_proxy_source_only_final_training_only,mmd,,,,,moe,coral,near_nearest_proxy,main,3.0,4,4test,far,False,,3.0,direct,0.3331541095016462,0.2898705945881288,0.3800379577052261
4,bnci004,MMP_moe,CSP,svm_radial,pt,6,3,3,10062,0.05,no_leakage_v1_alpha005,gate_all_sources_proxy_source_only_final_training_only,mmd,,,,,moe,coral,near_nearest_proxy,anchor,3.0,4,4test,not_used,False,,3.0,direct,0.3331541095016462,0.2898705945881288,0.3800379577052261
4,bnci004,MMP_moe,CSP,svm_radial,pt,6,3,3,10062,0.05,no_leakage_v1_alpha005,gate_all_sources_proxy_source_only_final_training_only,mmd,,,,,moe,coral,near_nearest_proxy,final,3.0,4,4test,not_used,False,,3.0,direct,0.3331541095016462,0.2898705945881288,0.3800379577052261
4,bnci004,MMP_moe,CSP,svm_radial,pt,6,3,3,10062,0.05,no_leakage_v1_alpha005,gate_all_sources_proxy_source_only_final_training_only,mmd,,,,,moe,coral,near_nearest_proxy,main,,3,3test,target,False,,,,,,
4,bnci004,MMP_moe,CSP,svm_radial,pt,6,3,3,10062,0.05,no_leakage_v1_alpha005,gate_all_sources_proxy_source_only_final_training_only,mmd,,,,,moe,coral,near_nearest_proxy,final,,3,3test,target,False,,,,,,
4,bnci004,MMP_moe,CSP,svm_radial,pt,6,4,4,10093,0.05,no_leakage_v1_alpha005,gate_all_sources_proxy_source_only_final_training_only,mmd,,,,,moe,coral,near_nearest_proxy,main,0.0,0,0train,far,False,,4.0,direct,0.32516005595106906,0.2647260802303589,0.3873472638644533
4,bnci004,MMP_moe,CSP,svm_radial,pt,6,4,4,10093,0.05,no_leakage_v1_alpha005,gate_all_sources_proxy_source_only_final_training_only,mmd,,,,,moe,coral,near_nearest_proxy,anchor,0.0,0,0train,not_used,False,,4.0,direct,0.32516005595106906,0.2647260802303589,0.3873472638644533
4,bnci004,MMP_moe,CSP,svm_radial,pt,6,4,4,10093,0.05,no_leakage_v1_alpha005,gate_all_sources_proxy_source_only_final_training_only,mmd,,,,,moe,coral,near_nearest_proxy,final,0.0,0,0train,not_used,False,,4.0,direct,0.32516005595106906,0.2647260802303589,0.3873472638644533
4,bnci004,MMP_moe,CSP,svm_radial,pt,6,4,4,10093,0.05,no_leakage_v1_alpha005,gate_all_sources_proxy_source_only_final_training_only,mmd,,,,,moe,coral,near_nearest_proxy,main,1.0,1,1train,near,False,0.3650345750706955,4.0,direct,0.16182653065294136,0.11751980663062196,0.20977348518846936
4,bnci004,MMP_moe,CSP,svm_radial,pt,6,4,4,10093,0.05,no_leakage_v1_alpha005,gate_all_sources_proxy_source_only_final_training_only,mmd,,,,,moe,coral,near_nearest_proxy,anchor,1.0,1,1train,proxy_source,False,1.0,4.0,direct,0.16182653065294136,0.11751980663062196,0.20977348518846936
4,bnci004,MMP_moe,CSP,svm_radial,pt,6,4,4,10093,0.05,no_leakage_v1_alpha005,gate_all_sources_proxy_source_only_final_training_only,mmd,,,,,moe,coral,near_nearest_proxy,final,1.0,1,1train,train,False,0.3650345750706955,4.0,direct,0.16182653065294136,0.11751980663062196,0.20977348518846936
4,bnci004,MMP_moe,CSP,svm_radial,pt,6,4,4,10093,0.05,no_leakage_v1_alpha005,gate_all_sources_proxy_source_only_final_training_only,mmd,,,,,moe,coral,near_nearest_proxy,main,2.0,2,2train,nearest,True,0.6349654249293045,4.0,direct,0.09303185118746962,0.06479588860384884,0.12564222208111603
4,bnci004,MMP_moe,CSP,svm_radial,pt,6,4,4,10093,0.05,no_leakage_v1_alpha005,gate_all_sources_proxy_source_only_final_training_only,mmd,,,,,moe,coral,near_nearest_proxy,anchor,2.0,2,2train,target,False,,4.0,direct,0.09303185118746962,0.06479588860384884,0.12564222208111603
4,bnci004,MMP_moe,CSP,svm_radial,pt,6,4,4,10093,0.05,no_leakage_v1_alpha005,gate_all_sources_proxy_source_only_final_training_only,mmd,,,,,moe,coral,near_nearest_proxy,final,2.0,2,2train,train,True,0.6349654249293045,4.0,direct,0.09303185118746962,0.06479588860384884,0.12564222208111603
4,bnci004,MMP_moe,CSP,svm_radial,pt,6,4,4,10093,0.05,no_leakage_v1_alpha005,gate_all_sources_proxy_source_only_final_training_only,mmd,,,,,moe,coral,near_nearest_proxy,main,3.0,3,3test,far,False,,4.0,direct,0.31939405078518535,0.28650982214362186,0.3618466477895842
4,bnci004,MMP_moe,CSP,svm_radial,pt,6,4,4,10093,0.05,no_leakage_v1_alpha005,gate_all_sources_proxy_source_only_final_training_only,mmd,,,,,moe,coral,near_nearest_proxy,anchor,3.0,3,3test,not_used,False,,4.0,direct,0.31939405078518535,0.28650982214362186,0.3618466477895842
4,bnci004,MMP_moe,CSP,svm_radial,pt,6,4,4,10093,0.05,no_leakage_v1_alpha005,gate_all_sources_proxy_source_only_final_training_only,mmd,,,,,moe,coral,near_nearest_proxy,final,3.0,3,3test,not_used,False,,4.0,direct,0.31939405078518535,0.28650982214362186,0.3618466477895842
4,bnci004,MMP_moe,CSP,svm_radial,pt,6,4,4,10093,0.05,no_leakage_v1_alpha005,gate_all_sources_proxy_source_only_final_training_only,mmd,,,,,moe,coral,near_nearest_proxy,main,,4,4test,target,False,,,,,,
4,bnci004,MMP_moe,CSP,svm_radial,pt,6,4,4,10093,0.05,no_leakage_v1_alpha005,gate_all_sources_proxy_source_only_final_training_only,mmd,,,,,moe,coral,near_nearest_proxy,final,,4,4test,target,False,,,,,,
4,bnci004,MMP_moe,CSP,svm_radial,coral,7,0,0,10966,0.05,no_leakage_v1_alpha005,gate_all_sources_proxy_source_only_final_training_only,mmd,,,,,moe,coral,near_nearest_proxy,main,0.0,1,1train,nearest,True,0.6348680599204154,0.0,direct,0.0625424849645606,0.033409527470023355,0.09551662818646314
4,bnci004,MMP_moe,CSP,svm_radial,coral,7,0,0,10966,0.05,no_leakage_v1_alpha005,gate_all_sources_proxy_source_only_final_training_only,mmd,,,,,moe,coral,near_nearest_proxy,anchor,0.0,1,1train,target,False,,0.0,direct,0.0625424849645606,0.033409527470023355,0.09551662818646314
4,bnci004,MMP_moe,CSP,svm_radial,coral,7,0,0,10966,0.05,no_leakage_v1_alpha005,gate_all_sources_proxy_source_only_final_training_only,mmd,,,,,moe,coral,near_nearest_proxy,final,0.0,1,1train,train,True,0.6348680599204154,0.0,direct,0.0625424849645606,0.033409527470023355,0.09551662818646314
4,bnci004,MMP_moe,CSP,svm_radial,coral,7,0,0,10966,0.05,no_leakage_v1_alpha005,gate_all_sources_proxy_source_only_final_training_only,mmd,,,,,moe,coral,near_nearest_proxy,main,1.0,2,2train,far,False,,0.0,direct,0.2281500475451316,0.17978252705151845,0.2798684733424911
4,bnci004,MMP_moe,CSP,svm_radial,coral,7,0,0,10966,0.05,no_leakage_v1_alpha005,gate_all_sources_proxy_source_only_final_training_only,mmd,,,,,moe,coral,near_nearest_proxy,anchor,1.0,2,2train,not_used,False,,0.0,direct,0.2281500475451316,0.17978252705151845,0.2798684733424911
4,bnci004,MMP_moe,CSP,svm_radial,coral,7,0,0,10966,0.05,no_leakage_v1_alpha005,gate_all_sources_proxy_source_only_final_training_only,mmd,,,,,moe,coral,near_nearest_proxy,final,1.0,2,2train,not_used,False,,0.0,direct,0.2281500475451316,0.17978252705151845,0.2798684733424911
4,bnci004,MMP_moe,CSP,svm_radial,coral,7,0,0,10966,0.05,no_leakage_v1_alpha005,gate_all_sources_proxy_source_only_final_training_only,mmd,,,,,moe,coral,near_nearest_proxy,main,2.0,3,3test,near,False,0.36513194007958466,0.0,direct,0.10874561074968597,0.07693746188114546,0.14934996176968984
4,bnci004,MMP_moe,CSP,svm_radial,coral,7,0,0,10966,0.05,no_leakage_v1_alpha005,gate_all_sources_proxy_source_only_final_training_only,mmd,,,,,moe,coral,near_nearest_proxy,anchor,2.0,3,3test,proxy_source,False,1.0,0.0,direct,0.10874561074968597,0.07693746188114546,0.14934996176968984
4,bnci004,MMP_moe,CSP,svm_radial,coral,7,0,0,10966,0.05,no_leakage_v1_alpha005,gate_all_sources_proxy_source_only_final_training_only,mmd,,,,,moe,coral,near_nearest_proxy,final,2.0,3,3test,train,False,0.36513194007958466,0.0,direct,0.10874561074968597,0.07693746188114546,0.14934996176968984
4,bnci004,MMP_moe,CSP,svm_radial,coral,7,0,0,10966,0.05,no_leakage_v1_alpha005,gate_all_sources_proxy_source_only_final_training_only,mmd,,,,,moe,coral,near_nearest_proxy,main,3.0,4,4test,far,False,,0.0,direct,0.31063157032165906,0.25337775946215657,0.3596045516009128
4,bnci004,MMP_moe,CSP,svm_radial,coral,7,0,0,10966,0.05,no_leakage_v1_alpha005,gate_all_sources_proxy_source_only_final_training_only,mmd,,,,,moe,coral,near_nearest_proxy,anchor,3.0,4,4test,not_used,False,,0.0,direct,0.31063157032165906,0.25337775946215657,0.3596045516009128
4,bnci004,MMP_moe,CSP,svm_radial,coral,7,0,0,10966,0.05,no_leakage_v1_alpha005,gate_all_sources_proxy_source_only_final_training_only,mmd,,,,,moe,coral,near_nearest_proxy,final,3.0,4,4test,not_used,False,,0.0,direct,0.31063157032165906,0.25337775946215657,0.3596045516009128
4,bnci004,MMP_moe,CSP,svm_radial,coral,7,0,0,10966,0.05,no_leakage_v1_alpha005,gate_all_sources_proxy_source_only_final_training_only,mmd,,,,,moe,coral,near_nearest_proxy,main,,0,0train,target,False,,,,,,
4,bnci004,MMP_moe,CSP,svm_radial,coral,7,0,0,10966,0.05,no_leakage_v1_alpha005,gate_all_sources_proxy_source_only_final_training_only,mmd,,,,,moe,coral,near_nearest_proxy,final,,0,0train,target,False,,,,,,
4,bnci004,MMP_moe,CSP,svm_radial,coral,7,1,1,10997,0.05,no_leakage_v1_alpha005,gate_all_sources_proxy_source_only_final_training_only,mmd,,,,,moe,coral,near_nearest_proxy,main,0.0,0,0train,nearest,True,0.4137363546918447,1.0,direct,0.07378176517631159,0.037319902959123026,0.11584394155309942
4,bnci004,MMP_moe,CSP,svm_radial,coral,7,1,1,10997,0.05,no_leakage_v1_alpha005,gate_all_sources_proxy_source_only_final_training_only,mmd,,,,,moe,coral,near_nearest_proxy,anchor,0.0,0,0train,target,False,,1.0,direct,0.07378176517631159,0.037319902959123026,0.11584394155309942
4,bnci004,MMP_moe,CSP,svm_radial,coral,7,1,1,10997,0.05,no_leakage_v1_alpha005,gate_all_sources_proxy_source_only_final_training_only,mmd,,,,,moe,coral,near_nearest_proxy,final,0.0,0,0train,train,True,0.4137363546918447,1.0,direct,0.07378176517631159,0.037319902959123026,0.11584394155309942
4,bnci004,MMP_moe,CSP,svm_radial,coral,7,1,1,10997,0.05,no_leakage_v1_alpha005,gate_all_sources_proxy_source_only_final_training_only,mmd,,,,,moe,coral,near_nearest_proxy,main,1.0,2,2train,near,False,0.2731797489687902,1.0,direct,0.11174451707571521,0.07602314705715375,0.15813159921464182
4,bnci004,MMP_moe,CSP,svm_radial,coral,7,1,1,10997,0.05,no_leakage_v1_alpha005,gate_all_sources_proxy_source_only_final_training_only,mmd,,,,,moe,coral,near_nearest_proxy,anchor,1.0,2,2train,proxy_source,False,0.4659674041790531,1.0,direct,0.11174451707571521,0.07602314705715375,0.15813159921464182
4,bnci004,MMP_moe,CSP,svm_radial,coral,7,1,1,10997,0.05,no_leakage_v1_alpha005,gate_all_sources_proxy_source_only_final_training_only,mmd,,,,,moe,coral,near_nearest_proxy,final,1.0,2,2train,train,False,0.2731797489687902,1.0,direct,0.11174451707571521,0.07602314705715375,0.15813159921464182
4,bnci004,MMP_moe,CSP,svm_radial,coral,7,1,1,10997,0.05,no_leakage_v1_alpha005,gate_all_sources_proxy_source_only_final_training_only,mmd,,,,,moe,coral,near_nearest_proxy,main,2.0,3,3test,near,False,0.31308389633936506,1.0,direct,0.09750197814756476,0.06733844615603374,0.13505154531546318
4,bnci004,MMP_moe,CSP,svm_radial,coral,7,1,1,10997,0.05,no_leakage_v1_alpha005,gate_all_sources_proxy_source_only_final_training_only,mmd,,,,,moe,coral,near_nearest_proxy,anchor,2.0,3,3test,proxy_source,False,0.5340325958209469,1.0,direct,0.09750197814756476,0.06733844615603374,0.13505154531546318
4,bnci004,MMP_moe,CSP,svm_radial,coral,7,1,1,10997,0.05,no_leakage_v1_alpha005,gate_all_sources_proxy_source_only_final_training_only,mmd,,,,,moe,coral,near_nearest_proxy,final,2.0,3,3test,train,False,0.31308389633936506,1.0,direct,0.09750197814756476,0.06733844615603374,0.13505154531546318
4,bnci004,MMP_moe,CSP,svm_radial,coral,7,1,1,10997,0.05,no_leakage_v1_alpha005,gate_all_sources_proxy_source_only_final_training_only,mmd,,,,,moe,coral,near_nearest_proxy,main,3.0,4,4test,far,False,,1.0,direct,0.1987167780577547,0.1486949053340167,0.25657673716803314
4,bnci004,MMP_moe,CSP,svm_radial,coral,7,1,1,10997,0.05,no_leakage_v1_alpha005,gate_all_sources_proxy_source_only_final_training_only,mmd,,,,,moe,coral,near_nearest_proxy,anchor,3.0,4,4test,not_used,False,,1.0,direct,0.1987167780577547,0.1486949053340167,0.25657673716803314
4,bnci004,MMP_moe,CSP,svm_radial,coral,7,1,1,10997,0.05,no_leakage_v1_alpha005,gate_all_sources_proxy_source_only_final_training_only,mmd,,,,,moe,coral,near_nearest_proxy,final,3.0,4,4test,not_used,False,,1.0,direct,0.1987167780577547,0.1486949053340167,0.25657673716803314
4,bnci004,MMP_moe,CSP,svm_radial,coral,7,1,1,10997,0.05,no_leakage_v1_alpha005,gate_all_sources_proxy_source_only_final_training_only,mmd,,,,,moe,coral,near_nearest_proxy,main,,1,1train,target,False,,,,,,
4,bnci004,MMP_moe,CSP,svm_radial,coral,7,1,1,10997,0.05,no_leakage_v1_alpha005,gate_all_sources_proxy_source_only_final_training_only,mmd,,,,,moe,coral,near_nearest_proxy,final,,1,1train,target,False,,,,,,
4,bnci004,MMP_moe,CSP,svm_radial,coral,7,2,2,11028,0.05,no_leakage_v1_alpha005,gate_all_sources_proxy_source_only_final_training_only,mmd,,,,,moe,coral,near_nearest_proxy,main,0.0,0,0train,far,False,,2.0,direct,0.23855182568891692,0.17873431785658125,0.29771465154659954
4,bnci004,MMP_moe,CSP,svm_radial,coral,7,2,2,11028,0.05,no_leakage_v1_alpha005,gate_all_sources_proxy_source_only_final_training_only,mmd,,,,,moe,coral,near_nearest_proxy,anchor,0.0,0,0train,not_used,False,,2.0,direct,0.23855182568891692,0.17873431785658125,0.29771465154659954
4,bnci004,MMP_moe,CSP,svm_radial,coral,7,2,2,11028,0.05,no_leakage_v1_alpha005,gate_all_sources_proxy_source_only_final_training_only,mmd,,,,,moe,coral,near_nearest_proxy,final,0.0,0,0train,not_used,False,,2.0,direct,0.23855182568891692,0.17873431785658125,0.29771465154659954
4,bnci004,MMP_moe,CSP,svm_radial,coral,7,2,2,11028,0.05,no_leakage_v1_alpha005,gate_all_sources_proxy_source_only_final_training_only,mmd,,,,,moe,coral,near_nearest_proxy,main,1.0,1,1train,near,False,0.48985393999176713,2.0,direct,0.09710109148212737,0.06986977055719007,0.13296192838132467
4,bnci004,MMP_moe,CSP,svm_radial,coral,7,2,2,11028,0.05,no_leakage_v1_alpha005,gate_all_sources_proxy_source_only_final_training_only,mmd,,,,,moe,coral,near_nearest_proxy,anchor,1.0,1,1train,proxy_source,False,1.0,2.0,direct,0.09710109148212737,0.06986977055719007,0.13296192838132467
4,bnci004,MMP_moe,CSP,svm_radial,coral,7,2,2,11028,0.05,no_leakage_v1_alpha005,gate_all_sources_proxy_source_only_final_training_only,mmd,,,,,moe,coral,near_nearest_proxy,final,1.0,1,1train,train,False,0.48985393999176713,2.0,direct,0.09710109148212737,0.06986977055719007,0.13296192838132467
4,bnci004,MMP_moe,CSP,svm_radial,coral,7,2,2,11028,0.05,no_leakage_v1_alpha005,gate_all_sources_proxy_source_only_final_training_only,mmd,,,,,moe,coral,near_nearest_proxy,main,2.0,3,3test,far,False,,2.0,direct,0.19166230961606018,0.14432106128899735,0.23969528958117164
4,bnci004,MMP_moe,CSP,svm_radial,coral,7,2,2,11028,0.05,no_leakage_v1_alpha005,gate_all_sources_proxy_source_only_final_training_only,mmd,,,,,moe,coral,near_nearest_proxy,anchor,2.0,3,3test,not_used,False,,2.0,direct,0.19166230961606018,0.14432106128899735,0.23969528958117164
4,bnci004,MMP_moe,CSP,svm_radial,coral,7,2,2,11028,0.05,no_leakage_v1_alpha005,gate_all_sources_proxy_source_only_final_training_only,mmd,,,,,moe,coral,near_nearest_proxy,final,2.0,3,3test,not_used,False,,2.0,direct,0.19166230961606018,0.14432106128899735,0.23969528958117164
4,bnci004,MMP_moe,CSP,svm_radial,coral,7,2,2,11028,0.05,no_leakage_v1_alpha005,gate_all_sources_proxy_source_only_final_training_only,mmd,,,,,moe,coral,near_nearest_proxy,main,3.0,4,4test,nearest,True,0.5101460600082329,2.0,direct,0.0932386539398804,0.06488978827333487,0.12818008116575652
4,bnci004,MMP_moe,CSP,svm_radial,coral,7,2,2,11028,0.05,no_leakage_v1_alpha005,gate_all_sources_proxy_source_only_final_training_only,mmd,,,,,moe,coral,near_nearest_proxy,anchor,3.0,4,4test,target,False,,2.0,direct,0.0932386539398804,0.06488978827333487,0.12818008116575652
4,bnci004,MMP_moe,CSP,svm_radial,coral,7,2,2,11028,0.05,no_leakage_v1_alpha005,gate_all_sources_proxy_source_only_final_training_only,mmd,,,,,moe,coral,near_nearest_proxy,final,3.0,4,4test,train,True,0.5101460600082329,2.0,direct,0.0932386539398804,0.06488978827333487,0.12818008116575652
4,bnci004,MMP_moe,CSP,svm_radial,coral,7,2,2,11028,0.05,no_leakage_v1_alpha005,gate_all_sources_proxy_source_only_final_training_only,mmd,,,,,moe,coral,near_nearest_proxy,main,,2,2train,target,False,,,,,,
4,bnci004,MMP_moe,CSP,svm_radial,coral,7,2,2,11028,0.05,no_leakage_v1_alpha005,gate_all_sources_proxy_source_only_final_training_only,mmd,,,,,moe,coral,near_nearest_proxy,final,,2,2train,target,False,,,,,,
4,bnci004,MMP_moe,CSP,svm_radial,coral,7,3,3,11059,0.05,no_leakage_v1_alpha005,gate_all_sources_proxy_source_only_final_training_only,mmd,,,,,moe,coral,near_nearest_proxy,main,0.0,0,0train,near,False,0.48400333654474437,3.0,direct,0.11045904782222252,0.08399478198628403,0.14124067080686872
4,bnci004,MMP_moe,CSP,svm_radial,coral,7,3,3,11059,0.05,no_leakage_v1_alpha005,gate_all_sources_proxy_source_only_final_training_only,mmd,,,,,moe,coral,near_nearest_proxy,anchor,0.0,0,0train,proxy_source,False,1.0,3.0,direct,0.11045904782222252,0.08399478198628403,0.14124067080686872
4,bnci004,MMP_moe,CSP,svm_radial,coral,7,3,3,11059,0.05,no_leakage_v1_alpha005,gate_all_sources_proxy_source_only_final_training_only,mmd,,,,,moe,coral,near_nearest_proxy,final,0.0,0,0train,train,False,0.48400333654474437,3.0,direct,0.11045904782222252,0.08399478198628403,0.14124067080686872
4,bnci004,MMP_moe,CSP,svm_radial,coral,7,3,3,11059,0.05,no_leakage_v1_alpha005,gate_all_sources_proxy_source_only_final_training_only,mmd,,,,,moe,coral,near_nearest_proxy,main,1.0,1,1train,nearest,True,0.5159966634552557,3.0,direct,0.10361019651984674,0.07519927708461759,0.1372037165465714
4,bnci004,MMP_moe,CSP,svm_radial,coral,7,3,3,11059,0.05,no_leakage_v1_alpha005,gate_all_sources_proxy_source_only_final_training_only,mmd,,,,,moe,coral,near_nearest_proxy,anchor,1.0,1,1train,target,False,,3.0,direct,0.10361019651984674,0.07519927708461759,0.1372037165465714
4,bnci004,MMP_moe,CSP,svm_radial,coral,7,3,3,11059,0.05,no_leakage_v1_alpha005,gate_all_sources_proxy_source_only_final_training_only,mmd,,,,,moe,coral,near_nearest_proxy,final,1.0,1,1train,train,True,0.5159966634552557,3.0,direct,0.10361019651984674,0.07519927708461759,0.1372037165465714
4,bnci004,MMP_moe,CSP,svm_radial,coral,7,3,3,11059,0.05,no_leakage_v1_alpha005,gate_all_sources_proxy_source_only_final_training_only,mmd,,,,,moe,coral,near_nearest_proxy,main,2.0,2,2train,far,False,,3.0,direct,0.18359004566936754,0.14094567574093142,0.2340396941829619
4,bnci004,MMP_moe,CSP,svm_radial,coral,7,3,3,11059,0.05,no_leakage_v1_alpha005,gate_all_sources_proxy_source_only_final_training_only,mmd,,,,,moe,coral,near_nearest_proxy,anchor,2.0,2,2train,not_used,False,,3.0,direct,0.18359004566936754,0.14094567574093142,0.2340396941829619
4,bnci004,MMP_moe,CSP,svm_radial,coral,7,3,3,11059,0.05,no_leakage_v1_alpha005,gate_all_sources_proxy_source_only_final_training_only,mmd,,,,,moe,coral,near_nearest_proxy,final,2.0,2,2train,not_used,False,,3.0,direct,0.18359004566936754,0.14094567574093142,0.2340396941829619
4,bnci004,MMP_moe,CSP,svm_radial,coral,7,3,3,11059,0.05,no_leakage_v1_alpha005,gate_all_sources_proxy_source_only_final_training_only,mmd,,,,,moe,coral,near_nearest_proxy,main,3.0,4,4test,far,False,,3.0,direct,0.33525696655172277,0.29528489638364114,0.3770266709237463
4,bnci004,MMP_moe,CSP,svm_radial,coral,7,3,3,11059,0.05,no_leakage_v1_alpha005,gate_all_sources_proxy_source_only_final_training_only,mmd,,,,,moe,coral,near_nearest_proxy,anchor,3.0,4,4test,not_used,False,,3.0,direct,0.33525696655172277,0.29528489638364114,0.3770266709237463
4,bnci004,MMP_moe,CSP,svm_radial,coral,7,3,3,11059,0.05,no_leakage_v1_alpha005,gate_all_sources_proxy_source_only_final_training_only,mmd,,,,,moe,coral,near_nearest_proxy,final,3.0,4,4test,not_used,False,,3.0,direct,0.33525696655172277,0.29528489638364114,0.3770266709237463
4,bnci004,MMP_moe,CSP,svm_radial,coral,7,3,3,11059,0.05,no_leakage_v1_alpha005,gate_all_sources_proxy_source_only_final_training_only,mmd,,,,,moe,coral,near_nearest_proxy,main,,3,3test,target,False,,,,,,
4,bnci004,MMP_moe,CSP,svm_radial,coral,7,3,3,11059,0.05,no_leakage_v1_alpha005,gate_all_sources_proxy_source_only_final_training_only,mmd,,,,,moe,coral,near_nearest_proxy,final,,3,3test,target,False,,,,,,
4,bnci004,MMP_moe,CSP,svm_radial,coral,7,4,4,11090,0.05,no_leakage_v1_alpha005,gate_all_sources_proxy_source_only_final_training_only,mmd,,,,,moe,coral,near_nearest_proxy,main,0.0,0,0train,far,False,,4.0,direct,0.31715760813293237,0.26432988098314186,0.37693171782377577
4,bnci004,MMP_moe,CSP,svm_radial,coral,7,4,4,11090,0.05,no_leakage_v1_alpha005,gate_all_sources_proxy_source_only_final_training_only,mmd,,,,,moe,coral,near_nearest_proxy,anchor,0.0,0,0train,not_used,False,,4.0,direct,0.31715760813293237,0.26432988098314186,0.37693171782377577
4,bnci004,MMP_moe,CSP,svm_radial,coral,7,4,4,11090,0.05,no_leakage_v1_alpha005,gate_all_sources_proxy_source_only_final_training_only,mmd,,,,,moe,coral,near_nearest_proxy,final,0.0,0,0train,not_used,False,,4.0,direct,0.31715760813293237,0.26432988098314186,0.37693171782377577
4,bnci004,MMP_moe,CSP,svm_radial,coral,7,4,4,11090,0.05,no_leakage_v1_alpha005,gate_all_sources_proxy_source_only_final_training_only,mmd,,,,,moe,coral,near_nearest_proxy,main,1.0,1,1train,near,False,0.3703783378760676,4.0,direct,0.1587864905049475,0.11368575055865715,0.2027567800644971
4,bnci004,MMP_moe,CSP,svm_radial,coral,7,4,4,11090,0.05,no_leakage_v1_alpha005,gate_all_sources_proxy_source_only_final_training_only,mmd,,,,,moe,coral,near_nearest_proxy,anchor,1.0,1,1train,proxy_source,False,1.0,4.0,direct,0.1587864905049475,0.11368575055865715,0.2027567800644971
4,bnci004,MMP_moe,CSP,svm_radial,coral,7,4,4,11090,0.05,no_leakage_v1_alpha005,gate_all_sources_proxy_source_only_final_training_only,mmd,,,,,moe,coral,near_nearest_proxy,final,1.0,1,1train,train,False,0.3703783378760676,4.0,direct,0.1587864905049475,0.11368575055865715,0.2027567800644971
4,bnci004,MMP_moe,CSP,svm_radial,coral,7,4,4,11090,0.05,no_leakage_v1_alpha005,gate_all_sources_proxy_source_only_final_training_only,mmd,,,,,moe,coral,near_nearest_proxy,main,2.0,2,2train,nearest,True,0.6296216621239324,4.0,direct,0.09340659752506433,0.0640257038956327,0.12274256255714126
4,bnci004,MMP_moe,CSP,svm_radial,coral,7,4,4,11090,0.05,no_leakage_v1_alpha005,gate_all_sources_proxy_source_only_final_training_only,mmd,,,,,moe,coral,near_nearest_proxy,anchor,2.0,2,2train,target,False,,4.0,direct,0.09340659752506433,0.0640257038956327,0.12274256255714126
4,bnci004,MMP_moe,CSP,svm_radial,coral,7,4,4,11090,0.05,no_leakage_v1_alpha005,gate_all_sources_proxy_source_only_final_training_only,mmd,,,,,moe,coral,near_nearest_proxy,final,2.0,2,2train,train,True,0.6296216621239324,4.0,direct,0.09340659752506433,0.0640257038956327,0.12274256255714126
4,bnci004,MMP_moe,CSP,svm_radial,coral,7,4,4,11090,0.05,no_leakage_v1_alpha005,gate_all_sources_proxy_source_only_final_training_only,mmd,,,,,moe,coral,near_nearest_proxy,main,3.0,3,3test,far,False,,4.0,direct,0.3156254263169118,0.276926671787548,0.3593723968446169
4,bnci004,MMP_moe,CSP,svm_radial,coral,7,4,4,11090,0.05,no_leakage_v1_alpha005,gate_all_sources_proxy_source_only_final_training_only,mmd,,,,,moe,coral,near_nearest_proxy,anchor,3.0,3,3test,not_used,False,,4.0,direct,0.3156254263169118,0.276926671787548,0.3593723968446169
4,bnci004,MMP_moe,CSP,svm_radial,coral,7,4,4,11090,0.05,no_leakage_v1_alpha005,gate_all_sources_proxy_source_only_final_training_only,mmd,,,,,moe,coral,near_nearest_proxy,final,3.0,3,3test,not_used,False,,4.0,direct,0.3156254263169118,0.276926671787548,0.3593723968446169
4,bnci004,MMP_moe,CSP,svm_radial,coral,7,4,4,11090,0.05,no_leakage_v1_alpha005,gate_all_sources_proxy_source_only_final_training_only,mmd,,,,,moe,coral,near_nearest_proxy,main,,4,4test,target,False,,,,,,
4,bnci004,MMP_moe,CSP,svm_radial,coral,7,4,4,11090,0.05,no_leakage_v1_alpha005,gate_all_sources_proxy_source_only_final_training_only,mmd,,,,,moe,coral,near_nearest_proxy,final,,4,4test,target,False,,,,,,
4,bnci004,MMP_moe,logvar,lda,none,8,0,0,11963,0.05,no_leakage_v1_alpha005,gate_all_sources_proxy_source_only_final_training_only,mmd,,,,,moe,coral,near_nearest_proxy,main,0.0,1,1train,nearest,True,0.6459313921119375,0.0,direct,0.06761618945671985,0.0332446643469127,0.10244535134739649
4,bnci004,MMP_moe,logvar,lda,none,8,0,0,11963,0.05,no_leakage_v1_alpha005,gate_all_sources_proxy_source_only_final_training_only,mmd,,,,,moe,coral,near_nearest_proxy,anchor,0.0,1,1train,target,False,,0.0,direct,0.06761618945671985,0.0332446643469127,0.10244535134739649
4,bnci004,MMP_moe,logvar,lda,none,8,0,0,11963,0.05,no_leakage_v1_alpha005,gate_all_sources_proxy_source_only_final_training_only,mmd,,,,,moe,coral,near_nearest_proxy,final,0.0,1,1train,train,True,0.6459313921119375,0.0,direct,0.06761618945671985,0.0332446643469127,0.10244535134739649
4,bnci004,MMP_moe,logvar,lda,none,8,0,0,11963,0.05,no_leakage_v1_alpha005,gate_all_sources_proxy_source_only_final_training_only,mmd,,,,,moe,coral,near_nearest_proxy,main,1.0,2,2train,far,False,,0.0,direct,0.24317788099481738,0.18538284058157695,0.31183608629684595
4,bnci004,MMP_moe,logvar,lda,none,8,0,0,11963,0.05,no_leakage_v1_alpha005,gate_all_sources_proxy_source_only_final_training_only,mmd,,,,,moe,coral,near_nearest_proxy,anchor,1.0,2,2train,not_used,False,,0.0,direct,0.24317788099481738,0.18538284058157695,0.31183608629684595
4,bnci004,MMP_moe,logvar,lda,none,8,0,0,11963,0.05,no_leakage_v1_alpha005,gate_all_sources_proxy_source_only_final_training_only,mmd,,,,,moe,coral,near_nearest_proxy,final,1.0,2,2train,not_used,False,,0.0,direct,0.24317788099481738,0.18538284058157695,0.31183608629684595
4,bnci004,MMP_moe,logvar,lda,none,8,0,0,11963,0.05,no_leakage_v1_alpha005,gate_all_sources_proxy_source_only_final_training_only,mmd,,,,,moe,coral,near_nearest_proxy,main,2.0,3,3test,near,False,0.3540686078880625,0.0,direct,0.12335380848469829,0.09416320537840064,0.1584133200923139
4,bnci004,MMP_moe,logvar,lda,none,8,0,0,11963,0.05,no_leakage_v1_alpha005,gate_all_sources_proxy_source_only_final_training_only,mmd,,,,,moe,coral,near_nearest_proxy,anchor,2.0,3,3test,proxy_source,False,1.0,0.0,direct,0.12335380848469829,0.09416320537840064,0.1584133200923139
4,bnci004,MMP_moe,logvar,lda,none,8,0,0,11963,0.05,no_leakage_v1_alpha005,gate_all_sources_proxy_source_only_final_training_only,mmd,,,,,moe,coral,near_nearest_proxy,final,2.0,3,3test,train,False,0.3540686078880625,0.0,direct,0.12335380848469829,0.09416320537840064,0.1584133200923139
4,bnci004,MMP_moe,logvar,lda,none,8,0,0,11963,0.05,no_leakage_v1_alpha005,gate_all_sources_proxy_source_only_final_training_only,mmd,,,,,moe,coral,near_nearest_proxy,main,3.0,4,4test,far,False,,0.0,direct,0.45761156551268856,0.3776033076363977,0.5245565477575744
4,bnci004,MMP_moe,logvar,lda,none,8,0,0,11963,0.05,no_leakage_v1_alpha005,gate_all_sources_proxy_source_only_final_training_only,mmd,,,,,moe,coral,near_nearest_proxy,anchor,3.0,4,4test,not_used,False,,0.0,direct,0.45761156551268856,0.3776033076363977,0.5245565477575744
4,bnci004,MMP_moe,logvar,lda,none,8,0,0,11963,0.05,no_leakage_v1_alpha005,gate_all_sources_proxy_source_only_final_training_only,mmd,,,,,moe,coral,near_nearest_proxy,final,3.0,4,4test,not_used,False,,0.0,direct,0.45761156551268856,0.3776033076363977,0.5245565477575744
4,bnci004,MMP_moe,logvar,lda,none,8,0,0,11963,0.05,no_leakage_v1_alpha005,gate_all_sources_proxy_source_only_final_training_only,mmd,,,,,moe,coral,near_nearest_proxy,main,,0,0train,target,False,,,,,,
4,bnci004,MMP_moe,logvar,lda,none,8,0,0,11963,0.05,no_leakage_v1_alpha005,gate_all_sources_proxy_source_only_final_training_only,mmd,,,,,moe,coral,near_nearest_proxy,final,,0,0train,target,False,,,,,,
4,bnci004,MMP_moe,logvar,lda,none,8,1,1,11994,0.05,no_leakage_v1_alpha005,gate_all_sources_proxy_source_only_final_training_only,mmd,,,,,moe,coral,near_nearest_proxy,main,0.0,0,0train,nearest,True,0.42826543709114534,1.0,direct,0.07277385281388077,0.03502935409968791,0.11721686311858841
4,bnci004,MMP_moe,logvar,lda,none,8,1,1,11994,0.05,no_leakage_v1_alpha005,gate_all_sources_proxy_source_only_final_training_only,mmd,,,,,moe,coral,near_nearest_proxy,anchor,0.0,0,0train,target,False,,1.0,direct,0.07277385281388077,0.03502935409968791,0.11721686311858841
4,bnci004,MMP_moe,logvar,lda,none,8,1,1,11994,0.05,no_leakage_v1_alpha005,gate_all_sources_proxy_source_only_final_training_only,mmd,,,,,moe,coral,near_nearest_proxy,final,0.0,0,0train,train,True,0.42826543709114534,1.0,direct,0.07277385281388077,0.03502935409968791,0.11721686311858841
4,bnci004,MMP_moe,logvar,lda,none,8,1,1,11994,0.05,no_leakage_v1_alpha005,gate_all_sources_proxy_source_only_final_training_only,mmd,,,,,moe,coral,near_nearest_proxy,main,1.0,2,2train,near,False,0.35676919533953627,1.0,direct,0.08735787110410108,0.059194886312628155,0.12479739185982931
4,bnci004,MMP_moe,logvar,lda,none,8,1,1,11994,0.05,no_leakage_v1_alpha005,gate_all_sources_proxy_source_only_final_training_only,mmd,,,,,moe,coral,near_nearest_proxy,anchor,1.0,2,2train,proxy_source,False,0.6240119427525531,1.0,direct,0.08735787110410108,0.059194886312628155,0.12479739185982931
4,bnci004,MMP_moe,logvar,lda,none,8,1,1,11994,0.05,no_leakage_v1_alpha005,gate_all_sources_proxy_source_only_final_training_only,mmd,,,,,moe,coral,near_nearest_proxy,final,1.0,2,2train,train,False,0.35676919533953627,1.0,direct,0.08735787110410108,0.059194886312628155,0.12479739185982931
4,bnci004,MMP_moe,logvar,lda,none,8,1,1,11994,0.05,no_leakage_v1_alpha005,gate_all_sources_proxy_source_only_final_training_only,mmd,,,,,moe,coral,near_nearest_proxy,main,2.0,3,3test,near,False,0.21496536756931847,1.0,direct,0.14498493192938489,0.10395671737760928,0.19274393480938176
4,bnci004,MMP_moe,logvar,lda,none,8,1,1,11994,0.05,no_leakage_v1_alpha005,gate_all_sources_proxy_source_only_final_training_only,mmd,,,,,moe,coral,near_nearest_proxy,anchor,2.0,3,3test,proxy_source,False,0.37598805724744677,1.0,direct,0.14498493192938489,0.10395671737760928,0.19274393480938176
4,bnci004,MMP_moe,logvar,lda,none,8,1,1,11994,0.05,no_leakage_v1_alpha005,gate_all_sources_proxy_source_only_final_training_only,mmd,,,,,moe,coral,near_nearest_proxy,final,2.0,3,3test,train,False,0.21496536756931847,1.0,direct,0.14498493192938489,0.10395671737760928,0.19274393480938176
4,bnci004,MMP_moe,logvar,lda,none,8,1,1,11994,0.05,no_leakage_v1_alpha005,gate_all_sources_proxy_source_only_final_training_only,mmd,,,,,moe,coral,near_nearest_proxy,main,3.0,4,4test,far,False,,1.0,direct,0.218850694746147,0.14884173714449853,0.29469129696688995
4,bnci004,MMP_moe,logvar,lda,none,8,1,1,11994,0.05,no_leakage_v1_alpha005,gate_all_sources_proxy_source_only_final_training_only,mmd,,,,,moe,coral,near_nearest_proxy,anchor,3.0,4,4test,not_used,False,,1.0,direct,0.218850694746147,0.14884173714449853,0.29469129696688995
4,bnci004,MMP_moe,logvar,lda,none,8,1,1,11994,0.05,no_leakage_v1_alpha005,gate_all_sources_proxy_source_only_final_training_only,mmd,,,,,moe,coral,near_nearest_proxy,final,3.0,4,4test,not_used,False,,1.0,direct,0.218850694746147,0.14884173714449853,0.29469129696688995
4,bnci004,MMP_moe,logvar,lda,none,8,1,1,11994,0.05,no_leakage_v1_alpha005,gate_all_sources_proxy_source_only_final_training_only,mmd,,,,,moe,coral,near_nearest_proxy,main,,1,1train,target,False,,,,,,
4,bnci004,MMP_moe,logvar,lda,none,8,1,1,11994,0.05,no_leakage_v1_alpha005,gate_all_sources_proxy_source_only_final_training_only,mmd,,,,,moe,coral,near_nearest_proxy,final,,1,1train,target,False,,,,,,
4,bnci004,MMP_moe,logvar,lda,none,8,2,2,12025,0.05,no_leakage_v1_alpha005,gate_all_sources_proxy_source_only_final_training_only,mmd,,,,,moe,coral,near_nearest_proxy,main,0.0,0,0train,far,False,,2.0,direct,0.17686746603275857,0.13080504060152698,0.22221217235484458
4,bnci004,MMP_moe,logvar,lda,none,8,2,2,12025,0.05,no_leakage_v1_alpha005,gate_all_sources_proxy_source_only_final_training_only,mmd,,,,,moe,coral,near_nearest_proxy,anchor,0.0,0,0train,not_used,False,,2.0,direct,0.17686746603275857,0.13080504060152698,0.22221217235484458
4,bnci004,MMP_moe,logvar,lda,none,8,2,2,12025,0.05,no_leakage_v1_alpha005,gate_all_sources_proxy_source_only_final_training_only,mmd,,,,,moe,coral,near_nearest_proxy,final,0.0,0,0train,not_used,False,,2.0,direct,0.17686746603275857,0.13080504060152698,0.22221217235484458
4,bnci004,MMP_moe,logvar,lda,none,8,2,2,12025,0.05,no_leakage_v1_alpha005,gate_all_sources_proxy_source_only_final_training_only,mmd,,,,,moe,coral,near_nearest_proxy,main,1.0,1,1train,nearest,True,0.5632777787190827,2.0,direct,0.07767788686178805,0.054218622730770355,0.10284017425578922
4,bnci004,MMP_moe,logvar,lda,none,8,2,2,12025,0.05,no_leakage_v1_alpha005,gate_all_sources_proxy_source_only_final_training_only,mmd,,,,,moe,coral,near_nearest_proxy,anchor,1.0,1,1train,target,False,,2.0,direct,0.07767788686178805,0.054218622730770355,0.10284017425578922
4,bnci004,MMP_moe,logvar,lda,none,8,2,2,12025,0.05,no_leakage_v1_alpha005,gate_all_sources_proxy_source_only_final_training_only,mmd,,,,,moe,coral,near_nearest_proxy,final,1.0,1,1train,train,True,0.5632777787190827,2.0,direct,0.07767788686178805,0.054218622730770355,0.10284017425578922
4,bnci004,MMP_moe,logvar,lda,none,8,2,2,12025,0.05,no_leakage_v1_alpha005,gate_all_sources_proxy_source_only_final_training_only,mmd,,,,,moe,coral,near_nearest_proxy,main,2.0,3,3test,far,False,,2.0,direct,0.16546566556642112,0.11910115815313838,0.20950249920794345
4,bnci004,MMP_moe,logvar,lda,none,8,2,2,12025,0.05,no_leakage_v1_alpha005,gate_all_sources_proxy_source_only_final_training_only,mmd,,,,,moe,coral,near_nearest_proxy,anchor,2.0,3,3test,not_used,False,,2.0,direct,0.16546566556642112,0.11910115815313838,0.20950249920794345
4,bnci004,MMP_moe,logvar,lda,none,8,2,2,12025,0.05,no_leakage_v1_alpha005,gate_all_sources_proxy_source_only_final_training_only,mmd,,,,,moe,coral,near_nearest_proxy,final,2.0,3,3test,not_used,False,,2.0,direct,0.16546566556642112,0.11910115815313838,0.20950249920794345
4,bnci004,MMP_moe,logvar,lda,none,8,2,2,12025,0.05,no_leakage_v1_alpha005,gate_all_sources_proxy_source_only_final_training_only,mmd,,,,,moe,coral,near_nearest_proxy,main,3.0,4,4test,near,False,0.4367222212809174,2.0,direct,0.10018806461078392,0.06444832532202821,0.14794949362401472
4,bnci004,MMP_moe,logvar,lda,none,8,2,2,12025,0.05,no_leakage_v1_alpha005,gate_all_sources_proxy_source_only_final_training_only,mmd,,,,,moe,coral,near_nearest_proxy,anchor,3.0,4,4test,proxy_source,False,1.0,2.0,direct,0.10018806461078392,0.06444832532202821,0.14794949362401472
4,bnci004,MMP_moe,logvar,lda,none,8,2,2,12025,0.05,no_leakage_v1_alpha005,gate_all_sources_proxy_source_only_final_training_only,mmd,,,,,moe,coral,near_nearest_proxy,final,3.0,4,4test,train,False,0.4367222212809174,2.0,direct,0.10018806461078392,0.06444832532202821,0.14794949362401472
4,bnci004,MMP_moe,logvar,lda,none,8,2,2,12025,0.05,no_leakage_v1_alpha005,gate_all_sources_proxy_source_only_final_training_only,mmd,,,,,moe,coral,near_nearest_proxy,main,,2,2train,target,False,,,,,,
4,bnci004,MMP_moe,logvar,lda,none,8,2,2,12025,0.05,no_leakage_v1_alpha005,gate_all_sources_proxy_source_only_final_training_only,mmd,,,,,moe,coral,near_nearest_proxy,final,,2,2train,target,False,,,,,,
4,bnci004,MMP_moe,logvar,lda,none,8,3,3,12056,0.05,no_leakage_v1_alpha005,gate_all_sources_proxy_source_only_final_training_only,mmd,,,,,moe,coral,near_nearest_proxy,main,0.0,0,0train,nearest,True,0.542388834624912,3.0,direct,0.11737640164605458,0.08977362308686125,0.14821535123052393
4,bnci004,MMP_moe,logvar,lda,none,8,3,3,12056,0.05,no_leakage_v1_alpha005,gate_all_sources_proxy_source_only_final_training_only,mmd,,,,,moe,coral,near_nearest_proxy,anchor,0.0,0,0train,target,False,,3.0,direct,0.11737640164605458,0.08977362308686125,0.14821535123052393
4,bnci004,MMP_moe,logvar,lda,none,8,3,3,12056,0.05,no_leakage_v1_alpha005,gate_all_sources_proxy_source_only_final_training_only,mmd,,,,,moe,coral,near_nearest_proxy,final,0.0,0,0train,train,True,0.542388834624912,3.0,direct,0.11737640164605458,0.08977362308686125,0.14821535123052393
4,bnci004,MMP_moe,logvar,lda,none,8,3,3,12056,0.05,no_leakage_v1_alpha005,gate_all_sources_proxy_source_only_final_training_only,mmd,,,,,moe,coral,near_nearest_proxy,main,1.0,1,1train,near,False,0.457611165375088,3.0,direct,0.13912189932419033,0.10272273550892824,0.1778240907511167
4,bnci004,MMP_moe,logvar,lda,none,8,3,3,12056,0.05,no_leakage_v1_alpha005,gate_all_sources_proxy_source_only_final_training_only,mmd,,,,,moe,coral,near_nearest_proxy,anchor,1.0,1,1train,proxy_source,False,1.0,3.0,direct,0.13912189932419033,0.10272273550892824,0.1778240907511167
4,bnci004,MMP_moe,logvar,lda,none,8,3,3,12056,0.05,no_leakage_v1_alpha005,gate_all_sources_proxy_source_only_final_training_only,mmd,,,,,moe,coral,near_nearest_proxy,final,1.0,1,1train,train,False,0.457611165375088,3.0,direct,0.13912189932419033,0.10272273550892824,0.1778240907511167
4,bnci004,MMP_moe,logvar,lda,none,8,3,3,12056,0.05,no_leakage_v1_alpha005,gate_all_sources_proxy_source_only_final_training_only,mmd,,,,,moe,coral,near_nearest_proxy,main,2.0,2,2train,far,False,,3.0,direct,0.19784424033956052,0.15534535798567425,0.24975118197434587
4,bnci004,MMP_moe,logvar,lda,none,8,3,3,12056,0.05,no_leakage_v1_alpha005,gate_all_sources_proxy_source_only_final_training_only,mmd,,,,,moe,coral,near_nearest_proxy,anchor,2.0,2,2train,not_used,False,,3.0,direct,0.19784424033956052,0.15534535798567425,0.24975118197434587
4,bnci004,MMP_moe,logvar,lda,none,8,3,3,12056,0.05,no_leakage_v1_alpha005,gate_all_sources_proxy_source_only_final_training_only,mmd,,,,,moe,coral,near_nearest_proxy,final,2.0,2,2train,not_used,False,,3.0,direct,0.19784424033956052,0.15534535798567425,0.24975118197434587
4,bnci004,MMP_moe,logvar,lda,none,8,3,3,12056,0.05,no_leakage_v1_alpha005,gate_all_sources_proxy_source_only_final_training_only,mmd,,,,,moe,coral,near_nearest_proxy,main,3.0,4,4test,far,False,,3.0,direct,0.420806273360688,0.35095255341734843,0.49224409011480225
4,bnci004,MMP_moe,logvar,lda,none,8,3,3,12056,0.05,no_leakage_v1_alpha005,gate_all_sources_proxy_source_only_final_training_only,mmd,,,,,moe,coral,near_nearest_proxy,anchor,3.0,4,4test,not_used,False,,3.0,direct,0.420806273360688,0.35095255341734843,0.49224409011480225
4,bnci004,MMP_moe,logvar,lda,none,8,3,3,12056,0.05,no_leakage_v1_alpha005,gate_all_sources_proxy_source_only_final_training_only,mmd,,,,,moe,coral,near_nearest_proxy,final,3.0,4,4test,not_used,False,,3.0,direct,0.420806273360688,0.35095255341734843,0.49224409011480225
4,bnci004,MMP_moe,logvar,lda,none,8,3,3,12056,0.05,no_leakage_v1_alpha005,gate_all_sources_proxy_source_only_final_training_only,mmd,,,,,moe,coral,near_nearest_proxy,main,,3,3test,target,False,,,,,,
4,bnci004,MMP_moe,logvar,lda,none,8,3,3,12056,0.05,no_leakage_v1_alpha005,gate_all_sources_proxy_source_only_final_training_only,mmd,,,,,moe,coral,near_nearest_proxy,final,,3,3test,target,False,,,,,,
4,bnci004,MMP_moe,logvar,lda,none,8,4,4,12087,0.05,no_leakage_v1_alpha005,gate_all_sources_proxy_source_only_final_training_only,mmd,,,,,moe,coral,near_nearest_proxy,main,0.0,0,0train,far,False,,4.0,direct,0.255779266259421,0.20491981108095653,0.307850557786906
4,bnci004,MMP_moe,logvar,lda,none,8,4,4,12087,0.05,no_leakage_v1_alpha005,gate_all_sources_proxy_source_only_final_training_only,mmd,,,,,moe,coral,near_nearest_proxy,anchor,0.0,0,0train,not_used,False,,4.0,direct,0.255779266259421,0.20491981108095653,0.307850557786906
4,bnci004,MMP_moe,logvar,lda,none,8,4,4,12087,0.05,no_leakage_v1_alpha005,gate_all_sources_proxy_source_only_final_training_only,mmd,,,,,moe,coral,near_nearest_proxy,final,0.0,0,0train,not_used,False,,4.0,direct,0.255779266259421,0.20491981108095653,0.307850557786906
4,bnci004,MMP_moe,logvar,lda,none,8,4,4,12087,0.05,no_leakage_v1_alpha005,gate_all_sources_proxy_source_only_final_training_only,mmd,,,,,moe,coral,near_nearest_proxy,main,1.0,1,1train,near,False,0.4007204368544647,4.0,direct,0.1395424100278399,0.09690566670420031,0.18511293007427207
4,bnci004,MMP_moe,logvar,lda,none,8,4,4,12087,0.05,no_leakage_v1_alpha005,gate_all_sources_proxy_source_only_final_training_only,mmd,,,,,moe,coral,near_nearest_proxy,anchor,1.0,1,1train,proxy_source,False,1.0,4.0,direct,0.1395424100278399,0.09690566670420031,0.18511293007427207
4,bnci004,MMP_moe,logvar,lda,none,8,4,4,12087,0.05,no_leakage_v1_alpha005,gate_all_sources_proxy_source_only_final_training_only,mmd,,,,,moe,coral,near_nearest_proxy,final,1.0,1,1train,train,False,0.4007204368544647,4.0,direct,0.1395424100278399,0.09690566670420031,0.18511293007427207
4,bnci004,MMP_moe,logvar,lda,none,8,4,4,12087,0.05,no_leakage_v1_alpha005,gate_all_sources_proxy_source_only_final_training_only,mmd,,,,,moe,coral,near_nearest_proxy,main,2.0,2,2train,nearest,True,0.5992795631455353,4.0,direct,0.09330753188620752,0.05811199578406599,0.13663857707143504
4,bnci004,MMP_moe,logvar,lda,none,8,4,4,12087,0.05,no_leakage_v1_alpha005,gate_all_sources_proxy_source_only_final_training_only,mmd,,,,,moe,coral,near_nearest_proxy,anchor,2.0,2,2train,target,False,,4.0,direct,0.09330753188620752,0.05811199578406599,0.13663857707143504
4,bnci004,MMP_moe,logvar,lda,none,8,4,4,12087,0.05,no_leakage_v1_alpha005,gate_all_sources_proxy_source_only_final_training_only,mmd,,,,,moe,coral,near_nearest_proxy,final,2.0,2,2train,train,True,0.5992795631455353,4.0,direct,0.09330753188620752,0.05811199578406599,0.13663857707143504
4,bnci004,MMP_moe,logvar,lda,none,8,4,4,12087,0.05,no_leakage_v1_alpha005,gate_all_sources_proxy_source_only_final_training_only,mmd,,,,,moe,coral,near_nearest_proxy,main,3.0,3,3test,far,False,,4.0,direct,0.27461702858840914,0.23170481450649666,0.3206447444037482
4,bnci004,MMP_moe,logvar,lda,none,8,4,4,12087,0.05,no_leakage_v1_alpha005,gate_all_sources_proxy_source_only_final_training_only,mmd,,,,,moe,coral,near_nearest_proxy,anchor,3.0,3,3test,not_used,False,,4.0,direct,0.27461702858840914,0.23170481450649666,0.3206447444037482
4,bnci004,MMP_moe,logvar,lda,none,8,4,4,12087,0.05,no_leakage_v1_alpha005,gate_all_sources_proxy_source_only_final_training_only,mmd,,,,,moe,coral,near_nearest_proxy,final,3.0,3,3test,not_used,False,,4.0,direct,0.27461702858840914,0.23170481450649666,0.3206447444037482
4,bnci004,MMP_moe,logvar,lda,none,8,4,4,12087,0.05,no_leakage_v1_alpha005,gate_all_sources_proxy_source_only_final_training_only,mmd,,,,,moe,coral,near_nearest_proxy,main,,4,4test,target,False,,,,,,
4,bnci004,MMP_moe,logvar,lda,none,8,4,4,12087,0.05,no_leakage_v1_alpha005,gate_all_sources_proxy_source_only_final_training_only,mmd,,,,,moe,coral,near_nearest_proxy,final,,4,4test,target,False,,,,,,
4,bnci004,MMP_moe,logvar,lda,sa,9,0,0,12960,0.05,no_leakage_v1_alpha005,gate_all_sources_proxy_source_only_final_training_only,mmd,,,,,moe,coral,near_nearest_proxy,main,0.0,1,1train,nearest,True,0.6315888677646387,0.0,direct,0.07045732154316518,0.03872788747686539,0.11085184616695733
4,bnci004,MMP_moe,logvar,lda,sa,9,0,0,12960,0.05,no_leakage_v1_alpha005,gate_all_sources_proxy_source_only_final_training_only,mmd,,,,,moe,coral,near_nearest_proxy,anchor,0.0,1,1train,target,False,,0.0,direct,0.07045732154316518,0.03872788747686539,0.11085184616695733
4,bnci004,MMP_moe,logvar,lda,sa,9,0,0,12960,0.05,no_leakage_v1_alpha005,gate_all_sources_proxy_source_only_final_training_only,mmd,,,,,moe,coral,near_nearest_proxy,final,0.0,1,1train,train,True,0.6315888677646387,0.0,direct,0.07045732154316518,0.03872788747686539,0.11085184616695733
4,bnci004,MMP_moe,logvar,lda,sa,9,0,0,12960,0.05,no_leakage_v1_alpha005,gate_all_sources_proxy_source_only_final_training_only,mmd,,,,,moe,coral,near_nearest_proxy,main,1.0,2,2train,far,False,,0.0,direct,0.24337213402400948,0.17810973319782758,0.3188658912833536
4,bnci004,MMP_moe,logvar,lda,sa,9,0,0,12960,0.05,no_leakage_v1_alpha005,gate_all_sources_proxy_source_only_final_training_only,mmd,,,,,moe,coral,near_nearest_proxy,anchor,1.0,2,2train,not_used,False,,0.0,direct,0.24337213402400948,0.17810973319782758,0.3188658912833536
4,bnci004,MMP_moe,logvar,lda,sa,9,0,0,12960,0.05,no_leakage_v1_alpha005,gate_all_sources_proxy_source_only_final_training_only,mmd,,,,,moe,coral,near_nearest_proxy,final,1.0,2,2train,not_used,False,,0.0,direct,0.24337213402400948,0.17810973319782758,0.3188658912833536
4,bnci004,MMP_moe,logvar,lda,sa,9,0,0,12960,0.05,no_leakage_v1_alpha005,gate_all_sources_proxy_source_only_final_training_only,mmd,,,,,moe,coral,near_nearest_proxy,main,2.0,3,3test,near,False,0.3684111322353613,0.0,direct,0.12078984380005937,0.09289902267018309,0.15055412769156942
4,bnci004,MMP_moe,logvar,lda,sa,9,0,0,12960,0.05,no_leakage_v1_alpha005,gate_all_sources_proxy_source_only_final_training_only,mmd,,,,,moe,coral,near_nearest_proxy,anchor,2.0,3,3test,proxy_source,False,1.0,0.0,direct,0.12078984380005937,0.09289902267018309,0.15055412769156942
4,bnci004,MMP_moe,logvar,lda,sa,9,0,0,12960,0.05,no_leakage_v1_alpha005,gate_all_sources_proxy_source_only_final_training_only,mmd,,,,,moe,coral,near_nearest_proxy,final,2.0,3,3test,train,False,0.3684111322353613,0.0,direct,0.12078984380005937,0.09289902267018309,0.15055412769156942
4,bnci004,MMP_moe,logvar,lda,sa,9,0,0,12960,0.05,no_leakage_v1_alpha005,gate_all_sources_proxy_source_only_final_training_only,mmd,,,,,moe,coral,near_nearest_proxy,main,3.0,4,4test,far,False,,0.0,direct,0.4509909643117785,0.37182185624768466,0.5377118367121267
4,bnci004,MMP_moe,logvar,lda,sa,9,0,0,12960,0.05,no_leakage_v1_alpha005,gate_all_sources_proxy_source_only_final_training_only,mmd,,,,,moe,coral,near_nearest_proxy,anchor,3.0,4,4test,not_used,False,,0.0,direct,0.4509909643117785,0.37182185624768466,0.5377118367121267
4,bnci004,MMP_moe,logvar,lda,sa,9,0,0,12960,0.05,no_leakage_v1_alpha005,gate_all_sources_proxy_source_only_final_training_only,mmd,,,,,moe,coral,near_nearest_proxy,final,3.0,4,4test,not_used,False,,0.0,direct,0.4509909643117785,0.37182185624768466,0.5377118367121267
4,bnci004,MMP_moe,logvar,lda,sa,9,0,0,12960,0.05,no_leakage_v1_alpha005,gate_all_sources_proxy_source_only_final_training_only,mmd,,,,,moe,coral,near_nearest_proxy,main,,0,0train,target,False,,,,,,
4,bnci004,MMP_moe,logvar,lda,sa,9,0,0,12960,0.05,no_leakage_v1_alpha005,gate_all_sources_proxy_source_only_final_training_only,mmd,,,,,moe,coral,near_nearest_proxy,final,,0,0train,target,False,,,,,,
4,bnci004,MMP_moe,logvar,lda,sa,9,1,1,12991,0.05,no_leakage_v1_alpha005,gate_all_sources_proxy_source_only_final_training_only,mmd,,,,,moe,coral,near_nearest_proxy,main,0.0,0,0train,nearest,True,0.42811054480575034,1.0,direct,0.07319276118524996,0.038284798969114076,0.11298984877094084
4,bnci004,MMP_moe,logvar,lda,sa,9,1,1,12991,0.05,no_leakage_v1_alpha005,gate_all_sources_proxy_source_only_final_training_only,mmd,,,,,moe,coral,near_nearest_proxy,anchor,0.0,0,0train,target,False,,1.0,direct,0.07319276118524996,0.038284798969114076,0.11298984877094084
4,bnci004,MMP_moe,logvar,lda,sa,9,1,1,12991,0.05,no_leakage_v1_alpha005,gate_all_sources_proxy_source_only_final_training_only,mmd,,,,,moe,coral,near_nearest_proxy,final,0.0,0,0train,train,True,0.42811054480575034,1.0,direct,0.07319276118524996,0.038284798969114076,0.11298984877094084
4,bnci004,MMP_moe,logvar,lda,sa,9,1,1,12991,0.05,no_leakage_v1_alpha005,gate_all_sources_proxy_source_only_final_training_only,mmd,,,,,moe,coral,near_nearest_proxy,main,1.0,2,2train,near,False,0.35836551853038334,1.0,direct,0.08743771649789504,0.053211188576108785,0.12600209480658253
4,bnci004,MMP_moe,logvar,lda,sa,9,1,1,12991,0.05,no_leakage_v1_alpha005,gate_all_sources_proxy_source_only_final_training_only,mmd,,,,,moe,coral,near_nearest_proxy,anchor,1.0,2,2train,proxy_source,False,0.6266342477125407,1.0,direct,0.08743771649789504,0.053211188576108785,0.12600209480658253
4,bnci004,MMP_moe,logvar,lda,sa,9,1,1,12991,0.05,no_leakage_v1_alpha005,gate_all_sources_proxy_source_only_final_training_only,mmd,,,,,moe,coral,near_nearest_proxy,final,1.0,2,2train,train,False,0.35836551853038334,1.0,direct,0.08743771649789504,0.053211188576108785,0.12600209480658253
4,bnci004,MMP_moe,logvar,lda,sa,9,1,1,12991,0.05,no_leakage_v1_alpha005,gate_all_sources_proxy_source_only_final_training_only,mmd,,,,,moe,coral,near_nearest_proxy,main,2.0,3,3test,near,False,0.2135239366638663,1.0,direct,0.14675079498365828,0.10792796207461834,0.19051681979746196
4,bnci004,MMP_moe,logvar,lda,sa,9,1,1,12991,0.05,no_leakage_v1_alpha005,gate_all_sources_proxy_source_only_final_training_only,mmd,,,,,moe,coral,near_nearest_proxy,anchor,2.0,3,3test,proxy_source,False,0.3733657522874594,1.0,direct,0.14675079498365828,0.10792796207461834,0.19051681979746196
4,bnci004,MMP_moe,logvar,lda,sa,9,1,1,12991,0.05,no_leakage_v1_alpha005,gate_all_sources_proxy_source_only_final_training_only,mmd,,,,,moe,coral,near_nearest_proxy,final,2.0,3,3test,train,False,0.2135239366638663,1.0,direct,0.14675079498365828,0.10792796207461834,0.19051681979746196
4,bnci004,MMP_moe,logvar,lda,sa,9,1,1,12991,0.05,no_leakage_v1_alpha005,gate_all_sources_proxy_source_only_final_training_only,mmd,,,,,moe,coral,near_nearest_proxy,main,3.0,4,4test,far,False,,1.0,direct,0.2210450960594785,0.1520488043044195,0.2971595883245451
4,bnci004,MMP_moe,logvar,lda,sa,9,1,1,12991,0.05,no_leakage_v1_alpha005,gate_all_sources_proxy_source_only_final_training_only,mmd,,,,,moe,coral,near_nearest_proxy,anchor,3.0,4,4test,not_used,False,,1.0,direct,0.2210450960594785,0.1520488043044195,0.2971595883245451
4,bnci004,MMP_moe,logvar,lda,sa,9,1,1,12991,0.05,no_leakage_v1_alpha005,gate_all_sources_proxy_source_only_final_training_only,mmd,,,,,moe,coral,near_nearest_proxy,final,3.0,4,4test,not_used,False,,1.0,direct,0.2210450960594785,0.1520488043044195,0.2971595883245451
4,bnci004,MMP_moe,logvar,lda,sa,9,1,1,12991,0.05,no_leakage_v1_alpha005,gate_all_sources_proxy_source_only_final_training_only,mmd,,,,,moe,coral,near_nearest_proxy,main,,1,1train,target,False,,,,,,
4,bnci004,MMP_moe,logvar,lda,sa,9,1,1,12991,0.05,no_leakage_v1_alpha005,gate_all_sources_proxy_source_only_final_training_only,mmd,,,,,moe,coral,near_nearest_proxy,final,,1,1train,target,False,,,,,,
4,bnci004,MMP_moe,logvar,lda,sa,9,2,2,13022,0.05,no_leakage_v1_alpha005,gate_all_sources_proxy_source_only_final_training_only,mmd,,,,,moe,coral,near_nearest_proxy,main,0.0,0,0train,far,False,,2.0,direct,0.17690017604858702,0.13346743831176966,0.22227037838915958
4,bnci004,MMP_moe,logvar,lda,sa,9,2,2,13022,0.05,no_leakage_v1_alpha005,gate_all_sources_proxy_source_only_final_training_only,mmd,,,,,moe,coral,near_nearest_proxy,anchor,0.0,0,0train,not_used,False,,2.0,direct,0.17690017604858702,0.13346743831176966,0.22227037838915958
4,bnci004,MMP_moe,logvar,lda,sa,9,2,2,13022,0.05,no_leakage_v1_alpha005,gate_all_sources_proxy_source_only_final_training_only,mmd,,,,,moe,coral,near_nearest_proxy,final,0.0,0,0train,not_used,False,,2.0,direct,0.17690017604858702,0.13346743831176966,0.22227037838915958
4,bnci004,MMP_moe,logvar,lda,sa,9,2,2,13022,0.05,no_leakage_v1_alpha005,gate_all_sources_proxy_source_only_final_training_only,mmd,,,,,moe,coral,near_nearest_proxy,main,1.0,1,1train,nearest,True,0.5721226486541791,2.0,direct,0.07628334954804532,0.05320110377827161,0.10383646203944916
4,bnci004,MMP_moe,logvar,lda,sa,9,2,2,13022,0.05,no_leakage_v1_alpha005,gate_all_sources_proxy_source_only_final_training_only,mmd,,,,,moe,coral,near_nearest_proxy,anchor,1.0,1,1train,target,False,,2.0,direct,0.07628334954804532,0.05320110377827161,0.10383646203944916
4,bnci004,MMP_moe,logvar,lda,sa,9,2,2,13022,0.05,no_leakage_v1_alpha005,gate_all_sources_proxy_source_only_final_training_only,mmd,,,,,moe,coral,near_nearest_proxy,final,1.0,1,1train,train,True,0.5721226486541791,2.0,direct,0.07628334954804532,0.05320110377827161,0.10383646203944916
4,bnci004,MMP_moe,logvar,lda,sa,9,2,2,13022,0.05,no_leakage_v1_alpha005,gate_all_sources_proxy_source_only_final_training_only,mmd,,,,,moe,coral,near_nearest_proxy,main,2.0,3,3test,far,False,,2.0,direct,0.16637074231561716,0.12466356543263737,0.214861565935391
4,bnci004,MMP_moe,logvar,lda,sa,9,2,2,13022,0.05,no_leakage_v1_alpha005,gate_all_sources_proxy_source_only_final_training_only,mmd,,,,,moe,coral,near_nearest_proxy,anchor,2.0,3,3test,not_used,False,,2.0,direct,0.16637074231561716,0.12466356543263737,0.214861565935391
4,bnci004,MMP_moe,logvar,lda,sa,9,2,2,13022,0.05,no_leakage_v1_alpha005,gate_all_sources_proxy_source_only_final_training_only,mmd,,,,,moe,coral,near_nearest_proxy,final,2.0,3,3test,not_used,False,,2.0,direct,0.16637074231561716,0.12466356543263737,0.214861565935391
4,bnci004,MMP_moe,logvar,lda,sa,9,2,2,13022,0.05,no_leakage_v1_alpha005,gate_all_sources_proxy_source_only_final_training_only,mmd,,,,,moe,coral,near_nearest_proxy,main,3.0,4,4test,near,False,0.4278773513458209,2.0,direct,0.10200020192623789,0.0641342194819183,0.14238368113561156
4,bnci004,MMP_moe,logvar,lda,sa,9,2,2,13022,0.05,no_leakage_v1_alpha005,gate_all_sources_proxy_source_only_final_training_only,mmd,,,,,moe,coral,near_nearest_proxy,anchor,3.0,4,4test,proxy_source,False,1.0,2.0,direct,0.10200020192623789,0.0641342194819183,0.14238368113561156
4,bnci004,MMP_moe,logvar,lda,sa,9,2,2,13022,0.05,no_leakage_v1_alpha005,gate_all_sources_proxy_source_only_final_training_only,mmd,,,,,moe,coral,near_nearest_proxy,final,3.0,4,4test,train,False,0.4278773513458209,2.0,direct,0.10200020192623789,0.0641342194819183,0.14238368113561156
4,bnci004,MMP_moe,logvar,lda,sa,9,2,2,13022,0.05,no_leakage_v1_alpha005,gate_all_sources_proxy_source_only_final_training_only,mmd,,,,,moe,coral,near_nearest_proxy,main,,2,2train,target,False,,,,,,
4,bnci004,MMP_moe,logvar,lda,sa,9,2,2,13022,0.05,no_leakage_v1_alpha005,gate_all_sources_proxy_source_only_final_training_only,mmd,,,,,moe,coral,near_nearest_proxy,final,,2,2train,target,False,,,,,,
4,bnci004,MMP_moe,logvar,lda,sa,9,3,3,13053,0.05,no_leakage_v1_alpha005,gate_all_sources_proxy_source_only_final_training_only,mmd,,,,,moe,coral,near_nearest_proxy,main,0.0,0,0train,nearest,True,0.41214376081560894,3.0,direct,0.11743277995150493,0.08784914703994028,0.15146640557366095
4,bnci004,MMP_moe,logvar,lda,sa,9,3,3,13053,0.05,no_leakage_v1_alpha005,gate_all_sources_proxy_source_only_final_training_only,mmd,,,,,moe,coral,near_nearest_proxy,anchor,0.0,0,0train,target,False,,3.0,direct,0.11743277995150493,0.08784914703994028,0.15146640557366095
4,bnci004,MMP_moe,logvar,lda,sa,9,3,3,13053,0.05,no_leakage_v1_alpha005,gate_all_sources_proxy_source_only_final_training_only,mmd,,,,,moe,coral,near_nearest_proxy,final,0.0,0,0train,train,True,0.41214376081560894,3.0,direct,0.11743277995150493,0.08784914703994028,0.15146640557366095
4,bnci004,MMP_moe,logvar,lda,sa,9,3,3,13053,0.05,no_leakage_v1_alpha005,gate_all_sources_proxy_source_only_final_training_only,mmd,,,,,moe,coral,near_nearest_proxy,main,1.0,1,1train,near,False,0.34618101199161333,3.0,direct,0.13980909367775043,0.10135801946569864,0.1848757114086727
4,bnci004,MMP_moe,logvar,lda,sa,9,3,3,13053,0.05,no_leakage_v1_alpha005,gate_all_sources_proxy_source_only_final_training_only,mmd,,,,,moe,coral,near_nearest_proxy,anchor,1.0,1,1train,proxy_source,False,0.5888871953998734,3.0,direct,0.13980909367775043,0.10135801946569864,0.1848757114086727
4,bnci004,MMP_moe,logvar,lda,sa,9,3,3,13053,0.05,no_leakage_v1_alpha005,gate_all_sources_proxy_source_only_final_training_only,mmd,,,,,moe,coral,near_nearest_proxy,final,1.0,1,1train,train,False,0.34618101199161333,3.0,direct,0.13980909367775043,0.10135801946569864,0.1848757114086727
4,bnci004,MMP_moe,logvar,lda,sa,9,3,3,13053,0.05,no_leakage_v1_alpha005,gate_all_sources_proxy_source_only_final_training_only,mmd,,,,,moe,coral,near_nearest_proxy,main,2.0,2,2train,near,False,0.24167522719277787,3.0,direct,0.20026611168620867,0.14860424665385136,0.24985999799466319
4,bnci004,MMP_moe,logvar,lda,sa,9,3,3,13053,0.05,no_leakage_v1_alpha005,gate_all_sources_proxy_source_only_final_training_only,mmd,,,,,moe,coral,near_nearest_proxy,anchor,2.0,2,2train,proxy_source,False,0.41111280460012656,3.0,direct,0.20026611168620867,0.14860424665385136,0.24985999799466319
4,bnci004,MMP_moe,logvar,lda,sa,9,3,3,13053,0.05,no_leakage_v1_alpha005,gate_all_sources_proxy_source_only_final_training_only,mmd,,,,,moe,coral,near_nearest_proxy,final,2.0,2,2train,train,False,0.24167522719277787,3.0,direct,0.20026611168620867,0.14860424665385136,0.24985999799466319
4,bnci004,MMP_moe,logvar,lda,sa,9,3,3,13053,0.05,no_leakage_v1_alpha005,gate_all_sources_proxy_source_only_final_training_only,mmd,,,,,moe,coral,near_nearest_proxy,main,3.0,4,4test,far,False,,3.0,direct,0.42077366030206553,0.35897429153347027,0.49288483375432984
4,bnci004,MMP_moe,logvar,lda,sa,9,3,3,13053,0.05,no_leakage_v1_alpha005,gate_all_sources_proxy_source_only_final_training_only,mmd,,,,,moe,coral,near_nearest_proxy,anchor,3.0,4,4test,not_used,False,,3.0,direct,0.42077366030206553,0.35897429153347027,0.49288483375432984
4,bnci004,MMP_moe,logvar,lda,sa,9,3,3,13053,0.05,no_leakage_v1_alpha005,gate_all_sources_proxy_source_only_final_training_only,mmd,,,,,moe,coral,near_nearest_proxy,final,3.0,4,4test,not_used,False,,3.0,direct,0.42077366030206553,0.35897429153347027,0.49288483375432984
4,bnci004,MMP_moe,logvar,lda,sa,9,3,3,13053,0.05,no_leakage_v1_alpha005,gate_all_sources_proxy_source_only_final_training_only,mmd,,,,,moe,coral,near_nearest_proxy,main,,3,3test,target,False,,,,,,
4,bnci004,MMP_moe,logvar,lda,sa,9,3,3,13053,0.05,no_leakage_v1_alpha005,gate_all_sources_proxy_source_only_final_training_only,mmd,,,,,moe,coral,near_nearest_proxy,final,,3,3test,target,False,,,,,,
4,bnci004,MMP_moe,logvar,lda,sa,9,4,4,13084,0.05,no_leakage_v1_alpha005,gate_all_sources_proxy_source_only_final_training_only,mmd,,,,,moe,coral,near_nearest_proxy,main,0.0,0,0train,far,False,,4.0,direct,0.25984874090150467,0.2115605041276109,0.311863799017596
4,bnci004,MMP_moe,logvar,lda,sa,9,4,4,13084,0.05,no_leakage_v1_alpha005,gate_all_sources_proxy_source_only_final_training_only,mmd,,,,,moe,coral,near_nearest_proxy,anchor,0.0,0,0train,not_used,False,,4.0,direct,0.25984874090150467,0.2115605041276109,0.311863799017596
4,bnci004,MMP_moe,logvar,lda,sa,9,4,4,13084,0.05,no_leakage_v1_alpha005,gate_all_sources_proxy_source_only_final_training_only,mmd,,,,,moe,coral,near_nearest_proxy,final,0.0,0,0train,not_used,False,,4.0,direct,0.25984874090150467,0.2115605041276109,0.311863799017596
4,bnci004,MMP_moe,logvar,lda,sa,9,4,4,13084,0.05,no_leakage_v1_alpha005,gate_all_sources_proxy_source_only_final_training_only,mmd,,,,,moe,coral,near_nearest_proxy,main,1.0,1,1train,near,False,0.3979925441465671,4.0,direct,0.13718817243310244,0.0993059299944739,0.17511848419188084
4,bnci004,MMP_moe,logvar,lda,sa,9,4,4,13084,0.05,no_leakage_v1_alpha005,gate_all_sources_proxy_source_only_final_training_only,mmd,,,,,moe,coral,near_nearest_proxy,anchor,1.0,1,1train,proxy_source,False,1.0,4.0,direct,0.13718817243310244,0.0993059299944739,0.17511848419188084
4,bnci004,MMP_moe,logvar,lda,sa,9,4,4,13084,0.05,no_leakage_v1_alpha005,gate_all_sources_proxy_source_only_final_training_only,mmd,,,,,moe,coral,near_nearest_proxy,final,1.0,1,1train,train,False,0.3979925441465671,4.0,direct,0.13718817243310244,0.0993059299944739,0.17511848419188084
4,bnci004,MMP_moe,logvar,lda,sa,9,4,4,13084,0.05,no_leakage_v1_alpha005,gate_all_sources_proxy_source_only_final_training_only,mmd,,,,,moe,coral,near_nearest_proxy,main,2.0,2,2train,nearest,True,0.602007455853433,4.0,direct,0.09069599591778099,0.05873669363643383,0.13164543798086345
4,bnci004,MMP_moe,logvar,lda,sa,9,4,4,13084,0.05,no_leakage_v1_alpha005,gate_all_sources_proxy_source_only_final_training_only,mmd,,,,,moe,coral,near_nearest_proxy,anchor,2.0,2,2train,target,False,,4.0,direct,0.09069599591778099,0.05873669363643383,0.13164543798086345
4,bnci004,MMP_moe,logvar,lda,sa,9,4,4,13084,0.05,no_leakage_v1_alpha005,gate_all_sources_proxy_source_only_final_training_only,mmd,,,,,moe,coral,near_nearest_proxy,final,2.0,2,2train,train,True,0.602007455853433,4.0,direct,0.09069599591778099,0.05873669363643383,0.13164543798086345
4,bnci004,MMP_moe,logvar,lda,sa,9,4,4,13084,0.05,no_leakage_v1_alpha005,gate_all_sources_proxy_source_only_final_training_only,mmd,,,,,moe,coral,near_nearest_proxy,main,3.0,3,3test,far,False,,4.0,direct,0.26972864104519323,0.23194019765955365,0.3150509869905627
4,bnci004,MMP_moe,logvar,lda,sa,9,4,4,13084,0.05,no_leakage_v1_alpha005,gate_all_sources_proxy_source_only_final_training_only,mmd,,,,,moe,coral,near_nearest_proxy,anchor,3.0,3,3test,not_used,False,,4.0,direct,0.26972864104519323,0.23194019765955365,0.3150509869905627
4,bnci004,MMP_moe,logvar,lda,sa,9,4,4,13084,0.05,no_leakage_v1_alpha005,gate_all_sources_proxy_source_only_final_training_only,mmd,,,,,moe,coral,near_nearest_proxy,final,3.0,3,3test,not_used,False,,4.0,direct,0.26972864104519323,0.23194019765955365,0.3150509869905627
4,bnci004,MMP_moe,logvar,lda,sa,9,4,4,13084,0.05,no_leakage_v1_alpha005,gate_all_sources_proxy_source_only_final_training_only,mmd,,,,,moe,coral,near_nearest_proxy,main,,4,4test,target,False,,,,,,
4,bnci004,MMP_moe,logvar,lda,sa,9,4,4,13084,0.05,no_leakage_v1_alpha005,gate_all_sources_proxy_source_only_final_training_only,mmd,,,,,moe,coral,near_nearest_proxy,final,,4,4test,target,False,,,,,,
4,bnci004,MMP_moe,logvar,lda,pt,10,0,0,13957,0.05,no_leakage_v1_alpha005,gate_all_sources_proxy_source_only_final_training_only,mmd,,,,,moe,coral,near_nearest_proxy,main,0.0,1,1train,nearest,True,0.6195016955520413,0.0,direct,0.07165292783578414,0.037214679317815615,0.11559602980202716
4,bnci004,MMP_moe,logvar,lda,pt,10,0,0,13957,0.05,no_leakage_v1_alpha005,gate_all_sources_proxy_source_only_final_training_only,mmd,,,,,moe,coral,near_nearest_proxy,anchor,0.0,1,1train,target,False,,0.0,direct,0.07165292783578414,0.037214679317815615,0.11559602980202716
4,bnci004,MMP_moe,logvar,lda,pt,10,0,0,13957,0.05,no_leakage_v1_alpha005,gate_all_sources_proxy_source_only_final_training_only,mmd,,,,,moe,coral,near_nearest_proxy,final,0.0,1,1train,train,True,0.6195016955520413,0.0,direct,0.07165292783578414,0.037214679317815615,0.11559602980202716
4,bnci004,MMP_moe,logvar,lda,pt,10,0,0,13957,0.05,no_leakage_v1_alpha005,gate_all_sources_proxy_source_only_final_training_only,mmd,,,,,moe,coral,near_nearest_proxy,main,1.0,2,2train,far,False,,0.0,direct,0.24541403571385498,0.18400157595468597,0.30601235459893933
4,bnci004,MMP_moe,logvar,lda,pt,10,0,0,13957,0.05,no_leakage_v1_alpha005,gate_all_sources_proxy_source_only_final_training_only,mmd,,,,,moe,coral,near_nearest_proxy,anchor,1.0,2,2train,not_used,False,,0.0,direct,0.24541403571385498,0.18400157595468597,0.30601235459893933
4,bnci004,MMP_moe,logvar,lda,pt,10,0,0,13957,0.05,no_leakage_v1_alpha005,gate_all_sources_proxy_source_only_final_training_only,mmd,,,,,moe,coral,near_nearest_proxy,final,1.0,2,2train,not_used,False,,0.0,direct,0.24541403571385498,0.18400157595468597,0.30601235459893933
4,bnci004,MMP_moe,logvar,lda,pt,10,0,0,13957,0.05,no_leakage_v1_alpha005,gate_all_sources_proxy_source_only_final_training_only,mmd,,,,,moe,coral,near_nearest_proxy,main,2.0,3,3test,near,False,0.38049830444795874,0.0,direct,0.1166610961731595,0.088451947755933,0.14796418657941396
4,bnci004,MMP_moe,logvar,lda,pt,10,0,0,13957,0.05,no_leakage_v1_alpha005,gate_all_sources_proxy_source_only_final_training_only,mmd,,,,,moe,coral,near_nearest_proxy,anchor,2.0,3,3test,proxy_source,False,1.0,0.0,direct,0.1166610961731595,0.088451947755933,0.14796418657941396
4,bnci004,MMP_moe,logvar,lda,pt,10,0,0,13957,0.05,no_leakage_v1_alpha005,gate_all_sources_proxy_source_only_final_training_only,mmd,,,,,moe,coral,near_nearest_proxy,final,2.0,3,3test,train,False,0.38049830444795874,0.0,direct,0.1166610961731595,0.088451947755933,0.14796418657941396
4,bnci004,MMP_moe,logvar,lda,pt,10,0,0,13957,0.05,no_leakage_v1_alpha005,gate_all_sources_proxy_source_only_final_training_only,mmd,,,,,moe,coral,near_nearest_proxy,main,3.0,4,4test,far,False,,0.0,direct,0.4476869289243598,0.3604032690323784,0.5281097186501119
4,bnci004,MMP_moe,logvar,lda,pt,10,0,0,13957,0.05,no_leakage_v1_alpha005,gate_all_sources_proxy_source_only_final_training_only,mmd,,,,,moe,coral,near_nearest_proxy,anchor,3.0,4,4test,not_used,False,,0.0,direct,0.4476869289243598,0.3604032690323784,0.5281097186501119
4,bnci004,MMP_moe,logvar,lda,pt,10,0,0,13957,0.05,no_leakage_v1_alpha005,gate_all_sources_proxy_source_only_final_training_only,mmd,,,,,moe,coral,near_nearest_proxy,final,3.0,4,4test,not_used,False,,0.0,direct,0.4476869289243598,0.3604032690323784,0.5281097186501119
4,bnci004,MMP_moe,logvar,lda,pt,10,0,0,13957,0.05,no_leakage_v1_alpha005,gate_all_sources_proxy_source_only_final_training_only,mmd,,,,,moe,coral,near_nearest_proxy,main,,0,0train,target,False,,,,,,
4,bnci004,MMP_moe,logvar,lda,pt,10,0,0,13957,0.05,no_leakage_v1_alpha005,gate_all_sources_proxy_source_only_final_training_only,mmd,,,,,moe,coral,near_nearest_proxy,final,,0,0train,target,False,,,,,,
4,bnci004,MMP_moe,logvar,lda,pt,10,1,1,13988,0.05,no_leakage_v1_alpha005,gate_all_sources_proxy_source_only_final_training_only,mmd,,,,,moe,coral,near_nearest_proxy,main,0.0,0,0train,nearest,True,0.42910597358891056,1.0,direct,0.07379615781862885,0.03634598969116331,0.1244632399589748
4,bnci004,MMP_moe,logvar,lda,pt,10,1,1,13988,0.05,no_leakage_v1_alpha005,gate_all_sources_proxy_source_only_final_training_only,mmd,,,,,moe,coral,near_nearest_proxy,anchor,0.0,0,0train,target,False,,1.0,direct,0.07379615781862885,0.03634598969116331,0.1244632399589748
4,bnci004,MMP_moe,logvar,lda,pt,10,1,1,13988,0.05,no_leakage_v1_alpha005,gate_all_sources_proxy_source_only_final_training_only,mmd,,,,,moe,coral,near_nearest_proxy,final,0.0,0,0train,train,True,0.42910597358891056,1.0,direct,0.07379615781862885,0.03634598969116331,0.1244632399589748
4,bnci004,MMP_moe,logvar,lda,pt,10,1,1,13988,0.05,no_leakage_v1_alpha005,gate_all_sources_proxy_source_only_final_training_only,mmd,,,,,moe,coral,near_nearest_proxy,main,1.0,2,2train,near,False,0.35252248729795005,1.0,direct,0.08982816663439007,0.055026557526702234,0.13223308256392174
4,bnci004,MMP_moe,logvar,lda,pt,10,1,1,13988,0.05,no_leakage_v1_alpha005,gate_all_sources_proxy_source_only_final_training_only,mmd,,,,,moe,coral,near_nearest_proxy,anchor,1.0,2,2train,proxy_source,False,0.6174919879860603,1.0,direct,0.08982816663439007,0.055026557526702234,0.13223308256392174
4,bnci004,MMP_moe,logvar,lda,pt,10,1,1,13988,0.05,no_leakage_v1_alpha005,gate_all_sources_proxy_source_only_final_training_only,mmd,,,,,moe,coral,near_nearest_proxy,final,1.0,2,2train,train,False,0.35252248729795005,1.0,direct,0.08982816663439007,0.055026557526702234,0.13223308256392174
4,bnci004,MMP_moe,logvar,lda,pt,10,1,1,13988,0.05,no_leakage_v1_alpha005,gate_all_sources_proxy_source_only_final_training_only,mmd,,,,,moe,coral,near_nearest_proxy,main,2.0,3,3test,near,False,0.21837153911313945,1.0,direct,0.14501240871829674,0.10208728071408397,0.18861722733622527
4,bnci004,MMP_moe,logvar,lda,pt,10,1,1,13988,0.05,no_leakage_v1_alpha005,gate_all_sources_proxy_source_only_final_training_only,mmd,,,,,moe,coral,near_nearest_proxy,anchor,2.0,3,3test,proxy_source,False,0.38250801201393975,1.0,direct,0.14501240871829674,0.10208728071408397,0.18861722733622527
4,bnci004,MMP_moe,logvar,lda,pt,10,1,1,13988,0.05,no_leakage_v1_alpha005,gate_all_sources_proxy_source_only_final_training_only,mmd,,,,,moe,coral,near_nearest_proxy,final,2.0,3,3test,train,False,0.21837153911313945,1.0,direct,0.14501240871829674,0.10208728071408397,0.18861722733622527
4,bnci004,MMP_moe,logvar,lda,pt,10,1,1,13988,0.05,no_leakage_v1_alpha005,gate_all_sources_proxy_source_only_final_training_only,mmd,,,,,moe,coral,near_nearest_proxy,main,3.0,4,4test,far,False,,1.0,direct,0.22164253797335198,0.1536297114789065,0.29207341557180455
4,bnci004,MMP_moe,logvar,lda,pt,10,1,1,13988,0.05,no_leakage_v1_alpha005,gate_all_sources_proxy_source_only_final_training_only,mmd,,,,,moe,coral,near_nearest_proxy,anchor,3.0,4,4test,not_used,False,,1.0,direct,0.22164253797335198,0.1536297114789065,0.29207341557180455
4,bnci004,MMP_moe,logvar,lda,pt,10,1,1,13988,0.05,no_leakage_v1_alpha005,gate_all_sources_proxy_source_only_final_training_only,mmd,,,,,moe,coral,near_nearest_proxy,final,3.0,4,4test,not_used,False,,1.0,direct,0.22164253797335198,0.1536297114789065,0.29207341557180455
4,bnci004,MMP_moe,logvar,lda,pt,10,1,1,13988,0.05,no_leakage_v1_alpha005,gate_all_sources_proxy_source_only_final_training_only,mmd,,,,,moe,coral,near_nearest_proxy,main,,1,1train,target,False,,,,,,
4,bnci004,MMP_moe,logvar,lda,pt,10,1,1,13988,0.05,no_leakage_v1_alpha005,gate_all_sources_proxy_source_only_final_training_only,mmd,,,,,moe,coral,near_nearest_proxy,final,,1,1train,target,False,,,,,,
4,bnci004,MMP_moe,logvar,lda,pt,10,2,2,14019,0.05,no_leakage_v1_alpha005,gate_all_sources_proxy_source_only_final_training_only,mmd,,,,,moe,coral,near_nearest_proxy,main,0.0,0,0train,far,False,,2.0,direct,0.17602908453497765,0.13138543688891585,0.2243602556208746
4,bnci004,MMP_moe,logvar,lda,pt,10,2,2,14019,0.05,no_leakage_v1_alpha005,gate_all_sources_proxy_source_only_final_training_only,mmd,,,,,moe,coral,near_nearest_proxy,anchor,0.0,0,0train,not_used,False,,2.0,direct,0.17602908453497765,0.13138543688891585,0.2243602556208746
4,bnci004,MMP_moe,logvar,lda,pt,10,2,2,14019,0.05,no_leakage_v1_alpha005,gate_all_sources_proxy_source_only_final_training_only,mmd,,,,,moe,coral,near_nearest_proxy,final,0.0,0,0train,not_used,False,,2.0,direct,0.17602908453497765,0.13138543688891585,0.2243602556208746
4,bnci004,MMP_moe,logvar,lda,pt,10,2,2,14019,0.05,no_leakage_v1_alpha005,gate_all_sources_proxy_source_only_final_training_only,mmd,,,,,moe,coral,near_nearest_proxy,main,1.0,1,1train,nearest,True,0.5736073546571446,2.0,direct,0.07694165855069351,0.05467820225411805,0.10361868237118836
4,bnci004,MMP_moe,logvar,lda,pt,10,2,2,14019,0.05,no_leakage_v1_alpha005,gate_all_sources_proxy_source_only_final_training_only,mmd,,,,,moe,coral,near_nearest_proxy,anchor,1.0,1,1train,target,False,,2.0,direct,0.07694165855069351,0.05467820225411805,0.10361868237118836
4,bnci004,MMP_moe,logvar,lda,pt,10,2,2,14019,0.05,no_leakage_v1_alpha005,gate_all_sources_proxy_source_only_final_training_only,mmd,,,,,moe,coral,near_nearest_proxy,final,1.0,1,1train,train,True,0.5736073546571446,2.0,direct,0.07694165855069351,0.05467820225411805,0.10361868237118836
4,bnci004,MMP_moe,logvar,lda,pt,10,2,2,14019,0.05,no_leakage_v1_alpha005,gate_all_sources_proxy_source_only_final_training_only,mmd,,,,,moe,coral,near_nearest_proxy,main,2.0,3,3test,far,False,,2.0,direct,0.16838887583590328,0.12829848995932375,0.20919102765183228
4,bnci004,MMP_moe,logvar,lda,pt,10,2,2,14019,0.05,no_leakage_v1_alpha005,gate_all_sources_proxy_source_only_final_training_only,mmd,,,,,moe,coral,near_nearest_proxy,anchor,2.0,3,3test,not_used,False,,2.0,direct,0.16838887583590328,0.12829848995932375,0.20919102765183228
4,bnci004,MMP_moe,logvar,lda,pt,10,2,2,14019,0.05,no_leakage_v1_alpha005,gate_all_sources_proxy_source_only_final_training_only,mmd,,,,,moe,coral,near_nearest_proxy,final,2.0,3,3test,not_used,False,,2.0,direct,0.16838887583590328,0.12829848995932375,0.20919102765183228
4,bnci004,MMP_moe,logvar,lda,pt,10,2,2,14019,0.05,no_leakage_v1_alpha005,gate_all_sources_proxy_source_only_final_training_only,mmd,,,,,moe,coral,near_nearest_proxy,main,3.0,4,4test,near,False,0.4263926453428553,2.0,direct,0.10350658933954668,0.06177046983919779,0.15466007826718298
4,bnci004,MMP_moe,logvar,lda,pt,10,2,2,14019,0.05,no_leakage_v1_alpha005,gate_all_sources_proxy_source_only_final_training_only,mmd,,,,,moe,coral,near_nearest_proxy,anchor,3.0,4,4test,proxy_source,False,1.0,2.0,direct,0.10350658933954668,0.06177046983919779,0.15466007826718298
4,bnci004,MMP_moe,logvar,lda,pt,10,2,2,14019,0.05,no_leakage_v1_alpha005,gate_all_sources_proxy_source_only_final_training_only,mmd,,,,,moe,coral,near_nearest_proxy,final,3.0,4,4test,train,False,0.4263926453428553,2.0,direct,0.10350658933954668,0.06177046983919779,0.15466007826718298
4,bnci004,MMP_moe,logvar,lda,pt,10,2,2,14019,0.05,no_leakage_v1_alpha005,gate_all_sources_proxy_source_only_final_training_only,mmd,,,,,moe,coral,near_nearest_proxy,main,,2,2train,target,False,,,,,,
4,bnci004,MMP_moe,logvar,lda,pt,10,2,2,14019,0.05,no_leakage_v1_alpha005,gate_all_sources_proxy_source_only_final_training_only,mmd,,,,,moe,coral,near_nearest_proxy,final,,2,2train,target,False,,,,,,
4,bnci004,MMP_moe,logvar,lda,pt,10,3,3,14050,0.05,no_leakage_v1_alpha005,gate_all_sources_proxy_source_only_final_training_only,mmd,,,,,moe,coral,near_nearest_proxy,main,0.0,0,0train,nearest,True,0.54123932049914,3.0,direct,0.11822986196340075,0.08351916189596492,0.1511770884478317
4,bnci004,MMP_moe,logvar,lda,pt,10,3,3,14050,0.05,no_leakage_v1_alpha005,gate_all_sources_proxy_source_only_final_training_only,mmd,,,,,moe,coral,near_nearest_proxy,anchor,0.0,0,0train,target,False,,3.0,direct,0.11822986196340075,0.08351916189596492,0.1511770884478317
4,bnci004,MMP_moe,logvar,lda,pt,10,3,3,14050,0.05,no_leakage_v1_alpha005,gate_all_sources_proxy_source_only_final_training_only,mmd,,,,,moe,coral,near_nearest_proxy,final,0.0,0,0train,train,True,0.54123932049914,3.0,direct,0.11822986196340075,0.08351916189596492,0.1511770884478317
4,bnci004,MMP_moe,logvar,lda,pt,10,3,3,14050,0.05,no_leakage_v1_alpha005,gate_all_sources_proxy_source_only_final_training_only,mmd,,,,,moe,coral,near_nearest_proxy,main,1.0,1,1train,near,False,0.45876067950085986,3.0,direct,0.13948608825857145,0.10484951643855753,0.1842223539770066
4,bnci004,MMP_moe,logvar,lda,pt,10,3,3,14050,0.05,no_leakage_v1_alpha005,gate_all_sources_proxy_source_only_final_training_only,mmd,,,,,moe,coral,near_nearest_proxy,anchor,1.0,1,1train,proxy_source,False,1.0,3.0,direct,0.13948608825857145,0.10484951643855753,0.1842223539770066
4,bnci004,MMP_moe,logvar,lda,pt,10,3,3,14050,0.05,no_leakage_v1_alpha005,gate_all_sources_proxy_source_only_final_training_only,mmd,,,,,moe,coral,near_nearest_proxy,final,1.0,1,1train,train,False,0.45876067950085986,3.0,direct,0.13948608825857145,0.10484951643855753,0.1842223539770066
4,bnci004,MMP_moe,logvar,lda,pt,10,3,3,14050,0.05,no_leakage_v1_alpha005,gate_all_sources_proxy_source_only_final_training_only,mmd,,,,,moe,coral,near_nearest_proxy,main,2.0,2,2train,far,False,,3.0,direct,0.1965012744512028,0.15204743516916802,0.2533033889628295
4,bnci004,MMP_moe,logvar,lda,pt,10,3,3,14050,0.05,no_leakage_v1_alpha005,gate_all_sources_proxy_source_only_final_training_only,mmd,,,,,moe,coral,near_nearest_proxy,anchor,2.0,2,2train,not_used,False,,3.0,direct,0.1965012744512028,0.15204743516916802,0.2533033889628295
4,bnci004,MMP_moe,logvar,lda,pt,10,3,3,14050,0.05,no_leakage_v1_alpha005,gate_all_sources_proxy_source_only_final_training_only,mmd,,,,,moe,coral,near_nearest_proxy,final,2.0,2,2train,not_used,False,,3.0,direct,0.1965012744512028,0.15204743516916802,0.2533033889628295
4,bnci004,MMP_moe,logvar,lda,pt,10,3,3,14050,0.05,no_leakage_v1_alpha005,gate_all_sources_proxy_source_only_final_training_only,mmd,,,,,moe,coral,near_nearest_proxy,main,3.0,4,4test,far,False,,3.0,direct,0.4225626564640358,0.3496191357127544,0.497030139436262
4,bnci004,MMP_moe,logvar,lda,pt,10,3,3,14050,0.05,no_leakage_v1_alpha005,gate_all_sources_proxy_source_only_final_training_only,mmd,,,,,moe,coral,near_nearest_proxy,anchor,3.0,4,4test,not_used,False,,3.0,direct,0.4225626564640358,0.3496191357127544,0.497030139436262
4,bnci004,MMP_moe,logvar,lda,pt,10,3,3,14050,0.05,no_leakage_v1_alpha005,gate_all_sources_proxy_source_only_final_training_only,mmd,,,,,moe,coral,near_nearest_proxy,final,3.0,4,4test,not_used,False,,3.0,direct,0.4225626564640358,0.3496191357127544,0.497030139436262
4,bnci004,MMP_moe,logvar,lda,pt,10,3,3,14050,0.05,no_leakage_v1_alpha005,gate_all_sources_proxy_source_only_final_training_only,mmd,,,,,moe,coral,near_nearest_proxy,main,,3,3test,target,False,,,,,,
4,bnci004,MMP_moe,logvar,lda,pt,10,3,3,14050,0.05,no_leakage_v1_alpha005,gate_all_sources_proxy_source_only_final_training_only,mmd,,,,,moe,coral,near_nearest_proxy,final,,3,3test,target,False,,,,,,
4,bnci004,MMP_moe,logvar,lda,pt,10,4,4,14081,0.05,no_leakage_v1_alpha005,gate_all_sources_proxy_source_only_final_training_only,mmd,,,,,moe,coral,near_nearest_proxy,main,0.0,0,0train,far,False,,4.0,direct,0.2601321847147121,0.20877120440194294,0.31207626826174684
4,bnci004,MMP_moe,logvar,lda,pt,10,4,4,14081,0.05,no_leakage_v1_alpha005,gate_all_sources_proxy_source_only_final_training_only,mmd,,,,,moe,coral,near_nearest_proxy,anchor,0.0,0,0train,not_used,False,,4.0,direct,0.2601321847147121,0.20877120440194294,0.31207626826174684
4,bnci004,MMP_moe,logvar,lda,pt,10,4,4,14081,0.05,no_leakage_v1_alpha005,gate_all_sources_proxy_source_only_final_training_only,mmd,,,,,moe,coral,near_nearest_proxy,final,0.0,0,0train,not_used,False,,4.0,direct,0.2601321847147121,0.20877120440194294,0.31207626826174684
4,bnci004,MMP_moe,logvar,lda,pt,10,4,4,14081,0.05,no_leakage_v1_alpha005,gate_all_sources_proxy_source_only_final_training_only,mmd,,,,,moe,coral,near_nearest_proxy,main,1.0,1,1train,near,False,0.39664171059311953,4.0,direct,0.14051243623152407,0.09959967802128887,0.1866772848526292
4,bnci004,MMP_moe,logvar,lda,pt,10,4,4,14081,0.05,no_leakage_v1_alpha005,gate_all_sources_proxy_source_only_final_training_only,mmd,,,,,moe,coral,near_nearest_proxy,anchor,1.0,1,1train,proxy_source,False,1.0,4.0,direct,0.14051243623152407,0.09959967802128887,0.1866772848526292
4,bnci004,MMP_moe,logvar,lda,pt,10,4,4,14081,0.05,no_leakage_v1_alpha005,gate_all_sources_proxy_source_only_final_training_only,mmd,,,,,moe,coral,near_nearest_proxy,final,1.0,1,1train,train,False,0.39664171059311953,4.0,direct,0.14051243623152407,0.09959967802128887,0.1866772848526292
4,bnci004,MMP_moe,logvar,lda,pt,10,4,4,14081,0.05,no_leakage_v1_alpha005,gate_all_sources_proxy_source_only_final_training_only,mmd,,,,,moe,coral,near_nearest_proxy,main,2.0,2,2train,nearest,True,0.6033582894068805,4.0,direct,0.09237112894344525,0.057387696994220395,0.1322725783401047
4,bnci004,MMP_moe,logvar,lda,pt,10,4,4,14081,0.05,no_leakage_v1_alpha005,gate_all_sources_proxy_source_only_final_training_only,mmd,,,,,moe,coral,near_nearest_proxy,anchor,2.0,2,2train,target,False,,4.0,direct,0.09237112894344525,0.057387696994220395,0.1322725783401047
4,bnci004,MMP_moe,logvar,lda,pt,10,4,4,14081,0.05,no_leakage_v1_alpha005,gate_all_sources_proxy_source_only_final_training_only,mmd,,,,,moe,coral,near_nearest_proxy,final,2.0,2,2train,train,True,0.6033582894068805,4.0,direct,0.09237112894344525,0.057387696994220395,0.1322725783401047
4,bnci004,MMP_moe,logvar,lda,pt,10,4,4,14081,0.05,no_leakage_v1_alpha005,gate_all_sources_proxy_source_only_final_training_only,mmd,,,,,moe,coral,near_nearest_proxy,main,3.0,3,3test,far,False,,4.0,direct,0.2705430060270243,0.22111482018302486,0.30385416621838873
4,bnci004,MMP_moe,logvar,lda,pt,10,4,4,14081,0.05,no_leakage_v1_alpha005,gate_all_sources_proxy_source_only_final_training_only,mmd,,,,,moe,coral,near_nearest_proxy,anchor,3.0,3,3test,not_used,False,,4.0,direct,0.2705430060270243,0.22111482018302486,0.30385416621838873
4,bnci004,MMP_moe,logvar,lda,pt,10,4,4,14081,0.05,no_leakage_v1_alpha005,gate_all_sources_proxy_source_only_final_training_only,mmd,,,,,moe,coral,near_nearest_proxy,final,3.0,3,3test,not_used,False,,4.0,direct,0.2705430060270243,0.22111482018302486,0.30385416621838873
4,bnci004,MMP_moe,logvar,lda,pt,10,4,4,14081,0.05,no_leakage_v1_alpha005,gate_all_sources_proxy_source_only_final_training_only,mmd,,,,,moe,coral,near_nearest_proxy,main,,4,4test,target,False,,,,,,
4,bnci004,MMP_moe,logvar,lda,pt,10,4,4,14081,0.05,no_leakage_v1_alpha005,gate_all_sources_proxy_source_only_final_training_only,mmd,,,,,moe,coral,near_nearest_proxy,final,,4,4test,target,False,,,,,,
4,bnci004,MMP_moe,logvar,lda,coral,11,0,0,14954,0.05,no_leakage_v1_alpha005,gate_all_sources_proxy_source_only_final_training_only,mmd,,,,,moe,coral,near_nearest_proxy,main,0.0,1,1train,nearest,True,0.6256337062757158,0.0,direct,0.07124908227195485,0.037106218669796326,0.11932919081548218
4,bnci004,MMP_moe,logvar,lda,coral,11,0,0,14954,0.05,no_leakage_v1_alpha005,gate_all_sources_proxy_source_only_final_training_only,mmd,,,,,moe,coral,near_nearest_proxy,anchor,0.0,1,1train,target,False,,0.0,direct,0.07124908227195485,0.037106218669796326,0.11932919081548218
4,bnci004,MMP_moe,logvar,lda,coral,11,0,0,14954,0.05,no_leakage_v1_alpha005,gate_all_sources_proxy_source_only_final_training_only,mmd,,,,,moe,coral,near_nearest_proxy,final,0.0,1,1train,train,True,0.6256337062757158,0.0,direct,0.07124908227195485,0.037106218669796326,0.11932919081548218
4,bnci004,MMP_moe,logvar,lda,coral,11,0,0,14954,0.05,no_leakage_v1_alpha005,gate_all_sources_proxy_source_only_final_training_only,mmd,,,,,moe,coral,near_nearest_proxy,main,1.0,2,2train,far,False,,0.0,direct,0.24128839433016097,0.17546276142381081,0.31240338910923104
4,bnci004,MMP_moe,logvar,lda,coral,11,0,0,14954,0.05,no_leakage_v1_alpha005,gate_all_sources_proxy_source_only_final_training_only,mmd,,,,,moe,coral,near_nearest_proxy,anchor,1.0,2,2train,not_used,False,,0.0,direct,0.24128839433016097,0.17546276142381081,0.31240338910923104
4,bnci004,MMP_moe,logvar,lda,coral,11,0,0,14954,0.05,no_leakage_v1_alpha005,gate_all_sources_proxy_source_only_final_training_only,mmd,,,,,moe,coral,near_nearest_proxy,final,1.0,2,2train,not_used,False,,0.0,direct,0.24128839433016097,0.17546276142381081,0.31240338910923104
4,bnci004,MMP_moe,logvar,lda,coral,11,0,0,14954,0.05,no_leakage_v1_alpha005,gate_all_sources_proxy_source_only_final_training_only,mmd,,,,,moe,coral,near_nearest_proxy,main,2.0,3,3test,near,False,0.37436629372428415,0.0,direct,0.11907075884024099,0.0930941731872032,0.14928152953862725
4,bnci004,MMP_moe,logvar,lda,coral,11,0,0,14954,0.05,no_leakage_v1_alpha005,gate_all_sources_proxy_source_only_final_training_only,mmd,,,,,moe,coral,near_nearest_proxy,anchor,2.0,3,3test,proxy_source,False,1.0,0.0,direct,0.11907075884024099,0.0930941731872032,0.14928152953862725
4,bnci004,MMP_moe,logvar,lda,coral,11,0,0,14954,0.05,no_leakage_v1_alpha005,gate_all_sources_proxy_source_only_final_training_only,mmd,,,,,moe,coral,near_nearest_proxy,final,2.0,3,3test,train,False,0.37436629372428415,0.0,direct,0.11907075884024099,0.0930941731872032,0.14928152953862725
4,bnci004,MMP_moe,logvar,lda,coral,11,0,0,14954,0.05,no_leakage_v1_alpha005,gate_all_sources_proxy_source_only_final_training_only,mmd,,,,,moe,coral,near_nearest_proxy,main,3.0,4,4test,far,False,,0.0,direct,0.4517274414324188,0.3761888923130991,0.5464785069831591
4,bnci004,MMP_moe,logvar,lda,coral,11,0,0,14954,0.05,no_leakage_v1_alpha005,gate_all_sources_proxy_source_only_final_training_only,mmd,,,,,moe,coral,near_nearest_proxy,anchor,3.0,4,4test,not_used,False,,0.0,direct,0.4517274414324188,0.3761888923130991,0.5464785069831591
4,bnci004,MMP_moe,logvar,lda,coral,11,0,0,14954,0.05,no_leakage_v1_alpha005,gate_all_sources_proxy_source_only_final_training_only,mmd,,,,,moe,coral,near_nearest_proxy,final,3.0,4,4test,not_used,False,,0.0,direct,0.4517274414324188,0.3761888923130991,0.5464785069831591
4,bnci004,MMP_moe,logvar,lda,coral,11,0,0,14954,0.05,no_leakage_v1_alpha005,gate_all_sources_proxy_source_only_final_training_only,mmd,,,,,moe,coral,near_nearest_proxy,main,,0,0train,target,False,,,,,,
4,bnci004,MMP_moe,logvar,lda,coral,11,0,0,14954,0.05,no_leakage_v1_alpha005,gate_all_sources_proxy_source_only_final_training_only,mmd,,,,,moe,coral,near_nearest_proxy,final,,0,0train,target,False,,,,,,
4,bnci004,MMP_moe,logvar,lda,coral,11,1,1,14985,0.05,no_leakage_v1_alpha005,gate_all_sources_proxy_source_only_final_training_only,mmd,,,,,moe,coral,near_nearest_proxy,main,0.0,0,0train,nearest,True,0.4348404150141502,1.0,direct,0.071949917740727,0.034457006965766666,0.12013668904312307
4,bnci004,MMP_moe,logvar,lda,coral,11,1,1,14985,0.05,no_leakage_v1_alpha005,gate_all_sources_proxy_source_only_final_training_only,mmd,,,,,moe,coral,near_nearest_proxy,anchor,0.0,0,0train,target,False,,1.0,direct,0.071949917740727,0.034457006965766666,0.12013668904312307
4,bnci004,MMP_moe,logvar,lda,coral,11,1,1,14985,0.05,no_leakage_v1_alpha005,gate_all_sources_proxy_source_only_final_training_only,mmd,,,,,moe,coral,near_nearest_proxy,final,0.0,0,0train,train,True,0.4348404150141502,1.0,direct,0.071949917740727,0.034457006965766666,0.12013668904312307
4,bnci004,MMP_moe,logvar,lda,coral,11,1,1,14985,0.05,no_leakage_v1_alpha005,gate_all_sources_proxy_source_only_final_training_only,mmd,,,,,moe,coral,near_nearest_proxy,main,1.0,2,2train,near,False,0.3497714858464462,1.0,direct,0.08944930740659673,0.059802772291620156,0.1251719743034673
4,bnci004,MMP_moe,logvar,lda,coral,11,1,1,14985,0.05,no_leakage_v1_alpha005,gate_all_sources_proxy_source_only_final_training_only,mmd,,,,,moe,coral,near_nearest_proxy,anchor,1.0,2,2train,proxy_source,False,0.6188897704976616,1.0,direct,0.08944930740659673,0.059802772291620156,0.1251719743034673
4,bnci004,MMP_moe,logvar,lda,coral,11,1,1,14985,0.05,no_leakage_v1_alpha005,gate_all_sources_proxy_source_only_final_training_only,mmd,,,,,moe,coral,near_nearest_proxy,final,1.0,2,2train,train,False,0.3497714858464462,1.0,direct,0.08944930740659673,0.059802772291620156,0.1251719743034673
4,bnci004,MMP_moe,logvar,lda,coral,11,1,1,14985,0.05,no_leakage_v1_alpha005,gate_all_sources_proxy_source_only_final_training_only,mmd,,,,,moe,coral,near_nearest_proxy,main,2.0,3,3test,near,False,0.21538809913940357,1.0,direct,0.14525849695473667,0.10962957883878398,0.18740459342419546
4,bnci004,MMP_moe,logvar,lda,coral,11,1,1,14985,0.05,no_leakage_v1_alpha005,gate_all_sources_proxy_source_only_final_training_only,mmd,,,,,moe,coral,near_nearest_proxy,anchor,2.0,3,3test,proxy_source,False,0.3811102295023385,1.0,direct,0.14525849695473667,0.10962957883878398,0.18740459342419546
4,bnci004,MMP_moe,logvar,lda,coral,11,1,1,14985,0.05,no_leakage_v1_alpha005,gate_all_sources_proxy_source_only_final_training_only,mmd,,,,,moe,coral,near_nearest_proxy,final,2.0,3,3test,train,False,0.21538809913940357,1.0,direct,0.14525849695473667,0.10962957883878398,0.18740459342419546
4,bnci004,MMP_moe,logvar,lda,coral,11,1,1,14985,0.05,no_leakage_v1_alpha005,gate_all_sources_proxy_source_only_final_training_only,mmd,,,,,moe,coral,near_nearest_proxy,main,3.0,4,4test,far,False,,1.0,direct,0.22271762794036915,0.15726108986185353,0.3017042421070215
4,bnci004,MMP_moe,logvar,lda,coral,11,1,1,14985,0.05,no_leakage_v1_alpha005,gate_all_sources_proxy_source_only_final_training_only,mmd,,,,,moe,coral,near_nearest_proxy,anchor,3.0,4,4test,not_used,False,,1.0,direct,0.22271762794036915,0.15726108986185353,0.3017042421070215
4,bnci004,MMP_moe,logvar,lda,coral,11,1,1,14985,0.05,no_leakage_v1_alpha005,gate_all_sources_proxy_source_only_final_training_only,mmd,,,,,moe,coral,near_nearest_proxy,final,3.0,4,4test,not_used,False,,1.0,direct,0.22271762794036915,0.15726108986185353,0.3017042421070215
4,bnci004,MMP_moe,logvar,lda,coral,11,1,1,14985,0.05,no_leakage_v1_alpha005,gate_all_sources_proxy_source_only_final_training_only,mmd,,,,,moe,coral,near_nearest_proxy,main,,1,1train,target,False,,,,,,
4,bnci004,MMP_moe,logvar,lda,coral,11,1,1,14985,0.05,no_leakage_v1_alpha005,gate_all_sources_proxy_source_only_final_training_only,mmd,,,,,moe,coral,near_nearest_proxy,final,,1,1train,target,False,,,,,,
4,bnci004,MMP_moe,logvar,lda,coral,11,2,2,15016,0.05,no_leakage_v1_alpha005,gate_all_sources_proxy_source_only_final_training_only,mmd,,,,,moe,coral,near_nearest_proxy,main,0.0,0,0train,far,False,,2.0,direct,0.1780499591013779,0.13549289221214428,0.22183094229867412
4,bnci004,MMP_moe,logvar,lda,coral,11,2,2,15016,0.05,no_leakage_v1_alpha005,gate_all_sources_proxy_source_only_final_training_only,mmd,,,,,moe,coral,near_nearest_proxy,anchor,0.0,0,0train,not_used,False,,2.0,direct,0.1780499591013779,0.13549289221214428,0.22183094229867412
4,bnci004,MMP_moe,logvar,lda,coral,11,2,2,15016,0.05,no_leakage_v1_alpha005,gate_all_sources_proxy_source_only_final_training_only,mmd,,,,,moe,coral,near_nearest_proxy,final,0.0,0,0train,not_used,False,,2.0,direct,0.1780499591013779,0.13549289221214428,0.22183094229867412
4,bnci004,MMP_moe,logvar,lda,coral,11,2,2,15016,0.05,no_leakage_v1_alpha005,gate_all_sources_proxy_source_only_final_training_only,mmd,,,,,moe,coral,near_nearest_proxy,main,1.0,1,1train,nearest,True,0.5666803970486447,2.0,direct,0.07710909564417107,0.05282030656528961,0.1061903489569126
4,bnci004,MMP_moe,logvar,lda,coral,11,2,2,15016,0.05,no_leakage_v1_alpha005,gate_all_sources_proxy_source_only_final_training_only,mmd,,,,,moe,coral,near_nearest_proxy,anchor,1.0,1,1train,target,False,,2.0,direct,0.07710909564417107,0.05282030656528961,0.1061903489569126
4,bnci004,MMP_moe,logvar,lda,coral,11,2,2,15016,0.05,no_leakage_v1_alpha005,gate_all_sources_proxy_source_only_final_training_only,mmd,,,,,moe,coral,near_nearest_proxy,final,1.0,1,1train,train,True,0.5666803970486447,2.0,direct,0.07710909564417107,0.05282030656528961,0.1061903489569126
4,bnci004,MMP_moe,logvar,lda,coral,11,2,2,15016,0.05,no_leakage_v1_alpha005,gate_all_sources_proxy_source_only_final_training_only,mmd,,,,,moe,coral,near_nearest_proxy,main,2.0,3,3test,far,False,,2.0,direct,0.16717891882307118,0.12187243218009222,0.21438176132800862
4,bnci004,MMP_moe,logvar,lda,coral,11,2,2,15016,0.05,no_leakage_v1_alpha005,gate_all_sources_proxy_source_only_final_training_only,mmd,,,,,moe,coral,near_nearest_proxy,anchor,2.0,3,3test,not_used,False,,2.0,direct,0.16717891882307118,0.12187243218009222,0.21438176132800862
4,bnci004,MMP_moe,logvar,lda,coral,11,2,2,15016,0.05,no_leakage_v1_alpha005,gate_all_sources_proxy_source_only_final_training_only,mmd,,,,,moe,coral,near_nearest_proxy,final,2.0,3,3test,not_used,False,,2.0,direct,0.16717891882307118,0.12187243218009222,0.21438176132800862
4,bnci004,MMP_moe,logvar,lda,coral,11,2,2,15016,0.05,no_leakage_v1_alpha005,gate_all_sources_proxy_source_only_final_training_only,mmd,,,,,moe,coral,near_nearest_proxy,main,3.0,4,4test,near,False,0.4333196029513553,2.0,direct,0.10084091741725391,0.0628139552041471,0.1493378784911136
4,bnci004,MMP_moe,logvar,lda,coral,11,2,2,15016,0.05,no_leakage_v1_alpha005,gate_all_sources_proxy_source_only_final_training_only,mmd,,,,,moe,coral,near_nearest_proxy,anchor,3.0,4,4test,proxy_source,False,1.0,2.0,direct,0.10084091741725391,0.0628139552041471,0.1493378784911136
4,bnci004,MMP_moe,logvar,lda,coral,11,2,2,15016,0.05,no_leakage_v1_alpha005,gate_all_sources_proxy_source_only_final_training_only,mmd,,,,,moe,coral,near_nearest_proxy,final,3.0,4,4test,train,False,0.4333196029513553,2.0,direct,0.10084091741725391,0.0628139552041471,0.1493378784911136
4,bnci004,MMP_moe,logvar,lda,coral,11,2,2,15016,0.05,no_leakage_v1_alpha005,gate_all_sources_proxy_source_only_final_training_only,mmd,,,,,moe,coral,near_nearest_proxy,main,,2,2train,target,False,,,,,,
4,bnci004,MMP_moe,logvar,lda,coral,11,2,2,15016,0.05,no_leakage_v1_alpha005,gate_all_sources_proxy_source_only_final_training_only,mmd,,,,,moe,coral,near_nearest_proxy,final,,2,2train,target,False,,,,,,
4,bnci004,MMP_moe,logvar,lda,coral,11,3,3,15047,0.05,no_leakage_v1_alpha005,gate_all_sources_proxy_source_only_final_training_only,mmd,,,,,moe,coral,near_nearest_proxy,main,0.0,0,0train,nearest,True,0.4075557057925185,3.0,direct,0.1178153858516108,0.09401003899543882,0.1539474650489345
4,bnci004,MMP_moe,logvar,lda,coral,11,3,3,15047,0.05,no_leakage_v1_alpha005,gate_all_sources_proxy_source_only_final_training_only,mmd,,,,,moe,coral,near_nearest_proxy,anchor,0.0,0,0train,target,False,,3.0,direct,0.1178153858516108,0.09401003899543882,0.1539474650489345
4,bnci004,MMP_moe,logvar,lda,coral,11,3,3,15047,0.05,no_leakage_v1_alpha005,gate_all_sources_proxy_source_only_final_training_only,mmd,,,,,moe,coral,near_nearest_proxy,final,0.0,0,0train,train,True,0.4075557057925185,3.0,direct,0.1178153858516108,0.09401003899543882,0.1539474650489345
4,bnci004,MMP_moe,logvar,lda,coral,11,3,3,15047,0.05,no_leakage_v1_alpha005,gate_all_sources_proxy_source_only_final_training_only,mmd,,,,,moe,coral,near_nearest_proxy,main,1.0,1,1train,near,False,0.34810447402525585,3.0,direct,0.13793672810341184,0.10092510564066991,0.18582405734857135
4,bnci004,MMP_moe,logvar,lda,coral,11,3,3,15047,0.05,no_leakage_v1_alpha005,gate_all_sources_proxy_source_only_final_training_only,mmd,,,,,moe,coral,near_nearest_proxy,anchor,1.0,1,1train,proxy_source,False,0.5875733422176318,3.0,direct,0.13793672810341184,0.10092510564066991,0.18582405734857135
4,bnci004,MMP_moe,logvar,lda,coral,11,3,3,15047,0.05,no_leakage_v1_alpha005,gate_all_sources_proxy_source_only_final_training_only,mmd,,,,,moe,coral,near_nearest_proxy,final,1.0,1,1train,train,False,0.34810447402525585,3.0,direct,0.13793672810341184,0.10092510564066991,0.18582405734857135
4,bnci004,MMP_moe,logvar,lda,coral,11,3,3,15047,0.05,no_leakage_v1_alpha005,gate_all_sources_proxy_source_only_final_training_only,mmd,,,,,moe,coral,near_nearest_proxy,main,2.0,2,2train,near,False,0.2443398201822256,3.0,direct,0.19651522995329473,0.14806061435016174,0.259458839949677
4,bnci004,MMP_moe,logvar,lda,coral,11,3,3,15047,0.05,no_leakage_v1_alpha005,gate_all_sources_proxy_source_only_final_training_only,mmd,,,,,moe,coral,near_nearest_proxy,anchor,2.0,2,2train,proxy_source,False,0.41242665778236814,3.0,direct,0.19651522995329473,0.14806061435016174,0.259458839949677
4,bnci004,MMP_moe,logvar,lda,coral,11,3,3,15047,0.05,no_leakage_v1_alpha005,gate_all_sources_proxy_source_only_final_training_only,mmd,,,,,moe,coral,near_nearest_proxy,final,2.0,2,2train,train,False,0.2443398201822256,3.0,direct,0.19651522995329473,0.14806061435016174,0.259458839949677
4,bnci004,MMP_moe,logvar,lda,coral,11,3,3,15047,0.05,no_leakage_v1_alpha005,gate_all_sources_proxy_source_only_final_training_only,mmd,,,,,moe,coral,near_nearest_proxy,main,3.0,4,4test,far,False,,3.0,direct,0.4219437558544838,0.3568753818611329,0.49452540205155043
4,bnci004,MMP_moe,logvar,lda,coral,11,3,3,15047,0.05,no_leakage_v1_alpha005,gate_all_sources_proxy_source_only_final_training_only,mmd,,,,,moe,coral,near_nearest_proxy,anchor,3.0,4,4test,not_used,False,,3.0,direct,0.4219437558544838,0.3568753818611329,0.49452540205155043
4,bnci004,MMP_moe,logvar,lda,coral,11,3,3,15047,0.05,no_leakage_v1_alpha005,gate_all_sources_proxy_source_only_final_training_only,mmd,,,,,moe,coral,near_nearest_proxy,final,3.0,4,4test,not_used,False,,3.0,direct,0.4219437558544838,0.3568753818611329,0.49452540205155043
4,bnci004,MMP_moe,logvar,lda,coral,11,3,3,15047,0.05,no_leakage_v1_alpha005,gate_all_sources_proxy_source_only_final_training_only,mmd,,,,,moe,coral,near_nearest_proxy,main,,3,3test,target,False,,,,,,
4,bnci004,MMP_moe,logvar,lda,coral,11,3,3,15047,0.05,no_leakage_v1_alpha005,gate_all_sources_proxy_source_only_final_training_only,mmd,,,,,moe,coral,near_nearest_proxy,final,,3,3test,target,False,,,,,,
4,bnci004,MMP_moe,logvar,lda,coral,11,4,4,15078,0.05,no_leakage_v1_alpha005,gate_all_sources_proxy_source_only_final_training_only,mmd,,,,,moe,coral,near_nearest_proxy,main,0.0,0,0train,far,False,,4.0,direct,0.2579461858467198,0.2146439445928984,0.3082401508058857
4,bnci004,MMP_moe,logvar,lda,coral,11,4,4,15078,0.05,no_leakage_v1_alpha005,gate_all_sources_proxy_source_only_final_training_only,mmd,,,,,moe,coral,near_nearest_proxy,anchor,0.0,0,0train,not_used,False,,4.0,direct,0.2579461858467198,0.2146439445928984,0.3082401508058857
4,bnci004,MMP_moe,logvar,lda,coral,11,4,4,15078,0.05,no_leakage_v1_alpha005,gate_all_sources_proxy_source_only_final_training_only,mmd,,,,,moe,coral,near_nearest_proxy,final,0.0,0,0train,not_used,False,,4.0,direct,0.2579461858467198,0.2146439445928984,0.3082401508058857
4,bnci004,MMP_moe,logvar,lda,coral,11,4,4,15078,0.05,no_leakage_v1_alpha005,gate_all_sources_proxy_source_only_final_training_only,mmd,,,,,moe,coral,near_nearest_proxy,main,1.0,1,1train,near,False,0.4013628907080814,4.0,direct,0.1388149714858711,0.10181996912308365,0.18207634263297592
4,bnci004,MMP_moe,logvar,lda,coral,11,4,4,15078,0.05,no_leakage_v1_alpha005,gate_all_sources_proxy_source_only_final_training_only,mmd,,,,,moe,coral,near_nearest_proxy,anchor,1.0,1,1train,proxy_source,False,1.0,4.0,direct,0.1388149714858711,0.10181996912308365,0.18207634263297592
4,bnci004,MMP_moe,logvar,lda,coral,11,4,4,15078,0.05,no_leakage_v1_alpha005,gate_all_sources_proxy_source_only_final_training_only,mmd,,,,,moe,coral,near_nearest_proxy,final,1.0,1,1train,train,False,0.4013628907080814,4.0,direct,0.1388149714858711,0.10181996912308365,0.18207634263297592
4,bnci004,MMP_moe,logvar,lda,coral,11,4,4,15078,0.05,no_leakage_v1_alpha005,gate_all_sources_proxy_source_only_final_training_only,mmd,,,,,moe,coral,near_nearest_proxy,main,2.0,2,2train,nearest,True,0.5986371092919185,4.0,direct,0.09306970799189425,0.06124918079238572,0.13318919533484114
4,bnci004,MMP_moe,logvar,lda,coral,11,4,4,15078,0.05,no_leakage_v1_alpha005,gate_all_sources_proxy_source_only_final_training_only,mmd,,,,,moe,coral,near_nearest_proxy,anchor,2.0,2,2train,target,False,,4.0,direct,0.09306970799189425,0.06124918079238572,0.13318919533484114
4,bnci004,MMP_moe,logvar,lda,coral,11,4,4,15078,0.05,no_leakage_v1_alpha005,gate_all_sources_proxy_source_only_final_training_only,mmd,,,,,moe,coral,near_nearest_proxy,final,2.0,2,2train,train,True,0.5986371092919185,4.0,direct,0.09306970799189425,0.06124918079238572,0.13318919533484114
4,bnci004,MMP_moe,logvar,lda,coral,11,4,4,15078,0.05,no_leakage_v1_alpha005,gate_all_sources_proxy_source_only_final_training_only,mmd,,,,,moe,coral,near_nearest_proxy,main,3.0,3,3test,far,False,,4.0,direct,0.2744845148568124,0.23082629562607163,0.32007519952792063
4,bnci004,MMP_moe,logvar,lda,coral,11,4,4,15078,0.05,no_leakage_v1_alpha005,gate_all_sources_proxy_source_only_final_training_only,mmd,,,,,moe,coral,near_nearest_proxy,anchor,3.0,3,3test,not_used,False,,4.0,direct,0.2744845148568124,0.23082629562607163,0.32007519952792063
4,bnci004,MMP_moe,logvar,lda,coral,11,4,4,15078,0.05,no_leakage_v1_alpha005,gate_all_sources_proxy_source_only_final_training_only,mmd,,,,,moe,coral,near_nearest_proxy,final,3.0,3,3test,not_used,False,,4.0,direct,0.2744845148568124,0.23082629562607163,0.32007519952792063
4,bnci004,MMP_moe,logvar,lda,coral,11,4,4,15078,0.05,no_leakage_v1_alpha005,gate_all_sources_proxy_source_only_final_training_only,mmd,,,,,moe,coral,near_nearest_proxy,main,,4,4test,target,False,,,,,,
4,bnci004,MMP_moe,logvar,lda,coral,11,4,4,15078,0.05,no_leakage_v1_alpha005,gate_all_sources_proxy_source_only_final_training_only,mmd,,,,,moe,coral,near_nearest_proxy,final,,4,4test,target,False,,,,,,
4,bnci004,MMP_moe,logvar,svm_radial,none,12,0,0,15951,0.05,no_leakage_v1_alpha005,gate_all_sources_proxy_source_only_final_training_only,mmd,,,,,moe,coral,near_nearest_proxy,main,0.0,1,1train,nearest,True,0.6246779534602334,0.0,direct,0.07134415256566451,0.03827561350904149,0.11928589803014683
4,bnci004,MMP_moe,logvar,svm_radial,none,12,0,0,15951,0.05,no_leakage_v1_alpha005,gate_all_sources_proxy_source_only_final_training_only,mmd,,,,,moe,coral,near_nearest_proxy,anchor,0.0,1,1train,target,False,,0.0,direct,0.07134415256566451,0.03827561350904149,0.11928589803014683
4,bnci004,MMP_moe,logvar,svm_radial,none,12,0,0,15951,0.05,no_leakage_v1_alpha005,gate_all_sources_proxy_source_only_final_training_only,mmd,,,,,moe,coral,near_nearest_proxy,final,0.0,1,1train,train,True,0.6246779534602334,0.0,direct,0.07134415256566451,0.03827561350904149,0.11928589803014683
4,bnci004,MMP_moe,logvar,svm_radial,none,12,0,0,15951,0.05,no_leakage_v1_alpha005,gate_all_sources_proxy_source_only_final_training_only,mmd,,,,,moe,coral,near_nearest_proxy,main,1.0,2,2train,far,False,,0.0,direct,0.24035491605416737,0.18411371849134414,0.3039037782769805
4,bnci004,MMP_moe,logvar,svm_radial,none,12,0,0,15951,0.05,no_leakage_v1_alpha005,gate_all_sources_proxy_source_only_final_training_only,mmd,,,,,moe,coral,near_nearest_proxy,anchor,1.0,2,2train,not_used,False,,0.0,direct,0.24035491605416737,0.18411371849134414,0.3039037782769805
4,bnci004,MMP_moe,logvar,svm_radial,none,12,0,0,15951,0.05,no_leakage_v1_alpha005,gate_all_sources_proxy_source_only_final_training_only,mmd,,,,,moe,coral,near_nearest_proxy,final,1.0,2,2train,not_used,False,,0.0,direct,0.24035491605416737,0.18411371849134414,0.3039037782769805
4,bnci004,MMP_moe,logvar,svm_radial,none,12,0,0,15951,0.05,no_leakage_v1_alpha005,gate_all_sources_proxy_source_only_final_training_only,mmd,,,,,moe,coral,near_nearest_proxy,main,2.0,3,3test,near,False,0.37532204653976653,0.0,direct,0.11874433964874707,0.09062853747213663,0.1574452279152464
4,bnci004,MMP_moe,logvar,svm_radial,none,12,0,0,15951,0.05,no_leakage_v1_alpha005,gate_all_sources_proxy_source_only_final_training_only,mmd,,,,,moe,coral,near_nearest_proxy,anchor,2.0,3,3test,proxy_source,False,1.0,0.0,direct,0.11874433964874707,0.09062853747213663,0.1574452279152464
4,bnci004,MMP_moe,logvar,svm_radial,none,12,0,0,15951,0.05,no_leakage_v1_alpha005,gate_all_sources_proxy_source_only_final_training_only,mmd,,,,,moe,coral,near_nearest_proxy,final,2.0,3,3test,train,False,0.37532204653976653,0.0,direct,0.11874433964874707,0.09062853747213663,0.1574452279152464
4,bnci004,MMP_moe,logvar,svm_radial,none,12,0,0,15951,0.05,no_leakage_v1_alpha005,gate_all_sources_proxy_source_only_final_training_only,mmd,,,,,moe,coral,near_nearest_proxy,main,3.0,4,4test,far,False,,0.0,direct,0.450407398432425,0.3771340458236997,0.5413437139014715
4,bnci004,MMP_moe,logvar,svm_radial,none,12,0,0,15951,0.05,no_leakage_v1_alpha005,gate_all_sources_proxy_source_only_final_training_only,mmd,,,,,moe,coral,near_nearest_proxy,anchor,3.0,4,4test,not_used,False,,0.0,direct,0.450407398432425,0.3771340458236997,0.5413437139014715
4,bnci004,MMP_moe,logvar,svm_radial,none,12,0,0,15951,0.05,no_leakage_v1_alpha005,gate_all_sources_proxy_source_only_final_training_only,mmd,,,,,moe,coral,near_nearest_proxy,final,3.0,4,4test,not_used,False,,0.0,direct,0.450407398432425,0.3771340458236997,0.5413437139014715
4,bnci004,MMP_moe,logvar,svm_radial,none,12,0,0,15951,0.05,no_leakage_v1_alpha005,gate_all_sources_proxy_source_only_final_training_only,mmd,,,,,moe,coral,near_nearest_proxy,main,,0,0train,target,False,,,,,,
4,bnci004,MMP_moe,logvar,svm_radial,none,12,0,0,15951,0.05,no_leakage_v1_alpha005,gate_all_sources_proxy_source_only_final_training_only,mmd,,,,,moe,coral,near_nearest_proxy,final,,0,0train,target,False,,,,,,
4,bnci004,MMP_moe,logvar,svm_radial,none,12,1,1,15982,0.05,no_leakage_v1_alpha005,gate_all_sources_proxy_source_only_final_training_only,mmd,,,,,moe,coral,near_nearest_proxy,main,0.0,0,0train,nearest,True,0.43532029187181476,1.0,direct,0.07138841047801718,0.03541749493746604,0.11619991998432412
4,bnci004,MMP_moe,logvar,svm_radial,none,12,1,1,15982,0.05,no_leakage_v1_alpha005,gate_all_sources_proxy_source_only_final_training_only,mmd,,,,,moe,coral,near_nearest_proxy,anchor,0.0,0,0train,target,False,,1.0,direct,0.07138841047801718,0.03541749493746604,0.11619991998432412
4,bnci004,MMP_moe,logvar,svm_radial,none,12,1,1,15982,0.05,no_leakage_v1_alpha005,gate_all_sources_proxy_source_only_final_training_only,mmd,,,,,moe,coral,near_nearest_proxy,final,0.0,0,0train,train,True,0.43532029187181476,1.0,direct,0.07138841047801718,0.03541749493746604,0.11619991998432412
4,bnci004,MMP_moe,logvar,svm_radial,none,12,1,1,15982,0.05,no_leakage_v1_alpha005,gate_all_sources_proxy_source_only_final_training_only,mmd,,,,,moe,coral,near_nearest_proxy,main,1.0,2,2train,near,False,0.34943414663725,1.0,direct,0.08893495346910602,0.05506181135654637,0.1314856445756582
4,bnci004,MMP_moe,logvar,svm_radial,none,12,1,1,15982,0.05,no_leakage_v1_alpha005,gate_all_sources_proxy_source_only_final_training_only,mmd,,,,,moe,coral,near_nearest_proxy,anchor,1.0,2,2train,proxy_source,False,0.6188183170164964,1.0,direct,0.08893495346910602,0.05506181135654637,0.1314856445756582
4,bnci004,MMP_moe,logvar,svm_radial,none,12,1,1,15982,0.05,no_leakage_v1_alpha005,gate_all_sources_proxy_source_only_final_training_only,mmd,,,,,moe,coral,near_nearest_proxy,final,1.0,2,2train,train,False,0.34943414663725,1.0,direct,0.08893495346910602,0.05506181135654637,0.1314856445756582
4,bnci004,MMP_moe,logvar,svm_radial,none,12,1,1,15982,0.05,no_leakage_v1_alpha005,gate_all_sources_proxy_source_only_final_training_only,mmd,,,,,moe,coral,near_nearest_proxy,main,2.0,3,3test,near,False,0.21524556149093527,1.0,direct,0.14437948706131393,0.10341157869442685,0.19155165318453632
4,bnci004,MMP_moe,logvar,svm_radial,none,12,1,1,15982,0.05,no_leakage_v1_alpha005,gate_all_sources_proxy_source_only_final_training_only,mmd,,,,,moe,coral,near_nearest_proxy,anchor,2.0,3,3test,proxy_source,False,0.38118168298350363,1.0,direct,0.14437948706131393,0.10341157869442685,0.19155165318453632
4,bnci004,MMP_moe,logvar,svm_radial,none,12,1,1,15982,0.05,no_leakage_v1_alpha005,gate_all_sources_proxy_source_only_final_training_only,mmd,,,,,moe,coral,near_nearest_proxy,final,2.0,3,3test,train,False,0.21524556149093527,1.0,direct,0.14437948706131393,0.10341157869442685,0.19155165318453632
4,bnci004,MMP_moe,logvar,svm_radial,none,12,1,1,15982,0.05,no_leakage_v1_alpha005,gate_all_sources_proxy_source_only_final_training_only,mmd,,,,,moe,coral,near_nearest_proxy,main,3.0,4,4test,far,False,,1.0,direct,0.21859683696085433,0.15579433672873486,0.28573053667470905
4,bnci004,MMP_moe,logvar,svm_radial,none,12,1,1,15982,0.05,no_leakage_v1_alpha005,gate_all_sources_proxy_source_only_final_training_only,mmd,,,,,moe,coral,near_nearest_proxy,anchor,3.0,4,4test,not_used,False,,1.0,direct,0.21859683696085433,0.15579433672873486,0.28573053667470905
4,bnci004,MMP_moe,logvar,svm_radial,none,12,1,1,15982,0.05,no_leakage_v1_alpha005,gate_all_sources_proxy_source_only_final_training_only,mmd,,,,,moe,coral,near_nearest_proxy,final,3.0,4,4test,not_used,False,,1.0,direct,0.21859683696085433,0.15579433672873486,0.28573053667470905
4,bnci004,MMP_moe,logvar,svm_radial,none,12,1,1,15982,0.05,no_leakage_v1_alpha005,gate_all_sources_proxy_source_only_final_training_only,mmd,,,,,moe,coral,near_nearest_proxy,main,,1,1train,target,False,,,,,,
4,bnci004,MMP_moe,logvar,svm_radial,none,12,1,1,15982,0.05,no_leakage_v1_alpha005,gate_all_sources_proxy_source_only_final_training_only,mmd,,,,,moe,coral,near_nearest_proxy,final,,1,1train,target,False,,,,,,
4,bnci004,MMP_moe,logvar,svm_radial,none,12,2,2,16013,0.05,no_leakage_v1_alpha005,gate_all_sources_proxy_source_only_final_training_only,mmd,,,,,moe,coral,near_nearest_proxy,main,0.0,0,0train,far,False,,2.0,direct,0.17627422084111966,0.1299378072298742,0.23087841263635037
4,bnci004,MMP_moe,logvar,svm_radial,none,12,2,2,16013,0.05,no_leakage_v1_alpha005,gate_all_sources_proxy_source_only_final_training_only,mmd,,,,,moe,coral,near_nearest_proxy,anchor,0.0,0,0train,not_used,False,,2.0,direct,0.17627422084111966,0.1299378072298742,0.23087841263635037
4,bnci004,MMP_moe,logvar,svm_radial,none,12,2,2,16013,0.05,no_leakage_v1_alpha005,gate_all_sources_proxy_source_only_final_training_only,mmd,,,,,moe,coral,near_nearest_proxy,final,0.0,0,0train,not_used,False,,2.0,direct,0.17627422084111966,0.1299378072298742,0.23087841263635037
4,bnci004,MMP_moe,logvar,svm_radial,none,12,2,2,16013,0.05,no_leakage_v1_alpha005,gate_all_sources_proxy_source_only_final_training_only,mmd,,,,,moe,coral,near_nearest_proxy,main,1.0,1,1train,nearest,True,0.5634615777818228,2.0,direct,0.07805539883947564,0.05191255753047918,0.10748744024389432
4,bnci004,MMP_moe,logvar,svm_radial,none,12,2,2,16013,0.05,no_leakage_v1_alpha005,gate_all_sources_proxy_source_only_final_training_only,mmd,,,,,moe,coral,near_nearest_proxy,anchor,1.0,1,1train,target,False,,2.0,direct,0.07805539883947564,0.05191255753047918,0.10748744024389432
4,bnci004,MMP_moe,logvar,svm_radial,none,12,2,2,16013,0.05,no_leakage_v1_alpha005,gate_all_sources_proxy_source_only_final_training_only,mmd,,,,,moe,coral,near_nearest_proxy,final,1.0,1,1train,train,True,0.5634615777818228,2.0,direct,0.07805539883947564,0.05191255753047918,0.10748744024389432
4,bnci004,MMP_moe,logvar,svm_radial,none,12,2,2,16013,0.05,no_leakage_v1_alpha005,gate_all_sources_proxy_source_only_final_training_only,mmd,,,,,moe,coral,near_nearest_proxy,main,2.0,3,3test,far,False,,2.0,direct,0.16644683689968962,0.12255064764425208,0.20828128994186032
4,bnci004,MMP_moe,logvar,svm_radial,none,12,2,2,16013,0.05,no_leakage_v1_alpha005,gate_all_sources_proxy_source_only_final_training_only,mmd,,,,,moe,coral,near_nearest_proxy,anchor,2.0,3,3test,not_used,False,,2.0,direct,0.16644683689968962,0.12255064764425208,0.20828128994186032
4,bnci004,MMP_moe,logvar,svm_radial,none,12,2,2,16013,0.05,no_leakage_v1_alpha005,gate_all_sources_proxy_source_only_final_training_only,mmd,,,,,moe,coral,near_nearest_proxy,final,2.0,3,3test,not_used,False,,2.0,direct,0.16644683689968962,0.12255064764425208,0.20828128994186032
4,bnci004,MMP_moe,logvar,svm_radial,none,12,2,2,16013,0.05,no_leakage_v1_alpha005,gate_all_sources_proxy_source_only_final_training_only,mmd,,,,,moe,coral,near_nearest_proxy,main,3.0,4,4test,near,False,0.4365384222181772,2.0,direct,0.10075022694257728,0.06141404315673854,0.1509160899742543
4,bnci004,MMP_moe,logvar,svm_radial,none,12,2,2,16013,0.05,no_leakage_v1_alpha005,gate_all_sources_proxy_source_only_final_training_only,mmd,,,,,moe,coral,near_nearest_proxy,anchor,3.0,4,4test,proxy_source,False,1.0,2.0,direct,0.10075022694257728,0.06141404315673854,0.1509160899742543
4,bnci004,MMP_moe,logvar,svm_radial,none,12,2,2,16013,0.05,no_leakage_v1_alpha005,gate_all_sources_proxy_source_only_final_training_only,mmd,,,,,moe,coral,near_nearest_proxy,final,3.0,4,4test,train,False,0.4365384222181772,2.0,direct,0.10075022694257728,0.06141404315673854,0.1509160899742543
4,bnci004,MMP_moe,logvar,svm_radial,none,12,2,2,16013,0.05,no_leakage_v1_alpha005,gate_all_sources_proxy_source_only_final_training_only,mmd,,,,,moe,coral,near_nearest_proxy,main,,2,2train,target,False,,,,,,
4,bnci004,MMP_moe,logvar,svm_radial,none,12,2,2,16013,0.05,no_leakage_v1_alpha005,gate_all_sources_proxy_source_only_final_training_only,mmd,,,,,moe,coral,near_nearest_proxy,final,,2,2train,target,False,,,,,,
4,bnci004,MMP_moe,logvar,svm_radial,none,12,3,3,16044,0.05,no_leakage_v1_alpha005,gate_all_sources_proxy_source_only_final_training_only,mmd,,,,,moe,coral,near_nearest_proxy,main,0.0,0,0train,nearest,True,0.4108978194122041,3.0,direct,0.11625169581604744,0.08531128709813937,0.1522093363602573
4,bnci004,MMP_moe,logvar,svm_radial,none,12,3,3,16044,0.05,no_leakage_v1_alpha005,gate_all_sources_proxy_source_only_final_training_only,mmd,,,,,moe,coral,near_nearest_proxy,anchor,0.0,0,0train,target,False,,3.0,direct,0.11625169581604744,0.08531128709813937,0.1522093363602573
4,bnci004,MMP_moe,logvar,svm_radial,none,12,3,3,16044,0.05,no_leakage_v1_alpha005,gate_all_sources_proxy_source_only_final_training_only,mmd,,,,,moe,coral,near_nearest_proxy,final,0.0,0,0train,train,True,0.4108978194122041,3.0,direct,0.11625169581604744,0.08531128709813937,0.1522093363602573
4,bnci004,MMP_moe,logvar,svm_radial,none,12,3,3,16044,0.05,no_leakage_v1_alpha005,gate_all_sources_proxy_source_only_final_training_only,mmd,,,,,moe,coral,near_nearest_proxy,main,1.0,1,1train,near,False,0.34182370191235534,3.0,direct,0.13974349093015795,0.10144678773900052,0.1841528663630379
4,bnci004,MMP_moe,logvar,svm_radial,none,12,3,3,16044,0.05,no_leakage_v1_alpha005,gate_all_sources_proxy_source_only_final_training_only,mmd,,,,,moe,coral,near_nearest_proxy,anchor,1.0,1,1train,proxy_source,False,0.5802451818652063,3.0,direct,0.13974349093015795,0.10144678773900052,0.1841528663630379
4,bnci004,MMP_moe,logvar,svm_radial,none,12,3,3,16044,0.05,no_leakage_v1_alpha005,gate_all_sources_proxy_source_only_final_training_only,mmd,,,,,moe,coral,near_nearest_proxy,final,1.0,1,1train,train,False,0.34182370191235534,3.0,direct,0.13974349093015795,0.10144678773900052,0.1841528663630379
4,bnci004,MMP_moe,logvar,svm_radial,none,12,3,3,16044,0.05,no_leakage_v1_alpha005,gate_all_sources_proxy_source_only_final_training_only,mmd,,,,,moe,coral,near_nearest_proxy,main,2.0,2,2train,near,False,0.24727847867544067,3.0,direct,0.19317383457305173,0.14083925902971745,0.25171608050555
4,bnci004,MMP_moe,logvar,svm_radial,none,12,3,3,16044,0.05,no_leakage_v1_alpha005,gate_all_sources_proxy_source_only_final_training_only,mmd,,,,,moe,coral,near_nearest_proxy,anchor,2.0,2,2train,proxy_source,False,0.41975481813479365,3.0,direct,0.19317383457305173,0.14083925902971745,0.25171608050555
4,bnci004,MMP_moe,logvar,svm_radial,none,12,3,3,16044,0.05,no_leakage_v1_alpha005,gate_all_sources_proxy_source_only_final_training_only,mmd,,,,,moe,coral,near_nearest_proxy,final,2.0,2,2train,train,False,0.24727847867544067,3.0,direct,0.19317383457305173,0.14083925902971745,0.25171608050555
4,bnci004,MMP_moe,logvar,svm_radial,none,12,3,3,16044,0.05,no_leakage_v1_alpha005,gate_all_sources_proxy_source_only_final_training_only,mmd,,,,,moe,coral,near_nearest_proxy,main,3.0,4,4test,far,False,,3.0,direct,0.4226890138783402,0.3629064431331814,0.49345847368950185
4,bnci004,MMP_moe,logvar,svm_radial,none,12,3,3,16044,0.05,no_leakage_v1_alpha005,gate_all_sources_proxy_source_only_final_training_only,mmd,,,,,moe,coral,near_nearest_proxy,anchor,3.0,4,4test,not_used,False,,3.0,direct,0.4226890138783402,0.3629064431331814,0.49345847368950185
4,bnci004,MMP_moe,logvar,svm_radial,none,12,3,3,16044,0.05,no_leakage_v1_alpha005,gate_all_sources_proxy_source_only_final_training_only,mmd,,,,,moe,coral,near_nearest_proxy,final,3.0,4,4test,not_used,False,,3.0,direct,0.4226890138783402,0.3629064431331814,0.49345847368950185
4,bnci004,MMP_moe,logvar,svm_radial,none,12,3,3,16044,0.05,no_leakage_v1_alpha005,gate_all_sources_proxy_source_only_final_training_only,mmd,,,,,moe,coral,near_nearest_proxy,main,,3,3test,target,False,,,,,,
4,bnci004,MMP_moe,logvar,svm_radial,none,12,3,3,16044,0.05,no_leakage_v1_alpha005,gate_all_sources_proxy_source_only_final_training_only,mmd,,,,,moe,coral,near_nearest_proxy,final,,3,3test,target,False,,,,,,
4,bnci004,MMP_moe,logvar,svm_radial,none,12,4,4,16075,0.05,no_leakage_v1_alpha005,gate_all_sources_proxy_source_only_final_training_only,mmd,,,,,moe,coral,near_nearest_proxy,main,0.0,0,0train,far,False,,4.0,direct,0.2571406286144827,0.2045001193969921,0.31401351424822144
4,bnci004,MMP_moe,logvar,svm_radial,none,12,4,4,16075,0.05,no_leakage_v1_alpha005,gate_all_sources_proxy_source_only_final_training_only,mmd,,,,,moe,coral,near_nearest_proxy,anchor,0.0,0,0train,not_used,False,,4.0,direct,0.2571406286144827,0.2045001193969921,0.31401351424822144
4,bnci004,MMP_moe,logvar,svm_radial,none,12,4,4,16075,0.05,no_leakage_v1_alpha005,gate_all_sources_proxy_source_only_final_training_only,mmd,,,,,moe,coral,near_nearest_proxy,final,0.0,0,0train,not_used,False,,4.0,direct,0.2571406286144827,0.2045001193969921,0.31401351424822144
4,bnci004,MMP_moe,logvar,svm_radial,none,12,4,4,16075,0.05,no_leakage_v1_alpha005,gate_all_sources_proxy_source_only_final_training_only,mmd,,,,,moe,coral,near_nearest_proxy,main,1.0,1,1train,near,False,0.4060548926742573,4.0,direct,0.1360869961416455,0.09591322571615644,0.178660337465545
4,bnci004,MMP_moe,logvar,svm_radial,none,12,4,4,16075,0.05,no_leakage_v1_alpha005,gate_all_sources_proxy_source_only_final_training_only,mmd,,,,,moe,coral,near_nearest_proxy,anchor,1.0,1,1train,proxy_source,False,1.0,4.0,direct,0.1360869961416455,0.09591322571615644,0.178660337465545
4,bnci004,MMP_moe,logvar,svm_radial,none,12,4,4,16075,0.05,no_leakage_v1_alpha005,gate_all_sources_proxy_source_only_final_training_only,mmd,,,,,moe,coral,near_nearest_proxy,final,1.0,1,1train,train,False,0.4060548926742573,4.0,direct,0.1360869961416455,0.09591322571615644,0.178660337465545
4,bnci004,MMP_moe,logvar,svm_radial,none,12,4,4,16075,0.05,no_leakage_v1_alpha005,gate_all_sources_proxy_source_only_final_training_only,mmd,,,,,moe,coral,near_nearest_proxy,main,2.0,2,2train,nearest,True,0.5939451073257428,4.0,direct,0.09303654839627679,0.0604709911468074,0.13382623187397183
4,bnci004,MMP_moe,logvar,svm_radial,none,12,4,4,16075,0.05,no_leakage_v1_alpha005,gate_all_sources_proxy_source_only_final_training_only,mmd,,,,,moe,coral,near_nearest_proxy,anchor,2.0,2,2train,target,False,,4.0,direct,0.09303654839627679,0.0604709911468074,0.13382623187397183
4,bnci004,MMP_moe,logvar,svm_radial,none,12,4,4,16075,0.05,no_leakage_v1_alpha005,gate_all_sources_proxy_source_only_final_training_only,mmd,,,,,moe,coral,near_nearest_proxy,final,2.0,2,2train,train,True,0.5939451073257428,4.0,direct,0.09303654839627679,0.0604709911468074,0.13382623187397183
4,bnci004,MMP_moe,logvar,svm_radial,none,12,4,4,16075,0.05,no_leakage_v1_alpha005,gate_all_sources_proxy_source_only_final_training_only,mmd,,,,,moe,coral,near_nearest_proxy,main,3.0,3,3test,far,False,,4.0,direct,0.27456752870981677,0.23837876931774407,0.32035478197588046
4,bnci004,MMP_moe,logvar,svm_radial,none,12,4,4,16075,0.05,no_leakage_v1_alpha005,gate_all_sources_proxy_source_only_final_training_only,mmd,,,,,moe,coral,near_nearest_proxy,anchor,3.0,3,3test,not_used,False,,4.0,direct,0.27456752870981677,0.23837876931774407,0.32035478197588046
4,bnci004,MMP_moe,logvar,svm_radial,none,12,4,4,16075,0.05,no_leakage_v1_alpha005,gate_all_sources_proxy_source_only_final_training_only,mmd,,,,,moe,coral,near_nearest_proxy,final,3.0,3,3test,not_used,False,,4.0,direct,0.27456752870981677,0.23837876931774407,0.32035478197588046
4,bnci004,MMP_moe,logvar,svm_radial,none,12,4,4,16075,0.05,no_leakage_v1_alpha005,gate_all_sources_proxy_source_only_final_training_only,mmd,,,,,moe,coral,near_nearest_proxy,main,,4,4test,target,False,,,,,,
4,bnci004,MMP_moe,logvar,svm_radial,none,12,4,4,16075,0.05,no_leakage_v1_alpha005,gate_all_sources_proxy_source_only_final_training_only,mmd,,,,,moe,coral,near_nearest_proxy,final,,4,4test,target,False,,,,,,
4,bnci004,MMP_moe,logvar,svm_radial,sa,13,0,0,16948,0.05,no_leakage_v1_alpha005,gate_all_sources_proxy_source_only_final_training_only,mmd,,,,,moe,coral,near_nearest_proxy,main,0.0,1,1train,nearest,True,0.6410226657053977,0.0,direct,0.0668727131609693,0.03402398988449518,0.10607716123896739
4,bnci004,MMP_moe,logvar,svm_radial,sa,13,0,0,16948,0.05,no_leakage_v1_alpha005,gate_all_sources_proxy_source_only_final_training_only,mmd,,,,,moe,coral,near_nearest_proxy,anchor,0.0,1,1train,target,False,,0.0,direct,0.0668727131609693,0.03402398988449518,0.10607716123896739
4,bnci004,MMP_moe,logvar,svm_radial,sa,13,0,0,16948,0.05,no_leakage_v1_alpha005,gate_all_sources_proxy_source_only_final_training_only,mmd,,,,,moe,coral,near_nearest_proxy,final,0.0,1,1train,train,True,0.6410226657053977,0.0,direct,0.0668727131609693,0.03402398988449518,0.10607716123896739
4,bnci004,MMP_moe,logvar,svm_radial,sa,13,0,0,16948,0.05,no_leakage_v1_alpha005,gate_all_sources_proxy_source_only_final_training_only,mmd,,,,,moe,coral,near_nearest_proxy,main,1.0,2,2train,far,False,,0.0,direct,0.24376641942494717,0.18544573299832717,0.3065140921713313
4,bnci004,MMP_moe,logvar,svm_radial,sa,13,0,0,16948,0.05,no_leakage_v1_alpha005,gate_all_sources_proxy_source_only_final_training_only,mmd,,,,,moe,coral,near_nearest_proxy,anchor,1.0,2,2train,not_used,False,,0.0,direct,0.24376641942494717,0.18544573299832717,0.3065140921713313
4,bnci004,MMP_moe,logvar,svm_radial,sa,13,0,0,16948,0.05,no_leakage_v1_alpha005,gate_all_sources_proxy_source_only_final_training_only,mmd,,,,,moe,coral,near_nearest_proxy,final,1.0,2,2train,not_used,False,,0.0,direct,0.24376641942494717,0.18544573299832717,0.3065140921713313
4,bnci004,MMP_moe,logvar,svm_radial,sa,13,0,0,16948,0.05,no_leakage_v1_alpha005,gate_all_sources_proxy_source_only_final_training_only,mmd,,,,,moe,coral,near_nearest_proxy,main,2.0,3,3test,near,False,0.35897733429460227,0.0,direct,0.11941480088976456,0.08831331526974952,0.15024599845988074
4,bnci004,MMP_moe,logvar,svm_radial,sa,13,0,0,16948,0.05,no_leakage_v1_alpha005,gate_all_sources_proxy_source_only_final_training_only,mmd,,,,,moe,coral,near_nearest_proxy,anchor,2.0,3,3test,proxy_source,False,1.0,0.0,direct,0.11941480088976456,0.08831331526974952,0.15024599845988074
4,bnci004,MMP_moe,logvar,svm_radial,sa,13,0,0,16948,0.05,no_leakage_v1_alpha005,gate_all_sources_proxy_source_only_final_training_only,mmd,,,,,moe,coral,near_nearest_proxy,final,2.0,3,3test,train,False,0.35897733429460227,0.0,direct,0.11941480088976456,0.08831331526974952,0.15024599845988074
4,bnci004,MMP_moe,logvar,svm_radial,sa,13,0,0,16948,0.05,no_leakage_v1_alpha005,gate_all_sources_proxy_source_only_final_training_only,mmd,,,,,moe,coral,near_nearest_proxy,main,3.0,4,4test,far,False,,0.0,direct,0.4490801216218385,0.3550640951769009,0.5411261514651621
4,bnci004,MMP_moe,logvar,svm_radial,sa,13,0,0,16948,0.05,no_leakage_v1_alpha005,gate_all_sources_proxy_source_only_final_training_only,mmd,,,,,moe,coral,near_nearest_proxy,anchor,3.0,4,4test,not_used,False,,0.0,direct,0.4490801216218385,0.3550640951769009,0.5411261514651621
4,bnci004,MMP_moe,logvar,svm_radial,sa,13,0,0,16948,0.05,no_leakage_v1_alpha005,gate_all_sources_proxy_source_only_final_training_only,mmd,,,,,moe,coral,near_nearest_proxy,final,3.0,4,4test,not_used,False,,0.0,direct,0.4490801216218385,0.3550640951769009,0.5411261514651621
4,bnci004,MMP_moe,logvar,svm_radial,sa,13,0,0,16948,0.05,no_leakage_v1_alpha005,gate_all_sources_proxy_source_only_final_training_only,mmd,,,,,moe,coral,near_nearest_proxy,main,,0,0train,target,False,,,,,,
4,bnci004,MMP_moe,logvar,svm_radial,sa,13,0,0,16948,0.05,no_leakage_v1_alpha005,gate_all_sources_proxy_source_only_final_training_only,mmd,,,,,moe,coral,near_nearest_proxy,final,,0,0train,target,False,,,,,,
4,bnci004,MMP_moe,logvar,svm_radial,sa,13,1,1,16979,0.05,no_leakage_v1_alpha005,gate_all_sources_proxy_source_only_final_training_only,mmd,,,,,moe,coral,near_nearest_proxy,main,0.0,0,0train,nearest,True,0.430318165662429,1.0,direct,0.07269045961477992,0.030824866879553065,0.11870592328658502
4,bnci004,MMP_moe,logvar,svm_radial,sa,13,1,1,16979,0.05,no_leakage_v1_alpha005,gate_all_sources_proxy_source_only_final_training_only,mmd,,,,,moe,coral,near_nearest_proxy,anchor,0.0,0,0train,target,False,,1.0,direct,0.07269045961477992,0.030824866879553065,0.11870592328658502
4,bnci004,MMP_moe,logvar,svm_radial,sa,13,1,1,16979,0.05,no_leakage_v1_alpha005,gate_all_sources_proxy_source_only_final_training_only,mmd,,,,,moe,coral,near_nearest_proxy,final,0.0,0,0train,train,True,0.430318165662429,1.0,direct,0.07269045961477992,0.030824866879553065,0.11870592328658502
4,bnci004,MMP_moe,logvar,svm_radial,sa,13,1,1,16979,0.05,no_leakage_v1_alpha005,gate_all_sources_proxy_source_only_final_training_only,mmd,,,,,moe,coral,near_nearest_proxy,main,1.0,2,2train,near,False,0.34926751580159254,1.0,direct,0.08955916275652168,0.05864551114348712,0.13016223170350977
4,bnci004,MMP_moe,logvar,svm_radial,sa,13,1,1,16979,0.05,no_leakage_v1_alpha005,gate_all_sources_proxy_source_only_final_training_only,mmd,,,,,moe,coral,near_nearest_proxy,anchor,1.0,2,2train,proxy_source,False,0.6130922468463869,1.0,direct,0.08955916275652168,0.05864551114348712,0.13016223170350977
4,bnci004,MMP_moe,logvar,svm_radial,sa,13,1,1,16979,0.05,no_leakage_v1_alpha005,gate_all_sources_proxy_source_only_final_training_only,mmd,,,,,moe,coral,near_nearest_proxy,final,1.0,2,2train,train,False,0.34926751580159254,1.0,direct,0.08955916275652168,0.05864551114348712,0.13016223170350977
4,bnci004,MMP_moe,logvar,svm_radial,sa,13,1,1,16979,0.05,no_leakage_v1_alpha005,gate_all_sources_proxy_source_only_final_training_only,mmd,,,,,moe,coral,near_nearest_proxy,main,2.0,3,3test,near,False,0.22041431853597845,1.0,direct,0.14191562215288744,0.09873057247474351,0.1790926061351066
4,bnci004,MMP_moe,logvar,svm_radial,sa,13,1,1,16979,0.05,no_leakage_v1_alpha005,gate_all_sources_proxy_source_only_final_training_only,mmd,,,,,moe,coral,near_nearest_proxy,anchor,2.0,3,3test,proxy_source,False,0.3869077531536132,1.0,direct,0.14191562215288744,0.09873057247474351,0.1790926061351066
4,bnci004,MMP_moe,logvar,svm_radial,sa,13,1,1,16979,0.05,no_leakage_v1_alpha005,gate_all_sources_proxy_source_only_final_training_only,mmd,,,,,moe,coral,near_nearest_proxy,final,2.0,3,3test,train,False,0.22041431853597845,1.0,direct,0.14191562215288744,0.09873057247474351,0.1790926061351066
4,bnci004,MMP_moe,logvar,svm_radial,sa,13,1,1,16979,0.05,no_leakage_v1_alpha005,gate_all_sources_proxy_source_only_final_training_only,mmd,,,,,moe,coral,near_nearest_proxy,main,3.0,4,4test,far,False,,1.0,direct,0.2230837545269301,0.14830972174155596,0.3152780604048841
4,bnci004,MMP_moe,logvar,svm_radial,sa,13,1,1,16979,0.05,no_leakage_v1_alpha005,gate_all_sources_proxy_source_only_final_training_only,mmd,,,,,moe,coral,near_nearest_proxy,anchor,3.0,4,4test,not_used,False,,1.0,direct,0.2230837545269301,0.14830972174155596,0.3152780604048841
4,bnci004,MMP_moe,logvar,svm_radial,sa,13,1,1,16979,0.05,no_leakage_v1_alpha005,gate_all_sources_proxy_source_only_final_training_only,mmd,,,,,moe,coral,near_nearest_proxy,final,3.0,4,4test,not_used,False,,1.0,direct,0.2230837545269301,0.14830972174155596,0.3152780604048841
4,bnci004,MMP_moe,logvar,svm_radial,sa,13,1,1,16979,0.05,no_leakage_v1_alpha005,gate_all_sources_proxy_source_only_final_training_only,mmd,,,,,moe,coral,near_nearest_proxy,main,,1,1train,target,False,,,,,,
4,bnci004,MMP_moe,logvar,svm_radial,sa,13,1,1,16979,0.05,no_leakage_v1_alpha005,gate_all_sources_proxy_source_only_final_training_only,mmd,,,,,moe,coral,near_nearest_proxy,final,,1,1train,target,False,,,,,,
4,bnci004,MMP_moe,logvar,svm_radial,sa,13,2,2,17010,0.05,no_leakage_v1_alpha005,gate_all_sources_proxy_source_only_final_training_only,mmd,,,,,moe,coral,near_nearest_proxy,main,0.0,0,0train,far,False,,2.0,direct,0.17813947469233007,0.13002151838963075,0.23125631257211063
4,bnci004,MMP_moe,logvar,svm_radial,sa,13,2,2,17010,0.05,no_leakage_v1_alpha005,gate_all_sources_proxy_source_only_final_training_only,mmd,,,,,moe,coral,near_nearest_proxy,anchor,0.0,0,0train,not_used,False,,2.0,direct,0.17813947469233007,0.13002151838963075,0.23125631257211063
4,bnci004,MMP_moe,logvar,svm_radial,sa,13,2,2,17010,0.05,no_leakage_v1_alpha005,gate_all_sources_proxy_source_only_final_training_only,mmd,,,,,moe,coral,near_nearest_proxy,final,0.0,0,0train,not_used,False,,2.0,direct,0.17813947469233007,0.13002151838963075,0.23125631257211063
4,bnci004,MMP_moe,logvar,svm_radial,sa,13,2,2,17010,0.05,no_leakage_v1_alpha005,gate_all_sources_proxy_source_only_final_training_only,mmd,,,,,moe,coral,near_nearest_proxy,main,1.0,1,1train,nearest,True,0.5640829378011446,2.0,direct,0.07820942732597443,0.05369502090798832,0.11047541211255932
4,bnci004,MMP_moe,logvar,svm_radial,sa,13,2,2,17010,0.05,no_leakage_v1_alpha005,gate_all_sources_proxy_source_only_final_training_only,mmd,,,,,moe,coral,near_nearest_proxy,anchor,1.0,1,1train,target,False,,2.0,direct,0.07820942732597443,0.05369502090798832,0.11047541211255932
4,bnci004,MMP_moe,logvar,svm_radial,sa,13,2,2,17010,0.05,no_leakage_v1_alpha005,gate_all_sources_proxy_source_only_final_training_only,mmd,,,,,moe,coral,near_nearest_proxy,final,1.0,1,1train,train,True,0.5640829378011446,2.0,direct,0.07820942732597443,0.05369502090798832,0.11047541211255932
4,bnci004,MMP_moe,logvar,svm_radial,sa,13,2,2,17010,0.05,no_leakage_v1_alpha005,gate_all_sources_proxy_source_only_final_training_only,mmd,,,,,moe,coral,near_nearest_proxy,main,2.0,3,3test,far,False,,2.0,direct,0.16719807329694,0.1270162359416546,0.21060726102701366
4,bnci004,MMP_moe,logvar,svm_radial,sa,13,2,2,17010,0.05,no_leakage_v1_alpha005,gate_all_sources_proxy_source_only_final_training_only,mmd,,,,,moe,coral,near_nearest_proxy,anchor,2.0,3,3test,not_used,False,,2.0,direct,0.16719807329694,0.1270162359416546,0.21060726102701366
4,bnci004,MMP_moe,logvar,svm_radial,sa,13,2,2,17010,0.05,no_leakage_v1_alpha005,gate_all_sources_proxy_source_only_final_training_only,mmd,,,,,moe,coral,near_nearest_proxy,final,2.0,3,3test,not_used,False,,2.0,direct,0.16719807329694,0.1270162359416546,0.21060726102701366
4,bnci004,MMP_moe,logvar,svm_radial,sa,13,2,2,17010,0.05,no_leakage_v1_alpha005,gate_all_sources_proxy_source_only_final_training_only,mmd,,,,,moe,coral,near_nearest_proxy,main,3.0,4,4test,near,False,0.4359170621988554,2.0,direct,0.10120441598023831,0.06063885413069631,0.1516247868092855
4,bnci004,MMP_moe,logvar,svm_radial,sa,13,2,2,17010,0.05,no_leakage_v1_alpha005,gate_all_sources_proxy_source_only_final_training_only,mmd,,,,,moe,coral,near_nearest_proxy,anchor,3.0,4,4test,proxy_source,False,1.0,2.0,direct,0.10120441598023831,0.06063885413069631,0.1516247868092855
4,bnci004,MMP_moe,logvar,svm_radial,sa,13,2,2,17010,0.05,no_leakage_v1_alpha005,gate_all_sources_proxy_source_only_final_training_only,mmd,,,,,moe,coral,near_nearest_proxy,final,3.0,4,4test,train,False,0.4359170621988554,2.0,direct,0.10120441598023831,0.06063885413069631,0.1516247868092855
4,bnci004,MMP_moe,logvar,svm_radial,sa,13,2,2,17010,0.05,no_leakage_v1_alpha005,gate_all_sources_proxy_source_only_final_training_only,mmd,,,,,moe,coral,near_nearest_proxy,main,,2,2train,target,False,,,,,,
4,bnci004,MMP_moe,logvar,svm_radial,sa,13,2,2,17010,0.05,no_leakage_v1_alpha005,gate_all_sources_proxy_source_only_final_training_only,mmd,,,,,moe,coral,near_nearest_proxy,final,,2,2train,target,False,,,,,,
4,bnci004,MMP_moe,logvar,svm_radial,sa,13,3,3,17041,0.05,no_leakage_v1_alpha005,gate_all_sources_proxy_source_only_final_training_only,mmd,,,,,moe,coral,near_nearest_proxy,main,0.0,0,0train,nearest,True,0.5409744876696575,3.0,direct,0.11662475525502967,0.08872448205660524,0.14614118381291386
4,bnci004,MMP_moe,logvar,svm_radial,sa,13,3,3,17041,0.05,no_leakage_v1_alpha005,gate_all_sources_proxy_source_only_final_training_only,mmd,,,,,moe,coral,near_nearest_proxy,anchor,0.0,0,0train,target,False,,3.0,direct,0.11662475525502967,0.08872448205660524,0.14614118381291386
4,bnci004,MMP_moe,logvar,svm_radial,sa,13,3,3,17041,0.05,no_leakage_v1_alpha005,gate_all_sources_proxy_source_only_final_training_only,mmd,,,,,moe,coral,near_nearest_proxy,final,0.0,0,0train,train,True,0.5409744876696575,3.0,direct,0.11662475525502967,0.08872448205660524,0.14614118381291386
4,bnci004,MMP_moe,logvar,svm_radial,sa,13,3,3,17041,0.05,no_leakage_v1_alpha005,gate_all_sources_proxy_source_only_final_training_only,mmd,,,,,moe,coral,near_nearest_proxy,main,1.0,1,1train,near,False,0.45902551233034256,3.0,direct,0.13744573553737477,0.10125446423316889,0.17982423973954567
4,bnci004,MMP_moe,logvar,svm_radial,sa,13,3,3,17041,0.05,no_leakage_v1_alpha005,gate_all_sources_proxy_source_only_final_training_only,mmd,,,,,moe,coral,near_nearest_proxy,anchor,1.0,1,1train,proxy_source,False,1.0,3.0,direct,0.13744573553737477,0.10125446423316889,0.17982423973954567
4,bnci004,MMP_moe,logvar,svm_radial,sa,13,3,3,17041,0.05,no_leakage_v1_alpha005,gate_all_sources_proxy_source_only_final_training_only,mmd,,,,,moe,coral,near_nearest_proxy,final,1.0,1,1train,train,False,0.45902551233034256,3.0,direct,0.13744573553737477,0.10125446423316889,0.17982423973954567
4,bnci004,MMP_moe,logvar,svm_radial,sa,13,3,3,17041,0.05,no_leakage_v1_alpha005,gate_all_sources_proxy_source_only_final_training_only,mmd,,,,,moe,coral,near_nearest_proxy,main,2.0,2,2train,far,False,,3.0,direct,0.19796649495472693,0.1565666021022964,0.2496472953510347
4,bnci004,MMP_moe,logvar,svm_radial,sa,13,3,3,17041,0.05,no_leakage_v1_alpha005,gate_all_sources_proxy_source_only_final_training_only,mmd,,,,,moe,coral,near_nearest_proxy,anchor,2.0,2,2train,not_used,False,,3.0,direct,0.19796649495472693,0.1565666021022964,0.2496472953510347
4,bnci004,MMP_moe,logvar,svm_radial,sa,13,3,3,17041,0.05,no_leakage_v1_alpha005,gate_all_sources_proxy_source_only_final_training_only,mmd,,,,,moe,coral,near_nearest_proxy,final,2.0,2,2train,not_used,False,,3.0,direct,0.19796649495472693,0.1565666021022964,0.2496472953510347
4,bnci004,MMP_moe,logvar,svm_radial,sa,13,3,3,17041,0.05,no_leakage_v1_alpha005,gate_all_sources_proxy_source_only_final_training_only,mmd,,,,,moe,coral,near_nearest_proxy,main,3.0,4,4test,far,False,,3.0,direct,0.4252085037909248,0.3570774185040875,0.5002399752531098
4,bnci004,MMP_moe,logvar,svm_radial,sa,13,3,3,17041,0.05,no_leakage_v1_alpha005,gate_all_sources_proxy_source_only_final_training_only,mmd,,,,,moe,coral,near_nearest_proxy,anchor,3.0,4,4test,not_used,False,,3.0,direct,0.4252085037909248,0.3570774185040875,0.5002399752531098
4,bnci004,MMP_moe,logvar,svm_radial,sa,13,3,3,17041,0.05,no_leakage_v1_alpha005,gate_all_sources_proxy_source_only_final_training_only,mmd,,,,,moe,coral,near_nearest_proxy,final,3.0,4,4test,not_used,False,,3.0,direct,0.4252085037909248,0.3570774185040875,0.5002399752531098
4,bnci004,MMP_moe,logvar,svm_radial,sa,13,3,3,17041,0.05,no_leakage_v1_alpha005,gate_all_sources_proxy_source_only_final_training_only,mmd,,,,,moe,coral,near_nearest_proxy,main,,3,3test,target,False,,,,,,
4,bnci004,MMP_moe,logvar,svm_radial,sa,13,3,3,17041,0.05,no_leakage_v1_alpha005,gate_all_sources_proxy_source_only_final_training_only,mmd,,,,,moe,coral,near_nearest_proxy,final,,3,3test,target,False,,,,,,
4,bnci004,MMP_moe,logvar,svm_radial,sa,13,4,4,17072,0.05,no_leakage_v1_alpha005,gate_all_sources_proxy_source_only_final_training_only,mmd,,,,,moe,coral,near_nearest_proxy,main,0.0,0,0train,far,False,,4.0,direct,0.26137890707822903,0.209282074334241,0.31424566610939986
4,bnci004,MMP_moe,logvar,svm_radial,sa,13,4,4,17072,0.05,no_leakage_v1_alpha005,gate_all_sources_proxy_source_only_final_training_only,mmd,,,,,moe,coral,near_nearest_proxy,anchor,0.0,0,0train,not_used,False,,4.0,direct,0.26137890707822903,0.209282074334241,0.31424566610939986
4,bnci004,MMP_moe,logvar,svm_radial,sa,13,4,4,17072,0.05,no_leakage_v1_alpha005,gate_all_sources_proxy_source_only_final_training_only,mmd,,,,,moe,coral,near_nearest_proxy,final,0.0,0,0train,not_used,False,,4.0,direct,0.26137890707822903,0.209282074334241,0.31424566610939986
4,bnci004,MMP_moe,logvar,svm_radial,sa,13,4,4,17072,0.05,no_leakage_v1_alpha005,gate_all_sources_proxy_source_only_final_training_only,mmd,,,,,moe,coral,near_nearest_proxy,main,1.0,1,1train,near,False,0.3960741720390247,4.0,direct,0.1377304352433975,0.10173612165759245,0.17923510044809365
4,bnci004,MMP_moe,logvar,svm_radial,sa,13,4,4,17072,0.05,no_leakage_v1_alpha005,gate_all_sources_proxy_source_only_final_training_only,mmd,,,,,moe,coral,near_nearest_proxy,anchor,1.0,1,1train,proxy_source,False,1.0,4.0,direct,0.1377304352433975,0.10173612165759245,0.17923510044809365
4,bnci004,MMP_moe,logvar,svm_radial,sa,13,4,4,17072,0.05,no_leakage_v1_alpha005,gate_all_sources_proxy_source_only_final_training_only,mmd,,,,,moe,coral,near_nearest_proxy,final,1.0,1,1train,train,False,0.3960741720390247,4.0,direct,0.1377304352433975,0.10173612165759245,0.17923510044809365
4,bnci004,MMP_moe,logvar,svm_radial,sa,13,4,4,17072,0.05,no_leakage_v1_alpha005,gate_all_sources_proxy_source_only_final_training_only,mmd,,,,,moe,coral,near_nearest_proxy,main,2.0,2,2train,nearest,True,0.6039258279609753,4.0,direct,0.09032774841925169,0.06271113537823583,0.1256407750503538
4,bnci004,MMP_moe,logvar,svm_radial,sa,13,4,4,17072,0.05,no_leakage_v1_alpha005,gate_all_sources_proxy_source_only_final_training_only,mmd,,,,,moe,coral,near_nearest_proxy,anchor,2.0,2,2train,target,False,,4.0,direct,0.09032774841925169,0.06271113537823583,0.1256407750503538
4,bnci004,MMP_moe,logvar,svm_radial,sa,13,4,4,17072,0.05,no_leakage_v1_alpha005,gate_all_sources_proxy_source_only_final_training_only,mmd,,,,,moe,coral,near_nearest_proxy,final,2.0,2,2train,train,True,0.6039258279609753,4.0,direct,0.09032774841925169,0.06271113537823583,0.1256407750503538
4,bnci004,MMP_moe,logvar,svm_radial,sa,13,4,4,17072,0.05,no_leakage_v1_alpha005,gate_all_sources_proxy_source_only_final_training_only,mmd,,,,,moe,coral,near_nearest_proxy,main,3.0,3,3test,far,False,,4.0,direct,0.27246020557059014,0.2312896777931589,0.31854993771103607
4,bnci004,MMP_moe,logvar,svm_radial,sa,13,4,4,17072,0.05,no_leakage_v1_alpha005,gate_all_sources_proxy_source_only_final_training_only,mmd,,,,,moe,coral,near_nearest_proxy,anchor,3.0,3,3test,not_used,False,,4.0,direct,0.27246020557059014,0.2312896777931589,0.31854993771103607
4,bnci004,MMP_moe,logvar,svm_radial,sa,13,4,4,17072,0.05,no_leakage_v1_alpha005,gate_all_sources_proxy_source_only_final_training_only,mmd,,,,,moe,coral,near_nearest_proxy,final,3.0,3,3test,not_used,False,,4.0,direct,0.27246020557059014,0.2312896777931589,0.31854993771103607
4,bnci004,MMP_moe,logvar,svm_radial,sa,13,4,4,17072,0.05,no_leakage_v1_alpha005,gate_all_sources_proxy_source_only_final_training_only,mmd,,,,,moe,coral,near_nearest_proxy,main,,4,4test,target,False,,,,,,
4,bnci004,MMP_moe,logvar,svm_radial,sa,13,4,4,17072,0.05,no_leakage_v1_alpha005,gate_all_sources_proxy_source_only_final_training_only,mmd,,,,,moe,coral,near_nearest_proxy,final,,4,4test,target,False,,,,,,
4,bnci004,MMP_moe,logvar,svm_radial,pt,14,0,0,17945,0.05,no_leakage_v1_alpha005,gate_all_sources_proxy_source_only_final_training_only,mmd,,,,,moe,coral,near_nearest_proxy,main,0.0,1,1train,nearest,True,0.6213075241845227,0.0,direct,0.07322515762290971,0.039994651656321184,0.11302390256212339
4,bnci004,MMP_moe,logvar,svm_radial,pt,14,0,0,17945,0.05,no_leakage_v1_alpha005,gate_all_sources_proxy_source_only_final_training_only,mmd,,,,,moe,coral,near_nearest_proxy,anchor,0.0,1,1train,target,False,,0.0,direct,0.07322515762290971,0.039994651656321184,0.11302390256212339
4,bnci004,MMP_moe,logvar,svm_radial,pt,14,0,0,17945,0.05,no_leakage_v1_alpha005,gate_all_sources_proxy_source_only_final_training_only,mmd,,,,,moe,coral,near_nearest_proxy,final,0.0,1,1train,train,True,0.6213075241845227,0.0,direct,0.07322515762290971,0.039994651656321184,0.11302390256212339
4,bnci004,MMP_moe,logvar,svm_radial,pt,14,0,0,17945,0.05,no_leakage_v1_alpha005,gate_all_sources_proxy_source_only_final_training_only,mmd,,,,,moe,coral,near_nearest_proxy,main,1.0,2,2train,far,False,,0.0,direct,0.24641454574578703,0.17990983754042988,0.3097831683480659
4,bnci004,MMP_moe,logvar,svm_radial,pt,14,0,0,17945,0.05,no_leakage_v1_alpha005,gate_all_sources_proxy_source_only_final_training_only,mmd,,,,,moe,coral,near_nearest_proxy,anchor,1.0,2,2train,not_used,False,,0.0,direct,0.24641454574578703,0.17990983754042988,0.3097831683480659
4,bnci004,MMP_moe,logvar,svm_radial,pt,14,0,0,17945,0.05,no_leakage_v1_alpha005,gate_all_sources_proxy_source_only_final_training_only,mmd,,,,,moe,coral,near_nearest_proxy,final,1.0,2,2train,not_used,False,,0.0,direct,0.24641454574578703,0.17990983754042988,0.3097831683480659
4,bnci004,MMP_moe,logvar,svm_radial,pt,14,0,0,17945,0.05,no_leakage_v1_alpha005,gate_all_sources_proxy_source_only_final_training_only,mmd,,,,,moe,coral,near_nearest_proxy,main,2.0,3,3test,near,False,0.3786924758154774,0.0,direct,0.12013860034527889,0.08776918824686589,0.15649331673074693
4,bnci004,MMP_moe,logvar,svm_radial,pt,14,0,0,17945,0.05,no_leakage_v1_alpha005,gate_all_sources_proxy_source_only_final_training_only,mmd,,,,,moe,coral,near_nearest_proxy,anchor,2.0,3,3test,proxy_source,False,1.0,0.0,direct,0.12013860034527889,0.08776918824686589,0.15649331673074693
4,bnci004,MMP_moe,logvar,svm_radial,pt,14,0,0,17945,0.05,no_leakage_v1_alpha005,gate_all_sources_proxy_source_only_final_training_only,mmd,,,,,moe,coral,near_nearest_proxy,final,2.0,3,3test,train,False,0.3786924758154774,0.0,direct,0.12013860034527889,0.08776918824686589,0.15649331673074693
4,bnci004,MMP_moe,logvar,svm_radial,pt,14,0,0,17945,0.05,no_leakage_v1_alpha005,gate_all_sources_proxy_source_only_final_training_only,mmd,,,,,moe,coral,near_nearest_proxy,main,3.0,4,4test,far,False,,0.0,direct,0.4496576511697552,0.37673166311212186,0.5296112682153009
4,bnci004,MMP_moe,logvar,svm_radial,pt,14,0,0,17945,0.05,no_leakage_v1_alpha005,gate_all_sources_proxy_source_only_final_training_only,mmd,,,,,moe,coral,near_nearest_proxy,anchor,3.0,4,4test,not_used,False,,0.0,direct,0.4496576511697552,0.37673166311212186,0.5296112682153009
4,bnci004,MMP_moe,logvar,svm_radial,pt,14,0,0,17945,0.05,no_leakage_v1_alpha005,gate_all_sources_proxy_source_only_final_training_only,mmd,,,,,moe,coral,near_nearest_proxy,final,3.0,4,4test,not_used,False,,0.0,direct,0.4496576511697552,0.37673166311212186,0.5296112682153009
4,bnci004,MMP_moe,logvar,svm_radial,pt,14,0,0,17945,0.05,no_leakage_v1_alpha005,gate_all_sources_proxy_source_only_final_training_only,mmd,,,,,moe,coral,near_nearest_proxy,main,,0,0train,target,False,,,,,,
4,bnci004,MMP_moe,logvar,svm_radial,pt,14,0,0,17945,0.05,no_leakage_v1_alpha005,gate_all_sources_proxy_source_only_final_training_only,mmd,,,,,moe,coral,near_nearest_proxy,final,,0,0train,target,False,,,,,,
4,bnci004,MMP_moe,logvar,svm_radial,pt,14,1,1,17976,0.05,no_leakage_v1_alpha005,gate_all_sources_proxy_source_only_final_training_only,mmd,,,,,moe,coral,near_nearest_proxy,main,0.0,0,0train,nearest,True,0.44211355171164846,1.0,direct,0.0701196807977301,0.03800775464606012,0.11478099954811734
4,bnci004,MMP_moe,logvar,svm_radial,pt,14,1,1,17976,0.05,no_leakage_v1_alpha005,gate_all_sources_proxy_source_only_final_training_only,mmd,,,,,moe,coral,near_nearest_proxy,anchor,0.0,0,0train,target,False,,1.0,direct,0.0701196807977301,0.03800775464606012,0.11478099954811734
4,bnci004,MMP_moe,logvar,svm_radial,pt,14,1,1,17976,0.05,no_leakage_v1_alpha005,gate_all_sources_proxy_source_only_final_training_only,mmd,,,,,moe,coral,near_nearest_proxy,final,0.0,0,0train,train,True,0.44211355171164846,1.0,direct,0.0701196807977301,0.03800775464606012,0.11478099954811734
4,bnci004,MMP_moe,logvar,svm_radial,pt,14,1,1,17976,0.05,no_leakage_v1_alpha005,gate_all_sources_proxy_source_only_final_training_only,mmd,,,,,moe,coral,near_nearest_proxy,main,1.0,2,2train,near,False,0.3418635520328925,1.0,direct,0.09068226544779023,0.0580115067222063,0.1275380110548311
4,bnci004,MMP_moe,logvar,svm_radial,pt,14,1,1,17976,0.05,no_leakage_v1_alpha005,gate_all_sources_proxy_source_only_final_training_only,mmd,,,,,moe,coral,near_nearest_proxy,anchor,1.0,2,2train,proxy_source,False,0.6127833954055746,1.0,direct,0.09068226544779023,0.0580115067222063,0.1275380110548311
4,bnci004,MMP_moe,logvar,svm_radial,pt,14,1,1,17976,0.05,no_leakage_v1_alpha005,gate_all_sources_proxy_source_only_final_training_only,mmd,,,,,moe,coral,near_nearest_proxy,final,1.0,2,2train,train,False,0.3418635520328925,1.0,direct,0.09068226544779023,0.0580115067222063,0.1275380110548311
4,bnci004,MMP_moe,logvar,svm_radial,pt,14,1,1,17976,0.05,no_leakage_v1_alpha005,gate_all_sources_proxy_source_only_final_training_only,mmd,,,,,moe,coral,near_nearest_proxy,main,2.0,3,3test,near,False,0.21602289625545895,1.0,direct,0.14350833985841246,0.10385859526251078,0.18292172259734066
4,bnci004,MMP_moe,logvar,svm_radial,pt,14,1,1,17976,0.05,no_leakage_v1_alpha005,gate_all_sources_proxy_source_only_final_training_only,mmd,,,,,moe,coral,near_nearest_proxy,anchor,2.0,3,3test,proxy_source,False,0.3872166045944254,1.0,direct,0.14350833985841246,0.10385859526251078,0.18292172259734066
4,bnci004,MMP_moe,logvar,svm_radial,pt,14,1,1,17976,0.05,no_leakage_v1_alpha005,gate_all_sources_proxy_source_only_final_training_only,mmd,,,,,moe,coral,near_nearest_proxy,final,2.0,3,3test,train,False,0.21602289625545895,1.0,direct,0.14350833985841246,0.10385859526251078,0.18292172259734066
4,bnci004,MMP_moe,logvar,svm_radial,pt,14,1,1,17976,0.05,no_leakage_v1_alpha005,gate_all_sources_proxy_source_only_final_training_only,mmd,,,,,moe,coral,near_nearest_proxy,main,3.0,4,4test,far,False,,1.0,direct,0.21791441176311482,0.14285543046333354,0.29940553487783966
4,bnci004,MMP_moe,logvar,svm_radial,pt,14,1,1,17976,0.05,no_leakage_v1_alpha005,gate_all_sources_proxy_source_only_final_training_only,mmd,,,,,moe,coral,near_nearest_proxy,anchor,3.0,4,4test,not_used,False,,1.0,direct,0.21791441176311482,0.14285543046333354,0.29940553487783966
4,bnci004,MMP_moe,logvar,svm_radial,pt,14,1,1,17976,0.05,no_leakage_v1_alpha005,gate_all_sources_proxy_source_only_final_training_only,mmd,,,,,moe,coral,near_nearest_proxy,final,3.0,4,4test,not_used,False,,1.0,direct,0.21791441176311482,0.14285543046333354,0.29940553487783966
4,bnci004,MMP_moe,logvar,svm_radial,pt,14,1,1,17976,0.05,no_leakage_v1_alpha005,gate_all_sources_proxy_source_only_final_training_only,mmd,,,,,moe,coral,near_nearest_proxy,main,,1,1train,target,False,,,,,,
4,bnci004,MMP_moe,logvar,svm_radial,pt,14,1,1,17976,0.05,no_leakage_v1_alpha005,gate_all_sources_proxy_source_only_final_training_only,mmd,,,,,moe,coral,near_nearest_proxy,final,,1,1train,target,False,,,,,,
4,bnci004,MMP_moe,logvar,svm_radial,pt,14,2,2,18007,0.05,no_leakage_v1_alpha005,gate_all_sources_proxy_source_only_final_training_only,mmd,,,,,moe,coral,near_nearest_proxy,main,0.0,0,0train,far,False,,2.0,direct,0.1804688063573095,0.1381888161239166,0.22538945578763744
4,bnci004,MMP_moe,logvar,svm_radial,pt,14,2,2,18007,0.05,no_leakage_v1_alpha005,gate_all_sources_proxy_source_only_final_training_only,mmd,,,,,moe,coral,near_nearest_proxy,anchor,0.0,0,0train,not_used,False,,2.0,direct,0.1804688063573095,0.1381888161239166,0.22538945578763744
4,bnci004,MMP_moe,logvar,svm_radial,pt,14,2,2,18007,0.05,no_leakage_v1_alpha005,gate_all_sources_proxy_source_only_final_training_only,mmd,,,,,moe,coral,near_nearest_proxy,final,0.0,0,0train,not_used,False,,2.0,direct,0.1804688063573095,0.1381888161239166,0.22538945578763744
4,bnci004,MMP_moe,logvar,svm_radial,pt,14,2,2,18007,0.05,no_leakage_v1_alpha005,gate_all_sources_proxy_source_only_final_training_only,mmd,,,,,moe,coral,near_nearest_proxy,main,1.0,1,1train,nearest,True,0.5728724168335976,2.0,direct,0.07601478377339731,0.05585319765703862,0.10776257202480603
4,bnci004,MMP_moe,logvar,svm_radial,pt,14,2,2,18007,0.05,no_leakage_v1_alpha005,gate_all_sources_proxy_source_only_final_training_only,mmd,,,,,moe,coral,near_nearest_proxy,anchor,1.0,1,1train,target,False,,2.0,direct,0.07601478377339731,0.05585319765703862,0.10776257202480603
4,bnci004,MMP_moe,logvar,svm_radial,pt,14,2,2,18007,0.05,no_leakage_v1_alpha005,gate_all_sources_proxy_source_only_final_training_only,mmd,,,,,moe,coral,near_nearest_proxy,final,1.0,1,1train,train,True,0.5728724168335976,2.0,direct,0.07601478377339731,0.05585319765703862,0.10776257202480603
4,bnci004,MMP_moe,logvar,svm_radial,pt,14,2,2,18007,0.05,no_leakage_v1_alpha005,gate_all_sources_proxy_source_only_final_training_only,mmd,,,,,moe,coral,near_nearest_proxy,main,2.0,3,3test,far,False,,2.0,direct,0.16555349110056056,0.12637723840572956,0.2113251923899476
4,bnci004,MMP_moe,logvar,svm_radial,pt,14,2,2,18007,0.05,no_leakage_v1_alpha005,gate_all_sources_proxy_source_only_final_training_only,mmd,,,,,moe,coral,near_nearest_proxy,anchor,2.0,3,3test,not_used,False,,2.0,direct,0.16555349110056056,0.12637723840572956,0.2113251923899476
4,bnci004,MMP_moe,logvar,svm_radial,pt,14,2,2,18007,0.05,no_leakage_v1_alpha005,gate_all_sources_proxy_source_only_final_training_only,mmd,,,,,moe,coral,near_nearest_proxy,final,2.0,3,3test,not_used,False,,2.0,direct,0.16555349110056056,0.12637723840572956,0.2113251923899476
4,bnci004,MMP_moe,logvar,svm_radial,pt,14,2,2,18007,0.05,no_leakage_v1_alpha005,gate_all_sources_proxy_source_only_final_training_only,mmd,,,,,moe,coral,near_nearest_proxy,main,3.0,4,4test,near,False,0.4271275831664025,2.0,direct,0.1019529535352389,0.06181896893457153,0.14030448755960015
4,bnci004,MMP_moe,logvar,svm_radial,pt,14,2,2,18007,0.05,no_leakage_v1_alpha005,gate_all_sources_proxy_source_only_final_training_only,mmd,,,,,moe,coral,near_nearest_proxy,anchor,3.0,4,4test,proxy_source,False,1.0,2.0,direct,0.1019529535352389,0.06181896893457153,0.14030448755960015
4,bnci004,MMP_moe,logvar,svm_radial,pt,14,2,2,18007,0.05,no_leakage_v1_alpha005,gate_all_sources_proxy_source_only_final_training_only,mmd,,,,,moe,coral,near_nearest_proxy,final,3.0,4,4test,train,False,0.4271275831664025,2.0,direct,0.1019529535352389,0.06181896893457153,0.14030448755960015
4,bnci004,MMP_moe,logvar,svm_radial,pt,14,2,2,18007,0.05,no_leakage_v1_alpha005,gate_all_sources_proxy_source_only_final_training_only,mmd,,,,,moe,coral,near_nearest_proxy,main,,2,2train,target,False,,,,,,
4,bnci004,MMP_moe,logvar,svm_radial,pt,14,2,2,18007,0.05,no_leakage_v1_alpha005,gate_all_sources_proxy_source_only_final_training_only,mmd,,,,,moe,coral,near_nearest_proxy,final,,2,2train,target,False,,,,,,
4,bnci004,MMP_moe,logvar,svm_radial,pt,14,3,3,18038,0.05,no_leakage_v1_alpha005,gate_all_sources_proxy_source_only_final_training_only,mmd,,,,,moe,coral,near_nearest_proxy,main,0.0,0,0train,nearest,True,0.412748888541772,3.0,direct,0.11661862166012689,0.0853932691288466,0.14686377533737285
4,bnci004,MMP_moe,logvar,svm_radial,pt,14,3,3,18038,0.05,no_leakage_v1_alpha005,gate_all_sources_proxy_source_only_final_training_only,mmd,,,,,moe,coral,near_nearest_proxy,anchor,0.0,0,0train,target,False,,3.0,direct,0.11661862166012689,0.0853932691288466,0.14686377533737285
4,bnci004,MMP_moe,logvar,svm_radial,pt,14,3,3,18038,0.05,no_leakage_v1_alpha005,gate_all_sources_proxy_source_only_final_training_only,mmd,,,,,moe,coral,near_nearest_proxy,final,0.0,0,0train,train,True,0.412748888541772,3.0,direct,0.11661862166012689,0.0853932691288466,0.14686377533737285
4,bnci004,MMP_moe,logvar,svm_radial,pt,14,3,3,18038,0.05,no_leakage_v1_alpha005,gate_all_sources_proxy_source_only_final_training_only,mmd,,,,,moe,coral,near_nearest_proxy,main,1.0,1,1train,near,False,0.34583521190145483,3.0,direct,0.13918268507858944,0.10513046502320289,0.1759257399117798
4,bnci004,MMP_moe,logvar,svm_radial,pt,14,3,3,18038,0.05,no_leakage_v1_alpha005,gate_all_sources_proxy_source_only_final_training_only,mmd,,,,,moe,coral,near_nearest_proxy,anchor,1.0,1,1train,proxy_source,False,0.5889051636576675,3.0,direct,0.13918268507858944,0.10513046502320289,0.1759257399117798
4,bnci004,MMP_moe,logvar,svm_radial,pt,14,3,3,18038,0.05,no_leakage_v1_alpha005,gate_all_sources_proxy_source_only_final_training_only,mmd,,,,,moe,coral,near_nearest_proxy,final,1.0,1,1train,train,False,0.34583521190145483,3.0,direct,0.13918268507858944,0.10513046502320289,0.1759257399117798
4,bnci004,MMP_moe,logvar,svm_radial,pt,14,3,3,18038,0.05,no_leakage_v1_alpha005,gate_all_sources_proxy_source_only_final_training_only,mmd,,,,,moe,coral,near_nearest_proxy,main,2.0,2,2train,near,False,0.24141589955677306,3.0,direct,0.19938362756907055,0.14512777703313265,0.24851387271649902
4,bnci004,MMP_moe,logvar,svm_radial,pt,14,3,3,18038,0.05,no_leakage_v1_alpha005,gate_all_sources_proxy_source_only_final_training_only,mmd,,,,,moe,coral,near_nearest_proxy,anchor,2.0,2,2train,proxy_source,False,0.4110948363423325,3.0,direct,0.19938362756907055,0.14512777703313265,0.24851387271649902
4,bnci004,MMP_moe,logvar,svm_radial,pt,14,3,3,18038,0.05,no_leakage_v1_alpha005,gate_all_sources_proxy_source_only_final_training_only,mmd,,,,,moe,coral,near_nearest_proxy,final,2.0,2,2train,train,False,0.24141589955677306,3.0,direct,0.19938362756907055,0.14512777703313265,0.24851387271649902
4,bnci004,MMP_moe,logvar,svm_radial,pt,14,3,3,18038,0.05,no_leakage_v1_alpha005,gate_all_sources_proxy_source_only_final_training_only,mmd,,,,,moe,coral,near_nearest_proxy,main,3.0,4,4test,far,False,,3.0,direct,0.42342168675605163,0.3689267751584633,0.49221208955938445
4,bnci004,MMP_moe,logvar,svm_radial,pt,14,3,3,18038,0.05,no_leakage_v1_alpha005,gate_all_sources_proxy_source_only_final_training_only,mmd,,,,,moe,coral,near_nearest_proxy,anchor,3.0,4,4test,not_used,False,,3.0,direct,0.42342168675605163,0.3689267751584633,0.49221208955938445
4,bnci004,MMP_moe,logvar,svm_radial,pt,14,3,3,18038,0.05,no_leakage_v1_alpha005,gate_all_sources_proxy_source_only_final_training_only,mmd,,,,,moe,coral,near_nearest_proxy,final,3.0,4,4test,not_used,False,,3.0,direct,0.42342168675605163,0.3689267751584633,0.49221208955938445
4,bnci004,MMP_moe,logvar,svm_radial,pt,14,3,3,18038,0.05,no_leakage_v1_alpha005,gate_all_sources_proxy_source_only_final_training_only,mmd,,,,,moe,coral,near_nearest_proxy,main,,3,3test,target,False,,,,,,
4,bnci004,MMP_moe,logvar,svm_radial,pt,14,3,3,18038,0.05,no_leakage_v1_alpha005,gate_all_sources_proxy_source_only_final_training_only,mmd,,,,,moe,coral,near_nearest_proxy,final,,3,3test,target,False,,,,,,
4,bnci004,MMP_moe,logvar,svm_radial,pt,14,4,4,18069,0.05,no_leakage_v1_alpha005,gate_all_sources_proxy_source_only_final_training_only,mmd,,,,,moe,coral,near_nearest_proxy,main,0.0,0,0train,far,False,,4.0,direct,0.26134224760254904,0.21298368195596104,0.31243429183436083
4,bnci004,MMP_moe,logvar,svm_radial,pt,14,4,4,18069,0.05,no_leakage_v1_alpha005,gate_all_sources_proxy_source_only_final_training_only,mmd,,,,,moe,coral,near_nearest_proxy,anchor,0.0,0,0train,not_used,False,,4.0,direct,0.26134224760254904,0.21298368195596104,0.31243429183436083
4,bnci004,MMP_moe,logvar,svm_radial,pt,14,4,4,18069,0.05,no_leakage_v1_alpha005,gate_all_sources_proxy_source_only_final_training_only,mmd,,,,,moe,coral,near_nearest_proxy,final,0.0,0,0train,not_used,False,,4.0,direct,0.26134224760254904,0.21298368195596104,0.31243429183436083
4,bnci004,MMP_moe,logvar,svm_radial,pt,14,4,4,18069,0.05,no_leakage_v1_alpha005,gate_all_sources_proxy_source_only_final_training_only,mmd,,,,,moe,coral,near_nearest_proxy,main,1.0,1,1train,near,False,0.3999436486033447,4.0,direct,0.1374093946440485,0.09727304995816413,0.18046140813190548
4,bnci004,MMP_moe,logvar,svm_radial,pt,14,4,4,18069,0.05,no_leakage_v1_alpha005,gate_all_sources_proxy_source_only_final_training_only,mmd,,,,,moe,coral,near_nearest_proxy,anchor,1.0,1,1train,proxy_source,False,1.0,4.0,direct,0.1374093946440485,0.09727304995816413,0.18046140813190548
4,bnci004,MMP_moe,logvar,svm_radial,pt,14,4,4,18069,0.05,no_leakage_v1_alpha005,gate_all_sources_proxy_source_only_final_training_only,mmd,,,,,moe,coral,near_nearest_proxy,final,1.0,1,1train,train,False,0.3999436486033447,4.0,direct,0.1374093946440485,0.09727304995816413,0.18046140813190548
4,bnci004,MMP_moe,logvar,svm_radial,pt,14,4,4,18069,0.05,no_leakage_v1_alpha005,gate_all_sources_proxy_source_only_final_training_only,mmd,,,,,moe,coral,near_nearest_proxy,main,2.0,2,2train,nearest,True,0.6000563513966554,4.0,direct,0.09158442270580584,0.059631615231443134,0.1274567690369941
4,bnci004,MMP_moe,logvar,svm_radial,pt,14,4,4,18069,0.05,no_leakage_v1_alpha005,gate_all_sources_proxy_source_only_final_training_only,mmd,,,,,moe,coral,near_nearest_proxy,anchor,2.0,2,2train,target,False,,4.0,direct,0.09158442270580584,0.059631615231443134,0.1274567690369941
4,bnci004,MMP_moe,logvar,svm_radial,pt,14,4,4,18069,0.05,no_leakage_v1_alpha005,gate_all_sources_proxy_source_only_final_training_only,mmd,,,,,moe,coral,near_nearest_proxy,final,2.0,2,2train,train,True,0.6000563513966554,4.0,direct,0.09158442270580584,0.059631615231443134,0.1274567690369941
4,bnci004,MMP_moe,logvar,svm_radial,pt,14,4,4,18069,0.05,no_leakage_v1_alpha005,gate_all_sources_proxy_source_only_final_training_only,mmd,,,,,moe,coral,near_nearest_proxy,main,3.0,3,3test,far,False,,4.0,direct,0.2751657554627204,0.23548107590473527,0.3245816171594632
4,bnci004,MMP_moe,logvar,svm_radial,pt,14,4,4,18069,0.05,no_leakage_v1_alpha005,gate_all_sources_proxy_source_only_final_training_only,mmd,,,,,moe,coral,near_nearest_proxy,anchor,3.0,3,3test,not_used,False,,4.0,direct,0.2751657554627204,0.23548107590473527,0.3245816171594632
4,bnci004,MMP_moe,logvar,svm_radial,pt,14,4,4,18069,0.05,no_leakage_v1_alpha005,gate_all_sources_proxy_source_only_final_training_only,mmd,,,,,moe,coral,near_nearest_proxy,final,3.0,3,3test,not_used,False,,4.0,direct,0.2751657554627204,0.23548107590473527,0.3245816171594632
4,bnci004,MMP_moe,logvar,svm_radial,pt,14,4,4,18069,0.05,no_leakage_v1_alpha005,gate_all_sources_proxy_source_only_final_training_only,mmd,,,,,moe,coral,near_nearest_proxy,main,,4,4test,target,False,,,,,,
4,bnci004,MMP_moe,logvar,svm_radial,pt,14,4,4,18069,0.05,no_leakage_v1_alpha005,gate_all_sources_proxy_source_only_final_training_only,mmd,,,,,moe,coral,near_nearest_proxy,final,,4,4test,target,False,,,,,,
4,bnci004,MMP_moe,logvar,svm_radial,coral,15,0,0,18942,0.05,no_leakage_v1_alpha005,gate_all_sources_proxy_source_only_final_training_only,mmd,,,,,moe,coral,near_nearest_proxy,main,0.0,1,1train,nearest,True,0.6274161608149501,0.0,direct,0.07120645929361694,0.03589292111465537,0.11617294878861921
4,bnci004,MMP_moe,logvar,svm_radial,coral,15,0,0,18942,0.05,no_leakage_v1_alpha005,gate_all_sources_proxy_source_only_final_training_only,mmd,,,,,moe,coral,near_nearest_proxy,anchor,0.0,1,1train,target,False,,0.0,direct,0.07120645929361694,0.03589292111465537,0.11617294878861921
4,bnci004,MMP_moe,logvar,svm_radial,coral,15,0,0,18942,0.05,no_leakage_v1_alpha005,gate_all_sources_proxy_source_only_final_training_only,mmd,,,,,moe,coral,near_nearest_proxy,final,0.0,1,1train,train,True,0.6274161608149501,0.0,direct,0.07120645929361694,0.03589292111465537,0.11617294878861921
4,bnci004,MMP_moe,logvar,svm_radial,coral,15,0,0,18942,0.05,no_leakage_v1_alpha005,gate_all_sources_proxy_source_only_final_training_only,mmd,,,,,moe,coral,near_nearest_proxy,main,1.0,2,2train,far,False,,0.0,direct,0.23987014800992035,0.17701330088485298,0.30848010312255336
4,bnci004,MMP_moe,logvar,svm_radial,coral,15,0,0,18942,0.05,no_leakage_v1_alpha005,gate_all_sources_proxy_source_only_final_training_only,mmd,,,,,moe,coral,near_nearest_proxy,anchor,1.0,2,2train,not_used,False,,0.0,direct,0.23987014800992035,0.17701330088485298,0.30848010312255336
4,bnci004,MMP_moe,logvar,svm_radial,coral,15,0,0,18942,0.05,no_leakage_v1_alpha005,gate_all_sources_proxy_source_only_final_training_only,mmd,,,,,moe,coral,near_nearest_proxy,final,1.0,2,2train,not_used,False,,0.0,direct,0.23987014800992035,0.17701330088485298,0.30848010312255336
4,bnci004,MMP_moe,logvar,svm_radial,coral,15,0,0,18942,0.05,no_leakage_v1_alpha005,gate_all_sources_proxy_source_only_final_training_only,mmd,,,,,moe,coral,near_nearest_proxy,main,2.0,3,3test,near,False,0.3725838391850499,0.0,direct,0.11990949002315571,0.09086259058325531,0.15713356688059532
4,bnci004,MMP_moe,logvar,svm_radial,coral,15,0,0,18942,0.05,no_leakage_v1_alpha005,gate_all_sources_proxy_source_only_final_training_only,mmd,,,,,moe,coral,near_nearest_proxy,anchor,2.0,3,3test,proxy_source,False,1.0,0.0,direct,0.11990949002315571,0.09086259058325531,0.15713356688059532
4,bnci004,MMP_moe,logvar,svm_radial,coral,15,0,0,18942,0.05,no_leakage_v1_alpha005,gate_all_sources_proxy_source_only_final_training_only,mmd,,,,,moe,coral,near_nearest_proxy,final,2.0,3,3test,train,False,0.3725838391850499,0.0,direct,0.11990949002315571,0.09086259058325531,0.15713356688059532
4,bnci004,MMP_moe,logvar,svm_radial,coral,15,0,0,18942,0.05,no_leakage_v1_alpha005,gate_all_sources_proxy_source_only_final_training_only,mmd,,,,,moe,coral,near_nearest_proxy,main,3.0,4,4test,far,False,,0.0,direct,0.44669701616655305,0.368467587108133,0.5207277129889669
4,bnci004,MMP_moe,logvar,svm_radial,coral,15,0,0,18942,0.05,no_leakage_v1_alpha005,gate_all_sources_proxy_source_only_final_training_only,mmd,,,,,moe,coral,near_nearest_proxy,anchor,3.0,4,4test,not_used,False,,0.0,direct,0.44669701616655305,0.368467587108133,0.5207277129889669
4,bnci004,MMP_moe,logvar,svm_radial,coral,15,0,0,18942,0.05,no_leakage_v1_alpha005,gate_all_sources_proxy_source_only_final_training_only,mmd,,,,,moe,coral,near_nearest_proxy,final,3.0,4,4test,not_used,False,,0.0,direct,0.44669701616655305,0.368467587108133,0.5207277129889669
4,bnci004,MMP_moe,logvar,svm_radial,coral,15,0,0,18942,0.05,no_leakage_v1_alpha005,gate_all_sources_proxy_source_only_final_training_only,mmd,,,,,moe,coral,near_nearest_proxy,main,,0,0train,target,False,,,,,,
4,bnci004,MMP_moe,logvar,svm_radial,coral,15,0,0,18942,0.05,no_leakage_v1_alpha005,gate_all_sources_proxy_source_only_final_training_only,mmd,,,,,moe,coral,near_nearest_proxy,final,,0,0train,target,False,,,,,,
4,bnci004,MMP_moe,logvar,svm_radial,coral,15,1,1,18973,0.05,no_leakage_v1_alpha005,gate_all_sources_proxy_source_only_final_training_only,mmd,,,,,moe,coral,near_nearest_proxy,main,0.0,0,0train,nearest,True,0.4382882796722501,1.0,direct,0.06914668066870572,0.03620915333910047,0.1204281415476383
4,bnci004,MMP_moe,logvar,svm_radial,coral,15,1,1,18973,0.05,no_leakage_v1_alpha005,gate_all_sources_proxy_source_only_final_training_only,mmd,,,,,moe,coral,near_nearest_proxy,anchor,0.0,0,0train,target,False,,1.0,direct,0.06914668066870572,0.03620915333910047,0.1204281415476383
4,bnci004,MMP_moe,logvar,svm_radial,coral,15,1,1,18973,0.05,no_leakage_v1_alpha005,gate_all_sources_proxy_source_only_final_training_only,mmd,,,,,moe,coral,near_nearest_proxy,final,0.0,0,0train,train,True,0.4382882796722501,1.0,direct,0.06914668066870572,0.03620915333910047,0.1204281415476383
4,bnci004,MMP_moe,logvar,svm_radial,coral,15,1,1,18973,0.05,no_leakage_v1_alpha005,gate_all_sources_proxy_source_only_final_training_only,mmd,,,,,moe,coral,near_nearest_proxy,main,1.0,2,2train,near,False,0.35036273163269416,1.0,direct,0.08649968990609808,0.05555495248481507,0.1342901930632571
4,bnci004,MMP_moe,logvar,svm_radial,coral,15,1,1,18973,0.05,no_leakage_v1_alpha005,gate_all_sources_proxy_source_only_final_training_only,mmd,,,,,moe,coral,near_nearest_proxy,anchor,1.0,2,2train,proxy_source,False,0.6237411806687299,1.0,direct,0.08649968990609808,0.05555495248481507,0.1342901930632571
4,bnci004,MMP_moe,logvar,svm_radial,coral,15,1,1,18973,0.05,no_leakage_v1_alpha005,gate_all_sources_proxy_source_only_final_training_only,mmd,,,,,moe,coral,near_nearest_proxy,final,1.0,2,2train,train,False,0.35036273163269416,1.0,direct,0.08649968990609808,0.05555495248481507,0.1342901930632571
4,bnci004,MMP_moe,logvar,svm_radial,coral,15,1,1,18973,0.05,no_leakage_v1_alpha005,gate_all_sources_proxy_source_only_final_training_only,mmd,,,,,moe,coral,near_nearest_proxy,main,2.0,3,3test,near,False,0.21134898869505583,1.0,direct,0.1433950871577244,0.10595967290176082,0.18802627044889683
4,bnci004,MMP_moe,logvar,svm_radial,coral,15,1,1,18973,0.05,no_leakage_v1_alpha005,gate_all_sources_proxy_source_only_final_training_only,mmd,,,,,moe,coral,near_nearest_proxy,anchor,2.0,3,3test,proxy_source,False,0.37625881933127014,1.0,direct,0.1433950871577244,0.10595967290176082,0.18802627044889683
4,bnci004,MMP_moe,logvar,svm_radial,coral,15,1,1,18973,0.05,no_leakage_v1_alpha005,gate_all_sources_proxy_source_only_final_training_only,mmd,,,,,moe,coral,near_nearest_proxy,final,2.0,3,3test,train,False,0.21134898869505583,1.0,direct,0.1433950871577244,0.10595967290176082,0.18802627044889683
4,bnci004,MMP_moe,logvar,svm_radial,coral,15,1,1,18973,0.05,no_leakage_v1_alpha005,gate_all_sources_proxy_source_only_final_training_only,mmd,,,,,moe,coral,near_nearest_proxy,main,3.0,4,4test,far,False,,1.0,direct,0.22122884219243868,0.15637431649502245,0.2915769104739388
4,bnci004,MMP_moe,logvar,svm_radial,coral,15,1,1,18973,0.05,no_leakage_v1_alpha005,gate_all_sources_proxy_source_only_final_training_only,mmd,,,,,moe,coral,near_nearest_proxy,anchor,3.0,4,4test,not_used,False,,1.0,direct,0.22122884219243868,0.15637431649502245,0.2915769104739388
4,bnci004,MMP_moe,logvar,svm_radial,coral,15,1,1,18973,0.05,no_leakage_v1_alpha005,gate_all_sources_proxy_source_only_final_training_only,mmd,,,,,moe,coral,near_nearest_proxy,final,3.0,4,4test,not_used,False,,1.0,direct,0.22122884219243868,0.15637431649502245,0.2915769104739388
4,bnci004,MMP_moe,logvar,svm_radial,coral,15,1,1,18973,0.05,no_leakage_v1_alpha005,gate_all_sources_proxy_source_only_final_training_only,mmd,,,,,moe,coral,near_nearest_proxy,main,,1,1train,target,False,,,,,,
4,bnci004,MMP_moe,logvar,svm_radial,coral,15,1,1,18973,0.05,no_leakage_v1_alpha005,gate_all_sources_proxy_source_only_final_training_only,mmd,,,,,moe,coral,near_nearest_proxy,final,,1,1train,target,False,,,,,,
4,bnci004,MMP_moe,logvar,svm_radial,coral,15,2,2,19004,0.05,no_leakage_v1_alpha005,gate_all_sources_proxy_source_only_final_training_only,mmd,,,,,moe,coral,near_nearest_proxy,main,0.0,0,0train,far,False,,2.0,direct,0.17560541951107086,0.1412443791776845,0.21556216040051968
4,bnci004,MMP_moe,logvar,svm_radial,coral,15,2,2,19004,0.05,no_leakage_v1_alpha005,gate_all_sources_proxy_source_only_final_training_only,mmd,,,,,moe,coral,near_nearest_proxy,anchor,0.0,0,0train,not_used,False,,2.0,direct,0.17560541951107086,0.1412443791776845,0.21556216040051968
4,bnci004,MMP_moe,logvar,svm_radial,coral,15,2,2,19004,0.05,no_leakage_v1_alpha005,gate_all_sources_proxy_source_only_final_training_only,mmd,,,,,moe,coral,near_nearest_proxy,final,0.0,0,0train,not_used,False,,2.0,direct,0.17560541951107086,0.1412443791776845,0.21556216040051968
4,bnci004,MMP_moe,logvar,svm_radial,coral,15,2,2,19004,0.05,no_leakage_v1_alpha005,gate_all_sources_proxy_source_only_final_training_only,mmd,,,,,moe,coral,near_nearest_proxy,main,1.0,1,1train,nearest,True,0.576138417233049,2.0,direct,0.07544366381596034,0.050842589182953334,0.1037080570239612
4,bnci004,MMP_moe,logvar,svm_radial,coral,15,2,2,19004,0.05,no_leakage_v1_alpha005,gate_all_sources_proxy_source_only_final_training_only,mmd,,,,,moe,coral,near_nearest_proxy,anchor,1.0,1,1train,target,False,,2.0,direct,0.07544366381596034,0.050842589182953334,0.1037080570239612
4,bnci004,MMP_moe,logvar,svm_radial,coral,15,2,2,19004,0.05,no_leakage_v1_alpha005,gate_all_sources_proxy_source_only_final_training_only,mmd,,,,,moe,coral,near_nearest_proxy,final,1.0,1,1train,train,True,0.576138417233049,2.0,direct,0.07544366381596034,0.050842589182953334,0.1037080570239612
4,bnci004,MMP_moe,logvar,svm_radial,coral,15,2,2,19004,0.05,no_leakage_v1_alpha005,gate_all_sources_proxy_source_only_final_training_only,mmd,,,,,moe,coral,near_nearest_proxy,main,2.0,3,3test,far,False,,2.0,direct,0.16871121913930806,0.12761956617325376,0.21630229749533586
4,bnci004,MMP_moe,logvar,svm_radial,coral,15,2,2,19004,0.05,no_leakage_v1_alpha005,gate_all_sources_proxy_source_only_final_training_only,mmd,,,,,moe,coral,near_nearest_proxy,anchor,2.0,3,3test,not_used,False,,2.0,direct,0.16871121913930806,0.12761956617325376,0.21630229749533586
4,bnci004,MMP_moe,logvar,svm_radial,coral,15,2,2,19004,0.05,no_leakage_v1_alpha005,gate_all_sources_proxy_source_only_final_training_only,mmd,,,,,moe,coral,near_nearest_proxy,final,2.0,3,3test,not_used,False,,2.0,direct,0.16871121913930806,0.12761956617325376,0.21630229749533586
4,bnci004,MMP_moe,logvar,svm_radial,coral,15,2,2,19004,0.05,no_leakage_v1_alpha005,gate_all_sources_proxy_source_only_final_training_only,mmd,,,,,moe,coral,near_nearest_proxy,main,3.0,4,4test,near,False,0.42386158276695096,2.0,direct,0.10254797109537246,0.06820707898905566,0.14827695045814965
4,bnci004,MMP_moe,logvar,svm_radial,coral,15,2,2,19004,0.05,no_leakage_v1_alpha005,gate_all_sources_proxy_source_only_final_training_only,mmd,,,,,moe,coral,near_nearest_proxy,anchor,3.0,4,4test,proxy_source,False,1.0,2.0,direct,0.10254797109537246,0.06820707898905566,0.14827695045814965
4,bnci004,MMP_moe,logvar,svm_radial,coral,15,2,2,19004,0.05,no_leakage_v1_alpha005,gate_all_sources_proxy_source_only_final_training_only,mmd,,,,,moe,coral,near_nearest_proxy,final,3.0,4,4test,train,False,0.42386158276695096,2.0,direct,0.10254797109537246,0.06820707898905566,0.14827695045814965
4,bnci004,MMP_moe,logvar,svm_radial,coral,15,2,2,19004,0.05,no_leakage_v1_alpha005,gate_all_sources_proxy_source_only_final_training_only,mmd,,,,,moe,coral,near_nearest_proxy,main,,2,2train,target,False,,,,,,
4,bnci004,MMP_moe,logvar,svm_radial,coral,15,2,2,19004,0.05,no_leakage_v1_alpha005,gate_all_sources_proxy_source_only_final_training_only,mmd,,,,,moe,coral,near_nearest_proxy,final,,2,2train,target,False,,,,,,
4,bnci004,MMP_moe,logvar,svm_radial,coral,15,3,3,19035,0.05,no_leakage_v1_alpha005,gate_all_sources_proxy_source_only_final_training_only,mmd,,,,,moe,coral,near_nearest_proxy,main,0.0,0,0train,nearest,True,0.5424987706446335,3.0,direct,0.11792382326870399,0.0916486166674828,0.1489330816918244
4,bnci004,MMP_moe,logvar,svm_radial,coral,15,3,3,19035,0.05,no_leakage_v1_alpha005,gate_all_sources_proxy_source_only_final_training_only,mmd,,,,,moe,coral,near_nearest_proxy,anchor,0.0,0,0train,target,False,,3.0,direct,0.11792382326870399,0.0916486166674828,0.1489330816918244
4,bnci004,MMP_moe,logvar,svm_radial,coral,15,3,3,19035,0.05,no_leakage_v1_alpha005,gate_all_sources_proxy_source_only_final_training_only,mmd,,,,,moe,coral,near_nearest_proxy,final,0.0,0,0train,train,True,0.5424987706446335,3.0,direct,0.11792382326870399,0.0916486166674828,0.1489330816918244
4,bnci004,MMP_moe,logvar,svm_radial,coral,15,3,3,19035,0.05,no_leakage_v1_alpha005,gate_all_sources_proxy_source_only_final_training_only,mmd,,,,,moe,coral,near_nearest_proxy,main,1.0,1,1train,near,False,0.4575012293553666,3.0,direct,0.13983266064807964,0.10377257569737859,0.182381051152644
4,bnci004,MMP_moe,logvar,svm_radial,coral,15,3,3,19035,0.05,no_leakage_v1_alpha005,gate_all_sources_proxy_source_only_final_training_only,mmd,,,,,moe,coral,near_nearest_proxy,anchor,1.0,1,1train,proxy_source,False,1.0,3.0,direct,0.13983266064807964,0.10377257569737859,0.182381051152644
4,bnci004,MMP_moe,logvar,svm_radial,coral,15,3,3,19035,0.05,no_leakage_v1_alpha005,gate_all_sources_proxy_source_only_final_training_only,mmd,,,,,moe,coral,near_nearest_proxy,final,1.0,1,1train,train,False,0.4575012293553666,3.0,direct,0.13983266064807964,0.10377257569737859,0.182381051152644
4,bnci004,MMP_moe,logvar,svm_radial,coral,15,3,3,19035,0.05,no_leakage_v1_alpha005,gate_all_sources_proxy_source_only_final_training_only,mmd,,,,,moe,coral,near_nearest_proxy,main,2.0,2,2train,far,False,,3.0,direct,0.2002274102568359,0.15281450618185546,0.24899138071585217
4,bnci004,MMP_moe,logvar,svm_radial,coral,15,3,3,19035,0.05,no_leakage_v1_alpha005,gate_all_sources_proxy_source_only_final_training_only,mmd,,,,,moe,coral,near_nearest_proxy,anchor,2.0,2,2train,not_used,False,,3.0,direct,0.2002274102568359,0.15281450618185546,0.24899138071585217
4,bnci004,MMP_moe,logvar,svm_radial,coral,15,3,3,19035,0.05,no_leakage_v1_alpha005,gate_all_sources_proxy_source_only_final_training_only,mmd,,,,,moe,coral,near_nearest_proxy,final,2.0,2,2train,not_used,False,,3.0,direct,0.2002274102568359,0.15281450618185546,0.24899138071585217
4,bnci004,MMP_moe,logvar,svm_radial,coral,15,3,3,19035,0.05,no_leakage_v1_alpha005,gate_all_sources_proxy_source_only_final_training_only,mmd,,,,,moe,coral,near_nearest_proxy,main,3.0,4,4test,far,False,,3.0,direct,0.41710812464808156,0.3577503596045093,0.4844568327596598
4,bnci004,MMP_moe,logvar,svm_radial,coral,15,3,3,19035,0.05,no_leakage_v1_alpha005,gate_all_sources_proxy_source_only_final_training_only,mmd,,,,,moe,coral,near_nearest_proxy,anchor,3.0,4,4test,not_used,False,,3.0,direct,0.41710812464808156,0.3577503596045093,0.4844568327596598
4,bnci004,MMP_moe,logvar,svm_radial,coral,15,3,3,19035,0.05,no_leakage_v1_alpha005,gate_all_sources_proxy_source_only_final_training_only,mmd,,,,,moe,coral,near_nearest_proxy,final,3.0,4,4test,not_used,False,,3.0,direct,0.41710812464808156,0.3577503596045093,0.4844568327596598
4,bnci004,MMP_moe,logvar,svm_radial,coral,15,3,3,19035,0.05,no_leakage_v1_alpha005,gate_all_sources_proxy_source_only_final_training_only,mmd,,,,,moe,coral,near_nearest_proxy,main,,3,3test,target,False,,,,,,
4,bnci004,MMP_moe,logvar,svm_radial,coral,15,3,3,19035,0.05,no_leakage_v1_alpha005,gate_all_sources_proxy_source_only_final_training_only,mmd,,,,,moe,coral,near_nearest_proxy,final,,3,3test,target,False,,,,,,
4,bnci004,MMP_moe,logvar,svm_radial,coral,15,4,4,19066,0.05,no_leakage_v1_alpha005,gate_all_sources_proxy_source_only_final_training_only,mmd,,,,,moe,coral,near_nearest_proxy,main,0.0,0,0train,far,False,,4.0,direct,0.2599675657952807,0.21387232243539256,0.32535657464783546
4,bnci004,MMP_moe,logvar,svm_radial,coral,15,4,4,19066,0.05,no_leakage_v1_alpha005,gate_all_sources_proxy_source_only_final_training_only,mmd,,,,,moe,coral,near_nearest_proxy,anchor,0.0,0,0train,not_used,False,,4.0,direct,0.2599675657952807,0.21387232243539256,0.32535657464783546
4,bnci004,MMP_moe,logvar,svm_radial,coral,15,4,4,19066,0.05,no_leakage_v1_alpha005,gate_all_sources_proxy_source_only_final_training_only,mmd,,,,,moe,coral,near_nearest_proxy,final,0.0,0,0train,not_used,False,,4.0,direct,0.2599675657952807,0.21387232243539256,0.32535657464783546
4,bnci004,MMP_moe,logvar,svm_radial,coral,15,4,4,19066,0.05,no_leakage_v1_alpha005,gate_all_sources_proxy_source_only_final_training_only,mmd,,,,,moe,coral,near_nearest_proxy,main,1.0,1,1train,near,False,0.3970358377992181,4.0,direct,0.1397187225567456,0.10401750918678179,0.18384851537109856
4,bnci004,MMP_moe,logvar,svm_radial,coral,15,4,4,19066,0.05,no_leakage_v1_alpha005,gate_all_sources_proxy_source_only_final_training_only,mmd,,,,,moe,coral,near_nearest_proxy,anchor,1.0,1,1train,proxy_source,False,1.0,4.0,direct,0.1397187225567456,0.10401750918678179,0.18384851537109856
4,bnci004,MMP_moe,logvar,svm_radial,coral,15,4,4,19066,0.05,no_leakage_v1_alpha005,gate_all_sources_proxy_source_only_final_training_only,mmd,,,,,moe,coral,near_nearest_proxy,final,1.0,1,1train,train,False,0.3970358377992181,4.0,direct,0.1397187225567456,0.10401750918678179,0.18384851537109856
4,bnci004,MMP_moe,logvar,svm_radial,coral,15,4,4,19066,0.05,no_leakage_v1_alpha005,gate_all_sources_proxy_source_only_final_training_only,mmd,,,,,moe,coral,near_nearest_proxy,main,2.0,2,2train,nearest,True,0.602964162200782,4.0,direct,0.09200071515984647,0.05920669591202071,0.13577759336571765
4,bnci004,MMP_moe,logvar,svm_radial,coral,15,4,4,19066,0.05,no_leakage_v1_alpha005,gate_all_sources_proxy_source_only_final_training_only,mmd,,,,,moe,coral,near_nearest_proxy,anchor,2.0,2,2train,target,False,,4.0,direct,0.09200071515984647,0.05920669591202071,0.13577759336571765
4,bnci004,MMP_moe,logvar,svm_radial,coral,15,4,4,19066,0.05,no_leakage_v1_alpha005,gate_all_sources_proxy_source_only_final_training_only,mmd,,,,,moe,coral,near_nearest_proxy,final,2.0,2,2train,train,True,0.602964162200782,4.0,direct,0.09200071515984647,0.05920669591202071,0.13577759336571765
4,bnci004,MMP_moe,logvar,svm_radial,coral,15,4,4,19066,0.05,no_leakage_v1_alpha005,gate_all_sources_proxy_source_only_final_training_only,mmd,,,,,moe,coral,near_nearest_proxy,main,3.0,3,3test,far,False,,4.0,direct,0.27472017348337086,0.2301479734591775,0.325321529025878
4,bnci004,MMP_moe,logvar,svm_radial,coral,15,4,4,19066,0.05,no_leakage_v1_alpha005,gate_all_sources_proxy_source_only_final_training_only,mmd,,,,,moe,coral,near_nearest_proxy,anchor,3.0,3,3test,not_used,False,,4.0,direct,0.27472017348337086,0.2301479734591775,0.325321529025878
4,bnci004,MMP_moe,logvar,svm_radial,coral,15,4,4,19066,0.05,no_leakage_v1_alpha005,gate_all_sources_proxy_source_only_final_training_only,mmd,,,,,moe,coral,near_nearest_proxy,final,3.0,3,3test,not_used,False,,4.0,direct,0.27472017348337086,0.2301479734591775,0.325321529025878
4,bnci004,MMP_moe,logvar,svm_radial,coral,15,4,4,19066,0.05,no_leakage_v1_alpha005,gate_all_sources_proxy_source_only_final_training_only,mmd,,,,,moe,coral,near_nearest_proxy,main,,4,4test,target,False,,,,,,
4,bnci004,MMP_moe,logvar,svm_radial,coral,15,4,4,19066,0.05,no_leakage_v1_alpha005,gate_all_sources_proxy_source_only_final_training_only,mmd,,,,,moe,coral,near_nearest_proxy,final,,4,4test,target,False,,,,,,
4,bnci004,MMP_moe,TS,lda,none,16,0,0,19939,0.05,no_leakage_v1_alpha005,gate_all_sources_proxy_source_only_final_training_only,mmd,,,,,moe,coral,near_nearest_proxy,main,0.0,1,1train,nearest,True,0.5989166187608145,0.0,direct,0.059508113363700404,0.035419329283080676,0.092940658942119
4,bnci004,MMP_moe,TS,lda,none,16,0,0,19939,0.05,no_leakage_v1_alpha005,gate_all_sources_proxy_source_only_final_training_only,mmd,,,,,moe,coral,near_nearest_proxy,anchor,0.0,1,1train,target,False,,0.0,direct,0.059508113363700404,0.035419329283080676,0.092940658942119
4,bnci004,MMP_moe,TS,lda,none,16,0,0,19939,0.05,no_leakage_v1_alpha005,gate_all_sources_proxy_source_only_final_training_only,mmd,,,,,moe,coral,near_nearest_proxy,final,0.0,1,1train,train,True,0.5989166187608145,0.0,direct,0.059508113363700404,0.035419329283080676,0.092940658942119
4,bnci004,MMP_moe,TS,lda,none,16,0,0,19939,0.05,no_leakage_v1_alpha005,gate_all_sources_proxy_source_only_final_training_only,mmd,,,,,moe,coral,near_nearest_proxy,main,1.0,2,2train,far,False,,0.0,direct,0.17795286916241435,0.13045566903694772,0.23409932914673467
4,bnci004,MMP_moe,TS,lda,none,16,0,0,19939,0.05,no_leakage_v1_alpha005,gate_all_sources_proxy_source_only_final_training_only,mmd,,,,,moe,coral,near_nearest_proxy,anchor,1.0,2,2train,not_used,False,,0.0,direct,0.17795286916241435,0.13045566903694772,0.23409932914673467
4,bnci004,MMP_moe,TS,lda,none,16,0,0,19939,0.05,no_leakage_v1_alpha005,gate_all_sources_proxy_source_only_final_training_only,mmd,,,,,moe,coral,near_nearest_proxy,final,1.0,2,2train,not_used,False,,0.0,direct,0.17795286916241435,0.13045566903694772,0.23409932914673467
4,bnci004,MMP_moe,TS,lda,none,16,0,0,19939,0.05,no_leakage_v1_alpha005,gate_all_sources_proxy_source_only_final_training_only,mmd,,,,,moe,coral,near_nearest_proxy,main,2.0,3,3test,near,False,0.4010833812391856,0.0,direct,0.08886081434674548,0.06935403041933207,0.11725262443471973
4,bnci004,MMP_moe,TS,lda,none,16,0,0,19939,0.05,no_leakage_v1_alpha005,gate_all_sources_proxy_source_only_final_training_only,mmd,,,,,moe,coral,near_nearest_proxy,anchor,2.0,3,3test,proxy_source,False,1.0,0.0,direct,0.08886081434674548,0.06935403041933207,0.11725262443471973
4,bnci004,MMP_moe,TS,lda,none,16,0,0,19939,0.05,no_leakage_v1_alpha005,gate_all_sources_proxy_source_only_final_training_only,mmd,,,,,moe,coral,near_nearest_proxy,final,2.0,3,3test,train,False,0.4010833812391856,0.0,direct,0.08886081434674548,0.06935403041933207,0.11725262443471973
4,bnci004,MMP_moe,TS,lda,none,16,0,0,19939,0.05,no_leakage_v1_alpha005,gate_all_sources_proxy_source_only_final_training_only,mmd,,,,,moe,coral,near_nearest_proxy,main,3.0,4,4test,far,False,,0.0,direct,0.3445599472846952,0.2774082289167137,0.42088697766763294
4,bnci004,MMP_moe,TS,lda,none,16,0,0,19939,0.05,no_leakage_v1_alpha005,gate_all_sources_proxy_source_only_final_training_only,mmd,,,,,moe,coral,near_nearest_proxy,anchor,3.0,4,4test,not_used,False,,0.0,direct,0.3445599472846952,0.2774082289167137,0.42088697766763294
4,bnci004,MMP_moe,TS,lda,none,16,0,0,19939,0.05,no_leakage_v1_alpha005,gate_all_sources_proxy_source_only_final_training_only,mmd,,,,,moe,coral,near_nearest_proxy,final,3.0,4,4test,not_used,False,,0.0,direct,0.3445599472846952,0.2774082289167137,0.42088697766763294
4,bnci004,MMP_moe,TS,lda,none,16,0,0,19939,0.05,no_leakage_v1_alpha005,gate_all_sources_proxy_source_only_final_training_only,mmd,,,,,moe,coral,near_nearest_proxy,main,,0,0train,target,False,,,,,,
4,bnci004,MMP_moe,TS,lda,none,16,0,0,19939,0.05,no_leakage_v1_alpha005,gate_all_sources_proxy_source_only_final_training_only,mmd,,,,,moe,coral,near_nearest_proxy,final,,0,0train,target,False,,,,,,
4,bnci004,MMP_moe,TS,lda,none,16,1,1,19970,0.05,no_leakage_v1_alpha005,gate_all_sources_proxy_source_only_final_training_only,mmd,,,,,moe,coral,near_nearest_proxy,main,0.0,0,0train,nearest,True,0.5849494195232899,1.0,direct,0.05288252717935986,0.030196364097941953,0.08387081966752323
4,bnci004,MMP_moe,TS,lda,none,16,1,1,19970,0.05,no_leakage_v1_alpha005,gate_all_sources_proxy_source_only_final_training_only,mmd,,,,,moe,coral,near_nearest_proxy,anchor,0.0,0,0train,target,False,,1.0,direct,0.05288252717935986,0.030196364097941953,0.08387081966752323
4,bnci004,MMP_moe,TS,lda,none,16,1,1,19970,0.05,no_leakage_v1_alpha005,gate_all_sources_proxy_source_only_final_training_only,mmd,,,,,moe,coral,near_nearest_proxy,final,0.0,0,0train,train,True,0.5849494195232899,1.0,direct,0.05288252717935986,0.030196364097941953,0.08387081966752323
4,bnci004,MMP_moe,TS,lda,none,16,1,1,19970,0.05,no_leakage_v1_alpha005,gate_all_sources_proxy_source_only_final_training_only,mmd,,,,,moe,coral,near_nearest_proxy,main,1.0,2,2train,near,False,0.41505058047670995,1.0,direct,0.07453012941169952,0.04787005086128164,0.10788247212965349
4,bnci004,MMP_moe,TS,lda,none,16,1,1,19970,0.05,no_leakage_v1_alpha005,gate_all_sources_proxy_source_only_final_training_only,mmd,,,,,moe,coral,near_nearest_proxy,anchor,1.0,2,2train,proxy_source,False,1.0,1.0,direct,0.07453012941169952,0.04787005086128164,0.10788247212965349
4,bnci004,MMP_moe,TS,lda,none,16,1,1,19970,0.05,no_leakage_v1_alpha005,gate_all_sources_proxy_source_only_final_training_only,mmd,,,,,moe,coral,near_nearest_proxy,final,1.0,2,2train,train,False,0.41505058047670995,1.0,direct,0.07453012941169952,0.04787005086128164,0.10788247212965349
4,bnci004,MMP_moe,TS,lda,none,16,1,1,19970,0.05,no_leakage_v1_alpha005,gate_all_sources_proxy_source_only_final_training_only,mmd,,,,,moe,coral,near_nearest_proxy,main,2.0,3,3test,far,False,,1.0,direct,0.11508621021805115,0.08473005714856552,0.146541252627746
4,bnci004,MMP_moe,TS,lda,none,16,1,1,19970,0.05,no_leakage_v1_alpha005,gate_all_sources_proxy_source_only_final_training_only,mmd,,,,,moe,coral,near_nearest_proxy,anchor,2.0,3,3test,not_used,False,,1.0,direct,0.11508621021805115,0.08473005714856552,0.146541252627746
4,bnci004,MMP_moe,TS,lda,none,16,1,1,19970,0.05,no_leakage_v1_alpha005,gate_all_sources_proxy_source_only_final_training_only,mmd,,,,,moe,coral,near_nearest_proxy,final,2.0,3,3test,not_used,False,,1.0,direct,0.11508621021805115,0.08473005714856552,0.146541252627746
4,bnci004,MMP_moe,TS,lda,none,16,1,1,19970,0.05,no_leakage_v1_alpha005,gate_all_sources_proxy_source_only_final_training_only,mmd,,,,,moe,coral,near_nearest_proxy,main,3.0,4,4test,far,False,,1.0,direct,0.16350651135577754,0.11091485594555073,0.22815020128106886
4,bnci004,MMP_moe,TS,lda,none,16,1,1,19970,0.05,no_leakage_v1_alpha005,gate_all_sources_proxy_source_only_final_training_only,mmd,,,,,moe,coral,near_nearest_proxy,anchor,3.0,4,4test,not_used,False,,1.0,direct,0.16350651135577754,0.11091485594555073,0.22815020128106886
4,bnci004,MMP_moe,TS,lda,none,16,1,1,19970,0.05,no_leakage_v1_alpha005,gate_all_sources_proxy_source_only_final_training_only,mmd,,,,,moe,coral,near_nearest_proxy,final,3.0,4,4test,not_used,False,,1.0,direct,0.16350651135577754,0.11091485594555073,0.22815020128106886
4,bnci004,MMP_moe,TS,lda,none,16,1,1,19970,0.05,no_leakage_v1_alpha005,gate_all_sources_proxy_source_only_final_training_only,mmd,,,,,moe,coral,near_nearest_proxy,main,,1,1train,target,False,,,,,,
4,bnci004,MMP_moe,TS,lda,none,16,1,1,19970,0.05,no_leakage_v1_alpha005,gate_all_sources_proxy_source_only_final_training_only,mmd,,,,,moe,coral,near_nearest_proxy,final,,1,1train,target,False,,,,,,
4,bnci004,MMP_moe,TS,lda,none,16,2,2,20001,0.05,no_leakage_v1_alpha005,gate_all_sources_proxy_source_only_final_training_only,mmd,,,,,moe,coral,near_nearest_proxy,main,0.0,0,0train,far,False,,2.0,direct,0.09875991933225173,0.07466367990346764,0.124020372152311
4,bnci004,MMP_moe,TS,lda,none,16,2,2,20001,0.05,no_leakage_v1_alpha005,gate_all_sources_proxy_source_only_final_training_only,mmd,,,,,moe,coral,near_nearest_proxy,anchor,0.0,0,0train,not_used,False,,2.0,direct,0.09875991933225173,0.07466367990346764,0.124020372152311
4,bnci004,MMP_moe,TS,lda,none,16,2,2,20001,0.05,no_leakage_v1_alpha005,gate_all_sources_proxy_source_only_final_training_only,mmd,,,,,moe,coral,near_nearest_proxy,final,0.0,0,0train,not_used,False,,2.0,direct,0.09875991933225173,0.07466367990346764,0.124020372152311
4,bnci004,MMP_moe,TS,lda,none,16,2,2,20001,0.05,no_leakage_v1_alpha005,gate_all_sources_proxy_source_only_final_training_only,mmd,,,,,moe,coral,near_nearest_proxy,main,1.0,1,1train,nearest,True,0.5697687091994287,2.0,direct,0.05655429081404548,0.04206248136482609,0.0707004223412801
4,bnci004,MMP_moe,TS,lda,none,16,2,2,20001,0.05,no_leakage_v1_alpha005,gate_all_sources_proxy_source_only_final_training_only,mmd,,,,,moe,coral,near_nearest_proxy,anchor,1.0,1,1train,target,False,,2.0,direct,0.05655429081404548,0.04206248136482609,0.0707004223412801
4,bnci004,MMP_moe,TS,lda,none,16,2,2,20001,0.05,no_leakage_v1_alpha005,gate_all_sources_proxy_source_only_final_training_only,mmd,,,,,moe,coral,near_nearest_proxy,final,1.0,1,1train,train,True,0.5697687091994287,2.0,direct,0.05655429081404548,0.04206248136482609,0.0707004223412801
4,bnci004,MMP_moe,TS,lda,none,16,2,2,20001,0.05,no_leakage_v1_alpha005,gate_all_sources_proxy_source_only_final_training_only,mmd,,,,,moe,coral,near_nearest_proxy,main,2.0,3,3test,far,False,,2.0,direct,0.10060778805272202,0.07495622759701259,0.12764217400486721
4,bnci004,MMP_moe,TS,lda,none,16,2,2,20001,0.05,no_leakage_v1_alpha005,gate_all_sources_proxy_source_only_final_training_only,mmd,,,,,moe,coral,near_nearest_proxy,anchor,2.0,3,3test,not_used,False,,2.0,direct,0.10060778805272202,0.07495622759701259,0.12764217400486721
4,bnci004,MMP_moe,TS,lda,none,16,2,2,20001,0.05,no_leakage_v1_alpha005,gate_all_sources_proxy_source_only_final_training_only,mmd,,,,,moe,coral,near_nearest_proxy,final,2.0,3,3test,not_used,False,,2.0,direct,0.10060778805272202,0.07495622759701259,0.12764217400486721
4,bnci004,MMP_moe,TS,lda,none,16,2,2,20001,0.05,no_leakage_v1_alpha005,gate_all_sources_proxy_source_only_final_training_only,mmd,,,,,moe,coral,near_nearest_proxy,main,3.0,4,4test,near,False,0.4302312908005713,2.0,direct,0.07489693451693358,0.04696553807781832,0.10570024329719332
4,bnci004,MMP_moe,TS,lda,none,16,2,2,20001,0.05,no_leakage_v1_alpha005,gate_all_sources_proxy_source_only_final_training_only,mmd,,,,,moe,coral,near_nearest_proxy,anchor,3.0,4,4test,proxy_source,False,1.0,2.0,direct,0.07489693451693358,0.04696553807781832,0.10570024329719332
4,bnci004,MMP_moe,TS,lda,none,16,2,2,20001,0.05,no_leakage_v1_alpha005,gate_all_sources_proxy_source_only_final_training_only,mmd,,,,,moe,coral,near_nearest_proxy,final,3.0,4,4test,train,False,0.4302312908005713,2.0,direct,0.07489693451693358,0.04696553807781832,0.10570024329719332
4,bnci004,MMP_moe,TS,lda,none,16,2,2,20001,0.05,no_leakage_v1_alpha005,gate_all_sources_proxy_source_only_final_training_only,mmd,,,,,moe,coral,near_nearest_proxy,main,,2,2train,target,False,,,,,,
4,bnci004,MMP_moe,TS,lda,none,16,2,2,20001,0.05,no_leakage_v1_alpha005,gate_all_sources_proxy_source_only_final_training_only,mmd,,,,,moe,coral,near_nearest_proxy,final,,2,2train,target,False,,,,,,
4,bnci004,MMP_moe,TS,lda,none,16,3,3,20032,0.05,no_leakage_v1_alpha005,gate_all_sources_proxy_source_only_final_training_only,mmd,,,,,moe,coral,near_nearest_proxy,main,0.0,0,0train,nearest,True,0.5728675936823913,3.0,direct,0.07080690111449636,0.05619713446791882,0.08834128239385235
4,bnci004,MMP_moe,TS,lda,none,16,3,3,20032,0.05,no_leakage_v1_alpha005,gate_all_sources_proxy_source_only_final_training_only,mmd,,,,,moe,coral,near_nearest_proxy,anchor,0.0,0,0train,target,False,,3.0,direct,0.07080690111449636,0.05619713446791882,0.08834128239385235
4,bnci004,MMP_moe,TS,lda,none,16,3,3,20032,0.05,no_leakage_v1_alpha005,gate_all_sources_proxy_source_only_final_training_only,mmd,,,,,moe,coral,near_nearest_proxy,final,0.0,0,0train,train,True,0.5728675936823913,3.0,direct,0.07080690111449636,0.05619713446791882,0.08834128239385235
4,bnci004,MMP_moe,TS,lda,none,16,3,3,20032,0.05,no_leakage_v1_alpha005,gate_all_sources_proxy_source_only_final_training_only,mmd,,,,,moe,coral,near_nearest_proxy,main,1.0,1,1train,near,False,0.4271324063176088,3.0,direct,0.09496616082694001,0.07297413519496383,0.12244322882687571
4,bnci004,MMP_moe,TS,lda,none,16,3,3,20032,0.05,no_leakage_v1_alpha005,gate_all_sources_proxy_source_only_final_training_only,mmd,,,,,moe,coral,near_nearest_proxy,anchor,1.0,1,1train,proxy_source,False,1.0,3.0,direct,0.09496616082694001,0.07297413519496383,0.12244322882687571
4,bnci004,MMP_moe,TS,lda,none,16,3,3,20032,0.05,no_leakage_v1_alpha005,gate_all_sources_proxy_source_only_final_training_only,mmd,,,,,moe,coral,near_nearest_proxy,final,1.0,1,1train,train,False,0.4271324063176088,3.0,direct,0.09496616082694001,0.07297413519496383,0.12244322882687571
4,bnci004,MMP_moe,TS,lda,none,16,3,3,20032,0.05,no_leakage_v1_alpha005,gate_all_sources_proxy_source_only_final_training_only,mmd,,,,,moe,coral,near_nearest_proxy,main,2.0,2,2train,far,False,,3.0,direct,0.1282997194314953,0.09421043891645353,0.16522333614512277
4,bnci004,MMP_moe,TS,lda,none,16,3,3,20032,0.05,no_leakage_v1_alpha005,gate_all_sources_proxy_source_only_final_training_only,mmd,,,,,moe,coral,near_nearest_proxy,anchor,2.0,2,2train,not_used,False,,3.0,direct,0.1282997194314953,0.09421043891645353,0.16522333614512277
4,bnci004,MMP_moe,TS,lda,none,16,3,3,20032,0.05,no_leakage_v1_alpha005,gate_all_sources_proxy_source_only_final_training_only,mmd,,,,,moe,coral,near_nearest_proxy,final,2.0,2,2train,not_used,False,,3.0,direct,0.1282997194314953,0.09421043891645353,0.16522333614512277
4,bnci004,MMP_moe,TS,lda,none,16,3,3,20032,0.05,no_leakage_v1_alpha005,gate_all_sources_proxy_source_only_final_training_only,mmd,,,,,moe,coral,near_nearest_proxy,main,3.0,4,4test,far,False,,3.0,direct,0.269773567179745,0.2255373436812292,0.31633407392127477
4,bnci004,MMP_moe,TS,lda,none,16,3,3,20032,0.05,no_leakage_v1_alpha005,gate_all_sources_proxy_source_only_final_training_only,mmd,,,,,moe,coral,near_nearest_proxy,anchor,3.0,4,4test,not_used,False,,3.0,direct,0.269773567179745,0.2255373436812292,0.31633407392127477
4,bnci004,MMP_moe,TS,lda,none,16,3,3,20032,0.05,no_leakage_v1_alpha005,gate_all_sources_proxy_source_only_final_training_only,mmd,,,,,moe,coral,near_nearest_proxy,final,3.0,4,4test,not_used,False,,3.0,direct,0.269773567179745,0.2255373436812292,0.31633407392127477
4,bnci004,MMP_moe,TS,lda,none,16,3,3,20032,0.05,no_leakage_v1_alpha005,gate_all_sources_proxy_source_only_final_training_only,mmd,,,,,moe,coral,near_nearest_proxy,main,,3,3test,target,False,,,,,,
4,bnci004,MMP_moe,TS,lda,none,16,3,3,20032,0.05,no_leakage_v1_alpha005,gate_all_sources_proxy_source_only_final_training_only,mmd,,,,,moe,coral,near_nearest_proxy,final,,3,3test,target,False,,,,,,
4,bnci004,MMP_moe,TS,lda,none,16,4,4,20063,0.05,no_leakage_v1_alpha005,gate_all_sources_proxy_source_only_final_training_only,mmd,,,,,moe,coral,near_nearest_proxy,main,0.0,0,0train,far,False,,4.0,direct,0.14557959752481142,0.11564657663524375,0.18005231683078496
4,bnci004,MMP_moe,TS,lda,none,16,4,4,20063,0.05,no_leakage_v1_alpha005,gate_all_sources_proxy_source_only_final_training_only,mmd,,,,,moe,coral,near_nearest_proxy,anchor,0.0,0,0train,not_used,False,,4.0,direct,0.14557959752481142,0.11564657663524375,0.18005231683078496
4,bnci004,MMP_moe,TS,lda,none,16,4,4,20063,0.05,no_leakage_v1_alpha005,gate_all_sources_proxy_source_only_final_training_only,mmd,,,,,moe,coral,near_nearest_proxy,final,0.0,0,0train,not_used,False,,4.0,direct,0.14557959752481142,0.11564657663524375,0.18005231683078496
4,bnci004,MMP_moe,TS,lda,none,16,4,4,20063,0.05,no_leakage_v1_alpha005,gate_all_sources_proxy_source_only_final_training_only,mmd,,,,,moe,coral,near_nearest_proxy,main,1.0,1,1train,near,False,0.42105679092096904,4.0,direct,0.09019428429667256,0.06459503072055685,0.11473575411513759
4,bnci004,MMP_moe,TS,lda,none,16,4,4,20063,0.05,no_leakage_v1_alpha005,gate_all_sources_proxy_source_only_final_training_only,mmd,,,,,moe,coral,near_nearest_proxy,anchor,1.0,1,1train,proxy_source,False,1.0,4.0,direct,0.09019428429667256,0.06459503072055685,0.11473575411513759
4,bnci004,MMP_moe,TS,lda,none,16,4,4,20063,0.05,no_leakage_v1_alpha005,gate_all_sources_proxy_source_only_final_training_only,mmd,,,,,moe,coral,near_nearest_proxy,final,1.0,1,1train,train,False,0.42105679092096904,4.0,direct,0.09019428429667256,0.06459503072055685,0.11473575411513759
4,bnci004,MMP_moe,TS,lda,none,16,4,4,20063,0.05,no_leakage_v1_alpha005,gate_all_sources_proxy_source_only_final_training_only,mmd,,,,,moe,coral,near_nearest_proxy,main,2.0,2,2train,nearest,True,0.5789432090790309,4.0,direct,0.06559668966385299,0.0443484877985218,0.08911141212425013
4,bnci004,MMP_moe,TS,lda,none,16,4,4,20063,0.05,no_leakage_v1_alpha005,gate_all_sources_proxy_source_only_final_training_only,mmd,,,,,moe,coral,near_nearest_proxy,anchor,2.0,2,2train,target,False,,4.0,direct,0.06559668966385299,0.0443484877985218,0.08911141212425013
4,bnci004,MMP_moe,TS,lda,none,16,4,4,20063,0.05,no_leakage_v1_alpha005,gate_all_sources_proxy_source_only_final_training_only,mmd,,,,,moe,coral,near_nearest_proxy,final,2.0,2,2train,train,True,0.5789432090790309,4.0,direct,0.06559668966385299,0.0443484877985218,0.08911141212425013
4,bnci004,MMP_moe,TS,lda,none,16,4,4,20063,0.05,no_leakage_v1_alpha005,gate_all_sources_proxy_source_only_final_training_only,mmd,,,,,moe,coral,near_nearest_proxy,main,3.0,3,3test,far,False,,4.0,direct,0.16112392598101707,0.13486912531185632,0.19238304190873565
4,bnci004,MMP_moe,TS,lda,none,16,4,4,20063,0.05,no_leakage_v1_alpha005,gate_all_sources_proxy_source_only_final_training_only,mmd,,,,,moe,coral,near_nearest_proxy,anchor,3.0,3,3test,not_used,False,,4.0,direct,0.16112392598101707,0.13486912531185632,0.19238304190873565
4,bnci004,MMP_moe,TS,lda,none,16,4,4,20063,0.05,no_leakage_v1_alpha005,gate_all_sources_proxy_source_only_final_training_only,mmd,,,,,moe,coral,near_nearest_proxy,final,3.0,3,3test,not_used,False,,4.0,direct,0.16112392598101707,0.13486912531185632,0.19238304190873565
4,bnci004,MMP_moe,TS,lda,none,16,4,4,20063,0.05,no_leakage_v1_alpha005,gate_all_sources_proxy_source_only_final_training_only,mmd,,,,,moe,coral,near_nearest_proxy,main,,4,4test,target,False,,,,,,
4,bnci004,MMP_moe,TS,lda,none,16,4,4,20063,0.05,no_leakage_v1_alpha005,gate_all_sources_proxy_source_only_final_training_only,mmd,,,,,moe,coral,near_nearest_proxy,final,,4,4test,target,False,,,,,,
4,bnci004,MMP_moe,TS,lda,sa,17,0,0,20936,0.05,no_leakage_v1_alpha005,gate_all_sources_proxy_source_only_final_training_only,mmd,,,,,moe,coral,near_nearest_proxy,main,0.0,1,1train,nearest,True,0.6016925761391645,0.0,direct,0.05884996809231682,0.03346230365832708,0.09163988914708768
4,bnci004,MMP_moe,TS,lda,sa,17,0,0,20936,0.05,no_leakage_v1_alpha005,gate_all_sources_proxy_source_only_final_training_only,mmd,,,,,moe,coral,near_nearest_proxy,anchor,0.0,1,1train,target,False,,0.0,direct,0.05884996809231682,0.03346230365832708,0.09163988914708768
4,bnci004,MMP_moe,TS,lda,sa,17,0,0,20936,0.05,no_leakage_v1_alpha005,gate_all_sources_proxy_source_only_final_training_only,mmd,,,,,moe,coral,near_nearest_proxy,final,0.0,1,1train,train,True,0.6016925761391645,0.0,direct,0.05884996809231682,0.03346230365832708,0.09163988914708768
4,bnci004,MMP_moe,TS,lda,sa,17,0,0,20936,0.05,no_leakage_v1_alpha005,gate_all_sources_proxy_source_only_final_training_only,mmd,,,,,moe,coral,near_nearest_proxy,main,1.0,2,2train,far,False,,0.0,direct,0.180602866775644,0.1297344234865757,0.23439316127142054
4,bnci004,MMP_moe,TS,lda,sa,17,0,0,20936,0.05,no_leakage_v1_alpha005,gate_all_sources_proxy_source_only_final_training_only,mmd,,,,,moe,coral,near_nearest_proxy,anchor,1.0,2,2train,not_used,False,,0.0,direct,0.180602866775644,0.1297344234865757,0.23439316127142054
4,bnci004,MMP_moe,TS,lda,sa,17,0,0,20936,0.05,no_leakage_v1_alpha005,gate_all_sources_proxy_source_only_final_training_only,mmd,,,,,moe,coral,near_nearest_proxy,final,1.0,2,2train,not_used,False,,0.0,direct,0.180602866775644,0.1297344234865757,0.23439316127142054
4,bnci004,MMP_moe,TS,lda,sa,17,0,0,20936,0.05,no_leakage_v1_alpha005,gate_all_sources_proxy_source_only_final_training_only,mmd,,,,,moe,coral,near_nearest_proxy,main,2.0,3,3test,near,False,0.3983074238608355,0.0,direct,0.0889006585644204,0.06566963736423576,0.11446002911601143
4,bnci004,MMP_moe,TS,lda,sa,17,0,0,20936,0.05,no_leakage_v1_alpha005,gate_all_sources_proxy_source_only_final_training_only,mmd,,,,,moe,coral,near_nearest_proxy,anchor,2.0,3,3test,proxy_source,False,1.0,0.0,direct,0.0889006585644204,0.06566963736423576,0.11446002911601143
4,bnci004,MMP_moe,TS,lda,sa,17,0,0,20936,0.05,no_leakage_v1_alpha005,gate_all_sources_proxy_source_only_final_training_only,mmd,,,,,moe,coral,near_nearest_proxy,final,2.0,3,3test,train,False,0.3983074238608355,0.0,direct,0.0889006585644204,0.06566963736423576,0.11446002911601143
4,bnci004,MMP_moe,TS,lda,sa,17,0,0,20936,0.05,no_leakage_v1_alpha005,gate_all_sources_proxy_source_only_final_training_only,mmd,,,,,moe,coral,near_nearest_proxy,main,3.0,4,4test,far,False,,0.0,direct,0.3527077647917713,0.2834024866234508,0.42834025921462104
4,bnci004,MMP_moe,TS,lda,sa,17,0,0,20936,0.05,no_leakage_v1_alpha005,gate_all_sources_proxy_source_only_final_training_only,mmd,,,,,moe,coral,near_nearest_proxy,anchor,3.0,4,4test,not_used,False,,0.0,direct,0.3527077647917713,0.2834024866234508,0.42834025921462104
4,bnci004,MMP_moe,TS,lda,sa,17,0,0,20936,0.05,no_leakage_v1_alpha005,gate_all_sources_proxy_source_only_final_training_only,mmd,,,,,moe,coral,near_nearest_proxy,final,3.0,4,4test,not_used,False,,0.0,direct,0.3527077647917713,0.2834024866234508,0.42834025921462104
4,bnci004,MMP_moe,TS,lda,sa,17,0,0,20936,0.05,no_leakage_v1_alpha005,gate_all_sources_proxy_source_only_final_training_only,mmd,,,,,moe,coral,near_nearest_proxy,main,,0,0train,target,False,,,,,,
4,bnci004,MMP_moe,TS,lda,sa,17,0,0,20936,0.05,no_leakage_v1_alpha005,gate_all_sources_proxy_source_only_final_training_only,mmd,,,,,moe,coral,near_nearest_proxy,final,,0,0train,target,False,,,,,,
4,bnci004,MMP_moe,TS,lda,sa,17,1,1,20967,0.05,no_leakage_v1_alpha005,gate_all_sources_proxy_source_only_final_training_only,mmd,,,,,moe,coral,near_nearest_proxy,main,0.0,0,0train,nearest,True,0.5786423646259523,1.0,direct,0.05211401841901757,0.02768661987307949,0.08202403683846596
4,bnci004,MMP_moe,TS,lda,sa,17,1,1,20967,0.05,no_leakage_v1_alpha005,gate_all_sources_proxy_source_only_final_training_only,mmd,,,,,moe,coral,near_nearest_proxy,anchor,0.0,0,0train,target,False,,1.0,direct,0.05211401841901757,0.02768661987307949,0.08202403683846596
4,bnci004,MMP_moe,TS,lda,sa,17,1,1,20967,0.05,no_leakage_v1_alpha005,gate_all_sources_proxy_source_only_final_training_only,mmd,,,,,moe,coral,near_nearest_proxy,final,0.0,0,0train,train,True,0.5786423646259523,1.0,direct,0.05211401841901757,0.02768661987307949,0.08202403683846596
4,bnci004,MMP_moe,TS,lda,sa,17,1,1,20967,0.05,no_leakage_v1_alpha005,gate_all_sources_proxy_source_only_final_training_only,mmd,,,,,moe,coral,near_nearest_proxy,main,1.0,2,2train,near,False,0.42135763537404775,1.0,direct,0.07156755592218075,0.050204883994134364,0.09876947178759145
4,bnci004,MMP_moe,TS,lda,sa,17,1,1,20967,0.05,no_leakage_v1_alpha005,gate_all_sources_proxy_source_only_final_training_only,mmd,,,,,moe,coral,near_nearest_proxy,anchor,1.0,2,2train,proxy_source,False,1.0,1.0,direct,0.07156755592218075,0.050204883994134364,0.09876947178759145
4,bnci004,MMP_moe,TS,lda,sa,17,1,1,20967,0.05,no_leakage_v1_alpha005,gate_all_sources_proxy_source_only_final_training_only,mmd,,,,,moe,coral,near_nearest_proxy,final,1.0,2,2train,train,False,0.42135763537404775,1.0,direct,0.07156755592218075,0.050204883994134364,0.09876947178759145
4,bnci004,MMP_moe,TS,lda,sa,17,1,1,20967,0.05,no_leakage_v1_alpha005,gate_all_sources_proxy_source_only_final_training_only,mmd,,,,,moe,coral,near_nearest_proxy,main,2.0,3,3test,far,False,,1.0,direct,0.11356570968876807,0.08840357873155155,0.14122838254083464
4,bnci004,MMP_moe,TS,lda,sa,17,1,1,20967,0.05,no_leakage_v1_alpha005,gate_all_sources_proxy_source_only_final_training_only,mmd,,,,,moe,coral,near_nearest_proxy,anchor,2.0,3,3test,not_used,False,,1.0,direct,0.11356570968876807,0.08840357873155155,0.14122838254083464
4,bnci004,MMP_moe,TS,lda,sa,17,1,1,20967,0.05,no_leakage_v1_alpha005,gate_all_sources_proxy_source_only_final_training_only,mmd,,,,,moe,coral,near_nearest_proxy,final,2.0,3,3test,not_used,False,,1.0,direct,0.11356570968876807,0.08840357873155155,0.14122838254083464
4,bnci004,MMP_moe,TS,lda,sa,17,1,1,20967,0.05,no_leakage_v1_alpha005,gate_all_sources_proxy_source_only_final_training_only,mmd,,,,,moe,coral,near_nearest_proxy,main,3.0,4,4test,far,False,,1.0,direct,0.16049331445610832,0.11184648083462656,0.21565227575996915
4,bnci004,MMP_moe,TS,lda,sa,17,1,1,20967,0.05,no_leakage_v1_alpha005,gate_all_sources_proxy_source_only_final_training_only,mmd,,,,,moe,coral,near_nearest_proxy,anchor,3.0,4,4test,not_used,False,,1.0,direct,0.16049331445610832,0.11184648083462656,0.21565227575996915
4,bnci004,MMP_moe,TS,lda,sa,17,1,1,20967,0.05,no_leakage_v1_alpha005,gate_all_sources_proxy_source_only_final_training_only,mmd,,,,,moe,coral,near_nearest_proxy,final,3.0,4,4test,not_used,False,,1.0,direct,0.16049331445610832,0.11184648083462656,0.21565227575996915
4,bnci004,MMP_moe,TS,lda,sa,17,1,1,20967,0.05,no_leakage_v1_alpha005,gate_all_sources_proxy_source_only_final_training_only,mmd,,,,,moe,coral,near_nearest_proxy,main,,1,1train,target,False,,,,,,
4,bnci004,MMP_moe,TS,lda,sa,17,1,1,20967,0.05,no_leakage_v1_alpha005,gate_all_sources_proxy_source_only_final_training_only,mmd,,,,,moe,coral,near_nearest_proxy,final,,1,1train,target,False,,,,,,
4,bnci004,MMP_moe,TS,lda,sa,17,2,2,20998,0.05,no_leakage_v1_alpha005,gate_all_sources_proxy_source_only_final_training_only,mmd,,,,,moe,coral,near_nearest_proxy,main,0.0,0,0train,near,False,0.20076051828323108,2.0,direct,0.097913740370578,0.07707025051864701,0.1228346188192114
4,bnci004,MMP_moe,TS,lda,sa,17,2,2,20998,0.05,no_leakage_v1_alpha005,gate_all_sources_proxy_source_only_final_training_only,mmd,,,,,moe,coral,near_nearest_proxy,anchor,0.0,0,0train,proxy_source,False,0.30361318089632255,2.0,direct,0.097913740370578,0.07707025051864701,0.1228346188192114
4,bnci004,MMP_moe,TS,lda,sa,17,2,2,20998,0.05,no_leakage_v1_alpha005,gate_all_sources_proxy_source_only_final_training_only,mmd,,,,,moe,coral,near_nearest_proxy,final,0.0,0,0train,train,False,0.20076051828323108,2.0,direct,0.097913740370578,0.07707025051864701,0.1228346188192114
4,bnci004,MMP_moe,TS,lda,sa,17,2,2,20998,0.05,no_leakage_v1_alpha005,gate_all_sources_proxy_source_only_final_training_only,mmd,,,,,moe,coral,near_nearest_proxy,main,1.0,1,1train,nearest,True,0.3387621786032191,2.0,direct,0.05802618032283446,0.04279610770265083,0.07753311918723443
4,bnci004,MMP_moe,TS,lda,sa,17,2,2,20998,0.05,no_leakage_v1_alpha005,gate_all_sources_proxy_source_only_final_training_only,mmd,,,,,moe,coral,near_nearest_proxy,anchor,1.0,1,1train,target,False,,2.0,direct,0.05802618032283446,0.04279610770265083,0.07753311918723443
4,bnci004,MMP_moe,TS,lda,sa,17,2,2,20998,0.05,no_leakage_v1_alpha005,gate_all_sources_proxy_source_only_final_training_only,mmd,,,,,moe,coral,near_nearest_proxy,final,1.0,1,1train,train,True,0.3387621786032191,2.0,direct,0.05802618032283446,0.04279610770265083,0.07753311918723443
4,bnci004,MMP_moe,TS,lda,sa,17,2,2,20998,0.05,no_leakage_v1_alpha005,gate_all_sources_proxy_source_only_final_training_only,mmd,,,,,moe,coral,near_nearest_proxy,main,2.0,3,3test,near,False,0.1973121921925586,2.0,direct,0.09962494711421285,0.07538119724198483,0.12868823653655792
4,bnci004,MMP_moe,TS,lda,sa,17,2,2,20998,0.05,no_leakage_v1_alpha005,gate_all_sources_proxy_source_only_final_training_only,mmd,,,,,moe,coral,near_nearest_proxy,anchor,2.0,3,3test,proxy_source,False,0.2983982249771522,2.0,direct,0.09962494711421285,0.07538119724198483,0.12868823653655792
4,bnci004,MMP_moe,TS,lda,sa,17,2,2,20998,0.05,no_leakage_v1_alpha005,gate_all_sources_proxy_source_only_final_training_only,mmd,,,,,moe,coral,near_nearest_proxy,final,2.0,3,3test,train,False,0.1973121921925586,2.0,direct,0.09962494711421285,0.07538119724198483,0.12868823653655792
4,bnci004,MMP_moe,TS,lda,sa,17,2,2,20998,0.05,no_leakage_v1_alpha005,gate_all_sources_proxy_source_only_final_training_only,mmd,,,,,moe,coral,near_nearest_proxy,main,3.0,4,4test,near,False,0.26316511092099115,2.0,direct,0.07469512501281335,0.047210941300882034,0.10615999911771158
4,bnci004,MMP_moe,TS,lda,sa,17,2,2,20998,0.05,no_leakage_v1_alpha005,gate_all_sources_proxy_source_only_final_training_only,mmd,,,,,moe,coral,near_nearest_proxy,anchor,3.0,4,4test,proxy_source,False,0.39798859412652515,2.0,direct,0.07469512501281335,0.047210941300882034,0.10615999911771158
4,bnci004,MMP_moe,TS,lda,sa,17,2,2,20998,0.05,no_leakage_v1_alpha005,gate_all_sources_proxy_source_only_final_training_only,mmd,,,,,moe,coral,near_nearest_proxy,final,3.0,4,4test,train,False,0.26316511092099115,2.0,direct,0.07469512501281335,0.047210941300882034,0.10615999911771158
4,bnci004,MMP_moe,TS,lda,sa,17,2,2,20998,0.05,no_leakage_v1_alpha005,gate_all_sources_proxy_source_only_final_training_only,mmd,,,,,moe,coral,near_nearest_proxy,main,,2,2train,target,False,,,,,,
4,bnci004,MMP_moe,TS,lda,sa,17,2,2,20998,0.05,no_leakage_v1_alpha005,gate_all_sources_proxy_source_only_final_training_only,mmd,,,,,moe,coral,near_nearest_proxy,final,,2,2train,target,False,,,,,,
4,bnci004,MMP_moe,TS,lda,sa,17,3,3,21029,0.05,no_leakage_v1_alpha005,gate_all_sources_proxy_source_only_final_training_only,mmd,,,,,moe,coral,near_nearest_proxy,main,0.0,0,0train,nearest,True,0.567755676589952,3.0,direct,0.07067962550662463,0.058640495147067415,0.0882251079806827
4,bnci004,MMP_moe,TS,lda,sa,17,3,3,21029,0.05,no_leakage_v1_alpha005,gate_all_sources_proxy_source_only_final_training_only,mmd,,,,,moe,coral,near_nearest_proxy,anchor,0.0,0,0train,target,False,,3.0,direct,0.07067962550662463,0.058640495147067415,0.0882251079806827
4,bnci004,MMP_moe,TS,lda,sa,17,3,3,21029,0.05,no_leakage_v1_alpha005,gate_all_sources_proxy_source_only_final_training_only,mmd,,,,,moe,coral,near_nearest_proxy,final,0.0,0,0train,train,True,0.567755676589952,3.0,direct,0.07067962550662463,0.058640495147067415,0.0882251079806827
4,bnci004,MMP_moe,TS,lda,sa,17,3,3,21029,0.05,no_leakage_v1_alpha005,gate_all_sources_proxy_source_only_final_training_only,mmd,,,,,moe,coral,near_nearest_proxy,main,1.0,1,1train,near,False,0.4322443234100479,3.0,direct,0.0928384525571272,0.07127664567871256,0.11837616510384588
4,bnci004,MMP_moe,TS,lda,sa,17,3,3,21029,0.05,no_leakage_v1_alpha005,gate_all_sources_proxy_source_only_final_training_only,mmd,,,,,moe,coral,near_nearest_proxy,anchor,1.0,1,1train,proxy_source,False,1.0,3.0,direct,0.0928384525571272,0.07127664567871256,0.11837616510384588
4,bnci004,MMP_moe,TS,lda,sa,17,3,3,21029,0.05,no_leakage_v1_alpha005,gate_all_sources_proxy_source_only_final_training_only,mmd,,,,,moe,coral,near_nearest_proxy,final,1.0,1,1train,train,False,0.4322443234100479,3.0,direct,0.0928384525571272,0.07127664567871256,0.11837616510384588
4,bnci004,MMP_moe,TS,lda,sa,17,3,3,21029,0.05,no_leakage_v1_alpha005,gate_all_sources_proxy_source_only_final_training_only,mmd,,,,,moe,coral,near_nearest_proxy,main,2.0,2,2train,far,False,,3.0,direct,0.12956564739491014,0.09398446114673303,0.16977068082308677
4,bnci004,MMP_moe,TS,lda,sa,17,3,3,21029,0.05,no_leakage_v1_alpha005,gate_all_sources_proxy_source_only_final_training_only,mmd,,,,,moe,coral,near_nearest_proxy,anchor,2.0,2,2train,not_used,False,,3.0,direct,0.12956564739491014,0.09398446114673303,0.16977068082308677
4,bnci004,MMP_moe,TS,lda,sa,17,3,3,21029,0.05,no_leakage_v1_alpha005,gate_all_sources_proxy_source_only_final_training_only,mmd,,,,,moe,coral,near_nearest_proxy,final,2.0,2,2train,not_used,False,,3.0,direct,0.12956564739491014,0.09398446114673303,0.16977068082308677
4,bnci004,MMP_moe,TS,lda,sa,17,3,3,21029,0.05,no_leakage_v1_alpha005,gate_all_sources_proxy_source_only_final_training_only,mmd,,,,,moe,coral,near_nearest_proxy,main,3.0,4,4test,far,False,,3.0,direct,0.268139097978863,0.21355428871315085,0.31061890349266674
4,bnci004,MMP_moe,TS,lda,sa,17,3,3,21029,0.05,no_leakage_v1_alpha005,gate_all_sources_proxy_source_only_final_training_only,mmd,,,,,moe,coral,near_nearest_proxy,anchor,3.0,4,4test,not_used,False,,3.0,direct,0.268139097978863,0.21355428871315085,0.31061890349266674
4,bnci004,MMP_moe,TS,lda,sa,17,3,3,21029,0.05,no_leakage_v1_alpha005,gate_all_sources_proxy_source_only_final_training_only,mmd,,,,,moe,coral,near_nearest_proxy,final,3.0,4,4test,not_used,False,,3.0,direct,0.268139097978863,0.21355428871315085,0.31061890349266674
4,bnci004,MMP_moe,TS,lda,sa,17,3,3,21029,0.05,no_leakage_v1_alpha005,gate_all_sources_proxy_source_only_final_training_only,mmd,,,,,moe,coral,near_nearest_proxy,main,,3,3test,target,False,,,,,,
4,bnci004,MMP_moe,TS,lda,sa,17,3,3,21029,0.05,no_leakage_v1_alpha005,gate_all_sources_proxy_source_only_final_training_only,mmd,,,,,moe,coral,near_nearest_proxy,final,,3,3test,target,False,,,,,,
4,bnci004,MMP_moe,TS,lda,sa,17,4,4,21060,0.05,no_leakage_v1_alpha005,gate_all_sources_proxy_source_only_final_training_only,mmd,,,,,moe,coral,near_nearest_proxy,main,0.0,0,0train,far,False,,4.0,direct,0.14527358581024388,0.11528584500801554,0.1725787516750777
4,bnci004,MMP_moe,TS,lda,sa,17,4,4,21060,0.05,no_leakage_v1_alpha005,gate_all_sources_proxy_source_only_final_training_only,mmd,,,,,moe,coral,near_nearest_proxy,anchor,0.0,0,0train,not_used,False,,4.0,direct,0.14527358581024388,0.11528584500801554,0.1725787516750777
4,bnci004,MMP_moe,TS,lda,sa,17,4,4,21060,0.05,no_leakage_v1_alpha005,gate_all_sources_proxy_source_only_final_training_only,mmd,,,,,moe,coral,near_nearest_proxy,final,0.0,0,0train,not_used,False,,4.0,direct,0.14527358581024388,0.11528584500801554,0.1725787516750777
4,bnci004,MMP_moe,TS,lda,sa,17,4,4,21060,0.05,no_leakage_v1_alpha005,gate_all_sources_proxy_source_only_final_training_only,mmd,,,,,moe,coral,near_nearest_proxy,main,1.0,1,1train,near,False,0.42277423696698707,4.0,direct,0.09258628628033742,0.06637153166672648,0.12140090711273514
4,bnci004,MMP_moe,TS,lda,sa,17,4,4,21060,0.05,no_leakage_v1_alpha005,gate_all_sources_proxy_source_only_final_training_only,mmd,,,,,moe,coral,near_nearest_proxy,anchor,1.0,1,1train,proxy_source,False,1.0,4.0,direct,0.09258628628033742,0.06637153166672648,0.12140090711273514
4,bnci004,MMP_moe,TS,lda,sa,17,4,4,21060,0.05,no_leakage_v1_alpha005,gate_all_sources_proxy_source_only_final_training_only,mmd,,,,,moe,coral,near_nearest_proxy,final,1.0,1,1train,train,False,0.42277423696698707,4.0,direct,0.09258628628033742,0.06637153166672648,0.12140090711273514
4,bnci004,MMP_moe,TS,lda,sa,17,4,4,21060,0.05,no_leakage_v1_alpha005,gate_all_sources_proxy_source_only_final_training_only,mmd,,,,,moe,coral,near_nearest_proxy,main,2.0,2,2train,nearest,True,0.577225763033013,4.0,direct,0.06781218821310983,0.04660851337277637,0.092012876461805
4,bnci004,MMP_moe,TS,lda,sa,17,4,4,21060,0.05,no_leakage_v1_alpha005,gate_all_sources_proxy_source_only_final_training_only,mmd,,,,,moe,coral,near_nearest_proxy,anchor,2.0,2,2train,target,False,,4.0,direct,0.06781218821310983,0.04660851337277637,0.092012876461805
4,bnci004,MMP_moe,TS,lda,sa,17,4,4,21060,0.05,no_leakage_v1_alpha005,gate_all_sources_proxy_source_only_final_training_only,mmd,,,,,moe,coral,near_nearest_proxy,final,2.0,2,2train,train,True,0.577225763033013,4.0,direct,0.06781218821310983,0.04660851337277637,0.092012876461805
4,bnci004,MMP_moe,TS,lda,sa,17,4,4,21060,0.05,no_leakage_v1_alpha005,gate_all_sources_proxy_source_only_final_training_only,mmd,,,,,moe,coral,near_nearest_proxy,main,3.0,3,3test,far,False,,4.0,direct,0.16076292166249836,0.13663777314340464,0.18718598592609184
4,bnci004,MMP_moe,TS,lda,sa,17,4,4,21060,0.05,no_leakage_v1_alpha005,gate_all_sources_proxy_source_only_final_training_only,mmd,,,,,moe,coral,near_nearest_proxy,anchor,3.0,3,3test,not_used,False,,4.0,direct,0.16076292166249836,0.13663777314340464,0.18718598592609184
4,bnci004,MMP_moe,TS,lda,sa,17,4,4,21060,0.05,no_leakage_v1_alpha005,gate_all_sources_proxy_source_only_final_training_only,mmd,,,,,moe,coral,near_nearest_proxy,final,3.0,3,3test,not_used,False,,4.0,direct,0.16076292166249836,0.13663777314340464,0.18718598592609184
4,bnci004,MMP_moe,TS,lda,sa,17,4,4,21060,0.05,no_leakage_v1_alpha005,gate_all_sources_proxy_source_only_final_training_only,mmd,,,,,moe,coral,near_nearest_proxy,main,,4,4test,target,False,,,,,,
4,bnci004,MMP_moe,TS,lda,sa,17,4,4,21060,0.05,no_leakage_v1_alpha005,gate_all_sources_proxy_source_only_final_training_only,mmd,,,,,moe,coral,near_nearest_proxy,final,,4,4test,target,False,,,,,,
4,bnci004,MMP_moe,TS,lda,pt,18,0,0,21933,0.05,no_leakage_v1_alpha005,gate_all_sources_proxy_source_only_final_training_only,mmd,,,,,moe,coral,near_nearest_proxy,main,0.0,1,1train,nearest,True,0.6093019654319767,0.0,direct,0.05807077278693415,0.03328234323732975,0.08640608454850825
4,bnci004,MMP_moe,TS,lda,pt,18,0,0,21933,0.05,no_leakage_v1_alpha005,gate_all_sources_proxy_source_only_final_training_only,mmd,,,,,moe,coral,near_nearest_proxy,anchor,0.0,1,1train,target,False,,0.0,direct,0.05807077278693415,0.03328234323732975,0.08640608454850825
4,bnci004,MMP_moe,TS,lda,pt,18,0,0,21933,0.05,no_leakage_v1_alpha005,gate_all_sources_proxy_source_only_final_training_only,mmd,,,,,moe,coral,near_nearest_proxy,final,0.0,1,1train,train,True,0.6093019654319767,0.0,direct,0.05807077278693415,0.03328234323732975,0.08640608454850825
4,bnci004,MMP_moe,TS,lda,pt,18,0,0,21933,0.05,no_leakage_v1_alpha005,gate_all_sources_proxy_source_only_final_training_only,mmd,,,,,moe,coral,near_nearest_proxy,main,1.0,2,2train,far,False,,0.0,direct,0.17641980345084005,0.12803391709363762,0.23424902807309908
4,bnci004,MMP_moe,TS,lda,pt,18,0,0,21933,0.05,no_leakage_v1_alpha005,gate_all_sources_proxy_source_only_final_training_only,mmd,,,,,moe,coral,near_nearest_proxy,anchor,1.0,2,2train,not_used,False,,0.0,direct,0.17641980345084005,0.12803391709363762,0.23424902807309908
4,bnci004,MMP_moe,TS,lda,pt,18,0,0,21933,0.05,no_leakage_v1_alpha005,gate_all_sources_proxy_source_only_final_training_only,mmd,,,,,moe,coral,near_nearest_proxy,final,1.0,2,2train,not_used,False,,0.0,direct,0.17641980345084005,0.12803391709363762,0.23424902807309908
4,bnci004,MMP_moe,TS,lda,pt,18,0,0,21933,0.05,no_leakage_v1_alpha005,gate_all_sources_proxy_source_only_final_training_only,mmd,,,,,moe,coral,near_nearest_proxy,main,2.0,3,3test,near,False,0.3906980345680233,0.0,direct,0.09056317530822688,0.06967437624266705,0.11711664538116137
4,bnci004,MMP_moe,TS,lda,pt,18,0,0,21933,0.05,no_leakage_v1_alpha005,gate_all_sources_proxy_source_only_final_training_only,mmd,,,,,moe,coral,near_nearest_proxy,anchor,2.0,3,3test,proxy_source,False,1.0,0.0,direct,0.09056317530822688,0.06967437624266705,0.11711664538116137
4,bnci004,MMP_moe,TS,lda,pt,18,0,0,21933,0.05,no_leakage_v1_alpha005,gate_all_sources_proxy_source_only_final_training_only,mmd,,,,,moe,coral,near_nearest_proxy,final,2.0,3,3test,train,False,0.3906980345680233,0.0,direct,0.09056317530822688,0.06967437624266705,0.11711664538116137
4,bnci004,MMP_moe,TS,lda,pt,18,0,0,21933,0.05,no_leakage_v1_alpha005,gate_all_sources_proxy_source_only_final_training_only,mmd,,,,,moe,coral,near_nearest_proxy,main,3.0,4,4test,far,False,,0.0,direct,0.343422823778303,0.2775699262102553,0.41157419726608313
4,bnci004,MMP_moe,TS,lda,pt,18,0,0,21933,0.05,no_leakage_v1_alpha005,gate_all_sources_proxy_source_only_final_training_only,mmd,,,,,moe,coral,near_nearest_proxy,anchor,3.0,4,4test,not_used,False,,0.0,direct,0.343422823778303,0.2775699262102553,0.41157419726608313
4,bnci004,MMP_moe,TS,lda,pt,18,0,0,21933,0.05,no_leakage_v1_alpha005,gate_all_sources_proxy_source_only_final_training_only,mmd,,,,,moe,coral,near_nearest_proxy,final,3.0,4,4test,not_used,False,,0.0,direct,0.343422823778303,0.2775699262102553,0.41157419726608313
4,bnci004,MMP_moe,TS,lda,pt,18,0,0,21933,0.05,no_leakage_v1_alpha005,gate_all_sources_proxy_source_only_final_training_only,mmd,,,,,moe,coral,near_nearest_proxy,main,,0,0train,target,False,,,,,,
4,bnci004,MMP_moe,TS,lda,pt,18,0,0,21933,0.05,no_leakage_v1_alpha005,gate_all_sources_proxy_source_only_final_training_only,mmd,,,,,moe,coral,near_nearest_proxy,final,,0,0train,target,False,,,,,,
4,bnci004,MMP_moe,TS,lda,pt,18,1,1,21964,0.05,no_leakage_v1_alpha005,gate_all_sources_proxy_source_only_final_training_only,mmd,,,,,moe,coral,near_nearest_proxy,main,0.0,0,0train,nearest,True,0.5798638561369885,1.0,direct,0.05258232160388702,0.028508970641604247,0.08067042984846953
4,bnci004,MMP_moe,TS,lda,pt,18,1,1,21964,0.05,no_leakage_v1_alpha005,gate_all_sources_proxy_source_only_final_training_only,mmd,,,,,moe,coral,near_nearest_proxy,anchor,0.0,0,0train,target,False,,1.0,direct,0.05258232160388702,0.028508970641604247,0.08067042984846953
4,bnci004,MMP_moe,TS,lda,pt,18,1,1,21964,0.05,no_leakage_v1_alpha005,gate_all_sources_proxy_source_only_final_training_only,mmd,,,,,moe,coral,near_nearest_proxy,final,0.0,0,0train,train,True,0.5798638561369885,1.0,direct,0.05258232160388702,0.028508970641604247,0.08067042984846953
4,bnci004,MMP_moe,TS,lda,pt,18,1,1,21964,0.05,no_leakage_v1_alpha005,gate_all_sources_proxy_source_only_final_training_only,mmd,,,,,moe,coral,near_nearest_proxy,main,1.0,2,2train,near,False,0.42013614386301157,1.0,direct,0.0725734930044943,0.048477490721882864,0.10243584423955777
4,bnci004,MMP_moe,TS,lda,pt,18,1,1,21964,0.05,no_leakage_v1_alpha005,gate_all_sources_proxy_source_only_final_training_only,mmd,,,,,moe,coral,near_nearest_proxy,anchor,1.0,2,2train,proxy_source,False,1.0,1.0,direct,0.0725734930044943,0.048477490721882864,0.10243584423955777
4,bnci004,MMP_moe,TS,lda,pt,18,1,1,21964,0.05,no_leakage_v1_alpha005,gate_all_sources_proxy_source_only_final_training_only,mmd,,,,,moe,coral,near_nearest_proxy,final,1.0,2,2train,train,False,0.42013614386301157,1.0,direct,0.0725734930044943,0.048477490721882864,0.10243584423955777
4,bnci004,MMP_moe,TS,lda,pt,18,1,1,21964,0.05,no_leakage_v1_alpha005,gate_all_sources_proxy_source_only_final_training_only,mmd,,,,,moe,coral,near_nearest_proxy,main,2.0,3,3test,far,False,,1.0,direct,0.11370548767972266,0.08847786366036278,0.1455966672342898
4,bnci004,MMP_moe,TS,lda,pt,18,1,1,21964,0.05,no_leakage_v1_alpha005,gate_all_sources_proxy_source_only_final_training_only,mmd,,,,,moe,coral,near_nearest_proxy,anchor,2.0,3,3test,not_used,False,,1.0,direct,0.11370548767972266,0.08847786366036278,0.1455966672342898
4,bnci004,MMP_moe,TS,lda,pt,18,1,1,21964,0.05,no_leakage_v1_alpha005,gate_all_sources_proxy_source_only_final_training_only,mmd,,,,,moe,coral,near_nearest_proxy,final,2.0,3,3test,not_used,False,,1.0,direct,0.11370548767972266,0.08847786366036278,0.1455966672342898
4,bnci004,MMP_moe,TS,lda,pt,18,1,1,21964,0.05,no_leakage_v1_alpha005,gate_all_sources_proxy_source_only_final_training_only,mmd,,,,,moe,coral,near_nearest_proxy,main,3.0,4,4test,far,False,,1.0,direct,0.16626498462736714,0.11860989377300753,0.2233340860641306
4,bnci004,MMP_moe,TS,lda,pt,18,1,1,21964,0.05,no_leakage_v1_alpha005,gate_all_sources_proxy_source_only_final_training_only,mmd,,,,,moe,coral,near_nearest_proxy,anchor,3.0,4,4test,not_used,False,,1.0,direct,0.16626498462736714,0.11860989377300753,0.2233340860641306
4,bnci004,MMP_moe,TS,lda,pt,18,1,1,21964,0.05,no_leakage_v1_alpha005,gate_all_sources_proxy_source_only_final_training_only,mmd,,,,,moe,coral,near_nearest_proxy,final,3.0,4,4test,not_used,False,,1.0,direct,0.16626498462736714,0.11860989377300753,0.2233340860641306
4,bnci004,MMP_moe,TS,lda,pt,18,1,1,21964,0.05,no_leakage_v1_alpha005,gate_all_sources_proxy_source_only_final_training_only,mmd,,,,,moe,coral,near_nearest_proxy,main,,1,1train,target,False,,,,,,
4,bnci004,MMP_moe,TS,lda,pt,18,1,1,21964,0.05,no_leakage_v1_alpha005,gate_all_sources_proxy_source_only_final_training_only,mmd,,,,,moe,coral,near_nearest_proxy,final,,1,1train,target,False,,,,,,
4,bnci004,MMP_moe,TS,lda,pt,18,2,2,21995,0.05,no_leakage_v1_alpha005,gate_all_sources_proxy_source_only_final_training_only,mmd,,,,,moe,coral,near_nearest_proxy,main,0.0,0,0train,near,False,0.19948096897762047,2.0,direct,0.09865509910622329,0.07548678304138218,0.12270168070409054
4,bnci004,MMP_moe,TS,lda,pt,18,2,2,21995,0.05,no_leakage_v1_alpha005,gate_all_sources_proxy_source_only_final_training_only,mmd,,,,,moe,coral,near_nearest_proxy,anchor,0.0,0,0train,proxy_source,False,0.2989571963515342,2.0,direct,0.09865509910622329,0.07548678304138218,0.12270168070409054
4,bnci004,MMP_moe,TS,lda,pt,18,2,2,21995,0.05,no_leakage_v1_alpha005,gate_all_sources_proxy_source_only_final_training_only,mmd,,,,,moe,coral,near_nearest_proxy,final,0.0,0,0train,train,False,0.19948096897762047,2.0,direct,0.09865509910622329,0.07548678304138218,0.12270168070409054
4,bnci004,MMP_moe,TS,lda,pt,18,2,2,21995,0.05,no_leakage_v1_alpha005,gate_all_sources_proxy_source_only_final_training_only,mmd,,,,,moe,coral,near_nearest_proxy,main,1.0,1,1train,nearest,True,0.3327440469335377,2.0,direct,0.05914360206463879,0.04373102082337122,0.07640514301422698
4,bnci004,MMP_moe,TS,lda,pt,18,2,2,21995,0.05,no_leakage_v1_alpha005,gate_all_sources_proxy_source_only_final_training_only,mmd,,,,,moe,coral,near_nearest_proxy,anchor,1.0,1,1train,target,False,,2.0,direct,0.05914360206463879,0.04373102082337122,0.07640514301422698
4,bnci004,MMP_moe,TS,lda,pt,18,2,2,21995,0.05,no_leakage_v1_alpha005,gate_all_sources_proxy_source_only_final_training_only,mmd,,,,,moe,coral,near_nearest_proxy,final,1.0,1,1train,train,True,0.3327440469335377,2.0,direct,0.05914360206463879,0.04373102082337122,0.07640514301422698
4,bnci004,MMP_moe,TS,lda,pt,18,2,2,21995,0.05,no_leakage_v1_alpha005,gate_all_sources_proxy_source_only_final_training_only,mmd,,,,,moe,coral,near_nearest_proxy,main,2.0,3,3test,near,False,0.1987961469485148,2.0,direct,0.09899495413365031,0.07242571923164266,0.13204723069385285
4,bnci004,MMP_moe,TS,lda,pt,18,2,2,21995,0.05,no_leakage_v1_alpha005,gate_all_sources_proxy_source_only_final_training_only,mmd,,,,,moe,coral,near_nearest_proxy,anchor,2.0,3,3test,proxy_source,False,0.29793087050766803,2.0,direct,0.09899495413365031,0.07242571923164266,0.13204723069385285
4,bnci004,MMP_moe,TS,lda,pt,18,2,2,21995,0.05,no_leakage_v1_alpha005,gate_all_sources_proxy_source_only_final_training_only,mmd,,,,,moe,coral,near_nearest_proxy,final,2.0,3,3test,train,False,0.1987961469485148,2.0,direct,0.09899495413365031,0.07242571923164266,0.13204723069385285
4,bnci004,MMP_moe,TS,lda,pt,18,2,2,21995,0.05,no_leakage_v1_alpha005,gate_all_sources_proxy_source_only_final_training_only,mmd,,,,,moe,coral,near_nearest_proxy,main,3.0,4,4test,near,False,0.268978837140327,2.0,direct,0.07316466037124497,0.04986798931672221,0.10192265403648097
4,bnci004,MMP_moe,TS,lda,pt,18,2,2,21995,0.05,no_leakage_v1_alpha005,gate_all_sources_proxy_source_only_final_training_only,mmd,,,,,moe,coral,near_nearest_proxy,anchor,3.0,4,4test,proxy_source,False,0.4031119331407977,2.0,direct,0.07316466037124497,0.04986798931672221,0.10192265403648097
4,bnci004,MMP_moe,TS,lda,pt,18,2,2,21995,0.05,no_leakage_v1_alpha005,gate_all_sources_proxy_source_only_final_training_only,mmd,,,,,moe,coral,near_nearest_proxy,final,3.0,4,4test,train,False,0.268978837140327,2.0,direct,0.07316466037124497,0.04986798931672221,0.10192265403648097
4,bnci004,MMP_moe,TS,lda,pt,18,2,2,21995,0.05,no_leakage_v1_alpha005,gate_all_sources_proxy_source_only_final_training_only,mmd,,,,,moe,coral,near_nearest_proxy,main,,2,2train,target,False,,,,,,
4,bnci004,MMP_moe,TS,lda,pt,18,2,2,21995,0.05,no_leakage_v1_alpha005,gate_all_sources_proxy_source_only_final_training_only,mmd,,,,,moe,coral,near_nearest_proxy,final,,2,2train,target,False,,,,,,
4,bnci004,MMP_moe,TS,lda,pt,18,3,3,22026,0.05,no_leakage_v1_alpha005,gate_all_sources_proxy_source_only_final_training_only,mmd,,,,,moe,coral,near_nearest_proxy,main,0.0,0,0train,nearest,True,0.5746050555310901,3.0,direct,0.06943530353735153,0.055684334088388396,0.08243499212862374
4,bnci004,MMP_moe,TS,lda,pt,18,3,3,22026,0.05,no_leakage_v1_alpha005,gate_all_sources_proxy_source_only_final_training_only,mmd,,,,,moe,coral,near_nearest_proxy,anchor,0.0,0,0train,target,False,,3.0,direct,0.06943530353735153,0.055684334088388396,0.08243499212862374
4,bnci004,MMP_moe,TS,lda,pt,18,3,3,22026,0.05,no_leakage_v1_alpha005,gate_all_sources_proxy_source_only_final_training_only,mmd,,,,,moe,coral,near_nearest_proxy,final,0.0,0,0train,train,True,0.5746050555310901,3.0,direct,0.06943530353735153,0.055684334088388396,0.08243499212862374
4,bnci004,MMP_moe,TS,lda,pt,18,3,3,22026,0.05,no_leakage_v1_alpha005,gate_all_sources_proxy_source_only_final_training_only,mmd,,,,,moe,coral,near_nearest_proxy,main,1.0,1,1train,near,False,0.42539494446890985,3.0,direct,0.09379054963810224,0.07363420610024521,0.11622307764675274
4,bnci004,MMP_moe,TS,lda,pt,18,3,3,22026,0.05,no_leakage_v1_alpha005,gate_all_sources_proxy_source_only_final_training_only,mmd,,,,,moe,coral,near_nearest_proxy,anchor,1.0,1,1train,proxy_source,False,1.0,3.0,direct,0.09379054963810224,0.07363420610024521,0.11622307764675274
4,bnci004,MMP_moe,TS,lda,pt,18,3,3,22026,0.05,no_leakage_v1_alpha005,gate_all_sources_proxy_source_only_final_training_only,mmd,,,,,moe,coral,near_nearest_proxy,final,1.0,1,1train,train,False,0.42539494446890985,3.0,direct,0.09379054963810224,0.07363420610024521,0.11622307764675274
4,bnci004,MMP_moe,TS,lda,pt,18,3,3,22026,0.05,no_leakage_v1_alpha005,gate_all_sources_proxy_source_only_final_training_only,mmd,,,,,moe,coral,near_nearest_proxy,main,2.0,2,2train,far,False,,3.0,direct,0.12859654531452777,0.09614253977558314,0.1696001327913635
4,bnci004,MMP_moe,TS,lda,pt,18,3,3,22026,0.05,no_leakage_v1_alpha005,gate_all_sources_proxy_source_only_final_training_only,mmd,,,,,moe,coral,near_nearest_proxy,anchor,2.0,2,2train,not_used,False,,3.0,direct,0.12859654531452777,0.09614253977558314,0.1696001327913635
4,bnci004,MMP_moe,TS,lda,pt,18,3,3,22026,0.05,no_leakage_v1_alpha005,gate_all_sources_proxy_source_only_final_training_only,mmd,,,,,moe,coral,near_nearest_proxy,final,2.0,2,2train,not_used,False,,3.0,direct,0.12859654531452777,0.09614253977558314,0.1696001327913635
4,bnci004,MMP_moe,TS,lda,pt,18,3,3,22026,0.05,no_leakage_v1_alpha005,gate_all_sources_proxy_source_only_final_training_only,mmd,,,,,moe,coral,near_nearest_proxy,main,3.0,4,4test,far,False,,3.0,direct,0.27335492152124,0.21482703764706904,0.32927111857002067
4,bnci004,MMP_moe,TS,lda,pt,18,3,3,22026,0.05,no_leakage_v1_alpha005,gate_all_sources_proxy_source_only_final_training_only,mmd,,,,,moe,coral,near_nearest_proxy,anchor,3.0,4,4test,not_used,False,,3.0,direct,0.27335492152124,0.21482703764706904,0.32927111857002067
4,bnci004,MMP_moe,TS,lda,pt,18,3,3,22026,0.05,no_leakage_v1_alpha005,gate_all_sources_proxy_source_only_final_training_only,mmd,,,,,moe,coral,near_nearest_proxy,final,3.0,4,4test,not_used,False,,3.0,direct,0.27335492152124,0.21482703764706904,0.32927111857002067
4,bnci004,MMP_moe,TS,lda,pt,18,3,3,22026,0.05,no_leakage_v1_alpha005,gate_all_sources_proxy_source_only_final_training_only,mmd,,,,,moe,coral,near_nearest_proxy,main,,3,3test,target,False,,,,,,
4,bnci004,MMP_moe,TS,lda,pt,18,3,3,22026,0.05,no_leakage_v1_alpha005,gate_all_sources_proxy_source_only_final_training_only,mmd,,,,,moe,coral,near_nearest_proxy,final,,3,3test,target,False,,,,,,
4,bnci004,MMP_moe,TS,lda,pt,18,4,4,22057,0.05,no_leakage_v1_alpha005,gate_all_sources_proxy_source_only_final_training_only,mmd,,,,,moe,coral,near_nearest_proxy,main,0.0,0,0train,far,False,,4.0,direct,0.14329225271269216,0.11866391954649257,0.16985683448087935
4,bnci004,MMP_moe,TS,lda,pt,18,4,4,22057,0.05,no_leakage_v1_alpha005,gate_all_sources_proxy_source_only_final_training_only,mmd,,,,,moe,coral,near_nearest_proxy,anchor,0.0,0,0train,not_used,False,,4.0,direct,0.14329225271269216,0.11866391954649257,0.16985683448087935
4,bnci004,MMP_moe,TS,lda,pt,18,4,4,22057,0.05,no_leakage_v1_alpha005,gate_all_sources_proxy_source_only_final_training_only,mmd,,,,,moe,coral,near_nearest_proxy,final,0.0,0,0train,not_used,False,,4.0,direct,0.14329225271269216,0.11866391954649257,0.16985683448087935
4,bnci004,MMP_moe,TS,lda,pt,18,4,4,22057,0.05,no_leakage_v1_alpha005,gate_all_sources_proxy_source_only_final_training_only,mmd,,,,,moe,coral,near_nearest_proxy,main,1.0,1,1train,near,False,0.42092689829509794,4.0,direct,0.09342941968789081,0.07252114382672091,0.1208338428031482
4,bnci004,MMP_moe,TS,lda,pt,18,4,4,22057,0.05,no_leakage_v1_alpha005,gate_all_sources_proxy_source_only_final_training_only,mmd,,,,,moe,coral,near_nearest_proxy,anchor,1.0,1,1train,proxy_source,False,1.0,4.0,direct,0.09342941968789081,0.07252114382672091,0.1208338428031482
4,bnci004,MMP_moe,TS,lda,pt,18,4,4,22057,0.05,no_leakage_v1_alpha005,gate_all_sources_proxy_source_only_final_training_only,mmd,,,,,moe,coral,near_nearest_proxy,final,1.0,1,1train,train,False,0.42092689829509794,4.0,direct,0.09342941968789081,0.07252114382672091,0.1208338428031482
4,bnci004,MMP_moe,TS,lda,pt,18,4,4,22057,0.05,no_leakage_v1_alpha005,gate_all_sources_proxy_source_only_final_training_only,mmd,,,,,moe,coral,near_nearest_proxy,main,2.0,2,2train,nearest,True,0.579073101704902,4.0,direct,0.06791335597655256,0.04555890047414652,0.09329207091837963
4,bnci004,MMP_moe,TS,lda,pt,18,4,4,22057,0.05,no_leakage_v1_alpha005,gate_all_sources_proxy_source_only_final_training_only,mmd,,,,,moe,coral,near_nearest_proxy,anchor,2.0,2,2train,target,False,,4.0,direct,0.06791335597655256,0.04555890047414652,0.09329207091837963
4,bnci004,MMP_moe,TS,lda,pt,18,4,4,22057,0.05,no_leakage_v1_alpha005,gate_all_sources_proxy_source_only_final_training_only,mmd,,,,,moe,coral,near_nearest_proxy,final,2.0,2,2train,train,True,0.579073101704902,4.0,direct,0.06791335597655256,0.04555890047414652,0.09329207091837963
4,bnci004,MMP_moe,TS,lda,pt,18,4,4,22057,0.05,no_leakage_v1_alpha005,gate_all_sources_proxy_source_only_final_training_only,mmd,,,,,moe,coral,near_nearest_proxy,main,3.0,3,3test,far,False,,4.0,direct,0.16070710700243232,0.1329689039922043,0.19283658285696076
4,bnci004,MMP_moe,TS,lda,pt,18,4,4,22057,0.05,no_leakage_v1_alpha005,gate_all_sources_proxy_source_only_final_training_only,mmd,,,,,moe,coral,near_nearest_proxy,anchor,3.0,3,3test,not_used,False,,4.0,direct,0.16070710700243232,0.1329689039922043,0.19283658285696076
4,bnci004,MMP_moe,TS,lda,pt,18,4,4,22057,0.05,no_leakage_v1_alpha005,gate_all_sources_proxy_source_only_final_training_only,mmd,,,,,moe,coral,near_nearest_proxy,final,3.0,3,3test,not_used,False,,4.0,direct,0.16070710700243232,0.1329689039922043,0.19283658285696076
4,bnci004,MMP_moe,TS,lda,pt,18,4,4,22057,0.05,no_leakage_v1_alpha005,gate_all_sources_proxy_source_only_final_training_only,mmd,,,,,moe,coral,near_nearest_proxy,main,,4,4test,target,False,,,,,,
4,bnci004,MMP_moe,TS,lda,pt,18,4,4,22057,0.05,no_leakage_v1_alpha005,gate_all_sources_proxy_source_only_final_training_only,mmd,,,,,moe,coral,near_nearest_proxy,final,,4,4test,target,False,,,,,,
4,bnci004,MMP_moe,TS,lda,coral,19,0,0,22930,0.05,no_leakage_v1_alpha005,gate_all_sources_proxy_source_only_final_training_only,mmd,,,,,moe,coral,near_nearest_proxy,main,0.0,1,1train,nearest,True,0.6000388554560117,0.0,direct,0.059263795247187494,0.03485507238025742,0.09532044049387942
4,bnci004,MMP_moe,TS,lda,coral,19,0,0,22930,0.05,no_leakage_v1_alpha005,gate_all_sources_proxy_source_only_final_training_only,mmd,,,,,moe,coral,near_nearest_proxy,anchor,0.0,1,1train,target,False,,0.0,direct,0.059263795247187494,0.03485507238025742,0.09532044049387942
4,bnci004,MMP_moe,TS,lda,coral,19,0,0,22930,0.05,no_leakage_v1_alpha005,gate_all_sources_proxy_source_only_final_training_only,mmd,,,,,moe,coral,near_nearest_proxy,final,0.0,1,1train,train,True,0.6000388554560117,0.0,direct,0.059263795247187494,0.03485507238025742,0.09532044049387942
4,bnci004,MMP_moe,TS,lda,coral,19,0,0,22930,0.05,no_leakage_v1_alpha005,gate_all_sources_proxy_source_only_final_training_only,mmd,,,,,moe,coral,near_nearest_proxy,main,1.0,2,2train,far,False,,0.0,direct,0.17482530430168397,0.12433304351986198,0.23297939748311297
4,bnci004,MMP_moe,TS,lda,coral,19,0,0,22930,0.05,no_leakage_v1_alpha005,gate_all_sources_proxy_source_only_final_training_only,mmd,,,,,moe,coral,near_nearest_proxy,anchor,1.0,2,2train,not_used,False,,0.0,direct,0.17482530430168397,0.12433304351986198,0.23297939748311297
4,bnci004,MMP_moe,TS,lda,coral,19,0,0,22930,0.05,no_leakage_v1_alpha005,gate_all_sources_proxy_source_only_final_training_only,mmd,,,,,moe,coral,near_nearest_proxy,final,1.0,2,2train,not_used,False,,0.0,direct,0.17482530430168397,0.12433304351986198,0.23297939748311297
4,bnci004,MMP_moe,TS,lda,coral,19,0,0,22930,0.05,no_leakage_v1_alpha005,gate_all_sources_proxy_source_only_final_training_only,mmd,,,,,moe,coral,near_nearest_proxy,main,2.0,3,3test,near,False,0.3999611445439884,0.0,direct,0.08891058652299083,0.06890036348523666,0.11164228394046263
4,bnci004,MMP_moe,TS,lda,coral,19,0,0,22930,0.05,no_leakage_v1_alpha005,gate_all_sources_proxy_source_only_final_training_only,mmd,,,,,moe,coral,near_nearest_proxy,anchor,2.0,3,3test,proxy_source,False,1.0,0.0,direct,0.08891058652299083,0.06890036348523666,0.11164228394046263
4,bnci004,MMP_moe,TS,lda,coral,19,0,0,22930,0.05,no_leakage_v1_alpha005,gate_all_sources_proxy_source_only_final_training_only,mmd,,,,,moe,coral,near_nearest_proxy,final,2.0,3,3test,train,False,0.3999611445439884,0.0,direct,0.08891058652299083,0.06890036348523666,0.11164228394046263
4,bnci004,MMP_moe,TS,lda,coral,19,0,0,22930,0.05,no_leakage_v1_alpha005,gate_all_sources_proxy_source_only_final_training_only,mmd,,,,,moe,coral,near_nearest_proxy,main,3.0,4,4test,far,False,,0.0,direct,0.3439805863553494,0.2760527301636923,0.4121314736205023
4,bnci004,MMP_moe,TS,lda,coral,19,0,0,22930,0.05,no_leakage_v1_alpha005,gate_all_sources_proxy_source_only_final_training_only,mmd,,,,,moe,coral,near_nearest_proxy,anchor,3.0,4,4test,not_used,False,,0.0,direct,0.3439805863553494,0.2760527301636923,0.4121314736205023
4,bnci004,MMP_moe,TS,lda,coral,19,0,0,22930,0.05,no_leakage_v1_alpha005,gate_all_sources_proxy_source_only_final_training_only,mmd,,,,,moe,coral,near_nearest_proxy,final,3.0,4,4test,not_used,False,,0.0,direct,0.3439805863553494,0.2760527301636923,0.4121314736205023
4,bnci004,MMP_moe,TS,lda,coral,19,0,0,22930,0.05,no_leakage_v1_alpha005,gate_all_sources_proxy_source_only_final_training_only,mmd,,,,,moe,coral,near_nearest_proxy,main,,0,0train,target,False,,,,,,
4,bnci004,MMP_moe,TS,lda,coral,19,0,0,22930,0.05,no_leakage_v1_alpha005,gate_all_sources_proxy_source_only_final_training_only,mmd,,,,,moe,coral,near_nearest_proxy,final,,0,0train,target,False,,,,,,
4,bnci004,MMP_moe,TS,lda,coral,19,1,1,22961,0.05,no_leakage_v1_alpha005,gate_all_sources_proxy_source_only_final_training_only,mmd,,,,,moe,coral,near_nearest_proxy,main,0.0,0,0train,nearest,True,0.44249518040469143,1.0,direct,0.055052659942873255,0.030673567069114904,0.08278270112396752
4,bnci004,MMP_moe,TS,lda,coral,19,1,1,22961,0.05,no_leakage_v1_alpha005,gate_all_sources_proxy_source_only_final_training_only,mmd,,,,,moe,coral,near_nearest_proxy,anchor,0.0,0,0train,target,False,,1.0,direct,0.055052659942873255,0.030673567069114904,0.08278270112396752
4,bnci004,MMP_moe,TS,lda,coral,19,1,1,22961,0.05,no_leakage_v1_alpha005,gate_all_sources_proxy_source_only_final_training_only,mmd,,,,,moe,coral,near_nearest_proxy,final,0.0,0,0train,train,True,0.44249518040469143,1.0,direct,0.055052659942873255,0.030673567069114904,0.08278270112396752
4,bnci004,MMP_moe,TS,lda,coral,19,1,1,22961,0.05,no_leakage_v1_alpha005,gate_all_sources_proxy_source_only_final_training_only,mmd,,,,,moe,coral,near_nearest_proxy,main,1.0,2,2train,near,False,0.3414133848827887,1.0,direct,0.07135232200500473,0.0480736069143654,0.09954219813871597
4,bnci004,MMP_moe,TS,lda,coral,19,1,1,22961,0.05,no_leakage_v1_alpha005,gate_all_sources_proxy_source_only_final_training_only,mmd,,,,,moe,coral,near_nearest_proxy,anchor,1.0,2,2train,proxy_source,False,0.6123953962059375,1.0,direct,0.07135232200500473,0.0480736069143654,0.09954219813871597
4,bnci004,MMP_moe,TS,lda,coral,19,1,1,22961,0.05,no_leakage_v1_alpha005,gate_all_sources_proxy_source_only_final_training_only,mmd,,,,,moe,coral,near_nearest_proxy,final,1.0,2,2train,train,False,0.3414133848827887,1.0,direct,0.07135232200500473,0.0480736069143654,0.09954219813871597
4,bnci004,MMP_moe,TS,lda,coral,19,1,1,22961,0.05,no_leakage_v1_alpha005,gate_all_sources_proxy_source_only_final_training_only,mmd,,,,,moe,coral,near_nearest_proxy,main,2.0,3,3test,near,False,0.21609143471251985,1.0,direct,0.11273358950730367,0.08277922147489787,0.14359827597727987
4,bnci004,MMP_moe,TS,lda,coral,19,1,1,22961,0.05,no_leakage_v1_alpha005,gate_all_sources_proxy_source_only_final_training_only,mmd,,,,,moe,coral,near_nearest_proxy,anchor,2.0,3,3test,proxy_source,False,0.3876046037940625,1.0,direct,0.11273358950730367,0.08277922147489787,0.14359827597727987
4,bnci004,MMP_moe,TS,lda,coral,19,1,1,22961,0.05,no_leakage_v1_alpha005,gate_all_sources_proxy_source_only_final_training_only,mmd,,,,,moe,coral,near_nearest_proxy,final,2.0,3,3test,train,False,0.21609143471251985,1.0,direct,0.11273358950730367,0.08277922147489787,0.14359827597727987
4,bnci004,MMP_moe,TS,lda,coral,19,1,1,22961,0.05,no_leakage_v1_alpha005,gate_all_sources_proxy_source_only_final_training_only,mmd,,,,,moe,coral,near_nearest_proxy,main,3.0,4,4test,far,False,,1.0,direct,0.16253516133041354,0.1104997565301927,0.22168141491574236
4,bnci004,MMP_moe,TS,lda,coral,19,1,1,22961,0.05,no_leakage_v1_alpha005,gate_all_sources_proxy_source_only_final_training_only,mmd,,,,,moe,coral,near_nearest_proxy,anchor,3.0,4,4test,not_used,False,,1.0,direct,0.16253516133041354,0.1104997565301927,0.22168141491574236
4,bnci004,MMP_moe,TS,lda,coral,19,1,1,22961,0.05,no_leakage_v1_alpha005,gate_all_sources_proxy_source_only_final_training_only,mmd,,,,,moe,coral,near_nearest_proxy,final,3.0,4,4test,not_used,False,,1.0,direct,0.16253516133041354,0.1104997565301927,0.22168141491574236
4,bnci004,MMP_moe,TS,lda,coral,19,1,1,22961,0.05,no_leakage_v1_alpha005,gate_all_sources_proxy_source_only_final_training_only,mmd,,,,,moe,coral,near_nearest_proxy,main,,1,1train,target,False,,,,,,
4,bnci004,MMP_moe,TS,lda,coral,19,1,1,22961,0.05,no_leakage_v1_alpha005,gate_all_sources_proxy_source_only_final_training_only,mmd,,,,,moe,coral,near_nearest_proxy,final,,1,1train,target,False,,,,,,
4,bnci004,MMP_moe,TS,lda,coral,19,2,2,22992,0.05,no_leakage_v1_alpha005,gate_all_sources_proxy_source_only_final_training_only,mmd,,,,,moe,coral,near_nearest_proxy,main,0.0,0,0train,far,False,,2.0,direct,0.09805392600612958,0.07753578221111154,0.11634782375254943
4,bnci004,MMP_moe,TS,lda,coral,19,2,2,22992,0.05,no_leakage_v1_alpha005,gate_all_sources_proxy_source_only_final_training_only,mmd,,,,,moe,coral,near_nearest_proxy,anchor,0.0,0,0train,not_used,False,,2.0,direct,0.09805392600612958,0.07753578221111154,0.11634782375254943
4,bnci004,MMP_moe,TS,lda,coral,19,2,2,22992,0.05,no_leakage_v1_alpha005,gate_all_sources_proxy_source_only_final_training_only,mmd,,,,,moe,coral,near_nearest_proxy,final,0.0,0,0train,not_used,False,,2.0,direct,0.09805392600612958,0.07753578221111154,0.11634782375254943
4,bnci004,MMP_moe,TS,lda,coral,19,2,2,22992,0.05,no_leakage_v1_alpha005,gate_all_sources_proxy_source_only_final_training_only,mmd,,,,,moe,coral,near_nearest_proxy,main,1.0,1,1train,nearest,True,0.41981518255354,2.0,direct,0.05797432808380099,0.043997805002013425,0.07582650100466401
4,bnci004,MMP_moe,TS,lda,coral,19,2,2,22992,0.05,no_leakage_v1_alpha005,gate_all_sources_proxy_source_only_final_training_only,mmd,,,,,moe,coral,near_nearest_proxy,anchor,1.0,1,1train,target,False,,2.0,direct,0.05797432808380099,0.043997805002013425,0.07582650100466401
4,bnci004,MMP_moe,TS,lda,coral,19,2,2,22992,0.05,no_leakage_v1_alpha005,gate_all_sources_proxy_source_only_final_training_only,mmd,,,,,moe,coral,near_nearest_proxy,final,1.0,1,1train,train,True,0.41981518255354,2.0,direct,0.05797432808380099,0.043997805002013425,0.07582650100466401
4,bnci004,MMP_moe,TS,lda,coral,19,2,2,22992,0.05,no_leakage_v1_alpha005,gate_all_sources_proxy_source_only_final_training_only,mmd,,,,,moe,coral,near_nearest_proxy,main,2.0,3,3test,near,False,0.24161710706141937,2.0,direct,0.10073244242514791,0.07534341538309308,0.12880386710284528
4,bnci004,MMP_moe,TS,lda,coral,19,2,2,22992,0.05,no_leakage_v1_alpha005,gate_all_sources_proxy_source_only_final_training_only,mmd,,,,,moe,coral,near_nearest_proxy,anchor,2.0,3,3test,proxy_source,False,0.4164485174307686,2.0,direct,0.10073244242514791,0.07534341538309308,0.12880386710284528
4,bnci004,MMP_moe,TS,lda,coral,19,2,2,22992,0.05,no_leakage_v1_alpha005,gate_all_sources_proxy_source_only_final_training_only,mmd,,,,,moe,coral,near_nearest_proxy,final,2.0,3,3test,train,False,0.24161710706141937,2.0,direct,0.10073244242514791,0.07534341538309308,0.12880386710284528
4,bnci004,MMP_moe,TS,lda,coral,19,2,2,22992,0.05,no_leakage_v1_alpha005,gate_all_sources_proxy_source_only_final_training_only,mmd,,,,,moe,coral,near_nearest_proxy,main,3.0,4,4test,near,False,0.33856771038504063,2.0,direct,0.07188690364982687,0.04855022280143082,0.1038913418068769
4,bnci004,MMP_moe,TS,lda,coral,19,2,2,22992,0.05,no_leakage_v1_alpha005,gate_all_sources_proxy_source_only_final_training_only,mmd,,,,,moe,coral,near_nearest_proxy,anchor,3.0,4,4test,proxy_source,False,0.5835514825692314,2.0,direct,0.07188690364982687,0.04855022280143082,0.1038913418068769
4,bnci004,MMP_moe,TS,lda,coral,19,2,2,22992,0.05,no_leakage_v1_alpha005,gate_all_sources_proxy_source_only_final_training_only,mmd,,,,,moe,coral,near_nearest_proxy,final,3.0,4,4test,train,False,0.33856771038504063,2.0,direct,0.07188690364982687,0.04855022280143082,0.1038913418068769
4,bnci004,MMP_moe,TS,lda,coral,19,2,2,22992,0.05,no_leakage_v1_alpha005,gate_all_sources_proxy_source_only_final_training_only,mmd,,,,,moe,coral,near_nearest_proxy,main,,2,2train,target,False,,,,,,
4,bnci004,MMP_moe,TS,lda,coral,19,2,2,22992,0.05,no_leakage_v1_alpha005,gate_all_sources_proxy_source_only_final_training_only,mmd,,,,,moe,coral,near_nearest_proxy,final,,2,2train,target,False,,,,,,
4,bnci004,MMP_moe,TS,lda,coral,19,3,3,23023,0.05,no_leakage_v1_alpha005,gate_all_sources_proxy_source_only_final_training_only,mmd,,,,,moe,coral,near_nearest_proxy,main,0.0,0,0train,nearest,True,0.5706209871178601,3.0,direct,0.07092442298165141,0.05593478113175358,0.08875566543394961
4,bnci004,MMP_moe,TS,lda,coral,19,3,3,23023,0.05,no_leakage_v1_alpha005,gate_all_sources_proxy_source_only_final_training_only,mmd,,,,,moe,coral,near_nearest_proxy,anchor,0.0,0,0train,target,False,,3.0,direct,0.07092442298165141,0.05593478113175358,0.08875566543394961
4,bnci004,MMP_moe,TS,lda,coral,19,3,3,23023,0.05,no_leakage_v1_alpha005,gate_all_sources_proxy_source_only_final_training_only,mmd,,,,,moe,coral,near_nearest_proxy,final,0.0,0,0train,train,True,0.5706209871178601,3.0,direct,0.07092442298165141,0.05593478113175358,0.08875566543394961
4,bnci004,MMP_moe,TS,lda,coral,19,3,3,23023,0.05,no_leakage_v1_alpha005,gate_all_sources_proxy_source_only_final_training_only,mmd,,,,,moe,coral,near_nearest_proxy,main,1.0,1,1train,near,False,0.42937901288213975,3.0,direct,0.09425496887440497,0.07281031101218971,0.11826606623941205
4,bnci004,MMP_moe,TS,lda,coral,19,3,3,23023,0.05,no_leakage_v1_alpha005,gate_all_sources_proxy_source_only_final_training_only,mmd,,,,,moe,coral,near_nearest_proxy,anchor,1.0,1,1train,proxy_source,False,1.0,3.0,direct,0.09425496887440497,0.07281031101218971,0.11826606623941205
4,bnci004,MMP_moe,TS,lda,coral,19,3,3,23023,0.05,no_leakage_v1_alpha005,gate_all_sources_proxy_source_only_final_training_only,mmd,,,,,moe,coral,near_nearest_proxy,final,1.0,1,1train,train,False,0.42937901288213975,3.0,direct,0.09425496887440497,0.07281031101218971,0.11826606623941205
4,bnci004,MMP_moe,TS,lda,coral,19,3,3,23023,0.05,no_leakage_v1_alpha005,gate_all_sources_proxy_source_only_final_training_only,mmd,,,,,moe,coral,near_nearest_proxy,main,2.0,2,2train,far,False,,3.0,direct,0.12997603512126563,0.09327066887087812,0.16983184786712985
4,bnci004,MMP_moe,TS,lda,coral,19,3,3,23023,0.05,no_leakage_v1_alpha005,gate_all_sources_proxy_source_only_final_training_only,mmd,,,,,moe,coral,near_nearest_proxy,anchor,2.0,2,2train,not_used,False,,3.0,direct,0.12997603512126563,0.09327066887087812,0.16983184786712985
4,bnci004,MMP_moe,TS,lda,coral,19,3,3,23023,0.05,no_leakage_v1_alpha005,gate_all_sources_proxy_source_only_final_training_only,mmd,,,,,moe,coral,near_nearest_proxy,final,2.0,2,2train,not_used,False,,3.0,direct,0.12997603512126563,0.09327066887087812,0.16983184786712985
4,bnci004,MMP_moe,TS,lda,coral,19,3,3,23023,0.05,no_leakage_v1_alpha005,gate_all_sources_proxy_source_only_final_training_only,mmd,,,,,moe,coral,near_nearest_proxy,main,3.0,4,4test,far,False,,3.0,direct,0.27136197123972833,0.22588316659928032,0.32004094249610676
4,bnci004,MMP_moe,TS,lda,coral,19,3,3,23023,0.05,no_leakage_v1_alpha005,gate_all_sources_proxy_source_only_final_training_only,mmd,,,,,moe,coral,near_nearest_proxy,anchor,3.0,4,4test,not_used,False,,3.0,direct,0.27136197123972833,0.22588316659928032,0.32004094249610676
4,bnci004,MMP_moe,TS,lda,coral,19,3,3,23023,0.05,no_leakage_v1_alpha005,gate_all_sources_proxy_source_only_final_training_only,mmd,,,,,moe,coral,near_nearest_proxy,final,3.0,4,4test,not_used,False,,3.0,direct,0.27136197123972833,0.22588316659928032,0.32004094249610676
4,bnci004,MMP_moe,TS,lda,coral,19,3,3,23023,0.05,no_leakage_v1_alpha005,gate_all_sources_proxy_source_only_final_training_only,mmd,,,,,moe,coral,near_nearest_proxy,main,,3,3test,target,False,,,,,,
4,bnci004,MMP_moe,TS,lda,coral,19,3,3,23023,0.05,no_leakage_v1_alpha005,gate_all_sources_proxy_source_only_final_training_only,mmd,,,,,moe,coral,near_nearest_proxy,final,,3,3test,target,False,,,,,,
4,bnci004,MMP_moe,TS,lda,coral,19,4,4,23054,0.05,no_leakage_v1_alpha005,gate_all_sources_proxy_source_only_final_training_only,mmd,,,,,moe,coral,near_nearest_proxy,main,0.0,0,0train,far,False,,4.0,direct,0.14594671047131022,0.1168311844306393,0.1759017760063962
4,bnci004,MMP_moe,TS,lda,coral,19,4,4,23054,0.05,no_leakage_v1_alpha005,gate_all_sources_proxy_source_only_final_training_only,mmd,,,,,moe,coral,near_nearest_proxy,anchor,0.0,0,0train,not_used,False,,4.0,direct,0.14594671047131022,0.1168311844306393,0.1759017760063962
4,bnci004,MMP_moe,TS,lda,coral,19,4,4,23054,0.05,no_leakage_v1_alpha005,gate_all_sources_proxy_source_only_final_training_only,mmd,,,,,moe,coral,near_nearest_proxy,final,0.0,0,0train,not_used,False,,4.0,direct,0.14594671047131022,0.1168311844306393,0.1759017760063962
4,bnci004,MMP_moe,TS,lda,coral,19,4,4,23054,0.05,no_leakage_v1_alpha005,gate_all_sources_proxy_source_only_final_training_only,mmd,,,,,moe,coral,near_nearest_proxy,main,1.0,1,1train,near,False,0.42118728290183816,4.0,direct,0.09244014440342486,0.06919146175242495,0.11706438661212983
4,bnci004,MMP_moe,TS,lda,coral,19,4,4,23054,0.05,no_leakage_v1_alpha005,gate_all_sources_proxy_source_only_final_training_only,mmd,,,,,moe,coral,near_nearest_proxy,anchor,1.0,1,1train,proxy_source,False,1.0,4.0,direct,0.09244014440342486,0.06919146175242495,0.11706438661212983
4,bnci004,MMP_moe,TS,lda,coral,19,4,4,23054,0.05,no_leakage_v1_alpha005,gate_all_sources_proxy_source_only_final_training_only,mmd,,,,,moe,coral,near_nearest_proxy,final,1.0,1,1train,train,False,0.42118728290183816,4.0,direct,0.09244014440342486,0.06919146175242495,0.11706438661212983
4,bnci004,MMP_moe,TS,lda,coral,19,4,4,23054,0.05,no_leakage_v1_alpha005,gate_all_sources_proxy_source_only_final_training_only,mmd,,,,,moe,coral,near_nearest_proxy,main,2.0,2,2train,nearest,True,0.578812717098162,4.0,direct,0.0672660680679117,0.044542094278980524,0.09489938698682665
4,bnci004,MMP_moe,TS,lda,coral,19,4,4,23054,0.05,no_leakage_v1_alpha005,gate_all_sources_proxy_source_only_final_training_only,mmd,,,,,moe,coral,near_nearest_proxy,anchor,2.0,2,2train,target,False,,4.0,direct,0.0672660680679117,0.044542094278980524,0.09489938698682665
4,bnci004,MMP_moe,TS,lda,coral,19,4,4,23054,0.05,no_leakage_v1_alpha005,gate_all_sources_proxy_source_only_final_training_only,mmd,,,,,moe,coral,near_nearest_proxy,final,2.0,2,2train,train,True,0.578812717098162,4.0,direct,0.0672660680679117,0.044542094278980524,0.09489938698682665
4,bnci004,MMP_moe,TS,lda,coral,19,4,4,23054,0.05,no_leakage_v1_alpha005,gate_all_sources_proxy_source_only_final_training_only,mmd,,,,,moe,coral,near_nearest_proxy,main,3.0,3,3test,far,False,,4.0,direct,0.15888007912850355,0.1312868792058497,0.18646676580222443
4,bnci004,MMP_moe,TS,lda,coral,19,4,4,23054,0.05,no_leakage_v1_alpha005,gate_all_sources_proxy_source_only_final_training_only,mmd,,,,,moe,coral,near_nearest_proxy,anchor,3.0,3,3test,not_used,False,,4.0,direct,0.15888007912850355,0.1312868792058497,0.18646676580222443
4,bnci004,MMP_moe,TS,lda,coral,19,4,4,23054,0.05,no_leakage_v1_alpha005,gate_all_sources_proxy_source_only_final_training_only,mmd,,,,,moe,coral,near_nearest_proxy,final,3.0,3,3test,not_used,False,,4.0,direct,0.15888007912850355,0.1312868792058497,0.18646676580222443
4,bnci004,MMP_moe,TS,lda,coral,19,4,4,23054,0.05,no_leakage_v1_alpha005,gate_all_sources_proxy_source_only_final_training_only,mmd,,,,,moe,coral,near_nearest_proxy,main,,4,4test,target,False,,,,,,
4,bnci004,MMP_moe,TS,lda,coral,19,4,4,23054,0.05,no_leakage_v1_alpha005,gate_all_sources_proxy_source_only_final_training_only,mmd,,,,,moe,coral,near_nearest_proxy,final,,4,4test,target,False,,,,,,
4,bnci004,MMP_moe,TS,svm_radial,none,20,0,0,23927,0.05,no_leakage_v1_alpha005,gate_all_sources_proxy_source_only_final_training_only,mmd,,,,,moe,coral,near_nearest_proxy,main,0.0,1,1train,nearest,True,0.5968068486927267,0.0,direct,0.05999837765811934,0.03627256466211472,0.08970999008200169
4,bnci004,MMP_moe,TS,svm_radial,none,20,0,0,23927,0.05,no_leakage_v1_alpha005,gate_all_sources_proxy_source_only_final_training_only,mmd,,,,,moe,coral,near_nearest_proxy,anchor,0.0,1,1train,target,False,,0.0,direct,0.05999837765811934,0.03627256466211472,0.08970999008200169
4,bnci004,MMP_moe,TS,svm_radial,none,20,0,0,23927,0.05,no_leakage_v1_alpha005,gate_all_sources_proxy_source_only_final_training_only,mmd,,,,,moe,coral,near_nearest_proxy,final,0.0,1,1train,train,True,0.5968068486927267,0.0,direct,0.05999837765811934,0.03627256466211472,0.08970999008200169
4,bnci004,MMP_moe,TS,svm_radial,none,20,0,0,23927,0.05,no_leakage_v1_alpha005,gate_all_sources_proxy_source_only_final_training_only,mmd,,,,,moe,coral,near_nearest_proxy,main,1.0,2,2train,far,False,,0.0,direct,0.17616415761507956,0.13100263308324053,0.23245140217047341
4,bnci004,MMP_moe,TS,svm_radial,none,20,0,0,23927,0.05,no_leakage_v1_alpha005,gate_all_sources_proxy_source_only_final_training_only,mmd,,,,,moe,coral,near_nearest_proxy,anchor,1.0,2,2train,not_used,False,,0.0,direct,0.17616415761507956,0.13100263308324053,0.23245140217047341
4,bnci004,MMP_moe,TS,svm_radial,none,20,0,0,23927,0.05,no_leakage_v1_alpha005,gate_all_sources_proxy_source_only_final_training_only,mmd,,,,,moe,coral,near_nearest_proxy,final,1.0,2,2train,not_used,False,,0.0,direct,0.17616415761507956,0.13100263308324053,0.23245140217047341
4,bnci004,MMP_moe,TS,svm_radial,none,20,0,0,23927,0.05,no_leakage_v1_alpha005,gate_all_sources_proxy_source_only_final_training_only,mmd,,,,,moe,coral,near_nearest_proxy,main,2.0,3,3test,near,False,0.40319315130727323,0.0,direct,0.08881013031698724,0.06930757259230005,0.11757429714681603
4,bnci004,MMP_moe,TS,svm_radial,none,20,0,0,23927,0.05,no_leakage_v1_alpha005,gate_all_sources_proxy_source_only_final_training_only,mmd,,,,,moe,coral,near_nearest_proxy,anchor,2.0,3,3test,proxy_source,False,1.0,0.0,direct,0.08881013031698724,0.06930757259230005,0.11757429714681603
4,bnci004,MMP_moe,TS,svm_radial,none,20,0,0,23927,0.05,no_leakage_v1_alpha005,gate_all_sources_proxy_source_only_final_training_only,mmd,,,,,moe,coral,near_nearest_proxy,final,2.0,3,3test,train,False,0.40319315130727323,0.0,direct,0.08881013031698724,0.06930757259230005,0.11757429714681603
4,bnci004,MMP_moe,TS,svm_radial,none,20,0,0,23927,0.05,no_leakage_v1_alpha005,gate_all_sources_proxy_source_only_final_training_only,mmd,,,,,moe,coral,near_nearest_proxy,main,3.0,4,4test,far,False,,0.0,direct,0.34300840179040437,0.2703012567644685,0.4378732937546651
4,bnci004,MMP_moe,TS,svm_radial,none,20,0,0,23927,0.05,no_leakage_v1_alpha005,gate_all_sources_proxy_source_only_final_training_only,mmd,,,,,moe,coral,near_nearest_proxy,anchor,3.0,4,4test,not_used,False,,0.0,direct,0.34300840179040437,0.2703012567644685,0.4378732937546651
4,bnci004,MMP_moe,TS,svm_radial,none,20,0,0,23927,0.05,no_leakage_v1_alpha005,gate_all_sources_proxy_source_only_final_training_only,mmd,,,,,moe,coral,near_nearest_proxy,final,3.0,4,4test,not_used,False,,0.0,direct,0.34300840179040437,0.2703012567644685,0.4378732937546651
4,bnci004,MMP_moe,TS,svm_radial,none,20,0,0,23927,0.05,no_leakage_v1_alpha005,gate_all_sources_proxy_source_only_final_training_only,mmd,,,,,moe,coral,near_nearest_proxy,main,,0,0train,target,False,,,,,,
4,bnci004,MMP_moe,TS,svm_radial,none,20,0,0,23927,0.05,no_leakage_v1_alpha005,gate_all_sources_proxy_source_only_final_training_only,mmd,,,,,moe,coral,near_nearest_proxy,final,,0,0train,target,False,,,,,,
4,bnci004,MMP_moe,TS,svm_radial,none,20,1,1,23958,0.05,no_leakage_v1_alpha005,gate_all_sources_proxy_source_only_final_training_only,mmd,,,,,moe,coral,near_nearest_proxy,main,0.0,0,0train,nearest,True,0.5788730767934217,1.0,direct,0.05346936981337014,0.029969956495746294,0.0788907397345911
4,bnci004,MMP_moe,TS,svm_radial,none,20,1,1,23958,0.05,no_leakage_v1_alpha005,gate_all_sources_proxy_source_only_final_training_only,mmd,,,,,moe,coral,near_nearest_proxy,anchor,0.0,0,0train,target,False,,1.0,direct,0.05346936981337014,0.029969956495746294,0.0788907397345911
4,bnci004,MMP_moe,TS,svm_radial,none,20,1,1,23958,0.05,no_leakage_v1_alpha005,gate_all_sources_proxy_source_only_final_training_only,mmd,,,,,moe,coral,near_nearest_proxy,final,0.0,0,0train,train,True,0.5788730767934217,1.0,direct,0.05346936981337014,0.029969956495746294,0.0788907397345911
4,bnci004,MMP_moe,TS,svm_radial,none,20,1,1,23958,0.05,no_leakage_v1_alpha005,gate_all_sources_proxy_source_only_final_training_only,mmd,,,,,moe,coral,near_nearest_proxy,main,1.0,2,2train,near,False,0.4211269232065783,1.0,direct,0.07349835562292296,0.04919427938388096,0.10420992677853937
4,bnci004,MMP_moe,TS,svm_radial,none,20,1,1,23958,0.05,no_leakage_v1_alpha005,gate_all_sources_proxy_source_only_final_training_only,mmd,,,,,moe,coral,near_nearest_proxy,anchor,1.0,2,2train,proxy_source,False,1.0,1.0,direct,0.07349835562292296,0.04919427938388096,0.10420992677853937
4,bnci004,MMP_moe,TS,svm_radial,none,20,1,1,23958,0.05,no_leakage_v1_alpha005,gate_all_sources_proxy_source_only_final_training_only,mmd,,,,,moe,coral,near_nearest_proxy,final,1.0,2,2train,train,False,0.4211269232065783,1.0,direct,0.07349835562292296,0.04919427938388096,0.10420992677853937
4,bnci004,MMP_moe,TS,svm_radial,none,20,1,1,23958,0.05,no_leakage_v1_alpha005,gate_all_sources_proxy_source_only_final_training_only,mmd,,,,,moe,coral,near_nearest_proxy,main,2.0,3,3test,far,False,,1.0,direct,0.11221031427309955,0.08296537090909967,0.1416220323778659
4,bnci004,MMP_moe,TS,svm_radial,none,20,1,1,23958,0.05,no_leakage_v1_alpha005,gate_all_sources_proxy_source_only_final_training_only,mmd,,,,,moe,coral,near_nearest_proxy,anchor,2.0,3,3test,not_used,False,,1.0,direct,0.11221031427309955,0.08296537090909967,0.1416220323778659
4,bnci004,MMP_moe,TS,svm_radial,none,20,1,1,23958,0.05,no_leakage_v1_alpha005,gate_all_sources_proxy_source_only_final_training_only,mmd,,,,,moe,coral,near_nearest_proxy,final,2.0,3,3test,not_used,False,,1.0,direct,0.11221031427309955,0.08296537090909967,0.1416220323778659
4,bnci004,MMP_moe,TS,svm_radial,none,20,1,1,23958,0.05,no_leakage_v1_alpha005,gate_all_sources_proxy_source_only_final_training_only,mmd,,,,,moe,coral,near_nearest_proxy,main,3.0,4,4test,far,False,,1.0,direct,0.1636937864263608,0.1105721137660447,0.2245977265487425
4,bnci004,MMP_moe,TS,svm_radial,none,20,1,1,23958,0.05,no_leakage_v1_alpha005,gate_all_sources_proxy_source_only_final_training_only,mmd,,,,,moe,coral,near_nearest_proxy,anchor,3.0,4,4test,not_used,False,,1.0,direct,0.1636937864263608,0.1105721137660447,0.2245977265487425
4,bnci004,MMP_moe,TS,svm_radial,none,20,1,1,23958,0.05,no_leakage_v1_alpha005,gate_all_sources_proxy_source_only_final_training_only,mmd,,,,,moe,coral,near_nearest_proxy,final,3.0,4,4test,not_used,False,,1.0,direct,0.1636937864263608,0.1105721137660447,0.2245977265487425
4,bnci004,MMP_moe,TS,svm_radial,none,20,1,1,23958,0.05,no_leakage_v1_alpha005,gate_all_sources_proxy_source_only_final_training_only,mmd,,,,,moe,coral,near_nearest_proxy,main,,1,1train,target,False,,,,,,
4,bnci004,MMP_moe,TS,svm_radial,none,20,1,1,23958,0.05,no_leakage_v1_alpha005,gate_all_sources_proxy_source_only_final_training_only,mmd,,,,,moe,coral,near_nearest_proxy,final,,1,1train,target,False,,,,,,
4,bnci004,MMP_moe,TS,svm_radial,none,20,2,2,23989,0.05,no_leakage_v1_alpha005,gate_all_sources_proxy_source_only_final_training_only,mmd,,,,,moe,coral,near_nearest_proxy,main,0.0,0,0train,far,False,,2.0,direct,0.09874123037914362,0.07638492816704237,0.12269862797806656
4,bnci004,MMP_moe,TS,svm_radial,none,20,2,2,23989,0.05,no_leakage_v1_alpha005,gate_all_sources_proxy_source_only_final_training_only,mmd,,,,,moe,coral,near_nearest_proxy,anchor,0.0,0,0train,not_used,False,,2.0,direct,0.09874123037914362,0.07638492816704237,0.12269862797806656
4,bnci004,MMP_moe,TS,svm_radial,none,20,2,2,23989,0.05,no_leakage_v1_alpha005,gate_all_sources_proxy_source_only_final_training_only,mmd,,,,,moe,coral,near_nearest_proxy,final,0.0,0,0train,not_used,False,,2.0,direct,0.09874123037914362,0.07638492816704237,0.12269862797806656
4,bnci004,MMP_moe,TS,svm_radial,none,20,2,2,23989,0.05,no_leakage_v1_alpha005,gate_all_sources_proxy_source_only_final_training_only,mmd,,,,,moe,coral,near_nearest_proxy,main,1.0,1,1train,nearest,True,0.5678925004808205,2.0,direct,0.057558240649569575,0.042923771306673804,0.07545913530234608
4,bnci004,MMP_moe,TS,svm_radial,none,20,2,2,23989,0.05,no_leakage_v1_alpha005,gate_all_sources_proxy_source_only_final_training_only,mmd,,,,,moe,coral,near_nearest_proxy,anchor,1.0,1,1train,target,False,,2.0,direct,0.057558240649569575,0.042923771306673804,0.07545913530234608
4,bnci004,MMP_moe,TS,svm_radial,none,20,2,2,23989,0.05,no_leakage_v1_alpha005,gate_all_sources_proxy_source_only_final_training_only,mmd,,,,,moe,coral,near_nearest_proxy,final,1.0,1,1train,train,True,0.5678925004808205,2.0,direct,0.057558240649569575,0.042923771306673804,0.07545913530234608
4,bnci004,MMP_moe,TS,svm_radial,none,20,2,2,23989,0.05,no_leakage_v1_alpha005,gate_all_sources_proxy_source_only_final_training_only,mmd,,,,,moe,coral,near_nearest_proxy,main,2.0,3,3test,far,False,,2.0,direct,0.09851570225314867,0.07616243895499103,0.12323288119367162
4,bnci004,MMP_moe,TS,svm_radial,none,20,2,2,23989,0.05,no_leakage_v1_alpha005,gate_all_sources_proxy_source_only_final_training_only,mmd,,,,,moe,coral,near_nearest_proxy,anchor,2.0,3,3test,not_used,False,,2.0,direct,0.09851570225314867,0.07616243895499103,0.12323288119367162
4,bnci004,MMP_moe,TS,svm_radial,none,20,2,2,23989,0.05,no_leakage_v1_alpha005,gate_all_sources_proxy_source_only_final_training_only,mmd,,,,,moe,coral,near_nearest_proxy,final,2.0,3,3test,not_used,False,,2.0,direct,0.09851570225314867,0.07616243895499103,0.12323288119367162
4,bnci004,MMP_moe,TS,svm_radial,none,20,2,2,23989,0.05,no_leakage_v1_alpha005,gate_all_sources_proxy_source_only_final_training_only,mmd,,,,,moe,coral,near_nearest_proxy,main,3.0,4,4test,near,False,0.43210749951917954,2.0,direct,0.07564559519826383,0.047152120925850007,0.1074595143160851
4,bnci004,MMP_moe,TS,svm_radial,none,20,2,2,23989,0.05,no_leakage_v1_alpha005,gate_all_sources_proxy_source_only_final_training_only,mmd,,,,,moe,coral,near_nearest_proxy,anchor,3.0,4,4test,proxy_source,False,1.0,2.0,direct,0.07564559519826383,0.047152120925850007,0.1074595143160851
4,bnci004,MMP_moe,TS,svm_radial,none,20,2,2,23989,0.05,no_leakage_v1_alpha005,gate_all_sources_proxy_source_only_final_training_only,mmd,,,,,moe,coral,near_nearest_proxy,final,3.0,4,4test,train,False,0.43210749951917954,2.0,direct,0.07564559519826383,0.047152120925850007,0.1074595143160851
4,bnci004,MMP_moe,TS,svm_radial,none,20,2,2,23989,0.05,no_leakage_v1_alpha005,gate_all_sources_proxy_source_only_final_training_only,mmd,,,,,moe,coral,near_nearest_proxy,main,,2,2train,target,False,,,,,,
4,bnci004,MMP_moe,TS,svm_radial,none,20,2,2,23989,0.05,no_leakage_v1_alpha005,gate_all_sources_proxy_source_only_final_training_only,mmd,,,,,moe,coral,near_nearest_proxy,final,,2,2train,target,False,,,,,,
4,bnci004,MMP_moe,TS,svm_radial,none,20,3,3,24020,0.05,no_leakage_v1_alpha005,gate_all_sources_proxy_source_only_final_training_only,mmd,,,,,moe,coral,near_nearest_proxy,main,0.0,0,0train,nearest,True,0.5658703405968574,3.0,direct,0.07134161286529771,0.056526237263679634,0.08817896327138533
4,bnci004,MMP_moe,TS,svm_radial,none,20,3,3,24020,0.05,no_leakage_v1_alpha005,gate_all_sources_proxy_source_only_final_training_only,mmd,,,,,moe,coral,near_nearest_proxy,anchor,0.0,0,0train,target,False,,3.0,direct,0.07134161286529771,0.056526237263679634,0.08817896327138533
4,bnci004,MMP_moe,TS,svm_radial,none,20,3,3,24020,0.05,no_leakage_v1_alpha005,gate_all_sources_proxy_source_only_final_training_only,mmd,,,,,moe,coral,near_nearest_proxy,final,0.0,0,0train,train,True,0.5658703405968574,3.0,direct,0.07134161286529771,0.056526237263679634,0.08817896327138533
4,bnci004,MMP_moe,TS,svm_radial,none,20,3,3,24020,0.05,no_leakage_v1_alpha005,gate_all_sources_proxy_source_only_final_training_only,mmd,,,,,moe,coral,near_nearest_proxy,main,1.0,1,1train,near,False,0.4341296594031427,3.0,direct,0.09299119200240505,0.07455068864918178,0.11613753577649638
4,bnci004,MMP_moe,TS,svm_radial,none,20,3,3,24020,0.05,no_leakage_v1_alpha005,gate_all_sources_proxy_source_only_final_training_only,mmd,,,,,moe,coral,near_nearest_proxy,anchor,1.0,1,1train,proxy_source,False,1.0,3.0,direct,0.09299119200240505,0.07455068864918178,0.11613753577649638
4,bnci004,MMP_moe,TS,svm_radial,none,20,3,3,24020,0.05,no_leakage_v1_alpha005,gate_all_sources_proxy_source_only_final_training_only,mmd,,,,,moe,coral,near_nearest_proxy,final,1.0,1,1train,train,False,0.4341296594031427,3.0,direct,0.09299119200240505,0.07455068864918178,0.11613753577649638
4,bnci004,MMP_moe,TS,svm_radial,none,20,3,3,24020,0.05,no_leakage_v1_alpha005,gate_all_sources_proxy_source_only_final_training_only,mmd,,,,,moe,coral,near_nearest_proxy,main,2.0,2,2train,far,False,,3.0,direct,0.12881918065182518,0.09488053474320371,0.17463277754289336
4,bnci004,MMP_moe,TS,svm_radial,none,20,3,3,24020,0.05,no_leakage_v1_alpha005,gate_all_sources_proxy_source_only_final_training_only,mmd,,,,,moe,coral,near_nearest_proxy,anchor,2.0,2,2train,not_used,False,,3.0,direct,0.12881918065182518,0.09488053474320371,0.17463277754289336
4,bnci004,MMP_moe,TS,svm_radial,none,20,3,3,24020,0.05,no_leakage_v1_alpha005,gate_all_sources_proxy_source_only_final_training_only,mmd,,,,,moe,coral,near_nearest_proxy,final,2.0,2,2train,not_used,False,,3.0,direct,0.12881918065182518,0.09488053474320371,0.17463277754289336
4,bnci004,MMP_moe,TS,svm_radial,none,20,3,3,24020,0.05,no_leakage_v1_alpha005,gate_all_sources_proxy_source_only_final_training_only,mmd,,,,,moe,coral,near_nearest_proxy,main,3.0,4,4test,far,False,,3.0,direct,0.2692529378320397,0.22271515719408913,0.32319467937872604
4,bnci004,MMP_moe,TS,svm_radial,none,20,3,3,24020,0.05,no_leakage_v1_alpha005,gate_all_sources_proxy_source_only_final_training_only,mmd,,,,,moe,coral,near_nearest_proxy,anchor,3.0,4,4test,not_used,False,,3.0,direct,0.2692529378320397,0.22271515719408913,0.32319467937872604
4,bnci004,MMP_moe,TS,svm_radial,none,20,3,3,24020,0.05,no_leakage_v1_alpha005,gate_all_sources_proxy_source_only_final_training_only,mmd,,,,,moe,coral,near_nearest_proxy,final,3.0,4,4test,not_used,False,,3.0,direct,0.2692529378320397,0.22271515719408913,0.32319467937872604
4,bnci004,MMP_moe,TS,svm_radial,none,20,3,3,24020,0.05,no_leakage_v1_alpha005,gate_all_sources_proxy_source_only_final_training_only,mmd,,,,,moe,coral,near_nearest_proxy,main,,3,3test,target,False,,,,,,
4,bnci004,MMP_moe,TS,svm_radial,none,20,3,3,24020,0.05,no_leakage_v1_alpha005,gate_all_sources_proxy_source_only_final_training_only,mmd,,,,,moe,coral,near_nearest_proxy,final,,3,3test,target,False,,,,,,
4,bnci004,MMP_moe,TS,svm_radial,none,20,4,4,24051,0.05,no_leakage_v1_alpha005,gate_all_sources_proxy_source_only_final_training_only,mmd,,,,,moe,coral,near_nearest_proxy,main,0.0,0,0train,far,False,,4.0,direct,0.1446958528963664,0.11989876029660117,0.18121338495264655
4,bnci004,MMP_moe,TS,svm_radial,none,20,4,4,24051,0.05,no_leakage_v1_alpha005,gate_all_sources_proxy_source_only_final_training_only,mmd,,,,,moe,coral,near_nearest_proxy,anchor,0.0,0,0train,not_used,False,,4.0,direct,0.1446958528963664,0.11989876029660117,0.18121338495264655
4,bnci004,MMP_moe,TS,svm_radial,none,20,4,4,24051,0.05,no_leakage_v1_alpha005,gate_all_sources_proxy_source_only_final_training_only,mmd,,,,,moe,coral,near_nearest_proxy,final,0.0,0,0train,not_used,False,,4.0,direct,0.1446958528963664,0.11989876029660117,0.18121338495264655
4,bnci004,MMP_moe,TS,svm_radial,none,20,4,4,24051,0.05,no_leakage_v1_alpha005,gate_all_sources_proxy_source_only_final_training_only,mmd,,,,,moe,coral,near_nearest_proxy,main,1.0,1,1train,near,False,0.4154440081570342,4.0,direct,0.09188186228477829,0.06489967583300084,0.12006918538052658
4,bnci004,MMP_moe,TS,svm_radial,none,20,4,4,24051,0.05,no_leakage_v1_alpha005,gate_all_sources_proxy_source_only_final_training_only,mmd,,,,,moe,coral,near_nearest_proxy,anchor,1.0,1,1train,proxy_source,False,1.0,4.0,direct,0.09188186228477829,0.06489967583300084,0.12006918538052658
4,bnci004,MMP_moe,TS,svm_radial,none,20,4,4,24051,0.05,no_leakage_v1_alpha005,gate_all_sources_proxy_source_only_final_training_only,mmd,,,,,moe,coral,near_nearest_proxy,final,1.0,1,1train,train,False,0.4154440081570342,4.0,direct,0.09188186228477829,0.06489967583300084,0.12006918538052658
4,bnci004,MMP_moe,TS,svm_radial,none,20,4,4,24051,0.05,no_leakage_v1_alpha005,gate_all_sources_proxy_source_only_final_training_only,mmd,,,,,moe,coral,near_nearest_proxy,main,2.0,2,2train,nearest,True,0.5845559918429658,4.0,direct,0.06530016040412362,0.04656619956748667,0.09159422858861306
4,bnci004,MMP_moe,TS,svm_radial,none,20,4,4,24051,0.05,no_leakage_v1_alpha005,gate_all_sources_proxy_source_only_final_training_only,mmd,,,,,moe,coral,near_nearest_proxy,anchor,2.0,2,2train,target,False,,4.0,direct,0.06530016040412362,0.04656619956748667,0.09159422858861306
4,bnci004,MMP_moe,TS,svm_radial,none,20,4,4,24051,0.05,no_leakage_v1_alpha005,gate_all_sources_proxy_source_only_final_training_only,mmd,,,,,moe,coral,near_nearest_proxy,final,2.0,2,2train,train,True,0.5845559918429658,4.0,direct,0.06530016040412362,0.04656619956748667,0.09159422858861306
4,bnci004,MMP_moe,TS,svm_radial,none,20,4,4,24051,0.05,no_leakage_v1_alpha005,gate_all_sources_proxy_source_only_final_training_only,mmd,,,,,moe,coral,near_nearest_proxy,main,3.0,3,3test,far,False,,4.0,direct,0.1630355601509338,0.13349967851335026,0.1993244683216606
4,bnci004,MMP_moe,TS,svm_radial,none,20,4,4,24051,0.05,no_leakage_v1_alpha005,gate_all_sources_proxy_source_only_final_training_only,mmd,,,,,moe,coral,near_nearest_proxy,anchor,3.0,3,3test,not_used,False,,4.0,direct,0.1630355601509338,0.13349967851335026,0.1993244683216606
4,bnci004,MMP_moe,TS,svm_radial,none,20,4,4,24051,0.05,no_leakage_v1_alpha005,gate_all_sources_proxy_source_only_final_training_only,mmd,,,,,moe,coral,near_nearest_proxy,final,3.0,3,3test,not_used,False,,4.0,direct,0.1630355601509338,0.13349967851335026,0.1993244683216606
4,bnci004,MMP_moe,TS,svm_radial,none,20,4,4,24051,0.05,no_leakage_v1_alpha005,gate_all_sources_proxy_source_only_final_training_only,mmd,,,,,moe,coral,near_nearest_proxy,main,,4,4test,target,False,,,,,,
4,bnci004,MMP_moe,TS,svm_radial,none,20,4,4,24051,0.05,no_leakage_v1_alpha005,gate_all_sources_proxy_source_only_final_training_only,mmd,,,,,moe,coral,near_nearest_proxy,final,,4,4test,target,False,,,,,,
4,bnci004,MMP_moe,TS,svm_radial,sa,21,0,0,24924,0.05,no_leakage_v1_alpha005,gate_all_sources_proxy_source_only_final_training_only,mmd,,,,,moe,coral,near_nearest_proxy,main,0.0,1,1train,nearest,True,0.6098362390813716,0.0,direct,0.057258053370461255,0.03296651566306149,0.0889714740253863
4,bnci004,MMP_moe,TS,svm_radial,sa,21,0,0,24924,0.05,no_leakage_v1_alpha005,gate_all_sources_proxy_source_only_final_training_only,mmd,,,,,moe,coral,near_nearest_proxy,anchor,0.0,1,1train,target,False,,0.0,direct,0.057258053370461255,0.03296651566306149,0.0889714740253863
4,bnci004,MMP_moe,TS,svm_radial,sa,21,0,0,24924,0.05,no_leakage_v1_alpha005,gate_all_sources_proxy_source_only_final_training_only,mmd,,,,,moe,coral,near_nearest_proxy,final,0.0,1,1train,train,True,0.6098362390813716,0.0,direct,0.057258053370461255,0.03296651566306149,0.0889714740253863
4,bnci004,MMP_moe,TS,svm_radial,sa,21,0,0,24924,0.05,no_leakage_v1_alpha005,gate_all_sources_proxy_source_only_final_training_only,mmd,,,,,moe,coral,near_nearest_proxy,main,1.0,2,2train,far,False,,0.0,direct,0.17567778566277106,0.13598505276107486,0.2187252417268535
4,bnci004,MMP_moe,TS,svm_radial,sa,21,0,0,24924,0.05,no_leakage_v1_alpha005,gate_all_sources_proxy_source_only_final_training_only,mmd,,,,,moe,coral,near_nearest_proxy,anchor,1.0,2,2train,not_used,False,,0.0,direct,0.17567778566277106,0.13598505276107486,0.2187252417268535
4,bnci004,MMP_moe,TS,svm_radial,sa,21,0,0,24924,0.05,no_leakage_v1_alpha005,gate_all_sources_proxy_source_only_final_training_only,mmd,,,,,moe,coral,near_nearest_proxy,final,1.0,2,2train,not_used,False,,0.0,direct,0.17567778566277106,0.13598505276107486,0.2187252417268535
4,bnci004,MMP_moe,TS,svm_radial,sa,21,0,0,24924,0.05,no_leakage_v1_alpha005,gate_all_sources_proxy_source_only_final_training_only,mmd,,,,,moe,coral,near_nearest_proxy,main,2.0,3,3test,near,False,0.39016376091862837,0.0,direct,0.08949640918681624,0.0694549178667981,0.1112400227748994
4,bnci004,MMP_moe,TS,svm_radial,sa,21,0,0,24924,0.05,no_leakage_v1_alpha005,gate_all_sources_proxy_source_only_final_training_only,mmd,,,,,moe,coral,near_nearest_proxy,anchor,2.0,3,3test,proxy_source,False,1.0,0.0,direct,0.08949640918681624,0.0694549178667981,0.1112400227748994
4,bnci004,MMP_moe,TS,svm_radial,sa,21,0,0,24924,0.05,no_leakage_v1_alpha005,gate_all_sources_proxy_source_only_final_training_only,mmd,,,,,moe,coral,near_nearest_proxy,final,2.0,3,3test,train,False,0.39016376091862837,0.0,direct,0.08949640918681624,0.0694549178667981,0.1112400227748994
4,bnci004,MMP_moe,TS,svm_radial,sa,21,0,0,24924,0.05,no_leakage_v1_alpha005,gate_all_sources_proxy_source_only_final_training_only,mmd,,,,,moe,coral,near_nearest_proxy,main,3.0,4,4test,far,False,,0.0,direct,0.34263635006236653,0.2586142139558628,0.41007315905927955
4,bnci004,MMP_moe,TS,svm_radial,sa,21,0,0,24924,0.05,no_leakage_v1_alpha005,gate_all_sources_proxy_source_only_final_training_only,mmd,,,,,moe,coral,near_nearest_proxy,anchor,3.0,4,4test,not_used,False,,0.0,direct,0.34263635006236653,0.2586142139558628,0.41007315905927955
4,bnci004,MMP_moe,TS,svm_radial,sa,21,0,0,24924,0.05,no_leakage_v1_alpha005,gate_all_sources_proxy_source_only_final_training_only,mmd,,,,,moe,coral,near_nearest_proxy,final,3.0,4,4test,not_used,False,,0.0,direct,0.34263635006236653,0.2586142139558628,0.41007315905927955
4,bnci004,MMP_moe,TS,svm_radial,sa,21,0,0,24924,0.05,no_leakage_v1_alpha005,gate_all_sources_proxy_source_only_final_training_only,mmd,,,,,moe,coral,near_nearest_proxy,main,,0,0train,target,False,,,,,,
4,bnci004,MMP_moe,TS,svm_radial,sa,21,0,0,24924,0.05,no_leakage_v1_alpha005,gate_all_sources_proxy_source_only_final_training_only,mmd,,,,,moe,coral,near_nearest_proxy,final,,0,0train,target,False,,,,,,
4,bnci004,MMP_moe,TS,svm_radial,sa,21,1,1,24955,0.05,no_leakage_v1_alpha005,gate_all_sources_proxy_source_only_final_training_only,mmd,,,,,moe,coral,near_nearest_proxy,main,0.0,0,0train,nearest,True,0.5694899625558926,1.0,direct,0.056197319289924774,0.033797426195141034,0.08223349987863654
4,bnci004,MMP_moe,TS,svm_radial,sa,21,1,1,24955,0.05,no_leakage_v1_alpha005,gate_all_sources_proxy_source_only_final_training_only,mmd,,,,,moe,coral,near_nearest_proxy,anchor,0.0,0,0train,target,False,,1.0,direct,0.056197319289924774,0.033797426195141034,0.08223349987863654
4,bnci004,MMP_moe,TS,svm_radial,sa,21,1,1,24955,0.05,no_leakage_v1_alpha005,gate_all_sources_proxy_source_only_final_training_only,mmd,,,,,moe,coral,near_nearest_proxy,final,0.0,0,0train,train,True,0.5694899625558926,1.0,direct,0.056197319289924774,0.033797426195141034,0.08223349987863654
4,bnci004,MMP_moe,TS,svm_radial,sa,21,1,1,24955,0.05,no_leakage_v1_alpha005,gate_all_sources_proxy_source_only_final_training_only,mmd,,,,,moe,coral,near_nearest_proxy,main,1.0,2,2train,near,False,0.4305100374441073,1.0,direct,0.07433960989176926,0.05041131299578048,0.10596171603373651
4,bnci004,MMP_moe,TS,svm_radial,sa,21,1,1,24955,0.05,no_leakage_v1_alpha005,gate_all_sources_proxy_source_only_final_training_only,mmd,,,,,moe,coral,near_nearest_proxy,anchor,1.0,2,2train,proxy_source,False,1.0,1.0,direct,0.07433960989176926,0.05041131299578048,0.10596171603373651
4,bnci004,MMP_moe,TS,svm_radial,sa,21,1,1,24955,0.05,no_leakage_v1_alpha005,gate_all_sources_proxy_source_only_final_training_only,mmd,,,,,moe,coral,near_nearest_proxy,final,1.0,2,2train,train,False,0.4305100374441073,1.0,direct,0.07433960989176926,0.05041131299578048,0.10596171603373651
4,bnci004,MMP_moe,TS,svm_radial,sa,21,1,1,24955,0.05,no_leakage_v1_alpha005,gate_all_sources_proxy_source_only_final_training_only,mmd,,,,,moe,coral,near_nearest_proxy,main,2.0,3,3test,far,False,,1.0,direct,0.11381513544770322,0.08525005412573401,0.14414826539404388
4,bnci004,MMP_moe,TS,svm_radial,sa,21,1,1,24955,0.05,no_leakage_v1_alpha005,gate_all_sources_proxy_source_only_final_training_only,mmd,,,,,moe,coral,near_nearest_proxy,anchor,2.0,3,3test,not_used,False,,1.0,direct,0.11381513544770322,0.08525005412573401,0.14414826539404388
4,bnci004,MMP_moe,TS,svm_radial,sa,21,1,1,24955,0.05,no_leakage_v1_alpha005,gate_all_sources_proxy_source_only_final_training_only,mmd,,,,,moe,coral,near_nearest_proxy,final,2.0,3,3test,not_used,False,,1.0,direct,0.11381513544770322,0.08525005412573401,0.14414826539404388
4,bnci004,MMP_moe,TS,svm_radial,sa,21,1,1,24955,0.05,no_leakage_v1_alpha005,gate_all_sources_proxy_source_only_final_training_only,mmd,,,,,moe,coral,near_nearest_proxy,main,3.0,4,4test,far,False,,1.0,direct,0.16443745386836983,0.1094259335351312,0.2209349025937549
4,bnci004,MMP_moe,TS,svm_radial,sa,21,1,1,24955,0.05,no_leakage_v1_alpha005,gate_all_sources_proxy_source_only_final_training_only,mmd,,,,,moe,coral,near_nearest_proxy,anchor,3.0,4,4test,not_used,False,,1.0,direct,0.16443745386836983,0.1094259335351312,0.2209349025937549
4,bnci004,MMP_moe,TS,svm_radial,sa,21,1,1,24955,0.05,no_leakage_v1_alpha005,gate_all_sources_proxy_source_only_final_training_only,mmd,,,,,moe,coral,near_nearest_proxy,final,3.0,4,4test,not_used,False,,1.0,direct,0.16443745386836983,0.1094259335351312,0.2209349025937549
4,bnci004,MMP_moe,TS,svm_radial,sa,21,1,1,24955,0.05,no_leakage_v1_alpha005,gate_all_sources_proxy_source_only_final_training_only,mmd,,,,,moe,coral,near_nearest_proxy,main,,1,1train,target,False,,,,,,
4,bnci004,MMP_moe,TS,svm_radial,sa,21,1,1,24955,0.05,no_leakage_v1_alpha005,gate_all_sources_proxy_source_only_final_training_only,mmd,,,,,moe,coral,near_nearest_proxy,final,,1,1train,target,False,,,,,,
4,bnci004,MMP_moe,TS,svm_radial,sa,21,2,2,24986,0.05,no_leakage_v1_alpha005,gate_all_sources_proxy_source_only_final_training_only,mmd,,,,,moe,coral,near_nearest_proxy,main,0.0,0,0train,near,False,0.19810244939228844,2.0,direct,0.09890097526177832,0.07769651902201555,0.12026526594285877
4,bnci004,MMP_moe,TS,svm_radial,sa,21,2,2,24986,0.05,no_leakage_v1_alpha005,gate_all_sources_proxy_source_only_final_training_only,mmd,,,,,moe,coral,near_nearest_proxy,anchor,0.0,0,0train,proxy_source,False,0.29886386656788905,2.0,direct,0.09890097526177832,0.07769651902201555,0.12026526594285877
4,bnci004,MMP_moe,TS,svm_radial,sa,21,2,2,24986,0.05,no_leakage_v1_alpha005,gate_all_sources_proxy_source_only_final_training_only,mmd,,,,,moe,coral,near_nearest_proxy,final,0.0,0,0train,train,False,0.19810244939228844,2.0,direct,0.09890097526177832,0.07769651902201555,0.12026526594285877
4,bnci004,MMP_moe,TS,svm_radial,sa,21,2,2,24986,0.05,no_leakage_v1_alpha005,gate_all_sources_proxy_source_only_final_training_only,mmd,,,,,moe,coral,near_nearest_proxy,main,1.0,1,1train,nearest,True,0.3371482084225526,2.0,direct,0.05811208813048167,0.044924830644289475,0.07899828944650983
4,bnci004,MMP_moe,TS,svm_radial,sa,21,2,2,24986,0.05,no_leakage_v1_alpha005,gate_all_sources_proxy_source_only_final_training_only,mmd,,,,,moe,coral,near_nearest_proxy,anchor,1.0,1,1train,target,False,,2.0,direct,0.05811208813048167,0.044924830644289475,0.07899828944650983
4,bnci004,MMP_moe,TS,svm_radial,sa,21,2,2,24986,0.05,no_leakage_v1_alpha005,gate_all_sources_proxy_source_only_final_training_only,mmd,,,,,moe,coral,near_nearest_proxy,final,1.0,1,1train,train,True,0.3371482084225526,2.0,direct,0.05811208813048167,0.044924830644289475,0.07899828944650983
4,bnci004,MMP_moe,TS,svm_radial,sa,21,2,2,24986,0.05,no_leakage_v1_alpha005,gate_all_sources_proxy_source_only_final_training_only,mmd,,,,,moe,coral,near_nearest_proxy,main,2.0,3,3test,near,False,0.20150136077947903,2.0,direct,0.09723270340181411,0.07516292504380677,0.12285269766318668
4,bnci004,MMP_moe,TS,svm_radial,sa,21,2,2,24986,0.05,no_leakage_v1_alpha005,gate_all_sources_proxy_source_only_final_training_only,mmd,,,,,moe,coral,near_nearest_proxy,anchor,2.0,3,3test,proxy_source,False,0.30399157600517046,2.0,direct,0.09723270340181411,0.07516292504380677,0.12285269766318668
4,bnci004,MMP_moe,TS,svm_radial,sa,21,2,2,24986,0.05,no_leakage_v1_alpha005,gate_all_sources_proxy_source_only_final_training_only,mmd,,,,,moe,coral,near_nearest_proxy,final,2.0,3,3test,train,False,0.20150136077947903,2.0,direct,0.09723270340181411,0.07516292504380677,0.12285269766318668
4,bnci004,MMP_moe,TS,svm_radial,sa,21,2,2,24986,0.05,no_leakage_v1_alpha005,gate_all_sources_proxy_source_only_final_training_only,mmd,,,,,moe,coral,near_nearest_proxy,main,3.0,4,4test,near,False,0.26324798140567995,2.0,direct,0.07442587098481607,0.049937058596093986,0.10036405039480975
4,bnci004,MMP_moe,TS,svm_radial,sa,21,2,2,24986,0.05,no_leakage_v1_alpha005,gate_all_sources_proxy_source_only_final_training_only,mmd,,,,,moe,coral,near_nearest_proxy,anchor,3.0,4,4test,proxy_source,False,0.39714455742694055,2.0,direct,0.07442587098481607,0.049937058596093986,0.10036405039480975
4,bnci004,MMP_moe,TS,svm_radial,sa,21,2,2,24986,0.05,no_leakage_v1_alpha005,gate_all_sources_proxy_source_only_final_training_only,mmd,,,,,moe,coral,near_nearest_proxy,final,3.0,4,4test,train,False,0.26324798140567995,2.0,direct,0.07442587098481607,0.049937058596093986,0.10036405039480975
4,bnci004,MMP_moe,TS,svm_radial,sa,21,2,2,24986,0.05,no_leakage_v1_alpha005,gate_all_sources_proxy_source_only_final_training_only,mmd,,,,,moe,coral,near_nearest_proxy,main,,2,2train,target,False,,,,,,
4,bnci004,MMP_moe,TS,svm_radial,sa,21,2,2,24986,0.05,no_leakage_v1_alpha005,gate_all_sources_proxy_source_only_final_training_only,mmd,,,,,moe,coral,near_nearest_proxy,final,,2,2train,target,False,,,,,,
4,bnci004,MMP_moe,TS,svm_radial,sa,21,3,3,25017,0.05,no_leakage_v1_alpha005,gate_all_sources_proxy_source_only_final_training_only,mmd,,,,,moe,coral,near_nearest_proxy,main,0.0,0,0train,nearest,True,0.5725150839736072,3.0,direct,0.0705535884158268,0.05633747440073255,0.08602563073778088
4,bnci004,MMP_moe,TS,svm_radial,sa,21,3,3,25017,0.05,no_leakage_v1_alpha005,gate_all_sources_proxy_source_only_final_training_only,mmd,,,,,moe,coral,near_nearest_proxy,anchor,0.0,0,0train,target,False,,3.0,direct,0.0705535884158268,0.05633747440073255,0.08602563073778088
4,bnci004,MMP_moe,TS,svm_radial,sa,21,3,3,25017,0.05,no_leakage_v1_alpha005,gate_all_sources_proxy_source_only_final_training_only,mmd,,,,,moe,coral,near_nearest_proxy,final,0.0,0,0train,train,True,0.5725150839736072,3.0,direct,0.0705535884158268,0.05633747440073255,0.08602563073778088
4,bnci004,MMP_moe,TS,svm_radial,sa,21,3,3,25017,0.05,no_leakage_v1_alpha005,gate_all_sources_proxy_source_only_final_training_only,mmd,,,,,moe,coral,near_nearest_proxy,main,1.0,1,1train,near,False,0.4274849160263928,3.0,direct,0.09449020798712926,0.07588572426008292,0.11770926277116318
4,bnci004,MMP_moe,TS,svm_radial,sa,21,3,3,25017,0.05,no_leakage_v1_alpha005,gate_all_sources_proxy_source_only_final_training_only,mmd,,,,,moe,coral,near_nearest_proxy,anchor,1.0,1,1train,proxy_source,False,1.0,3.0,direct,0.09449020798712926,0.07588572426008292,0.11770926277116318
4,bnci004,MMP_moe,TS,svm_radial,sa,21,3,3,25017,0.05,no_leakage_v1_alpha005,gate_all_sources_proxy_source_only_final_training_only,mmd,,,,,moe,coral,near_nearest_proxy,final,1.0,1,1train,train,False,0.4274849160263928,3.0,direct,0.09449020798712926,0.07588572426008292,0.11770926277116318
4,bnci004,MMP_moe,TS,svm_radial,sa,21,3,3,25017,0.05,no_leakage_v1_alpha005,gate_all_sources_proxy_source_only_final_training_only,mmd,,,,,moe,coral,near_nearest_proxy,main,2.0,2,2train,far,False,,3.0,direct,0.127239049844462,0.08935184572941407,0.17246096332917651
4,bnci004,MMP_moe,TS,svm_radial,sa,21,3,3,25017,0.05,no_leakage_v1_alpha005,gate_all_sources_proxy_source_only_final_training_only,mmd,,,,,moe,coral,near_nearest_proxy,anchor,2.0,2,2train,not_used,False,,3.0,direct,0.127239049844462,0.08935184572941407,0.17246096332917651
4,bnci004,MMP_moe,TS,svm_radial,sa,21,3,3,25017,0.05,no_leakage_v1_alpha005,gate_all_sources_proxy_source_only_final_training_only,mmd,,,,,moe,coral,near_nearest_proxy,final,2.0,2,2train,not_used,False,,3.0,direct,0.127239049844462,0.08935184572941407,0.17246096332917651
4,bnci004,MMP_moe,TS,svm_radial,sa,21,3,3,25017,0.05,no_leakage_v1_alpha005,gate_all_sources_proxy_source_only_final_training_only,mmd,,,,,moe,coral,near_nearest_proxy,main,3.0,4,4test,far,False,,3.0,direct,0.2723679049244555,0.2274236876402329,0.3233724389058815
4,bnci004,MMP_moe,TS,svm_radial,sa,21,3,3,25017,0.05,no_leakage_v1_alpha005,gate_all_sources_proxy_source_only_final_training_only,mmd,,,,,moe,coral,near_nearest_proxy,anchor,3.0,4,4test,not_used,False,,3.0,direct,0.2723679049244555,0.2274236876402329,0.3233724389058815
4,bnci004,MMP_moe,TS,svm_radial,sa,21,3,3,25017,0.05,no_leakage_v1_alpha005,gate_all_sources_proxy_source_only_final_training_only,mmd,,,,,moe,coral,near_nearest_proxy,final,3.0,4,4test,not_used,False,,3.0,direct,0.2723679049244555,0.2274236876402329,0.3233724389058815
4,bnci004,MMP_moe,TS,svm_radial,sa,21,3,3,25017,0.05,no_leakage_v1_alpha005,gate_all_sources_proxy_source_only_final_training_only,mmd,,,,,moe,coral,near_nearest_proxy,main,,3,3test,target,False,,,,,,
4,bnci004,MMP_moe,TS,svm_radial,sa,21,3,3,25017,0.05,no_leakage_v1_alpha005,gate_all_sources_proxy_source_only_final_training_only,mmd,,,,,moe,coral,near_nearest_proxy,final,,3,3test,target,False,,,,,,
4,bnci004,MMP_moe,TS,svm_radial,sa,21,4,4,25048,0.05,no_leakage_v1_alpha005,gate_all_sources_proxy_source_only_final_training_only,mmd,,,,,moe,coral,near_nearest_proxy,main,0.0,0,0train,far,False,,4.0,direct,0.14590179333883607,0.1186070332457955,0.18235061400059221
4,bnci004,MMP_moe,TS,svm_radial,sa,21,4,4,25048,0.05,no_leakage_v1_alpha005,gate_all_sources_proxy_source_only_final_training_only,mmd,,,,,moe,coral,near_nearest_proxy,anchor,0.0,0,0train,not_used,False,,4.0,direct,0.14590179333883607,0.1186070332457955,0.18235061400059221
4,bnci004,MMP_moe,TS,svm_radial,sa,21,4,4,25048,0.05,no_leakage_v1_alpha005,gate_all_sources_proxy_source_only_final_training_only,mmd,,,,,moe,coral,near_nearest_proxy,final,0.0,0,0train,not_used,False,,4.0,direct,0.14590179333883607,0.1186070332457955,0.18235061400059221
4,bnci004,MMP_moe,TS,svm_radial,sa,21,4,4,25048,0.05,no_leakage_v1_alpha005,gate_all_sources_proxy_source_only_final_training_only,mmd,,,,,moe,coral,near_nearest_proxy,main,1.0,1,1train,near,False,0.4184755812631851,4.0,direct,0.09209254718052495,0.06720075129756477,0.12025488684502515
4,bnci004,MMP_moe,TS,svm_radial,sa,21,4,4,25048,0.05,no_leakage_v1_alpha005,gate_all_sources_proxy_source_only_final_training_only,mmd,,,,,moe,coral,near_nearest_proxy,anchor,1.0,1,1train,proxy_source,False,1.0,4.0,direct,0.09209254718052495,0.06720075129756477,0.12025488684502515
4,bnci004,MMP_moe,TS,svm_radial,sa,21,4,4,25048,0.05,no_leakage_v1_alpha005,gate_all_sources_proxy_source_only_final_training_only,mmd,,,,,moe,coral,near_nearest_proxy,final,1.0,1,1train,train,False,0.4184755812631851,4.0,direct,0.09209254718052495,0.06720075129756477,0.12025488684502515
4,bnci004,MMP_moe,TS,svm_radial,sa,21,4,4,25048,0.05,no_leakage_v1_alpha005,gate_all_sources_proxy_source_only_final_training_only,mmd,,,,,moe,coral,near_nearest_proxy,main,2.0,2,2train,nearest,True,0.5815244187368148,4.0,direct,0.06627119673882793,0.04824070611188702,0.09333186605231289
4,bnci004,MMP_moe,TS,svm_radial,sa,21,4,4,25048,0.05,no_leakage_v1_alpha005,gate_all_sources_proxy_source_only_final_training_only,mmd,,,,,moe,coral,near_nearest_proxy,anchor,2.0,2,2train,target,False,,4.0,direct,0.06627119673882793,0.04824070611188702,0.09333186605231289
4,bnci004,MMP_moe,TS,svm_radial,sa,21,4,4,25048,0.05,no_leakage_v1_alpha005,gate_all_sources_proxy_source_only_final_training_only,mmd,,,,,moe,coral,near_nearest_proxy,final,2.0,2,2train,train,True,0.5815244187368148,4.0,direct,0.06627119673882793,0.04824070611188702,0.09333186605231289
4,bnci004,MMP_moe,TS,svm_radial,sa,21,4,4,25048,0.05,no_leakage_v1_alpha005,gate_all_sources_proxy_source_only_final_training_only,mmd,,,,,moe,coral,near_nearest_proxy,main,3.0,3,3test,far,False,,4.0,direct,0.1623843413798115,0.13588906779440407,0.18782111712095728
4,bnci004,MMP_moe,TS,svm_radial,sa,21,4,4,25048,0.05,no_leakage_v1_alpha005,gate_all_sources_proxy_source_only_final_training_only,mmd,,,,,moe,coral,near_nearest_proxy,anchor,3.0,3,3test,not_used,False,,4.0,direct,0.1623843413798115,0.13588906779440407,0.18782111712095728
4,bnci004,MMP_moe,TS,svm_radial,sa,21,4,4,25048,0.05,no_leakage_v1_alpha005,gate_all_sources_proxy_source_only_final_training_only,mmd,,,,,moe,coral,near_nearest_proxy,final,3.0,3,3test,not_used,False,,4.0,direct,0.1623843413798115,0.13588906779440407,0.18782111712095728
4,bnci004,MMP_moe,TS,svm_radial,sa,21,4,4,25048,0.05,no_leakage_v1_alpha005,gate_all_sources_proxy_source_only_final_training_only,mmd,,,,,moe,coral,near_nearest_proxy,main,,4,4test,target,False,,,,,,
4,bnci004,MMP_moe,TS,svm_radial,sa,21,4,4,25048,0.05,no_leakage_v1_alpha005,gate_all_sources_proxy_source_only_final_training_only,mmd,,,,,moe,coral,near_nearest_proxy,final,,4,4test,target,False,,,,,,
4,bnci004,MMP_moe,TS,svm_radial,pt,22,0,0,25921,0.05,no_leakage_v1_alpha005,gate_all_sources_proxy_source_only_final_training_only,mmd,,,,,moe,coral,near_nearest_proxy,main,0.0,1,1train,nearest,True,0.6037419916742349,0.0,direct,0.05780113012319269,0.03378657963424626,0.09305534744450676
4,bnci004,MMP_moe,TS,svm_radial,pt,22,0,0,25921,0.05,no_leakage_v1_alpha005,gate_all_sources_proxy_source_only_final_training_only,mmd,,,,,moe,coral,near_nearest_proxy,anchor,0.0,1,1train,target,False,,0.0,direct,0.05780113012319269,0.03378657963424626,0.09305534744450676
4,bnci004,MMP_moe,TS,svm_radial,pt,22,0,0,25921,0.05,no_leakage_v1_alpha005,gate_all_sources_proxy_source_only_final_training_only,mmd,,,,,moe,coral,near_nearest_proxy,final,0.0,1,1train,train,True,0.6037419916742349,0.0,direct,0.05780113012319269,0.03378657963424626,0.09305534744450676
4,bnci004,MMP_moe,TS,svm_radial,pt,22,0,0,25921,0.05,no_leakage_v1_alpha005,gate_all_sources_proxy_source_only_final_training_only,mmd,,,,,moe,coral,near_nearest_proxy,main,1.0,2,2train,far,False,,0.0,direct,0.17858968478870396,0.1285461922390094,0.23389636721184023
4,bnci004,MMP_moe,TS,svm_radial,pt,22,0,0,25921,0.05,no_leakage_v1_alpha005,gate_all_sources_proxy_source_only_final_training_only,mmd,,,,,moe,coral,near_nearest_proxy,anchor,1.0,2,2train,not_used,False,,0.0,direct,0.17858968478870396,0.1285461922390094,0.23389636721184023
4,bnci004,MMP_moe,TS,svm_radial,pt,22,0,0,25921,0.05,no_leakage_v1_alpha005,gate_all_sources_proxy_source_only_final_training_only,mmd,,,,,moe,coral,near_nearest_proxy,final,1.0,2,2train,not_used,False,,0.0,direct,0.17858968478870396,0.1285461922390094,0.23389636721184023
4,bnci004,MMP_moe,TS,svm_radial,pt,22,0,0,25921,0.05,no_leakage_v1_alpha005,gate_all_sources_proxy_source_only_final_training_only,mmd,,,,,moe,coral,near_nearest_proxy,main,2.0,3,3test,near,False,0.396258008325765,0.0,direct,0.08806680539536817,0.06796459558503315,0.11327503986090343
4,bnci004,MMP_moe,TS,svm_radial,pt,22,0,0,25921,0.05,no_leakage_v1_alpha005,gate_all_sources_proxy_source_only_final_training_only,mmd,,,,,moe,coral,near_nearest_proxy,anchor,2.0,3,3test,proxy_source,False,1.0,0.0,direct,0.08806680539536817,0.06796459558503315,0.11327503986090343
4,bnci004,MMP_moe,TS,svm_radial,pt,22,0,0,25921,0.05,no_leakage_v1_alpha005,gate_all_sources_proxy_source_only_final_training_only,mmd,,,,,moe,coral,near_nearest_proxy,final,2.0,3,3test,train,False,0.396258008325765,0.0,direct,0.08806680539536817,0.06796459558503315,0.11327503986090343
4,bnci004,MMP_moe,TS,svm_radial,pt,22,0,0,25921,0.05,no_leakage_v1_alpha005,gate_all_sources_proxy_source_only_final_training_only,mmd,,,,,moe,coral,near_nearest_proxy,main,3.0,4,4test,far,False,,0.0,direct,0.3446814940176147,0.2864258383481287,0.4114092652787985
4,bnci004,MMP_moe,TS,svm_radial,pt,22,0,0,25921,0.05,no_leakage_v1_alpha005,gate_all_sources_proxy_source_only_final_training_only,mmd,,,,,moe,coral,near_nearest_proxy,anchor,3.0,4,4test,not_used,False,,0.0,direct,0.3446814940176147,0.2864258383481287,0.4114092652787985
4,bnci004,MMP_moe,TS,svm_radial,pt,22,0,0,25921,0.05,no_leakage_v1_alpha005,gate_all_sources_proxy_source_only_final_training_only,mmd,,,,,moe,coral,near_nearest_proxy,final,3.0,4,4test,not_used,False,,0.0,direct,0.3446814940176147,0.2864258383481287,0.4114092652787985
4,bnci004,MMP_moe,TS,svm_radial,pt,22,0,0,25921,0.05,no_leakage_v1_alpha005,gate_all_sources_proxy_source_only_final_training_only,mmd,,,,,moe,coral,near_nearest_proxy,main,,0,0train,target,False,,,,,,
4,bnci004,MMP_moe,TS,svm_radial,pt,22,0,0,25921,0.05,no_leakage_v1_alpha005,gate_all_sources_proxy_source_only_final_training_only,mmd,,,,,moe,coral,near_nearest_proxy,final,,0,0train,target,False,,,,,,
4,bnci004,MMP_moe,TS,svm_radial,pt,22,1,1,25952,0.05,no_leakage_v1_alpha005,gate_all_sources_proxy_source_only_final_training_only,mmd,,,,,moe,coral,near_nearest_proxy,main,0.0,0,0train,nearest,True,0.579286883129881,1.0,direct,0.05395270453303391,0.033738214269181166,0.0793761183839593
4,bnci004,MMP_moe,TS,svm_radial,pt,22,1,1,25952,0.05,no_leakage_v1_alpha005,gate_all_sources_proxy_source_only_final_training_only,mmd,,,,,moe,coral,near_nearest_proxy,anchor,0.0,0,0train,target,False,,1.0,direct,0.05395270453303391,0.033738214269181166,0.0793761183839593
4,bnci004,MMP_moe,TS,svm_radial,pt,22,1,1,25952,0.05,no_leakage_v1_alpha005,gate_all_sources_proxy_source_only_final_training_only,mmd,,,,,moe,coral,near_nearest_proxy,final,0.0,0,0train,train,True,0.579286883129881,1.0,direct,0.05395270453303391,0.033738214269181166,0.0793761183839593
4,bnci004,MMP_moe,TS,svm_radial,pt,22,1,1,25952,0.05,no_leakage_v1_alpha005,gate_all_sources_proxy_source_only_final_training_only,mmd,,,,,moe,coral,near_nearest_proxy,main,1.0,2,2train,near,False,0.42071311687011903,1.0,direct,0.07428875251537158,0.04875278135043874,0.10768987154986005
4,bnci004,MMP_moe,TS,svm_radial,pt,22,1,1,25952,0.05,no_leakage_v1_alpha005,gate_all_sources_proxy_source_only_final_training_only,mmd,,,,,moe,coral,near_nearest_proxy,anchor,1.0,2,2train,proxy_source,False,1.0,1.0,direct,0.07428875251537158,0.04875278135043874,0.10768987154986005
4,bnci004,MMP_moe,TS,svm_radial,pt,22,1,1,25952,0.05,no_leakage_v1_alpha005,gate_all_sources_proxy_source_only_final_training_only,mmd,,,,,moe,coral,near_nearest_proxy,final,1.0,2,2train,train,False,0.42071311687011903,1.0,direct,0.07428875251537158,0.04875278135043874,0.10768987154986005
4,bnci004,MMP_moe,TS,svm_radial,pt,22,1,1,25952,0.05,no_leakage_v1_alpha005,gate_all_sources_proxy_source_only_final_training_only,mmd,,,,,moe,coral,near_nearest_proxy,main,2.0,3,3test,far,False,,1.0,direct,0.11155990281948697,0.0854911252765797,0.1435170884103131
4,bnci004,MMP_moe,TS,svm_radial,pt,22,1,1,25952,0.05,no_leakage_v1_alpha005,gate_all_sources_proxy_source_only_final_training_only,mmd,,,,,moe,coral,near_nearest_proxy,anchor,2.0,3,3test,not_used,False,,1.0,direct,0.11155990281948697,0.0854911252765797,0.1435170884103131
4,bnci004,MMP_moe,TS,svm_radial,pt,22,1,1,25952,0.05,no_leakage_v1_alpha005,gate_all_sources_proxy_source_only_final_training_only,mmd,,,,,moe,coral,near_nearest_proxy,final,2.0,3,3test,not_used,False,,1.0,direct,0.11155990281948697,0.0854911252765797,0.1435170884103131
4,bnci004,MMP_moe,TS,svm_radial,pt,22,1,1,25952,0.05,no_leakage_v1_alpha005,gate_all_sources_proxy_source_only_final_training_only,mmd,,,,,moe,coral,near_nearest_proxy,main,3.0,4,4test,far,False,,1.0,direct,0.1646234709052778,0.11510012444869865,0.2208862263356316
4,bnci004,MMP_moe,TS,svm_radial,pt,22,1,1,25952,0.05,no_leakage_v1_alpha005,gate_all_sources_proxy_source_only_final_training_only,mmd,,,,,moe,coral,near_nearest_proxy,anchor,3.0,4,4test,not_used,False,,1.0,direct,0.1646234709052778,0.11510012444869865,0.2208862263356316
4,bnci004,MMP_moe,TS,svm_radial,pt,22,1,1,25952,0.05,no_leakage_v1_alpha005,gate_all_sources_proxy_source_only_final_training_only,mmd,,,,,moe,coral,near_nearest_proxy,final,3.0,4,4test,not_used,False,,1.0,direct,0.1646234709052778,0.11510012444869865,0.2208862263356316
4,bnci004,MMP_moe,TS,svm_radial,pt,22,1,1,25952,0.05,no_leakage_v1_alpha005,gate_all_sources_proxy_source_only_final_training_only,mmd,,,,,moe,coral,near_nearest_proxy,main,,1,1train,target,False,,,,,,
4,bnci004,MMP_moe,TS,svm_radial,pt,22,1,1,25952,0.05,no_leakage_v1_alpha005,gate_all_sources_proxy_source_only_final_training_only,mmd,,,,,moe,coral,near_nearest_proxy,final,,1,1train,target,False,,,,,,
4,bnci004,MMP_moe,TS,svm_radial,pt,22,2,2,25983,0.05,no_leakage_v1_alpha005,gate_all_sources_proxy_source_only_final_training_only,mmd,,,,,moe,coral,near_nearest_proxy,main,0.0,0,0train,far,False,,2.0,direct,0.09933107875167681,0.07696776794076114,0.12640054557358255
4,bnci004,MMP_moe,TS,svm_radial,pt,22,2,2,25983,0.05,no_leakage_v1_alpha005,gate_all_sources_proxy_source_only_final_training_only,mmd,,,,,moe,coral,near_nearest_proxy,anchor,0.0,0,0train,not_used,False,,2.0,direct,0.09933107875167681,0.07696776794076114,0.12640054557358255
4,bnci004,MMP_moe,TS,svm_radial,pt,22,2,2,25983,0.05,no_leakage_v1_alpha005,gate_all_sources_proxy_source_only_final_training_only,mmd,,,,,moe,coral,near_nearest_proxy,final,0.0,0,0train,not_used,False,,2.0,direct,0.09933107875167681,0.07696776794076114,0.12640054557358255
4,bnci004,MMP_moe,TS,svm_radial,pt,22,2,2,25983,0.05,no_leakage_v1_alpha005,gate_all_sources_proxy_source_only_final_training_only,mmd,,,,,moe,coral,near_nearest_proxy,main,1.0,1,1train,nearest,True,0.5599021420491206,2.0,direct,0.05777968032660984,0.04268917075113356,0.07602431375178623
4,bnci004,MMP_moe,TS,svm_radial,pt,22,2,2,25983,0.05,no_leakage_v1_alpha005,gate_all_sources_proxy_source_only_final_training_only,mmd,,,,,moe,coral,near_nearest_proxy,anchor,1.0,1,1train,target,False,,2.0,direct,0.05777968032660984,0.04268917075113356,0.07602431375178623
4,bnci004,MMP_moe,TS,svm_radial,pt,22,2,2,25983,0.05,no_leakage_v1_alpha005,gate_all_sources_proxy_source_only_final_training_only,mmd,,,,,moe,coral,near_nearest_proxy,final,1.0,1,1train,train,True,0.5599021420491206,2.0,direct,0.05777968032660984,0.04268917075113356,0.07602431375178623
4,bnci004,MMP_moe,TS,svm_radial,pt,22,2,2,25983,0.05,no_leakage_v1_alpha005,gate_all_sources_proxy_source_only_final_training_only,mmd,,,,,moe,coral,near_nearest_proxy,main,2.0,3,3test,far,False,,2.0,direct,0.09986566035828139,0.07733260324457367,0.12758002421845877
4,bnci004,MMP_moe,TS,svm_radial,pt,22,2,2,25983,0.05,no_leakage_v1_alpha005,gate_all_sources_proxy_source_only_final_training_only,mmd,,,,,moe,coral,near_nearest_proxy,anchor,2.0,3,3test,not_used,False,,2.0,direct,0.09986566035828139,0.07733260324457367,0.12758002421845877
4,bnci004,MMP_moe,TS,svm_radial,pt,22,2,2,25983,0.05,no_leakage_v1_alpha005,gate_all_sources_proxy_source_only_final_training_only,mmd,,,,,moe,coral,near_nearest_proxy,final,2.0,3,3test,not_used,False,,2.0,direct,0.09986566035828139,0.07733260324457367,0.12758002421845877
4,bnci004,MMP_moe,TS,svm_radial,pt,22,2,2,25983,0.05,no_leakage_v1_alpha005,gate_all_sources_proxy_source_only_final_training_only,mmd,,,,,moe,coral,near_nearest_proxy,main,3.0,4,4test,near,False,0.44009785795087947,2.0,direct,0.0735088480927739,0.04928803438300909,0.1052212571588293
4,bnci004,MMP_moe,TS,svm_radial,pt,22,2,2,25983,0.05,no_leakage_v1_alpha005,gate_all_sources_proxy_source_only_final_training_only,mmd,,,,,moe,coral,near_nearest_proxy,anchor,3.0,4,4test,proxy_source,False,1.0,2.0,direct,0.0735088480927739,0.04928803438300909,0.1052212571588293
4,bnci004,MMP_moe,TS,svm_radial,pt,22,2,2,25983,0.05,no_leakage_v1_alpha005,gate_all_sources_proxy_source_only_final_training_only,mmd,,,,,moe,coral,near_nearest_proxy,final,3.0,4,4test,train,False,0.44009785795087947,2.0,direct,0.0735088480927739,0.04928803438300909,0.1052212571588293
4,bnci004,MMP_moe,TS,svm_radial,pt,22,2,2,25983,0.05,no_leakage_v1_alpha005,gate_all_sources_proxy_source_only_final_training_only,mmd,,,,,moe,coral,near_nearest_proxy,main,,2,2train,target,False,,,,,,
4,bnci004,MMP_moe,TS,svm_radial,pt,22,2,2,25983,0.05,no_leakage_v1_alpha005,gate_all_sources_proxy_source_only_final_training_only,mmd,,,,,moe,coral,near_nearest_proxy,final,,2,2train,target,False,,,,,,
4,bnci004,MMP_moe,TS,svm_radial,pt,22,3,3,26014,0.05,no_leakage_v1_alpha005,gate_all_sources_proxy_source_only_final_training_only,mmd,,,,,moe,coral,near_nearest_proxy,main,0.0,0,0train,nearest,True,0.5663272908233331,3.0,direct,0.07157326932183401,0.057417886616949375,0.08899539748325944
4,bnci004,MMP_moe,TS,svm_radial,pt,22,3,3,26014,0.05,no_leakage_v1_alpha005,gate_all_sources_proxy_source_only_final_training_only,mmd,,,,,moe,coral,near_nearest_proxy,anchor,0.0,0,0train,target,False,,3.0,direct,0.07157326932183401,0.057417886616949375,0.08899539748325944
4,bnci004,MMP_moe,TS,svm_radial,pt,22,3,3,26014,0.05,no_leakage_v1_alpha005,gate_all_sources_proxy_source_only_final_training_only,mmd,,,,,moe,coral,near_nearest_proxy,final,0.0,0,0train,train,True,0.5663272908233331,3.0,direct,0.07157326932183401,0.057417886616949375,0.08899539748325944
4,bnci004,MMP_moe,TS,svm_radial,pt,22,3,3,26014,0.05,no_leakage_v1_alpha005,gate_all_sources_proxy_source_only_final_training_only,mmd,,,,,moe,coral,near_nearest_proxy,main,1.0,1,1train,near,False,0.4336727091766669,3.0,direct,0.09346686454386086,0.07399760123287132,0.11336937457518362
4,bnci004,MMP_moe,TS,svm_radial,pt,22,3,3,26014,0.05,no_leakage_v1_alpha005,gate_all_sources_proxy_source_only_final_training_only,mmd,,,,,moe,coral,near_nearest_proxy,anchor,1.0,1,1train,proxy_source,False,1.0,3.0,direct,0.09346686454386086,0.07399760123287132,0.11336937457518362
4,bnci004,MMP_moe,TS,svm_radial,pt,22,3,3,26014,0.05,no_leakage_v1_alpha005,gate_all_sources_proxy_source_only_final_training_only,mmd,,,,,moe,coral,near_nearest_proxy,final,1.0,1,1train,train,False,0.4336727091766669,3.0,direct,0.09346686454386086,0.07399760123287132,0.11336937457518362
4,bnci004,MMP_moe,TS,svm_radial,pt,22,3,3,26014,0.05,no_leakage_v1_alpha005,gate_all_sources_proxy_source_only_final_training_only,mmd,,,,,moe,coral,near_nearest_proxy,main,2.0,2,2train,far,False,,3.0,direct,0.13048555183616056,0.10199599168997012,0.16899925273490024
4,bnci004,MMP_moe,TS,svm_radial,pt,22,3,3,26014,0.05,no_leakage_v1_alpha005,gate_all_sources_proxy_source_only_final_training_only,mmd,,,,,moe,coral,near_nearest_proxy,anchor,2.0,2,2train,not_used,False,,3.0,direct,0.13048555183616056,0.10199599168997012,0.16899925273490024
4,bnci004,MMP_moe,TS,svm_radial,pt,22,3,3,26014,0.05,no_leakage_v1_alpha005,gate_all_sources_proxy_source_only_final_training_only,mmd,,,,,moe,coral,near_nearest_proxy,final,2.0,2,2train,not_used,False,,3.0,direct,0.13048555183616056,0.10199599168997012,0.16899925273490024
4,bnci004,MMP_moe,TS,svm_radial,pt,22,3,3,26014,0.05,no_leakage_v1_alpha005,gate_all_sources_proxy_source_only_final_training_only,mmd,,,,,moe,coral,near_nearest_proxy,main,3.0,4,4test,far,False,,3.0,direct,0.27178934892694895,0.21989303855192474,0.32126655381417474
4,bnci004,MMP_moe,TS,svm_radial,pt,22,3,3,26014,0.05,no_leakage_v1_alpha005,gate_all_sources_proxy_source_only_final_training_only,mmd,,,,,moe,coral,near_nearest_proxy,anchor,3.0,4,4test,not_used,False,,3.0,direct,0.27178934892694895,0.21989303855192474,0.32126655381417474
4,bnci004,MMP_moe,TS,svm_radial,pt,22,3,3,26014,0.05,no_leakage_v1_alpha005,gate_all_sources_proxy_source_only_final_training_only,mmd,,,,,moe,coral,near_nearest_proxy,final,3.0,4,4test,not_used,False,,3.0,direct,0.27178934892694895,0.21989303855192474,0.32126655381417474
4,bnci004,MMP_moe,TS,svm_radial,pt,22,3,3,26014,0.05,no_leakage_v1_alpha005,gate_all_sources_proxy_source_only_final_training_only,mmd,,,,,moe,coral,near_nearest_proxy,main,,3,3test,target,False,,,,,,
4,bnci004,MMP_moe,TS,svm_radial,pt,22,3,3,26014,0.05,no_leakage_v1_alpha005,gate_all_sources_proxy_source_only_final_training_only,mmd,,,,,moe,coral,near_nearest_proxy,final,,3,3test,target,False,,,,,,
4,bnci004,MMP_moe,TS,svm_radial,pt,22,4,4,26045,0.05,no_leakage_v1_alpha005,gate_all_sources_proxy_source_only_final_training_only,mmd,,,,,moe,coral,near_nearest_proxy,main,0.0,0,0train,far,False,,4.0,direct,0.14647880345160721,0.11783477901753775,0.18118683001166258
4,bnci004,MMP_moe,TS,svm_radial,pt,22,4,4,26045,0.05,no_leakage_v1_alpha005,gate_all_sources_proxy_source_only_final_training_only,mmd,,,,,moe,coral,near_nearest_proxy,anchor,0.0,0,0train,not_used,False,,4.0,direct,0.14647880345160721,0.11783477901753775,0.18118683001166258
4,bnci004,MMP_moe,TS,svm_radial,pt,22,4,4,26045,0.05,no_leakage_v1_alpha005,gate_all_sources_proxy_source_only_final_training_only,mmd,,,,,moe,coral,near_nearest_proxy,final,0.0,0,0train,not_used,False,,4.0,direct,0.14647880345160721,0.11783477901753775,0.18118683001166258
4,bnci004,MMP_moe,TS,svm_radial,pt,22,4,4,26045,0.05,no_leakage_v1_alpha005,gate_all_sources_proxy_source_only_final_training_only,mmd,,,,,moe,coral,near_nearest_proxy,main,1.0,1,1train,near,False,0.4190326611937041,4.0,direct,0.09356336228307814,0.06940721992174814,0.12414356580448226
4,bnci004,MMP_moe,TS,svm_radial,pt,22,4,4,26045,0.05,no_leakage_v1_alpha005,gate_all_sources_proxy_source_only_final_training_only,mmd,,,,,moe,coral,near_nearest_proxy,anchor,1.0,1,1train,proxy_source,False,1.0,4.0,direct,0.09356336228307814,0.06940721992174814,0.12414356580448226
4,bnci004,MMP_moe,TS,svm_radial,pt,22,4,4,26045,0.05,no_leakage_v1_alpha005,gate_all_sources_proxy_source_only_final_training_only,mmd,,,,,moe,coral,near_nearest_proxy,final,1.0,1,1train,train,False,0.4190326611937041,4.0,direct,0.09356336228307814,0.06940721992174814,0.12414356580448226
4,bnci004,MMP_moe,TS,svm_radial,pt,22,4,4,26045,0.05,no_leakage_v1_alpha005,gate_all_sources_proxy_source_only_final_training_only,mmd,,,,,moe,coral,near_nearest_proxy,main,2.0,2,2train,nearest,True,0.5809673388062959,4.0,direct,0.06748390164856267,0.04383369992124019,0.09578962475878271
4,bnci004,MMP_moe,TS,svm_radial,pt,22,4,4,26045,0.05,no_leakage_v1_alpha005,gate_all_sources_proxy_source_only_final_training_only,mmd,,,,,moe,coral,near_nearest_proxy,anchor,2.0,2,2train,target,False,,4.0,direct,0.06748390164856267,0.04383369992124019,0.09578962475878271
4,bnci004,MMP_moe,TS,svm_radial,pt,22,4,4,26045,0.05,no_leakage_v1_alpha005,gate_all_sources_proxy_source_only_final_training_only,mmd,,,,,moe,coral,near_nearest_proxy,final,2.0,2,2train,train,True,0.5809673388062959,4.0,direct,0.06748390164856267,0.04383369992124019,0.09578962475878271
4,bnci004,MMP_moe,TS,svm_radial,pt,22,4,4,26045,0.05,no_leakage_v1_alpha005,gate_all_sources_proxy_source_only_final_training_only,mmd,,,,,moe,coral,near_nearest_proxy,main,3.0,3,3test,far,False,,4.0,direct,0.16108509777969238,0.13592697333218454,0.1854589624538177
4,bnci004,MMP_moe,TS,svm_radial,pt,22,4,4,26045,0.05,no_leakage_v1_alpha005,gate_all_sources_proxy_source_only_final_training_only,mmd,,,,,moe,coral,near_nearest_proxy,anchor,3.0,3,3test,not_used,False,,4.0,direct,0.16108509777969238,0.13592697333218454,0.1854589624538177
4,bnci004,MMP_moe,TS,svm_radial,pt,22,4,4,26045,0.05,no_leakage_v1_alpha005,gate_all_sources_proxy_source_only_final_training_only,mmd,,,,,moe,coral,near_nearest_proxy,final,3.0,3,3test,not_used,False,,4.0,direct,0.16108509777969238,0.13592697333218454,0.1854589624538177
4,bnci004,MMP_moe,TS,svm_radial,pt,22,4,4,26045,0.05,no_leakage_v1_alpha005,gate_all_sources_proxy_source_only_final_training_only,mmd,,,,,moe,coral,near_nearest_proxy,main,,4,4test,target,False,,,,,,
4,bnci004,MMP_moe,TS,svm_radial,pt,22,4,4,26045,0.05,no_leakage_v1_alpha005,gate_all_sources_proxy_source_only_final_training_only,mmd,,,,,moe,coral,near_nearest_proxy,final,,4,4test,target,False,,,,,,
4,bnci004,MMP_moe,TS,svm_radial,coral,23,0,0,26918,0.05,no_leakage_v1_alpha005,gate_all_sources_proxy_source_only_final_training_only,mmd,,,,,moe,coral,near_nearest_proxy,main,0.0,1,1train,nearest,True,0.6029699303355599,0.0,direct,0.058502521022003616,0.03434878059061667,0.09292658696520144
4,bnci004,MMP_moe,TS,svm_radial,coral,23,0,0,26918,0.05,no_leakage_v1_alpha005,gate_all_sources_proxy_source_only_final_training_only,mmd,,,,,moe,coral,near_nearest_proxy,anchor,0.0,1,1train,target,False,,0.0,direct,0.058502521022003616,0.03434878059061667,0.09292658696520144
4,bnci004,MMP_moe,TS,svm_radial,coral,23,0,0,26918,0.05,no_leakage_v1_alpha005,gate_all_sources_proxy_source_only_final_training_only,mmd,,,,,moe,coral,near_nearest_proxy,final,0.0,1,1train,train,True,0.6029699303355599,0.0,direct,0.058502521022003616,0.03434878059061667,0.09292658696520144
4,bnci004,MMP_moe,TS,svm_radial,coral,23,0,0,26918,0.05,no_leakage_v1_alpha005,gate_all_sources_proxy_source_only_final_training_only,mmd,,,,,moe,coral,near_nearest_proxy,main,1.0,2,2train,far,False,,0.0,direct,0.17591538884889313,0.1269893342537274,0.2318145111762036
4,bnci004,MMP_moe,TS,svm_radial,coral,23,0,0,26918,0.05,no_leakage_v1_alpha005,gate_all_sources_proxy_source_only_final_training_only,mmd,,,,,moe,coral,near_nearest_proxy,anchor,1.0,2,2train,not_used,False,,0.0,direct,0.17591538884889313,0.1269893342537274,0.2318145111762036
4,bnci004,MMP_moe,TS,svm_radial,coral,23,0,0,26918,0.05,no_leakage_v1_alpha005,gate_all_sources_proxy_source_only_final_training_only,mmd,,,,,moe,coral,near_nearest_proxy,final,1.0,2,2train,not_used,False,,0.0,direct,0.17591538884889313,0.1269893342537274,0.2318145111762036
4,bnci004,MMP_moe,TS,svm_radial,coral,23,0,0,26918,0.05,no_leakage_v1_alpha005,gate_all_sources_proxy_source_only_final_training_only,mmd,,,,,moe,coral,near_nearest_proxy,main,2.0,3,3test,near,False,0.39703006966444016,0.0,direct,0.08884835094421628,0.06771794519406879,0.11289376918311178
4,bnci004,MMP_moe,TS,svm_radial,coral,23,0,0,26918,0.05,no_leakage_v1_alpha005,gate_all_sources_proxy_source_only_final_training_only,mmd,,,,,moe,coral,near_nearest_proxy,anchor,2.0,3,3test,proxy_source,False,1.0,0.0,direct,0.08884835094421628,0.06771794519406879,0.11289376918311178
4,bnci004,MMP_moe,TS,svm_radial,coral,23,0,0,26918,0.05,no_leakage_v1_alpha005,gate_all_sources_proxy_source_only_final_training_only,mmd,,,,,moe,coral,near_nearest_proxy,final,2.0,3,3test,train,False,0.39703006966444016,0.0,direct,0.08884835094421628,0.06771794519406879,0.11289376918311178
4,bnci004,MMP_moe,TS,svm_radial,coral,23,0,0,26918,0.05,no_leakage_v1_alpha005,gate_all_sources_proxy_source_only_final_training_only,mmd,,,,,moe,coral,near_nearest_proxy,main,3.0,4,4test,far,False,,0.0,direct,0.340838798846392,0.2710778256848791,0.418967041610585
4,bnci004,MMP_moe,TS,svm_radial,coral,23,0,0,26918,0.05,no_leakage_v1_alpha005,gate_all_sources_proxy_source_only_final_training_only,mmd,,,,,moe,coral,near_nearest_proxy,anchor,3.0,4,4test,not_used,False,,0.0,direct,0.340838798846392,0.2710778256848791,0.418967041610585
4,bnci004,MMP_moe,TS,svm_radial,coral,23,0,0,26918,0.05,no_leakage_v1_alpha005,gate_all_sources_proxy_source_only_final_training_only,mmd,,,,,moe,coral,near_nearest_proxy,final,3.0,4,4test,not_used,False,,0.0,direct,0.340838798846392,0.2710778256848791,0.418967041610585
4,bnci004,MMP_moe,TS,svm_radial,coral,23,0,0,26918,0.05,no_leakage_v1_alpha005,gate_all_sources_proxy_source_only_final_training_only,mmd,,,,,moe,coral,near_nearest_proxy,main,,0,0train,target,False,,,,,,
4,bnci004,MMP_moe,TS,svm_radial,coral,23,0,0,26918,0.05,no_leakage_v1_alpha005,gate_all_sources_proxy_source_only_final_training_only,mmd,,,,,moe,coral,near_nearest_proxy,final,,0,0train,target,False,,,,,,
4,bnci004,MMP_moe,TS,svm_radial,coral,23,1,1,26949,0.05,no_leakage_v1_alpha005,gate_all_sources_proxy_source_only_final_training_only,mmd,,,,,moe,coral,near_nearest_proxy,main,0.0,0,0train,nearest,True,0.5727777583852017,1.0,direct,0.05483504953005733,0.03379057568170796,0.07928205098287354
4,bnci004,MMP_moe,TS,svm_radial,coral,23,1,1,26949,0.05,no_leakage_v1_alpha005,gate_all_sources_proxy_source_only_final_training_only,mmd,,,,,moe,coral,near_nearest_proxy,anchor,0.0,0,0train,target,False,,1.0,direct,0.05483504953005733,0.03379057568170796,0.07928205098287354
4,bnci004,MMP_moe,TS,svm_radial,coral,23,1,1,26949,0.05,no_leakage_v1_alpha005,gate_all_sources_proxy_source_only_final_training_only,mmd,,,,,moe,coral,near_nearest_proxy,final,0.0,0,0train,train,True,0.5727777583852017,1.0,direct,0.05483504953005733,0.03379057568170796,0.07928205098287354
4,bnci004,MMP_moe,TS,svm_radial,coral,23,1,1,26949,0.05,no_leakage_v1_alpha005,gate_all_sources_proxy_source_only_final_training_only,mmd,,,,,moe,coral,near_nearest_proxy,main,1.0,2,2train,near,False,0.42722224161479827,1.0,direct,0.07351780700266936,0.04551623703542804,0.1013678556575941
4,bnci004,MMP_moe,TS,svm_radial,coral,23,1,1,26949,0.05,no_leakage_v1_alpha005,gate_all_sources_proxy_source_only_final_training_only,mmd,,,,,moe,coral,near_nearest_proxy,anchor,1.0,2,2train,proxy_source,False,1.0,1.0,direct,0.07351780700266936,0.04551623703542804,0.1013678556575941
4,bnci004,MMP_moe,TS,svm_radial,coral,23,1,1,26949,0.05,no_leakage_v1_alpha005,gate_all_sources_proxy_source_only_final_training_only,mmd,,,,,moe,coral,near_nearest_proxy,final,1.0,2,2train,train,False,0.42722224161479827,1.0,direct,0.07351780700266936,0.04551623703542804,0.1013678556575941
4,bnci004,MMP_moe,TS,svm_radial,coral,23,1,1,26949,0.05,no_leakage_v1_alpha005,gate_all_sources_proxy_source_only_final_training_only,mmd,,,,,moe,coral,near_nearest_proxy,main,2.0,3,3test,far,False,,1.0,direct,0.11272463076313091,0.08547010351456244,0.14883848490058132
4,bnci004,MMP_moe,TS,svm_radial,coral,23,1,1,26949,0.05,no_leakage_v1_alpha005,gate_all_sources_proxy_source_only_final_training_only,mmd,,,,,moe,coral,near_nearest_proxy,anchor,2.0,3,3test,not_used,False,,1.0,direct,0.11272463076313091,0.08547010351456244,0.14883848490058132
4,bnci004,MMP_moe,TS,svm_radial,coral,23,1,1,26949,0.05,no_leakage_v1_alpha005,gate_all_sources_proxy_source_only_final_training_only,mmd,,,,,moe,coral,near_nearest_proxy,final,2.0,3,3test,not_used,False,,1.0,direct,0.11272463076313091,0.08547010351456244,0.14883848490058132
4,bnci004,MMP_moe,TS,svm_radial,coral,23,1,1,26949,0.05,no_leakage_v1_alpha005,gate_all_sources_proxy_source_only_final_training_only,mmd,,,,,moe,coral,near_nearest_proxy,main,3.0,4,4test,far,False,,1.0,direct,0.16216302947416367,0.11735902866845642,0.21357040490779952
4,bnci004,MMP_moe,TS,svm_radial,coral,23,1,1,26949,0.05,no_leakage_v1_alpha005,gate_all_sources_proxy_source_only_final_training_only,mmd,,,,,moe,coral,near_nearest_proxy,anchor,3.0,4,4test,not_used,False,,1.0,direct,0.16216302947416367,0.11735902866845642,0.21357040490779952
4,bnci004,MMP_moe,TS,svm_radial,coral,23,1,1,26949,0.05,no_leakage_v1_alpha005,gate_all_sources_proxy_source_only_final_training_only,mmd,,,,,moe,coral,near_nearest_proxy,final,3.0,4,4test,not_used,False,,1.0,direct,0.16216302947416367,0.11735902866845642,0.21357040490779952
4,bnci004,MMP_moe,TS,svm_radial,coral,23,1,1,26949,0.05,no_leakage_v1_alpha005,gate_all_sources_proxy_source_only_final_training_only,mmd,,,,,moe,coral,near_nearest_proxy,main,,1,1train,target,False,,,,,,
4,bnci004,MMP_moe,TS,svm_radial,coral,23,1,1,26949,0.05,no_leakage_v1_alpha005,gate_all_sources_proxy_source_only_final_training_only,mmd,,,,,moe,coral,near_nearest_proxy,final,,1,1train,target,False,,,,,,
4,bnci004,MMP_moe,TS,svm_radial,coral,23,2,2,26980,0.05,no_leakage_v1_alpha005,gate_all_sources_proxy_source_only_final_training_only,mmd,,,,,moe,coral,near_nearest_proxy,main,0.0,0,0train,near,False,0.24693177625670035,2.0,direct,0.09966291693075968,0.07565179059641809,0.12834323839952616
4,bnci004,MMP_moe,TS,svm_radial,coral,23,2,2,26980,0.05,no_leakage_v1_alpha005,gate_all_sources_proxy_source_only_final_training_only,mmd,,,,,moe,coral,near_nearest_proxy,anchor,0.0,0,0train,proxy_source,False,0.42998176570698887,2.0,direct,0.09966291693075968,0.07565179059641809,0.12834323839952616
4,bnci004,MMP_moe,TS,svm_radial,coral,23,2,2,26980,0.05,no_leakage_v1_alpha005,gate_all_sources_proxy_source_only_final_training_only,mmd,,,,,moe,coral,near_nearest_proxy,final,0.0,0,0train,train,False,0.24693177625670035,2.0,direct,0.09966291693075968,0.07565179059641809,0.12834323839952616
4,bnci004,MMP_moe,TS,svm_radial,coral,23,2,2,26980,0.05,no_leakage_v1_alpha005,gate_all_sources_proxy_source_only_final_training_only,mmd,,,,,moe,coral,near_nearest_proxy,main,1.0,1,1train,nearest,True,0.4257157025003427,2.0,direct,0.05780797413900984,0.043805277321380336,0.07582120296813569
4,bnci004,MMP_moe,TS,svm_radial,coral,23,2,2,26980,0.05,no_leakage_v1_alpha005,gate_all_sources_proxy_source_only_final_training_only,mmd,,,,,moe,coral,near_nearest_proxy,anchor,1.0,1,1train,target,False,,2.0,direct,0.05780797413900984,0.043805277321380336,0.07582120296813569
4,bnci004,MMP_moe,TS,svm_radial,coral,23,2,2,26980,0.05,no_leakage_v1_alpha005,gate_all_sources_proxy_source_only_final_training_only,mmd,,,,,moe,coral,near_nearest_proxy,final,1.0,1,1train,train,True,0.4257157025003427,2.0,direct,0.05780797413900984,0.043805277321380336,0.07582120296813569
4,bnci004,MMP_moe,TS,svm_radial,coral,23,2,2,26980,0.05,no_leakage_v1_alpha005,gate_all_sources_proxy_source_only_final_training_only,mmd,,,,,moe,coral,near_nearest_proxy,main,2.0,3,3test,far,False,,2.0,direct,0.09847353766864489,0.0764726737907458,0.12750887098017263
4,bnci004,MMP_moe,TS,svm_radial,coral,23,2,2,26980,0.05,no_leakage_v1_alpha005,gate_all_sources_proxy_source_only_final_training_only,mmd,,,,,moe,coral,near_nearest_proxy,anchor,2.0,3,3test,not_used,False,,2.0,direct,0.09847353766864489,0.0764726737907458,0.12750887098017263
4,bnci004,MMP_moe,TS,svm_radial,coral,23,2,2,26980,0.05,no_leakage_v1_alpha005,gate_all_sources_proxy_source_only_final_training_only,mmd,,,,,moe,coral,near_nearest_proxy,final,2.0,3,3test,not_used,False,,2.0,direct,0.09847353766864489,0.0764726737907458,0.12750887098017263
4,bnci004,MMP_moe,TS,svm_radial,coral,23,2,2,26980,0.05,no_leakage_v1_alpha005,gate_all_sources_proxy_source_only_final_training_only,mmd,,,,,moe,coral,near_nearest_proxy,main,3.0,4,4test,near,False,0.32735252124295694,2.0,direct,0.07517846690304347,0.04948431912966195,0.10715923459846122
4,bnci004,MMP_moe,TS,svm_radial,coral,23,2,2,26980,0.05,no_leakage_v1_alpha005,gate_all_sources_proxy_source_only_final_training_only,mmd,,,,,moe,coral,near_nearest_proxy,anchor,3.0,4,4test,proxy_source,False,0.5700182342930111,2.0,direct,0.07517846690304347,0.04948431912966195,0.10715923459846122
4,bnci004,MMP_moe,TS,svm_radial,coral,23,2,2,26980,0.05,no_leakage_v1_alpha005,gate_all_sources_proxy_source_only_final_training_only,mmd,,,,,moe,coral,near_nearest_proxy,final,3.0,4,4test,train,False,0.32735252124295694,2.0,direct,0.07517846690304347,0.04948431912966195,0.10715923459846122
4,bnci004,MMP_moe,TS,svm_radial,coral,23,2,2,26980,0.05,no_leakage_v1_alpha005,gate_all_sources_proxy_source_only_final_training_only,mmd,,,,,moe,coral,near_nearest_proxy,main,,2,2train,target,False,,,,,,
4,bnci004,MMP_moe,TS,svm_radial,coral,23,2,2,26980,0.05,no_leakage_v1_alpha005,gate_all_sources_proxy_source_only_final_training_only,mmd,,,,,moe,coral,near_nearest_proxy,final,,2,2train,target,False,,,,,,
4,bnci004,MMP_moe,TS,svm_radial,coral,23,3,3,27011,0.05,no_leakage_v1_alpha005,gate_all_sources_proxy_source_only_final_training_only,mmd,,,,,moe,coral,near_nearest_proxy,main,0.0,0,0train,nearest,True,0.5688855427597483,3.0,direct,0.07062718706361011,0.05570507608621894,0.0848998123704466
4,bnci004,MMP_moe,TS,svm_radial,coral,23,3,3,27011,0.05,no_leakage_v1_alpha005,gate_all_sources_proxy_source_only_final_training_only,mmd,,,,,moe,coral,near_nearest_proxy,anchor,0.0,0,0train,target,False,,3.0,direct,0.07062718706361011,0.05570507608621894,0.0848998123704466
4,bnci004,MMP_moe,TS,svm_radial,coral,23,3,3,27011,0.05,no_leakage_v1_alpha005,gate_all_sources_proxy_source_only_final_training_only,mmd,,,,,moe,coral,near_nearest_proxy,final,0.0,0,0train,train,True,0.5688855427597483,3.0,direct,0.07062718706361011,0.05570507608621894,0.0848998123704466
4,bnci004,MMP_moe,TS,svm_radial,coral,23,3,3,27011,0.05,no_leakage_v1_alpha005,gate_all_sources_proxy_source_only_final_training_only,mmd,,,,,moe,coral,near_nearest_proxy,main,1.0,1,1train,near,False,0.43111445724025177,3.0,direct,0.0931978103322355,0.07345478444604948,0.11273000607423343
4,bnci004,MMP_moe,TS,svm_radial,coral,23,3,3,27011,0.05,no_leakage_v1_alpha005,gate_all_sources_proxy_source_only_final_training_only,mmd,,,,,moe,coral,near_nearest_proxy,anchor,1.0,1,1train,proxy_source,False,1.0,3.0,direct,0.0931978103322355,0.07345478444604948,0.11273000607423343
4,bnci004,MMP_moe,TS,svm_radial,coral,23,3,3,27011,0.05,no_leakage_v1_alpha005,gate_all_sources_proxy_source_only_final_training_only,mmd,,,,,moe,coral,near_nearest_proxy,final,1.0,1,1train,train,False,0.43111445724025177,3.0,direct,0.0931978103322355,0.07345478444604948,0.11273000607423343
4,bnci004,MMP_moe,TS,svm_radial,coral,23,3,3,27011,0.05,no_leakage_v1_alpha005,gate_all_sources_proxy_source_only_final_training_only,mmd,,,,,moe,coral,near_nearest_proxy,main,2.0,2,2train,far,False,,3.0,direct,0.12981479631907178,0.09540761419862934,0.16540220318071475
4,bnci004,MMP_moe,TS,svm_radial,coral,23,3,3,27011,0.05,no_leakage_v1_alpha005,gate_all_sources_proxy_source_only_final_training_only,mmd,,,,,moe,coral,near_nearest_proxy,anchor,2.0,2,2train,not_used,False,,3.0,direct,0.12981479631907178,0.09540761419862934,0.16540220318071475
4,bnci004,MMP_moe,TS,svm_radial,coral,23,3,3,27011,0.05,no_leakage_v1_alpha005,gate_all_sources_proxy_source_only_final_training_only,mmd,,,,,moe,coral,near_nearest_proxy,final,2.0,2,2train,not_used,False,,3.0,direct,0.12981479631907178,0.09540761419862934,0.16540220318071475
4,bnci004,MMP_moe,TS,svm_radial,coral,23,3,3,27011,0.05,no_leakage_v1_alpha005,gate_all_sources_proxy_source_only_final_training_only,mmd,,,,,moe,coral,near_nearest_proxy,main,3.0,4,4test,far,False,,3.0,direct,0.27123215752095414,0.22591269293451854,0.313289597142652
4,bnci004,MMP_moe,TS,svm_radial,coral,23,3,3,27011,0.05,no_leakage_v1_alpha005,gate_all_sources_proxy_source_only_final_training_only,mmd,,,,,moe,coral,near_nearest_proxy,anchor,3.0,4,4test,not_used,False,,3.0,direct,0.27123215752095414,0.22591269293451854,0.313289597142652
4,bnci004,MMP_moe,TS,svm_radial,coral,23,3,3,27011,0.05,no_leakage_v1_alpha005,gate_all_sources_proxy_source_only_final_training_only,mmd,,,,,moe,coral,near_nearest_proxy,final,3.0,4,4test,not_used,False,,3.0,direct,0.27123215752095414,0.22591269293451854,0.313289597142652
4,bnci004,MMP_moe,TS,svm_radial,coral,23,3,3,27011,0.05,no_leakage_v1_alpha005,gate_all_sources_proxy_source_only_final_training_only,mmd,,,,,moe,coral,near_nearest_proxy,main,,3,3test,target,False,,,,,,
4,bnci004,MMP_moe,TS,svm_radial,coral,23,3,3,27011,0.05,no_leakage_v1_alpha005,gate_all_sources_proxy_source_only_final_training_only,mmd,,,,,moe,coral,near_nearest_proxy,final,,3,3test,target,False,,,,,,
4,bnci004,MMP_moe,TS,svm_radial,coral,23,4,4,27042,0.05,no_leakage_v1_alpha005,gate_all_sources_proxy_source_only_final_training_only,mmd,,,,,moe,coral,near_nearest_proxy,main,0.0,0,0train,far,False,,4.0,direct,0.14563193916244552,0.11717628517124938,0.17400809749558693
4,bnci004,MMP_moe,TS,svm_radial,coral,23,4,4,27042,0.05,no_leakage_v1_alpha005,gate_all_sources_proxy_source_only_final_training_only,mmd,,,,,moe,coral,near_nearest_proxy,anchor,0.0,0,0train,not_used,False,,4.0,direct,0.14563193916244552,0.11717628517124938,0.17400809749558693
4,bnci004,MMP_moe,TS,svm_radial,coral,23,4,4,27042,0.05,no_leakage_v1_alpha005,gate_all_sources_proxy_source_only_final_training_only,mmd,,,,,moe,coral,near_nearest_proxy,final,0.0,0,0train,not_used,False,,4.0,direct,0.14563193916244552,0.11717628517124938,0.17400809749558693
4,bnci004,MMP_moe,TS,svm_radial,coral,23,4,4,27042,0.05,no_leakage_v1_alpha005,gate_all_sources_proxy_source_only_final_training_only,mmd,,,,,moe,coral,near_nearest_proxy,main,1.0,1,1train,near,False,0.4278059063717642,4.0,direct,0.09162135666399003,0.0666322265399435,0.12156901040874543
4,bnci004,MMP_moe,TS,svm_radial,coral,23,4,4,27042,0.05,no_leakage_v1_alpha005,gate_all_sources_proxy_source_only_final_training_only,mmd,,,,,moe,coral,near_nearest_proxy,anchor,1.0,1,1train,proxy_source,False,1.0,4.0,direct,0.09162135666399003,0.0666322265399435,0.12156901040874543
4,bnci004,MMP_moe,TS,svm_radial,coral,23,4,4,27042,0.05,no_leakage_v1_alpha005,gate_all_sources_proxy_source_only_final_training_only,mmd,,,,,moe,coral,near_nearest_proxy,final,1.0,1,1train,train,False,0.4278059063717642,4.0,direct,0.09162135666399003,0.0666322265399435,0.12156901040874543
4,bnci004,MMP_moe,TS,svm_radial,coral,23,4,4,27042,0.05,no_leakage_v1_alpha005,gate_all_sources_proxy_source_only_final_training_only,mmd,,,,,moe,coral,near_nearest_proxy,main,2.0,2,2train,nearest,True,0.5721940936282358,4.0,direct,0.06850125434522222,0.04674801875913606,0.09558042127901488
4,bnci004,MMP_moe,TS,svm_radial,coral,23,4,4,27042,0.05,no_leakage_v1_alpha005,gate_all_sources_proxy_source_only_final_training_only,mmd,,,,,moe,coral,near_nearest_proxy,anchor,2.0,2,2train,target,False,,4.0,direct,0.06850125434522222,0.04674801875913606,0.09558042127901488
4,bnci004,MMP_moe,TS,svm_radial,coral,23,4,4,27042,0.05,no_leakage_v1_alpha005,gate_all_sources_proxy_source_only_final_training_only,mmd,,,,,moe,coral,near_nearest_proxy,final,2.0,2,2train,train,True,0.5721940936282358,4.0,direct,0.06850125434522222,0.04674801875913606,0.09558042127901488
4,bnci004,MMP_moe,TS,svm_radial,coral,23,4,4,27042,0.05,no_leakage_v1_alpha005,gate_all_sources_proxy_source_only_final_training_only,mmd,,,,,moe,coral,near_nearest_proxy,main,3.0,3,3test,far,False,,4.0,direct,0.16074410508189033,0.13187625927025504,0.1885618737087037
4,bnci004,MMP_moe,TS,svm_radial,coral,23,4,4,27042,0.05,no_leakage_v1_alpha005,gate_all_sources_proxy_source_only_final_training_only,mmd,,,,,moe,coral,near_nearest_proxy,anchor,3.0,3,3test,not_used,False,,4.0,direct,0.16074410508189033,0.13187625927025504,0.1885618737087037
4,bnci004,MMP_moe,TS,svm_radial,coral,23,4,4,27042,0.05,no_leakage_v1_alpha005,gate_all_sources_proxy_source_only_final_training_only,mmd,,,,,moe,coral,near_nearest_proxy,final,3.0,3,3test,not_used,False,,4.0,direct,0.16074410508189033,0.13187625927025504,0.1885618737087037
4,bnci004,MMP_moe,TS,svm_radial,coral,23,4,4,27042,0.05,no_leakage_v1_alpha005,gate_all_sources_proxy_source_only_final_training_only,mmd,,,,,moe,coral,near_nearest_proxy,main,,4,4test,target,False,,,,,,
4,bnci004,MMP_moe,TS,svm_radial,coral,23,4,4,27042,0.05,no_leakage_v1_alpha005,gate_all_sources_proxy_source_only_final_training_only,mmd,,,,,moe,coral,near_nearest_proxy,final,,4,4test,target,False,,,,,,
