subject,dataset,pipeline,feature,classifier,da,method_row,pair_id,target_id,seed_used,ci_alpha,code_protocol_version,feature_fit_protocol,dist_type,partition_mode,proxy_direction,borrowed_local_idx,borrowed_abs_idx,combiner,harmonize,score_mode,stage,local_idx,session_abs_idx,session_label,role,is_best,weight,dist_to_session,dist_est_method,dist_est,dist_lwr,dist_upr
7,bnci004,MMP_merge_then_adapt,CSP,lda,none,0,0,0,3730,0.05,no_leakage_v1_alpha005,gate_all_sources_proxy_source_only_final_training_only,mmd,,,,,merge_then_adapt,coral,near_nearest_proxy,main,0.0,1,1train,far,False,,0.0,direct,0.12963898482168465,0.09538789451528919,0.18123347578447294
7,bnci004,MMP_merge_then_adapt,CSP,lda,none,0,0,0,3730,0.05,no_leakage_v1_alpha005,gate_all_sources_proxy_source_only_final_training_only,mmd,,,,,merge_then_adapt,coral,near_nearest_proxy,anchor,0.0,1,1train,not_used,False,,0.0,direct,0.12963898482168465,0.09538789451528919,0.18123347578447294
7,bnci004,MMP_merge_then_adapt,CSP,lda,none,0,0,0,3730,0.05,no_leakage_v1_alpha005,gate_all_sources_proxy_source_only_final_training_only,mmd,,,,,merge_then_adapt,coral,near_nearest_proxy,final,0.0,1,1train,not_used,False,,0.0,direct,0.12963898482168465,0.09538789451528919,0.18123347578447294
7,bnci004,MMP_merge_then_adapt,CSP,lda,none,0,0,0,3730,0.05,no_leakage_v1_alpha005,gate_all_sources_proxy_source_only_final_training_only,mmd,,,,,merge_then_adapt,coral,near_nearest_proxy,main,1.0,2,2train,far,False,,0.0,direct,0.15779173957493953,0.11864553702045183,0.19934087343517073
7,bnci004,MMP_merge_then_adapt,CSP,lda,none,0,0,0,3730,0.05,no_leakage_v1_alpha005,gate_all_sources_proxy_source_only_final_training_only,mmd,,,,,merge_then_adapt,coral,near_nearest_proxy,anchor,1.0,2,2train,not_used,False,,0.0,direct,0.15779173957493953,0.11864553702045183,0.19934087343517073
7,bnci004,MMP_merge_then_adapt,CSP,lda,none,0,0,0,3730,0.05,no_leakage_v1_alpha005,gate_all_sources_proxy_source_only_final_training_only,mmd,,,,,merge_then_adapt,coral,near_nearest_proxy,final,1.0,2,2train,not_used,False,,0.0,direct,0.15779173957493953,0.11864553702045183,0.19934087343517073
7,bnci004,MMP_merge_then_adapt,CSP,lda,none,0,0,0,3730,0.05,no_leakage_v1_alpha005,gate_all_sources_proxy_source_only_final_training_only,mmd,,,,,merge_then_adapt,coral,near_nearest_proxy,main,2.0,3,3test,nearest,True,0.5596612569910349,0.0,direct,0.06393520539178091,0.041859997364961515,0.09475956290367676
7,bnci004,MMP_merge_then_adapt,CSP,lda,none,0,0,0,3730,0.05,no_leakage_v1_alpha005,gate_all_sources_proxy_source_only_final_training_only,mmd,,,,,merge_then_adapt,coral,near_nearest_proxy,anchor,2.0,3,3test,target,False,,0.0,direct,0.06393520539178091,0.041859997364961515,0.09475956290367676
7,bnci004,MMP_merge_then_adapt,CSP,lda,none,0,0,0,3730,0.05,no_leakage_v1_alpha005,gate_all_sources_proxy_source_only_final_training_only,mmd,,,,,merge_then_adapt,coral,near_nearest_proxy,final,2.0,3,3test,train,True,0.5596612569910349,0.0,direct,0.06393520539178091,0.041859997364961515,0.09475956290367676
7,bnci004,MMP_merge_then_adapt,CSP,lda,none,0,0,0,3730,0.05,no_leakage_v1_alpha005,gate_all_sources_proxy_source_only_final_training_only,mmd,,,,,merge_then_adapt,coral,near_nearest_proxy,main,3.0,4,4test,near,False,0.4403387430089651,0.0,direct,0.0812605688374088,0.04880581962338964,0.11996231080970128
7,bnci004,MMP_merge_then_adapt,CSP,lda,none,0,0,0,3730,0.05,no_leakage_v1_alpha005,gate_all_sources_proxy_source_only_final_training_only,mmd,,,,,merge_then_adapt,coral,near_nearest_proxy,anchor,3.0,4,4test,proxy_source,False,1.0,0.0,direct,0.0812605688374088,0.04880581962338964,0.11996231080970128
7,bnci004,MMP_merge_then_adapt,CSP,lda,none,0,0,0,3730,0.05,no_leakage_v1_alpha005,gate_all_sources_proxy_source_only_final_training_only,mmd,,,,,merge_then_adapt,coral,near_nearest_proxy,final,3.0,4,4test,train,False,0.4403387430089651,0.0,direct,0.0812605688374088,0.04880581962338964,0.11996231080970128
7,bnci004,MMP_merge_then_adapt,CSP,lda,none,0,0,0,3730,0.05,no_leakage_v1_alpha005,gate_all_sources_proxy_source_only_final_training_only,mmd,,,,,merge_then_adapt,coral,near_nearest_proxy,main,,0,0train,target,False,,,,,,
7,bnci004,MMP_merge_then_adapt,CSP,lda,none,0,0,0,3730,0.05,no_leakage_v1_alpha005,gate_all_sources_proxy_source_only_final_training_only,mmd,,,,,merge_then_adapt,coral,near_nearest_proxy,final,,0,0train,target,False,,,,,,
7,bnci004,MMP_merge_then_adapt,CSP,lda,none,0,1,1,3761,0.05,no_leakage_v1_alpha005,gate_all_sources_proxy_source_only_final_training_only,mmd,,,,,merge_then_adapt,coral,near_nearest_proxy,main,0.0,0,0train,near,False,0.34656028004676087,1.0,direct,0.13181400748091307,0.09286588912399595,0.1767989522785819
7,bnci004,MMP_merge_then_adapt,CSP,lda,none,0,1,1,3761,0.05,no_leakage_v1_alpha005,gate_all_sources_proxy_source_only_final_training_only,mmd,,,,,merge_then_adapt,coral,near_nearest_proxy,anchor,0.0,0,0train,proxy_source,False,0.5727039774283921,1.0,direct,0.13181400748091307,0.09286588912399595,0.1767989522785819
7,bnci004,MMP_merge_then_adapt,CSP,lda,none,0,1,1,3761,0.05,no_leakage_v1_alpha005,gate_all_sources_proxy_source_only_final_training_only,mmd,,,,,merge_then_adapt,coral,near_nearest_proxy,final,0.0,0,0train,train,False,0.34656028004676087,1.0,direct,0.13181400748091307,0.09286588912399595,0.1767989522785819
7,bnci004,MMP_merge_then_adapt,CSP,lda,none,0,1,1,3761,0.05,no_leakage_v1_alpha005,gate_all_sources_proxy_source_only_final_training_only,mmd,,,,,merge_then_adapt,coral,near_nearest_proxy,main,1.0,2,2train,near,False,0.2585695840811567,1.0,direct,0.1766703825575596,0.13060980381915785,0.22723987266442375
7,bnci004,MMP_merge_then_adapt,CSP,lda,none,0,1,1,3761,0.05,no_leakage_v1_alpha005,gate_all_sources_proxy_source_only_final_training_only,mmd,,,,,merge_then_adapt,coral,near_nearest_proxy,anchor,1.0,2,2train,proxy_source,False,0.427296022571608,1.0,direct,0.1766703825575596,0.13060980381915785,0.22723987266442375
7,bnci004,MMP_merge_then_adapt,CSP,lda,none,0,1,1,3761,0.05,no_leakage_v1_alpha005,gate_all_sources_proxy_source_only_final_training_only,mmd,,,,,merge_then_adapt,coral,near_nearest_proxy,final,1.0,2,2train,train,False,0.2585695840811567,1.0,direct,0.1766703825575596,0.13060980381915785,0.22723987266442375
7,bnci004,MMP_merge_then_adapt,CSP,lda,none,0,1,1,3761,0.05,no_leakage_v1_alpha005,gate_all_sources_proxy_source_only_final_training_only,mmd,,,,,merge_then_adapt,coral,near_nearest_proxy,main,2.0,3,3test,nearest,True,0.3948701358720824,1.0,direct,0.11568727763097705,0.07969499795811201,0.16292733586604732
7,bnci004,MMP_merge_then_adapt,CSP,lda,none,0,1,1,3761,0.05,no_leakage_v1_alpha005,gate_all_sources_proxy_source_only_final_training_only,mmd,,,,,merge_then_adapt,coral,near_nearest_proxy,anchor,2.0,3,3test,target,False,,1.0,direct,0.11568727763097705,0.07969499795811201,0.16292733586604732
7,bnci004,MMP_merge_then_adapt,CSP,lda,none,0,1,1,3761,0.05,no_leakage_v1_alpha005,gate_all_sources_proxy_source_only_final_training_only,mmd,,,,,merge_then_adapt,coral,near_nearest_proxy,final,2.0,3,3test,train,True,0.3948701358720824,1.0,direct,0.11568727763097705,0.07969499795811201,0.16292733586604732
7,bnci004,MMP_merge_then_adapt,CSP,lda,none,0,1,1,3761,0.05,no_leakage_v1_alpha005,gate_all_sources_proxy_source_only_final_training_only,mmd,,,,,merge_then_adapt,coral,near_nearest_proxy,main,3.0,4,4test,far,False,,1.0,direct,0.21794107536050333,0.16868076144434874,0.2743505274873144
7,bnci004,MMP_merge_then_adapt,CSP,lda,none,0,1,1,3761,0.05,no_leakage_v1_alpha005,gate_all_sources_proxy_source_only_final_training_only,mmd,,,,,merge_then_adapt,coral,near_nearest_proxy,anchor,3.0,4,4test,not_used,False,,1.0,direct,0.21794107536050333,0.16868076144434874,0.2743505274873144
7,bnci004,MMP_merge_then_adapt,CSP,lda,none,0,1,1,3761,0.05,no_leakage_v1_alpha005,gate_all_sources_proxy_source_only_final_training_only,mmd,,,,,merge_then_adapt,coral,near_nearest_proxy,final,3.0,4,4test,not_used,False,,1.0,direct,0.21794107536050333,0.16868076144434874,0.2743505274873144
7,bnci004,MMP_merge_then_adapt,CSP,lda,none,0,1,1,3761,0.05,no_leakage_v1_alpha005,gate_all_sources_proxy_source_only_final_training_only,mmd,,,,,merge_then_adapt,coral,near_nearest_proxy,main,,1,1train,target,False,,,,,,
7,bnci004,MMP_merge_then_adapt,CSP,lda,none,0,1,1,3761,0.05,no_leakage_v1_alpha005,gate_all_sources_proxy_source_only_final_training_only,mmd,,,,,merge_then_adapt,coral,near_nearest_proxy,final,,1,1train,target,False,,,,,,
7,bnci004,MMP_merge_then_adapt,CSP,lda,none,0,2,2,3792,0.05,no_leakage_v1_alpha005,gate_all_sources_proxy_source_only_final_training_only,mmd,,,,,merge_then_adapt,coral,near_nearest_proxy,main,0.0,0,0train,near,False,0.27125292913553184,2.0,direct,0.15068435533973118,0.11509692378066011,0.19144497384681944
7,bnci004,MMP_merge_then_adapt,CSP,lda,none,0,2,2,3792,0.05,no_leakage_v1_alpha005,gate_all_sources_proxy_source_only_final_training_only,mmd,,,,,merge_then_adapt,coral,near_nearest_proxy,anchor,0.0,0,0train,proxy_source,False,0.4963167228023843,2.0,direct,0.15068435533973118,0.11509692378066011,0.19144497384681944
7,bnci004,MMP_merge_then_adapt,CSP,lda,none,0,2,2,3792,0.05,no_leakage_v1_alpha005,gate_all_sources_proxy_source_only_final_training_only,mmd,,,,,merge_then_adapt,coral,near_nearest_proxy,final,0.0,0,0train,train,False,0.27125292913553184,2.0,direct,0.15068435533973118,0.11509692378066011,0.19144497384681944
7,bnci004,MMP_merge_then_adapt,CSP,lda,none,0,2,2,3792,0.05,no_leakage_v1_alpha005,gate_all_sources_proxy_source_only_final_training_only,mmd,,,,,merge_then_adapt,coral,near_nearest_proxy,main,1.0,1,1train,near,False,0.2752789862187189,2.0,direct,0.14848052623337119,0.11170219025162471,0.1918788819746441
7,bnci004,MMP_merge_then_adapt,CSP,lda,none,0,2,2,3792,0.05,no_leakage_v1_alpha005,gate_all_sources_proxy_source_only_final_training_only,mmd,,,,,merge_then_adapt,coral,near_nearest_proxy,anchor,1.0,1,1train,proxy_source,False,0.5036832771976156,2.0,direct,0.14848052623337119,0.11170219025162471,0.1918788819746441
7,bnci004,MMP_merge_then_adapt,CSP,lda,none,0,2,2,3792,0.05,no_leakage_v1_alpha005,gate_all_sources_proxy_source_only_final_training_only,mmd,,,,,merge_then_adapt,coral,near_nearest_proxy,final,1.0,1,1train,train,False,0.2752789862187189,2.0,direct,0.14848052623337119,0.11170219025162471,0.1918788819746441
7,bnci004,MMP_merge_then_adapt,CSP,lda,none,0,2,2,3792,0.05,no_leakage_v1_alpha005,gate_all_sources_proxy_source_only_final_training_only,mmd,,,,,merge_then_adapt,coral,near_nearest_proxy,main,2.0,3,3test,nearest,True,0.4534680846457492,2.0,direct,0.09013509865325212,0.06333494481268817,0.11909367615313048
7,bnci004,MMP_merge_then_adapt,CSP,lda,none,0,2,2,3792,0.05,no_leakage_v1_alpha005,gate_all_sources_proxy_source_only_final_training_only,mmd,,,,,merge_then_adapt,coral,near_nearest_proxy,anchor,2.0,3,3test,target,False,,2.0,direct,0.09013509865325212,0.06333494481268817,0.11909367615313048
7,bnci004,MMP_merge_then_adapt,CSP,lda,none,0,2,2,3792,0.05,no_leakage_v1_alpha005,gate_all_sources_proxy_source_only_final_training_only,mmd,,,,,merge_then_adapt,coral,near_nearest_proxy,final,2.0,3,3test,train,True,0.4534680846457492,2.0,direct,0.09013509865325212,0.06333494481268817,0.11909367615313048
7,bnci004,MMP_merge_then_adapt,CSP,lda,none,0,2,2,3792,0.05,no_leakage_v1_alpha005,gate_all_sources_proxy_source_only_final_training_only,mmd,,,,,merge_then_adapt,coral,near_nearest_proxy,main,3.0,4,4test,far,False,,2.0,direct,0.20922927232217578,0.16677229595540202,0.24893948244110345
7,bnci004,MMP_merge_then_adapt,CSP,lda,none,0,2,2,3792,0.05,no_leakage_v1_alpha005,gate_all_sources_proxy_source_only_final_training_only,mmd,,,,,merge_then_adapt,coral,near_nearest_proxy,anchor,3.0,4,4test,not_used,False,,2.0,direct,0.20922927232217578,0.16677229595540202,0.24893948244110345
7,bnci004,MMP_merge_then_adapt,CSP,lda,none,0,2,2,3792,0.05,no_leakage_v1_alpha005,gate_all_sources_proxy_source_only_final_training_only,mmd,,,,,merge_then_adapt,coral,near_nearest_proxy,final,3.0,4,4test,not_used,False,,2.0,direct,0.20922927232217578,0.16677229595540202,0.24893948244110345
7,bnci004,MMP_merge_then_adapt,CSP,lda,none,0,2,2,3792,0.05,no_leakage_v1_alpha005,gate_all_sources_proxy_source_only_final_training_only,mmd,,,,,merge_then_adapt,coral,near_nearest_proxy,main,,2,2train,target,False,,,,,,
7,bnci004,MMP_merge_then_adapt,CSP,lda,none,0,2,2,3792,0.05,no_leakage_v1_alpha005,gate_all_sources_proxy_source_only_final_training_only,mmd,,,,,merge_then_adapt,coral,near_nearest_proxy,final,,2,2train,target,False,,,,,,
7,bnci004,MMP_merge_then_adapt,CSP,lda,none,0,3,3,3823,0.05,no_leakage_v1_alpha005,gate_all_sources_proxy_source_only_final_training_only,mmd,,,,,merge_then_adapt,coral,near_nearest_proxy,main,0.0,0,0train,nearest,True,0.36817536728256123,3.0,direct,0.06510038710755425,0.03745998421864769,0.10117495111095136
7,bnci004,MMP_merge_then_adapt,CSP,lda,none,0,3,3,3823,0.05,no_leakage_v1_alpha005,gate_all_sources_proxy_source_only_final_training_only,mmd,,,,,merge_then_adapt,coral,near_nearest_proxy,anchor,0.0,0,0train,target,False,,3.0,direct,0.06510038710755425,0.03745998421864769,0.10117495111095136
7,bnci004,MMP_merge_then_adapt,CSP,lda,none,0,3,3,3823,0.05,no_leakage_v1_alpha005,gate_all_sources_proxy_source_only_final_training_only,mmd,,,,,merge_then_adapt,coral,near_nearest_proxy,final,0.0,0,0train,train,True,0.36817536728256123,3.0,direct,0.06510038710755425,0.03745998421864769,0.10117495111095136
7,bnci004,MMP_merge_then_adapt,CSP,lda,none,0,3,3,3823,0.05,no_leakage_v1_alpha005,gate_all_sources_proxy_source_only_final_training_only,mmd,,,,,merge_then_adapt,coral,near_nearest_proxy,main,1.0,1,1train,near,False,0.2295706940752831,3.0,direct,0.10440573712938256,0.07306630191366277,0.1372056256015675
7,bnci004,MMP_merge_then_adapt,CSP,lda,none,0,3,3,3823,0.05,no_leakage_v1_alpha005,gate_all_sources_proxy_source_only_final_training_only,mmd,,,,,merge_then_adapt,coral,near_nearest_proxy,anchor,1.0,1,1train,proxy_source,False,0.3633455901963077,3.0,direct,0.10440573712938256,0.07306630191366277,0.1372056256015675
7,bnci004,MMP_merge_then_adapt,CSP,lda,none,0,3,3,3823,0.05,no_leakage_v1_alpha005,gate_all_sources_proxy_source_only_final_training_only,mmd,,,,,merge_then_adapt,coral,near_nearest_proxy,final,1.0,1,1train,train,False,0.2295706940752831,3.0,direct,0.10440573712938256,0.07306630191366277,0.1372056256015675
7,bnci004,MMP_merge_then_adapt,CSP,lda,none,0,3,3,3823,0.05,no_leakage_v1_alpha005,gate_all_sources_proxy_source_only_final_training_only,mmd,,,,,merge_then_adapt,coral,near_nearest_proxy,main,2.0,2,2train,near,False,0.24175410570854658,3.0,direct,0.0991440674174864,0.06790199585526378,0.1325509731138539
7,bnci004,MMP_merge_then_adapt,CSP,lda,none,0,3,3,3823,0.05,no_leakage_v1_alpha005,gate_all_sources_proxy_source_only_final_training_only,mmd,,,,,merge_then_adapt,coral,near_nearest_proxy,anchor,2.0,2,2train,proxy_source,False,0.3826284908658549,3.0,direct,0.0991440674174864,0.06790199585526378,0.1325509731138539
7,bnci004,MMP_merge_then_adapt,CSP,lda,none,0,3,3,3823,0.05,no_leakage_v1_alpha005,gate_all_sources_proxy_source_only_final_training_only,mmd,,,,,merge_then_adapt,coral,near_nearest_proxy,final,2.0,2,2train,train,False,0.24175410570854658,3.0,direct,0.0991440674174864,0.06790199585526378,0.1325509731138539
7,bnci004,MMP_merge_then_adapt,CSP,lda,none,0,3,3,3823,0.05,no_leakage_v1_alpha005,gate_all_sources_proxy_source_only_final_training_only,mmd,,,,,merge_then_adapt,coral,near_nearest_proxy,main,3.0,4,4test,near,False,0.160499832933609,3.0,direct,0.14933701905477798,0.10041501062488468,0.2001321019408293
7,bnci004,MMP_merge_then_adapt,CSP,lda,none,0,3,3,3823,0.05,no_leakage_v1_alpha005,gate_all_sources_proxy_source_only_final_training_only,mmd,,,,,merge_then_adapt,coral,near_nearest_proxy,anchor,3.0,4,4test,proxy_source,False,0.2540259189378375,3.0,direct,0.14933701905477798,0.10041501062488468,0.2001321019408293
7,bnci004,MMP_merge_then_adapt,CSP,lda,none,0,3,3,3823,0.05,no_leakage_v1_alpha005,gate_all_sources_proxy_source_only_final_training_only,mmd,,,,,merge_then_adapt,coral,near_nearest_proxy,final,3.0,4,4test,train,False,0.160499832933609,3.0,direct,0.14933701905477798,0.10041501062488468,0.2001321019408293
7,bnci004,MMP_merge_then_adapt,CSP,lda,none,0,3,3,3823,0.05,no_leakage_v1_alpha005,gate_all_sources_proxy_source_only_final_training_only,mmd,,,,,merge_then_adapt,coral,near_nearest_proxy,main,,3,3test,target,False,,,,,,
7,bnci004,MMP_merge_then_adapt,CSP,lda,none,0,3,3,3823,0.05,no_leakage_v1_alpha005,gate_all_sources_proxy_source_only_final_training_only,mmd,,,,,merge_then_adapt,coral,near_nearest_proxy,final,,3,3test,target,False,,,,,,
7,bnci004,MMP_merge_then_adapt,CSP,lda,none,0,4,4,3854,0.05,no_leakage_v1_alpha005,gate_all_sources_proxy_source_only_final_training_only,mmd,,,,,merge_then_adapt,coral,near_nearest_proxy,main,0.0,0,0train,nearest,True,0.6115301307146531,4.0,direct,0.07897941165642193,0.05330793968060865,0.11477193665515485
7,bnci004,MMP_merge_then_adapt,CSP,lda,none,0,4,4,3854,0.05,no_leakage_v1_alpha005,gate_all_sources_proxy_source_only_final_training_only,mmd,,,,,merge_then_adapt,coral,near_nearest_proxy,anchor,0.0,0,0train,target,False,,4.0,direct,0.07897941165642193,0.05330793968060865,0.11477193665515485
7,bnci004,MMP_merge_then_adapt,CSP,lda,none,0,4,4,3854,0.05,no_leakage_v1_alpha005,gate_all_sources_proxy_source_only_final_training_only,mmd,,,,,merge_then_adapt,coral,near_nearest_proxy,final,0.0,0,0train,train,True,0.6115301307146531,4.0,direct,0.07897941165642193,0.05330793968060865,0.11477193665515485
7,bnci004,MMP_merge_then_adapt,CSP,lda,none,0,4,4,3854,0.05,no_leakage_v1_alpha005,gate_all_sources_proxy_source_only_final_training_only,mmd,,,,,merge_then_adapt,coral,near_nearest_proxy,main,1.0,1,1train,far,False,,4.0,direct,0.1893201295482739,0.14077794813378794,0.23670319171785467
7,bnci004,MMP_merge_then_adapt,CSP,lda,none,0,4,4,3854,0.05,no_leakage_v1_alpha005,gate_all_sources_proxy_source_only_final_training_only,mmd,,,,,merge_then_adapt,coral,near_nearest_proxy,anchor,1.0,1,1train,not_used,False,,4.0,direct,0.1893201295482739,0.14077794813378794,0.23670319171785467
7,bnci004,MMP_merge_then_adapt,CSP,lda,none,0,4,4,3854,0.05,no_leakage_v1_alpha005,gate_all_sources_proxy_source_only_final_training_only,mmd,,,,,merge_then_adapt,coral,near_nearest_proxy,final,1.0,1,1train,not_used,False,,4.0,direct,0.1893201295482739,0.14077794813378794,0.23670319171785467
7,bnci004,MMP_merge_then_adapt,CSP,lda,none,0,4,4,3854,0.05,no_leakage_v1_alpha005,gate_all_sources_proxy_source_only_final_training_only,mmd,,,,,merge_then_adapt,coral,near_nearest_proxy,main,2.0,2,2train,far,False,,4.0,direct,0.22652439672872243,0.18650502855348394,0.27426154760944743
7,bnci004,MMP_merge_then_adapt,CSP,lda,none,0,4,4,3854,0.05,no_leakage_v1_alpha005,gate_all_sources_proxy_source_only_final_training_only,mmd,,,,,merge_then_adapt,coral,near_nearest_proxy,anchor,2.0,2,2train,not_used,False,,4.0,direct,0.22652439672872243,0.18650502855348394,0.27426154760944743
7,bnci004,MMP_merge_then_adapt,CSP,lda,none,0,4,4,3854,0.05,no_leakage_v1_alpha005,gate_all_sources_proxy_source_only_final_training_only,mmd,,,,,merge_then_adapt,coral,near_nearest_proxy,final,2.0,2,2train,not_used,False,,4.0,direct,0.22652439672872243,0.18650502855348394,0.27426154760944743
7,bnci004,MMP_merge_then_adapt,CSP,lda,none,0,4,4,3854,0.05,no_leakage_v1_alpha005,gate_all_sources_proxy_source_only_final_training_only,mmd,,,,,merge_then_adapt,coral,near_nearest_proxy,main,3.0,3,3test,near,False,0.3884698692853468,4.0,direct,0.12433013938283671,0.0908212039143187,0.16344848559374336
7,bnci004,MMP_merge_then_adapt,CSP,lda,none,0,4,4,3854,0.05,no_leakage_v1_alpha005,gate_all_sources_proxy_source_only_final_training_only,mmd,,,,,merge_then_adapt,coral,near_nearest_proxy,anchor,3.0,3,3test,proxy_source,False,1.0,4.0,direct,0.12433013938283671,0.0908212039143187,0.16344848559374336
7,bnci004,MMP_merge_then_adapt,CSP,lda,none,0,4,4,3854,0.05,no_leakage_v1_alpha005,gate_all_sources_proxy_source_only_final_training_only,mmd,,,,,merge_then_adapt,coral,near_nearest_proxy,final,3.0,3,3test,train,False,0.3884698692853468,4.0,direct,0.12433013938283671,0.0908212039143187,0.16344848559374336
7,bnci004,MMP_merge_then_adapt,CSP,lda,none,0,4,4,3854,0.05,no_leakage_v1_alpha005,gate_all_sources_proxy_source_only_final_training_only,mmd,,,,,merge_then_adapt,coral,near_nearest_proxy,main,,4,4test,target,False,,,,,,
7,bnci004,MMP_merge_then_adapt,CSP,lda,none,0,4,4,3854,0.05,no_leakage_v1_alpha005,gate_all_sources_proxy_source_only_final_training_only,mmd,,,,,merge_then_adapt,coral,near_nearest_proxy,final,,4,4test,target,False,,,,,,
7,bnci004,MMP_merge_then_adapt,CSP,lda,sa,1,0,0,4727,0.05,no_leakage_v1_alpha005,gate_all_sources_proxy_source_only_final_training_only,mmd,,,,,merge_then_adapt,coral,near_nearest_proxy,main,0.0,1,1train,near,False,0.22025417457427385,0.0,direct,0.12719519100248472,0.09236723106545117,0.16908673296948654
7,bnci004,MMP_merge_then_adapt,CSP,lda,sa,1,0,0,4727,0.05,no_leakage_v1_alpha005,gate_all_sources_proxy_source_only_final_training_only,mmd,,,,,merge_then_adapt,coral,near_nearest_proxy,anchor,0.0,1,1train,proxy_source,False,0.3873223438516382,0.0,direct,0.12719519100248472,0.09236723106545117,0.16908673296948654
7,bnci004,MMP_merge_then_adapt,CSP,lda,sa,1,0,0,4727,0.05,no_leakage_v1_alpha005,gate_all_sources_proxy_source_only_final_training_only,mmd,,,,,merge_then_adapt,coral,near_nearest_proxy,final,0.0,1,1train,train,False,0.22025417457427385,0.0,direct,0.12719519100248472,0.09236723106545117,0.16908673296948654
7,bnci004,MMP_merge_then_adapt,CSP,lda,sa,1,0,0,4727,0.05,no_leakage_v1_alpha005,gate_all_sources_proxy_source_only_final_training_only,mmd,,,,,merge_then_adapt,coral,near_nearest_proxy,main,1.0,2,2train,far,False,,0.0,direct,0.16109854032859364,0.11586273860082164,0.2076783702423152
7,bnci004,MMP_merge_then_adapt,CSP,lda,sa,1,0,0,4727,0.05,no_leakage_v1_alpha005,gate_all_sources_proxy_source_only_final_training_only,mmd,,,,,merge_then_adapt,coral,near_nearest_proxy,anchor,1.0,2,2train,not_used,False,,0.0,direct,0.16109854032859364,0.11586273860082164,0.2076783702423152
7,bnci004,MMP_merge_then_adapt,CSP,lda,sa,1,0,0,4727,0.05,no_leakage_v1_alpha005,gate_all_sources_proxy_source_only_final_training_only,mmd,,,,,merge_then_adapt,coral,near_nearest_proxy,final,1.0,2,2train,not_used,False,,0.0,direct,0.16109854032859364,0.11586273860082164,0.2076783702423152
7,bnci004,MMP_merge_then_adapt,CSP,lda,sa,1,0,0,4727,0.05,no_leakage_v1_alpha005,gate_all_sources_proxy_source_only_final_training_only,mmd,,,,,merge_then_adapt,coral,near_nearest_proxy,main,2.0,3,3test,nearest,True,0.4313414186643438,0.0,direct,0.0649486914648132,0.03906152614926212,0.09432374793123724
7,bnci004,MMP_merge_then_adapt,CSP,lda,sa,1,0,0,4727,0.05,no_leakage_v1_alpha005,gate_all_sources_proxy_source_only_final_training_only,mmd,,,,,merge_then_adapt,coral,near_nearest_proxy,anchor,2.0,3,3test,target,False,,0.0,direct,0.0649486914648132,0.03906152614926212,0.09432374793123724
7,bnci004,MMP_merge_then_adapt,CSP,lda,sa,1,0,0,4727,0.05,no_leakage_v1_alpha005,gate_all_sources_proxy_source_only_final_training_only,mmd,,,,,merge_then_adapt,coral,near_nearest_proxy,final,2.0,3,3test,train,True,0.4313414186643438,0.0,direct,0.0649486914648132,0.03906152614926212,0.09432374793123724
7,bnci004,MMP_merge_then_adapt,CSP,lda,sa,1,0,0,4727,0.05,no_leakage_v1_alpha005,gate_all_sources_proxy_source_only_final_training_only,mmd,,,,,merge_then_adapt,coral,near_nearest_proxy,main,3.0,4,4test,near,False,0.3484044067613825,0.0,direct,0.08040984301620611,0.04985853232488336,0.11237885786144883
7,bnci004,MMP_merge_then_adapt,CSP,lda,sa,1,0,0,4727,0.05,no_leakage_v1_alpha005,gate_all_sources_proxy_source_only_final_training_only,mmd,,,,,merge_then_adapt,coral,near_nearest_proxy,anchor,3.0,4,4test,proxy_source,False,0.6126776561483619,0.0,direct,0.08040984301620611,0.04985853232488336,0.11237885786144883
7,bnci004,MMP_merge_then_adapt,CSP,lda,sa,1,0,0,4727,0.05,no_leakage_v1_alpha005,gate_all_sources_proxy_source_only_final_training_only,mmd,,,,,merge_then_adapt,coral,near_nearest_proxy,final,3.0,4,4test,train,False,0.3484044067613825,0.0,direct,0.08040984301620611,0.04985853232488336,0.11237885786144883
7,bnci004,MMP_merge_then_adapt,CSP,lda,sa,1,0,0,4727,0.05,no_leakage_v1_alpha005,gate_all_sources_proxy_source_only_final_training_only,mmd,,,,,merge_then_adapt,coral,near_nearest_proxy,main,,0,0train,target,False,,,,,,
7,bnci004,MMP_merge_then_adapt,CSP,lda,sa,1,0,0,4727,0.05,no_leakage_v1_alpha005,gate_all_sources_proxy_source_only_final_training_only,mmd,,,,,merge_then_adapt,coral,near_nearest_proxy,final,,0,0train,target,False,,,,,,
7,bnci004,MMP_merge_then_adapt,CSP,lda,sa,1,1,1,4758,0.05,no_leakage_v1_alpha005,gate_all_sources_proxy_source_only_final_training_only,mmd,,,,,merge_then_adapt,coral,near_nearest_proxy,main,0.0,0,0train,near,False,0.34910306654813783,1.0,direct,0.12872859761682526,0.09098315655416027,0.18338917552250852
7,bnci004,MMP_merge_then_adapt,CSP,lda,sa,1,1,1,4758,0.05,no_leakage_v1_alpha005,gate_all_sources_proxy_source_only_final_training_only,mmd,,,,,merge_then_adapt,coral,near_nearest_proxy,anchor,0.0,0,0train,proxy_source,False,0.5753923950658756,1.0,direct,0.12872859761682526,0.09098315655416027,0.18338917552250852
7,bnci004,MMP_merge_then_adapt,CSP,lda,sa,1,1,1,4758,0.05,no_leakage_v1_alpha005,gate_all_sources_proxy_source_only_final_training_only,mmd,,,,,merge_then_adapt,coral,near_nearest_proxy,final,0.0,0,0train,train,False,0.34910306654813783,1.0,direct,0.12872859761682526,0.09098315655416027,0.18338917552250852
7,bnci004,MMP_merge_then_adapt,CSP,lda,sa,1,1,1,4758,0.05,no_leakage_v1_alpha005,gate_all_sources_proxy_source_only_final_training_only,mmd,,,,,merge_then_adapt,coral,near_nearest_proxy,main,1.0,2,2train,near,False,0.25761865855942057,1.0,direct,0.17444248765280143,0.1269966552248551,0.2206742129763822
7,bnci004,MMP_merge_then_adapt,CSP,lda,sa,1,1,1,4758,0.05,no_leakage_v1_alpha005,gate_all_sources_proxy_source_only_final_training_only,mmd,,,,,merge_then_adapt,coral,near_nearest_proxy,anchor,1.0,2,2train,proxy_source,False,0.42460760493412436,1.0,direct,0.17444248765280143,0.1269966552248551,0.2206742129763822
7,bnci004,MMP_merge_then_adapt,CSP,lda,sa,1,1,1,4758,0.05,no_leakage_v1_alpha005,gate_all_sources_proxy_source_only_final_training_only,mmd,,,,,merge_then_adapt,coral,near_nearest_proxy,final,1.0,2,2train,train,False,0.25761865855942057,1.0,direct,0.17444248765280143,0.1269966552248551,0.2206742129763822
7,bnci004,MMP_merge_then_adapt,CSP,lda,sa,1,1,1,4758,0.05,no_leakage_v1_alpha005,gate_all_sources_proxy_source_only_final_training_only,mmd,,,,,merge_then_adapt,coral,near_nearest_proxy,main,2.0,3,3test,nearest,True,0.3932782748924416,1.0,direct,0.11426897155088783,0.08188186214509602,0.15201310468339985
7,bnci004,MMP_merge_then_adapt,CSP,lda,sa,1,1,1,4758,0.05,no_leakage_v1_alpha005,gate_all_sources_proxy_source_only_final_training_only,mmd,,,,,merge_then_adapt,coral,near_nearest_proxy,anchor,2.0,3,3test,target,False,,1.0,direct,0.11426897155088783,0.08188186214509602,0.15201310468339985
7,bnci004,MMP_merge_then_adapt,CSP,lda,sa,1,1,1,4758,0.05,no_leakage_v1_alpha005,gate_all_sources_proxy_source_only_final_training_only,mmd,,,,,merge_then_adapt,coral,near_nearest_proxy,final,2.0,3,3test,train,True,0.3932782748924416,1.0,direct,0.11426897155088783,0.08188186214509602,0.15201310468339985
7,bnci004,MMP_merge_then_adapt,CSP,lda,sa,1,1,1,4758,0.05,no_leakage_v1_alpha005,gate_all_sources_proxy_source_only_final_training_only,mmd,,,,,merge_then_adapt,coral,near_nearest_proxy,main,3.0,4,4test,far,False,,1.0,direct,0.2180697527831928,0.16576313479648264,0.2704285131106415
7,bnci004,MMP_merge_then_adapt,CSP,lda,sa,1,1,1,4758,0.05,no_leakage_v1_alpha005,gate_all_sources_proxy_source_only_final_training_only,mmd,,,,,merge_then_adapt,coral,near_nearest_proxy,anchor,3.0,4,4test,not_used,False,,1.0,direct,0.2180697527831928,0.16576313479648264,0.2704285131106415
7,bnci004,MMP_merge_then_adapt,CSP,lda,sa,1,1,1,4758,0.05,no_leakage_v1_alpha005,gate_all_sources_proxy_source_only_final_training_only,mmd,,,,,merge_then_adapt,coral,near_nearest_proxy,final,3.0,4,4test,not_used,False,,1.0,direct,0.2180697527831928,0.16576313479648264,0.2704285131106415
7,bnci004,MMP_merge_then_adapt,CSP,lda,sa,1,1,1,4758,0.05,no_leakage_v1_alpha005,gate_all_sources_proxy_source_only_final_training_only,mmd,,,,,merge_then_adapt,coral,near_nearest_proxy,main,,1,1train,target,False,,,,,,
7,bnci004,MMP_merge_then_adapt,CSP,lda,sa,1,1,1,4758,0.05,no_leakage_v1_alpha005,gate_all_sources_proxy_source_only_final_training_only,mmd,,,,,merge_then_adapt,coral,near_nearest_proxy,final,,1,1train,target,False,,,,,,
7,bnci004,MMP_merge_then_adapt,CSP,lda,sa,1,2,2,4789,0.05,no_leakage_v1_alpha005,gate_all_sources_proxy_source_only_final_training_only,mmd,,,,,merge_then_adapt,coral,near_nearest_proxy,main,0.0,0,0train,near,False,0.2773961145036249,2.0,direct,0.1478147873246222,0.11171097570569227,0.19152050099201703
7,bnci004,MMP_merge_then_adapt,CSP,lda,sa,1,2,2,4789,0.05,no_leakage_v1_alpha005,gate_all_sources_proxy_source_only_final_training_only,mmd,,,,,merge_then_adapt,coral,near_nearest_proxy,anchor,0.0,0,0train,proxy_source,False,0.5026394101449662,2.0,direct,0.1478147873246222,0.11171097570569227,0.19152050099201703
7,bnci004,MMP_merge_then_adapt,CSP,lda,sa,1,2,2,4789,0.05,no_leakage_v1_alpha005,gate_all_sources_proxy_source_only_final_training_only,mmd,,,,,merge_then_adapt,coral,near_nearest_proxy,final,0.0,0,0train,train,False,0.2773961145036249,2.0,direct,0.1478147873246222,0.11171097570569227,0.19152050099201703
7,bnci004,MMP_merge_then_adapt,CSP,lda,sa,1,2,2,4789,0.05,no_leakage_v1_alpha005,gate_all_sources_proxy_source_only_final_training_only,mmd,,,,,merge_then_adapt,coral,near_nearest_proxy,main,1.0,1,1train,near,False,0.2744828446564241,2.0,direct,0.14938365505000628,0.1072167775393827,0.18629894946959935
7,bnci004,MMP_merge_then_adapt,CSP,lda,sa,1,2,2,4789,0.05,no_leakage_v1_alpha005,gate_all_sources_proxy_source_only_final_training_only,mmd,,,,,merge_then_adapt,coral,near_nearest_proxy,anchor,1.0,1,1train,proxy_source,False,0.4973605898550338,2.0,direct,0.14938365505000628,0.1072167775393827,0.18629894946959935
7,bnci004,MMP_merge_then_adapt,CSP,lda,sa,1,2,2,4789,0.05,no_leakage_v1_alpha005,gate_all_sources_proxy_source_only_final_training_only,mmd,,,,,merge_then_adapt,coral,near_nearest_proxy,final,1.0,1,1train,train,False,0.2744828446564241,2.0,direct,0.14938365505000628,0.1072167775393827,0.18629894946959935
7,bnci004,MMP_merge_then_adapt,CSP,lda,sa,1,2,2,4789,0.05,no_leakage_v1_alpha005,gate_all_sources_proxy_source_only_final_training_only,mmd,,,,,merge_then_adapt,coral,near_nearest_proxy,main,2.0,3,3test,nearest,True,0.4481210408399511,2.0,direct,0.09150000381202364,0.06603737055119004,0.1184749583564584
7,bnci004,MMP_merge_then_adapt,CSP,lda,sa,1,2,2,4789,0.05,no_leakage_v1_alpha005,gate_all_sources_proxy_source_only_final_training_only,mmd,,,,,merge_then_adapt,coral,near_nearest_proxy,anchor,2.0,3,3test,target,False,,2.0,direct,0.09150000381202364,0.06603737055119004,0.1184749583564584
7,bnci004,MMP_merge_then_adapt,CSP,lda,sa,1,2,2,4789,0.05,no_leakage_v1_alpha005,gate_all_sources_proxy_source_only_final_training_only,mmd,,,,,merge_then_adapt,coral,near_nearest_proxy,final,2.0,3,3test,train,True,0.4481210408399511,2.0,direct,0.09150000381202364,0.06603737055119004,0.1184749583564584
7,bnci004,MMP_merge_then_adapt,CSP,lda,sa,1,2,2,4789,0.05,no_leakage_v1_alpha005,gate_all_sources_proxy_source_only_final_training_only,mmd,,,,,merge_then_adapt,coral,near_nearest_proxy,main,3.0,4,4test,far,False,,2.0,direct,0.2087938777084403,0.16901345910431137,0.2543428921928964
7,bnci004,MMP_merge_then_adapt,CSP,lda,sa,1,2,2,4789,0.05,no_leakage_v1_alpha005,gate_all_sources_proxy_source_only_final_training_only,mmd,,,,,merge_then_adapt,coral,near_nearest_proxy,anchor,3.0,4,4test,not_used,False,,2.0,direct,0.2087938777084403,0.16901345910431137,0.2543428921928964
7,bnci004,MMP_merge_then_adapt,CSP,lda,sa,1,2,2,4789,0.05,no_leakage_v1_alpha005,gate_all_sources_proxy_source_only_final_training_only,mmd,,,,,merge_then_adapt,coral,near_nearest_proxy,final,3.0,4,4test,not_used,False,,2.0,direct,0.2087938777084403,0.16901345910431137,0.2543428921928964
7,bnci004,MMP_merge_then_adapt,CSP,lda,sa,1,2,2,4789,0.05,no_leakage_v1_alpha005,gate_all_sources_proxy_source_only_final_training_only,mmd,,,,,merge_then_adapt,coral,near_nearest_proxy,main,,2,2train,target,False,,,,,,
7,bnci004,MMP_merge_then_adapt,CSP,lda,sa,1,2,2,4789,0.05,no_leakage_v1_alpha005,gate_all_sources_proxy_source_only_final_training_only,mmd,,,,,merge_then_adapt,coral,near_nearest_proxy,final,,2,2train,target,False,,,,,,
7,bnci004,MMP_merge_then_adapt,CSP,lda,sa,1,3,3,4820,0.05,no_leakage_v1_alpha005,gate_all_sources_proxy_source_only_final_training_only,mmd,,,,,merge_then_adapt,coral,near_nearest_proxy,main,0.0,0,0train,nearest,True,0.36659815115711125,3.0,direct,0.06606230148549869,0.03545059735055386,0.10047454607875654
7,bnci004,MMP_merge_then_adapt,CSP,lda,sa,1,3,3,4820,0.05,no_leakage_v1_alpha005,gate_all_sources_proxy_source_only_final_training_only,mmd,,,,,merge_then_adapt,coral,near_nearest_proxy,anchor,0.0,0,0train,target,False,,3.0,direct,0.06606230148549869,0.03545059735055386,0.10047454607875654
7,bnci004,MMP_merge_then_adapt,CSP,lda,sa,1,3,3,4820,0.05,no_leakage_v1_alpha005,gate_all_sources_proxy_source_only_final_training_only,mmd,,,,,merge_then_adapt,coral,near_nearest_proxy,final,0.0,0,0train,train,True,0.36659815115711125,3.0,direct,0.06606230148549869,0.03545059735055386,0.10047454607875654
7,bnci004,MMP_merge_then_adapt,CSP,lda,sa,1,3,3,4820,0.05,no_leakage_v1_alpha005,gate_all_sources_proxy_source_only_final_training_only,mmd,,,,,merge_then_adapt,coral,near_nearest_proxy,main,1.0,1,1train,near,False,0.23079299152395846,3.0,direct,0.10493582682476316,0.0791307698288636,0.141826439377277
7,bnci004,MMP_merge_then_adapt,CSP,lda,sa,1,3,3,4820,0.05,no_leakage_v1_alpha005,gate_all_sources_proxy_source_only_final_training_only,mmd,,,,,merge_then_adapt,coral,near_nearest_proxy,anchor,1.0,1,1train,proxy_source,False,0.3643705681402348,3.0,direct,0.10493582682476316,0.0791307698288636,0.141826439377277
7,bnci004,MMP_merge_then_adapt,CSP,lda,sa,1,3,3,4820,0.05,no_leakage_v1_alpha005,gate_all_sources_proxy_source_only_final_training_only,mmd,,,,,merge_then_adapt,coral,near_nearest_proxy,final,1.0,1,1train,train,False,0.23079299152395846,3.0,direct,0.10493582682476316,0.0791307698288636,0.141826439377277
7,bnci004,MMP_merge_then_adapt,CSP,lda,sa,1,3,3,4820,0.05,no_leakage_v1_alpha005,gate_all_sources_proxy_source_only_final_training_only,mmd,,,,,merge_then_adapt,coral,near_nearest_proxy,main,2.0,2,2train,near,False,0.2413106021581615,3.0,direct,0.10036211694272382,0.07295399598377583,0.13216491129123728
7,bnci004,MMP_merge_then_adapt,CSP,lda,sa,1,3,3,4820,0.05,no_leakage_v1_alpha005,gate_all_sources_proxy_source_only_final_training_only,mmd,,,,,merge_then_adapt,coral,near_nearest_proxy,anchor,2.0,2,2train,proxy_source,False,0.3809755254093315,3.0,direct,0.10036211694272382,0.07295399598377583,0.13216491129123728
7,bnci004,MMP_merge_then_adapt,CSP,lda,sa,1,3,3,4820,0.05,no_leakage_v1_alpha005,gate_all_sources_proxy_source_only_final_training_only,mmd,,,,,merge_then_adapt,coral,near_nearest_proxy,final,2.0,2,2train,train,False,0.2413106021581615,3.0,direct,0.10036211694272382,0.07295399598377583,0.13216491129123728
7,bnci004,MMP_merge_then_adapt,CSP,lda,sa,1,3,3,4820,0.05,no_leakage_v1_alpha005,gate_all_sources_proxy_source_only_final_training_only,mmd,,,,,merge_then_adapt,coral,near_nearest_proxy,main,3.0,4,4test,near,False,0.16129825516076873,3.0,direct,0.1501474573393524,0.09817429302344355,0.2007630072456859
7,bnci004,MMP_merge_then_adapt,CSP,lda,sa,1,3,3,4820,0.05,no_leakage_v1_alpha005,gate_all_sources_proxy_source_only_final_training_only,mmd,,,,,merge_then_adapt,coral,near_nearest_proxy,anchor,3.0,4,4test,proxy_source,False,0.25465390645043373,3.0,direct,0.1501474573393524,0.09817429302344355,0.2007630072456859
7,bnci004,MMP_merge_then_adapt,CSP,lda,sa,1,3,3,4820,0.05,no_leakage_v1_alpha005,gate_all_sources_proxy_source_only_final_training_only,mmd,,,,,merge_then_adapt,coral,near_nearest_proxy,final,3.0,4,4test,train,False,0.16129825516076873,3.0,direct,0.1501474573393524,0.09817429302344355,0.2007630072456859
7,bnci004,MMP_merge_then_adapt,CSP,lda,sa,1,3,3,4820,0.05,no_leakage_v1_alpha005,gate_all_sources_proxy_source_only_final_training_only,mmd,,,,,merge_then_adapt,coral,near_nearest_proxy,main,,3,3test,target,False,,,,,,
7,bnci004,MMP_merge_then_adapt,CSP,lda,sa,1,3,3,4820,0.05,no_leakage_v1_alpha005,gate_all_sources_proxy_source_only_final_training_only,mmd,,,,,merge_then_adapt,coral,near_nearest_proxy,final,,3,3test,target,False,,,,,,
7,bnci004,MMP_merge_then_adapt,CSP,lda,sa,1,4,4,4851,0.05,no_leakage_v1_alpha005,gate_all_sources_proxy_source_only_final_training_only,mmd,,,,,merge_then_adapt,coral,near_nearest_proxy,main,0.0,0,0train,nearest,True,0.6048668317925211,4.0,direct,0.08031103568693757,0.05059111816899962,0.1152793702208618
7,bnci004,MMP_merge_then_adapt,CSP,lda,sa,1,4,4,4851,0.05,no_leakage_v1_alpha005,gate_all_sources_proxy_source_only_final_training_only,mmd,,,,,merge_then_adapt,coral,near_nearest_proxy,anchor,0.0,0,0train,target,False,,4.0,direct,0.08031103568693757,0.05059111816899962,0.1152793702208618
7,bnci004,MMP_merge_then_adapt,CSP,lda,sa,1,4,4,4851,0.05,no_leakage_v1_alpha005,gate_all_sources_proxy_source_only_final_training_only,mmd,,,,,merge_then_adapt,coral,near_nearest_proxy,final,0.0,0,0train,train,True,0.6048668317925211,4.0,direct,0.08031103568693757,0.05059111816899962,0.1152793702208618
7,bnci004,MMP_merge_then_adapt,CSP,lda,sa,1,4,4,4851,0.05,no_leakage_v1_alpha005,gate_all_sources_proxy_source_only_final_training_only,mmd,,,,,merge_then_adapt,coral,near_nearest_proxy,main,1.0,1,1train,far,False,,4.0,direct,0.1910514336402268,0.14460040100257526,0.23424984835102985
7,bnci004,MMP_merge_then_adapt,CSP,lda,sa,1,4,4,4851,0.05,no_leakage_v1_alpha005,gate_all_sources_proxy_source_only_final_training_only,mmd,,,,,merge_then_adapt,coral,near_nearest_proxy,anchor,1.0,1,1train,not_used,False,,4.0,direct,0.1910514336402268,0.14460040100257526,0.23424984835102985
7,bnci004,MMP_merge_then_adapt,CSP,lda,sa,1,4,4,4851,0.05,no_leakage_v1_alpha005,gate_all_sources_proxy_source_only_final_training_only,mmd,,,,,merge_then_adapt,coral,near_nearest_proxy,final,1.0,1,1train,not_used,False,,4.0,direct,0.1910514336402268,0.14460040100257526,0.23424984835102985
7,bnci004,MMP_merge_then_adapt,CSP,lda,sa,1,4,4,4851,0.05,no_leakage_v1_alpha005,gate_all_sources_proxy_source_only_final_training_only,mmd,,,,,merge_then_adapt,coral,near_nearest_proxy,main,2.0,2,2train,far,False,,4.0,direct,0.2297422182844747,0.18458663475730924,0.28039569586406227
7,bnci004,MMP_merge_then_adapt,CSP,lda,sa,1,4,4,4851,0.05,no_leakage_v1_alpha005,gate_all_sources_proxy_source_only_final_training_only,mmd,,,,,merge_then_adapt,coral,near_nearest_proxy,anchor,2.0,2,2train,not_used,False,,4.0,direct,0.2297422182844747,0.18458663475730924,0.28039569586406227
7,bnci004,MMP_merge_then_adapt,CSP,lda,sa,1,4,4,4851,0.05,no_leakage_v1_alpha005,gate_all_sources_proxy_source_only_final_training_only,mmd,,,,,merge_then_adapt,coral,near_nearest_proxy,final,2.0,2,2train,not_used,False,,4.0,direct,0.2297422182844747,0.18458663475730924,0.28039569586406227
7,bnci004,MMP_merge_then_adapt,CSP,lda,sa,1,4,4,4851,0.05,no_leakage_v1_alpha005,gate_all_sources_proxy_source_only_final_training_only,mmd,,,,,merge_then_adapt,coral,near_nearest_proxy,main,3.0,3,3test,near,False,0.3951331682074789,4.0,direct,0.12294004997851797,0.08796544007803994,0.16816172069565308
7,bnci004,MMP_merge_then_adapt,CSP,lda,sa,1,4,4,4851,0.05,no_leakage_v1_alpha005,gate_all_sources_proxy_source_only_final_training_only,mmd,,,,,merge_then_adapt,coral,near_nearest_proxy,anchor,3.0,3,3test,proxy_source,False,1.0,4.0,direct,0.12294004997851797,0.08796544007803994,0.16816172069565308
7,bnci004,MMP_merge_then_adapt,CSP,lda,sa,1,4,4,4851,0.05,no_leakage_v1_alpha005,gate_all_sources_proxy_source_only_final_training_only,mmd,,,,,merge_then_adapt,coral,near_nearest_proxy,final,3.0,3,3test,train,False,0.3951331682074789,4.0,direct,0.12294004997851797,0.08796544007803994,0.16816172069565308
7,bnci004,MMP_merge_then_adapt,CSP,lda,sa,1,4,4,4851,0.05,no_leakage_v1_alpha005,gate_all_sources_proxy_source_only_final_training_only,mmd,,,,,merge_then_adapt,coral,near_nearest_proxy,main,,4,4test,target,False,,,,,,
7,bnci004,MMP_merge_then_adapt,CSP,lda,sa,1,4,4,4851,0.05,no_leakage_v1_alpha005,gate_all_sources_proxy_source_only_final_training_only,mmd,,,,,merge_then_adapt,coral,near_nearest_proxy,final,,4,4test,target,False,,,,,,
7,bnci004,MMP_merge_then_adapt,CSP,lda,pt,2,0,0,5724,0.05,no_leakage_v1_alpha005,gate_all_sources_proxy_source_only_final_training_only,mmd,,,,,merge_then_adapt,coral,near_nearest_proxy,main,0.0,1,1train,near,False,0.219020893328765,0.0,direct,0.12818703017343036,0.09720207005699098,0.16598149510294763
7,bnci004,MMP_merge_then_adapt,CSP,lda,pt,2,0,0,5724,0.05,no_leakage_v1_alpha005,gate_all_sources_proxy_source_only_final_training_only,mmd,,,,,merge_then_adapt,coral,near_nearest_proxy,anchor,0.0,1,1train,proxy_source,False,0.3838338095770738,0.0,direct,0.12818703017343036,0.09720207005699098,0.16598149510294763
7,bnci004,MMP_merge_then_adapt,CSP,lda,pt,2,0,0,5724,0.05,no_leakage_v1_alpha005,gate_all_sources_proxy_source_only_final_training_only,mmd,,,,,merge_then_adapt,coral,near_nearest_proxy,final,0.0,1,1train,train,False,0.219020893328765,0.0,direct,0.12818703017343036,0.09720207005699098,0.16598149510294763
7,bnci004,MMP_merge_then_adapt,CSP,lda,pt,2,0,0,5724,0.05,no_leakage_v1_alpha005,gate_all_sources_proxy_source_only_final_training_only,mmd,,,,,merge_then_adapt,coral,near_nearest_proxy,main,1.0,2,2train,far,False,,0.0,direct,0.15990407338412677,0.11684815532214424,0.2091424071357076
7,bnci004,MMP_merge_then_adapt,CSP,lda,pt,2,0,0,5724,0.05,no_leakage_v1_alpha005,gate_all_sources_proxy_source_only_final_training_only,mmd,,,,,merge_then_adapt,coral,near_nearest_proxy,anchor,1.0,2,2train,not_used,False,,0.0,direct,0.15990407338412677,0.11684815532214424,0.2091424071357076
7,bnci004,MMP_merge_then_adapt,CSP,lda,pt,2,0,0,5724,0.05,no_leakage_v1_alpha005,gate_all_sources_proxy_source_only_final_training_only,mmd,,,,,merge_then_adapt,coral,near_nearest_proxy,final,1.0,2,2train,not_used,False,,0.0,direct,0.15990407338412677,0.11684815532214424,0.2091424071357076
7,bnci004,MMP_merge_then_adapt,CSP,lda,pt,2,0,0,5724,0.05,no_leakage_v1_alpha005,gate_all_sources_proxy_source_only_final_training_only,mmd,,,,,merge_then_adapt,coral,near_nearest_proxy,main,2.0,3,3test,nearest,True,0.42938613570781436,0.0,direct,0.06538503496444575,0.04082258759112463,0.09723971475856566
7,bnci004,MMP_merge_then_adapt,CSP,lda,pt,2,0,0,5724,0.05,no_leakage_v1_alpha005,gate_all_sources_proxy_source_only_final_training_only,mmd,,,,,merge_then_adapt,coral,near_nearest_proxy,anchor,2.0,3,3test,target,False,,0.0,direct,0.06538503496444575,0.04082258759112463,0.09723971475856566
7,bnci004,MMP_merge_then_adapt,CSP,lda,pt,2,0,0,5724,0.05,no_leakage_v1_alpha005,gate_all_sources_proxy_source_only_final_training_only,mmd,,,,,merge_then_adapt,coral,near_nearest_proxy,final,2.0,3,3test,train,True,0.42938613570781436,0.0,direct,0.06538503496444575,0.04082258759112463,0.09723971475856566
7,bnci004,MMP_merge_then_adapt,CSP,lda,pt,2,0,0,5724,0.05,no_leakage_v1_alpha005,gate_all_sources_proxy_source_only_final_training_only,mmd,,,,,merge_then_adapt,coral,near_nearest_proxy,main,3.0,4,4test,near,False,0.35159297096342057,0.0,direct,0.07985229401127415,0.04851276443543705,0.11959653583445566
7,bnci004,MMP_merge_then_adapt,CSP,lda,pt,2,0,0,5724,0.05,no_leakage_v1_alpha005,gate_all_sources_proxy_source_only_final_training_only,mmd,,,,,merge_then_adapt,coral,near_nearest_proxy,anchor,3.0,4,4test,proxy_source,False,0.6161661904229262,0.0,direct,0.07985229401127415,0.04851276443543705,0.11959653583445566
7,bnci004,MMP_merge_then_adapt,CSP,lda,pt,2,0,0,5724,0.05,no_leakage_v1_alpha005,gate_all_sources_proxy_source_only_final_training_only,mmd,,,,,merge_then_adapt,coral,near_nearest_proxy,final,3.0,4,4test,train,False,0.35159297096342057,0.0,direct,0.07985229401127415,0.04851276443543705,0.11959653583445566
7,bnci004,MMP_merge_then_adapt,CSP,lda,pt,2,0,0,5724,0.05,no_leakage_v1_alpha005,gate_all_sources_proxy_source_only_final_training_only,mmd,,,,,merge_then_adapt,coral,near_nearest_proxy,main,,0,0train,target,False,,,,,,
7,bnci004,MMP_merge_then_adapt,CSP,lda,pt,2,0,0,5724,0.05,no_leakage_v1_alpha005,gate_all_sources_proxy_source_only_final_training_only,mmd,,,,,merge_then_adapt,coral,near_nearest_proxy,final,,0,0train,target,False,,,,,,
7,bnci004,MMP_merge_then_adapt,CSP,lda,pt,2,1,1,5755,0.05,no_leakage_v1_alpha005,gate_all_sources_proxy_source_only_final_training_only,mmd,,,,,merge_then_adapt,coral,near_nearest_proxy,main,0.0,0,0train,near,False,0.2883140745796877,1.0,direct,0.1313414764633886,0.09189153798102309,0.1747075668738033
7,bnci004,MMP_merge_then_adapt,CSP,lda,pt,2,1,1,5755,0.05,no_leakage_v1_alpha005,gate_all_sources_proxy_source_only_final_training_only,mmd,,,,,merge_then_adapt,coral,near_nearest_proxy,anchor,0.0,0,0train,proxy_source,False,0.43022877821388966,1.0,direct,0.1313414764633886,0.09189153798102309,0.1747075668738033
7,bnci004,MMP_merge_then_adapt,CSP,lda,pt,2,1,1,5755,0.05,no_leakage_v1_alpha005,gate_all_sources_proxy_source_only_final_training_only,mmd,,,,,merge_then_adapt,coral,near_nearest_proxy,final,0.0,0,0train,train,False,0.2883140745796877,1.0,direct,0.1313414764633886,0.09189153798102309,0.1747075668738033
7,bnci004,MMP_merge_then_adapt,CSP,lda,pt,2,1,1,5755,0.05,no_leakage_v1_alpha005,gate_all_sources_proxy_source_only_final_training_only,mmd,,,,,merge_then_adapt,coral,near_nearest_proxy,main,1.0,2,2train,near,False,0.20791109921347178,1.0,direct,0.18213398316251803,0.13018451197171113,0.23307350609258562
7,bnci004,MMP_merge_then_adapt,CSP,lda,pt,2,1,1,5755,0.05,no_leakage_v1_alpha005,gate_all_sources_proxy_source_only_final_training_only,mmd,,,,,merge_then_adapt,coral,near_nearest_proxy,anchor,1.0,2,2train,proxy_source,False,0.3102496412015976,1.0,direct,0.18213398316251803,0.13018451197171113,0.23307350609258562
7,bnci004,MMP_merge_then_adapt,CSP,lda,pt,2,1,1,5755,0.05,no_leakage_v1_alpha005,gate_all_sources_proxy_source_only_final_training_only,mmd,,,,,merge_then_adapt,coral,near_nearest_proxy,final,1.0,2,2train,train,False,0.20791109921347178,1.0,direct,0.18213398316251803,0.13018451197171113,0.23307350609258562
7,bnci004,MMP_merge_then_adapt,CSP,lda,pt,2,1,1,5755,0.05,no_leakage_v1_alpha005,gate_all_sources_proxy_source_only_final_training_only,mmd,,,,,merge_then_adapt,coral,near_nearest_proxy,main,2.0,3,3test,nearest,True,0.3298586956999157,1.0,direct,0.11479932222341674,0.07658074514828532,0.16122139682186246
7,bnci004,MMP_merge_then_adapt,CSP,lda,pt,2,1,1,5755,0.05,no_leakage_v1_alpha005,gate_all_sources_proxy_source_only_final_training_only,mmd,,,,,merge_then_adapt,coral,near_nearest_proxy,anchor,2.0,3,3test,target,False,,1.0,direct,0.11479932222341674,0.07658074514828532,0.16122139682186246
7,bnci004,MMP_merge_then_adapt,CSP,lda,pt,2,1,1,5755,0.05,no_leakage_v1_alpha005,gate_all_sources_proxy_source_only_final_training_only,mmd,,,,,merge_then_adapt,coral,near_nearest_proxy,final,2.0,3,3test,train,True,0.3298586956999157,1.0,direct,0.11479932222341674,0.07658074514828532,0.16122139682186246
7,bnci004,MMP_merge_then_adapt,CSP,lda,pt,2,1,1,5755,0.05,no_leakage_v1_alpha005,gate_all_sources_proxy_source_only_final_training_only,mmd,,,,,merge_then_adapt,coral,near_nearest_proxy,main,3.0,4,4test,near,False,0.1739161305069249,1.0,direct,0.21773547127595502,0.1608347323786514,0.28074914898768666
7,bnci004,MMP_merge_then_adapt,CSP,lda,pt,2,1,1,5755,0.05,no_leakage_v1_alpha005,gate_all_sources_proxy_source_only_final_training_only,mmd,,,,,merge_then_adapt,coral,near_nearest_proxy,anchor,3.0,4,4test,proxy_source,False,0.25952158058451286,1.0,direct,0.21773547127595502,0.1608347323786514,0.28074914898768666
7,bnci004,MMP_merge_then_adapt,CSP,lda,pt,2,1,1,5755,0.05,no_leakage_v1_alpha005,gate_all_sources_proxy_source_only_final_training_only,mmd,,,,,merge_then_adapt,coral,near_nearest_proxy,final,3.0,4,4test,train,False,0.1739161305069249,1.0,direct,0.21773547127595502,0.1608347323786514,0.28074914898768666
7,bnci004,MMP_merge_then_adapt,CSP,lda,pt,2,1,1,5755,0.05,no_leakage_v1_alpha005,gate_all_sources_proxy_source_only_final_training_only,mmd,,,,,merge_then_adapt,coral,near_nearest_proxy,main,,1,1train,target,False,,,,,,
7,bnci004,MMP_merge_then_adapt,CSP,lda,pt,2,1,1,5755,0.05,no_leakage_v1_alpha005,gate_all_sources_proxy_source_only_final_training_only,mmd,,,,,merge_then_adapt,coral,near_nearest_proxy,final,,1,1train,target,False,,,,,,
7,bnci004,MMP_merge_then_adapt,CSP,lda,pt,2,2,2,5786,0.05,no_leakage_v1_alpha005,gate_all_sources_proxy_source_only_final_training_only,mmd,,,,,merge_then_adapt,coral,near_nearest_proxy,main,0.0,0,0train,near,False,0.274447271211296,2.0,direct,0.14964698769753493,0.10821640364075799,0.19055319573691115
7,bnci004,MMP_merge_then_adapt,CSP,lda,pt,2,2,2,5786,0.05,no_leakage_v1_alpha005,gate_all_sources_proxy_source_only_final_training_only,mmd,,,,,merge_then_adapt,coral,near_nearest_proxy,anchor,0.0,0,0train,proxy_source,False,0.4937190824696352,2.0,direct,0.14964698769753493,0.10821640364075799,0.19055319573691115
7,bnci004,MMP_merge_then_adapt,CSP,lda,pt,2,2,2,5786,0.05,no_leakage_v1_alpha005,gate_all_sources_proxy_source_only_final_training_only,mmd,,,,,merge_then_adapt,coral,near_nearest_proxy,final,0.0,0,0train,train,False,0.274447271211296,2.0,direct,0.14964698769753493,0.10821640364075799,0.19055319573691115
7,bnci004,MMP_merge_then_adapt,CSP,lda,pt,2,2,2,5786,0.05,no_leakage_v1_alpha005,gate_all_sources_proxy_source_only_final_training_only,mmd,,,,,merge_then_adapt,coral,near_nearest_proxy,main,1.0,1,1train,near,False,0.2814301112031767,2.0,direct,0.14593392391508697,0.10927130978652717,0.1923164943817481
7,bnci004,MMP_merge_then_adapt,CSP,lda,pt,2,2,2,5786,0.05,no_leakage_v1_alpha005,gate_all_sources_proxy_source_only_final_training_only,mmd,,,,,merge_then_adapt,coral,near_nearest_proxy,anchor,1.0,1,1train,proxy_source,False,0.5062809175303647,2.0,direct,0.14593392391508697,0.10927130978652717,0.1923164943817481
7,bnci004,MMP_merge_then_adapt,CSP,lda,pt,2,2,2,5786,0.05,no_leakage_v1_alpha005,gate_all_sources_proxy_source_only_final_training_only,mmd,,,,,merge_then_adapt,coral,near_nearest_proxy,final,1.0,1,1train,train,False,0.2814301112031767,2.0,direct,0.14593392391508697,0.10927130978652717,0.1923164943817481
7,bnci004,MMP_merge_then_adapt,CSP,lda,pt,2,2,2,5786,0.05,no_leakage_v1_alpha005,gate_all_sources_proxy_source_only_final_training_only,mmd,,,,,merge_then_adapt,coral,near_nearest_proxy,main,2.0,3,3test,nearest,True,0.44412261758552746,2.0,direct,0.09247454670628961,0.06160312106933507,0.11924307034556526
7,bnci004,MMP_merge_then_adapt,CSP,lda,pt,2,2,2,5786,0.05,no_leakage_v1_alpha005,gate_all_sources_proxy_source_only_final_training_only,mmd,,,,,merge_then_adapt,coral,near_nearest_proxy,anchor,2.0,3,3test,target,False,,2.0,direct,0.09247454670628961,0.06160312106933507,0.11924307034556526
7,bnci004,MMP_merge_then_adapt,CSP,lda,pt,2,2,2,5786,0.05,no_leakage_v1_alpha005,gate_all_sources_proxy_source_only_final_training_only,mmd,,,,,merge_then_adapt,coral,near_nearest_proxy,final,2.0,3,3test,train,True,0.44412261758552746,2.0,direct,0.09247454670628961,0.06160312106933507,0.11924307034556526
7,bnci004,MMP_merge_then_adapt,CSP,lda,pt,2,2,2,5786,0.05,no_leakage_v1_alpha005,gate_all_sources_proxy_source_only_final_training_only,mmd,,,,,merge_then_adapt,coral,near_nearest_proxy,main,3.0,4,4test,far,False,,2.0,direct,0.20880859649662473,0.16038009812403034,0.2556669029380949
7,bnci004,MMP_merge_then_adapt,CSP,lda,pt,2,2,2,5786,0.05,no_leakage_v1_alpha005,gate_all_sources_proxy_source_only_final_training_only,mmd,,,,,merge_then_adapt,coral,near_nearest_proxy,anchor,3.0,4,4test,not_used,False,,2.0,direct,0.20880859649662473,0.16038009812403034,0.2556669029380949
7,bnci004,MMP_merge_then_adapt,CSP,lda,pt,2,2,2,5786,0.05,no_leakage_v1_alpha005,gate_all_sources_proxy_source_only_final_training_only,mmd,,,,,merge_then_adapt,coral,near_nearest_proxy,final,3.0,4,4test,not_used,False,,2.0,direct,0.20880859649662473,0.16038009812403034,0.2556669029380949
7,bnci004,MMP_merge_then_adapt,CSP,lda,pt,2,2,2,5786,0.05,no_leakage_v1_alpha005,gate_all_sources_proxy_source_only_final_training_only,mmd,,,,,merge_then_adapt,coral,near_nearest_proxy,main,,2,2train,target,False,,,,,,
7,bnci004,MMP_merge_then_adapt,CSP,lda,pt,2,2,2,5786,0.05,no_leakage_v1_alpha005,gate_all_sources_proxy_source_only_final_training_only,mmd,,,,,merge_then_adapt,coral,near_nearest_proxy,final,,2,2train,target,False,,,,,,
7,bnci004,MMP_merge_then_adapt,CSP,lda,pt,2,3,3,5817,0.05,no_leakage_v1_alpha005,gate_all_sources_proxy_source_only_final_training_only,mmd,,,,,merge_then_adapt,coral,near_nearest_proxy,main,0.0,0,0train,nearest,True,0.43582573882941106,3.0,direct,0.06633936769752503,0.03887282250848333,0.10140100903981665
7,bnci004,MMP_merge_then_adapt,CSP,lda,pt,2,3,3,5817,0.05,no_leakage_v1_alpha005,gate_all_sources_proxy_source_only_final_training_only,mmd,,,,,merge_then_adapt,coral,near_nearest_proxy,anchor,0.0,0,0train,target,False,,3.0,direct,0.06633936769752503,0.03887282250848333,0.10140100903981665
7,bnci004,MMP_merge_then_adapt,CSP,lda,pt,2,3,3,5817,0.05,no_leakage_v1_alpha005,gate_all_sources_proxy_source_only_final_training_only,mmd,,,,,merge_then_adapt,coral,near_nearest_proxy,final,0.0,0,0train,train,True,0.43582573882941106,3.0,direct,0.06633936769752503,0.03887282250848333,0.10140100903981665
7,bnci004,MMP_merge_then_adapt,CSP,lda,pt,2,3,3,5817,0.05,no_leakage_v1_alpha005,gate_all_sources_proxy_source_only_final_training_only,mmd,,,,,merge_then_adapt,coral,near_nearest_proxy,main,1.0,1,1train,near,False,0.2752188276588216,3.0,direct,0.10505300379741024,0.07335219010738846,0.14218048666966723
7,bnci004,MMP_merge_then_adapt,CSP,lda,pt,2,3,3,5817,0.05,no_leakage_v1_alpha005,gate_all_sources_proxy_source_only_final_training_only,mmd,,,,,merge_then_adapt,coral,near_nearest_proxy,anchor,1.0,1,1train,proxy_source,False,0.4878259194025939,3.0,direct,0.10505300379741024,0.07335219010738846,0.14218048666966723
7,bnci004,MMP_merge_then_adapt,CSP,lda,pt,2,3,3,5817,0.05,no_leakage_v1_alpha005,gate_all_sources_proxy_source_only_final_training_only,mmd,,,,,merge_then_adapt,coral,near_nearest_proxy,final,1.0,1,1train,train,False,0.2752188276588216,3.0,direct,0.10505300379741024,0.07335219010738846,0.14218048666966723
7,bnci004,MMP_merge_then_adapt,CSP,lda,pt,2,3,3,5817,0.05,no_leakage_v1_alpha005,gate_all_sources_proxy_source_only_final_training_only,mmd,,,,,merge_then_adapt,coral,near_nearest_proxy,main,2.0,2,2train,near,False,0.28895543351176717,3.0,direct,0.10005885841692512,0.07062541091268416,0.13280797769645492
7,bnci004,MMP_merge_then_adapt,CSP,lda,pt,2,3,3,5817,0.05,no_leakage_v1_alpha005,gate_all_sources_proxy_source_only_final_training_only,mmd,,,,,merge_then_adapt,coral,near_nearest_proxy,anchor,2.0,2,2train,proxy_source,False,0.5121740805974061,3.0,direct,0.10005885841692512,0.07062541091268416,0.13280797769645492
7,bnci004,MMP_merge_then_adapt,CSP,lda,pt,2,3,3,5817,0.05,no_leakage_v1_alpha005,gate_all_sources_proxy_source_only_final_training_only,mmd,,,,,merge_then_adapt,coral,near_nearest_proxy,final,2.0,2,2train,train,False,0.28895543351176717,3.0,direct,0.10005885841692512,0.07062541091268416,0.13280797769645492
7,bnci004,MMP_merge_then_adapt,CSP,lda,pt,2,3,3,5817,0.05,no_leakage_v1_alpha005,gate_all_sources_proxy_source_only_final_training_only,mmd,,,,,merge_then_adapt,coral,near_nearest_proxy,main,3.0,4,4test,far,False,,3.0,direct,0.14830664347886402,0.10954797361148415,0.2008835444679828
7,bnci004,MMP_merge_then_adapt,CSP,lda,pt,2,3,3,5817,0.05,no_leakage_v1_alpha005,gate_all_sources_proxy_source_only_final_training_only,mmd,,,,,merge_then_adapt,coral,near_nearest_proxy,anchor,3.0,4,4test,not_used,False,,3.0,direct,0.14830664347886402,0.10954797361148415,0.2008835444679828
7,bnci004,MMP_merge_then_adapt,CSP,lda,pt,2,3,3,5817,0.05,no_leakage_v1_alpha005,gate_all_sources_proxy_source_only_final_training_only,mmd,,,,,merge_then_adapt,coral,near_nearest_proxy,final,3.0,4,4test,not_used,False,,3.0,direct,0.14830664347886402,0.10954797361148415,0.2008835444679828
7,bnci004,MMP_merge_then_adapt,CSP,lda,pt,2,3,3,5817,0.05,no_leakage_v1_alpha005,gate_all_sources_proxy_source_only_final_training_only,mmd,,,,,merge_then_adapt,coral,near_nearest_proxy,main,,3,3test,target,False,,,,,,
7,bnci004,MMP_merge_then_adapt,CSP,lda,pt,2,3,3,5817,0.05,no_leakage_v1_alpha005,gate_all_sources_proxy_source_only_final_training_only,mmd,,,,,merge_then_adapt,coral,near_nearest_proxy,final,,3,3test,target,False,,,,,,
7,bnci004,MMP_merge_then_adapt,CSP,lda,pt,2,4,4,5848,0.05,no_leakage_v1_alpha005,gate_all_sources_proxy_source_only_final_training_only,mmd,,,,,merge_then_adapt,coral,near_nearest_proxy,main,0.0,0,0train,nearest,True,0.612704920474855,4.0,direct,0.07856826210233857,0.05042451234667499,0.11766950181625417
7,bnci004,MMP_merge_then_adapt,CSP,lda,pt,2,4,4,5848,0.05,no_leakage_v1_alpha005,gate_all_sources_proxy_source_only_final_training_only,mmd,,,,,merge_then_adapt,coral,near_nearest_proxy,anchor,0.0,0,0train,target,False,,4.0,direct,0.07856826210233857,0.05042451234667499,0.11766950181625417
7,bnci004,MMP_merge_then_adapt,CSP,lda,pt,2,4,4,5848,0.05,no_leakage_v1_alpha005,gate_all_sources_proxy_source_only_final_training_only,mmd,,,,,merge_then_adapt,coral,near_nearest_proxy,final,0.0,0,0train,train,True,0.612704920474855,4.0,direct,0.07856826210233857,0.05042451234667499,0.11766950181625417
7,bnci004,MMP_merge_then_adapt,CSP,lda,pt,2,4,4,5848,0.05,no_leakage_v1_alpha005,gate_all_sources_proxy_source_only_final_training_only,mmd,,,,,merge_then_adapt,coral,near_nearest_proxy,main,1.0,1,1train,far,False,,4.0,direct,0.19310397545521898,0.15148755366834524,0.23954194947870353
7,bnci004,MMP_merge_then_adapt,CSP,lda,pt,2,4,4,5848,0.05,no_leakage_v1_alpha005,gate_all_sources_proxy_source_only_final_training_only,mmd,,,,,merge_then_adapt,coral,near_nearest_proxy,anchor,1.0,1,1train,not_used,False,,4.0,direct,0.19310397545521898,0.15148755366834524,0.23954194947870353
7,bnci004,MMP_merge_then_adapt,CSP,lda,pt,2,4,4,5848,0.05,no_leakage_v1_alpha005,gate_all_sources_proxy_source_only_final_training_only,mmd,,,,,merge_then_adapt,coral,near_nearest_proxy,final,1.0,1,1train,not_used,False,,4.0,direct,0.19310397545521898,0.15148755366834524,0.23954194947870353
7,bnci004,MMP_merge_then_adapt,CSP,lda,pt,2,4,4,5848,0.05,no_leakage_v1_alpha005,gate_all_sources_proxy_source_only_final_training_only,mmd,,,,,merge_then_adapt,coral,near_nearest_proxy,main,2.0,2,2train,far,False,,4.0,direct,0.22946097150493736,0.18445823016022564,0.27817452372620016
7,bnci004,MMP_merge_then_adapt,CSP,lda,pt,2,4,4,5848,0.05,no_leakage_v1_alpha005,gate_all_sources_proxy_source_only_final_training_only,mmd,,,,,merge_then_adapt,coral,near_nearest_proxy,anchor,2.0,2,2train,not_used,False,,4.0,direct,0.22946097150493736,0.18445823016022564,0.27817452372620016
7,bnci004,MMP_merge_then_adapt,CSP,lda,pt,2,4,4,5848,0.05,no_leakage_v1_alpha005,gate_all_sources_proxy_source_only_final_training_only,mmd,,,,,merge_then_adapt,coral,near_nearest_proxy,final,2.0,2,2train,not_used,False,,4.0,direct,0.22946097150493736,0.18445823016022564,0.27817452372620016
7,bnci004,MMP_merge_then_adapt,CSP,lda,pt,2,4,4,5848,0.05,no_leakage_v1_alpha005,gate_all_sources_proxy_source_only_final_training_only,mmd,,,,,merge_then_adapt,coral,near_nearest_proxy,main,3.0,3,3test,near,False,0.38729507952514497,4.0,direct,0.12429640534582738,0.08909817036165352,0.1673136938868642
7,bnci004,MMP_merge_then_adapt,CSP,lda,pt,2,4,4,5848,0.05,no_leakage_v1_alpha005,gate_all_sources_proxy_source_only_final_training_only,mmd,,,,,merge_then_adapt,coral,near_nearest_proxy,anchor,3.0,3,3test,proxy_source,False,1.0,4.0,direct,0.12429640534582738,0.08909817036165352,0.1673136938868642
7,bnci004,MMP_merge_then_adapt,CSP,lda,pt,2,4,4,5848,0.05,no_leakage_v1_alpha005,gate_all_sources_proxy_source_only_final_training_only,mmd,,,,,merge_then_adapt,coral,near_nearest_proxy,final,3.0,3,3test,train,False,0.38729507952514497,4.0,direct,0.12429640534582738,0.08909817036165352,0.1673136938868642
7,bnci004,MMP_merge_then_adapt,CSP,lda,pt,2,4,4,5848,0.05,no_leakage_v1_alpha005,gate_all_sources_proxy_source_only_final_training_only,mmd,,,,,merge_then_adapt,coral,near_nearest_proxy,main,,4,4test,target,False,,,,,,
7,bnci004,MMP_merge_then_adapt,CSP,lda,pt,2,4,4,5848,0.05,no_leakage_v1_alpha005,gate_all_sources_proxy_source_only_final_training_only,mmd,,,,,merge_then_adapt,coral,near_nearest_proxy,final,,4,4test,target,False,,,,,,
7,bnci004,MMP_merge_then_adapt,CSP,lda,coral,3,0,0,6721,0.05,no_leakage_v1_alpha005,gate_all_sources_proxy_source_only_final_training_only,mmd,,,,,merge_then_adapt,coral,near_nearest_proxy,main,0.0,1,1train,near,False,0.2221773138606838,0.0,direct,0.12695310420221598,0.08950895262770876,0.16510522495340008
7,bnci004,MMP_merge_then_adapt,CSP,lda,coral,3,0,0,6721,0.05,no_leakage_v1_alpha005,gate_all_sources_proxy_source_only_final_training_only,mmd,,,,,merge_then_adapt,coral,near_nearest_proxy,anchor,0.0,1,1train,proxy_source,False,0.3886658728227136,0.0,direct,0.12695310420221598,0.08950895262770876,0.16510522495340008
7,bnci004,MMP_merge_then_adapt,CSP,lda,coral,3,0,0,6721,0.05,no_leakage_v1_alpha005,gate_all_sources_proxy_source_only_final_training_only,mmd,,,,,merge_then_adapt,coral,near_nearest_proxy,final,0.0,1,1train,train,False,0.2221773138606838,0.0,direct,0.12695310420221598,0.08950895262770876,0.16510522495340008
7,bnci004,MMP_merge_then_adapt,CSP,lda,coral,3,0,0,6721,0.05,no_leakage_v1_alpha005,gate_all_sources_proxy_source_only_final_training_only,mmd,,,,,merge_then_adapt,coral,near_nearest_proxy,main,1.0,2,2train,far,False,,0.0,direct,0.16141366219697073,0.1239507260899647,0.20288184604880485
7,bnci004,MMP_merge_then_adapt,CSP,lda,coral,3,0,0,6721,0.05,no_leakage_v1_alpha005,gate_all_sources_proxy_source_only_final_training_only,mmd,,,,,merge_then_adapt,coral,near_nearest_proxy,anchor,1.0,2,2train,not_used,False,,0.0,direct,0.16141366219697073,0.1239507260899647,0.20288184604880485
7,bnci004,MMP_merge_then_adapt,CSP,lda,coral,3,0,0,6721,0.05,no_leakage_v1_alpha005,gate_all_sources_proxy_source_only_final_training_only,mmd,,,,,merge_then_adapt,coral,near_nearest_proxy,final,1.0,2,2train,not_used,False,,0.0,direct,0.16141366219697073,0.1239507260899647,0.20288184604880485
7,bnci004,MMP_merge_then_adapt,CSP,lda,coral,3,0,0,6721,0.05,no_leakage_v1_alpha005,gate_all_sources_proxy_source_only_final_training_only,mmd,,,,,merge_then_adapt,coral,near_nearest_proxy,main,2.0,3,3test,nearest,True,0.4283590883678434,0.0,direct,0.06584637576763207,0.04247749541718633,0.09949321174737928
7,bnci004,MMP_merge_then_adapt,CSP,lda,coral,3,0,0,6721,0.05,no_leakage_v1_alpha005,gate_all_sources_proxy_source_only_final_training_only,mmd,,,,,merge_then_adapt,coral,near_nearest_proxy,anchor,2.0,3,3test,target,False,,0.0,direct,0.06584637576763207,0.04247749541718633,0.09949321174737928
7,bnci004,MMP_merge_then_adapt,CSP,lda,coral,3,0,0,6721,0.05,no_leakage_v1_alpha005,gate_all_sources_proxy_source_only_final_training_only,mmd,,,,,merge_then_adapt,coral,near_nearest_proxy,final,2.0,3,3test,train,True,0.4283590883678434,0.0,direct,0.06584637576763207,0.04247749541718633,0.09949321174737928
7,bnci004,MMP_merge_then_adapt,CSP,lda,coral,3,0,0,6721,0.05,no_leakage_v1_alpha005,gate_all_sources_proxy_source_only_final_training_only,mmd,,,,,merge_then_adapt,coral,near_nearest_proxy,main,3.0,4,4test,near,False,0.34946359777147273,0.0,direct,0.08071219025818209,0.05021316338722425,0.12138002478919055
7,bnci004,MMP_merge_then_adapt,CSP,lda,coral,3,0,0,6721,0.05,no_leakage_v1_alpha005,gate_all_sources_proxy_source_only_final_training_only,mmd,,,,,merge_then_adapt,coral,near_nearest_proxy,anchor,3.0,4,4test,proxy_source,False,0.6113341271772864,0.0,direct,0.08071219025818209,0.05021316338722425,0.12138002478919055
7,bnci004,MMP_merge_then_adapt,CSP,lda,coral,3,0,0,6721,0.05,no_leakage_v1_alpha005,gate_all_sources_proxy_source_only_final_training_only,mmd,,,,,merge_then_adapt,coral,near_nearest_proxy,final,3.0,4,4test,train,False,0.34946359777147273,0.0,direct,0.08071219025818209,0.05021316338722425,0.12138002478919055
7,bnci004,MMP_merge_then_adapt,CSP,lda,coral,3,0,0,6721,0.05,no_leakage_v1_alpha005,gate_all_sources_proxy_source_only_final_training_only,mmd,,,,,merge_then_adapt,coral,near_nearest_proxy,main,,0,0train,target,False,,,,,,
7,bnci004,MMP_merge_then_adapt,CSP,lda,coral,3,0,0,6721,0.05,no_leakage_v1_alpha005,gate_all_sources_proxy_source_only_final_training_only,mmd,,,,,merge_then_adapt,coral,near_nearest_proxy,final,,0,0train,target,False,,,,,,
7,bnci004,MMP_merge_then_adapt,CSP,lda,coral,3,1,1,6752,0.05,no_leakage_v1_alpha005,gate_all_sources_proxy_source_only_final_training_only,mmd,,,,,merge_then_adapt,coral,near_nearest_proxy,main,0.0,0,0train,near,False,0.3473413335932868,1.0,direct,0.13121080143752883,0.0946885710006872,0.17516727675259672
7,bnci004,MMP_merge_then_adapt,CSP,lda,coral,3,1,1,6752,0.05,no_leakage_v1_alpha005,gate_all_sources_proxy_source_only_final_training_only,mmd,,,,,merge_then_adapt,coral,near_nearest_proxy,anchor,0.0,0,0train,proxy_source,False,0.5769810284711622,1.0,direct,0.13121080143752883,0.0946885710006872,0.17516727675259672
7,bnci004,MMP_merge_then_adapt,CSP,lda,coral,3,1,1,6752,0.05,no_leakage_v1_alpha005,gate_all_sources_proxy_source_only_final_training_only,mmd,,,,,merge_then_adapt,coral,near_nearest_proxy,final,0.0,0,0train,train,False,0.3473413335932868,1.0,direct,0.13121080143752883,0.0946885710006872,0.17516727675259672
7,bnci004,MMP_merge_then_adapt,CSP,lda,coral,3,1,1,6752,0.05,no_leakage_v1_alpha005,gate_all_sources_proxy_source_only_final_training_only,mmd,,,,,merge_then_adapt,coral,near_nearest_proxy,main,1.0,2,2train,near,False,0.2546565076765446,1.0,direct,0.17896667104171896,0.1360931449519792,0.24262136961431358
7,bnci004,MMP_merge_then_adapt,CSP,lda,coral,3,1,1,6752,0.05,no_leakage_v1_alpha005,gate_all_sources_proxy_source_only_final_training_only,mmd,,,,,merge_then_adapt,coral,near_nearest_proxy,anchor,1.0,2,2train,proxy_source,False,0.4230189715288377,1.0,direct,0.17896667104171896,0.1360931449519792,0.24262136961431358
7,bnci004,MMP_merge_then_adapt,CSP,lda,coral,3,1,1,6752,0.05,no_leakage_v1_alpha005,gate_all_sources_proxy_source_only_final_training_only,mmd,,,,,merge_then_adapt,coral,near_nearest_proxy,final,1.0,2,2train,train,False,0.2546565076765446,1.0,direct,0.17896667104171896,0.1360931449519792,0.24262136961431358
7,bnci004,MMP_merge_then_adapt,CSP,lda,coral,3,1,1,6752,0.05,no_leakage_v1_alpha005,gate_all_sources_proxy_source_only_final_training_only,mmd,,,,,merge_then_adapt,coral,near_nearest_proxy,main,2.0,3,3test,nearest,True,0.39800215873016875,1.0,direct,0.1145091379346719,0.0811428264196771,0.1506270960403652
7,bnci004,MMP_merge_then_adapt,CSP,lda,coral,3,1,1,6752,0.05,no_leakage_v1_alpha005,gate_all_sources_proxy_source_only_final_training_only,mmd,,,,,merge_then_adapt,coral,near_nearest_proxy,anchor,2.0,3,3test,target,False,,1.0,direct,0.1145091379346719,0.0811428264196771,0.1506270960403652
7,bnci004,MMP_merge_then_adapt,CSP,lda,coral,3,1,1,6752,0.05,no_leakage_v1_alpha005,gate_all_sources_proxy_source_only_final_training_only,mmd,,,,,merge_then_adapt,coral,near_nearest_proxy,final,2.0,3,3test,train,True,0.39800215873016875,1.0,direct,0.1145091379346719,0.0811428264196771,0.1506270960403652
7,bnci004,MMP_merge_then_adapt,CSP,lda,coral,3,1,1,6752,0.05,no_leakage_v1_alpha005,gate_all_sources_proxy_source_only_final_training_only,mmd,,,,,merge_then_adapt,coral,near_nearest_proxy,main,3.0,4,4test,far,False,,1.0,direct,0.22101074693099498,0.16652775320371238,0.2890814404778823
7,bnci004,MMP_merge_then_adapt,CSP,lda,coral,3,1,1,6752,0.05,no_leakage_v1_alpha005,gate_all_sources_proxy_source_only_final_training_only,mmd,,,,,merge_then_adapt,coral,near_nearest_proxy,anchor,3.0,4,4test,not_used,False,,1.0,direct,0.22101074693099498,0.16652775320371238,0.2890814404778823
7,bnci004,MMP_merge_then_adapt,CSP,lda,coral,3,1,1,6752,0.05,no_leakage_v1_alpha005,gate_all_sources_proxy_source_only_final_training_only,mmd,,,,,merge_then_adapt,coral,near_nearest_proxy,final,3.0,4,4test,not_used,False,,1.0,direct,0.22101074693099498,0.16652775320371238,0.2890814404778823
7,bnci004,MMP_merge_then_adapt,CSP,lda,coral,3,1,1,6752,0.05,no_leakage_v1_alpha005,gate_all_sources_proxy_source_only_final_training_only,mmd,,,,,merge_then_adapt,coral,near_nearest_proxy,main,,1,1train,target,False,,,,,,
7,bnci004,MMP_merge_then_adapt,CSP,lda,coral,3,1,1,6752,0.05,no_leakage_v1_alpha005,gate_all_sources_proxy_source_only_final_training_only,mmd,,,,,merge_then_adapt,coral,near_nearest_proxy,final,,1,1train,target,False,,,,,,
7,bnci004,MMP_merge_then_adapt,CSP,lda,coral,3,2,2,6783,0.05,no_leakage_v1_alpha005,gate_all_sources_proxy_source_only_final_training_only,mmd,,,,,merge_then_adapt,coral,near_nearest_proxy,main,0.0,0,0train,near,False,0.2753155061868149,2.0,direct,0.15019940971413562,0.11270382769988599,0.18647218974754035
7,bnci004,MMP_merge_then_adapt,CSP,lda,coral,3,2,2,6783,0.05,no_leakage_v1_alpha005,gate_all_sources_proxy_source_only_final_training_only,mmd,,,,,merge_then_adapt,coral,near_nearest_proxy,anchor,0.0,0,0train,proxy_source,False,0.5016789976892942,2.0,direct,0.15019940971413562,0.11270382769988599,0.18647218974754035
7,bnci004,MMP_merge_then_adapt,CSP,lda,coral,3,2,2,6783,0.05,no_leakage_v1_alpha005,gate_all_sources_proxy_source_only_final_training_only,mmd,,,,,merge_then_adapt,coral,near_nearest_proxy,final,0.0,0,0train,train,False,0.2753155061868149,2.0,direct,0.15019940971413562,0.11270382769988599,0.18647218974754035
7,bnci004,MMP_merge_then_adapt,CSP,lda,coral,3,2,2,6783,0.05,no_leakage_v1_alpha005,gate_all_sources_proxy_source_only_final_training_only,mmd,,,,,merge_then_adapt,coral,near_nearest_proxy,main,1.0,1,1train,near,False,0.27347267800048997,2.0,direct,0.15121155305014475,0.1145782601842035,0.19638132300604566
7,bnci004,MMP_merge_then_adapt,CSP,lda,coral,3,2,2,6783,0.05,no_leakage_v1_alpha005,gate_all_sources_proxy_source_only_final_training_only,mmd,,,,,merge_then_adapt,coral,near_nearest_proxy,anchor,1.0,1,1train,proxy_source,False,0.4983210023107057,2.0,direct,0.15121155305014475,0.1145782601842035,0.19638132300604566
7,bnci004,MMP_merge_then_adapt,CSP,lda,coral,3,2,2,6783,0.05,no_leakage_v1_alpha005,gate_all_sources_proxy_source_only_final_training_only,mmd,,,,,merge_then_adapt,coral,near_nearest_proxy,final,1.0,1,1train,train,False,0.27347267800048997,2.0,direct,0.15121155305014475,0.1145782601842035,0.19638132300604566
7,bnci004,MMP_merge_then_adapt,CSP,lda,coral,3,2,2,6783,0.05,no_leakage_v1_alpha005,gate_all_sources_proxy_source_only_final_training_only,mmd,,,,,merge_then_adapt,coral,near_nearest_proxy,main,2.0,3,3test,nearest,True,0.45121181581269526,2.0,direct,0.09164664835653212,0.06326723227834033,0.12393716616488193
7,bnci004,MMP_merge_then_adapt,CSP,lda,coral,3,2,2,6783,0.05,no_leakage_v1_alpha005,gate_all_sources_proxy_source_only_final_training_only,mmd,,,,,merge_then_adapt,coral,near_nearest_proxy,anchor,2.0,3,3test,target,False,,2.0,direct,0.09164664835653212,0.06326723227834033,0.12393716616488193
7,bnci004,MMP_merge_then_adapt,CSP,lda,coral,3,2,2,6783,0.05,no_leakage_v1_alpha005,gate_all_sources_proxy_source_only_final_training_only,mmd,,,,,merge_then_adapt,coral,near_nearest_proxy,final,2.0,3,3test,train,True,0.45121181581269526,2.0,direct,0.09164664835653212,0.06326723227834033,0.12393716616488193
7,bnci004,MMP_merge_then_adapt,CSP,lda,coral,3,2,2,6783,0.05,no_leakage_v1_alpha005,gate_all_sources_proxy_source_only_final_training_only,mmd,,,,,merge_then_adapt,coral,near_nearest_proxy,main,3.0,4,4test,far,False,,2.0,direct,0.20905901496342058,0.16295088339588604,0.25173089574893476
7,bnci004,MMP_merge_then_adapt,CSP,lda,coral,3,2,2,6783,0.05,no_leakage_v1_alpha005,gate_all_sources_proxy_source_only_final_training_only,mmd,,,,,merge_then_adapt,coral,near_nearest_proxy,anchor,3.0,4,4test,not_used,False,,2.0,direct,0.20905901496342058,0.16295088339588604,0.25173089574893476
7,bnci004,MMP_merge_then_adapt,CSP,lda,coral,3,2,2,6783,0.05,no_leakage_v1_alpha005,gate_all_sources_proxy_source_only_final_training_only,mmd,,,,,merge_then_adapt,coral,near_nearest_proxy,final,3.0,4,4test,not_used,False,,2.0,direct,0.20905901496342058,0.16295088339588604,0.25173089574893476
7,bnci004,MMP_merge_then_adapt,CSP,lda,coral,3,2,2,6783,0.05,no_leakage_v1_alpha005,gate_all_sources_proxy_source_only_final_training_only,mmd,,,,,merge_then_adapt,coral,near_nearest_proxy,main,,2,2train,target,False,,,,,,
7,bnci004,MMP_merge_then_adapt,CSP,lda,coral,3,2,2,6783,0.05,no_leakage_v1_alpha005,gate_all_sources_proxy_source_only_final_training_only,mmd,,,,,merge_then_adapt,coral,near_nearest_proxy,final,,2,2train,target,False,,,,,,
7,bnci004,MMP_merge_then_adapt,CSP,lda,coral,3,3,3,6814,0.05,no_leakage_v1_alpha005,gate_all_sources_proxy_source_only_final_training_only,mmd,,,,,merge_then_adapt,coral,near_nearest_proxy,main,0.0,0,0train,nearest,True,0.4338242835961201,3.0,direct,0.06607513228212887,0.03757971412739092,0.10528372135723901
7,bnci004,MMP_merge_then_adapt,CSP,lda,coral,3,3,3,6814,0.05,no_leakage_v1_alpha005,gate_all_sources_proxy_source_only_final_training_only,mmd,,,,,merge_then_adapt,coral,near_nearest_proxy,anchor,0.0,0,0train,target,False,,3.0,direct,0.06607513228212887,0.03757971412739092,0.10528372135723901
7,bnci004,MMP_merge_then_adapt,CSP,lda,coral,3,3,3,6814,0.05,no_leakage_v1_alpha005,gate_all_sources_proxy_source_only_final_training_only,mmd,,,,,merge_then_adapt,coral,near_nearest_proxy,final,0.0,0,0train,train,True,0.4338242835961201,3.0,direct,0.06607513228212887,0.03757971412739092,0.10528372135723901
7,bnci004,MMP_merge_then_adapt,CSP,lda,coral,3,3,3,6814,0.05,no_leakage_v1_alpha005,gate_all_sources_proxy_source_only_final_training_only,mmd,,,,,merge_then_adapt,coral,near_nearest_proxy,main,1.0,1,1train,near,False,0.2735922379349339,3.0,direct,0.1047732836802054,0.07133808447593139,0.14514938196265512
7,bnci004,MMP_merge_then_adapt,CSP,lda,coral,3,3,3,6814,0.05,no_leakage_v1_alpha005,gate_all_sources_proxy_source_only_final_training_only,mmd,,,,,merge_then_adapt,coral,near_nearest_proxy,anchor,1.0,1,1train,proxy_source,False,0.48322849251232747,3.0,direct,0.1047732836802054,0.07133808447593139,0.14514938196265512
7,bnci004,MMP_merge_then_adapt,CSP,lda,coral,3,3,3,6814,0.05,no_leakage_v1_alpha005,gate_all_sources_proxy_source_only_final_training_only,mmd,,,,,merge_then_adapt,coral,near_nearest_proxy,final,1.0,1,1train,train,False,0.2735922379349339,3.0,direct,0.1047732836802054,0.07133808447593139,0.14514938196265512
7,bnci004,MMP_merge_then_adapt,CSP,lda,coral,3,3,3,6814,0.05,no_leakage_v1_alpha005,gate_all_sources_proxy_source_only_final_training_only,mmd,,,,,merge_then_adapt,coral,near_nearest_proxy,main,2.0,2,2train,near,False,0.29258347846894595,3.0,direct,0.09797251135511739,0.06817479605143416,0.13312278214641018
7,bnci004,MMP_merge_then_adapt,CSP,lda,coral,3,3,3,6814,0.05,no_leakage_v1_alpha005,gate_all_sources_proxy_source_only_final_training_only,mmd,,,,,merge_then_adapt,coral,near_nearest_proxy,anchor,2.0,2,2train,proxy_source,False,0.5167715074876724,3.0,direct,0.09797251135511739,0.06817479605143416,0.13312278214641018
7,bnci004,MMP_merge_then_adapt,CSP,lda,coral,3,3,3,6814,0.05,no_leakage_v1_alpha005,gate_all_sources_proxy_source_only_final_training_only,mmd,,,,,merge_then_adapt,coral,near_nearest_proxy,final,2.0,2,2train,train,False,0.29258347846894595,3.0,direct,0.09797251135511739,0.06817479605143416,0.13312278214641018
7,bnci004,MMP_merge_then_adapt,CSP,lda,coral,3,3,3,6814,0.05,no_leakage_v1_alpha005,gate_all_sources_proxy_source_only_final_training_only,mmd,,,,,merge_then_adapt,coral,near_nearest_proxy,main,3.0,4,4test,far,False,,3.0,direct,0.15384700750833022,0.10826242260570457,0.2007193027865078
7,bnci004,MMP_merge_then_adapt,CSP,lda,coral,3,3,3,6814,0.05,no_leakage_v1_alpha005,gate_all_sources_proxy_source_only_final_training_only,mmd,,,,,merge_then_adapt,coral,near_nearest_proxy,anchor,3.0,4,4test,not_used,False,,3.0,direct,0.15384700750833022,0.10826242260570457,0.2007193027865078
7,bnci004,MMP_merge_then_adapt,CSP,lda,coral,3,3,3,6814,0.05,no_leakage_v1_alpha005,gate_all_sources_proxy_source_only_final_training_only,mmd,,,,,merge_then_adapt,coral,near_nearest_proxy,final,3.0,4,4test,not_used,False,,3.0,direct,0.15384700750833022,0.10826242260570457,0.2007193027865078
7,bnci004,MMP_merge_then_adapt,CSP,lda,coral,3,3,3,6814,0.05,no_leakage_v1_alpha005,gate_all_sources_proxy_source_only_final_training_only,mmd,,,,,merge_then_adapt,coral,near_nearest_proxy,main,,3,3test,target,False,,,,,,
7,bnci004,MMP_merge_then_adapt,CSP,lda,coral,3,3,3,6814,0.05,no_leakage_v1_alpha005,gate_all_sources_proxy_source_only_final_training_only,mmd,,,,,merge_then_adapt,coral,near_nearest_proxy,final,,3,3test,target,False,,,,,,
7,bnci004,MMP_merge_then_adapt,CSP,lda,coral,3,4,4,6845,0.05,no_leakage_v1_alpha005,gate_all_sources_proxy_source_only_final_training_only,mmd,,,,,merge_then_adapt,coral,near_nearest_proxy,main,0.0,0,0train,nearest,True,0.6135810441377894,4.0,direct,0.07889309235806358,0.05044435782978542,0.10860063676621903
7,bnci004,MMP_merge_then_adapt,CSP,lda,coral,3,4,4,6845,0.05,no_leakage_v1_alpha005,gate_all_sources_proxy_source_only_final_training_only,mmd,,,,,merge_then_adapt,coral,near_nearest_proxy,anchor,0.0,0,0train,target,False,,4.0,direct,0.07889309235806358,0.05044435782978542,0.10860063676621903
7,bnci004,MMP_merge_then_adapt,CSP,lda,coral,3,4,4,6845,0.05,no_leakage_v1_alpha005,gate_all_sources_proxy_source_only_final_training_only,mmd,,,,,merge_then_adapt,coral,near_nearest_proxy,final,0.0,0,0train,train,True,0.6135810441377894,4.0,direct,0.07889309235806358,0.05044435782978542,0.10860063676621903
7,bnci004,MMP_merge_then_adapt,CSP,lda,coral,3,4,4,6845,0.05,no_leakage_v1_alpha005,gate_all_sources_proxy_source_only_final_training_only,mmd,,,,,merge_then_adapt,coral,near_nearest_proxy,main,1.0,1,1train,far,False,,4.0,direct,0.18977795112499976,0.14835631415313139,0.2326954247115913
7,bnci004,MMP_merge_then_adapt,CSP,lda,coral,3,4,4,6845,0.05,no_leakage_v1_alpha005,gate_all_sources_proxy_source_only_final_training_only,mmd,,,,,merge_then_adapt,coral,near_nearest_proxy,anchor,1.0,1,1train,not_used,False,,4.0,direct,0.18977795112499976,0.14835631415313139,0.2326954247115913
7,bnci004,MMP_merge_then_adapt,CSP,lda,coral,3,4,4,6845,0.05,no_leakage_v1_alpha005,gate_all_sources_proxy_source_only_final_training_only,mmd,,,,,merge_then_adapt,coral,near_nearest_proxy,final,1.0,1,1train,not_used,False,,4.0,direct,0.18977795112499976,0.14835631415313139,0.2326954247115913
7,bnci004,MMP_merge_then_adapt,CSP,lda,coral,3,4,4,6845,0.05,no_leakage_v1_alpha005,gate_all_sources_proxy_source_only_final_training_only,mmd,,,,,merge_then_adapt,coral,near_nearest_proxy,main,2.0,2,2train,far,False,,4.0,direct,0.22854849771942226,0.18443476593081842,0.2737309600579803
7,bnci004,MMP_merge_then_adapt,CSP,lda,coral,3,4,4,6845,0.05,no_leakage_v1_alpha005,gate_all_sources_proxy_source_only_final_training_only,mmd,,,,,merge_then_adapt,coral,near_nearest_proxy,anchor,2.0,2,2train,not_used,False,,4.0,direct,0.22854849771942226,0.18443476593081842,0.2737309600579803
7,bnci004,MMP_merge_then_adapt,CSP,lda,coral,3,4,4,6845,0.05,no_leakage_v1_alpha005,gate_all_sources_proxy_source_only_final_training_only,mmd,,,,,merge_then_adapt,coral,near_nearest_proxy,final,2.0,2,2train,not_used,False,,4.0,direct,0.22854849771942226,0.18443476593081842,0.2737309600579803
7,bnci004,MMP_merge_then_adapt,CSP,lda,coral,3,4,4,6845,0.05,no_leakage_v1_alpha005,gate_all_sources_proxy_source_only_final_training_only,mmd,,,,,merge_then_adapt,coral,near_nearest_proxy,main,3.0,3,3test,near,False,0.38641895586221064,4.0,direct,0.12527214933956074,0.08724106772259015,0.16963086831913962
7,bnci004,MMP_merge_then_adapt,CSP,lda,coral,3,4,4,6845,0.05,no_leakage_v1_alpha005,gate_all_sources_proxy_source_only_final_training_only,mmd,,,,,merge_then_adapt,coral,near_nearest_proxy,anchor,3.0,3,3test,proxy_source,False,1.0,4.0,direct,0.12527214933956074,0.08724106772259015,0.16963086831913962
7,bnci004,MMP_merge_then_adapt,CSP,lda,coral,3,4,4,6845,0.05,no_leakage_v1_alpha005,gate_all_sources_proxy_source_only_final_training_only,mmd,,,,,merge_then_adapt,coral,near_nearest_proxy,final,3.0,3,3test,train,False,0.38641895586221064,4.0,direct,0.12527214933956074,0.08724106772259015,0.16963086831913962
7,bnci004,MMP_merge_then_adapt,CSP,lda,coral,3,4,4,6845,0.05,no_leakage_v1_alpha005,gate_all_sources_proxy_source_only_final_training_only,mmd,,,,,merge_then_adapt,coral,near_nearest_proxy,main,,4,4test,target,False,,,,,,
7,bnci004,MMP_merge_then_adapt,CSP,lda,coral,3,4,4,6845,0.05,no_leakage_v1_alpha005,gate_all_sources_proxy_source_only_final_training_only,mmd,,,,,merge_then_adapt,coral,near_nearest_proxy,final,,4,4test,target,False,,,,,,
7,bnci004,MMP_merge_then_adapt,CSP,svm_radial,none,4,0,0,7718,0.05,no_leakage_v1_alpha005,gate_all_sources_proxy_source_only_final_training_only,mmd,,,,,merge_then_adapt,coral,near_nearest_proxy,main,0.0,1,1train,near,False,0.2178555450928396,0.0,direct,0.1274744403382455,0.08624922045109552,0.16539373707054184
7,bnci004,MMP_merge_then_adapt,CSP,svm_radial,none,4,0,0,7718,0.05,no_leakage_v1_alpha005,gate_all_sources_proxy_source_only_final_training_only,mmd,,,,,merge_then_adapt,coral,near_nearest_proxy,anchor,0.0,1,1train,proxy_source,False,0.3842767541585728,0.0,direct,0.1274744403382455,0.08624922045109552,0.16539373707054184
7,bnci004,MMP_merge_then_adapt,CSP,svm_radial,none,4,0,0,7718,0.05,no_leakage_v1_alpha005,gate_all_sources_proxy_source_only_final_training_only,mmd,,,,,merge_then_adapt,coral,near_nearest_proxy,final,0.0,1,1train,train,False,0.2178555450928396,0.0,direct,0.1274744403382455,0.08624922045109552,0.16539373707054184
7,bnci004,MMP_merge_then_adapt,CSP,svm_radial,none,4,0,0,7718,0.05,no_leakage_v1_alpha005,gate_all_sources_proxy_source_only_final_training_only,mmd,,,,,merge_then_adapt,coral,near_nearest_proxy,main,1.0,2,2train,far,False,,0.0,direct,0.15949510742051604,0.1185012194026687,0.20016191363438832
7,bnci004,MMP_merge_then_adapt,CSP,svm_radial,none,4,0,0,7718,0.05,no_leakage_v1_alpha005,gate_all_sources_proxy_source_only_final_training_only,mmd,,,,,merge_then_adapt,coral,near_nearest_proxy,anchor,1.0,2,2train,not_used,False,,0.0,direct,0.15949510742051604,0.1185012194026687,0.20016191363438832
7,bnci004,MMP_merge_then_adapt,CSP,svm_radial,none,4,0,0,7718,0.05,no_leakage_v1_alpha005,gate_all_sources_proxy_source_only_final_training_only,mmd,,,,,merge_then_adapt,coral,near_nearest_proxy,final,1.0,2,2train,not_used,False,,0.0,direct,0.15949510742051604,0.1185012194026687,0.20016191363438832
7,bnci004,MMP_merge_then_adapt,CSP,svm_radial,none,4,0,0,7718,0.05,no_leakage_v1_alpha005,gate_all_sources_proxy_source_only_final_training_only,mmd,,,,,merge_then_adapt,coral,near_nearest_proxy,main,2.0,3,3test,nearest,True,0.4330764410408729,0.0,direct,0.06412447280127213,0.040687409410408694,0.09045478162529276
7,bnci004,MMP_merge_then_adapt,CSP,svm_radial,none,4,0,0,7718,0.05,no_leakage_v1_alpha005,gate_all_sources_proxy_source_only_final_training_only,mmd,,,,,merge_then_adapt,coral,near_nearest_proxy,anchor,2.0,3,3test,target,False,,0.0,direct,0.06412447280127213,0.040687409410408694,0.09045478162529276
7,bnci004,MMP_merge_then_adapt,CSP,svm_radial,none,4,0,0,7718,0.05,no_leakage_v1_alpha005,gate_all_sources_proxy_source_only_final_training_only,mmd,,,,,merge_then_adapt,coral,near_nearest_proxy,final,2.0,3,3test,train,True,0.4330764410408729,0.0,direct,0.06412447280127213,0.040687409410408694,0.09045478162529276
7,bnci004,MMP_merge_then_adapt,CSP,svm_radial,none,4,0,0,7718,0.05,no_leakage_v1_alpha005,gate_all_sources_proxy_source_only_final_training_only,mmd,,,,,merge_then_adapt,coral,near_nearest_proxy,main,3.0,4,4test,near,False,0.3490680138662874,0.0,direct,0.07955722486639,0.0517564943783532,0.11629984595860202
7,bnci004,MMP_merge_then_adapt,CSP,svm_radial,none,4,0,0,7718,0.05,no_leakage_v1_alpha005,gate_all_sources_proxy_source_only_final_training_only,mmd,,,,,merge_then_adapt,coral,near_nearest_proxy,anchor,3.0,4,4test,proxy_source,False,0.6157232458414271,0.0,direct,0.07955722486639,0.0517564943783532,0.11629984595860202
7,bnci004,MMP_merge_then_adapt,CSP,svm_radial,none,4,0,0,7718,0.05,no_leakage_v1_alpha005,gate_all_sources_proxy_source_only_final_training_only,mmd,,,,,merge_then_adapt,coral,near_nearest_proxy,final,3.0,4,4test,train,False,0.3490680138662874,0.0,direct,0.07955722486639,0.0517564943783532,0.11629984595860202
7,bnci004,MMP_merge_then_adapt,CSP,svm_radial,none,4,0,0,7718,0.05,no_leakage_v1_alpha005,gate_all_sources_proxy_source_only_final_training_only,mmd,,,,,merge_then_adapt,coral,near_nearest_proxy,main,,0,0train,target,False,,,,,,
7,bnci004,MMP_merge_then_adapt,CSP,svm_radial,none,4,0,0,7718,0.05,no_leakage_v1_alpha005,gate_all_sources_proxy_source_only_final_training_only,mmd,,,,,merge_then_adapt,coral,near_nearest_proxy,final,,0,0train,target,False,,,,,,
7,bnci004,MMP_merge_then_adapt,CSP,svm_radial,none,4,1,1,7749,0.05,no_leakage_v1_alpha005,gate_all_sources_proxy_source_only_final_training_only,mmd,,,,,merge_then_adapt,coral,near_nearest_proxy,main,0.0,0,0train,near,False,0.35282948556757926,1.0,direct,0.1291573724912011,0.08579242839553175,0.17338317594694086
7,bnci004,MMP_merge_then_adapt,CSP,svm_radial,none,4,1,1,7749,0.05,no_leakage_v1_alpha005,gate_all_sources_proxy_source_only_final_training_only,mmd,,,,,merge_then_adapt,coral,near_nearest_proxy,anchor,0.0,0,0train,proxy_source,False,0.5809943680297485,1.0,direct,0.1291573724912011,0.08579242839553175,0.17338317594694086
7,bnci004,MMP_merge_then_adapt,CSP,svm_radial,none,4,1,1,7749,0.05,no_leakage_v1_alpha005,gate_all_sources_proxy_source_only_final_training_only,mmd,,,,,merge_then_adapt,coral,near_nearest_proxy,final,0.0,0,0train,train,False,0.35282948556757926,1.0,direct,0.1291573724912011,0.08579242839553175,0.17338317594694086
7,bnci004,MMP_merge_then_adapt,CSP,svm_radial,none,4,1,1,7749,0.05,no_leakage_v1_alpha005,gate_all_sources_proxy_source_only_final_training_only,mmd,,,,,merge_then_adapt,coral,near_nearest_proxy,main,1.0,2,2train,near,False,0.25445606655246034,1.0,direct,0.179090356477528,0.13533509061004326,0.231658799377458
7,bnci004,MMP_merge_then_adapt,CSP,svm_radial,none,4,1,1,7749,0.05,no_leakage_v1_alpha005,gate_all_sources_proxy_source_only_final_training_only,mmd,,,,,merge_then_adapt,coral,near_nearest_proxy,anchor,1.0,2,2train,proxy_source,False,0.4190056319702516,1.0,direct,0.179090356477528,0.13533509061004326,0.231658799377458
7,bnci004,MMP_merge_then_adapt,CSP,svm_radial,none,4,1,1,7749,0.05,no_leakage_v1_alpha005,gate_all_sources_proxy_source_only_final_training_only,mmd,,,,,merge_then_adapt,coral,near_nearest_proxy,final,1.0,2,2train,train,False,0.25445606655246034,1.0,direct,0.179090356477528,0.13533509061004326,0.231658799377458
7,bnci004,MMP_merge_then_adapt,CSP,svm_radial,none,4,1,1,7749,0.05,no_leakage_v1_alpha005,gate_all_sources_proxy_source_only_final_training_only,mmd,,,,,merge_then_adapt,coral,near_nearest_proxy,main,2.0,3,3test,nearest,True,0.3927144478799604,1.0,direct,0.11603975777916312,0.08113268018531543,0.15572927530821534
7,bnci004,MMP_merge_then_adapt,CSP,svm_radial,none,4,1,1,7749,0.05,no_leakage_v1_alpha005,gate_all_sources_proxy_source_only_final_training_only,mmd,,,,,merge_then_adapt,coral,near_nearest_proxy,anchor,2.0,3,3test,target,False,,1.0,direct,0.11603975777916312,0.08113268018531543,0.15572927530821534
7,bnci004,MMP_merge_then_adapt,CSP,svm_radial,none,4,1,1,7749,0.05,no_leakage_v1_alpha005,gate_all_sources_proxy_source_only_final_training_only,mmd,,,,,merge_then_adapt,coral,near_nearest_proxy,final,2.0,3,3test,train,True,0.3927144478799604,1.0,direct,0.11603975777916312,0.08113268018531543,0.15572927530821534
7,bnci004,MMP_merge_then_adapt,CSP,svm_radial,none,4,1,1,7749,0.05,no_leakage_v1_alpha005,gate_all_sources_proxy_source_only_final_training_only,mmd,,,,,merge_then_adapt,coral,near_nearest_proxy,main,3.0,4,4test,far,False,,1.0,direct,0.21783855150678277,0.16203461055843493,0.28003635527309806
7,bnci004,MMP_merge_then_adapt,CSP,svm_radial,none,4,1,1,7749,0.05,no_leakage_v1_alpha005,gate_all_sources_proxy_source_only_final_training_only,mmd,,,,,merge_then_adapt,coral,near_nearest_proxy,anchor,3.0,4,4test,not_used,False,,1.0,direct,0.21783855150678277,0.16203461055843493,0.28003635527309806
7,bnci004,MMP_merge_then_adapt,CSP,svm_radial,none,4,1,1,7749,0.05,no_leakage_v1_alpha005,gate_all_sources_proxy_source_only_final_training_only,mmd,,,,,merge_then_adapt,coral,near_nearest_proxy,final,3.0,4,4test,not_used,False,,1.0,direct,0.21783855150678277,0.16203461055843493,0.28003635527309806
7,bnci004,MMP_merge_then_adapt,CSP,svm_radial,none,4,1,1,7749,0.05,no_leakage_v1_alpha005,gate_all_sources_proxy_source_only_final_training_only,mmd,,,,,merge_then_adapt,coral,near_nearest_proxy,main,,1,1train,target,False,,,,,,
7,bnci004,MMP_merge_then_adapt,CSP,svm_radial,none,4,1,1,7749,0.05,no_leakage_v1_alpha005,gate_all_sources_proxy_source_only_final_training_only,mmd,,,,,merge_then_adapt,coral,near_nearest_proxy,final,,1,1train,target,False,,,,,,
7,bnci004,MMP_merge_then_adapt,CSP,svm_radial,none,4,2,2,7780,0.05,no_leakage_v1_alpha005,gate_all_sources_proxy_source_only_final_training_only,mmd,,,,,merge_then_adapt,coral,near_nearest_proxy,main,0.0,0,0train,near,False,0.27703464369785497,2.0,direct,0.14832660439182005,0.10755865562533182,0.1905534992646179
7,bnci004,MMP_merge_then_adapt,CSP,svm_radial,none,4,2,2,7780,0.05,no_leakage_v1_alpha005,gate_all_sources_proxy_source_only_final_training_only,mmd,,,,,merge_then_adapt,coral,near_nearest_proxy,anchor,0.0,0,0train,proxy_source,False,0.5027866021088404,2.0,direct,0.14832660439182005,0.10755865562533182,0.1905534992646179
7,bnci004,MMP_merge_then_adapt,CSP,svm_radial,none,4,2,2,7780,0.05,no_leakage_v1_alpha005,gate_all_sources_proxy_source_only_final_training_only,mmd,,,,,merge_then_adapt,coral,near_nearest_proxy,final,0.0,0,0train,train,False,0.27703464369785497,2.0,direct,0.14832660439182005,0.10755865562533182,0.1905534992646179
7,bnci004,MMP_merge_then_adapt,CSP,svm_radial,none,4,2,2,7780,0.05,no_leakage_v1_alpha005,gate_all_sources_proxy_source_only_final_training_only,mmd,,,,,merge_then_adapt,coral,near_nearest_proxy,main,1.0,1,1train,near,False,0.2739638167541284,2.0,direct,0.14998919038387315,0.11223015199152186,0.1948343831028137
7,bnci004,MMP_merge_then_adapt,CSP,svm_radial,none,4,2,2,7780,0.05,no_leakage_v1_alpha005,gate_all_sources_proxy_source_only_final_training_only,mmd,,,,,merge_then_adapt,coral,near_nearest_proxy,anchor,1.0,1,1train,proxy_source,False,0.49721339789115965,2.0,direct,0.14998919038387315,0.11223015199152186,0.1948343831028137
7,bnci004,MMP_merge_then_adapt,CSP,svm_radial,none,4,2,2,7780,0.05,no_leakage_v1_alpha005,gate_all_sources_proxy_source_only_final_training_only,mmd,,,,,merge_then_adapt,coral,near_nearest_proxy,final,1.0,1,1train,train,False,0.2739638167541284,2.0,direct,0.14998919038387315,0.11223015199152186,0.1948343831028137
7,bnci004,MMP_merge_then_adapt,CSP,svm_radial,none,4,2,2,7780,0.05,no_leakage_v1_alpha005,gate_all_sources_proxy_source_only_final_training_only,mmd,,,,,merge_then_adapt,coral,near_nearest_proxy,main,2.0,3,3test,nearest,True,0.4490015395480166,2.0,direct,0.09151736110541857,0.06666177038417366,0.11949616532612588
7,bnci004,MMP_merge_then_adapt,CSP,svm_radial,none,4,2,2,7780,0.05,no_leakage_v1_alpha005,gate_all_sources_proxy_source_only_final_training_only,mmd,,,,,merge_then_adapt,coral,near_nearest_proxy,anchor,2.0,3,3test,target,False,,2.0,direct,0.09151736110541857,0.06666177038417366,0.11949616532612588
7,bnci004,MMP_merge_then_adapt,CSP,svm_radial,none,4,2,2,7780,0.05,no_leakage_v1_alpha005,gate_all_sources_proxy_source_only_final_training_only,mmd,,,,,merge_then_adapt,coral,near_nearest_proxy,final,2.0,3,3test,train,True,0.4490015395480166,2.0,direct,0.09151736110541857,0.06666177038417366,0.11949616532612588
7,bnci004,MMP_merge_then_adapt,CSP,svm_radial,none,4,2,2,7780,0.05,no_leakage_v1_alpha005,gate_all_sources_proxy_source_only_final_training_only,mmd,,,,,merge_then_adapt,coral,near_nearest_proxy,main,3.0,4,4test,far,False,,2.0,direct,0.2092027553967877,0.16549481992615364,0.2551845524140248
7,bnci004,MMP_merge_then_adapt,CSP,svm_radial,none,4,2,2,7780,0.05,no_leakage_v1_alpha005,gate_all_sources_proxy_source_only_final_training_only,mmd,,,,,merge_then_adapt,coral,near_nearest_proxy,anchor,3.0,4,4test,not_used,False,,2.0,direct,0.2092027553967877,0.16549481992615364,0.2551845524140248
7,bnci004,MMP_merge_then_adapt,CSP,svm_radial,none,4,2,2,7780,0.05,no_leakage_v1_alpha005,gate_all_sources_proxy_source_only_final_training_only,mmd,,,,,merge_then_adapt,coral,near_nearest_proxy,final,3.0,4,4test,not_used,False,,2.0,direct,0.2092027553967877,0.16549481992615364,0.2551845524140248
7,bnci004,MMP_merge_then_adapt,CSP,svm_radial,none,4,2,2,7780,0.05,no_leakage_v1_alpha005,gate_all_sources_proxy_source_only_final_training_only,mmd,,,,,merge_then_adapt,coral,near_nearest_proxy,main,,2,2train,target,False,,,,,,
7,bnci004,MMP_merge_then_adapt,CSP,svm_radial,none,4,2,2,7780,0.05,no_leakage_v1_alpha005,gate_all_sources_proxy_source_only_final_training_only,mmd,,,,,merge_then_adapt,coral,near_nearest_proxy,final,,2,2train,target,False,,,,,,
7,bnci004,MMP_merge_then_adapt,CSP,svm_radial,none,4,3,3,7811,0.05,no_leakage_v1_alpha005,gate_all_sources_proxy_source_only_final_training_only,mmd,,,,,merge_then_adapt,coral,near_nearest_proxy,main,0.0,0,0train,nearest,True,0.433321842249384,3.0,direct,0.0663947515871328,0.03994953957537671,0.09649847271332086
7,bnci004,MMP_merge_then_adapt,CSP,svm_radial,none,4,3,3,7811,0.05,no_leakage_v1_alpha005,gate_all_sources_proxy_source_only_final_training_only,mmd,,,,,merge_then_adapt,coral,near_nearest_proxy,anchor,0.0,0,0train,target,False,,3.0,direct,0.0663947515871328,0.03994953957537671,0.09649847271332086
7,bnci004,MMP_merge_then_adapt,CSP,svm_radial,none,4,3,3,7811,0.05,no_leakage_v1_alpha005,gate_all_sources_proxy_source_only_final_training_only,mmd,,,,,merge_then_adapt,coral,near_nearest_proxy,final,0.0,0,0train,train,True,0.433321842249384,3.0,direct,0.0663947515871328,0.03994953957537671,0.09649847271332086
7,bnci004,MMP_merge_then_adapt,CSP,svm_radial,none,4,3,3,7811,0.05,no_leakage_v1_alpha005,gate_all_sources_proxy_source_only_final_training_only,mmd,,,,,merge_then_adapt,coral,near_nearest_proxy,main,1.0,1,1train,near,False,0.277635686893009,3.0,direct,0.10362663417498297,0.07081175401858314,0.14076961969089738
7,bnci004,MMP_merge_then_adapt,CSP,svm_radial,none,4,3,3,7811,0.05,no_leakage_v1_alpha005,gate_all_sources_proxy_source_only_final_training_only,mmd,,,,,merge_then_adapt,coral,near_nearest_proxy,anchor,1.0,1,1train,proxy_source,False,0.4899353947133976,3.0,direct,0.10362663417498297,0.07081175401858314,0.14076961969089738
7,bnci004,MMP_merge_then_adapt,CSP,svm_radial,none,4,3,3,7811,0.05,no_leakage_v1_alpha005,gate_all_sources_proxy_source_only_final_training_only,mmd,,,,,merge_then_adapt,coral,near_nearest_proxy,final,1.0,1,1train,train,False,0.277635686893009,3.0,direct,0.10362663417498297,0.07081175401858314,0.14076961969089738
7,bnci004,MMP_merge_then_adapt,CSP,svm_radial,none,4,3,3,7811,0.05,no_leakage_v1_alpha005,gate_all_sources_proxy_source_only_final_training_only,mmd,,,,,merge_then_adapt,coral,near_nearest_proxy,main,2.0,2,2train,near,False,0.289042470857607,3.0,direct,0.09953706895541789,0.06939101938828235,0.13351520999146765
7,bnci004,MMP_merge_then_adapt,CSP,svm_radial,none,4,3,3,7811,0.05,no_leakage_v1_alpha005,gate_all_sources_proxy_source_only_final_training_only,mmd,,,,,merge_then_adapt,coral,near_nearest_proxy,anchor,2.0,2,2train,proxy_source,False,0.5100646052866025,3.0,direct,0.09953706895541789,0.06939101938828235,0.13351520999146765
7,bnci004,MMP_merge_then_adapt,CSP,svm_radial,none,4,3,3,7811,0.05,no_leakage_v1_alpha005,gate_all_sources_proxy_source_only_final_training_only,mmd,,,,,merge_then_adapt,coral,near_nearest_proxy,final,2.0,2,2train,train,False,0.289042470857607,3.0,direct,0.09953706895541789,0.06939101938828235,0.13351520999146765
7,bnci004,MMP_merge_then_adapt,CSP,svm_radial,none,4,3,3,7811,0.05,no_leakage_v1_alpha005,gate_all_sources_proxy_source_only_final_training_only,mmd,,,,,merge_then_adapt,coral,near_nearest_proxy,main,3.0,4,4test,far,False,,3.0,direct,0.15055726760711846,0.1039982295873194,0.19738253257750568
7,bnci004,MMP_merge_then_adapt,CSP,svm_radial,none,4,3,3,7811,0.05,no_leakage_v1_alpha005,gate_all_sources_proxy_source_only_final_training_only,mmd,,,,,merge_then_adapt,coral,near_nearest_proxy,anchor,3.0,4,4test,not_used,False,,3.0,direct,0.15055726760711846,0.1039982295873194,0.19738253257750568
7,bnci004,MMP_merge_then_adapt,CSP,svm_radial,none,4,3,3,7811,0.05,no_leakage_v1_alpha005,gate_all_sources_proxy_source_only_final_training_only,mmd,,,,,merge_then_adapt,coral,near_nearest_proxy,final,3.0,4,4test,not_used,False,,3.0,direct,0.15055726760711846,0.1039982295873194,0.19738253257750568
7,bnci004,MMP_merge_then_adapt,CSP,svm_radial,none,4,3,3,7811,0.05,no_leakage_v1_alpha005,gate_all_sources_proxy_source_only_final_training_only,mmd,,,,,merge_then_adapt,coral,near_nearest_proxy,main,,3,3test,target,False,,,,,,
7,bnci004,MMP_merge_then_adapt,CSP,svm_radial,none,4,3,3,7811,0.05,no_leakage_v1_alpha005,gate_all_sources_proxy_source_only_final_training_only,mmd,,,,,merge_then_adapt,coral,near_nearest_proxy,final,,3,3test,target,False,,,,,,
7,bnci004,MMP_merge_then_adapt,CSP,svm_radial,none,4,4,4,7842,0.05,no_leakage_v1_alpha005,gate_all_sources_proxy_source_only_final_training_only,mmd,,,,,merge_then_adapt,coral,near_nearest_proxy,main,0.0,0,0train,nearest,True,0.6127791616819016,4.0,direct,0.07905403019750575,0.05399587454269683,0.11182916355664832
7,bnci004,MMP_merge_then_adapt,CSP,svm_radial,none,4,4,4,7842,0.05,no_leakage_v1_alpha005,gate_all_sources_proxy_source_only_final_training_only,mmd,,,,,merge_then_adapt,coral,near_nearest_proxy,anchor,0.0,0,0train,target,False,,4.0,direct,0.07905403019750575,0.05399587454269683,0.11182916355664832
7,bnci004,MMP_merge_then_adapt,CSP,svm_radial,none,4,4,4,7842,0.05,no_leakage_v1_alpha005,gate_all_sources_proxy_source_only_final_training_only,mmd,,,,,merge_then_adapt,coral,near_nearest_proxy,final,0.0,0,0train,train,True,0.6127791616819016,4.0,direct,0.07905403019750575,0.05399587454269683,0.11182916355664832
7,bnci004,MMP_merge_then_adapt,CSP,svm_radial,none,4,4,4,7842,0.05,no_leakage_v1_alpha005,gate_all_sources_proxy_source_only_final_training_only,mmd,,,,,merge_then_adapt,coral,near_nearest_proxy,main,1.0,1,1train,far,False,,4.0,direct,0.1905701379824282,0.14798546837612875,0.24231305465226316
7,bnci004,MMP_merge_then_adapt,CSP,svm_radial,none,4,4,4,7842,0.05,no_leakage_v1_alpha005,gate_all_sources_proxy_source_only_final_training_only,mmd,,,,,merge_then_adapt,coral,near_nearest_proxy,anchor,1.0,1,1train,not_used,False,,4.0,direct,0.1905701379824282,0.14798546837612875,0.24231305465226316
7,bnci004,MMP_merge_then_adapt,CSP,svm_radial,none,4,4,4,7842,0.05,no_leakage_v1_alpha005,gate_all_sources_proxy_source_only_final_training_only,mmd,,,,,merge_then_adapt,coral,near_nearest_proxy,final,1.0,1,1train,not_used,False,,4.0,direct,0.1905701379824282,0.14798546837612875,0.24231305465226316
7,bnci004,MMP_merge_then_adapt,CSP,svm_radial,none,4,4,4,7842,0.05,no_leakage_v1_alpha005,gate_all_sources_proxy_source_only_final_training_only,mmd,,,,,merge_then_adapt,coral,near_nearest_proxy,main,2.0,2,2train,far,False,,4.0,direct,0.22972382257931187,0.18386269733391383,0.277876084971614
7,bnci004,MMP_merge_then_adapt,CSP,svm_radial,none,4,4,4,7842,0.05,no_leakage_v1_alpha005,gate_all_sources_proxy_source_only_final_training_only,mmd,,,,,merge_then_adapt,coral,near_nearest_proxy,anchor,2.0,2,2train,not_used,False,,4.0,direct,0.22972382257931187,0.18386269733391383,0.277876084971614
7,bnci004,MMP_merge_then_adapt,CSP,svm_radial,none,4,4,4,7842,0.05,no_leakage_v1_alpha005,gate_all_sources_proxy_source_only_final_training_only,mmd,,,,,merge_then_adapt,coral,near_nearest_proxy,final,2.0,2,2train,not_used,False,,4.0,direct,0.22972382257931187,0.18386269733391383,0.277876084971614
7,bnci004,MMP_merge_then_adapt,CSP,svm_radial,none,4,4,4,7842,0.05,no_leakage_v1_alpha005,gate_all_sources_proxy_source_only_final_training_only,mmd,,,,,merge_then_adapt,coral,near_nearest_proxy,main,3.0,3,3test,near,False,0.3872208383180984,4.0,direct,0.1251040313861706,0.08229544817341415,0.16772565243567483
7,bnci004,MMP_merge_then_adapt,CSP,svm_radial,none,4,4,4,7842,0.05,no_leakage_v1_alpha005,gate_all_sources_proxy_source_only_final_training_only,mmd,,,,,merge_then_adapt,coral,near_nearest_proxy,anchor,3.0,3,3test,proxy_source,False,1.0,4.0,direct,0.1251040313861706,0.08229544817341415,0.16772565243567483
7,bnci004,MMP_merge_then_adapt,CSP,svm_radial,none,4,4,4,7842,0.05,no_leakage_v1_alpha005,gate_all_sources_proxy_source_only_final_training_only,mmd,,,,,merge_then_adapt,coral,near_nearest_proxy,final,3.0,3,3test,train,False,0.3872208383180984,4.0,direct,0.1251040313861706,0.08229544817341415,0.16772565243567483
7,bnci004,MMP_merge_then_adapt,CSP,svm_radial,none,4,4,4,7842,0.05,no_leakage_v1_alpha005,gate_all_sources_proxy_source_only_final_training_only,mmd,,,,,merge_then_adapt,coral,near_nearest_proxy,main,,4,4test,target,False,,,,,,
7,bnci004,MMP_merge_then_adapt,CSP,svm_radial,none,4,4,4,7842,0.05,no_leakage_v1_alpha005,gate_all_sources_proxy_source_only_final_training_only,mmd,,,,,merge_then_adapt,coral,near_nearest_proxy,final,,4,4test,target,False,,,,,,
7,bnci004,MMP_merge_then_adapt,CSP,svm_radial,sa,5,0,0,8715,0.05,no_leakage_v1_alpha005,gate_all_sources_proxy_source_only_final_training_only,mmd,,,,,merge_then_adapt,coral,near_nearest_proxy,main,0.0,1,1train,near,False,0.2199808048432532,0.0,direct,0.12729451203017905,0.09052368287036731,0.16834738226583945
7,bnci004,MMP_merge_then_adapt,CSP,svm_radial,sa,5,0,0,8715,0.05,no_leakage_v1_alpha005,gate_all_sources_proxy_source_only_final_training_only,mmd,,,,,merge_then_adapt,coral,near_nearest_proxy,anchor,0.0,1,1train,proxy_source,False,0.38544889252575015,0.0,direct,0.12729451203017905,0.09052368287036731,0.16834738226583945
7,bnci004,MMP_merge_then_adapt,CSP,svm_radial,sa,5,0,0,8715,0.05,no_leakage_v1_alpha005,gate_all_sources_proxy_source_only_final_training_only,mmd,,,,,merge_then_adapt,coral,near_nearest_proxy,final,0.0,1,1train,train,False,0.2199808048432532,0.0,direct,0.12729451203017905,0.09052368287036731,0.16834738226583945
7,bnci004,MMP_merge_then_adapt,CSP,svm_radial,sa,5,0,0,8715,0.05,no_leakage_v1_alpha005,gate_all_sources_proxy_source_only_final_training_only,mmd,,,,,merge_then_adapt,coral,near_nearest_proxy,main,1.0,2,2train,far,False,,0.0,direct,0.1623725181954675,0.11812488992241209,0.21437481097212682
7,bnci004,MMP_merge_then_adapt,CSP,svm_radial,sa,5,0,0,8715,0.05,no_leakage_v1_alpha005,gate_all_sources_proxy_source_only_final_training_only,mmd,,,,,merge_then_adapt,coral,near_nearest_proxy,anchor,1.0,2,2train,not_used,False,,0.0,direct,0.1623725181954675,0.11812488992241209,0.21437481097212682
7,bnci004,MMP_merge_then_adapt,CSP,svm_radial,sa,5,0,0,8715,0.05,no_leakage_v1_alpha005,gate_all_sources_proxy_source_only_final_training_only,mmd,,,,,merge_then_adapt,coral,near_nearest_proxy,final,1.0,2,2train,not_used,False,,0.0,direct,0.1623725181954675,0.11812488992241209,0.21437481097212682
7,bnci004,MMP_merge_then_adapt,CSP,svm_radial,sa,5,0,0,8715,0.05,no_leakage_v1_alpha005,gate_all_sources_proxy_source_only_final_training_only,mmd,,,,,merge_then_adapt,coral,near_nearest_proxy,main,2.0,3,3test,nearest,True,0.429286711911989,0.0,direct,0.06522945883394081,0.04122225712082086,0.09173244906328518
7,bnci004,MMP_merge_then_adapt,CSP,svm_radial,sa,5,0,0,8715,0.05,no_leakage_v1_alpha005,gate_all_sources_proxy_source_only_final_training_only,mmd,,,,,merge_then_adapt,coral,near_nearest_proxy,anchor,2.0,3,3test,target,False,,0.0,direct,0.06522945883394081,0.04122225712082086,0.09173244906328518
7,bnci004,MMP_merge_then_adapt,CSP,svm_radial,sa,5,0,0,8715,0.05,no_leakage_v1_alpha005,gate_all_sources_proxy_source_only_final_training_only,mmd,,,,,merge_then_adapt,coral,near_nearest_proxy,final,2.0,3,3test,train,True,0.429286711911989,0.0,direct,0.06522945883394081,0.04122225712082086,0.09173244906328518
7,bnci004,MMP_merge_then_adapt,CSP,svm_radial,sa,5,0,0,8715,0.05,no_leakage_v1_alpha005,gate_all_sources_proxy_source_only_final_training_only,mmd,,,,,merge_then_adapt,coral,near_nearest_proxy,main,3.0,4,4test,near,False,0.3507324832447577,0.0,direct,0.07983925012531073,0.0496910206252319,0.11226290983824476
7,bnci004,MMP_merge_then_adapt,CSP,svm_radial,sa,5,0,0,8715,0.05,no_leakage_v1_alpha005,gate_all_sources_proxy_source_only_final_training_only,mmd,,,,,merge_then_adapt,coral,near_nearest_proxy,anchor,3.0,4,4test,proxy_source,False,0.6145511074742498,0.0,direct,0.07983925012531073,0.0496910206252319,0.11226290983824476
7,bnci004,MMP_merge_then_adapt,CSP,svm_radial,sa,5,0,0,8715,0.05,no_leakage_v1_alpha005,gate_all_sources_proxy_source_only_final_training_only,mmd,,,,,merge_then_adapt,coral,near_nearest_proxy,final,3.0,4,4test,train,False,0.3507324832447577,0.0,direct,0.07983925012531073,0.0496910206252319,0.11226290983824476
7,bnci004,MMP_merge_then_adapt,CSP,svm_radial,sa,5,0,0,8715,0.05,no_leakage_v1_alpha005,gate_all_sources_proxy_source_only_final_training_only,mmd,,,,,merge_then_adapt,coral,near_nearest_proxy,main,,0,0train,target,False,,,,,,
7,bnci004,MMP_merge_then_adapt,CSP,svm_radial,sa,5,0,0,8715,0.05,no_leakage_v1_alpha005,gate_all_sources_proxy_source_only_final_training_only,mmd,,,,,merge_then_adapt,coral,near_nearest_proxy,final,,0,0train,target,False,,,,,,
7,bnci004,MMP_merge_then_adapt,CSP,svm_radial,sa,5,1,1,8746,0.05,no_leakage_v1_alpha005,gate_all_sources_proxy_source_only_final_training_only,mmd,,,,,merge_then_adapt,coral,near_nearest_proxy,main,0.0,0,0train,near,False,0.34860671927819975,1.0,direct,0.12918670680910566,0.09342259928849413,0.17019265863320887
7,bnci004,MMP_merge_then_adapt,CSP,svm_radial,sa,5,1,1,8746,0.05,no_leakage_v1_alpha005,gate_all_sources_proxy_source_only_final_training_only,mmd,,,,,merge_then_adapt,coral,near_nearest_proxy,anchor,0.0,0,0train,proxy_source,False,0.5771074024611882,1.0,direct,0.12918670680910566,0.09342259928849413,0.17019265863320887
7,bnci004,MMP_merge_then_adapt,CSP,svm_radial,sa,5,1,1,8746,0.05,no_leakage_v1_alpha005,gate_all_sources_proxy_source_only_final_training_only,mmd,,,,,merge_then_adapt,coral,near_nearest_proxy,final,0.0,0,0train,train,False,0.34860671927819975,1.0,direct,0.12918670680910566,0.09342259928849413,0.17019265863320887
7,bnci004,MMP_merge_then_adapt,CSP,svm_radial,sa,5,1,1,8746,0.05,no_leakage_v1_alpha005,gate_all_sources_proxy_source_only_final_training_only,mmd,,,,,merge_then_adapt,coral,near_nearest_proxy,main,1.0,2,2train,near,False,0.2554519321816459,1.0,direct,0.17629714837247903,0.13469084361810904,0.22291775640131856
7,bnci004,MMP_merge_then_adapt,CSP,svm_radial,sa,5,1,1,8746,0.05,no_leakage_v1_alpha005,gate_all_sources_proxy_source_only_final_training_only,mmd,,,,,merge_then_adapt,coral,near_nearest_proxy,anchor,1.0,2,2train,proxy_source,False,0.4228925975388118,1.0,direct,0.17629714837247903,0.13469084361810904,0.22291775640131856
7,bnci004,MMP_merge_then_adapt,CSP,svm_radial,sa,5,1,1,8746,0.05,no_leakage_v1_alpha005,gate_all_sources_proxy_source_only_final_training_only,mmd,,,,,merge_then_adapt,coral,near_nearest_proxy,final,1.0,2,2train,train,False,0.2554519321816459,1.0,direct,0.17629714837247903,0.13469084361810904,0.22291775640131856
7,bnci004,MMP_merge_then_adapt,CSP,svm_radial,sa,5,1,1,8746,0.05,no_leakage_v1_alpha005,gate_all_sources_proxy_source_only_final_training_only,mmd,,,,,merge_then_adapt,coral,near_nearest_proxy,main,2.0,3,3test,nearest,True,0.39594134854015434,1.0,direct,0.11374236832423296,0.08027688985188497,0.16143699935510022
7,bnci004,MMP_merge_then_adapt,CSP,svm_radial,sa,5,1,1,8746,0.05,no_leakage_v1_alpha005,gate_all_sources_proxy_source_only_final_training_only,mmd,,,,,merge_then_adapt,coral,near_nearest_proxy,anchor,2.0,3,3test,target,False,,1.0,direct,0.11374236832423296,0.08027688985188497,0.16143699935510022
7,bnci004,MMP_merge_then_adapt,CSP,svm_radial,sa,5,1,1,8746,0.05,no_leakage_v1_alpha005,gate_all_sources_proxy_source_only_final_training_only,mmd,,,,,merge_then_adapt,coral,near_nearest_proxy,final,2.0,3,3test,train,True,0.39594134854015434,1.0,direct,0.11374236832423296,0.08027688985188497,0.16143699935510022
7,bnci004,MMP_merge_then_adapt,CSP,svm_radial,sa,5,1,1,8746,0.05,no_leakage_v1_alpha005,gate_all_sources_proxy_source_only_final_training_only,mmd,,,,,merge_then_adapt,coral,near_nearest_proxy,main,3.0,4,4test,far,False,,1.0,direct,0.22003097550958436,0.16708645291485982,0.2813383950997631
7,bnci004,MMP_merge_then_adapt,CSP,svm_radial,sa,5,1,1,8746,0.05,no_leakage_v1_alpha005,gate_all_sources_proxy_source_only_final_training_only,mmd,,,,,merge_then_adapt,coral,near_nearest_proxy,anchor,3.0,4,4test,not_used,False,,1.0,direct,0.22003097550958436,0.16708645291485982,0.2813383950997631
7,bnci004,MMP_merge_then_adapt,CSP,svm_radial,sa,5,1,1,8746,0.05,no_leakage_v1_alpha005,gate_all_sources_proxy_source_only_final_training_only,mmd,,,,,merge_then_adapt,coral,near_nearest_proxy,final,3.0,4,4test,not_used,False,,1.0,direct,0.22003097550958436,0.16708645291485982,0.2813383950997631
7,bnci004,MMP_merge_then_adapt,CSP,svm_radial,sa,5,1,1,8746,0.05,no_leakage_v1_alpha005,gate_all_sources_proxy_source_only_final_training_only,mmd,,,,,merge_then_adapt,coral,near_nearest_proxy,main,,1,1train,target,False,,,,,,
7,bnci004,MMP_merge_then_adapt,CSP,svm_radial,sa,5,1,1,8746,0.05,no_leakage_v1_alpha005,gate_all_sources_proxy_source_only_final_training_only,mmd,,,,,merge_then_adapt,coral,near_nearest_proxy,final,,1,1train,target,False,,,,,,
7,bnci004,MMP_merge_then_adapt,CSP,svm_radial,sa,5,2,2,8777,0.05,no_leakage_v1_alpha005,gate_all_sources_proxy_source_only_final_training_only,mmd,,,,,merge_then_adapt,coral,near_nearest_proxy,main,0.0,0,0train,near,False,0.2789132824365016,2.0,direct,0.14828154701277582,0.1186059379463949,0.17821959947231913
7,bnci004,MMP_merge_then_adapt,CSP,svm_radial,sa,5,2,2,8777,0.05,no_leakage_v1_alpha005,gate_all_sources_proxy_source_only_final_training_only,mmd,,,,,merge_then_adapt,coral,near_nearest_proxy,anchor,0.0,0,0train,proxy_source,False,0.5028750077321869,2.0,direct,0.14828154701277582,0.1186059379463949,0.17821959947231913
7,bnci004,MMP_merge_then_adapt,CSP,svm_radial,sa,5,2,2,8777,0.05,no_leakage_v1_alpha005,gate_all_sources_proxy_source_only_final_training_only,mmd,,,,,merge_then_adapt,coral,near_nearest_proxy,final,0.0,0,0train,train,False,0.2789132824365016,2.0,direct,0.14828154701277582,0.1186059379463949,0.17821959947231913
7,bnci004,MMP_merge_then_adapt,CSP,svm_radial,sa,5,2,2,8777,0.05,no_leakage_v1_alpha005,gate_all_sources_proxy_source_only_final_training_only,mmd,,,,,merge_then_adapt,coral,near_nearest_proxy,main,1.0,1,1train,near,False,0.2757241088594301,2.0,direct,0.14999666283210047,0.11145834214667216,0.18776498993912538
7,bnci004,MMP_merge_then_adapt,CSP,svm_radial,sa,5,2,2,8777,0.05,no_leakage_v1_alpha005,gate_all_sources_proxy_source_only_final_training_only,mmd,,,,,merge_then_adapt,coral,near_nearest_proxy,anchor,1.0,1,1train,proxy_source,False,0.4971249922678132,2.0,direct,0.14999666283210047,0.11145834214667216,0.18776498993912538
7,bnci004,MMP_merge_then_adapt,CSP,svm_radial,sa,5,2,2,8777,0.05,no_leakage_v1_alpha005,gate_all_sources_proxy_source_only_final_training_only,mmd,,,,,merge_then_adapt,coral,near_nearest_proxy,final,1.0,1,1train,train,False,0.2757241088594301,2.0,direct,0.14999666283210047,0.11145834214667216,0.18776498993912538
7,bnci004,MMP_merge_then_adapt,CSP,svm_radial,sa,5,2,2,8777,0.05,no_leakage_v1_alpha005,gate_all_sources_proxy_source_only_final_training_only,mmd,,,,,merge_then_adapt,coral,near_nearest_proxy,main,2.0,3,3test,nearest,True,0.4453626087040683,2.0,direct,0.09286259273788844,0.06560170008506229,0.12015796298796778
7,bnci004,MMP_merge_then_adapt,CSP,svm_radial,sa,5,2,2,8777,0.05,no_leakage_v1_alpha005,gate_all_sources_proxy_source_only_final_training_only,mmd,,,,,merge_then_adapt,coral,near_nearest_proxy,anchor,2.0,3,3test,target,False,,2.0,direct,0.09286259273788844,0.06560170008506229,0.12015796298796778
7,bnci004,MMP_merge_then_adapt,CSP,svm_radial,sa,5,2,2,8777,0.05,no_leakage_v1_alpha005,gate_all_sources_proxy_source_only_final_training_only,mmd,,,,,merge_then_adapt,coral,near_nearest_proxy,final,2.0,3,3test,train,True,0.4453626087040683,2.0,direct,0.09286259273788844,0.06560170008506229,0.12015796298796778
7,bnci004,MMP_merge_then_adapt,CSP,svm_radial,sa,5,2,2,8777,0.05,no_leakage_v1_alpha005,gate_all_sources_proxy_source_only_final_training_only,mmd,,,,,merge_then_adapt,coral,near_nearest_proxy,main,3.0,4,4test,far,False,,2.0,direct,0.20941991447038713,0.1732790975493759,0.2568113439779631
7,bnci004,MMP_merge_then_adapt,CSP,svm_radial,sa,5,2,2,8777,0.05,no_leakage_v1_alpha005,gate_all_sources_proxy_source_only_final_training_only,mmd,,,,,merge_then_adapt,coral,near_nearest_proxy,anchor,3.0,4,4test,not_used,False,,2.0,direct,0.20941991447038713,0.1732790975493759,0.2568113439779631
7,bnci004,MMP_merge_then_adapt,CSP,svm_radial,sa,5,2,2,8777,0.05,no_leakage_v1_alpha005,gate_all_sources_proxy_source_only_final_training_only,mmd,,,,,merge_then_adapt,coral,near_nearest_proxy,final,3.0,4,4test,not_used,False,,2.0,direct,0.20941991447038713,0.1732790975493759,0.2568113439779631
7,bnci004,MMP_merge_then_adapt,CSP,svm_radial,sa,5,2,2,8777,0.05,no_leakage_v1_alpha005,gate_all_sources_proxy_source_only_final_training_only,mmd,,,,,merge_then_adapt,coral,near_nearest_proxy,main,,2,2train,target,False,,,,,,
7,bnci004,MMP_merge_then_adapt,CSP,svm_radial,sa,5,2,2,8777,0.05,no_leakage_v1_alpha005,gate_all_sources_proxy_source_only_final_training_only,mmd,,,,,merge_then_adapt,coral,near_nearest_proxy,final,,2,2train,target,False,,,,,,
7,bnci004,MMP_merge_then_adapt,CSP,svm_radial,sa,5,3,3,8808,0.05,no_leakage_v1_alpha005,gate_all_sources_proxy_source_only_final_training_only,mmd,,,,,merge_then_adapt,coral,near_nearest_proxy,main,0.0,0,0train,nearest,True,0.4323739287606201,3.0,direct,0.06661303578108728,0.04122057381179963,0.0974446200581303
7,bnci004,MMP_merge_then_adapt,CSP,svm_radial,sa,5,3,3,8808,0.05,no_leakage_v1_alpha005,gate_all_sources_proxy_source_only_final_training_only,mmd,,,,,merge_then_adapt,coral,near_nearest_proxy,anchor,0.0,0,0train,target,False,,3.0,direct,0.06661303578108728,0.04122057381179963,0.0974446200581303
7,bnci004,MMP_merge_then_adapt,CSP,svm_radial,sa,5,3,3,8808,0.05,no_leakage_v1_alpha005,gate_all_sources_proxy_source_only_final_training_only,mmd,,,,,merge_then_adapt,coral,near_nearest_proxy,final,0.0,0,0train,train,True,0.4323739287606201,3.0,direct,0.06661303578108728,0.04122057381179963,0.0974446200581303
7,bnci004,MMP_merge_then_adapt,CSP,svm_radial,sa,5,3,3,8808,0.05,no_leakage_v1_alpha005,gate_all_sources_proxy_source_only_final_training_only,mmd,,,,,merge_then_adapt,coral,near_nearest_proxy,main,1.0,1,1train,near,False,0.27531365992165086,3.0,direct,0.10461484931697829,0.07328664457576949,0.13468278221437988
7,bnci004,MMP_merge_then_adapt,CSP,svm_radial,sa,5,3,3,8808,0.05,no_leakage_v1_alpha005,gate_all_sources_proxy_source_only_final_training_only,mmd,,,,,merge_then_adapt,coral,near_nearest_proxy,anchor,1.0,1,1train,proxy_source,False,0.48502645292616453,3.0,direct,0.10461484931697829,0.07328664457576949,0.13468278221437988
7,bnci004,MMP_merge_then_adapt,CSP,svm_radial,sa,5,3,3,8808,0.05,no_leakage_v1_alpha005,gate_all_sources_proxy_source_only_final_training_only,mmd,,,,,merge_then_adapt,coral,near_nearest_proxy,final,1.0,1,1train,train,False,0.27531365992165086,3.0,direct,0.10461484931697829,0.07328664457576949,0.13468278221437988
7,bnci004,MMP_merge_then_adapt,CSP,svm_radial,sa,5,3,3,8808,0.05,no_leakage_v1_alpha005,gate_all_sources_proxy_source_only_final_training_only,mmd,,,,,merge_then_adapt,coral,near_nearest_proxy,main,2.0,2,2train,near,False,0.29231241131772906,3.0,direct,0.09853115685037302,0.07062697788476369,0.133264378429754
7,bnci004,MMP_merge_then_adapt,CSP,svm_radial,sa,5,3,3,8808,0.05,no_leakage_v1_alpha005,gate_all_sources_proxy_source_only_final_training_only,mmd,,,,,merge_then_adapt,coral,near_nearest_proxy,anchor,2.0,2,2train,proxy_source,False,0.5149735470738354,3.0,direct,0.09853115685037302,0.07062697788476369,0.133264378429754
7,bnci004,MMP_merge_then_adapt,CSP,svm_radial,sa,5,3,3,8808,0.05,no_leakage_v1_alpha005,gate_all_sources_proxy_source_only_final_training_only,mmd,,,,,merge_then_adapt,coral,near_nearest_proxy,final,2.0,2,2train,train,False,0.29231241131772906,3.0,direct,0.09853115685037302,0.07062697788476369,0.133264378429754
7,bnci004,MMP_merge_then_adapt,CSP,svm_radial,sa,5,3,3,8808,0.05,no_leakage_v1_alpha005,gate_all_sources_proxy_source_only_final_training_only,mmd,,,,,merge_then_adapt,coral,near_nearest_proxy,main,3.0,4,4test,far,False,,3.0,direct,0.14754147124974867,0.09765883295594047,0.20311496631542114
7,bnci004,MMP_merge_then_adapt,CSP,svm_radial,sa,5,3,3,8808,0.05,no_leakage_v1_alpha005,gate_all_sources_proxy_source_only_final_training_only,mmd,,,,,merge_then_adapt,coral,near_nearest_proxy,anchor,3.0,4,4test,not_used,False,,3.0,direct,0.14754147124974867,0.09765883295594047,0.20311496631542114
7,bnci004,MMP_merge_then_adapt,CSP,svm_radial,sa,5,3,3,8808,0.05,no_leakage_v1_alpha005,gate_all_sources_proxy_source_only_final_training_only,mmd,,,,,merge_then_adapt,coral,near_nearest_proxy,final,3.0,4,4test,not_used,False,,3.0,direct,0.14754147124974867,0.09765883295594047,0.20311496631542114
7,bnci004,MMP_merge_then_adapt,CSP,svm_radial,sa,5,3,3,8808,0.05,no_leakage_v1_alpha005,gate_all_sources_proxy_source_only_final_training_only,mmd,,,,,merge_then_adapt,coral,near_nearest_proxy,main,,3,3test,target,False,,,,,,
7,bnci004,MMP_merge_then_adapt,CSP,svm_radial,sa,5,3,3,8808,0.05,no_leakage_v1_alpha005,gate_all_sources_proxy_source_only_final_training_only,mmd,,,,,merge_then_adapt,coral,near_nearest_proxy,final,,3,3test,target,False,,,,,,
7,bnci004,MMP_merge_then_adapt,CSP,svm_radial,sa,5,4,4,8839,0.05,no_leakage_v1_alpha005,gate_all_sources_proxy_source_only_final_training_only,mmd,,,,,merge_then_adapt,coral,near_nearest_proxy,main,0.0,0,0train,nearest,True,0.6119489207768346,4.0,direct,0.07919522248371842,0.05277506240878819,0.1159769810896486
7,bnci004,MMP_merge_then_adapt,CSP,svm_radial,sa,5,4,4,8839,0.05,no_leakage_v1_alpha005,gate_all_sources_proxy_source_only_final_training_only,mmd,,,,,merge_then_adapt,coral,near_nearest_proxy,anchor,0.0,0,0train,target,False,,4.0,direct,0.07919522248371842,0.05277506240878819,0.1159769810896486
7,bnci004,MMP_merge_then_adapt,CSP,svm_radial,sa,5,4,4,8839,0.05,no_leakage_v1_alpha005,gate_all_sources_proxy_source_only_final_training_only,mmd,,,,,merge_then_adapt,coral,near_nearest_proxy,final,0.0,0,0train,train,True,0.6119489207768346,4.0,direct,0.07919522248371842,0.05277506240878819,0.1159769810896486
7,bnci004,MMP_merge_then_adapt,CSP,svm_radial,sa,5,4,4,8839,0.05,no_leakage_v1_alpha005,gate_all_sources_proxy_source_only_final_training_only,mmd,,,,,merge_then_adapt,coral,near_nearest_proxy,main,1.0,1,1train,far,False,,4.0,direct,0.19298054065665704,0.1445871787318919,0.2447814383992829
7,bnci004,MMP_merge_then_adapt,CSP,svm_radial,sa,5,4,4,8839,0.05,no_leakage_v1_alpha005,gate_all_sources_proxy_source_only_final_training_only,mmd,,,,,merge_then_adapt,coral,near_nearest_proxy,anchor,1.0,1,1train,not_used,False,,4.0,direct,0.19298054065665704,0.1445871787318919,0.2447814383992829
7,bnci004,MMP_merge_then_adapt,CSP,svm_radial,sa,5,4,4,8839,0.05,no_leakage_v1_alpha005,gate_all_sources_proxy_source_only_final_training_only,mmd,,,,,merge_then_adapt,coral,near_nearest_proxy,final,1.0,1,1train,not_used,False,,4.0,direct,0.19298054065665704,0.1445871787318919,0.2447814383992829
7,bnci004,MMP_merge_then_adapt,CSP,svm_radial,sa,5,4,4,8839,0.05,no_leakage_v1_alpha005,gate_all_sources_proxy_source_only_final_training_only,mmd,,,,,merge_then_adapt,coral,near_nearest_proxy,main,2.0,2,2train,far,False,,4.0,direct,0.22747744307508802,0.17761464143293432,0.279772469229716
7,bnci004,MMP_merge_then_adapt,CSP,svm_radial,sa,5,4,4,8839,0.05,no_leakage_v1_alpha005,gate_all_sources_proxy_source_only_final_training_only,mmd,,,,,merge_then_adapt,coral,near_nearest_proxy,anchor,2.0,2,2train,not_used,False,,4.0,direct,0.22747744307508802,0.17761464143293432,0.279772469229716
7,bnci004,MMP_merge_then_adapt,CSP,svm_radial,sa,5,4,4,8839,0.05,no_leakage_v1_alpha005,gate_all_sources_proxy_source_only_final_training_only,mmd,,,,,merge_then_adapt,coral,near_nearest_proxy,final,2.0,2,2train,not_used,False,,4.0,direct,0.22747744307508802,0.17761464143293432,0.279772469229716
7,bnci004,MMP_merge_then_adapt,CSP,svm_radial,sa,5,4,4,8839,0.05,no_leakage_v1_alpha005,gate_all_sources_proxy_source_only_final_training_only,mmd,,,,,merge_then_adapt,coral,near_nearest_proxy,main,3.0,3,3test,near,False,0.3880510792231654,4.0,direct,0.1248898854358378,0.08743308099139747,0.16781685187110748
7,bnci004,MMP_merge_then_adapt,CSP,svm_radial,sa,5,4,4,8839,0.05,no_leakage_v1_alpha005,gate_all_sources_proxy_source_only_final_training_only,mmd,,,,,merge_then_adapt,coral,near_nearest_proxy,anchor,3.0,3,3test,proxy_source,False,1.0,4.0,direct,0.1248898854358378,0.08743308099139747,0.16781685187110748
7,bnci004,MMP_merge_then_adapt,CSP,svm_radial,sa,5,4,4,8839,0.05,no_leakage_v1_alpha005,gate_all_sources_proxy_source_only_final_training_only,mmd,,,,,merge_then_adapt,coral,near_nearest_proxy,final,3.0,3,3test,train,False,0.3880510792231654,4.0,direct,0.1248898854358378,0.08743308099139747,0.16781685187110748
7,bnci004,MMP_merge_then_adapt,CSP,svm_radial,sa,5,4,4,8839,0.05,no_leakage_v1_alpha005,gate_all_sources_proxy_source_only_final_training_only,mmd,,,,,merge_then_adapt,coral,near_nearest_proxy,main,,4,4test,target,False,,,,,,
7,bnci004,MMP_merge_then_adapt,CSP,svm_radial,sa,5,4,4,8839,0.05,no_leakage_v1_alpha005,gate_all_sources_proxy_source_only_final_training_only,mmd,,,,,merge_then_adapt,coral,near_nearest_proxy,final,,4,4test,target,False,,,,,,
7,bnci004,MMP_merge_then_adapt,CSP,svm_radial,pt,6,0,0,9712,0.05,no_leakage_v1_alpha005,gate_all_sources_proxy_source_only_final_training_only,mmd,,,,,merge_then_adapt,coral,near_nearest_proxy,main,0.0,1,1train,far,False,,0.0,direct,0.12946868368645897,0.0923274402960051,0.1682446793885427
7,bnci004,MMP_merge_then_adapt,CSP,svm_radial,pt,6,0,0,9712,0.05,no_leakage_v1_alpha005,gate_all_sources_proxy_source_only_final_training_only,mmd,,,,,merge_then_adapt,coral,near_nearest_proxy,anchor,0.0,1,1train,not_used,False,,0.0,direct,0.12946868368645897,0.0923274402960051,0.1682446793885427
7,bnci004,MMP_merge_then_adapt,CSP,svm_radial,pt,6,0,0,9712,0.05,no_leakage_v1_alpha005,gate_all_sources_proxy_source_only_final_training_only,mmd,,,,,merge_then_adapt,coral,near_nearest_proxy,final,0.0,1,1train,not_used,False,,0.0,direct,0.12946868368645897,0.0923274402960051,0.1682446793885427
7,bnci004,MMP_merge_then_adapt,CSP,svm_radial,pt,6,0,0,9712,0.05,no_leakage_v1_alpha005,gate_all_sources_proxy_source_only_final_training_only,mmd,,,,,merge_then_adapt,coral,near_nearest_proxy,main,1.0,2,2train,far,False,,0.0,direct,0.16207900554233842,0.11900956661349096,0.20652340797298493
7,bnci004,MMP_merge_then_adapt,CSP,svm_radial,pt,6,0,0,9712,0.05,no_leakage_v1_alpha005,gate_all_sources_proxy_source_only_final_training_only,mmd,,,,,merge_then_adapt,coral,near_nearest_proxy,anchor,1.0,2,2train,not_used,False,,0.0,direct,0.16207900554233842,0.11900956661349096,0.20652340797298493
7,bnci004,MMP_merge_then_adapt,CSP,svm_radial,pt,6,0,0,9712,0.05,no_leakage_v1_alpha005,gate_all_sources_proxy_source_only_final_training_only,mmd,,,,,merge_then_adapt,coral,near_nearest_proxy,final,1.0,2,2train,not_used,False,,0.0,direct,0.16207900554233842,0.11900956661349096,0.20652340797298493
7,bnci004,MMP_merge_then_adapt,CSP,svm_radial,pt,6,0,0,9712,0.05,no_leakage_v1_alpha005,gate_all_sources_proxy_source_only_final_training_only,mmd,,,,,merge_then_adapt,coral,near_nearest_proxy,main,2.0,3,3test,nearest,True,0.5659028653946155,0.0,direct,0.06322794051199772,0.042448157159050086,0.09119767625463132
7,bnci004,MMP_merge_then_adapt,CSP,svm_radial,pt,6,0,0,9712,0.05,no_leakage_v1_alpha005,gate_all_sources_proxy_source_only_final_training_only,mmd,,,,,merge_then_adapt,coral,near_nearest_proxy,anchor,2.0,3,3test,target,False,,0.0,direct,0.06322794051199772,0.042448157159050086,0.09119767625463132
7,bnci004,MMP_merge_then_adapt,CSP,svm_radial,pt,6,0,0,9712,0.05,no_leakage_v1_alpha005,gate_all_sources_proxy_source_only_final_training_only,mmd,,,,,merge_then_adapt,coral,near_nearest_proxy,final,2.0,3,3test,train,True,0.5659028653946155,0.0,direct,0.06322794051199772,0.042448157159050086,0.09119767625463132
7,bnci004,MMP_merge_then_adapt,CSP,svm_radial,pt,6,0,0,9712,0.05,no_leakage_v1_alpha005,gate_all_sources_proxy_source_only_final_training_only,mmd,,,,,merge_then_adapt,coral,near_nearest_proxy,main,3.0,4,4test,near,False,0.4340971346053845,0.0,direct,0.08242626283860932,0.05289211636503481,0.1158408476448523
7,bnci004,MMP_merge_then_adapt,CSP,svm_radial,pt,6,0,0,9712,0.05,no_leakage_v1_alpha005,gate_all_sources_proxy_source_only_final_training_only,mmd,,,,,merge_then_adapt,coral,near_nearest_proxy,anchor,3.0,4,4test,proxy_source,False,1.0,0.0,direct,0.08242626283860932,0.05289211636503481,0.1158408476448523
7,bnci004,MMP_merge_then_adapt,CSP,svm_radial,pt,6,0,0,9712,0.05,no_leakage_v1_alpha005,gate_all_sources_proxy_source_only_final_training_only,mmd,,,,,merge_then_adapt,coral,near_nearest_proxy,final,3.0,4,4test,train,False,0.4340971346053845,0.0,direct,0.08242626283860932,0.05289211636503481,0.1158408476448523
7,bnci004,MMP_merge_then_adapt,CSP,svm_radial,pt,6,0,0,9712,0.05,no_leakage_v1_alpha005,gate_all_sources_proxy_source_only_final_training_only,mmd,,,,,merge_then_adapt,coral,near_nearest_proxy,main,,0,0train,target,False,,,,,,
7,bnci004,MMP_merge_then_adapt,CSP,svm_radial,pt,6,0,0,9712,0.05,no_leakage_v1_alpha005,gate_all_sources_proxy_source_only_final_training_only,mmd,,,,,merge_then_adapt,coral,near_nearest_proxy,final,,0,0train,target,False,,,,,,
7,bnci004,MMP_merge_then_adapt,CSP,svm_radial,pt,6,1,1,9743,0.05,no_leakage_v1_alpha005,gate_all_sources_proxy_source_only_final_training_only,mmd,,,,,merge_then_adapt,coral,near_nearest_proxy,main,0.0,0,0train,near,False,0.34414112585503676,1.0,direct,0.132490359728083,0.09149354833771424,0.18828756296656118
7,bnci004,MMP_merge_then_adapt,CSP,svm_radial,pt,6,1,1,9743,0.05,no_leakage_v1_alpha005,gate_all_sources_proxy_source_only_final_training_only,mmd,,,,,merge_then_adapt,coral,near_nearest_proxy,anchor,0.0,0,0train,proxy_source,False,0.5715322475094184,1.0,direct,0.132490359728083,0.09149354833771424,0.18828756296656118
7,bnci004,MMP_merge_then_adapt,CSP,svm_radial,pt,6,1,1,9743,0.05,no_leakage_v1_alpha005,gate_all_sources_proxy_source_only_final_training_only,mmd,,,,,merge_then_adapt,coral,near_nearest_proxy,final,0.0,0,0train,train,False,0.34414112585503676,1.0,direct,0.132490359728083,0.09149354833771424,0.18828756296656118
7,bnci004,MMP_merge_then_adapt,CSP,svm_radial,pt,6,1,1,9743,0.05,no_leakage_v1_alpha005,gate_all_sources_proxy_source_only_final_training_only,mmd,,,,,merge_then_adapt,coral,near_nearest_proxy,main,1.0,2,2train,near,False,0.25799659665267805,1.0,direct,0.17672895029569852,0.12892386505655568,0.22367734345673787
7,bnci004,MMP_merge_then_adapt,CSP,svm_radial,pt,6,1,1,9743,0.05,no_leakage_v1_alpha005,gate_all_sources_proxy_source_only_final_training_only,mmd,,,,,merge_then_adapt,coral,near_nearest_proxy,anchor,1.0,2,2train,proxy_source,False,0.42846775249058155,1.0,direct,0.17672895029569852,0.12892386505655568,0.22367734345673787
7,bnci004,MMP_merge_then_adapt,CSP,svm_radial,pt,6,1,1,9743,0.05,no_leakage_v1_alpha005,gate_all_sources_proxy_source_only_final_training_only,mmd,,,,,merge_then_adapt,coral,near_nearest_proxy,final,1.0,2,2train,train,False,0.25799659665267805,1.0,direct,0.17672895029569852,0.12892386505655568,0.22367734345673787
7,bnci004,MMP_merge_then_adapt,CSP,svm_radial,pt,6,1,1,9743,0.05,no_leakage_v1_alpha005,gate_all_sources_proxy_source_only_final_training_only,mmd,,,,,merge_then_adapt,coral,near_nearest_proxy,main,2.0,3,3test,nearest,True,0.39786227749228514,1.0,direct,0.11460078127535929,0.07832311673318866,0.15753709955423453
7,bnci004,MMP_merge_then_adapt,CSP,svm_radial,pt,6,1,1,9743,0.05,no_leakage_v1_alpha005,gate_all_sources_proxy_source_only_final_training_only,mmd,,,,,merge_then_adapt,coral,near_nearest_proxy,anchor,2.0,3,3test,target,False,,1.0,direct,0.11460078127535929,0.07832311673318866,0.15753709955423453
7,bnci004,MMP_merge_then_adapt,CSP,svm_radial,pt,6,1,1,9743,0.05,no_leakage_v1_alpha005,gate_all_sources_proxy_source_only_final_training_only,mmd,,,,,merge_then_adapt,coral,near_nearest_proxy,final,2.0,3,3test,train,True,0.39786227749228514,1.0,direct,0.11460078127535929,0.07832311673318866,0.15753709955423453
7,bnci004,MMP_merge_then_adapt,CSP,svm_radial,pt,6,1,1,9743,0.05,no_leakage_v1_alpha005,gate_all_sources_proxy_source_only_final_training_only,mmd,,,,,merge_then_adapt,coral,near_nearest_proxy,main,3.0,4,4test,far,False,,1.0,direct,0.21873740060287772,0.16154599382803914,0.2781515117797264
7,bnci004,MMP_merge_then_adapt,CSP,svm_radial,pt,6,1,1,9743,0.05,no_leakage_v1_alpha005,gate_all_sources_proxy_source_only_final_training_only,mmd,,,,,merge_then_adapt,coral,near_nearest_proxy,anchor,3.0,4,4test,not_used,False,,1.0,direct,0.21873740060287772,0.16154599382803914,0.2781515117797264
7,bnci004,MMP_merge_then_adapt,CSP,svm_radial,pt,6,1,1,9743,0.05,no_leakage_v1_alpha005,gate_all_sources_proxy_source_only_final_training_only,mmd,,,,,merge_then_adapt,coral,near_nearest_proxy,final,3.0,4,4test,not_used,False,,1.0,direct,0.21873740060287772,0.16154599382803914,0.2781515117797264
7,bnci004,MMP_merge_then_adapt,CSP,svm_radial,pt,6,1,1,9743,0.05,no_leakage_v1_alpha005,gate_all_sources_proxy_source_only_final_training_only,mmd,,,,,merge_then_adapt,coral,near_nearest_proxy,main,,1,1train,target,False,,,,,,
7,bnci004,MMP_merge_then_adapt,CSP,svm_radial,pt,6,1,1,9743,0.05,no_leakage_v1_alpha005,gate_all_sources_proxy_source_only_final_training_only,mmd,,,,,merge_then_adapt,coral,near_nearest_proxy,final,,1,1train,target,False,,,,,,
7,bnci004,MMP_merge_then_adapt,CSP,svm_radial,pt,6,2,2,9774,0.05,no_leakage_v1_alpha005,gate_all_sources_proxy_source_only_final_training_only,mmd,,,,,merge_then_adapt,coral,near_nearest_proxy,main,0.0,0,0train,near,False,0.28101561724092017,2.0,direct,0.14808967514801474,0.10476459921415933,0.18862490580414007
7,bnci004,MMP_merge_then_adapt,CSP,svm_radial,pt,6,2,2,9774,0.05,no_leakage_v1_alpha005,gate_all_sources_proxy_source_only_final_training_only,mmd,,,,,merge_then_adapt,coral,near_nearest_proxy,anchor,0.0,0,0train,proxy_source,False,0.5024188882696838,2.0,direct,0.14808967514801474,0.10476459921415933,0.18862490580414007
7,bnci004,MMP_merge_then_adapt,CSP,svm_radial,pt,6,2,2,9774,0.05,no_leakage_v1_alpha005,gate_all_sources_proxy_source_only_final_training_only,mmd,,,,,merge_then_adapt,coral,near_nearest_proxy,final,0.0,0,0train,train,False,0.28101561724092017,2.0,direct,0.14808967514801474,0.10476459921415933,0.18862490580414007
7,bnci004,MMP_merge_then_adapt,CSP,svm_radial,pt,6,2,2,9774,0.05,no_leakage_v1_alpha005,gate_all_sources_proxy_source_only_final_training_only,mmd,,,,,merge_then_adapt,coral,near_nearest_proxy,main,1.0,1,1train,near,False,0.27830972621646827,2.0,direct,0.14952949988621436,0.1134822111565491,0.18963666624047146
7,bnci004,MMP_merge_then_adapt,CSP,svm_radial,pt,6,2,2,9774,0.05,no_leakage_v1_alpha005,gate_all_sources_proxy_source_only_final_training_only,mmd,,,,,merge_then_adapt,coral,near_nearest_proxy,anchor,1.0,1,1train,proxy_source,False,0.4975811117303162,2.0,direct,0.14952949988621436,0.1134822111565491,0.18963666624047146
7,bnci004,MMP_merge_then_adapt,CSP,svm_radial,pt,6,2,2,9774,0.05,no_leakage_v1_alpha005,gate_all_sources_proxy_source_only_final_training_only,mmd,,,,,merge_then_adapt,coral,near_nearest_proxy,final,1.0,1,1train,train,False,0.27830972621646827,2.0,direct,0.14952949988621436,0.1134822111565491,0.18963666624047146
7,bnci004,MMP_merge_then_adapt,CSP,svm_radial,pt,6,2,2,9774,0.05,no_leakage_v1_alpha005,gate_all_sources_proxy_source_only_final_training_only,mmd,,,,,merge_then_adapt,coral,near_nearest_proxy,main,2.0,3,3test,nearest,True,0.4406746565426115,2.0,direct,0.0944355460243341,0.06469856001867764,0.1217482555871833
7,bnci004,MMP_merge_then_adapt,CSP,svm_radial,pt,6,2,2,9774,0.05,no_leakage_v1_alpha005,gate_all_sources_proxy_source_only_final_training_only,mmd,,,,,merge_then_adapt,coral,near_nearest_proxy,anchor,2.0,3,3test,target,False,,2.0,direct,0.0944355460243341,0.06469856001867764,0.1217482555871833
7,bnci004,MMP_merge_then_adapt,CSP,svm_radial,pt,6,2,2,9774,0.05,no_leakage_v1_alpha005,gate_all_sources_proxy_source_only_final_training_only,mmd,,,,,merge_then_adapt,coral,near_nearest_proxy,final,2.0,3,3test,train,True,0.4406746565426115,2.0,direct,0.0944355460243341,0.06469856001867764,0.1217482555871833
7,bnci004,MMP_merge_then_adapt,CSP,svm_radial,pt,6,2,2,9774,0.05,no_leakage_v1_alpha005,gate_all_sources_proxy_source_only_final_training_only,mmd,,,,,merge_then_adapt,coral,near_nearest_proxy,main,3.0,4,4test,far,False,,2.0,direct,0.20652146155813958,0.16191380193482535,0.2532157483964992
7,bnci004,MMP_merge_then_adapt,CSP,svm_radial,pt,6,2,2,9774,0.05,no_leakage_v1_alpha005,gate_all_sources_proxy_source_only_final_training_only,mmd,,,,,merge_then_adapt,coral,near_nearest_proxy,anchor,3.0,4,4test,not_used,False,,2.0,direct,0.20652146155813958,0.16191380193482535,0.2532157483964992
7,bnci004,MMP_merge_then_adapt,CSP,svm_radial,pt,6,2,2,9774,0.05,no_leakage_v1_alpha005,gate_all_sources_proxy_source_only_final_training_only,mmd,,,,,merge_then_adapt,coral,near_nearest_proxy,final,3.0,4,4test,not_used,False,,2.0,direct,0.20652146155813958,0.16191380193482535,0.2532157483964992
7,bnci004,MMP_merge_then_adapt,CSP,svm_radial,pt,6,2,2,9774,0.05,no_leakage_v1_alpha005,gate_all_sources_proxy_source_only_final_training_only,mmd,,,,,merge_then_adapt,coral,near_nearest_proxy,main,,2,2train,target,False,,,,,,
7,bnci004,MMP_merge_then_adapt,CSP,svm_radial,pt,6,2,2,9774,0.05,no_leakage_v1_alpha005,gate_all_sources_proxy_source_only_final_training_only,mmd,,,,,merge_then_adapt,coral,near_nearest_proxy,final,,2,2train,target,False,,,,,,
7,bnci004,MMP_merge_then_adapt,CSP,svm_radial,pt,6,3,3,9805,0.05,no_leakage_v1_alpha005,gate_all_sources_proxy_source_only_final_training_only,mmd,,,,,merge_then_adapt,coral,near_nearest_proxy,main,0.0,0,0train,nearest,True,0.37440611180951705,3.0,direct,0.06393007584757801,0.03828151541928039,0.10401114203278476
7,bnci004,MMP_merge_then_adapt,CSP,svm_radial,pt,6,3,3,9805,0.05,no_leakage_v1_alpha005,gate_all_sources_proxy_source_only_final_training_only,mmd,,,,,merge_then_adapt,coral,near_nearest_proxy,anchor,0.0,0,0train,target,False,,3.0,direct,0.06393007584757801,0.03828151541928039,0.10401114203278476
7,bnci004,MMP_merge_then_adapt,CSP,svm_radial,pt,6,3,3,9805,0.05,no_leakage_v1_alpha005,gate_all_sources_proxy_source_only_final_training_only,mmd,,,,,merge_then_adapt,coral,near_nearest_proxy,final,0.0,0,0train,train,True,0.37440611180951705,3.0,direct,0.06393007584757801,0.03828151541928039,0.10401114203278476
7,bnci004,MMP_merge_then_adapt,CSP,svm_radial,pt,6,3,3,9805,0.05,no_leakage_v1_alpha005,gate_all_sources_proxy_source_only_final_training_only,mmd,,,,,merge_then_adapt,coral,near_nearest_proxy,main,1.0,1,1train,near,False,0.2281975571431866,3.0,direct,0.10489138286136351,0.07439794942220253,0.13606637933598506
7,bnci004,MMP_merge_then_adapt,CSP,svm_radial,pt,6,3,3,9805,0.05,no_leakage_v1_alpha005,gate_all_sources_proxy_source_only_final_training_only,mmd,,,,,merge_then_adapt,coral,near_nearest_proxy,anchor,1.0,1,1train,proxy_source,False,0.36476947977104307,3.0,direct,0.10489138286136351,0.07439794942220253,0.13606637933598506
7,bnci004,MMP_merge_then_adapt,CSP,svm_radial,pt,6,3,3,9805,0.05,no_leakage_v1_alpha005,gate_all_sources_proxy_source_only_final_training_only,mmd,,,,,merge_then_adapt,coral,near_nearest_proxy,final,1.0,1,1train,train,False,0.2281975571431866,3.0,direct,0.10489138286136351,0.07439794942220253,0.13606637933598506
7,bnci004,MMP_merge_then_adapt,CSP,svm_radial,pt,6,3,3,9805,0.05,no_leakage_v1_alpha005,gate_all_sources_proxy_source_only_final_training_only,mmd,,,,,merge_then_adapt,coral,near_nearest_proxy,main,2.0,2,2train,near,False,0.234619598238619,3.0,direct,0.10202025360195527,0.07241042363846047,0.13782565284129136
7,bnci004,MMP_merge_then_adapt,CSP,svm_radial,pt,6,3,3,9805,0.05,no_leakage_v1_alpha005,gate_all_sources_proxy_source_only_final_training_only,mmd,,,,,merge_then_adapt,coral,near_nearest_proxy,anchor,2.0,2,2train,proxy_source,False,0.3750349910182965,3.0,direct,0.10202025360195527,0.07241042363846047,0.13782565284129136
7,bnci004,MMP_merge_then_adapt,CSP,svm_radial,pt,6,3,3,9805,0.05,no_leakage_v1_alpha005,gate_all_sources_proxy_source_only_final_training_only,mmd,,,,,merge_then_adapt,coral,near_nearest_proxy,final,2.0,2,2train,train,False,0.234619598238619,3.0,direct,0.10202025360195527,0.07241042363846047,0.13782565284129136
7,bnci004,MMP_merge_then_adapt,CSP,svm_radial,pt,6,3,3,9805,0.05,no_leakage_v1_alpha005,gate_all_sources_proxy_source_only_final_training_only,mmd,,,,,merge_then_adapt,coral,near_nearest_proxy,main,3.0,4,4test,near,False,0.16277673280867738,3.0,direct,0.14704818276019732,0.0996296528018395,0.19866698994070828
7,bnci004,MMP_merge_then_adapt,CSP,svm_radial,pt,6,3,3,9805,0.05,no_leakage_v1_alpha005,gate_all_sources_proxy_source_only_final_training_only,mmd,,,,,merge_then_adapt,coral,near_nearest_proxy,anchor,3.0,4,4test,proxy_source,False,0.2601955292106603,3.0,direct,0.14704818276019732,0.0996296528018395,0.19866698994070828
7,bnci004,MMP_merge_then_adapt,CSP,svm_radial,pt,6,3,3,9805,0.05,no_leakage_v1_alpha005,gate_all_sources_proxy_source_only_final_training_only,mmd,,,,,merge_then_adapt,coral,near_nearest_proxy,final,3.0,4,4test,train,False,0.16277673280867738,3.0,direct,0.14704818276019732,0.0996296528018395,0.19866698994070828
7,bnci004,MMP_merge_then_adapt,CSP,svm_radial,pt,6,3,3,9805,0.05,no_leakage_v1_alpha005,gate_all_sources_proxy_source_only_final_training_only,mmd,,,,,merge_then_adapt,coral,near_nearest_proxy,main,,3,3test,target,False,,,,,,
7,bnci004,MMP_merge_then_adapt,CSP,svm_radial,pt,6,3,3,9805,0.05,no_leakage_v1_alpha005,gate_all_sources_proxy_source_only_final_training_only,mmd,,,,,merge_then_adapt,coral,near_nearest_proxy,final,,3,3test,target,False,,,,,,
7,bnci004,MMP_merge_then_adapt,CSP,svm_radial,pt,6,4,4,9836,0.05,no_leakage_v1_alpha005,gate_all_sources_proxy_source_only_final_training_only,mmd,,,,,merge_then_adapt,coral,near_nearest_proxy,main,0.0,0,0train,nearest,True,0.6138399375858755,4.0,direct,0.0777319845725189,0.0511969933819191,0.11453196728923232
7,bnci004,MMP_merge_then_adapt,CSP,svm_radial,pt,6,4,4,9836,0.05,no_leakage_v1_alpha005,gate_all_sources_proxy_source_only_final_training_only,mmd,,,,,merge_then_adapt,coral,near_nearest_proxy,anchor,0.0,0,0train,target,False,,4.0,direct,0.0777319845725189,0.0511969933819191,0.11453196728923232
7,bnci004,MMP_merge_then_adapt,CSP,svm_radial,pt,6,4,4,9836,0.05,no_leakage_v1_alpha005,gate_all_sources_proxy_source_only_final_training_only,mmd,,,,,merge_then_adapt,coral,near_nearest_proxy,final,0.0,0,0train,train,True,0.6138399375858755,4.0,direct,0.0777319845725189,0.0511969933819191,0.11453196728923232
7,bnci004,MMP_merge_then_adapt,CSP,svm_radial,pt,6,4,4,9836,0.05,no_leakage_v1_alpha005,gate_all_sources_proxy_source_only_final_training_only,mmd,,,,,merge_then_adapt,coral,near_nearest_proxy,main,1.0,1,1train,far,False,,4.0,direct,0.19323600736655078,0.15044760834866258,0.24034861617407988
7,bnci004,MMP_merge_then_adapt,CSP,svm_radial,pt,6,4,4,9836,0.05,no_leakage_v1_alpha005,gate_all_sources_proxy_source_only_final_training_only,mmd,,,,,merge_then_adapt,coral,near_nearest_proxy,anchor,1.0,1,1train,not_used,False,,4.0,direct,0.19323600736655078,0.15044760834866258,0.24034861617407988
7,bnci004,MMP_merge_then_adapt,CSP,svm_radial,pt,6,4,4,9836,0.05,no_leakage_v1_alpha005,gate_all_sources_proxy_source_only_final_training_only,mmd,,,,,merge_then_adapt,coral,near_nearest_proxy,final,1.0,1,1train,not_used,False,,4.0,direct,0.19323600736655078,0.15044760834866258,0.24034861617407988
7,bnci004,MMP_merge_then_adapt,CSP,svm_radial,pt,6,4,4,9836,0.05,no_leakage_v1_alpha005,gate_all_sources_proxy_source_only_final_training_only,mmd,,,,,merge_then_adapt,coral,near_nearest_proxy,main,2.0,2,2train,far,False,,4.0,direct,0.23206356742792175,0.18926438621525546,0.278595272145699
7,bnci004,MMP_merge_then_adapt,CSP,svm_radial,pt,6,4,4,9836,0.05,no_leakage_v1_alpha005,gate_all_sources_proxy_source_only_final_training_only,mmd,,,,,merge_then_adapt,coral,near_nearest_proxy,anchor,2.0,2,2train,not_used,False,,4.0,direct,0.23206356742792175,0.18926438621525546,0.278595272145699
7,bnci004,MMP_merge_then_adapt,CSP,svm_radial,pt,6,4,4,9836,0.05,no_leakage_v1_alpha005,gate_all_sources_proxy_source_only_final_training_only,mmd,,,,,merge_then_adapt,coral,near_nearest_proxy,final,2.0,2,2train,not_used,False,,4.0,direct,0.23206356742792175,0.18926438621525546,0.278595272145699
7,bnci004,MMP_merge_then_adapt,CSP,svm_radial,pt,6,4,4,9836,0.05,no_leakage_v1_alpha005,gate_all_sources_proxy_source_only_final_training_only,mmd,,,,,merge_then_adapt,coral,near_nearest_proxy,main,3.0,3,3test,near,False,0.38616006241412454,4.0,direct,0.12356333262429868,0.08869121503993131,0.1637864109878427
7,bnci004,MMP_merge_then_adapt,CSP,svm_radial,pt,6,4,4,9836,0.05,no_leakage_v1_alpha005,gate_all_sources_proxy_source_only_final_training_only,mmd,,,,,merge_then_adapt,coral,near_nearest_proxy,anchor,3.0,3,3test,proxy_source,False,1.0,4.0,direct,0.12356333262429868,0.08869121503993131,0.1637864109878427
7,bnci004,MMP_merge_then_adapt,CSP,svm_radial,pt,6,4,4,9836,0.05,no_leakage_v1_alpha005,gate_all_sources_proxy_source_only_final_training_only,mmd,,,,,merge_then_adapt,coral,near_nearest_proxy,final,3.0,3,3test,train,False,0.38616006241412454,4.0,direct,0.12356333262429868,0.08869121503993131,0.1637864109878427
7,bnci004,MMP_merge_then_adapt,CSP,svm_radial,pt,6,4,4,9836,0.05,no_leakage_v1_alpha005,gate_all_sources_proxy_source_only_final_training_only,mmd,,,,,merge_then_adapt,coral,near_nearest_proxy,main,,4,4test,target,False,,,,,,
7,bnci004,MMP_merge_then_adapt,CSP,svm_radial,pt,6,4,4,9836,0.05,no_leakage_v1_alpha005,gate_all_sources_proxy_source_only_final_training_only,mmd,,,,,merge_then_adapt,coral,near_nearest_proxy,final,,4,4test,target,False,,,,,,
7,bnci004,MMP_merge_then_adapt,CSP,svm_radial,coral,7,0,0,10709,0.05,no_leakage_v1_alpha005,gate_all_sources_proxy_source_only_final_training_only,mmd,,,,,merge_then_adapt,coral,near_nearest_proxy,main,0.0,1,1train,near,False,0.21720721566252668,0.0,direct,0.12923378237059208,0.09331556823373544,0.17079865063312052
7,bnci004,MMP_merge_then_adapt,CSP,svm_radial,coral,7,0,0,10709,0.05,no_leakage_v1_alpha005,gate_all_sources_proxy_source_only_final_training_only,mmd,,,,,merge_then_adapt,coral,near_nearest_proxy,anchor,0.0,1,1train,proxy_source,False,0.38135023234419624,0.0,direct,0.12923378237059208,0.09331556823373544,0.17079865063312052
7,bnci004,MMP_merge_then_adapt,CSP,svm_radial,coral,7,0,0,10709,0.05,no_leakage_v1_alpha005,gate_all_sources_proxy_source_only_final_training_only,mmd,,,,,merge_then_adapt,coral,near_nearest_proxy,final,0.0,1,1train,train,False,0.21720721566252668,0.0,direct,0.12923378237059208,0.09331556823373544,0.17079865063312052
7,bnci004,MMP_merge_then_adapt,CSP,svm_radial,coral,7,0,0,10709,0.05,no_leakage_v1_alpha005,gate_all_sources_proxy_source_only_final_training_only,mmd,,,,,merge_then_adapt,coral,near_nearest_proxy,main,1.0,2,2train,far,False,,0.0,direct,0.1590557536251743,0.12280385867779589,0.21523668837851745
7,bnci004,MMP_merge_then_adapt,CSP,svm_radial,coral,7,0,0,10709,0.05,no_leakage_v1_alpha005,gate_all_sources_proxy_source_only_final_training_only,mmd,,,,,merge_then_adapt,coral,near_nearest_proxy,anchor,1.0,2,2train,not_used,False,,0.0,direct,0.1590557536251743,0.12280385867779589,0.21523668837851745
7,bnci004,MMP_merge_then_adapt,CSP,svm_radial,coral,7,0,0,10709,0.05,no_leakage_v1_alpha005,gate_all_sources_proxy_source_only_final_training_only,mmd,,,,,merge_then_adapt,coral,near_nearest_proxy,final,1.0,2,2train,not_used,False,,0.0,direct,0.1590557536251743,0.12280385867779589,0.21523668837851745
7,bnci004,MMP_merge_then_adapt,CSP,svm_radial,coral,7,0,0,10709,0.05,no_leakage_v1_alpha005,gate_all_sources_proxy_source_only_final_training_only,mmd,,,,,merge_then_adapt,coral,near_nearest_proxy,main,2.0,3,3test,nearest,True,0.4304258992387831,0.0,direct,0.06521516681317863,0.03956433134591658,0.09677119466616271
7,bnci004,MMP_merge_then_adapt,CSP,svm_radial,coral,7,0,0,10709,0.05,no_leakage_v1_alpha005,gate_all_sources_proxy_source_only_final_training_only,mmd,,,,,merge_then_adapt,coral,near_nearest_proxy,anchor,2.0,3,3test,target,False,,0.0,direct,0.06521516681317863,0.03956433134591658,0.09677119466616271
7,bnci004,MMP_merge_then_adapt,CSP,svm_radial,coral,7,0,0,10709,0.05,no_leakage_v1_alpha005,gate_all_sources_proxy_source_only_final_training_only,mmd,,,,,merge_then_adapt,coral,near_nearest_proxy,final,2.0,3,3test,train,True,0.4304258992387831,0.0,direct,0.06521516681317863,0.03956433134591658,0.09677119466616271
7,bnci004,MMP_merge_then_adapt,CSP,svm_radial,coral,7,0,0,10709,0.05,no_leakage_v1_alpha005,gate_all_sources_proxy_source_only_final_training_only,mmd,,,,,merge_then_adapt,coral,near_nearest_proxy,main,3.0,4,4test,near,False,0.35236688509869013,0.0,direct,0.07966235212688022,0.05372879121909182,0.11302637857738518
7,bnci004,MMP_merge_then_adapt,CSP,svm_radial,coral,7,0,0,10709,0.05,no_leakage_v1_alpha005,gate_all_sources_proxy_source_only_final_training_only,mmd,,,,,merge_then_adapt,coral,near_nearest_proxy,anchor,3.0,4,4test,proxy_source,False,0.6186497676558037,0.0,direct,0.07966235212688022,0.05372879121909182,0.11302637857738518
7,bnci004,MMP_merge_then_adapt,CSP,svm_radial,coral,7,0,0,10709,0.05,no_leakage_v1_alpha005,gate_all_sources_proxy_source_only_final_training_only,mmd,,,,,merge_then_adapt,coral,near_nearest_proxy,final,3.0,4,4test,train,False,0.35236688509869013,0.0,direct,0.07966235212688022,0.05372879121909182,0.11302637857738518
7,bnci004,MMP_merge_then_adapt,CSP,svm_radial,coral,7,0,0,10709,0.05,no_leakage_v1_alpha005,gate_all_sources_proxy_source_only_final_training_only,mmd,,,,,merge_then_adapt,coral,near_nearest_proxy,main,,0,0train,target,False,,,,,,
7,bnci004,MMP_merge_then_adapt,CSP,svm_radial,coral,7,0,0,10709,0.05,no_leakage_v1_alpha005,gate_all_sources_proxy_source_only_final_training_only,mmd,,,,,merge_then_adapt,coral,near_nearest_proxy,final,,0,0train,target,False,,,,,,
7,bnci004,MMP_merge_then_adapt,CSP,svm_radial,coral,7,1,1,10740,0.05,no_leakage_v1_alpha005,gate_all_sources_proxy_source_only_final_training_only,mmd,,,,,merge_then_adapt,coral,near_nearest_proxy,main,0.0,0,0train,near,False,0.34705198839834517,1.0,direct,0.13150087667335897,0.08916469452312911,0.17903123265667203
7,bnci004,MMP_merge_then_adapt,CSP,svm_radial,coral,7,1,1,10740,0.05,no_leakage_v1_alpha005,gate_all_sources_proxy_source_only_final_training_only,mmd,,,,,merge_then_adapt,coral,near_nearest_proxy,anchor,0.0,0,0train,proxy_source,False,0.5718675634551115,1.0,direct,0.13150087667335897,0.08916469452312911,0.17903123265667203
7,bnci004,MMP_merge_then_adapt,CSP,svm_radial,coral,7,1,1,10740,0.05,no_leakage_v1_alpha005,gate_all_sources_proxy_source_only_final_training_only,mmd,,,,,merge_then_adapt,coral,near_nearest_proxy,final,0.0,0,0train,train,False,0.34705198839834517,1.0,direct,0.13150087667335897,0.08916469452312911,0.17903123265667203
7,bnci004,MMP_merge_then_adapt,CSP,svm_radial,coral,7,1,1,10740,0.05,no_leakage_v1_alpha005,gate_all_sources_proxy_source_only_final_training_only,mmd,,,,,merge_then_adapt,coral,near_nearest_proxy,main,1.0,2,2train,near,False,0.25982276823503553,1.0,direct,0.1756494562229862,0.12458417857570198,0.23068815755166483
7,bnci004,MMP_merge_then_adapt,CSP,svm_radial,coral,7,1,1,10740,0.05,no_leakage_v1_alpha005,gate_all_sources_proxy_source_only_final_training_only,mmd,,,,,merge_then_adapt,coral,near_nearest_proxy,anchor,1.0,2,2train,proxy_source,False,0.42813243654488853,1.0,direct,0.1756494562229862,0.12458417857570198,0.23068815755166483
7,bnci004,MMP_merge_then_adapt,CSP,svm_radial,coral,7,1,1,10740,0.05,no_leakage_v1_alpha005,gate_all_sources_proxy_source_only_final_training_only,mmd,,,,,merge_then_adapt,coral,near_nearest_proxy,final,1.0,2,2train,train,False,0.25982276823503553,1.0,direct,0.1756494562229862,0.12458417857570198,0.23068815755166483
7,bnci004,MMP_merge_then_adapt,CSP,svm_radial,coral,7,1,1,10740,0.05,no_leakage_v1_alpha005,gate_all_sources_proxy_source_only_final_training_only,mmd,,,,,merge_then_adapt,coral,near_nearest_proxy,main,2.0,3,3test,nearest,True,0.3931252433666193,1.0,direct,0.11608919911001311,0.07805766466962495,0.16501424828368763
7,bnci004,MMP_merge_then_adapt,CSP,svm_radial,coral,7,1,1,10740,0.05,no_leakage_v1_alpha005,gate_all_sources_proxy_source_only_final_training_only,mmd,,,,,merge_then_adapt,coral,near_nearest_proxy,anchor,2.0,3,3test,target,False,,1.0,direct,0.11608919911001311,0.07805766466962495,0.16501424828368763
7,bnci004,MMP_merge_then_adapt,CSP,svm_radial,coral,7,1,1,10740,0.05,no_leakage_v1_alpha005,gate_all_sources_proxy_source_only_final_training_only,mmd,,,,,merge_then_adapt,coral,near_nearest_proxy,final,2.0,3,3test,train,True,0.3931252433666193,1.0,direct,0.11608919911001311,0.07805766466962495,0.16501424828368763
7,bnci004,MMP_merge_then_adapt,CSP,svm_radial,coral,7,1,1,10740,0.05,no_leakage_v1_alpha005,gate_all_sources_proxy_source_only_final_training_only,mmd,,,,,merge_then_adapt,coral,near_nearest_proxy,main,3.0,4,4test,far,False,,1.0,direct,0.2205957134285805,0.1661611565785144,0.27175042517766806
7,bnci004,MMP_merge_then_adapt,CSP,svm_radial,coral,7,1,1,10740,0.05,no_leakage_v1_alpha005,gate_all_sources_proxy_source_only_final_training_only,mmd,,,,,merge_then_adapt,coral,near_nearest_proxy,anchor,3.0,4,4test,not_used,False,,1.0,direct,0.2205957134285805,0.1661611565785144,0.27175042517766806
7,bnci004,MMP_merge_then_adapt,CSP,svm_radial,coral,7,1,1,10740,0.05,no_leakage_v1_alpha005,gate_all_sources_proxy_source_only_final_training_only,mmd,,,,,merge_then_adapt,coral,near_nearest_proxy,final,3.0,4,4test,not_used,False,,1.0,direct,0.2205957134285805,0.1661611565785144,0.27175042517766806
7,bnci004,MMP_merge_then_adapt,CSP,svm_radial,coral,7,1,1,10740,0.05,no_leakage_v1_alpha005,gate_all_sources_proxy_source_only_final_training_only,mmd,,,,,merge_then_adapt,coral,near_nearest_proxy,main,,1,1train,target,False,,,,,,
7,bnci004,MMP_merge_then_adapt,CSP,svm_radial,coral,7,1,1,10740,0.05,no_leakage_v1_alpha005,gate_all_sources_proxy_source_only_final_training_only,mmd,,,,,merge_then_adapt,coral,near_nearest_proxy,final,,1,1train,target,False,,,,,,
7,bnci004,MMP_merge_then_adapt,CSP,svm_radial,coral,7,2,2,10771,0.05,no_leakage_v1_alpha005,gate_all_sources_proxy_source_only_final_training_only,mmd,,,,,merge_then_adapt,coral,near_nearest_proxy,main,0.0,0,0train,near,False,0.27901748817395916,2.0,direct,0.14863794116417015,0.10595565175795021,0.19178552998888637
7,bnci004,MMP_merge_then_adapt,CSP,svm_radial,coral,7,2,2,10771,0.05,no_leakage_v1_alpha005,gate_all_sources_proxy_source_only_final_training_only,mmd,,,,,merge_then_adapt,coral,near_nearest_proxy,anchor,0.0,0,0train,proxy_source,False,0.4999578249114873,2.0,direct,0.14863794116417015,0.10595565175795021,0.19178552998888637
7,bnci004,MMP_merge_then_adapt,CSP,svm_radial,coral,7,2,2,10771,0.05,no_leakage_v1_alpha005,gate_all_sources_proxy_source_only_final_training_only,mmd,,,,,merge_then_adapt,coral,near_nearest_proxy,final,0.0,0,0train,train,False,0.27901748817395916,2.0,direct,0.14863794116417015,0.10595565175795021,0.19178552998888637
7,bnci004,MMP_merge_then_adapt,CSP,svm_radial,coral,7,2,2,10771,0.05,no_leakage_v1_alpha005,gate_all_sources_proxy_source_only_final_training_only,mmd,,,,,merge_then_adapt,coral,near_nearest_proxy,main,1.0,1,1train,near,False,0.27906456249372763,2.0,direct,0.1486128678371096,0.10917646796874104,0.18835457249342308
7,bnci004,MMP_merge_then_adapt,CSP,svm_radial,coral,7,2,2,10771,0.05,no_leakage_v1_alpha005,gate_all_sources_proxy_source_only_final_training_only,mmd,,,,,merge_then_adapt,coral,near_nearest_proxy,anchor,1.0,1,1train,proxy_source,False,0.5000421750885127,2.0,direct,0.1486128678371096,0.10917646796874104,0.18835457249342308
7,bnci004,MMP_merge_then_adapt,CSP,svm_radial,coral,7,2,2,10771,0.05,no_leakage_v1_alpha005,gate_all_sources_proxy_source_only_final_training_only,mmd,,,,,merge_then_adapt,coral,near_nearest_proxy,final,1.0,1,1train,train,False,0.27906456249372763,2.0,direct,0.1486128678371096,0.10917646796874104,0.18835457249342308
7,bnci004,MMP_merge_then_adapt,CSP,svm_radial,coral,7,2,2,10771,0.05,no_leakage_v1_alpha005,gate_all_sources_proxy_source_only_final_training_only,mmd,,,,,merge_then_adapt,coral,near_nearest_proxy,main,2.0,3,3test,nearest,True,0.4419179493323131,2.0,direct,0.0938464304361802,0.06734292663446113,0.1259598601478858
7,bnci004,MMP_merge_then_adapt,CSP,svm_radial,coral,7,2,2,10771,0.05,no_leakage_v1_alpha005,gate_all_sources_proxy_source_only_final_training_only,mmd,,,,,merge_then_adapt,coral,near_nearest_proxy,anchor,2.0,3,3test,target,False,,2.0,direct,0.0938464304361802,0.06734292663446113,0.1259598601478858
7,bnci004,MMP_merge_then_adapt,CSP,svm_radial,coral,7,2,2,10771,0.05,no_leakage_v1_alpha005,gate_all_sources_proxy_source_only_final_training_only,mmd,,,,,merge_then_adapt,coral,near_nearest_proxy,final,2.0,3,3test,train,True,0.4419179493323131,2.0,direct,0.0938464304361802,0.06734292663446113,0.1259598601478858
7,bnci004,MMP_merge_then_adapt,CSP,svm_radial,coral,7,2,2,10771,0.05,no_leakage_v1_alpha005,gate_all_sources_proxy_source_only_final_training_only,mmd,,,,,merge_then_adapt,coral,near_nearest_proxy,main,3.0,4,4test,far,False,,2.0,direct,0.20851461501280166,0.16323405340151306,0.2559072076476929
7,bnci004,MMP_merge_then_adapt,CSP,svm_radial,coral,7,2,2,10771,0.05,no_leakage_v1_alpha005,gate_all_sources_proxy_source_only_final_training_only,mmd,,,,,merge_then_adapt,coral,near_nearest_proxy,anchor,3.0,4,4test,not_used,False,,2.0,direct,0.20851461501280166,0.16323405340151306,0.2559072076476929
7,bnci004,MMP_merge_then_adapt,CSP,svm_radial,coral,7,2,2,10771,0.05,no_leakage_v1_alpha005,gate_all_sources_proxy_source_only_final_training_only,mmd,,,,,merge_then_adapt,coral,near_nearest_proxy,final,3.0,4,4test,not_used,False,,2.0,direct,0.20851461501280166,0.16323405340151306,0.2559072076476929
7,bnci004,MMP_merge_then_adapt,CSP,svm_radial,coral,7,2,2,10771,0.05,no_leakage_v1_alpha005,gate_all_sources_proxy_source_only_final_training_only,mmd,,,,,merge_then_adapt,coral,near_nearest_proxy,main,,2,2train,target,False,,,,,,
7,bnci004,MMP_merge_then_adapt,CSP,svm_radial,coral,7,2,2,10771,0.05,no_leakage_v1_alpha005,gate_all_sources_proxy_source_only_final_training_only,mmd,,,,,merge_then_adapt,coral,near_nearest_proxy,final,,2,2train,target,False,,,,,,
7,bnci004,MMP_merge_then_adapt,CSP,svm_radial,coral,7,3,3,10802,0.05,no_leakage_v1_alpha005,gate_all_sources_proxy_source_only_final_training_only,mmd,,,,,merge_then_adapt,coral,near_nearest_proxy,main,0.0,0,0train,nearest,True,0.4399278455224358,3.0,direct,0.0657591730405959,0.03605769988852416,0.0975702394619326
7,bnci004,MMP_merge_then_adapt,CSP,svm_radial,coral,7,3,3,10802,0.05,no_leakage_v1_alpha005,gate_all_sources_proxy_source_only_final_training_only,mmd,,,,,merge_then_adapt,coral,near_nearest_proxy,anchor,0.0,0,0train,target,False,,3.0,direct,0.0657591730405959,0.03605769988852416,0.0975702394619326
7,bnci004,MMP_merge_then_adapt,CSP,svm_radial,coral,7,3,3,10802,0.05,no_leakage_v1_alpha005,gate_all_sources_proxy_source_only_final_training_only,mmd,,,,,merge_then_adapt,coral,near_nearest_proxy,final,0.0,0,0train,train,True,0.4399278455224358,3.0,direct,0.0657591730405959,0.03605769988852416,0.0975702394619326
7,bnci004,MMP_merge_then_adapt,CSP,svm_radial,coral,7,3,3,10802,0.05,no_leakage_v1_alpha005,gate_all_sources_proxy_source_only_final_training_only,mmd,,,,,merge_then_adapt,coral,near_nearest_proxy,main,1.0,1,1train,near,False,0.2723522079940166,3.0,direct,0.10622076137293329,0.07538005995427255,0.13797563577694025
7,bnci004,MMP_merge_then_adapt,CSP,svm_radial,coral,7,3,3,10802,0.05,no_leakage_v1_alpha005,gate_all_sources_proxy_source_only_final_training_only,mmd,,,,,merge_then_adapt,coral,near_nearest_proxy,anchor,1.0,1,1train,proxy_source,False,0.48628057263098007,3.0,direct,0.10622076137293329,0.07538005995427255,0.13797563577694025
7,bnci004,MMP_merge_then_adapt,CSP,svm_radial,coral,7,3,3,10802,0.05,no_leakage_v1_alpha005,gate_all_sources_proxy_source_only_final_training_only,mmd,,,,,merge_then_adapt,coral,near_nearest_proxy,final,1.0,1,1train,train,False,0.2723522079940166,3.0,direct,0.10622076137293329,0.07538005995427255,0.13797563577694025
7,bnci004,MMP_merge_then_adapt,CSP,svm_radial,coral,7,3,3,10802,0.05,no_leakage_v1_alpha005,gate_all_sources_proxy_source_only_final_training_only,mmd,,,,,merge_then_adapt,coral,near_nearest_proxy,main,2.0,2,2train,near,False,0.2877199464835476,3.0,direct,0.100547229625735,0.07415242825086586,0.13353510850081673
7,bnci004,MMP_merge_then_adapt,CSP,svm_radial,coral,7,3,3,10802,0.05,no_leakage_v1_alpha005,gate_all_sources_proxy_source_only_final_training_only,mmd,,,,,merge_then_adapt,coral,near_nearest_proxy,anchor,2.0,2,2train,proxy_source,False,0.51371942736902,3.0,direct,0.100547229625735,0.07415242825086586,0.13353510850081673
7,bnci004,MMP_merge_then_adapt,CSP,svm_radial,coral,7,3,3,10802,0.05,no_leakage_v1_alpha005,gate_all_sources_proxy_source_only_final_training_only,mmd,,,,,merge_then_adapt,coral,near_nearest_proxy,final,2.0,2,2train,train,False,0.2877199464835476,3.0,direct,0.100547229625735,0.07415242825086586,0.13353510850081673
7,bnci004,MMP_merge_then_adapt,CSP,svm_radial,coral,7,3,3,10802,0.05,no_leakage_v1_alpha005,gate_all_sources_proxy_source_only_final_training_only,mmd,,,,,merge_then_adapt,coral,near_nearest_proxy,main,3.0,4,4test,far,False,,3.0,direct,0.15081430362229203,0.10146020648006805,0.20378992750449648
7,bnci004,MMP_merge_then_adapt,CSP,svm_radial,coral,7,3,3,10802,0.05,no_leakage_v1_alpha005,gate_all_sources_proxy_source_only_final_training_only,mmd,,,,,merge_then_adapt,coral,near_nearest_proxy,anchor,3.0,4,4test,not_used,False,,3.0,direct,0.15081430362229203,0.10146020648006805,0.20378992750449648
7,bnci004,MMP_merge_then_adapt,CSP,svm_radial,coral,7,3,3,10802,0.05,no_leakage_v1_alpha005,gate_all_sources_proxy_source_only_final_training_only,mmd,,,,,merge_then_adapt,coral,near_nearest_proxy,final,3.0,4,4test,not_used,False,,3.0,direct,0.15081430362229203,0.10146020648006805,0.20378992750449648
7,bnci004,MMP_merge_then_adapt,CSP,svm_radial,coral,7,3,3,10802,0.05,no_leakage_v1_alpha005,gate_all_sources_proxy_source_only_final_training_only,mmd,,,,,merge_then_adapt,coral,near_nearest_proxy,main,,3,3test,target,False,,,,,,
7,bnci004,MMP_merge_then_adapt,CSP,svm_radial,coral,7,3,3,10802,0.05,no_leakage_v1_alpha005,gate_all_sources_proxy_source_only_final_training_only,mmd,,,,,merge_then_adapt,coral,near_nearest_proxy,final,,3,3test,target,False,,,,,,
7,bnci004,MMP_merge_then_adapt,CSP,svm_radial,coral,7,4,4,10833,0.05,no_leakage_v1_alpha005,gate_all_sources_proxy_source_only_final_training_only,mmd,,,,,merge_then_adapt,coral,near_nearest_proxy,main,0.0,0,0train,nearest,True,0.6189625287008187,4.0,direct,0.0765792642018199,0.04781983588118106,0.10771384545970092
7,bnci004,MMP_merge_then_adapt,CSP,svm_radial,coral,7,4,4,10833,0.05,no_leakage_v1_alpha005,gate_all_sources_proxy_source_only_final_training_only,mmd,,,,,merge_then_adapt,coral,near_nearest_proxy,anchor,0.0,0,0train,target,False,,4.0,direct,0.0765792642018199,0.04781983588118106,0.10771384545970092
7,bnci004,MMP_merge_then_adapt,CSP,svm_radial,coral,7,4,4,10833,0.05,no_leakage_v1_alpha005,gate_all_sources_proxy_source_only_final_training_only,mmd,,,,,merge_then_adapt,coral,near_nearest_proxy,final,0.0,0,0train,train,True,0.6189625287008187,4.0,direct,0.0765792642018199,0.04781983588118106,0.10771384545970092
7,bnci004,MMP_merge_then_adapt,CSP,svm_radial,coral,7,4,4,10833,0.05,no_leakage_v1_alpha005,gate_all_sources_proxy_source_only_final_training_only,mmd,,,,,merge_then_adapt,coral,near_nearest_proxy,main,1.0,1,1train,far,False,,4.0,direct,0.19418206533665658,0.1551974919583414,0.24666711618680628
7,bnci004,MMP_merge_then_adapt,CSP,svm_radial,coral,7,4,4,10833,0.05,no_leakage_v1_alpha005,gate_all_sources_proxy_source_only_final_training_only,mmd,,,,,merge_then_adapt,coral,near_nearest_proxy,anchor,1.0,1,1train,not_used,False,,4.0,direct,0.19418206533665658,0.1551974919583414,0.24666711618680628
7,bnci004,MMP_merge_then_adapt,CSP,svm_radial,coral,7,4,4,10833,0.05,no_leakage_v1_alpha005,gate_all_sources_proxy_source_only_final_training_only,mmd,,,,,merge_then_adapt,coral,near_nearest_proxy,final,1.0,1,1train,not_used,False,,4.0,direct,0.19418206533665658,0.1551974919583414,0.24666711618680628
7,bnci004,MMP_merge_then_adapt,CSP,svm_radial,coral,7,4,4,10833,0.05,no_leakage_v1_alpha005,gate_all_sources_proxy_source_only_final_training_only,mmd,,,,,merge_then_adapt,coral,near_nearest_proxy,main,2.0,2,2train,far,False,,4.0,direct,0.2307996269515594,0.1798523099391225,0.26971332541307325
7,bnci004,MMP_merge_then_adapt,CSP,svm_radial,coral,7,4,4,10833,0.05,no_leakage_v1_alpha005,gate_all_sources_proxy_source_only_final_training_only,mmd,,,,,merge_then_adapt,coral,near_nearest_proxy,anchor,2.0,2,2train,not_used,False,,4.0,direct,0.2307996269515594,0.1798523099391225,0.26971332541307325
7,bnci004,MMP_merge_then_adapt,CSP,svm_radial,coral,7,4,4,10833,0.05,no_leakage_v1_alpha005,gate_all_sources_proxy_source_only_final_training_only,mmd,,,,,merge_then_adapt,coral,near_nearest_proxy,final,2.0,2,2train,not_used,False,,4.0,direct,0.2307996269515594,0.1798523099391225,0.26971332541307325
7,bnci004,MMP_merge_then_adapt,CSP,svm_radial,coral,7,4,4,10833,0.05,no_leakage_v1_alpha005,gate_all_sources_proxy_source_only_final_training_only,mmd,,,,,merge_then_adapt,coral,near_nearest_proxy,main,3.0,3,3test,near,False,0.38103747129918125,4.0,direct,0.124397038380109,0.08750318496834836,0.1567576070172224
7,bnci004,MMP_merge_then_adapt,CSP,svm_radial,coral,7,4,4,10833,0.05,no_leakage_v1_alpha005,gate_all_sources_proxy_source_only_final_training_only,mmd,,,,,merge_then_adapt,coral,near_nearest_proxy,anchor,3.0,3,3test,proxy_source,False,1.0,4.0,direct,0.124397038380109,0.08750318496834836,0.1567576070172224
7,bnci004,MMP_merge_then_adapt,CSP,svm_radial,coral,7,4,4,10833,0.05,no_leakage_v1_alpha005,gate_all_sources_proxy_source_only_final_training_only,mmd,,,,,merge_then_adapt,coral,near_nearest_proxy,final,3.0,3,3test,train,False,0.38103747129918125,4.0,direct,0.124397038380109,0.08750318496834836,0.1567576070172224
7,bnci004,MMP_merge_then_adapt,CSP,svm_radial,coral,7,4,4,10833,0.05,no_leakage_v1_alpha005,gate_all_sources_proxy_source_only_final_training_only,mmd,,,,,merge_then_adapt,coral,near_nearest_proxy,main,,4,4test,target,False,,,,,,
7,bnci004,MMP_merge_then_adapt,CSP,svm_radial,coral,7,4,4,10833,0.05,no_leakage_v1_alpha005,gate_all_sources_proxy_source_only_final_training_only,mmd,,,,,merge_then_adapt,coral,near_nearest_proxy,final,,4,4test,target,False,,,,,,
7,bnci004,MMP_merge_then_adapt,logvar,lda,none,8,0,0,11706,0.05,no_leakage_v1_alpha005,gate_all_sources_proxy_source_only_final_training_only,mmd,,,,,merge_then_adapt,coral,near_nearest_proxy,main,0.0,1,1train,near,False,0.21258751016074273,0.0,direct,0.1197347930478882,0.08347479352782321,0.15725141227779063
7,bnci004,MMP_merge_then_adapt,logvar,lda,none,8,0,0,11706,0.05,no_leakage_v1_alpha005,gate_all_sources_proxy_source_only_final_training_only,mmd,,,,,merge_then_adapt,coral,near_nearest_proxy,anchor,0.0,1,1train,proxy_source,False,0.4190136165992004,0.0,direct,0.1197347930478882,0.08347479352782321,0.15725141227779063
7,bnci004,MMP_merge_then_adapt,logvar,lda,none,8,0,0,11706,0.05,no_leakage_v1_alpha005,gate_all_sources_proxy_source_only_final_training_only,mmd,,,,,merge_then_adapt,coral,near_nearest_proxy,final,0.0,1,1train,train,False,0.21258751016074273,0.0,direct,0.1197347930478882,0.08347479352782321,0.15725141227779063
7,bnci004,MMP_merge_then_adapt,logvar,lda,none,8,0,0,11706,0.05,no_leakage_v1_alpha005,gate_all_sources_proxy_source_only_final_training_only,mmd,,,,,merge_then_adapt,coral,near_nearest_proxy,main,1.0,2,2train,far,False,,0.0,direct,0.13494106244865253,0.09475576519916705,0.1757621815226203
7,bnci004,MMP_merge_then_adapt,logvar,lda,none,8,0,0,11706,0.05,no_leakage_v1_alpha005,gate_all_sources_proxy_source_only_final_training_only,mmd,,,,,merge_then_adapt,coral,near_nearest_proxy,anchor,1.0,2,2train,not_used,False,,0.0,direct,0.13494106244865253,0.09475576519916705,0.1757621815226203
7,bnci004,MMP_merge_then_adapt,logvar,lda,none,8,0,0,11706,0.05,no_leakage_v1_alpha005,gate_all_sources_proxy_source_only_final_training_only,mmd,,,,,merge_then_adapt,coral,near_nearest_proxy,final,1.0,2,2train,not_used,False,,0.0,direct,0.13494106244865253,0.09475576519916705,0.1757621815226203
7,bnci004,MMP_merge_then_adapt,logvar,lda,none,8,0,0,11706,0.05,no_leakage_v1_alpha005,gate_all_sources_proxy_source_only_final_training_only,mmd,,,,,merge_then_adapt,coral,near_nearest_proxy,main,2.0,3,3test,nearest,True,0.4926477285245618,0.0,direct,0.05166742887392599,0.028433546804675084,0.08370945856525867
7,bnci004,MMP_merge_then_adapt,logvar,lda,none,8,0,0,11706,0.05,no_leakage_v1_alpha005,gate_all_sources_proxy_source_only_final_training_only,mmd,,,,,merge_then_adapt,coral,near_nearest_proxy,anchor,2.0,3,3test,target,False,,0.0,direct,0.05166742887392599,0.028433546804675084,0.08370945856525867
7,bnci004,MMP_merge_then_adapt,logvar,lda,none,8,0,0,11706,0.05,no_leakage_v1_alpha005,gate_all_sources_proxy_source_only_final_training_only,mmd,,,,,merge_then_adapt,coral,near_nearest_proxy,final,2.0,3,3test,train,True,0.4926477285245618,0.0,direct,0.05166742887392599,0.028433546804675084,0.08370945856525867
7,bnci004,MMP_merge_then_adapt,logvar,lda,none,8,0,0,11706,0.05,no_leakage_v1_alpha005,gate_all_sources_proxy_source_only_final_training_only,mmd,,,,,merge_then_adapt,coral,near_nearest_proxy,main,3.0,4,4test,near,False,0.2947647613146956,0.0,direct,0.08635373931022937,0.05100663694605863,0.12658729520696063
7,bnci004,MMP_merge_then_adapt,logvar,lda,none,8,0,0,11706,0.05,no_leakage_v1_alpha005,gate_all_sources_proxy_source_only_final_training_only,mmd,,,,,merge_then_adapt,coral,near_nearest_proxy,anchor,3.0,4,4test,proxy_source,False,0.5809863834007997,0.0,direct,0.08635373931022937,0.05100663694605863,0.12658729520696063
7,bnci004,MMP_merge_then_adapt,logvar,lda,none,8,0,0,11706,0.05,no_leakage_v1_alpha005,gate_all_sources_proxy_source_only_final_training_only,mmd,,,,,merge_then_adapt,coral,near_nearest_proxy,final,3.0,4,4test,train,False,0.2947647613146956,0.0,direct,0.08635373931022937,0.05100663694605863,0.12658729520696063
7,bnci004,MMP_merge_then_adapt,logvar,lda,none,8,0,0,11706,0.05,no_leakage_v1_alpha005,gate_all_sources_proxy_source_only_final_training_only,mmd,,,,,merge_then_adapt,coral,near_nearest_proxy,main,,0,0train,target,False,,,,,,
7,bnci004,MMP_merge_then_adapt,logvar,lda,none,8,0,0,11706,0.05,no_leakage_v1_alpha005,gate_all_sources_proxy_source_only_final_training_only,mmd,,,,,merge_then_adapt,coral,near_nearest_proxy,final,,0,0train,target,False,,,,,,
7,bnci004,MMP_merge_then_adapt,logvar,lda,none,8,1,1,11737,0.05,no_leakage_v1_alpha005,gate_all_sources_proxy_source_only_final_training_only,mmd,,,,,merge_then_adapt,coral,near_nearest_proxy,main,0.0,0,0train,nearest,True,0.3704794799281353,1.0,direct,0.13745725438026377,0.0961307485913808,0.18985128095372658
7,bnci004,MMP_merge_then_adapt,logvar,lda,none,8,1,1,11737,0.05,no_leakage_v1_alpha005,gate_all_sources_proxy_source_only_final_training_only,mmd,,,,,merge_then_adapt,coral,near_nearest_proxy,anchor,0.0,0,0train,target,False,,1.0,direct,0.13745725438026377,0.0961307485913808,0.18985128095372658
7,bnci004,MMP_merge_then_adapt,logvar,lda,none,8,1,1,11737,0.05,no_leakage_v1_alpha005,gate_all_sources_proxy_source_only_final_training_only,mmd,,,,,merge_then_adapt,coral,near_nearest_proxy,final,0.0,0,0train,train,True,0.3704794799281353,1.0,direct,0.13745725438026377,0.0961307485913808,0.18985128095372658
7,bnci004,MMP_merge_then_adapt,logvar,lda,none,8,1,1,11737,0.05,no_leakage_v1_alpha005,gate_all_sources_proxy_source_only_final_training_only,mmd,,,,,merge_then_adapt,coral,near_nearest_proxy,main,1.0,2,2train,near,False,0.2686675078066809,1.0,direct,0.1895472747816038,0.13782549174153494,0.2534373054836338
7,bnci004,MMP_merge_then_adapt,logvar,lda,none,8,1,1,11737,0.05,no_leakage_v1_alpha005,gate_all_sources_proxy_source_only_final_training_only,mmd,,,,,merge_then_adapt,coral,near_nearest_proxy,anchor,1.0,2,2train,proxy_source,False,0.4267811758956012,1.0,direct,0.1895472747816038,0.13782549174153494,0.2534373054836338
7,bnci004,MMP_merge_then_adapt,logvar,lda,none,8,1,1,11737,0.05,no_leakage_v1_alpha005,gate_all_sources_proxy_source_only_final_training_only,mmd,,,,,merge_then_adapt,coral,near_nearest_proxy,final,1.0,2,2train,train,False,0.2686675078066809,1.0,direct,0.1895472747816038,0.13782549174153494,0.2534373054836338
7,bnci004,MMP_merge_then_adapt,logvar,lda,none,8,1,1,11737,0.05,no_leakage_v1_alpha005,gate_all_sources_proxy_source_only_final_training_only,mmd,,,,,merge_then_adapt,coral,near_nearest_proxy,main,2.0,3,3test,near,False,0.3608530122651839,1.0,direct,0.14112422512963063,0.0946096459069738,0.18963459638249755
7,bnci004,MMP_merge_then_adapt,logvar,lda,none,8,1,1,11737,0.05,no_leakage_v1_alpha005,gate_all_sources_proxy_source_only_final_training_only,mmd,,,,,merge_then_adapt,coral,near_nearest_proxy,anchor,2.0,3,3test,proxy_source,False,0.5732188241043987,1.0,direct,0.14112422512963063,0.0946096459069738,0.18963459638249755
7,bnci004,MMP_merge_then_adapt,logvar,lda,none,8,1,1,11737,0.05,no_leakage_v1_alpha005,gate_all_sources_proxy_source_only_final_training_only,mmd,,,,,merge_then_adapt,coral,near_nearest_proxy,final,2.0,3,3test,train,False,0.3608530122651839,1.0,direct,0.14112422512963063,0.0946096459069738,0.18963459638249755
7,bnci004,MMP_merge_then_adapt,logvar,lda,none,8,1,1,11737,0.05,no_leakage_v1_alpha005,gate_all_sources_proxy_source_only_final_training_only,mmd,,,,,merge_then_adapt,coral,near_nearest_proxy,main,3.0,4,4test,far,False,,1.0,direct,0.25391439438013685,0.19529404246364782,0.3223056951690339
7,bnci004,MMP_merge_then_adapt,logvar,lda,none,8,1,1,11737,0.05,no_leakage_v1_alpha005,gate_all_sources_proxy_source_only_final_training_only,mmd,,,,,merge_then_adapt,coral,near_nearest_proxy,anchor,3.0,4,4test,not_used,False,,1.0,direct,0.25391439438013685,0.19529404246364782,0.3223056951690339
7,bnci004,MMP_merge_then_adapt,logvar,lda,none,8,1,1,11737,0.05,no_leakage_v1_alpha005,gate_all_sources_proxy_source_only_final_training_only,mmd,,,,,merge_then_adapt,coral,near_nearest_proxy,final,3.0,4,4test,not_used,False,,1.0,direct,0.25391439438013685,0.19529404246364782,0.3223056951690339
7,bnci004,MMP_merge_then_adapt,logvar,lda,none,8,1,1,11737,0.05,no_leakage_v1_alpha005,gate_all_sources_proxy_source_only_final_training_only,mmd,,,,,merge_then_adapt,coral,near_nearest_proxy,main,,1,1train,target,False,,,,,,
7,bnci004,MMP_merge_then_adapt,logvar,lda,none,8,1,1,11737,0.05,no_leakage_v1_alpha005,gate_all_sources_proxy_source_only_final_training_only,mmd,,,,,merge_then_adapt,coral,near_nearest_proxy,final,,1,1train,target,False,,,,,,
7,bnci004,MMP_merge_then_adapt,logvar,lda,none,8,2,2,11768,0.05,no_leakage_v1_alpha005,gate_all_sources_proxy_source_only_final_training_only,mmd,,,,,merge_then_adapt,coral,near_nearest_proxy,main,0.0,0,0train,near,False,0.37787501155317715,2.0,direct,0.1260216534916009,0.0974967919053846,0.16245481389235142
7,bnci004,MMP_merge_then_adapt,logvar,lda,none,8,2,2,11768,0.05,no_leakage_v1_alpha005,gate_all_sources_proxy_source_only_final_training_only,mmd,,,,,merge_then_adapt,coral,near_nearest_proxy,anchor,0.0,0,0train,proxy_source,False,1.0,2.0,direct,0.1260216534916009,0.0974967919053846,0.16245481389235142
7,bnci004,MMP_merge_then_adapt,logvar,lda,none,8,2,2,11768,0.05,no_leakage_v1_alpha005,gate_all_sources_proxy_source_only_final_training_only,mmd,,,,,merge_then_adapt,coral,near_nearest_proxy,final,0.0,0,0train,train,False,0.37787501155317715,2.0,direct,0.1260216534916009,0.0974967919053846,0.16245481389235142
7,bnci004,MMP_merge_then_adapt,logvar,lda,none,8,2,2,11768,0.05,no_leakage_v1_alpha005,gate_all_sources_proxy_source_only_final_training_only,mmd,,,,,merge_then_adapt,coral,near_nearest_proxy,main,1.0,1,1train,far,False,,2.0,direct,0.1543180691651076,0.12038350877089556,0.19099563173824485
7,bnci004,MMP_merge_then_adapt,logvar,lda,none,8,2,2,11768,0.05,no_leakage_v1_alpha005,gate_all_sources_proxy_source_only_final_training_only,mmd,,,,,merge_then_adapt,coral,near_nearest_proxy,anchor,1.0,1,1train,not_used,False,,2.0,direct,0.1543180691651076,0.12038350877089556,0.19099563173824485
7,bnci004,MMP_merge_then_adapt,logvar,lda,none,8,2,2,11768,0.05,no_leakage_v1_alpha005,gate_all_sources_proxy_source_only_final_training_only,mmd,,,,,merge_then_adapt,coral,near_nearest_proxy,final,1.0,1,1train,not_used,False,,2.0,direct,0.1543180691651076,0.12038350877089556,0.19099563173824485
7,bnci004,MMP_merge_then_adapt,logvar,lda,none,8,2,2,11768,0.05,no_leakage_v1_alpha005,gate_all_sources_proxy_source_only_final_training_only,mmd,,,,,merge_then_adapt,coral,near_nearest_proxy,main,2.0,3,3test,nearest,True,0.6221249884468228,2.0,direct,0.07654440892657167,0.05247796609452149,0.10072328651985937
7,bnci004,MMP_merge_then_adapt,logvar,lda,none,8,2,2,11768,0.05,no_leakage_v1_alpha005,gate_all_sources_proxy_source_only_final_training_only,mmd,,,,,merge_then_adapt,coral,near_nearest_proxy,anchor,2.0,3,3test,target,False,,2.0,direct,0.07654440892657167,0.05247796609452149,0.10072328651985937
7,bnci004,MMP_merge_then_adapt,logvar,lda,none,8,2,2,11768,0.05,no_leakage_v1_alpha005,gate_all_sources_proxy_source_only_final_training_only,mmd,,,,,merge_then_adapt,coral,near_nearest_proxy,final,2.0,3,3test,train,True,0.6221249884468228,2.0,direct,0.07654440892657167,0.05247796609452149,0.10072328651985937
7,bnci004,MMP_merge_then_adapt,logvar,lda,none,8,2,2,11768,0.05,no_leakage_v1_alpha005,gate_all_sources_proxy_source_only_final_training_only,mmd,,,,,merge_then_adapt,coral,near_nearest_proxy,main,3.0,4,4test,far,False,,2.0,direct,0.1781239499830145,0.13532988265564982,0.22289611413152152
7,bnci004,MMP_merge_then_adapt,logvar,lda,none,8,2,2,11768,0.05,no_leakage_v1_alpha005,gate_all_sources_proxy_source_only_final_training_only,mmd,,,,,merge_then_adapt,coral,near_nearest_proxy,anchor,3.0,4,4test,not_used,False,,2.0,direct,0.1781239499830145,0.13532988265564982,0.22289611413152152
7,bnci004,MMP_merge_then_adapt,logvar,lda,none,8,2,2,11768,0.05,no_leakage_v1_alpha005,gate_all_sources_proxy_source_only_final_training_only,mmd,,,,,merge_then_adapt,coral,near_nearest_proxy,final,3.0,4,4test,not_used,False,,2.0,direct,0.1781239499830145,0.13532988265564982,0.22289611413152152
7,bnci004,MMP_merge_then_adapt,logvar,lda,none,8,2,2,11768,0.05,no_leakage_v1_alpha005,gate_all_sources_proxy_source_only_final_training_only,mmd,,,,,merge_then_adapt,coral,near_nearest_proxy,main,,2,2train,target,False,,,,,,
7,bnci004,MMP_merge_then_adapt,logvar,lda,none,8,2,2,11768,0.05,no_leakage_v1_alpha005,gate_all_sources_proxy_source_only_final_training_only,mmd,,,,,merge_then_adapt,coral,near_nearest_proxy,final,,2,2train,target,False,,,,,,
7,bnci004,MMP_merge_then_adapt,logvar,lda,none,8,3,3,11799,0.05,no_leakage_v1_alpha005,gate_all_sources_proxy_source_only_final_training_only,mmd,,,,,merge_then_adapt,coral,near_nearest_proxy,main,0.0,0,0train,nearest,True,0.3815721764528823,3.0,direct,0.0601290471678859,0.030900444148922002,0.10528705206503322
7,bnci004,MMP_merge_then_adapt,logvar,lda,none,8,3,3,11799,0.05,no_leakage_v1_alpha005,gate_all_sources_proxy_source_only_final_training_only,mmd,,,,,merge_then_adapt,coral,near_nearest_proxy,anchor,0.0,0,0train,target,False,,3.0,direct,0.0601290471678859,0.030900444148922002,0.10528705206503322
7,bnci004,MMP_merge_then_adapt,logvar,lda,none,8,3,3,11799,0.05,no_leakage_v1_alpha005,gate_all_sources_proxy_source_only_final_training_only,mmd,,,,,merge_then_adapt,coral,near_nearest_proxy,final,0.0,0,0train,train,True,0.3815721764528823,3.0,direct,0.0601290471678859,0.030900444148922002,0.10528705206503322
7,bnci004,MMP_merge_then_adapt,logvar,lda,none,8,3,3,11799,0.05,no_leakage_v1_alpha005,gate_all_sources_proxy_source_only_final_training_only,mmd,,,,,merge_then_adapt,coral,near_nearest_proxy,main,1.0,1,1train,near,False,0.2413204429669479,3.0,direct,0.0950757066642886,0.06614490828339654,0.1280520377233876
7,bnci004,MMP_merge_then_adapt,logvar,lda,none,8,3,3,11799,0.05,no_leakage_v1_alpha005,gate_all_sources_proxy_source_only_final_training_only,mmd,,,,,merge_then_adapt,coral,near_nearest_proxy,anchor,1.0,1,1train,proxy_source,False,0.3902160183912906,3.0,direct,0.0950757066642886,0.06614490828339654,0.1280520377233876
7,bnci004,MMP_merge_then_adapt,logvar,lda,none,8,3,3,11799,0.05,no_leakage_v1_alpha005,gate_all_sources_proxy_source_only_final_training_only,mmd,,,,,merge_then_adapt,coral,near_nearest_proxy,final,1.0,1,1train,train,False,0.2413204429669479,3.0,direct,0.0950757066642886,0.06614490828339654,0.1280520377233876
7,bnci004,MMP_merge_then_adapt,logvar,lda,none,8,3,3,11799,0.05,no_leakage_v1_alpha005,gate_all_sources_proxy_source_only_final_training_only,mmd,,,,,merge_then_adapt,coral,near_nearest_proxy,main,2.0,2,2train,near,False,0.3771073805801698,3.0,direct,0.06084096212963539,0.04002007332501663,0.08511454280008593
7,bnci004,MMP_merge_then_adapt,logvar,lda,none,8,3,3,11799,0.05,no_leakage_v1_alpha005,gate_all_sources_proxy_source_only_final_training_only,mmd,,,,,merge_then_adapt,coral,near_nearest_proxy,anchor,2.0,2,2train,proxy_source,False,0.6097839816087094,3.0,direct,0.06084096212963539,0.04002007332501663,0.08511454280008593
7,bnci004,MMP_merge_then_adapt,logvar,lda,none,8,3,3,11799,0.05,no_leakage_v1_alpha005,gate_all_sources_proxy_source_only_final_training_only,mmd,,,,,merge_then_adapt,coral,near_nearest_proxy,final,2.0,2,2train,train,False,0.3771073805801698,3.0,direct,0.06084096212963539,0.04002007332501663,0.08511454280008593
7,bnci004,MMP_merge_then_adapt,logvar,lda,none,8,3,3,11799,0.05,no_leakage_v1_alpha005,gate_all_sources_proxy_source_only_final_training_only,mmd,,,,,merge_then_adapt,coral,near_nearest_proxy,main,3.0,4,4test,far,False,,3.0,direct,0.1762710680427757,0.11308036881112825,0.23145704655480648
7,bnci004,MMP_merge_then_adapt,logvar,lda,none,8,3,3,11799,0.05,no_leakage_v1_alpha005,gate_all_sources_proxy_source_only_final_training_only,mmd,,,,,merge_then_adapt,coral,near_nearest_proxy,anchor,3.0,4,4test,not_used,False,,3.0,direct,0.1762710680427757,0.11308036881112825,0.23145704655480648
7,bnci004,MMP_merge_then_adapt,logvar,lda,none,8,3,3,11799,0.05,no_leakage_v1_alpha005,gate_all_sources_proxy_source_only_final_training_only,mmd,,,,,merge_then_adapt,coral,near_nearest_proxy,final,3.0,4,4test,not_used,False,,3.0,direct,0.1762710680427757,0.11308036881112825,0.23145704655480648
7,bnci004,MMP_merge_then_adapt,logvar,lda,none,8,3,3,11799,0.05,no_leakage_v1_alpha005,gate_all_sources_proxy_source_only_final_training_only,mmd,,,,,merge_then_adapt,coral,near_nearest_proxy,main,,3,3test,target,False,,,,,,
7,bnci004,MMP_merge_then_adapt,logvar,lda,none,8,3,3,11799,0.05,no_leakage_v1_alpha005,gate_all_sources_proxy_source_only_final_training_only,mmd,,,,,merge_then_adapt,coral,near_nearest_proxy,final,,3,3test,target,False,,,,,,
7,bnci004,MMP_merge_then_adapt,logvar,lda,none,8,4,4,11830,0.05,no_leakage_v1_alpha005,gate_all_sources_proxy_source_only_final_training_only,mmd,,,,,merge_then_adapt,coral,near_nearest_proxy,main,0.0,0,0train,nearest,True,0.6573230556341738,4.0,direct,0.075199555888528,0.0474562879877451,0.11048883170631094
7,bnci004,MMP_merge_then_adapt,logvar,lda,none,8,4,4,11830,0.05,no_leakage_v1_alpha005,gate_all_sources_proxy_source_only_final_training_only,mmd,,,,,merge_then_adapt,coral,near_nearest_proxy,anchor,0.0,0,0train,target,False,,4.0,direct,0.075199555888528,0.0474562879877451,0.11048883170631094
7,bnci004,MMP_merge_then_adapt,logvar,lda,none,8,4,4,11830,0.05,no_leakage_v1_alpha005,gate_all_sources_proxy_source_only_final_training_only,mmd,,,,,merge_then_adapt,coral,near_nearest_proxy,final,0.0,0,0train,train,True,0.6573230556341738,4.0,direct,0.075199555888528,0.0474562879877451,0.11048883170631094
7,bnci004,MMP_merge_then_adapt,logvar,lda,none,8,4,4,11830,0.05,no_leakage_v1_alpha005,gate_all_sources_proxy_source_only_final_training_only,mmd,,,,,merge_then_adapt,coral,near_nearest_proxy,main,1.0,1,1train,far,False,,4.0,direct,0.23137505586364887,0.17788044190602595,0.28778699261154206
7,bnci004,MMP_merge_then_adapt,logvar,lda,none,8,4,4,11830,0.05,no_leakage_v1_alpha005,gate_all_sources_proxy_source_only_final_training_only,mmd,,,,,merge_then_adapt,coral,near_nearest_proxy,anchor,1.0,1,1train,not_used,False,,4.0,direct,0.23137505586364887,0.17788044190602595,0.28778699261154206
7,bnci004,MMP_merge_then_adapt,logvar,lda,none,8,4,4,11830,0.05,no_leakage_v1_alpha005,gate_all_sources_proxy_source_only_final_training_only,mmd,,,,,merge_then_adapt,coral,near_nearest_proxy,final,1.0,1,1train,not_used,False,,4.0,direct,0.23137505586364887,0.17788044190602595,0.28778699261154206
7,bnci004,MMP_merge_then_adapt,logvar,lda,none,8,4,4,11830,0.05,no_leakage_v1_alpha005,gate_all_sources_proxy_source_only_final_training_only,mmd,,,,,merge_then_adapt,coral,near_nearest_proxy,main,2.0,2,2train,far,False,,4.0,direct,0.22835270002000535,0.1798090102270378,0.2807983545801354
7,bnci004,MMP_merge_then_adapt,logvar,lda,none,8,4,4,11830,0.05,no_leakage_v1_alpha005,gate_all_sources_proxy_source_only_final_training_only,mmd,,,,,merge_then_adapt,coral,near_nearest_proxy,anchor,2.0,2,2train,not_used,False,,4.0,direct,0.22835270002000535,0.1798090102270378,0.2807983545801354
7,bnci004,MMP_merge_then_adapt,logvar,lda,none,8,4,4,11830,0.05,no_leakage_v1_alpha005,gate_all_sources_proxy_source_only_final_training_only,mmd,,,,,merge_then_adapt,coral,near_nearest_proxy,final,2.0,2,2train,not_used,False,,4.0,direct,0.22835270002000535,0.1798090102270378,0.2807983545801354
7,bnci004,MMP_merge_then_adapt,logvar,lda,none,8,4,4,11830,0.05,no_leakage_v1_alpha005,gate_all_sources_proxy_source_only_final_training_only,mmd,,,,,merge_then_adapt,coral,near_nearest_proxy,main,3.0,3,3test,near,False,0.34267694436582613,4.0,direct,0.14424873723725448,0.0981512743619105,0.2008373994566448
7,bnci004,MMP_merge_then_adapt,logvar,lda,none,8,4,4,11830,0.05,no_leakage_v1_alpha005,gate_all_sources_proxy_source_only_final_training_only,mmd,,,,,merge_then_adapt,coral,near_nearest_proxy,anchor,3.0,3,3test,proxy_source,False,1.0,4.0,direct,0.14424873723725448,0.0981512743619105,0.2008373994566448
7,bnci004,MMP_merge_then_adapt,logvar,lda,none,8,4,4,11830,0.05,no_leakage_v1_alpha005,gate_all_sources_proxy_source_only_final_training_only,mmd,,,,,merge_then_adapt,coral,near_nearest_proxy,final,3.0,3,3test,train,False,0.34267694436582613,4.0,direct,0.14424873723725448,0.0981512743619105,0.2008373994566448
7,bnci004,MMP_merge_then_adapt,logvar,lda,none,8,4,4,11830,0.05,no_leakage_v1_alpha005,gate_all_sources_proxy_source_only_final_training_only,mmd,,,,,merge_then_adapt,coral,near_nearest_proxy,main,,4,4test,target,False,,,,,,
7,bnci004,MMP_merge_then_adapt,logvar,lda,none,8,4,4,11830,0.05,no_leakage_v1_alpha005,gate_all_sources_proxy_source_only_final_training_only,mmd,,,,,merge_then_adapt,coral,near_nearest_proxy,final,,4,4test,target,False,,,,,,
7,bnci004,MMP_merge_then_adapt,logvar,lda,sa,9,0,0,12703,0.05,no_leakage_v1_alpha005,gate_all_sources_proxy_source_only_final_training_only,mmd,,,,,merge_then_adapt,coral,near_nearest_proxy,main,0.0,1,1train,near,False,0.209635711633377,0.0,direct,0.12284588384079291,0.08487133703564478,0.1692560481373149
7,bnci004,MMP_merge_then_adapt,logvar,lda,sa,9,0,0,12703,0.05,no_leakage_v1_alpha005,gate_all_sources_proxy_source_only_final_training_only,mmd,,,,,merge_then_adapt,coral,near_nearest_proxy,anchor,0.0,1,1train,proxy_source,False,0.4157594932585109,0.0,direct,0.12284588384079291,0.08487133703564478,0.1692560481373149
7,bnci004,MMP_merge_then_adapt,logvar,lda,sa,9,0,0,12703,0.05,no_leakage_v1_alpha005,gate_all_sources_proxy_source_only_final_training_only,mmd,,,,,merge_then_adapt,coral,near_nearest_proxy,final,0.0,1,1train,train,False,0.209635711633377,0.0,direct,0.12284588384079291,0.08487133703564478,0.1692560481373149
7,bnci004,MMP_merge_then_adapt,logvar,lda,sa,9,0,0,12703,0.05,no_leakage_v1_alpha005,gate_all_sources_proxy_source_only_final_training_only,mmd,,,,,merge_then_adapt,coral,near_nearest_proxy,main,1.0,2,2train,far,False,,0.0,direct,0.13871813157057658,0.1016113503761611,0.18142232205700612
7,bnci004,MMP_merge_then_adapt,logvar,lda,sa,9,0,0,12703,0.05,no_leakage_v1_alpha005,gate_all_sources_proxy_source_only_final_training_only,mmd,,,,,merge_then_adapt,coral,near_nearest_proxy,anchor,1.0,2,2train,not_used,False,,0.0,direct,0.13871813157057658,0.1016113503761611,0.18142232205700612
7,bnci004,MMP_merge_then_adapt,logvar,lda,sa,9,0,0,12703,0.05,no_leakage_v1_alpha005,gate_all_sources_proxy_source_only_final_training_only,mmd,,,,,merge_then_adapt,coral,near_nearest_proxy,final,1.0,2,2train,not_used,False,,0.0,direct,0.13871813157057658,0.1016113503761611,0.18142232205700612
7,bnci004,MMP_merge_then_adapt,logvar,lda,sa,9,0,0,12703,0.05,no_leakage_v1_alpha005,gate_all_sources_proxy_source_only_final_training_only,mmd,,,,,merge_then_adapt,coral,near_nearest_proxy,main,2.0,3,3test,nearest,True,0.49577648849251965,0.0,direct,0.051943968173487697,0.025680507973143255,0.08713596419086521
7,bnci004,MMP_merge_then_adapt,logvar,lda,sa,9,0,0,12703,0.05,no_leakage_v1_alpha005,gate_all_sources_proxy_source_only_final_training_only,mmd,,,,,merge_then_adapt,coral,near_nearest_proxy,anchor,2.0,3,3test,target,False,,0.0,direct,0.051943968173487697,0.025680507973143255,0.08713596419086521
7,bnci004,MMP_merge_then_adapt,logvar,lda,sa,9,0,0,12703,0.05,no_leakage_v1_alpha005,gate_all_sources_proxy_source_only_final_training_only,mmd,,,,,merge_then_adapt,coral,near_nearest_proxy,final,2.0,3,3test,train,True,0.49577648849251965,0.0,direct,0.051943968173487697,0.025680507973143255,0.08713596419086521
7,bnci004,MMP_merge_then_adapt,logvar,lda,sa,9,0,0,12703,0.05,no_leakage_v1_alpha005,gate_all_sources_proxy_source_only_final_training_only,mmd,,,,,merge_then_adapt,coral,near_nearest_proxy,main,3.0,4,4test,near,False,0.2945877998741034,0.0,direct,0.08741977549346376,0.05284101859439277,0.12690164283210587
7,bnci004,MMP_merge_then_adapt,logvar,lda,sa,9,0,0,12703,0.05,no_leakage_v1_alpha005,gate_all_sources_proxy_source_only_final_training_only,mmd,,,,,merge_then_adapt,coral,near_nearest_proxy,anchor,3.0,4,4test,proxy_source,False,0.5842405067414891,0.0,direct,0.08741977549346376,0.05284101859439277,0.12690164283210587
7,bnci004,MMP_merge_then_adapt,logvar,lda,sa,9,0,0,12703,0.05,no_leakage_v1_alpha005,gate_all_sources_proxy_source_only_final_training_only,mmd,,,,,merge_then_adapt,coral,near_nearest_proxy,final,3.0,4,4test,train,False,0.2945877998741034,0.0,direct,0.08741977549346376,0.05284101859439277,0.12690164283210587
7,bnci004,MMP_merge_then_adapt,logvar,lda,sa,9,0,0,12703,0.05,no_leakage_v1_alpha005,gate_all_sources_proxy_source_only_final_training_only,mmd,,,,,merge_then_adapt,coral,near_nearest_proxy,main,,0,0train,target,False,,,,,,
7,bnci004,MMP_merge_then_adapt,logvar,lda,sa,9,0,0,12703,0.05,no_leakage_v1_alpha005,gate_all_sources_proxy_source_only_final_training_only,mmd,,,,,merge_then_adapt,coral,near_nearest_proxy,final,,0,0train,target,False,,,,,,
7,bnci004,MMP_merge_then_adapt,logvar,lda,sa,9,1,1,12734,0.05,no_leakage_v1_alpha005,gate_all_sources_proxy_source_only_final_training_only,mmd,,,,,merge_then_adapt,coral,near_nearest_proxy,main,0.0,0,0train,nearest,True,0.37022729633865364,1.0,direct,0.13776333585465625,0.09460039388194676,0.19127773804505688
7,bnci004,MMP_merge_then_adapt,logvar,lda,sa,9,1,1,12734,0.05,no_leakage_v1_alpha005,gate_all_sources_proxy_source_only_final_training_only,mmd,,,,,merge_then_adapt,coral,near_nearest_proxy,anchor,0.0,0,0train,target,False,,1.0,direct,0.13776333585465625,0.09460039388194676,0.19127773804505688
7,bnci004,MMP_merge_then_adapt,logvar,lda,sa,9,1,1,12734,0.05,no_leakage_v1_alpha005,gate_all_sources_proxy_source_only_final_training_only,mmd,,,,,merge_then_adapt,coral,near_nearest_proxy,final,0.0,0,0train,train,True,0.37022729633865364,1.0,direct,0.13776333585465625,0.09460039388194676,0.19127773804505688
7,bnci004,MMP_merge_then_adapt,logvar,lda,sa,9,1,1,12734,0.05,no_leakage_v1_alpha005,gate_all_sources_proxy_source_only_final_training_only,mmd,,,,,merge_then_adapt,coral,near_nearest_proxy,main,1.0,2,2train,near,False,0.2721755182829058,1.0,direct,0.18739321501659348,0.13604775638962996,0.24013836898251917
7,bnci004,MMP_merge_then_adapt,logvar,lda,sa,9,1,1,12734,0.05,no_leakage_v1_alpha005,gate_all_sources_proxy_source_only_final_training_only,mmd,,,,,merge_then_adapt,coral,near_nearest_proxy,anchor,1.0,2,2train,proxy_source,False,0.43218055768461083,1.0,direct,0.18739321501659348,0.13604775638962996,0.24013836898251917
7,bnci004,MMP_merge_then_adapt,logvar,lda,sa,9,1,1,12734,0.05,no_leakage_v1_alpha005,gate_all_sources_proxy_source_only_final_training_only,mmd,,,,,merge_then_adapt,coral,near_nearest_proxy,final,1.0,2,2train,train,False,0.2721755182829058,1.0,direct,0.18739321501659348,0.13604775638962996,0.24013836898251917
7,bnci004,MMP_merge_then_adapt,logvar,lda,sa,9,1,1,12734,0.05,no_leakage_v1_alpha005,gate_all_sources_proxy_source_only_final_training_only,mmd,,,,,merge_then_adapt,coral,near_nearest_proxy,main,2.0,3,3test,near,False,0.35759718537844054,1.0,direct,0.1426290868150923,0.0952528171917233,0.19322703784077722
7,bnci004,MMP_merge_then_adapt,logvar,lda,sa,9,1,1,12734,0.05,no_leakage_v1_alpha005,gate_all_sources_proxy_source_only_final_training_only,mmd,,,,,merge_then_adapt,coral,near_nearest_proxy,anchor,2.0,3,3test,proxy_source,False,0.5678194423153892,1.0,direct,0.1426290868150923,0.0952528171917233,0.19322703784077722
7,bnci004,MMP_merge_then_adapt,logvar,lda,sa,9,1,1,12734,0.05,no_leakage_v1_alpha005,gate_all_sources_proxy_source_only_final_training_only,mmd,,,,,merge_then_adapt,coral,near_nearest_proxy,final,2.0,3,3test,train,False,0.35759718537844054,1.0,direct,0.1426290868150923,0.0952528171917233,0.19322703784077722
7,bnci004,MMP_merge_then_adapt,logvar,lda,sa,9,1,1,12734,0.05,no_leakage_v1_alpha005,gate_all_sources_proxy_source_only_final_training_only,mmd,,,,,merge_then_adapt,coral,near_nearest_proxy,main,3.0,4,4test,far,False,,1.0,direct,0.25011525920017563,0.1962548859554433,0.3179991536764964
7,bnci004,MMP_merge_then_adapt,logvar,lda,sa,9,1,1,12734,0.05,no_leakage_v1_alpha005,gate_all_sources_proxy_source_only_final_training_only,mmd,,,,,merge_then_adapt,coral,near_nearest_proxy,anchor,3.0,4,4test,not_used,False,,1.0,direct,0.25011525920017563,0.1962548859554433,0.3179991536764964
7,bnci004,MMP_merge_then_adapt,logvar,lda,sa,9,1,1,12734,0.05,no_leakage_v1_alpha005,gate_all_sources_proxy_source_only_final_training_only,mmd,,,,,merge_then_adapt,coral,near_nearest_proxy,final,3.0,4,4test,not_used,False,,1.0,direct,0.25011525920017563,0.1962548859554433,0.3179991536764964
7,bnci004,MMP_merge_then_adapt,logvar,lda,sa,9,1,1,12734,0.05,no_leakage_v1_alpha005,gate_all_sources_proxy_source_only_final_training_only,mmd,,,,,merge_then_adapt,coral,near_nearest_proxy,main,,1,1train,target,False,,,,,,
7,bnci004,MMP_merge_then_adapt,logvar,lda,sa,9,1,1,12734,0.05,no_leakage_v1_alpha005,gate_all_sources_proxy_source_only_final_training_only,mmd,,,,,merge_then_adapt,coral,near_nearest_proxy,final,,1,1train,target,False,,,,,,
7,bnci004,MMP_merge_then_adapt,logvar,lda,sa,9,2,2,12765,0.05,no_leakage_v1_alpha005,gate_all_sources_proxy_source_only_final_training_only,mmd,,,,,merge_then_adapt,coral,near_nearest_proxy,main,0.0,0,0train,near,False,0.38708138955704285,2.0,direct,0.12497894458847508,0.08731754970918482,0.1626213678616078
7,bnci004,MMP_merge_then_adapt,logvar,lda,sa,9,2,2,12765,0.05,no_leakage_v1_alpha005,gate_all_sources_proxy_source_only_final_training_only,mmd,,,,,merge_then_adapt,coral,near_nearest_proxy,anchor,0.0,0,0train,proxy_source,False,1.0,2.0,direct,0.12497894458847508,0.08731754970918482,0.1626213678616078
7,bnci004,MMP_merge_then_adapt,logvar,lda,sa,9,2,2,12765,0.05,no_leakage_v1_alpha005,gate_all_sources_proxy_source_only_final_training_only,mmd,,,,,merge_then_adapt,coral,near_nearest_proxy,final,0.0,0,0train,train,False,0.38708138955704285,2.0,direct,0.12497894458847508,0.08731754970918482,0.1626213678616078
7,bnci004,MMP_merge_then_adapt,logvar,lda,sa,9,2,2,12765,0.05,no_leakage_v1_alpha005,gate_all_sources_proxy_source_only_final_training_only,mmd,,,,,merge_then_adapt,coral,near_nearest_proxy,main,1.0,1,1train,far,False,,2.0,direct,0.15654175139165744,0.11689511534481689,0.20124624071016822
7,bnci004,MMP_merge_then_adapt,logvar,lda,sa,9,2,2,12765,0.05,no_leakage_v1_alpha005,gate_all_sources_proxy_source_only_final_training_only,mmd,,,,,merge_then_adapt,coral,near_nearest_proxy,anchor,1.0,1,1train,not_used,False,,2.0,direct,0.15654175139165744,0.11689511534481689,0.20124624071016822
7,bnci004,MMP_merge_then_adapt,logvar,lda,sa,9,2,2,12765,0.05,no_leakage_v1_alpha005,gate_all_sources_proxy_source_only_final_training_only,mmd,,,,,merge_then_adapt,coral,near_nearest_proxy,final,1.0,1,1train,not_used,False,,2.0,direct,0.15654175139165744,0.11689511534481689,0.20124624071016822
7,bnci004,MMP_merge_then_adapt,logvar,lda,sa,9,2,2,12765,0.05,no_leakage_v1_alpha005,gate_all_sources_proxy_source_only_final_training_only,mmd,,,,,merge_then_adapt,coral,near_nearest_proxy,main,2.0,3,3test,nearest,True,0.6129186104429573,2.0,direct,0.07892858346150841,0.05282489811630634,0.11127019851527192
7,bnci004,MMP_merge_then_adapt,logvar,lda,sa,9,2,2,12765,0.05,no_leakage_v1_alpha005,gate_all_sources_proxy_source_only_final_training_only,mmd,,,,,merge_then_adapt,coral,near_nearest_proxy,anchor,2.0,3,3test,target,False,,2.0,direct,0.07892858346150841,0.05282489811630634,0.11127019851527192
7,bnci004,MMP_merge_then_adapt,logvar,lda,sa,9,2,2,12765,0.05,no_leakage_v1_alpha005,gate_all_sources_proxy_source_only_final_training_only,mmd,,,,,merge_then_adapt,coral,near_nearest_proxy,final,2.0,3,3test,train,True,0.6129186104429573,2.0,direct,0.07892858346150841,0.05282489811630634,0.11127019851527192
7,bnci004,MMP_merge_then_adapt,logvar,lda,sa,9,2,2,12765,0.05,no_leakage_v1_alpha005,gate_all_sources_proxy_source_only_final_training_only,mmd,,,,,merge_then_adapt,coral,near_nearest_proxy,main,3.0,4,4test,far,False,,2.0,direct,0.1807886952437895,0.13471920151483774,0.22710198680273003
7,bnci004,MMP_merge_then_adapt,logvar,lda,sa,9,2,2,12765,0.05,no_leakage_v1_alpha005,gate_all_sources_proxy_source_only_final_training_only,mmd,,,,,merge_then_adapt,coral,near_nearest_proxy,anchor,3.0,4,4test,not_used,False,,2.0,direct,0.1807886952437895,0.13471920151483774,0.22710198680273003
7,bnci004,MMP_merge_then_adapt,logvar,lda,sa,9,2,2,12765,0.05,no_leakage_v1_alpha005,gate_all_sources_proxy_source_only_final_training_only,mmd,,,,,merge_then_adapt,coral,near_nearest_proxy,final,3.0,4,4test,not_used,False,,2.0,direct,0.1807886952437895,0.13471920151483774,0.22710198680273003
7,bnci004,MMP_merge_then_adapt,logvar,lda,sa,9,2,2,12765,0.05,no_leakage_v1_alpha005,gate_all_sources_proxy_source_only_final_training_only,mmd,,,,,merge_then_adapt,coral,near_nearest_proxy,main,,2,2train,target,False,,,,,,
7,bnci004,MMP_merge_then_adapt,logvar,lda,sa,9,2,2,12765,0.05,no_leakage_v1_alpha005,gate_all_sources_proxy_source_only_final_training_only,mmd,,,,,merge_then_adapt,coral,near_nearest_proxy,final,,2,2train,target,False,,,,,,
7,bnci004,MMP_merge_then_adapt,logvar,lda,sa,9,3,3,12796,0.05,no_leakage_v1_alpha005,gate_all_sources_proxy_source_only_final_training_only,mmd,,,,,merge_then_adapt,coral,near_nearest_proxy,main,0.0,0,0train,nearest,True,0.38508146614196387,3.0,direct,0.05934180830347831,0.029192870582660308,0.11075449737688291
7,bnci004,MMP_merge_then_adapt,logvar,lda,sa,9,3,3,12796,0.05,no_leakage_v1_alpha005,gate_all_sources_proxy_source_only_final_training_only,mmd,,,,,merge_then_adapt,coral,near_nearest_proxy,anchor,0.0,0,0train,target,False,,3.0,direct,0.05934180830347831,0.029192870582660308,0.11075449737688291
7,bnci004,MMP_merge_then_adapt,logvar,lda,sa,9,3,3,12796,0.05,no_leakage_v1_alpha005,gate_all_sources_proxy_source_only_final_training_only,mmd,,,,,merge_then_adapt,coral,near_nearest_proxy,final,0.0,0,0train,train,True,0.38508146614196387,3.0,direct,0.05934180830347831,0.029192870582660308,0.11075449737688291
7,bnci004,MMP_merge_then_adapt,logvar,lda,sa,9,3,3,12796,0.05,no_leakage_v1_alpha005,gate_all_sources_proxy_source_only_final_training_only,mmd,,,,,merge_then_adapt,coral,near_nearest_proxy,main,1.0,1,1train,near,False,0.2389085116147973,3.0,direct,0.09564990616499223,0.06541111158589119,0.12883983434992166
7,bnci004,MMP_merge_then_adapt,logvar,lda,sa,9,3,3,12796,0.05,no_leakage_v1_alpha005,gate_all_sources_proxy_source_only_final_training_only,mmd,,,,,merge_then_adapt,coral,near_nearest_proxy,anchor,1.0,1,1train,proxy_source,False,0.3885205900623466,3.0,direct,0.09564990616499223,0.06541111158589119,0.12883983434992166
7,bnci004,MMP_merge_then_adapt,logvar,lda,sa,9,3,3,12796,0.05,no_leakage_v1_alpha005,gate_all_sources_proxy_source_only_final_training_only,mmd,,,,,merge_then_adapt,coral,near_nearest_proxy,final,1.0,1,1train,train,False,0.2389085116147973,3.0,direct,0.09564990616499223,0.06541111158589119,0.12883983434992166
7,bnci004,MMP_merge_then_adapt,logvar,lda,sa,9,3,3,12796,0.05,no_leakage_v1_alpha005,gate_all_sources_proxy_source_only_final_training_only,mmd,,,,,merge_then_adapt,coral,near_nearest_proxy,main,2.0,2,2train,near,False,0.37601002224323893,3.0,direct,0.06077348545161972,0.039221112666947985,0.08957090045399517
7,bnci004,MMP_merge_then_adapt,logvar,lda,sa,9,3,3,12796,0.05,no_leakage_v1_alpha005,gate_all_sources_proxy_source_only_final_training_only,mmd,,,,,merge_then_adapt,coral,near_nearest_proxy,anchor,2.0,2,2train,proxy_source,False,0.6114794099376534,3.0,direct,0.06077348545161972,0.039221112666947985,0.08957090045399517
7,bnci004,MMP_merge_then_adapt,logvar,lda,sa,9,3,3,12796,0.05,no_leakage_v1_alpha005,gate_all_sources_proxy_source_only_final_training_only,mmd,,,,,merge_then_adapt,coral,near_nearest_proxy,final,2.0,2,2train,train,False,0.37601002224323893,3.0,direct,0.06077348545161972,0.039221112666947985,0.08957090045399517
7,bnci004,MMP_merge_then_adapt,logvar,lda,sa,9,3,3,12796,0.05,no_leakage_v1_alpha005,gate_all_sources_proxy_source_only_final_training_only,mmd,,,,,merge_then_adapt,coral,near_nearest_proxy,main,3.0,4,4test,far,False,,3.0,direct,0.1762163293186397,0.11814886178514349,0.23805623944514342
7,bnci004,MMP_merge_then_adapt,logvar,lda,sa,9,3,3,12796,0.05,no_leakage_v1_alpha005,gate_all_sources_proxy_source_only_final_training_only,mmd,,,,,merge_then_adapt,coral,near_nearest_proxy,anchor,3.0,4,4test,not_used,False,,3.0,direct,0.1762163293186397,0.11814886178514349,0.23805623944514342
7,bnci004,MMP_merge_then_adapt,logvar,lda,sa,9,3,3,12796,0.05,no_leakage_v1_alpha005,gate_all_sources_proxy_source_only_final_training_only,mmd,,,,,merge_then_adapt,coral,near_nearest_proxy,final,3.0,4,4test,not_used,False,,3.0,direct,0.1762163293186397,0.11814886178514349,0.23805623944514342
7,bnci004,MMP_merge_then_adapt,logvar,lda,sa,9,3,3,12796,0.05,no_leakage_v1_alpha005,gate_all_sources_proxy_source_only_final_training_only,mmd,,,,,merge_then_adapt,coral,near_nearest_proxy,main,,3,3test,target,False,,,,,,
7,bnci004,MMP_merge_then_adapt,logvar,lda,sa,9,3,3,12796,0.05,no_leakage_v1_alpha005,gate_all_sources_proxy_source_only_final_training_only,mmd,,,,,merge_then_adapt,coral,near_nearest_proxy,final,,3,3test,target,False,,,,,,
7,bnci004,MMP_merge_then_adapt,logvar,lda,sa,9,4,4,12827,0.05,no_leakage_v1_alpha005,gate_all_sources_proxy_source_only_final_training_only,mmd,,,,,merge_then_adapt,coral,near_nearest_proxy,main,0.0,0,0train,nearest,True,0.6552710060549298,4.0,direct,0.0774335641003297,0.05040324580747657,0.11425043430482218
7,bnci004,MMP_merge_then_adapt,logvar,lda,sa,9,4,4,12827,0.05,no_leakage_v1_alpha005,gate_all_sources_proxy_source_only_final_training_only,mmd,,,,,merge_then_adapt,coral,near_nearest_proxy,anchor,0.0,0,0train,target,False,,4.0,direct,0.0774335641003297,0.05040324580747657,0.11425043430482218
7,bnci004,MMP_merge_then_adapt,logvar,lda,sa,9,4,4,12827,0.05,no_leakage_v1_alpha005,gate_all_sources_proxy_source_only_final_training_only,mmd,,,,,merge_then_adapt,coral,near_nearest_proxy,final,0.0,0,0train,train,True,0.6552710060549298,4.0,direct,0.0774335641003297,0.05040324580747657,0.11425043430482218
7,bnci004,MMP_merge_then_adapt,logvar,lda,sa,9,4,4,12827,0.05,no_leakage_v1_alpha005,gate_all_sources_proxy_source_only_final_training_only,mmd,,,,,merge_then_adapt,coral,near_nearest_proxy,main,1.0,1,1train,far,False,,4.0,direct,0.23081422453587777,0.1869631155742568,0.2846947294570684
7,bnci004,MMP_merge_then_adapt,logvar,lda,sa,9,4,4,12827,0.05,no_leakage_v1_alpha005,gate_all_sources_proxy_source_only_final_training_only,mmd,,,,,merge_then_adapt,coral,near_nearest_proxy,anchor,1.0,1,1train,not_used,False,,4.0,direct,0.23081422453587777,0.1869631155742568,0.2846947294570684
7,bnci004,MMP_merge_then_adapt,logvar,lda,sa,9,4,4,12827,0.05,no_leakage_v1_alpha005,gate_all_sources_proxy_source_only_final_training_only,mmd,,,,,merge_then_adapt,coral,near_nearest_proxy,final,1.0,1,1train,not_used,False,,4.0,direct,0.23081422453587777,0.1869631155742568,0.2846947294570684
7,bnci004,MMP_merge_then_adapt,logvar,lda,sa,9,4,4,12827,0.05,no_leakage_v1_alpha005,gate_all_sources_proxy_source_only_final_training_only,mmd,,,,,merge_then_adapt,coral,near_nearest_proxy,main,2.0,2,2train,far,False,,4.0,direct,0.2287653222142923,0.17647869328866742,0.2804850822615879
7,bnci004,MMP_merge_then_adapt,logvar,lda,sa,9,4,4,12827,0.05,no_leakage_v1_alpha005,gate_all_sources_proxy_source_only_final_training_only,mmd,,,,,merge_then_adapt,coral,near_nearest_proxy,anchor,2.0,2,2train,not_used,False,,4.0,direct,0.2287653222142923,0.17647869328866742,0.2804850822615879
7,bnci004,MMP_merge_then_adapt,logvar,lda,sa,9,4,4,12827,0.05,no_leakage_v1_alpha005,gate_all_sources_proxy_source_only_final_training_only,mmd,,,,,merge_then_adapt,coral,near_nearest_proxy,final,2.0,2,2train,not_used,False,,4.0,direct,0.2287653222142923,0.17647869328866742,0.2804850822615879
7,bnci004,MMP_merge_then_adapt,logvar,lda,sa,9,4,4,12827,0.05,no_leakage_v1_alpha005,gate_all_sources_proxy_source_only_final_training_only,mmd,,,,,merge_then_adapt,coral,near_nearest_proxy,main,3.0,3,3test,near,False,0.3447289939450703,4.0,direct,0.14718889586797881,0.10132449421278725,0.2009231371146049
7,bnci004,MMP_merge_then_adapt,logvar,lda,sa,9,4,4,12827,0.05,no_leakage_v1_alpha005,gate_all_sources_proxy_source_only_final_training_only,mmd,,,,,merge_then_adapt,coral,near_nearest_proxy,anchor,3.0,3,3test,proxy_source,False,1.0,4.0,direct,0.14718889586797881,0.10132449421278725,0.2009231371146049
7,bnci004,MMP_merge_then_adapt,logvar,lda,sa,9,4,4,12827,0.05,no_leakage_v1_alpha005,gate_all_sources_proxy_source_only_final_training_only,mmd,,,,,merge_then_adapt,coral,near_nearest_proxy,final,3.0,3,3test,train,False,0.3447289939450703,4.0,direct,0.14718889586797881,0.10132449421278725,0.2009231371146049
7,bnci004,MMP_merge_then_adapt,logvar,lda,sa,9,4,4,12827,0.05,no_leakage_v1_alpha005,gate_all_sources_proxy_source_only_final_training_only,mmd,,,,,merge_then_adapt,coral,near_nearest_proxy,main,,4,4test,target,False,,,,,,
7,bnci004,MMP_merge_then_adapt,logvar,lda,sa,9,4,4,12827,0.05,no_leakage_v1_alpha005,gate_all_sources_proxy_source_only_final_training_only,mmd,,,,,merge_then_adapt,coral,near_nearest_proxy,final,,4,4test,target,False,,,,,,
7,bnci004,MMP_merge_then_adapt,logvar,lda,pt,10,0,0,13700,0.05,no_leakage_v1_alpha005,gate_all_sources_proxy_source_only_final_training_only,mmd,,,,,merge_then_adapt,coral,near_nearest_proxy,main,0.0,1,1train,far,False,,0.0,direct,0.12243585094034817,0.08483025627151268,0.16428398827725532
7,bnci004,MMP_merge_then_adapt,logvar,lda,pt,10,0,0,13700,0.05,no_leakage_v1_alpha005,gate_all_sources_proxy_source_only_final_training_only,mmd,,,,,merge_then_adapt,coral,near_nearest_proxy,anchor,0.0,1,1train,not_used,False,,0.0,direct,0.12243585094034817,0.08483025627151268,0.16428398827725532
7,bnci004,MMP_merge_then_adapt,logvar,lda,pt,10,0,0,13700,0.05,no_leakage_v1_alpha005,gate_all_sources_proxy_source_only_final_training_only,mmd,,,,,merge_then_adapt,coral,near_nearest_proxy,final,0.0,1,1train,not_used,False,,0.0,direct,0.12243585094034817,0.08483025627151268,0.16428398827725532
7,bnci004,MMP_merge_then_adapt,logvar,lda,pt,10,0,0,13700,0.05,no_leakage_v1_alpha005,gate_all_sources_proxy_source_only_final_training_only,mmd,,,,,merge_then_adapt,coral,near_nearest_proxy,main,1.0,2,2train,far,False,,0.0,direct,0.13542412478862675,0.10056252875411188,0.17659019093930228
7,bnci004,MMP_merge_then_adapt,logvar,lda,pt,10,0,0,13700,0.05,no_leakage_v1_alpha005,gate_all_sources_proxy_source_only_final_training_only,mmd,,,,,merge_then_adapt,coral,near_nearest_proxy,anchor,1.0,2,2train,not_used,False,,0.0,direct,0.13542412478862675,0.10056252875411188,0.17659019093930228
7,bnci004,MMP_merge_then_adapt,logvar,lda,pt,10,0,0,13700,0.05,no_leakage_v1_alpha005,gate_all_sources_proxy_source_only_final_training_only,mmd,,,,,merge_then_adapt,coral,near_nearest_proxy,final,1.0,2,2train,not_used,False,,0.0,direct,0.13542412478862675,0.10056252875411188,0.17659019093930228
7,bnci004,MMP_merge_then_adapt,logvar,lda,pt,10,0,0,13700,0.05,no_leakage_v1_alpha005,gate_all_sources_proxy_source_only_final_training_only,mmd,,,,,merge_then_adapt,coral,near_nearest_proxy,main,2.0,3,3test,nearest,True,0.6142914622217378,0.0,direct,0.052107974097146716,0.025939091169984243,0.08255913701648575
7,bnci004,MMP_merge_then_adapt,logvar,lda,pt,10,0,0,13700,0.05,no_leakage_v1_alpha005,gate_all_sources_proxy_source_only_final_training_only,mmd,,,,,merge_then_adapt,coral,near_nearest_proxy,anchor,2.0,3,3test,target,False,,0.0,direct,0.052107974097146716,0.025939091169984243,0.08255913701648575
7,bnci004,MMP_merge_then_adapt,logvar,lda,pt,10,0,0,13700,0.05,no_leakage_v1_alpha005,gate_all_sources_proxy_source_only_final_training_only,mmd,,,,,merge_then_adapt,coral,near_nearest_proxy,final,2.0,3,3test,train,True,0.6142914622217378,0.0,direct,0.052107974097146716,0.025939091169984243,0.08255913701648575
7,bnci004,MMP_merge_then_adapt,logvar,lda,pt,10,0,0,13700,0.05,no_leakage_v1_alpha005,gate_all_sources_proxy_source_only_final_training_only,mmd,,,,,merge_then_adapt,coral,near_nearest_proxy,main,3.0,4,4test,near,False,0.38570853777826225,0.0,direct,0.08298937941289497,0.04772274161730415,0.1259386654848855
7,bnci004,MMP_merge_then_adapt,logvar,lda,pt,10,0,0,13700,0.05,no_leakage_v1_alpha005,gate_all_sources_proxy_source_only_final_training_only,mmd,,,,,merge_then_adapt,coral,near_nearest_proxy,anchor,3.0,4,4test,proxy_source,False,1.0,0.0,direct,0.08298937941289497,0.04772274161730415,0.1259386654848855
7,bnci004,MMP_merge_then_adapt,logvar,lda,pt,10,0,0,13700,0.05,no_leakage_v1_alpha005,gate_all_sources_proxy_source_only_final_training_only,mmd,,,,,merge_then_adapt,coral,near_nearest_proxy,final,3.0,4,4test,train,False,0.38570853777826225,0.0,direct,0.08298937941289497,0.04772274161730415,0.1259386654848855
7,bnci004,MMP_merge_then_adapt,logvar,lda,pt,10,0,0,13700,0.05,no_leakage_v1_alpha005,gate_all_sources_proxy_source_only_final_training_only,mmd,,,,,merge_then_adapt,coral,near_nearest_proxy,main,,0,0train,target,False,,,,,,
7,bnci004,MMP_merge_then_adapt,logvar,lda,pt,10,0,0,13700,0.05,no_leakage_v1_alpha005,gate_all_sources_proxy_source_only_final_training_only,mmd,,,,,merge_then_adapt,coral,near_nearest_proxy,final,,0,0train,target,False,,,,,,
7,bnci004,MMP_merge_then_adapt,logvar,lda,pt,10,1,1,13731,0.05,no_leakage_v1_alpha005,gate_all_sources_proxy_source_only_final_training_only,mmd,,,,,merge_then_adapt,coral,near_nearest_proxy,main,0.0,0,0train,nearest,True,0.3695614631375789,1.0,direct,0.1375372893125192,0.09152680219291633,0.1901048525550088
7,bnci004,MMP_merge_then_adapt,logvar,lda,pt,10,1,1,13731,0.05,no_leakage_v1_alpha005,gate_all_sources_proxy_source_only_final_training_only,mmd,,,,,merge_then_adapt,coral,near_nearest_proxy,anchor,0.0,0,0train,target,False,,1.0,direct,0.1375372893125192,0.09152680219291633,0.1901048525550088
7,bnci004,MMP_merge_then_adapt,logvar,lda,pt,10,1,1,13731,0.05,no_leakage_v1_alpha005,gate_all_sources_proxy_source_only_final_training_only,mmd,,,,,merge_then_adapt,coral,near_nearest_proxy,final,0.0,0,0train,train,True,0.3695614631375789,1.0,direct,0.1375372893125192,0.09152680219291633,0.1901048525550088
7,bnci004,MMP_merge_then_adapt,logvar,lda,pt,10,1,1,13731,0.05,no_leakage_v1_alpha005,gate_all_sources_proxy_source_only_final_training_only,mmd,,,,,merge_then_adapt,coral,near_nearest_proxy,main,1.0,2,2train,near,False,0.2708027853249159,1.0,direct,0.1876959299809399,0.1370320656771585,0.24750044708136354
7,bnci004,MMP_merge_then_adapt,logvar,lda,pt,10,1,1,13731,0.05,no_leakage_v1_alpha005,gate_all_sources_proxy_source_only_final_training_only,mmd,,,,,merge_then_adapt,coral,near_nearest_proxy,anchor,1.0,2,2train,proxy_source,False,0.429546687727328,1.0,direct,0.1876959299809399,0.1370320656771585,0.24750044708136354
7,bnci004,MMP_merge_then_adapt,logvar,lda,pt,10,1,1,13731,0.05,no_leakage_v1_alpha005,gate_all_sources_proxy_source_only_final_training_only,mmd,,,,,merge_then_adapt,coral,near_nearest_proxy,final,1.0,2,2train,train,False,0.2708027853249159,1.0,direct,0.1876959299809399,0.1370320656771585,0.24750044708136354
7,bnci004,MMP_merge_then_adapt,logvar,lda,pt,10,1,1,13731,0.05,no_leakage_v1_alpha005,gate_all_sources_proxy_source_only_final_training_only,mmd,,,,,merge_then_adapt,coral,near_nearest_proxy,main,2.0,3,3test,near,False,0.3596357515375051,1.0,direct,0.14133325617022807,0.10036756871778234,0.1964813614926159
7,bnci004,MMP_merge_then_adapt,logvar,lda,pt,10,1,1,13731,0.05,no_leakage_v1_alpha005,gate_all_sources_proxy_source_only_final_training_only,mmd,,,,,merge_then_adapt,coral,near_nearest_proxy,anchor,2.0,3,3test,proxy_source,False,0.570453312272672,1.0,direct,0.14133325617022807,0.10036756871778234,0.1964813614926159
7,bnci004,MMP_merge_then_adapt,logvar,lda,pt,10,1,1,13731,0.05,no_leakage_v1_alpha005,gate_all_sources_proxy_source_only_final_training_only,mmd,,,,,merge_then_adapt,coral,near_nearest_proxy,final,2.0,3,3test,train,False,0.3596357515375051,1.0,direct,0.14133325617022807,0.10036756871778234,0.1964813614926159
7,bnci004,MMP_merge_then_adapt,logvar,lda,pt,10,1,1,13731,0.05,no_leakage_v1_alpha005,gate_all_sources_proxy_source_only_final_training_only,mmd,,,,,merge_then_adapt,coral,near_nearest_proxy,main,3.0,4,4test,far,False,,1.0,direct,0.24975002228732948,0.1933862914426982,0.3217278460608118
7,bnci004,MMP_merge_then_adapt,logvar,lda,pt,10,1,1,13731,0.05,no_leakage_v1_alpha005,gate_all_sources_proxy_source_only_final_training_only,mmd,,,,,merge_then_adapt,coral,near_nearest_proxy,anchor,3.0,4,4test,not_used,False,,1.0,direct,0.24975002228732948,0.1933862914426982,0.3217278460608118
7,bnci004,MMP_merge_then_adapt,logvar,lda,pt,10,1,1,13731,0.05,no_leakage_v1_alpha005,gate_all_sources_proxy_source_only_final_training_only,mmd,,,,,merge_then_adapt,coral,near_nearest_proxy,final,3.0,4,4test,not_used,False,,1.0,direct,0.24975002228732948,0.1933862914426982,0.3217278460608118
7,bnci004,MMP_merge_then_adapt,logvar,lda,pt,10,1,1,13731,0.05,no_leakage_v1_alpha005,gate_all_sources_proxy_source_only_final_training_only,mmd,,,,,merge_then_adapt,coral,near_nearest_proxy,main,,1,1train,target,False,,,,,,
7,bnci004,MMP_merge_then_adapt,logvar,lda,pt,10,1,1,13731,0.05,no_leakage_v1_alpha005,gate_all_sources_proxy_source_only_final_training_only,mmd,,,,,merge_then_adapt,coral,near_nearest_proxy,final,,1,1train,target,False,,,,,,
7,bnci004,MMP_merge_then_adapt,logvar,lda,pt,10,2,2,13762,0.05,no_leakage_v1_alpha005,gate_all_sources_proxy_source_only_final_training_only,mmd,,,,,merge_then_adapt,coral,near_nearest_proxy,main,0.0,0,0train,near,False,0.3784172909323337,2.0,direct,0.12556389799712686,0.09662268142684656,0.1581279873320401
7,bnci004,MMP_merge_then_adapt,logvar,lda,pt,10,2,2,13762,0.05,no_leakage_v1_alpha005,gate_all_sources_proxy_source_only_final_training_only,mmd,,,,,merge_then_adapt,coral,near_nearest_proxy,anchor,0.0,0,0train,proxy_source,False,1.0,2.0,direct,0.12556389799712686,0.09662268142684656,0.1581279873320401
7,bnci004,MMP_merge_then_adapt,logvar,lda,pt,10,2,2,13762,0.05,no_leakage_v1_alpha005,gate_all_sources_proxy_source_only_final_training_only,mmd,,,,,merge_then_adapt,coral,near_nearest_proxy,final,0.0,0,0train,train,False,0.3784172909323337,2.0,direct,0.12556389799712686,0.09662268142684656,0.1581279873320401
7,bnci004,MMP_merge_then_adapt,logvar,lda,pt,10,2,2,13762,0.05,no_leakage_v1_alpha005,gate_all_sources_proxy_source_only_final_training_only,mmd,,,,,merge_then_adapt,coral,near_nearest_proxy,main,1.0,1,1train,far,False,,2.0,direct,0.15426059677722265,0.12155658339133635,0.19587128502783846
7,bnci004,MMP_merge_then_adapt,logvar,lda,pt,10,2,2,13762,0.05,no_leakage_v1_alpha005,gate_all_sources_proxy_source_only_final_training_only,mmd,,,,,merge_then_adapt,coral,near_nearest_proxy,anchor,1.0,1,1train,not_used,False,,2.0,direct,0.15426059677722265,0.12155658339133635,0.19587128502783846
7,bnci004,MMP_merge_then_adapt,logvar,lda,pt,10,2,2,13762,0.05,no_leakage_v1_alpha005,gate_all_sources_proxy_source_only_final_training_only,mmd,,,,,merge_then_adapt,coral,near_nearest_proxy,final,1.0,1,1train,not_used,False,,2.0,direct,0.15426059677722265,0.12155658339133635,0.19587128502783846
7,bnci004,MMP_merge_then_adapt,logvar,lda,pt,10,2,2,13762,0.05,no_leakage_v1_alpha005,gate_all_sources_proxy_source_only_final_training_only,mmd,,,,,merge_then_adapt,coral,near_nearest_proxy,main,2.0,3,3test,nearest,True,0.6215827090676662,2.0,direct,0.0764424528874498,0.052954423856654824,0.10403856983299584
7,bnci004,MMP_merge_then_adapt,logvar,lda,pt,10,2,2,13762,0.05,no_leakage_v1_alpha005,gate_all_sources_proxy_source_only_final_training_only,mmd,,,,,merge_then_adapt,coral,near_nearest_proxy,anchor,2.0,3,3test,target,False,,2.0,direct,0.0764424528874498,0.052954423856654824,0.10403856983299584
7,bnci004,MMP_merge_then_adapt,logvar,lda,pt,10,2,2,13762,0.05,no_leakage_v1_alpha005,gate_all_sources_proxy_source_only_final_training_only,mmd,,,,,merge_then_adapt,coral,near_nearest_proxy,final,2.0,3,3test,train,True,0.6215827090676662,2.0,direct,0.0764424528874498,0.052954423856654824,0.10403856983299584
7,bnci004,MMP_merge_then_adapt,logvar,lda,pt,10,2,2,13762,0.05,no_leakage_v1_alpha005,gate_all_sources_proxy_source_only_final_training_only,mmd,,,,,merge_then_adapt,coral,near_nearest_proxy,main,3.0,4,4test,far,False,,2.0,direct,0.17913119260991317,0.13667340451322826,0.2254317355449331
7,bnci004,MMP_merge_then_adapt,logvar,lda,pt,10,2,2,13762,0.05,no_leakage_v1_alpha005,gate_all_sources_proxy_source_only_final_training_only,mmd,,,,,merge_then_adapt,coral,near_nearest_proxy,anchor,3.0,4,4test,not_used,False,,2.0,direct,0.17913119260991317,0.13667340451322826,0.2254317355449331
7,bnci004,MMP_merge_then_adapt,logvar,lda,pt,10,2,2,13762,0.05,no_leakage_v1_alpha005,gate_all_sources_proxy_source_only_final_training_only,mmd,,,,,merge_then_adapt,coral,near_nearest_proxy,final,3.0,4,4test,not_used,False,,2.0,direct,0.17913119260991317,0.13667340451322826,0.2254317355449331
7,bnci004,MMP_merge_then_adapt,logvar,lda,pt,10,2,2,13762,0.05,no_leakage_v1_alpha005,gate_all_sources_proxy_source_only_final_training_only,mmd,,,,,merge_then_adapt,coral,near_nearest_proxy,main,,2,2train,target,False,,,,,,
7,bnci004,MMP_merge_then_adapt,logvar,lda,pt,10,2,2,13762,0.05,no_leakage_v1_alpha005,gate_all_sources_proxy_source_only_final_training_only,mmd,,,,,merge_then_adapt,coral,near_nearest_proxy,final,,2,2train,target,False,,,,,,
7,bnci004,MMP_merge_then_adapt,logvar,lda,pt,10,3,3,13793,0.05,no_leakage_v1_alpha005,gate_all_sources_proxy_source_only_final_training_only,mmd,,,,,merge_then_adapt,coral,near_nearest_proxy,main,0.0,0,0train,near,False,0.37284216225110517,3.0,direct,0.06106212577587229,0.030557285988171208,0.10024606121812793
7,bnci004,MMP_merge_then_adapt,logvar,lda,pt,10,3,3,13793,0.05,no_leakage_v1_alpha005,gate_all_sources_proxy_source_only_final_training_only,mmd,,,,,merge_then_adapt,coral,near_nearest_proxy,anchor,0.0,0,0train,proxy_source,False,0.6061231271920563,3.0,direct,0.06106212577587229,0.030557285988171208,0.10024606121812793
7,bnci004,MMP_merge_then_adapt,logvar,lda,pt,10,3,3,13793,0.05,no_leakage_v1_alpha005,gate_all_sources_proxy_source_only_final_training_only,mmd,,,,,merge_then_adapt,coral,near_nearest_proxy,final,0.0,0,0train,train,False,0.37284216225110517,3.0,direct,0.06106212577587229,0.030557285988171208,0.10024606121812793
7,bnci004,MMP_merge_then_adapt,logvar,lda,pt,10,3,3,13793,0.05,no_leakage_v1_alpha005,gate_all_sources_proxy_source_only_final_training_only,mmd,,,,,merge_then_adapt,coral,near_nearest_proxy,main,1.0,1,1train,near,False,0.24228394913544535,3.0,direct,0.09396687500504175,0.06255568044877317,0.12813648419694168
7,bnci004,MMP_merge_then_adapt,logvar,lda,pt,10,3,3,13793,0.05,no_leakage_v1_alpha005,gate_all_sources_proxy_source_only_final_training_only,mmd,,,,,merge_then_adapt,coral,near_nearest_proxy,anchor,1.0,1,1train,proxy_source,False,0.39387687280794365,3.0,direct,0.09396687500504175,0.06255568044877317,0.12813648419694168
7,bnci004,MMP_merge_then_adapt,logvar,lda,pt,10,3,3,13793,0.05,no_leakage_v1_alpha005,gate_all_sources_proxy_source_only_final_training_only,mmd,,,,,merge_then_adapt,coral,near_nearest_proxy,final,1.0,1,1train,train,False,0.24228394913544535,3.0,direct,0.09396687500504175,0.06255568044877317,0.12813648419694168
7,bnci004,MMP_merge_then_adapt,logvar,lda,pt,10,3,3,13793,0.05,no_leakage_v1_alpha005,gate_all_sources_proxy_source_only_final_training_only,mmd,,,,,merge_then_adapt,coral,near_nearest_proxy,main,2.0,2,2train,nearest,True,0.38487388861344957,3.0,direct,0.059153202250788454,0.03630620870271334,0.0893101023062689
7,bnci004,MMP_merge_then_adapt,logvar,lda,pt,10,3,3,13793,0.05,no_leakage_v1_alpha005,gate_all_sources_proxy_source_only_final_training_only,mmd,,,,,merge_then_adapt,coral,near_nearest_proxy,anchor,2.0,2,2train,target,False,,3.0,direct,0.059153202250788454,0.03630620870271334,0.0893101023062689
7,bnci004,MMP_merge_then_adapt,logvar,lda,pt,10,3,3,13793,0.05,no_leakage_v1_alpha005,gate_all_sources_proxy_source_only_final_training_only,mmd,,,,,merge_then_adapt,coral,near_nearest_proxy,final,2.0,2,2train,train,True,0.38487388861344957,3.0,direct,0.059153202250788454,0.03630620870271334,0.0893101023062689
7,bnci004,MMP_merge_then_adapt,logvar,lda,pt,10,3,3,13793,0.05,no_leakage_v1_alpha005,gate_all_sources_proxy_source_only_final_training_only,mmd,,,,,merge_then_adapt,coral,near_nearest_proxy,main,3.0,4,4test,far,False,,3.0,direct,0.17367637661752575,0.1138879415850731,0.2439487376885462
7,bnci004,MMP_merge_then_adapt,logvar,lda,pt,10,3,3,13793,0.05,no_leakage_v1_alpha005,gate_all_sources_proxy_source_only_final_training_only,mmd,,,,,merge_then_adapt,coral,near_nearest_proxy,anchor,3.0,4,4test,not_used,False,,3.0,direct,0.17367637661752575,0.1138879415850731,0.2439487376885462
7,bnci004,MMP_merge_then_adapt,logvar,lda,pt,10,3,3,13793,0.05,no_leakage_v1_alpha005,gate_all_sources_proxy_source_only_final_training_only,mmd,,,,,merge_then_adapt,coral,near_nearest_proxy,final,3.0,4,4test,not_used,False,,3.0,direct,0.17367637661752575,0.1138879415850731,0.2439487376885462
7,bnci004,MMP_merge_then_adapt,logvar,lda,pt,10,3,3,13793,0.05,no_leakage_v1_alpha005,gate_all_sources_proxy_source_only_final_training_only,mmd,,,,,merge_then_adapt,coral,near_nearest_proxy,main,,3,3test,target,False,,,,,,
7,bnci004,MMP_merge_then_adapt,logvar,lda,pt,10,3,3,13793,0.05,no_leakage_v1_alpha005,gate_all_sources_proxy_source_only_final_training_only,mmd,,,,,merge_then_adapt,coral,near_nearest_proxy,final,,3,3test,target,False,,,,,,
7,bnci004,MMP_merge_then_adapt,logvar,lda,pt,10,4,4,13824,0.05,no_leakage_v1_alpha005,gate_all_sources_proxy_source_only_final_training_only,mmd,,,,,merge_then_adapt,coral,near_nearest_proxy,main,0.0,0,0train,nearest,True,0.6475735665709067,4.0,direct,0.07950030295159931,0.045636354721049543,0.11816777494812673
7,bnci004,MMP_merge_then_adapt,logvar,lda,pt,10,4,4,13824,0.05,no_leakage_v1_alpha005,gate_all_sources_proxy_source_only_final_training_only,mmd,,,,,merge_then_adapt,coral,near_nearest_proxy,anchor,0.0,0,0train,target,False,,4.0,direct,0.07950030295159931,0.045636354721049543,0.11816777494812673
7,bnci004,MMP_merge_then_adapt,logvar,lda,pt,10,4,4,13824,0.05,no_leakage_v1_alpha005,gate_all_sources_proxy_source_only_final_training_only,mmd,,,,,merge_then_adapt,coral,near_nearest_proxy,final,0.0,0,0train,train,True,0.6475735665709067,4.0,direct,0.07950030295159931,0.045636354721049543,0.11816777494812673
7,bnci004,MMP_merge_then_adapt,logvar,lda,pt,10,4,4,13824,0.05,no_leakage_v1_alpha005,gate_all_sources_proxy_source_only_final_training_only,mmd,,,,,merge_then_adapt,coral,near_nearest_proxy,main,1.0,1,1train,far,False,,4.0,direct,0.23036097140555184,0.17357172651652417,0.2917414881238935
7,bnci004,MMP_merge_then_adapt,logvar,lda,pt,10,4,4,13824,0.05,no_leakage_v1_alpha005,gate_all_sources_proxy_source_only_final_training_only,mmd,,,,,merge_then_adapt,coral,near_nearest_proxy,anchor,1.0,1,1train,not_used,False,,4.0,direct,0.23036097140555184,0.17357172651652417,0.2917414881238935
7,bnci004,MMP_merge_then_adapt,logvar,lda,pt,10,4,4,13824,0.05,no_leakage_v1_alpha005,gate_all_sources_proxy_source_only_final_training_only,mmd,,,,,merge_then_adapt,coral,near_nearest_proxy,final,1.0,1,1train,not_used,False,,4.0,direct,0.23036097140555184,0.17357172651652417,0.2917414881238935
7,bnci004,MMP_merge_then_adapt,logvar,lda,pt,10,4,4,13824,0.05,no_leakage_v1_alpha005,gate_all_sources_proxy_source_only_final_training_only,mmd,,,,,merge_then_adapt,coral,near_nearest_proxy,main,2.0,2,2train,far,False,,4.0,direct,0.2302679018373354,0.18538201729990872,0.28222207057967125
7,bnci004,MMP_merge_then_adapt,logvar,lda,pt,10,4,4,13824,0.05,no_leakage_v1_alpha005,gate_all_sources_proxy_source_only_final_training_only,mmd,,,,,merge_then_adapt,coral,near_nearest_proxy,anchor,2.0,2,2train,not_used,False,,4.0,direct,0.2302679018373354,0.18538201729990872,0.28222207057967125
7,bnci004,MMP_merge_then_adapt,logvar,lda,pt,10,4,4,13824,0.05,no_leakage_v1_alpha005,gate_all_sources_proxy_source_only_final_training_only,mmd,,,,,merge_then_adapt,coral,near_nearest_proxy,final,2.0,2,2train,not_used,False,,4.0,direct,0.2302679018373354,0.18538201729990872,0.28222207057967125
7,bnci004,MMP_merge_then_adapt,logvar,lda,pt,10,4,4,13824,0.05,no_leakage_v1_alpha005,gate_all_sources_proxy_source_only_final_training_only,mmd,,,,,merge_then_adapt,coral,near_nearest_proxy,main,3.0,3,3test,near,False,0.35242643342909336,4.0,direct,0.14608038725144593,0.10190429231484771,0.1933205013440478
7,bnci004,MMP_merge_then_adapt,logvar,lda,pt,10,4,4,13824,0.05,no_leakage_v1_alpha005,gate_all_sources_proxy_source_only_final_training_only,mmd,,,,,merge_then_adapt,coral,near_nearest_proxy,anchor,3.0,3,3test,proxy_source,False,1.0,4.0,direct,0.14608038725144593,0.10190429231484771,0.1933205013440478
7,bnci004,MMP_merge_then_adapt,logvar,lda,pt,10,4,4,13824,0.05,no_leakage_v1_alpha005,gate_all_sources_proxy_source_only_final_training_only,mmd,,,,,merge_then_adapt,coral,near_nearest_proxy,final,3.0,3,3test,train,False,0.35242643342909336,4.0,direct,0.14608038725144593,0.10190429231484771,0.1933205013440478
7,bnci004,MMP_merge_then_adapt,logvar,lda,pt,10,4,4,13824,0.05,no_leakage_v1_alpha005,gate_all_sources_proxy_source_only_final_training_only,mmd,,,,,merge_then_adapt,coral,near_nearest_proxy,main,,4,4test,target,False,,,,,,
7,bnci004,MMP_merge_then_adapt,logvar,lda,pt,10,4,4,13824,0.05,no_leakage_v1_alpha005,gate_all_sources_proxy_source_only_final_training_only,mmd,,,,,merge_then_adapt,coral,near_nearest_proxy,final,,4,4test,target,False,,,,,,
7,bnci004,MMP_merge_then_adapt,logvar,lda,coral,11,0,0,14697,0.05,no_leakage_v1_alpha005,gate_all_sources_proxy_source_only_final_training_only,mmd,,,,,merge_then_adapt,coral,near_nearest_proxy,main,0.0,1,1train,far,False,,0.0,direct,0.12204401451361946,0.08561416698869707,0.16124765693045032
7,bnci004,MMP_merge_then_adapt,logvar,lda,coral,11,0,0,14697,0.05,no_leakage_v1_alpha005,gate_all_sources_proxy_source_only_final_training_only,mmd,,,,,merge_then_adapt,coral,near_nearest_proxy,anchor,0.0,1,1train,not_used,False,,0.0,direct,0.12204401451361946,0.08561416698869707,0.16124765693045032
7,bnci004,MMP_merge_then_adapt,logvar,lda,coral,11,0,0,14697,0.05,no_leakage_v1_alpha005,gate_all_sources_proxy_source_only_final_training_only,mmd,,,,,merge_then_adapt,coral,near_nearest_proxy,final,0.0,1,1train,not_used,False,,0.0,direct,0.12204401451361946,0.08561416698869707,0.16124765693045032
7,bnci004,MMP_merge_then_adapt,logvar,lda,coral,11,0,0,14697,0.05,no_leakage_v1_alpha005,gate_all_sources_proxy_source_only_final_training_only,mmd,,,,,merge_then_adapt,coral,near_nearest_proxy,main,1.0,2,2train,far,False,,0.0,direct,0.13628385697031536,0.10120991640448573,0.18034163284157367
7,bnci004,MMP_merge_then_adapt,logvar,lda,coral,11,0,0,14697,0.05,no_leakage_v1_alpha005,gate_all_sources_proxy_source_only_final_training_only,mmd,,,,,merge_then_adapt,coral,near_nearest_proxy,anchor,1.0,2,2train,not_used,False,,0.0,direct,0.13628385697031536,0.10120991640448573,0.18034163284157367
7,bnci004,MMP_merge_then_adapt,logvar,lda,coral,11,0,0,14697,0.05,no_leakage_v1_alpha005,gate_all_sources_proxy_source_only_final_training_only,mmd,,,,,merge_then_adapt,coral,near_nearest_proxy,final,1.0,2,2train,not_used,False,,0.0,direct,0.13628385697031536,0.10120991640448573,0.18034163284157367
7,bnci004,MMP_merge_then_adapt,logvar,lda,coral,11,0,0,14697,0.05,no_leakage_v1_alpha005,gate_all_sources_proxy_source_only_final_training_only,mmd,,,,,merge_then_adapt,coral,near_nearest_proxy,main,2.0,3,3test,nearest,True,0.6424103866310977,0.0,direct,0.04958076799055879,0.02569074647361433,0.0806729956044489
7,bnci004,MMP_merge_then_adapt,logvar,lda,coral,11,0,0,14697,0.05,no_leakage_v1_alpha005,gate_all_sources_proxy_source_only_final_training_only,mmd,,,,,merge_then_adapt,coral,near_nearest_proxy,anchor,2.0,3,3test,target,False,,0.0,direct,0.04958076799055879,0.02569074647361433,0.0806729956044489
7,bnci004,MMP_merge_then_adapt,logvar,lda,coral,11,0,0,14697,0.05,no_leakage_v1_alpha005,gate_all_sources_proxy_source_only_final_training_only,mmd,,,,,merge_then_adapt,coral,near_nearest_proxy,final,2.0,3,3test,train,True,0.6424103866310977,0.0,direct,0.04958076799055879,0.02569074647361433,0.0806729956044489
7,bnci004,MMP_merge_then_adapt,logvar,lda,coral,11,0,0,14697,0.05,no_leakage_v1_alpha005,gate_all_sources_proxy_source_only_final_training_only,mmd,,,,,merge_then_adapt,coral,near_nearest_proxy,main,3.0,4,4test,near,False,0.3575896133689022,0.0,direct,0.08907273579614787,0.056248779419323415,0.14051037973460165
7,bnci004,MMP_merge_then_adapt,logvar,lda,coral,11,0,0,14697,0.05,no_leakage_v1_alpha005,gate_all_sources_proxy_source_only_final_training_only,mmd,,,,,merge_then_adapt,coral,near_nearest_proxy,anchor,3.0,4,4test,proxy_source,False,1.0,0.0,direct,0.08907273579614787,0.056248779419323415,0.14051037973460165
7,bnci004,MMP_merge_then_adapt,logvar,lda,coral,11,0,0,14697,0.05,no_leakage_v1_alpha005,gate_all_sources_proxy_source_only_final_training_only,mmd,,,,,merge_then_adapt,coral,near_nearest_proxy,final,3.0,4,4test,train,False,0.3575896133689022,0.0,direct,0.08907273579614787,0.056248779419323415,0.14051037973460165
7,bnci004,MMP_merge_then_adapt,logvar,lda,coral,11,0,0,14697,0.05,no_leakage_v1_alpha005,gate_all_sources_proxy_source_only_final_training_only,mmd,,,,,merge_then_adapt,coral,near_nearest_proxy,main,,0,0train,target,False,,,,,,
7,bnci004,MMP_merge_then_adapt,logvar,lda,coral,11,0,0,14697,0.05,no_leakage_v1_alpha005,gate_all_sources_proxy_source_only_final_training_only,mmd,,,,,merge_then_adapt,coral,near_nearest_proxy,final,,0,0train,target,False,,,,,,
7,bnci004,MMP_merge_then_adapt,logvar,lda,coral,11,1,1,14728,0.05,no_leakage_v1_alpha005,gate_all_sources_proxy_source_only_final_training_only,mmd,,,,,merge_then_adapt,coral,near_nearest_proxy,main,0.0,0,0train,nearest,True,0.3026748597799385,1.0,direct,0.1393821736526697,0.08986295978772509,0.1931003765353158
7,bnci004,MMP_merge_then_adapt,logvar,lda,coral,11,1,1,14728,0.05,no_leakage_v1_alpha005,gate_all_sources_proxy_source_only_final_training_only,mmd,,,,,merge_then_adapt,coral,near_nearest_proxy,anchor,0.0,0,0train,target,False,,1.0,direct,0.1393821736526697,0.08986295978772509,0.1931003765353158
7,bnci004,MMP_merge_then_adapt,logvar,lda,coral,11,1,1,14728,0.05,no_leakage_v1_alpha005,gate_all_sources_proxy_source_only_final_training_only,mmd,,,,,merge_then_adapt,coral,near_nearest_proxy,final,0.0,0,0train,train,True,0.3026748597799385,1.0,direct,0.1393821736526697,0.08986295978772509,0.1931003765353158
7,bnci004,MMP_merge_then_adapt,logvar,lda,coral,11,1,1,14728,0.05,no_leakage_v1_alpha005,gate_all_sources_proxy_source_only_final_training_only,mmd,,,,,merge_then_adapt,coral,near_nearest_proxy,main,1.0,2,2train,near,False,0.22668487472720308,1.0,direct,0.18610662006849465,0.13986609798254154,0.23688821244947286
7,bnci004,MMP_merge_then_adapt,logvar,lda,coral,11,1,1,14728,0.05,no_leakage_v1_alpha005,gate_all_sources_proxy_source_only_final_training_only,mmd,,,,,merge_then_adapt,coral,near_nearest_proxy,anchor,1.0,2,2train,proxy_source,False,0.32507773153806846,1.0,direct,0.18610662006849465,0.13986609798254154,0.23688821244947286
7,bnci004,MMP_merge_then_adapt,logvar,lda,coral,11,1,1,14728,0.05,no_leakage_v1_alpha005,gate_all_sources_proxy_source_only_final_training_only,mmd,,,,,merge_then_adapt,coral,near_nearest_proxy,final,1.0,2,2train,train,False,0.22668487472720308,1.0,direct,0.18610662006849465,0.13986609798254154,0.23688821244947286
7,bnci004,MMP_merge_then_adapt,logvar,lda,coral,11,1,1,14728,0.05,no_leakage_v1_alpha005,gate_all_sources_proxy_source_only_final_training_only,mmd,,,,,merge_then_adapt,coral,near_nearest_proxy,main,2.0,3,3test,near,False,0.2996740940177397,1.0,direct,0.14077787739774814,0.10250677836601944,0.19073596831717177
7,bnci004,MMP_merge_then_adapt,logvar,lda,coral,11,1,1,14728,0.05,no_leakage_v1_alpha005,gate_all_sources_proxy_source_only_final_training_only,mmd,,,,,merge_then_adapt,coral,near_nearest_proxy,anchor,2.0,3,3test,proxy_source,False,0.4297480138507106,1.0,direct,0.14077787739774814,0.10250677836601944,0.19073596831717177
7,bnci004,MMP_merge_then_adapt,logvar,lda,coral,11,1,1,14728,0.05,no_leakage_v1_alpha005,gate_all_sources_proxy_source_only_final_training_only,mmd,,,,,merge_then_adapt,coral,near_nearest_proxy,final,2.0,3,3test,train,False,0.2996740940177397,1.0,direct,0.14077787739774814,0.10250677836601944,0.19073596831717177
7,bnci004,MMP_merge_then_adapt,logvar,lda,coral,11,1,1,14728,0.05,no_leakage_v1_alpha005,gate_all_sources_proxy_source_only_final_training_only,mmd,,,,,merge_then_adapt,coral,near_nearest_proxy,main,3.0,4,4test,near,False,0.1709661714751187,1.0,direct,0.24675999474535146,0.18269252771986735,0.309887421112338
7,bnci004,MMP_merge_then_adapt,logvar,lda,coral,11,1,1,14728,0.05,no_leakage_v1_alpha005,gate_all_sources_proxy_source_only_final_training_only,mmd,,,,,merge_then_adapt,coral,near_nearest_proxy,anchor,3.0,4,4test,proxy_source,False,0.24517425461122092,1.0,direct,0.24675999474535146,0.18269252771986735,0.309887421112338
7,bnci004,MMP_merge_then_adapt,logvar,lda,coral,11,1,1,14728,0.05,no_leakage_v1_alpha005,gate_all_sources_proxy_source_only_final_training_only,mmd,,,,,merge_then_adapt,coral,near_nearest_proxy,final,3.0,4,4test,train,False,0.1709661714751187,1.0,direct,0.24675999474535146,0.18269252771986735,0.309887421112338
7,bnci004,MMP_merge_then_adapt,logvar,lda,coral,11,1,1,14728,0.05,no_leakage_v1_alpha005,gate_all_sources_proxy_source_only_final_training_only,mmd,,,,,merge_then_adapt,coral,near_nearest_proxy,main,,1,1train,target,False,,,,,,
7,bnci004,MMP_merge_then_adapt,logvar,lda,coral,11,1,1,14728,0.05,no_leakage_v1_alpha005,gate_all_sources_proxy_source_only_final_training_only,mmd,,,,,merge_then_adapt,coral,near_nearest_proxy,final,,1,1train,target,False,,,,,,
7,bnci004,MMP_merge_then_adapt,logvar,lda,coral,11,2,2,14759,0.05,no_leakage_v1_alpha005,gate_all_sources_proxy_source_only_final_training_only,mmd,,,,,merge_then_adapt,coral,near_nearest_proxy,main,0.0,0,0train,near,False,0.383602059763727,2.0,direct,0.12455682424687453,0.08463719550948176,0.1686173927442227
7,bnci004,MMP_merge_then_adapt,logvar,lda,coral,11,2,2,14759,0.05,no_leakage_v1_alpha005,gate_all_sources_proxy_source_only_final_training_only,mmd,,,,,merge_then_adapt,coral,near_nearest_proxy,anchor,0.0,0,0train,proxy_source,False,1.0,2.0,direct,0.12455682424687453,0.08463719550948176,0.1686173927442227
7,bnci004,MMP_merge_then_adapt,logvar,lda,coral,11,2,2,14759,0.05,no_leakage_v1_alpha005,gate_all_sources_proxy_source_only_final_training_only,mmd,,,,,merge_then_adapt,coral,near_nearest_proxy,final,0.0,0,0train,train,False,0.383602059763727,2.0,direct,0.12455682424687453,0.08463719550948176,0.1686173927442227
7,bnci004,MMP_merge_then_adapt,logvar,lda,coral,11,2,2,14759,0.05,no_leakage_v1_alpha005,gate_all_sources_proxy_source_only_final_training_only,mmd,,,,,merge_then_adapt,coral,near_nearest_proxy,main,1.0,1,1train,far,False,,2.0,direct,0.1554377322726464,0.11362693356369605,0.20336591454944872
7,bnci004,MMP_merge_then_adapt,logvar,lda,coral,11,2,2,14759,0.05,no_leakage_v1_alpha005,gate_all_sources_proxy_source_only_final_training_only,mmd,,,,,merge_then_adapt,coral,near_nearest_proxy,anchor,1.0,1,1train,not_used,False,,2.0,direct,0.1554377322726464,0.11362693356369605,0.20336591454944872
7,bnci004,MMP_merge_then_adapt,logvar,lda,coral,11,2,2,14759,0.05,no_leakage_v1_alpha005,gate_all_sources_proxy_source_only_final_training_only,mmd,,,,,merge_then_adapt,coral,near_nearest_proxy,final,1.0,1,1train,not_used,False,,2.0,direct,0.1554377322726464,0.11362693356369605,0.20336591454944872
7,bnci004,MMP_merge_then_adapt,logvar,lda,coral,11,2,2,14759,0.05,no_leakage_v1_alpha005,gate_all_sources_proxy_source_only_final_training_only,mmd,,,,,merge_then_adapt,coral,near_nearest_proxy,main,2.0,3,3test,nearest,True,0.616397940236273,2.0,direct,0.07751489488192394,0.05332062689752524,0.10535909733297043
7,bnci004,MMP_merge_then_adapt,logvar,lda,coral,11,2,2,14759,0.05,no_leakage_v1_alpha005,gate_all_sources_proxy_source_only_final_training_only,mmd,,,,,merge_then_adapt,coral,near_nearest_proxy,anchor,2.0,3,3test,target,False,,2.0,direct,0.07751489488192394,0.05332062689752524,0.10535909733297043
7,bnci004,MMP_merge_then_adapt,logvar,lda,coral,11,2,2,14759,0.05,no_leakage_v1_alpha005,gate_all_sources_proxy_source_only_final_training_only,mmd,,,,,merge_then_adapt,coral,near_nearest_proxy,final,2.0,3,3test,train,True,0.616397940236273,2.0,direct,0.07751489488192394,0.05332062689752524,0.10535909733297043
7,bnci004,MMP_merge_then_adapt,logvar,lda,coral,11,2,2,14759,0.05,no_leakage_v1_alpha005,gate_all_sources_proxy_source_only_final_training_only,mmd,,,,,merge_then_adapt,coral,near_nearest_proxy,main,3.0,4,4test,far,False,,2.0,direct,0.17884883040354743,0.138379351382892,0.2218618494845237
7,bnci004,MMP_merge_then_adapt,logvar,lda,coral,11,2,2,14759,0.05,no_leakage_v1_alpha005,gate_all_sources_proxy_source_only_final_training_only,mmd,,,,,merge_then_adapt,coral,near_nearest_proxy,anchor,3.0,4,4test,not_used,False,,2.0,direct,0.17884883040354743,0.138379351382892,0.2218618494845237
7,bnci004,MMP_merge_then_adapt,logvar,lda,coral,11,2,2,14759,0.05,no_leakage_v1_alpha005,gate_all_sources_proxy_source_only_final_training_only,mmd,,,,,merge_then_adapt,coral,near_nearest_proxy,final,3.0,4,4test,not_used,False,,2.0,direct,0.17884883040354743,0.138379351382892,0.2218618494845237
7,bnci004,MMP_merge_then_adapt,logvar,lda,coral,11,2,2,14759,0.05,no_leakage_v1_alpha005,gate_all_sources_proxy_source_only_final_training_only,mmd,,,,,merge_then_adapt,coral,near_nearest_proxy,main,,2,2train,target,False,,,,,,
7,bnci004,MMP_merge_then_adapt,logvar,lda,coral,11,2,2,14759,0.05,no_leakage_v1_alpha005,gate_all_sources_proxy_source_only_final_training_only,mmd,,,,,merge_then_adapt,coral,near_nearest_proxy,final,,2,2train,target,False,,,,,,
7,bnci004,MMP_merge_then_adapt,logvar,lda,coral,11,3,3,14790,0.05,no_leakage_v1_alpha005,gate_all_sources_proxy_source_only_final_training_only,mmd,,,,,merge_then_adapt,coral,near_nearest_proxy,main,0.0,0,0train,near,False,0.37745456778713177,3.0,direct,0.06098703498812569,0.02783264273700599,0.10235191818168865
7,bnci004,MMP_merge_then_adapt,logvar,lda,coral,11,3,3,14790,0.05,no_leakage_v1_alpha005,gate_all_sources_proxy_source_only_final_training_only,mmd,,,,,merge_then_adapt,coral,near_nearest_proxy,anchor,0.0,0,0train,proxy_source,False,0.6116902841956526,3.0,direct,0.06098703498812569,0.02783264273700599,0.10235191818168865
7,bnci004,MMP_merge_then_adapt,logvar,lda,coral,11,3,3,14790,0.05,no_leakage_v1_alpha005,gate_all_sources_proxy_source_only_final_training_only,mmd,,,,,merge_then_adapt,coral,near_nearest_proxy,final,0.0,0,0train,train,False,0.37745456778713177,3.0,direct,0.06098703498812569,0.02783264273700599,0.10235191818168865
7,bnci004,MMP_merge_then_adapt,logvar,lda,coral,11,3,3,14790,0.05,no_leakage_v1_alpha005,gate_all_sources_proxy_source_only_final_training_only,mmd,,,,,merge_then_adapt,coral,near_nearest_proxy,main,1.0,1,1train,near,False,0.23961354256134126,3.0,direct,0.0960712509277048,0.06695253254848577,0.1310659750582351
7,bnci004,MMP_merge_then_adapt,logvar,lda,coral,11,3,3,14790,0.05,no_leakage_v1_alpha005,gate_all_sources_proxy_source_only_final_training_only,mmd,,,,,merge_then_adapt,coral,near_nearest_proxy,anchor,1.0,1,1train,proxy_source,False,0.3883097158043475,3.0,direct,0.0960712509277048,0.06695253254848577,0.1310659750582351
7,bnci004,MMP_merge_then_adapt,logvar,lda,coral,11,3,3,14790,0.05,no_leakage_v1_alpha005,gate_all_sources_proxy_source_only_final_training_only,mmd,,,,,merge_then_adapt,coral,near_nearest_proxy,final,1.0,1,1train,train,False,0.23961354256134126,3.0,direct,0.0960712509277048,0.06695253254848577,0.1310659750582351
7,bnci004,MMP_merge_then_adapt,logvar,lda,coral,11,3,3,14790,0.05,no_leakage_v1_alpha005,gate_all_sources_proxy_source_only_final_training_only,mmd,,,,,merge_then_adapt,coral,near_nearest_proxy,main,2.0,2,2train,nearest,True,0.3829318896515269,3.0,direct,0.06011468377754631,0.03567497702319186,0.09418341516538478
7,bnci004,MMP_merge_then_adapt,logvar,lda,coral,11,3,3,14790,0.05,no_leakage_v1_alpha005,gate_all_sources_proxy_source_only_final_training_only,mmd,,,,,merge_then_adapt,coral,near_nearest_proxy,anchor,2.0,2,2train,target,False,,3.0,direct,0.06011468377754631,0.03567497702319186,0.09418341516538478
7,bnci004,MMP_merge_then_adapt,logvar,lda,coral,11,3,3,14790,0.05,no_leakage_v1_alpha005,gate_all_sources_proxy_source_only_final_training_only,mmd,,,,,merge_then_adapt,coral,near_nearest_proxy,final,2.0,2,2train,train,True,0.3829318896515269,3.0,direct,0.06011468377754631,0.03567497702319186,0.09418341516538478
7,bnci004,MMP_merge_then_adapt,logvar,lda,coral,11,3,3,14790,0.05,no_leakage_v1_alpha005,gate_all_sources_proxy_source_only_final_training_only,mmd,,,,,merge_then_adapt,coral,near_nearest_proxy,main,3.0,4,4test,far,False,,3.0,direct,0.17748252647644655,0.12018440545304883,0.2470099238401652
7,bnci004,MMP_merge_then_adapt,logvar,lda,coral,11,3,3,14790,0.05,no_leakage_v1_alpha005,gate_all_sources_proxy_source_only_final_training_only,mmd,,,,,merge_then_adapt,coral,near_nearest_proxy,anchor,3.0,4,4test,not_used,False,,3.0,direct,0.17748252647644655,0.12018440545304883,0.2470099238401652
7,bnci004,MMP_merge_then_adapt,logvar,lda,coral,11,3,3,14790,0.05,no_leakage_v1_alpha005,gate_all_sources_proxy_source_only_final_training_only,mmd,,,,,merge_then_adapt,coral,near_nearest_proxy,final,3.0,4,4test,not_used,False,,3.0,direct,0.17748252647644655,0.12018440545304883,0.2470099238401652
7,bnci004,MMP_merge_then_adapt,logvar,lda,coral,11,3,3,14790,0.05,no_leakage_v1_alpha005,gate_all_sources_proxy_source_only_final_training_only,mmd,,,,,merge_then_adapt,coral,near_nearest_proxy,main,,3,3test,target,False,,,,,,
7,bnci004,MMP_merge_then_adapt,logvar,lda,coral,11,3,3,14790,0.05,no_leakage_v1_alpha005,gate_all_sources_proxy_source_only_final_training_only,mmd,,,,,merge_then_adapt,coral,near_nearest_proxy,final,,3,3test,target,False,,,,,,
7,bnci004,MMP_merge_then_adapt,logvar,lda,coral,11,4,4,14821,0.05,no_leakage_v1_alpha005,gate_all_sources_proxy_source_only_final_training_only,mmd,,,,,merge_then_adapt,coral,near_nearest_proxy,main,0.0,0,0train,nearest,True,0.6496935652049147,4.0,direct,0.0803255630501179,0.04904871198060045,0.12114920483265279
7,bnci004,MMP_merge_then_adapt,logvar,lda,coral,11,4,4,14821,0.05,no_leakage_v1_alpha005,gate_all_sources_proxy_source_only_final_training_only,mmd,,,,,merge_then_adapt,coral,near_nearest_proxy,anchor,0.0,0,0train,target,False,,4.0,direct,0.0803255630501179,0.04904871198060045,0.12114920483265279
7,bnci004,MMP_merge_then_adapt,logvar,lda,coral,11,4,4,14821,0.05,no_leakage_v1_alpha005,gate_all_sources_proxy_source_only_final_training_only,mmd,,,,,merge_then_adapt,coral,near_nearest_proxy,final,0.0,0,0train,train,True,0.6496935652049147,4.0,direct,0.0803255630501179,0.04904871198060045,0.12114920483265279
7,bnci004,MMP_merge_then_adapt,logvar,lda,coral,11,4,4,14821,0.05,no_leakage_v1_alpha005,gate_all_sources_proxy_source_only_final_training_only,mmd,,,,,merge_then_adapt,coral,near_nearest_proxy,main,1.0,1,1train,far,False,,4.0,direct,0.2276340429428222,0.17665368563041733,0.28238469710438535
7,bnci004,MMP_merge_then_adapt,logvar,lda,coral,11,4,4,14821,0.05,no_leakage_v1_alpha005,gate_all_sources_proxy_source_only_final_training_only,mmd,,,,,merge_then_adapt,coral,near_nearest_proxy,anchor,1.0,1,1train,not_used,False,,4.0,direct,0.2276340429428222,0.17665368563041733,0.28238469710438535
7,bnci004,MMP_merge_then_adapt,logvar,lda,coral,11,4,4,14821,0.05,no_leakage_v1_alpha005,gate_all_sources_proxy_source_only_final_training_only,mmd,,,,,merge_then_adapt,coral,near_nearest_proxy,final,1.0,1,1train,not_used,False,,4.0,direct,0.2276340429428222,0.17665368563041733,0.28238469710438535
7,bnci004,MMP_merge_then_adapt,logvar,lda,coral,11,4,4,14821,0.05,no_leakage_v1_alpha005,gate_all_sources_proxy_source_only_final_training_only,mmd,,,,,merge_then_adapt,coral,near_nearest_proxy,main,2.0,2,2train,far,False,,4.0,direct,0.228856296031264,0.17984565423444498,0.28655131164095216
7,bnci004,MMP_merge_then_adapt,logvar,lda,coral,11,4,4,14821,0.05,no_leakage_v1_alpha005,gate_all_sources_proxy_source_only_final_training_only,mmd,,,,,merge_then_adapt,coral,near_nearest_proxy,anchor,2.0,2,2train,not_used,False,,4.0,direct,0.228856296031264,0.17984565423444498,0.28655131164095216
7,bnci004,MMP_merge_then_adapt,logvar,lda,coral,11,4,4,14821,0.05,no_leakage_v1_alpha005,gate_all_sources_proxy_source_only_final_training_only,mmd,,,,,merge_then_adapt,coral,near_nearest_proxy,final,2.0,2,2train,not_used,False,,4.0,direct,0.228856296031264,0.17984565423444498,0.28655131164095216
7,bnci004,MMP_merge_then_adapt,logvar,lda,coral,11,4,4,14821,0.05,no_leakage_v1_alpha005,gate_all_sources_proxy_source_only_final_training_only,mmd,,,,,merge_then_adapt,coral,near_nearest_proxy,main,3.0,3,3test,near,False,0.3503064347950852,4.0,direct,0.1489761409971846,0.10123449210401962,0.2022393559756523
7,bnci004,MMP_merge_then_adapt,logvar,lda,coral,11,4,4,14821,0.05,no_leakage_v1_alpha005,gate_all_sources_proxy_source_only_final_training_only,mmd,,,,,merge_then_adapt,coral,near_nearest_proxy,anchor,3.0,3,3test,proxy_source,False,1.0,4.0,direct,0.1489761409971846,0.10123449210401962,0.2022393559756523
7,bnci004,MMP_merge_then_adapt,logvar,lda,coral,11,4,4,14821,0.05,no_leakage_v1_alpha005,gate_all_sources_proxy_source_only_final_training_only,mmd,,,,,merge_then_adapt,coral,near_nearest_proxy,final,3.0,3,3test,train,False,0.3503064347950852,4.0,direct,0.1489761409971846,0.10123449210401962,0.2022393559756523
7,bnci004,MMP_merge_then_adapt,logvar,lda,coral,11,4,4,14821,0.05,no_leakage_v1_alpha005,gate_all_sources_proxy_source_only_final_training_only,mmd,,,,,merge_then_adapt,coral,near_nearest_proxy,main,,4,4test,target,False,,,,,,
7,bnci004,MMP_merge_then_adapt,logvar,lda,coral,11,4,4,14821,0.05,no_leakage_v1_alpha005,gate_all_sources_proxy_source_only_final_training_only,mmd,,,,,merge_then_adapt,coral,near_nearest_proxy,final,,4,4test,target,False,,,,,,
7,bnci004,MMP_merge_then_adapt,logvar,svm_radial,none,12,0,0,15694,0.05,no_leakage_v1_alpha005,gate_all_sources_proxy_source_only_final_training_only,mmd,,,,,merge_then_adapt,coral,near_nearest_proxy,main,0.0,1,1train,near,False,0.20515905214834332,0.0,direct,0.12272425760214109,0.07902651368588029,0.17288770593878838
7,bnci004,MMP_merge_then_adapt,logvar,svm_radial,none,12,0,0,15694,0.05,no_leakage_v1_alpha005,gate_all_sources_proxy_source_only_final_training_only,mmd,,,,,merge_then_adapt,coral,near_nearest_proxy,anchor,0.0,1,1train,proxy_source,False,0.4012621846195606,0.0,direct,0.12272425760214109,0.07902651368588029,0.17288770593878838
7,bnci004,MMP_merge_then_adapt,logvar,svm_radial,none,12,0,0,15694,0.05,no_leakage_v1_alpha005,gate_all_sources_proxy_source_only_final_training_only,mmd,,,,,merge_then_adapt,coral,near_nearest_proxy,final,0.0,1,1train,train,False,0.20515905214834332,0.0,direct,0.12272425760214109,0.07902651368588029,0.17288770593878838
7,bnci004,MMP_merge_then_adapt,logvar,svm_radial,none,12,0,0,15694,0.05,no_leakage_v1_alpha005,gate_all_sources_proxy_source_only_final_training_only,mmd,,,,,merge_then_adapt,coral,near_nearest_proxy,main,1.0,2,2train,far,False,,0.0,direct,0.13811861666880362,0.10162116755722124,0.1790994245513248
7,bnci004,MMP_merge_then_adapt,logvar,svm_radial,none,12,0,0,15694,0.05,no_leakage_v1_alpha005,gate_all_sources_proxy_source_only_final_training_only,mmd,,,,,merge_then_adapt,coral,near_nearest_proxy,anchor,1.0,2,2train,not_used,False,,0.0,direct,0.13811861666880362,0.10162116755722124,0.1790994245513248
7,bnci004,MMP_merge_then_adapt,logvar,svm_radial,none,12,0,0,15694,0.05,no_leakage_v1_alpha005,gate_all_sources_proxy_source_only_final_training_only,mmd,,,,,merge_then_adapt,coral,near_nearest_proxy,final,1.0,2,2train,not_used,False,,0.0,direct,0.13811861666880362,0.10162116755722124,0.1790994245513248
7,bnci004,MMP_merge_then_adapt,logvar,svm_radial,none,12,0,0,15694,0.05,no_leakage_v1_alpha005,gate_all_sources_proxy_source_only_final_training_only,mmd,,,,,merge_then_adapt,coral,near_nearest_proxy,main,2.0,3,3test,nearest,True,0.48871570755451066,0.0,direct,0.05151810842052931,0.025288672940667452,0.08090344193456629
7,bnci004,MMP_merge_then_adapt,logvar,svm_radial,none,12,0,0,15694,0.05,no_leakage_v1_alpha005,gate_all_sources_proxy_source_only_final_training_only,mmd,,,,,merge_then_adapt,coral,near_nearest_proxy,anchor,2.0,3,3test,target,False,,0.0,direct,0.05151810842052931,0.025288672940667452,0.08090344193456629
7,bnci004,MMP_merge_then_adapt,logvar,svm_radial,none,12,0,0,15694,0.05,no_leakage_v1_alpha005,gate_all_sources_proxy_source_only_final_training_only,mmd,,,,,merge_then_adapt,coral,near_nearest_proxy,final,2.0,3,3test,train,True,0.48871570755451066,0.0,direct,0.05151810842052931,0.025288672940667452,0.08090344193456629
7,bnci004,MMP_merge_then_adapt,logvar,svm_radial,none,12,0,0,15694,0.05,no_leakage_v1_alpha005,gate_all_sources_proxy_source_only_final_training_only,mmd,,,,,merge_then_adapt,coral,near_nearest_proxy,main,3.0,4,4test,near,False,0.30612524029714594,0.0,direct,0.08224702861690483,0.05110333486040022,0.12004634252022206
7,bnci004,MMP_merge_then_adapt,logvar,svm_radial,none,12,0,0,15694,0.05,no_leakage_v1_alpha005,gate_all_sources_proxy_source_only_final_training_only,mmd,,,,,merge_then_adapt,coral,near_nearest_proxy,anchor,3.0,4,4test,proxy_source,False,0.5987378153804395,0.0,direct,0.08224702861690483,0.05110333486040022,0.12004634252022206
7,bnci004,MMP_merge_then_adapt,logvar,svm_radial,none,12,0,0,15694,0.05,no_leakage_v1_alpha005,gate_all_sources_proxy_source_only_final_training_only,mmd,,,,,merge_then_adapt,coral,near_nearest_proxy,final,3.0,4,4test,train,False,0.30612524029714594,0.0,direct,0.08224702861690483,0.05110333486040022,0.12004634252022206
7,bnci004,MMP_merge_then_adapt,logvar,svm_radial,none,12,0,0,15694,0.05,no_leakage_v1_alpha005,gate_all_sources_proxy_source_only_final_training_only,mmd,,,,,merge_then_adapt,coral,near_nearest_proxy,main,,0,0train,target,False,,,,,,
7,bnci004,MMP_merge_then_adapt,logvar,svm_radial,none,12,0,0,15694,0.05,no_leakage_v1_alpha005,gate_all_sources_proxy_source_only_final_training_only,mmd,,,,,merge_then_adapt,coral,near_nearest_proxy,final,,0,0train,target,False,,,,,,
7,bnci004,MMP_merge_then_adapt,logvar,svm_radial,none,12,1,1,15725,0.05,no_leakage_v1_alpha005,gate_all_sources_proxy_source_only_final_training_only,mmd,,,,,merge_then_adapt,coral,near_nearest_proxy,main,0.0,0,0train,nearest,True,0.3023862409522209,1.0,direct,0.14062862342225782,0.09377678732430811,0.2023510258139591
7,bnci004,MMP_merge_then_adapt,logvar,svm_radial,none,12,1,1,15725,0.05,no_leakage_v1_alpha005,gate_all_sources_proxy_source_only_final_training_only,mmd,,,,,merge_then_adapt,coral,near_nearest_proxy,anchor,0.0,0,0train,target,False,,1.0,direct,0.14062862342225782,0.09377678732430811,0.2023510258139591
7,bnci004,MMP_merge_then_adapt,logvar,svm_radial,none,12,1,1,15725,0.05,no_leakage_v1_alpha005,gate_all_sources_proxy_source_only_final_training_only,mmd,,,,,merge_then_adapt,coral,near_nearest_proxy,final,0.0,0,0train,train,True,0.3023862409522209,1.0,direct,0.14062862342225782,0.09377678732430811,0.2023510258139591
7,bnci004,MMP_merge_then_adapt,logvar,svm_radial,none,12,1,1,15725,0.05,no_leakage_v1_alpha005,gate_all_sources_proxy_source_only_final_training_only,mmd,,,,,merge_then_adapt,coral,near_nearest_proxy,main,1.0,2,2train,near,False,0.2244421699292432,1.0,direct,0.18946635012671212,0.13622269727563852,0.24292032974140532
7,bnci004,MMP_merge_then_adapt,logvar,svm_radial,none,12,1,1,15725,0.05,no_leakage_v1_alpha005,gate_all_sources_proxy_source_only_final_training_only,mmd,,,,,merge_then_adapt,coral,near_nearest_proxy,anchor,1.0,2,2train,proxy_source,False,0.3217284163597916,1.0,direct,0.18946635012671212,0.13622269727563852,0.24292032974140532
7,bnci004,MMP_merge_then_adapt,logvar,svm_radial,none,12,1,1,15725,0.05,no_leakage_v1_alpha005,gate_all_sources_proxy_source_only_final_training_only,mmd,,,,,merge_then_adapt,coral,near_nearest_proxy,final,1.0,2,2train,train,False,0.2244421699292432,1.0,direct,0.18946635012671212,0.13622269727563852,0.24292032974140532
7,bnci004,MMP_merge_then_adapt,logvar,svm_radial,none,12,1,1,15725,0.05,no_leakage_v1_alpha005,gate_all_sources_proxy_source_only_final_training_only,mmd,,,,,merge_then_adapt,coral,near_nearest_proxy,main,2.0,3,3test,near,False,0.3011396078709172,1.0,direct,0.1412107904178548,0.0962207943442176,0.19653018312544435
7,bnci004,MMP_merge_then_adapt,logvar,svm_radial,none,12,1,1,15725,0.05,no_leakage_v1_alpha005,gate_all_sources_proxy_source_only_final_training_only,mmd,,,,,merge_then_adapt,coral,near_nearest_proxy,anchor,2.0,3,3test,proxy_source,False,0.4316709697382737,1.0,direct,0.1412107904178548,0.0962207943442176,0.19653018312544435
7,bnci004,MMP_merge_then_adapt,logvar,svm_radial,none,12,1,1,15725,0.05,no_leakage_v1_alpha005,gate_all_sources_proxy_source_only_final_training_only,mmd,,,,,merge_then_adapt,coral,near_nearest_proxy,final,2.0,3,3test,train,False,0.3011396078709172,1.0,direct,0.1412107904178548,0.0962207943442176,0.19653018312544435
7,bnci004,MMP_merge_then_adapt,logvar,svm_radial,none,12,1,1,15725,0.05,no_leakage_v1_alpha005,gate_all_sources_proxy_source_only_final_training_only,mmd,,,,,merge_then_adapt,coral,near_nearest_proxy,main,3.0,4,4test,near,False,0.1720319812476188,1.0,direct,0.2471882893680869,0.1935978711231601,0.3115742610956966
7,bnci004,MMP_merge_then_adapt,logvar,svm_radial,none,12,1,1,15725,0.05,no_leakage_v1_alpha005,gate_all_sources_proxy_source_only_final_training_only,mmd,,,,,merge_then_adapt,coral,near_nearest_proxy,anchor,3.0,4,4test,proxy_source,False,0.24660061390193486,1.0,direct,0.2471882893680869,0.1935978711231601,0.3115742610956966
7,bnci004,MMP_merge_then_adapt,logvar,svm_radial,none,12,1,1,15725,0.05,no_leakage_v1_alpha005,gate_all_sources_proxy_source_only_final_training_only,mmd,,,,,merge_then_adapt,coral,near_nearest_proxy,final,3.0,4,4test,train,False,0.1720319812476188,1.0,direct,0.2471882893680869,0.1935978711231601,0.3115742610956966
7,bnci004,MMP_merge_then_adapt,logvar,svm_radial,none,12,1,1,15725,0.05,no_leakage_v1_alpha005,gate_all_sources_proxy_source_only_final_training_only,mmd,,,,,merge_then_adapt,coral,near_nearest_proxy,main,,1,1train,target,False,,,,,,
7,bnci004,MMP_merge_then_adapt,logvar,svm_radial,none,12,1,1,15725,0.05,no_leakage_v1_alpha005,gate_all_sources_proxy_source_only_final_training_only,mmd,,,,,merge_then_adapt,coral,near_nearest_proxy,final,,1,1train,target,False,,,,,,
7,bnci004,MMP_merge_then_adapt,logvar,svm_radial,none,12,2,2,15756,0.05,no_leakage_v1_alpha005,gate_all_sources_proxy_source_only_final_training_only,mmd,,,,,merge_then_adapt,coral,near_nearest_proxy,main,0.0,0,0train,near,False,0.38212154310862856,2.0,direct,0.1247801258446738,0.09628741623094282,0.16588759577995182
7,bnci004,MMP_merge_then_adapt,logvar,svm_radial,none,12,2,2,15756,0.05,no_leakage_v1_alpha005,gate_all_sources_proxy_source_only_final_training_only,mmd,,,,,merge_then_adapt,coral,near_nearest_proxy,anchor,0.0,0,0train,proxy_source,False,1.0,2.0,direct,0.1247801258446738,0.09628741623094282,0.16588759577995182
7,bnci004,MMP_merge_then_adapt,logvar,svm_radial,none,12,2,2,15756,0.05,no_leakage_v1_alpha005,gate_all_sources_proxy_source_only_final_training_only,mmd,,,,,merge_then_adapt,coral,near_nearest_proxy,final,0.0,0,0train,train,False,0.38212154310862856,2.0,direct,0.1247801258446738,0.09628741623094282,0.16588759577995182
7,bnci004,MMP_merge_then_adapt,logvar,svm_radial,none,12,2,2,15756,0.05,no_leakage_v1_alpha005,gate_all_sources_proxy_source_only_final_training_only,mmd,,,,,merge_then_adapt,coral,near_nearest_proxy,main,1.0,1,1train,far,False,,2.0,direct,0.1554413269015018,0.12233477793900421,0.19531742189247492
7,bnci004,MMP_merge_then_adapt,logvar,svm_radial,none,12,2,2,15756,0.05,no_leakage_v1_alpha005,gate_all_sources_proxy_source_only_final_training_only,mmd,,,,,merge_then_adapt,coral,near_nearest_proxy,anchor,1.0,1,1train,not_used,False,,2.0,direct,0.1554413269015018,0.12233477793900421,0.19531742189247492
7,bnci004,MMP_merge_then_adapt,logvar,svm_radial,none,12,2,2,15756,0.05,no_leakage_v1_alpha005,gate_all_sources_proxy_source_only_final_training_only,mmd,,,,,merge_then_adapt,coral,near_nearest_proxy,final,1.0,1,1train,not_used,False,,2.0,direct,0.1554413269015018,0.12233477793900421,0.19531742189247492
7,bnci004,MMP_merge_then_adapt,logvar,svm_radial,none,12,2,2,15756,0.05,no_leakage_v1_alpha005,gate_all_sources_proxy_source_only_final_training_only,mmd,,,,,merge_then_adapt,coral,near_nearest_proxy,main,2.0,3,3test,nearest,True,0.6178784568913714,2.0,direct,0.07716879905480273,0.05563248518804657,0.10690668576166429
7,bnci004,MMP_merge_then_adapt,logvar,svm_radial,none,12,2,2,15756,0.05,no_leakage_v1_alpha005,gate_all_sources_proxy_source_only_final_training_only,mmd,,,,,merge_then_adapt,coral,near_nearest_proxy,anchor,2.0,3,3test,target,False,,2.0,direct,0.07716879905480273,0.05563248518804657,0.10690668576166429
7,bnci004,MMP_merge_then_adapt,logvar,svm_radial,none,12,2,2,15756,0.05,no_leakage_v1_alpha005,gate_all_sources_proxy_source_only_final_training_only,mmd,,,,,merge_then_adapt,coral,near_nearest_proxy,final,2.0,3,3test,train,True,0.6178784568913714,2.0,direct,0.07716879905480273,0.05563248518804657,0.10690668576166429
7,bnci004,MMP_merge_then_adapt,logvar,svm_radial,none,12,2,2,15756,0.05,no_leakage_v1_alpha005,gate_all_sources_proxy_source_only_final_training_only,mmd,,,,,merge_then_adapt,coral,near_nearest_proxy,main,3.0,4,4test,far,False,,2.0,direct,0.1799726886941864,0.13838147035095383,0.22322407183425522
7,bnci004,MMP_merge_then_adapt,logvar,svm_radial,none,12,2,2,15756,0.05,no_leakage_v1_alpha005,gate_all_sources_proxy_source_only_final_training_only,mmd,,,,,merge_then_adapt,coral,near_nearest_proxy,anchor,3.0,4,4test,not_used,False,,2.0,direct,0.1799726886941864,0.13838147035095383,0.22322407183425522
7,bnci004,MMP_merge_then_adapt,logvar,svm_radial,none,12,2,2,15756,0.05,no_leakage_v1_alpha005,gate_all_sources_proxy_source_only_final_training_only,mmd,,,,,merge_then_adapt,coral,near_nearest_proxy,final,3.0,4,4test,not_used,False,,2.0,direct,0.1799726886941864,0.13838147035095383,0.22322407183425522
7,bnci004,MMP_merge_then_adapt,logvar,svm_radial,none,12,2,2,15756,0.05,no_leakage_v1_alpha005,gate_all_sources_proxy_source_only_final_training_only,mmd,,,,,merge_then_adapt,coral,near_nearest_proxy,main,,2,2train,target,False,,,,,,
7,bnci004,MMP_merge_then_adapt,logvar,svm_radial,none,12,2,2,15756,0.05,no_leakage_v1_alpha005,gate_all_sources_proxy_source_only_final_training_only,mmd,,,,,merge_then_adapt,coral,near_nearest_proxy,final,,2,2train,target,False,,,,,,
7,bnci004,MMP_merge_then_adapt,logvar,svm_radial,none,12,3,3,15787,0.05,no_leakage_v1_alpha005,gate_all_sources_proxy_source_only_final_training_only,mmd,,,,,merge_then_adapt,coral,near_nearest_proxy,main,0.0,0,0train,near,False,0.3734674232503161,3.0,direct,0.06104283664897082,0.030463140524082763,0.10896575241680599
7,bnci004,MMP_merge_then_adapt,logvar,svm_radial,none,12,3,3,15787,0.05,no_leakage_v1_alpha005,gate_all_sources_proxy_source_only_final_training_only,mmd,,,,,merge_then_adapt,coral,near_nearest_proxy,anchor,0.0,0,0train,proxy_source,False,0.606946734064952,3.0,direct,0.06104283664897082,0.030463140524082763,0.10896575241680599
7,bnci004,MMP_merge_then_adapt,logvar,svm_radial,none,12,3,3,15787,0.05,no_leakage_v1_alpha005,gate_all_sources_proxy_source_only_final_training_only,mmd,,,,,merge_then_adapt,coral,near_nearest_proxy,final,0.0,0,0train,train,False,0.3734674232503161,3.0,direct,0.06104283664897082,0.030463140524082763,0.10896575241680599
7,bnci004,MMP_merge_then_adapt,logvar,svm_radial,none,12,3,3,15787,0.05,no_leakage_v1_alpha005,gate_all_sources_proxy_source_only_final_training_only,mmd,,,,,merge_then_adapt,coral,near_nearest_proxy,main,1.0,1,1train,near,False,0.2418541565348874,3.0,direct,0.09426194220135,0.0640695118674876,0.12829494705786867
7,bnci004,MMP_merge_then_adapt,logvar,svm_radial,none,12,3,3,15787,0.05,no_leakage_v1_alpha005,gate_all_sources_proxy_source_only_final_training_only,mmd,,,,,merge_then_adapt,coral,near_nearest_proxy,anchor,1.0,1,1train,proxy_source,False,0.39305326593504786,3.0,direct,0.09426194220135,0.0640695118674876,0.12829494705786867
7,bnci004,MMP_merge_then_adapt,logvar,svm_radial,none,12,3,3,15787,0.05,no_leakage_v1_alpha005,gate_all_sources_proxy_source_only_final_training_only,mmd,,,,,merge_then_adapt,coral,near_nearest_proxy,final,1.0,1,1train,train,False,0.2418541565348874,3.0,direct,0.09426194220135,0.0640695118674876,0.12829494705786867
7,bnci004,MMP_merge_then_adapt,logvar,svm_radial,none,12,3,3,15787,0.05,no_leakage_v1_alpha005,gate_all_sources_proxy_source_only_final_training_only,mmd,,,,,merge_then_adapt,coral,near_nearest_proxy,main,2.0,2,2train,nearest,True,0.3846784202147964,3.0,direct,0.05926378632691296,0.031589262711723756,0.08451491994033161
7,bnci004,MMP_merge_then_adapt,logvar,svm_radial,none,12,3,3,15787,0.05,no_leakage_v1_alpha005,gate_all_sources_proxy_source_only_final_training_only,mmd,,,,,merge_then_adapt,coral,near_nearest_proxy,anchor,2.0,2,2train,target,False,,3.0,direct,0.05926378632691296,0.031589262711723756,0.08451491994033161
7,bnci004,MMP_merge_then_adapt,logvar,svm_radial,none,12,3,3,15787,0.05,no_leakage_v1_alpha005,gate_all_sources_proxy_source_only_final_training_only,mmd,,,,,merge_then_adapt,coral,near_nearest_proxy,final,2.0,2,2train,train,True,0.3846784202147964,3.0,direct,0.05926378632691296,0.031589262711723756,0.08451491994033161
7,bnci004,MMP_merge_then_adapt,logvar,svm_radial,none,12,3,3,15787,0.05,no_leakage_v1_alpha005,gate_all_sources_proxy_source_only_final_training_only,mmd,,,,,merge_then_adapt,coral,near_nearest_proxy,main,3.0,4,4test,far,False,,3.0,direct,0.17377842641534968,0.11953197460424198,0.24227138134554688
7,bnci004,MMP_merge_then_adapt,logvar,svm_radial,none,12,3,3,15787,0.05,no_leakage_v1_alpha005,gate_all_sources_proxy_source_only_final_training_only,mmd,,,,,merge_then_adapt,coral,near_nearest_proxy,anchor,3.0,4,4test,not_used,False,,3.0,direct,0.17377842641534968,0.11953197460424198,0.24227138134554688
7,bnci004,MMP_merge_then_adapt,logvar,svm_radial,none,12,3,3,15787,0.05,no_leakage_v1_alpha005,gate_all_sources_proxy_source_only_final_training_only,mmd,,,,,merge_then_adapt,coral,near_nearest_proxy,final,3.0,4,4test,not_used,False,,3.0,direct,0.17377842641534968,0.11953197460424198,0.24227138134554688
7,bnci004,MMP_merge_then_adapt,logvar,svm_radial,none,12,3,3,15787,0.05,no_leakage_v1_alpha005,gate_all_sources_proxy_source_only_final_training_only,mmd,,,,,merge_then_adapt,coral,near_nearest_proxy,main,,3,3test,target,False,,,,,,
7,bnci004,MMP_merge_then_adapt,logvar,svm_radial,none,12,3,3,15787,0.05,no_leakage_v1_alpha005,gate_all_sources_proxy_source_only_final_training_only,mmd,,,,,merge_then_adapt,coral,near_nearest_proxy,final,,3,3test,target,False,,,,,,
7,bnci004,MMP_merge_then_adapt,logvar,svm_radial,none,12,4,4,15818,0.05,no_leakage_v1_alpha005,gate_all_sources_proxy_source_only_final_training_only,mmd,,,,,merge_then_adapt,coral,near_nearest_proxy,main,0.0,0,0train,nearest,True,0.6471903314614543,4.0,direct,0.0800767386100905,0.04647895386503091,0.11863310109915948
7,bnci004,MMP_merge_then_adapt,logvar,svm_radial,none,12,4,4,15818,0.05,no_leakage_v1_alpha005,gate_all_sources_proxy_source_only_final_training_only,mmd,,,,,merge_then_adapt,coral,near_nearest_proxy,anchor,0.0,0,0train,target,False,,4.0,direct,0.0800767386100905,0.04647895386503091,0.11863310109915948
7,bnci004,MMP_merge_then_adapt,logvar,svm_radial,none,12,4,4,15818,0.05,no_leakage_v1_alpha005,gate_all_sources_proxy_source_only_final_training_only,mmd,,,,,merge_then_adapt,coral,near_nearest_proxy,final,0.0,0,0train,train,True,0.6471903314614543,4.0,direct,0.0800767386100905,0.04647895386503091,0.11863310109915948
7,bnci004,MMP_merge_then_adapt,logvar,svm_radial,none,12,4,4,15818,0.05,no_leakage_v1_alpha005,gate_all_sources_proxy_source_only_final_training_only,mmd,,,,,merge_then_adapt,coral,near_nearest_proxy,main,1.0,1,1train,far,False,,4.0,direct,0.22661721915710678,0.17318527334196768,0.2802923617050959
7,bnci004,MMP_merge_then_adapt,logvar,svm_radial,none,12,4,4,15818,0.05,no_leakage_v1_alpha005,gate_all_sources_proxy_source_only_final_training_only,mmd,,,,,merge_then_adapt,coral,near_nearest_proxy,anchor,1.0,1,1train,not_used,False,,4.0,direct,0.22661721915710678,0.17318527334196768,0.2802923617050959
7,bnci004,MMP_merge_then_adapt,logvar,svm_radial,none,12,4,4,15818,0.05,no_leakage_v1_alpha005,gate_all_sources_proxy_source_only_final_training_only,mmd,,,,,merge_then_adapt,coral,near_nearest_proxy,final,1.0,1,1train,not_used,False,,4.0,direct,0.22661721915710678,0.17318527334196768,0.2802923617050959
7,bnci004,MMP_merge_then_adapt,logvar,svm_radial,none,12,4,4,15818,0.05,no_leakage_v1_alpha005,gate_all_sources_proxy_source_only_final_training_only,mmd,,,,,merge_then_adapt,coral,near_nearest_proxy,main,2.0,2,2train,far,False,,4.0,direct,0.23029242649832846,0.18101248526963684,0.28425060162640986
7,bnci004,MMP_merge_then_adapt,logvar,svm_radial,none,12,4,4,15818,0.05,no_leakage_v1_alpha005,gate_all_sources_proxy_source_only_final_training_only,mmd,,,,,merge_then_adapt,coral,near_nearest_proxy,anchor,2.0,2,2train,not_used,False,,4.0,direct,0.23029242649832846,0.18101248526963684,0.28425060162640986
7,bnci004,MMP_merge_then_adapt,logvar,svm_radial,none,12,4,4,15818,0.05,no_leakage_v1_alpha005,gate_all_sources_proxy_source_only_final_training_only,mmd,,,,,merge_then_adapt,coral,near_nearest_proxy,final,2.0,2,2train,not_used,False,,4.0,direct,0.23029242649832846,0.18101248526963684,0.28425060162640986
7,bnci004,MMP_merge_then_adapt,logvar,svm_radial,none,12,4,4,15818,0.05,no_leakage_v1_alpha005,gate_all_sources_proxy_source_only_final_training_only,mmd,,,,,merge_then_adapt,coral,near_nearest_proxy,main,3.0,3,3test,near,False,0.3528096685385457,4.0,direct,0.14689275834972634,0.09500342807067588,0.19463681822574233
7,bnci004,MMP_merge_then_adapt,logvar,svm_radial,none,12,4,4,15818,0.05,no_leakage_v1_alpha005,gate_all_sources_proxy_source_only_final_training_only,mmd,,,,,merge_then_adapt,coral,near_nearest_proxy,anchor,3.0,3,3test,proxy_source,False,1.0,4.0,direct,0.14689275834972634,0.09500342807067588,0.19463681822574233
7,bnci004,MMP_merge_then_adapt,logvar,svm_radial,none,12,4,4,15818,0.05,no_leakage_v1_alpha005,gate_all_sources_proxy_source_only_final_training_only,mmd,,,,,merge_then_adapt,coral,near_nearest_proxy,final,3.0,3,3test,train,False,0.3528096685385457,4.0,direct,0.14689275834972634,0.09500342807067588,0.19463681822574233
7,bnci004,MMP_merge_then_adapt,logvar,svm_radial,none,12,4,4,15818,0.05,no_leakage_v1_alpha005,gate_all_sources_proxy_source_only_final_training_only,mmd,,,,,merge_then_adapt,coral,near_nearest_proxy,main,,4,4test,target,False,,,,,,
7,bnci004,MMP_merge_then_adapt,logvar,svm_radial,none,12,4,4,15818,0.05,no_leakage_v1_alpha005,gate_all_sources_proxy_source_only_final_training_only,mmd,,,,,merge_then_adapt,coral,near_nearest_proxy,final,,4,4test,target,False,,,,,,
7,bnci004,MMP_merge_then_adapt,logvar,svm_radial,sa,13,0,0,16691,0.05,no_leakage_v1_alpha005,gate_all_sources_proxy_source_only_final_training_only,mmd,,,,,merge_then_adapt,coral,near_nearest_proxy,main,0.0,1,1train,far,False,,0.0,direct,0.12061999332791105,0.08828786635864913,0.16751108526143882
7,bnci004,MMP_merge_then_adapt,logvar,svm_radial,sa,13,0,0,16691,0.05,no_leakage_v1_alpha005,gate_all_sources_proxy_source_only_final_training_only,mmd,,,,,merge_then_adapt,coral,near_nearest_proxy,anchor,0.0,1,1train,not_used,False,,0.0,direct,0.12061999332791105,0.08828786635864913,0.16751108526143882
7,bnci004,MMP_merge_then_adapt,logvar,svm_radial,sa,13,0,0,16691,0.05,no_leakage_v1_alpha005,gate_all_sources_proxy_source_only_final_training_only,mmd,,,,,merge_then_adapt,coral,near_nearest_proxy,final,0.0,1,1train,not_used,False,,0.0,direct,0.12061999332791105,0.08828786635864913,0.16751108526143882
7,bnci004,MMP_merge_then_adapt,logvar,svm_radial,sa,13,0,0,16691,0.05,no_leakage_v1_alpha005,gate_all_sources_proxy_source_only_final_training_only,mmd,,,,,merge_then_adapt,coral,near_nearest_proxy,main,1.0,2,2train,far,False,,0.0,direct,0.13429809199622875,0.09791181491029936,0.17373484056213678
7,bnci004,MMP_merge_then_adapt,logvar,svm_radial,sa,13,0,0,16691,0.05,no_leakage_v1_alpha005,gate_all_sources_proxy_source_only_final_training_only,mmd,,,,,merge_then_adapt,coral,near_nearest_proxy,anchor,1.0,2,2train,not_used,False,,0.0,direct,0.13429809199622875,0.09791181491029936,0.17373484056213678
7,bnci004,MMP_merge_then_adapt,logvar,svm_radial,sa,13,0,0,16691,0.05,no_leakage_v1_alpha005,gate_all_sources_proxy_source_only_final_training_only,mmd,,,,,merge_then_adapt,coral,near_nearest_proxy,final,1.0,2,2train,not_used,False,,0.0,direct,0.13429809199622875,0.09791181491029936,0.17373484056213678
7,bnci004,MMP_merge_then_adapt,logvar,svm_radial,sa,13,0,0,16691,0.05,no_leakage_v1_alpha005,gate_all_sources_proxy_source_only_final_training_only,mmd,,,,,merge_then_adapt,coral,near_nearest_proxy,main,2.0,3,3test,nearest,True,0.6226958368649718,0.0,direct,0.051876449170447696,0.02560073274609713,0.08722878261655885
7,bnci004,MMP_merge_then_adapt,logvar,svm_radial,sa,13,0,0,16691,0.05,no_leakage_v1_alpha005,gate_all_sources_proxy_source_only_final_training_only,mmd,,,,,merge_then_adapt,coral,near_nearest_proxy,anchor,2.0,3,3test,target,False,,0.0,direct,0.051876449170447696,0.02560073274609713,0.08722878261655885
7,bnci004,MMP_merge_then_adapt,logvar,svm_radial,sa,13,0,0,16691,0.05,no_leakage_v1_alpha005,gate_all_sources_proxy_source_only_final_training_only,mmd,,,,,merge_then_adapt,coral,near_nearest_proxy,final,2.0,3,3test,train,True,0.6226958368649718,0.0,direct,0.051876449170447696,0.02560073274609713,0.08722878261655885
7,bnci004,MMP_merge_then_adapt,logvar,svm_radial,sa,13,0,0,16691,0.05,no_leakage_v1_alpha005,gate_all_sources_proxy_source_only_final_training_only,mmd,,,,,merge_then_adapt,coral,near_nearest_proxy,main,3.0,4,4test,near,False,0.3773041631350282,0.0,direct,0.08561658597413402,0.049281790146331945,0.130748160877822
7,bnci004,MMP_merge_then_adapt,logvar,svm_radial,sa,13,0,0,16691,0.05,no_leakage_v1_alpha005,gate_all_sources_proxy_source_only_final_training_only,mmd,,,,,merge_then_adapt,coral,near_nearest_proxy,anchor,3.0,4,4test,proxy_source,False,1.0,0.0,direct,0.08561658597413402,0.049281790146331945,0.130748160877822
7,bnci004,MMP_merge_then_adapt,logvar,svm_radial,sa,13,0,0,16691,0.05,no_leakage_v1_alpha005,gate_all_sources_proxy_source_only_final_training_only,mmd,,,,,merge_then_adapt,coral,near_nearest_proxy,final,3.0,4,4test,train,False,0.3773041631350282,0.0,direct,0.08561658597413402,0.049281790146331945,0.130748160877822
7,bnci004,MMP_merge_then_adapt,logvar,svm_radial,sa,13,0,0,16691,0.05,no_leakage_v1_alpha005,gate_all_sources_proxy_source_only_final_training_only,mmd,,,,,merge_then_adapt,coral,near_nearest_proxy,main,,0,0train,target,False,,,,,,
7,bnci004,MMP_merge_then_adapt,logvar,svm_radial,sa,13,0,0,16691,0.05,no_leakage_v1_alpha005,gate_all_sources_proxy_source_only_final_training_only,mmd,,,,,merge_then_adapt,coral,near_nearest_proxy,final,,0,0train,target,False,,,,,,
7,bnci004,MMP_merge_then_adapt,logvar,svm_radial,sa,13,1,1,16722,0.05,no_leakage_v1_alpha005,gate_all_sources_proxy_source_only_final_training_only,mmd,,,,,merge_then_adapt,coral,near_nearest_proxy,main,0.0,0,0train,nearest,True,0.3059708932887286,1.0,direct,0.13852876189274563,0.09593270745130678,0.19568516946823802
7,bnci004,MMP_merge_then_adapt,logvar,svm_radial,sa,13,1,1,16722,0.05,no_leakage_v1_alpha005,gate_all_sources_proxy_source_only_final_training_only,mmd,,,,,merge_then_adapt,coral,near_nearest_proxy,anchor,0.0,0,0train,target,False,,1.0,direct,0.13852876189274563,0.09593270745130678,0.19568516946823802
7,bnci004,MMP_merge_then_adapt,logvar,svm_radial,sa,13,1,1,16722,0.05,no_leakage_v1_alpha005,gate_all_sources_proxy_source_only_final_training_only,mmd,,,,,merge_then_adapt,coral,near_nearest_proxy,final,0.0,0,0train,train,True,0.3059708932887286,1.0,direct,0.13852876189274563,0.09593270745130678,0.19568516946823802
7,bnci004,MMP_merge_then_adapt,logvar,svm_radial,sa,13,1,1,16722,0.05,no_leakage_v1_alpha005,gate_all_sources_proxy_source_only_final_training_only,mmd,,,,,merge_then_adapt,coral,near_nearest_proxy,main,1.0,2,2train,near,False,0.2212675289693315,1.0,direct,0.19155930345181432,0.13659295266100718,0.24785632762512447
7,bnci004,MMP_merge_then_adapt,logvar,svm_radial,sa,13,1,1,16722,0.05,no_leakage_v1_alpha005,gate_all_sources_proxy_source_only_final_training_only,mmd,,,,,merge_then_adapt,coral,near_nearest_proxy,anchor,1.0,2,2train,proxy_source,False,0.31881592116191004,1.0,direct,0.19155930345181432,0.13659295266100718,0.24785632762512447
7,bnci004,MMP_merge_then_adapt,logvar,svm_radial,sa,13,1,1,16722,0.05,no_leakage_v1_alpha005,gate_all_sources_proxy_source_only_final_training_only,mmd,,,,,merge_then_adapt,coral,near_nearest_proxy,final,1.0,2,2train,train,False,0.2212675289693315,1.0,direct,0.19155930345181432,0.13659295266100718,0.24785632762512447
7,bnci004,MMP_merge_then_adapt,logvar,svm_radial,sa,13,1,1,16722,0.05,no_leakage_v1_alpha005,gate_all_sources_proxy_source_only_final_training_only,mmd,,,,,merge_then_adapt,coral,near_nearest_proxy,main,2.0,3,3test,near,False,0.30466586307426974,1.0,direct,0.13912215139509285,0.10416427411647679,0.18656270009502077
7,bnci004,MMP_merge_then_adapt,logvar,svm_radial,sa,13,1,1,16722,0.05,no_leakage_v1_alpha005,gate_all_sources_proxy_source_only_final_training_only,mmd,,,,,merge_then_adapt,coral,near_nearest_proxy,anchor,2.0,3,3test,proxy_source,False,0.4389813915989208,1.0,direct,0.13912215139509285,0.10416427411647679,0.18656270009502077
7,bnci004,MMP_merge_then_adapt,logvar,svm_radial,sa,13,1,1,16722,0.05,no_leakage_v1_alpha005,gate_all_sources_proxy_source_only_final_training_only,mmd,,,,,merge_then_adapt,coral,near_nearest_proxy,final,2.0,3,3test,train,False,0.30466586307426974,1.0,direct,0.13912215139509285,0.10416427411647679,0.18656270009502077
7,bnci004,MMP_merge_then_adapt,logvar,svm_radial,sa,13,1,1,16722,0.05,no_leakage_v1_alpha005,gate_all_sources_proxy_source_only_final_training_only,mmd,,,,,merge_then_adapt,coral,near_nearest_proxy,main,3.0,4,4test,near,False,0.16809571466767,1.0,direct,0.25215340546593784,0.19291796749427167,0.30751137434288695
7,bnci004,MMP_merge_then_adapt,logvar,svm_radial,sa,13,1,1,16722,0.05,no_leakage_v1_alpha005,gate_all_sources_proxy_source_only_final_training_only,mmd,,,,,merge_then_adapt,coral,near_nearest_proxy,anchor,3.0,4,4test,proxy_source,False,0.2422026872391692,1.0,direct,0.25215340546593784,0.19291796749427167,0.30751137434288695
7,bnci004,MMP_merge_then_adapt,logvar,svm_radial,sa,13,1,1,16722,0.05,no_leakage_v1_alpha005,gate_all_sources_proxy_source_only_final_training_only,mmd,,,,,merge_then_adapt,coral,near_nearest_proxy,final,3.0,4,4test,train,False,0.16809571466767,1.0,direct,0.25215340546593784,0.19291796749427167,0.30751137434288695
7,bnci004,MMP_merge_then_adapt,logvar,svm_radial,sa,13,1,1,16722,0.05,no_leakage_v1_alpha005,gate_all_sources_proxy_source_only_final_training_only,mmd,,,,,merge_then_adapt,coral,near_nearest_proxy,main,,1,1train,target,False,,,,,,
7,bnci004,MMP_merge_then_adapt,logvar,svm_radial,sa,13,1,1,16722,0.05,no_leakage_v1_alpha005,gate_all_sources_proxy_source_only_final_training_only,mmd,,,,,merge_then_adapt,coral,near_nearest_proxy,final,,1,1train,target,False,,,,,,
7,bnci004,MMP_merge_then_adapt,logvar,svm_radial,sa,13,2,2,16753,0.05,no_leakage_v1_alpha005,gate_all_sources_proxy_source_only_final_training_only,mmd,,,,,merge_then_adapt,coral,near_nearest_proxy,main,0.0,0,0train,near,False,0.3781761230273942,2.0,direct,0.12605399033501002,0.0947887067845172,0.17028568059279703
7,bnci004,MMP_merge_then_adapt,logvar,svm_radial,sa,13,2,2,16753,0.05,no_leakage_v1_alpha005,gate_all_sources_proxy_source_only_final_training_only,mmd,,,,,merge_then_adapt,coral,near_nearest_proxy,anchor,0.0,0,0train,proxy_source,False,1.0,2.0,direct,0.12605399033501002,0.0947887067845172,0.17028568059279703
7,bnci004,MMP_merge_then_adapt,logvar,svm_radial,sa,13,2,2,16753,0.05,no_leakage_v1_alpha005,gate_all_sources_proxy_source_only_final_training_only,mmd,,,,,merge_then_adapt,coral,near_nearest_proxy,final,0.0,0,0train,train,False,0.3781761230273942,2.0,direct,0.12605399033501002,0.0947887067845172,0.17028568059279703
7,bnci004,MMP_merge_then_adapt,logvar,svm_radial,sa,13,2,2,16753,0.05,no_leakage_v1_alpha005,gate_all_sources_proxy_source_only_final_training_only,mmd,,,,,merge_then_adapt,coral,near_nearest_proxy,main,1.0,1,1train,far,False,,2.0,direct,0.15734109263833093,0.12148798123024612,0.20127851371018146
7,bnci004,MMP_merge_then_adapt,logvar,svm_radial,sa,13,2,2,16753,0.05,no_leakage_v1_alpha005,gate_all_sources_proxy_source_only_final_training_only,mmd,,,,,merge_then_adapt,coral,near_nearest_proxy,anchor,1.0,1,1train,not_used,False,,2.0,direct,0.15734109263833093,0.12148798123024612,0.20127851371018146
7,bnci004,MMP_merge_then_adapt,logvar,svm_radial,sa,13,2,2,16753,0.05,no_leakage_v1_alpha005,gate_all_sources_proxy_source_only_final_training_only,mmd,,,,,merge_then_adapt,coral,near_nearest_proxy,final,1.0,1,1train,not_used,False,,2.0,direct,0.15734109263833093,0.12148798123024612,0.20127851371018146
7,bnci004,MMP_merge_then_adapt,logvar,svm_radial,sa,13,2,2,16753,0.05,no_leakage_v1_alpha005,gate_all_sources_proxy_source_only_final_training_only,mmd,,,,,merge_then_adapt,coral,near_nearest_proxy,main,2.0,3,3test,nearest,True,0.6218238769726058,2.0,direct,0.07666216669157087,0.05515966725575752,0.10385789831239849
7,bnci004,MMP_merge_then_adapt,logvar,svm_radial,sa,13,2,2,16753,0.05,no_leakage_v1_alpha005,gate_all_sources_proxy_source_only_final_training_only,mmd,,,,,merge_then_adapt,coral,near_nearest_proxy,anchor,2.0,3,3test,target,False,,2.0,direct,0.07666216669157087,0.05515966725575752,0.10385789831239849
7,bnci004,MMP_merge_then_adapt,logvar,svm_radial,sa,13,2,2,16753,0.05,no_leakage_v1_alpha005,gate_all_sources_proxy_source_only_final_training_only,mmd,,,,,merge_then_adapt,coral,near_nearest_proxy,final,2.0,3,3test,train,True,0.6218238769726058,2.0,direct,0.07666216669157087,0.05515966725575752,0.10385789831239849
7,bnci004,MMP_merge_then_adapt,logvar,svm_radial,sa,13,2,2,16753,0.05,no_leakage_v1_alpha005,gate_all_sources_proxy_source_only_final_training_only,mmd,,,,,merge_then_adapt,coral,near_nearest_proxy,main,3.0,4,4test,far,False,,2.0,direct,0.17982009635450674,0.13850855389939634,0.22415815922674384
7,bnci004,MMP_merge_then_adapt,logvar,svm_radial,sa,13,2,2,16753,0.05,no_leakage_v1_alpha005,gate_all_sources_proxy_source_only_final_training_only,mmd,,,,,merge_then_adapt,coral,near_nearest_proxy,anchor,3.0,4,4test,not_used,False,,2.0,direct,0.17982009635450674,0.13850855389939634,0.22415815922674384
7,bnci004,MMP_merge_then_adapt,logvar,svm_radial,sa,13,2,2,16753,0.05,no_leakage_v1_alpha005,gate_all_sources_proxy_source_only_final_training_only,mmd,,,,,merge_then_adapt,coral,near_nearest_proxy,final,3.0,4,4test,not_used,False,,2.0,direct,0.17982009635450674,0.13850855389939634,0.22415815922674384
7,bnci004,MMP_merge_then_adapt,logvar,svm_radial,sa,13,2,2,16753,0.05,no_leakage_v1_alpha005,gate_all_sources_proxy_source_only_final_training_only,mmd,,,,,merge_then_adapt,coral,near_nearest_proxy,main,,2,2train,target,False,,,,,,
7,bnci004,MMP_merge_then_adapt,logvar,svm_radial,sa,13,2,2,16753,0.05,no_leakage_v1_alpha005,gate_all_sources_proxy_source_only_final_training_only,mmd,,,,,merge_then_adapt,coral,near_nearest_proxy,final,,2,2train,target,False,,,,,,
7,bnci004,MMP_merge_then_adapt,logvar,svm_radial,sa,13,3,3,16784,0.05,no_leakage_v1_alpha005,gate_all_sources_proxy_source_only_final_training_only,mmd,,,,,merge_then_adapt,coral,near_nearest_proxy,main,0.0,0,0train,near,False,0.3718126604697506,3.0,direct,0.06098522890342216,0.028748253011141596,0.0992706229930585
7,bnci004,MMP_merge_then_adapt,logvar,svm_radial,sa,13,3,3,16784,0.05,no_leakage_v1_alpha005,gate_all_sources_proxy_source_only_final_training_only,mmd,,,,,merge_then_adapt,coral,near_nearest_proxy,anchor,0.0,0,0train,proxy_source,False,0.6032348224277293,3.0,direct,0.06098522890342216,0.028748253011141596,0.0992706229930585
7,bnci004,MMP_merge_then_adapt,logvar,svm_radial,sa,13,3,3,16784,0.05,no_leakage_v1_alpha005,gate_all_sources_proxy_source_only_final_training_only,mmd,,,,,merge_then_adapt,coral,near_nearest_proxy,final,0.0,0,0train,train,False,0.3718126604697506,3.0,direct,0.06098522890342216,0.028748253011141596,0.0992706229930585
7,bnci004,MMP_merge_then_adapt,logvar,svm_radial,sa,13,3,3,16784,0.05,no_leakage_v1_alpha005,gate_all_sources_proxy_source_only_final_training_only,mmd,,,,,merge_then_adapt,coral,near_nearest_proxy,main,1.0,1,1train,near,False,0.24455205629740132,3.0,direct,0.0927213936036867,0.06399288439852935,0.12658440229235837
7,bnci004,MMP_merge_then_adapt,logvar,svm_radial,sa,13,3,3,16784,0.05,no_leakage_v1_alpha005,gate_all_sources_proxy_source_only_final_training_only,mmd,,,,,merge_then_adapt,coral,near_nearest_proxy,anchor,1.0,1,1train,proxy_source,False,0.3967651775722706,3.0,direct,0.0927213936036867,0.06399288439852935,0.12658440229235837
7,bnci004,MMP_merge_then_adapt,logvar,svm_radial,sa,13,3,3,16784,0.05,no_leakage_v1_alpha005,gate_all_sources_proxy_source_only_final_training_only,mmd,,,,,merge_then_adapt,coral,near_nearest_proxy,final,1.0,1,1train,train,False,0.24455205629740132,3.0,direct,0.0927213936036867,0.06399288439852935,0.12658440229235837
7,bnci004,MMP_merge_then_adapt,logvar,svm_radial,sa,13,3,3,16784,0.05,no_leakage_v1_alpha005,gate_all_sources_proxy_source_only_final_training_only,mmd,,,,,merge_then_adapt,coral,near_nearest_proxy,main,2.0,2,2train,nearest,True,0.3836352832328482,3.0,direct,0.05910579494731376,0.03881073072402015,0.08713647794634895
7,bnci004,MMP_merge_then_adapt,logvar,svm_radial,sa,13,3,3,16784,0.05,no_leakage_v1_alpha005,gate_all_sources_proxy_source_only_final_training_only,mmd,,,,,merge_then_adapt,coral,near_nearest_proxy,anchor,2.0,2,2train,target,False,,3.0,direct,0.05910579494731376,0.03881073072402015,0.08713647794634895
7,bnci004,MMP_merge_then_adapt,logvar,svm_radial,sa,13,3,3,16784,0.05,no_leakage_v1_alpha005,gate_all_sources_proxy_source_only_final_training_only,mmd,,,,,merge_then_adapt,coral,near_nearest_proxy,final,2.0,2,2train,train,True,0.3836352832328482,3.0,direct,0.05910579494731376,0.03881073072402015,0.08713647794634895
7,bnci004,MMP_merge_then_adapt,logvar,svm_radial,sa,13,3,3,16784,0.05,no_leakage_v1_alpha005,gate_all_sources_proxy_source_only_final_training_only,mmd,,,,,merge_then_adapt,coral,near_nearest_proxy,main,3.0,4,4test,far,False,,3.0,direct,0.17559492519510642,0.11138809607306817,0.2373638702185058
7,bnci004,MMP_merge_then_adapt,logvar,svm_radial,sa,13,3,3,16784,0.05,no_leakage_v1_alpha005,gate_all_sources_proxy_source_only_final_training_only,mmd,,,,,merge_then_adapt,coral,near_nearest_proxy,anchor,3.0,4,4test,not_used,False,,3.0,direct,0.17559492519510642,0.11138809607306817,0.2373638702185058
7,bnci004,MMP_merge_then_adapt,logvar,svm_radial,sa,13,3,3,16784,0.05,no_leakage_v1_alpha005,gate_all_sources_proxy_source_only_final_training_only,mmd,,,,,merge_then_adapt,coral,near_nearest_proxy,final,3.0,4,4test,not_used,False,,3.0,direct,0.17559492519510642,0.11138809607306817,0.2373638702185058
7,bnci004,MMP_merge_then_adapt,logvar,svm_radial,sa,13,3,3,16784,0.05,no_leakage_v1_alpha005,gate_all_sources_proxy_source_only_final_training_only,mmd,,,,,merge_then_adapt,coral,near_nearest_proxy,main,,3,3test,target,False,,,,,,
7,bnci004,MMP_merge_then_adapt,logvar,svm_radial,sa,13,3,3,16784,0.05,no_leakage_v1_alpha005,gate_all_sources_proxy_source_only_final_training_only,mmd,,,,,merge_then_adapt,coral,near_nearest_proxy,final,,3,3test,target,False,,,,,,
7,bnci004,MMP_merge_then_adapt,logvar,svm_radial,sa,13,4,4,16815,0.05,no_leakage_v1_alpha005,gate_all_sources_proxy_source_only_final_training_only,mmd,,,,,merge_then_adapt,coral,near_nearest_proxy,main,0.0,0,0train,nearest,True,0.6609781513034013,4.0,direct,0.07703367588110796,0.04464482378354155,0.11411085962451381
7,bnci004,MMP_merge_then_adapt,logvar,svm_radial,sa,13,4,4,16815,0.05,no_leakage_v1_alpha005,gate_all_sources_proxy_source_only_final_training_only,mmd,,,,,merge_then_adapt,coral,near_nearest_proxy,anchor,0.0,0,0train,target,False,,4.0,direct,0.07703367588110796,0.04464482378354155,0.11411085962451381
7,bnci004,MMP_merge_then_adapt,logvar,svm_radial,sa,13,4,4,16815,0.05,no_leakage_v1_alpha005,gate_all_sources_proxy_source_only_final_training_only,mmd,,,,,merge_then_adapt,coral,near_nearest_proxy,final,0.0,0,0train,train,True,0.6609781513034013,4.0,direct,0.07703367588110796,0.04464482378354155,0.11411085962451381
7,bnci004,MMP_merge_then_adapt,logvar,svm_radial,sa,13,4,4,16815,0.05,no_leakage_v1_alpha005,gate_all_sources_proxy_source_only_final_training_only,mmd,,,,,merge_then_adapt,coral,near_nearest_proxy,main,1.0,1,1train,far,False,,4.0,direct,0.22776515867912941,0.17819129372369946,0.28609933297098794
7,bnci004,MMP_merge_then_adapt,logvar,svm_radial,sa,13,4,4,16815,0.05,no_leakage_v1_alpha005,gate_all_sources_proxy_source_only_final_training_only,mmd,,,,,merge_then_adapt,coral,near_nearest_proxy,anchor,1.0,1,1train,not_used,False,,4.0,direct,0.22776515867912941,0.17819129372369946,0.28609933297098794
7,bnci004,MMP_merge_then_adapt,logvar,svm_radial,sa,13,4,4,16815,0.05,no_leakage_v1_alpha005,gate_all_sources_proxy_source_only_final_training_only,mmd,,,,,merge_then_adapt,coral,near_nearest_proxy,final,1.0,1,1train,not_used,False,,4.0,direct,0.22776515867912941,0.17819129372369946,0.28609933297098794
7,bnci004,MMP_merge_then_adapt,logvar,svm_radial,sa,13,4,4,16815,0.05,no_leakage_v1_alpha005,gate_all_sources_proxy_source_only_final_training_only,mmd,,,,,merge_then_adapt,coral,near_nearest_proxy,main,2.0,2,2train,far,False,,4.0,direct,0.23051456081212998,0.17841282956149682,0.2872669252931323
7,bnci004,MMP_merge_then_adapt,logvar,svm_radial,sa,13,4,4,16815,0.05,no_leakage_v1_alpha005,gate_all_sources_proxy_source_only_final_training_only,mmd,,,,,merge_then_adapt,coral,near_nearest_proxy,anchor,2.0,2,2train,not_used,False,,4.0,direct,0.23051456081212998,0.17841282956149682,0.2872669252931323
7,bnci004,MMP_merge_then_adapt,logvar,svm_radial,sa,13,4,4,16815,0.05,no_leakage_v1_alpha005,gate_all_sources_proxy_source_only_final_training_only,mmd,,,,,merge_then_adapt,coral,near_nearest_proxy,final,2.0,2,2train,not_used,False,,4.0,direct,0.23051456081212998,0.17841282956149682,0.2872669252931323
7,bnci004,MMP_merge_then_adapt,logvar,svm_radial,sa,13,4,4,16815,0.05,no_leakage_v1_alpha005,gate_all_sources_proxy_source_only_final_training_only,mmd,,,,,merge_then_adapt,coral,near_nearest_proxy,main,3.0,3,3test,near,False,0.3390218486965987,4.0,direct,0.1501906110891124,0.10196299653317607,0.20735465242087878
7,bnci004,MMP_merge_then_adapt,logvar,svm_radial,sa,13,4,4,16815,0.05,no_leakage_v1_alpha005,gate_all_sources_proxy_source_only_final_training_only,mmd,,,,,merge_then_adapt,coral,near_nearest_proxy,anchor,3.0,3,3test,proxy_source,False,1.0,4.0,direct,0.1501906110891124,0.10196299653317607,0.20735465242087878
7,bnci004,MMP_merge_then_adapt,logvar,svm_radial,sa,13,4,4,16815,0.05,no_leakage_v1_alpha005,gate_all_sources_proxy_source_only_final_training_only,mmd,,,,,merge_then_adapt,coral,near_nearest_proxy,final,3.0,3,3test,train,False,0.3390218486965987,4.0,direct,0.1501906110891124,0.10196299653317607,0.20735465242087878
7,bnci004,MMP_merge_then_adapt,logvar,svm_radial,sa,13,4,4,16815,0.05,no_leakage_v1_alpha005,gate_all_sources_proxy_source_only_final_training_only,mmd,,,,,merge_then_adapt,coral,near_nearest_proxy,main,,4,4test,target,False,,,,,,
7,bnci004,MMP_merge_then_adapt,logvar,svm_radial,sa,13,4,4,16815,0.05,no_leakage_v1_alpha005,gate_all_sources_proxy_source_only_final_training_only,mmd,,,,,merge_then_adapt,coral,near_nearest_proxy,final,,4,4test,target,False,,,,,,
7,bnci004,MMP_merge_then_adapt,logvar,svm_radial,pt,14,0,0,17688,0.05,no_leakage_v1_alpha005,gate_all_sources_proxy_source_only_final_training_only,mmd,,,,,merge_then_adapt,coral,near_nearest_proxy,main,0.0,1,1train,far,False,,0.0,direct,0.12491709382419852,0.08776339947653443,0.1690583661184496
7,bnci004,MMP_merge_then_adapt,logvar,svm_radial,pt,14,0,0,17688,0.05,no_leakage_v1_alpha005,gate_all_sources_proxy_source_only_final_training_only,mmd,,,,,merge_then_adapt,coral,near_nearest_proxy,anchor,0.0,1,1train,not_used,False,,0.0,direct,0.12491709382419852,0.08776339947653443,0.1690583661184496
7,bnci004,MMP_merge_then_adapt,logvar,svm_radial,pt,14,0,0,17688,0.05,no_leakage_v1_alpha005,gate_all_sources_proxy_source_only_final_training_only,mmd,,,,,merge_then_adapt,coral,near_nearest_proxy,final,0.0,1,1train,not_used,False,,0.0,direct,0.12491709382419852,0.08776339947653443,0.1690583661184496
7,bnci004,MMP_merge_then_adapt,logvar,svm_radial,pt,14,0,0,17688,0.05,no_leakage_v1_alpha005,gate_all_sources_proxy_source_only_final_training_only,mmd,,,,,merge_then_adapt,coral,near_nearest_proxy,main,1.0,2,2train,far,False,,0.0,direct,0.13728780791789227,0.10514682803091904,0.1848702508244812
7,bnci004,MMP_merge_then_adapt,logvar,svm_radial,pt,14,0,0,17688,0.05,no_leakage_v1_alpha005,gate_all_sources_proxy_source_only_final_training_only,mmd,,,,,merge_then_adapt,coral,near_nearest_proxy,anchor,1.0,2,2train,not_used,False,,0.0,direct,0.13728780791789227,0.10514682803091904,0.1848702508244812
7,bnci004,MMP_merge_then_adapt,logvar,svm_radial,pt,14,0,0,17688,0.05,no_leakage_v1_alpha005,gate_all_sources_proxy_source_only_final_training_only,mmd,,,,,merge_then_adapt,coral,near_nearest_proxy,final,1.0,2,2train,not_used,False,,0.0,direct,0.13728780791789227,0.10514682803091904,0.1848702508244812
7,bnci004,MMP_merge_then_adapt,logvar,svm_radial,pt,14,0,0,17688,0.05,no_leakage_v1_alpha005,gate_all_sources_proxy_source_only_final_training_only,mmd,,,,,merge_then_adapt,coral,near_nearest_proxy,main,2.0,3,3test,nearest,True,0.641489777977611,0.0,direct,0.04873513198643829,0.023140865879317917,0.08357998500562298
7,bnci004,MMP_merge_then_adapt,logvar,svm_radial,pt,14,0,0,17688,0.05,no_leakage_v1_alpha005,gate_all_sources_proxy_source_only_final_training_only,mmd,,,,,merge_then_adapt,coral,near_nearest_proxy,anchor,2.0,3,3test,target,False,,0.0,direct,0.04873513198643829,0.023140865879317917,0.08357998500562298
7,bnci004,MMP_merge_then_adapt,logvar,svm_radial,pt,14,0,0,17688,0.05,no_leakage_v1_alpha005,gate_all_sources_proxy_source_only_final_training_only,mmd,,,,,merge_then_adapt,coral,near_nearest_proxy,final,2.0,3,3test,train,True,0.641489777977611,0.0,direct,0.04873513198643829,0.023140865879317917,0.08357998500562298
7,bnci004,MMP_merge_then_adapt,logvar,svm_radial,pt,14,0,0,17688,0.05,no_leakage_v1_alpha005,gate_all_sources_proxy_source_only_final_training_only,mmd,,,,,merge_then_adapt,coral,near_nearest_proxy,main,3.0,4,4test,near,False,0.35851022202238914,0.0,direct,0.08720357205126891,0.049283167507793095,0.13374179094062866
7,bnci004,MMP_merge_then_adapt,logvar,svm_radial,pt,14,0,0,17688,0.05,no_leakage_v1_alpha005,gate_all_sources_proxy_source_only_final_training_only,mmd,,,,,merge_then_adapt,coral,near_nearest_proxy,anchor,3.0,4,4test,proxy_source,False,1.0,0.0,direct,0.08720357205126891,0.049283167507793095,0.13374179094062866
7,bnci004,MMP_merge_then_adapt,logvar,svm_radial,pt,14,0,0,17688,0.05,no_leakage_v1_alpha005,gate_all_sources_proxy_source_only_final_training_only,mmd,,,,,merge_then_adapt,coral,near_nearest_proxy,final,3.0,4,4test,train,False,0.35851022202238914,0.0,direct,0.08720357205126891,0.049283167507793095,0.13374179094062866
7,bnci004,MMP_merge_then_adapt,logvar,svm_radial,pt,14,0,0,17688,0.05,no_leakage_v1_alpha005,gate_all_sources_proxy_source_only_final_training_only,mmd,,,,,merge_then_adapt,coral,near_nearest_proxy,main,,0,0train,target,False,,,,,,
7,bnci004,MMP_merge_then_adapt,logvar,svm_radial,pt,14,0,0,17688,0.05,no_leakage_v1_alpha005,gate_all_sources_proxy_source_only_final_training_only,mmd,,,,,merge_then_adapt,coral,near_nearest_proxy,final,,0,0train,target,False,,,,,,
7,bnci004,MMP_merge_then_adapt,logvar,svm_radial,pt,14,1,1,17719,0.05,no_leakage_v1_alpha005,gate_all_sources_proxy_source_only_final_training_only,mmd,,,,,merge_then_adapt,coral,near_nearest_proxy,main,0.0,0,0train,nearest,True,0.3655269965115955,1.0,direct,0.13856151709152276,0.09382331372090481,0.1857865413816347
7,bnci004,MMP_merge_then_adapt,logvar,svm_radial,pt,14,1,1,17719,0.05,no_leakage_v1_alpha005,gate_all_sources_proxy_source_only_final_training_only,mmd,,,,,merge_then_adapt,coral,near_nearest_proxy,anchor,0.0,0,0train,target,False,,1.0,direct,0.13856151709152276,0.09382331372090481,0.1857865413816347
7,bnci004,MMP_merge_then_adapt,logvar,svm_radial,pt,14,1,1,17719,0.05,no_leakage_v1_alpha005,gate_all_sources_proxy_source_only_final_training_only,mmd,,,,,merge_then_adapt,coral,near_nearest_proxy,final,0.0,0,0train,train,True,0.3655269965115955,1.0,direct,0.13856151709152276,0.09382331372090481,0.1857865413816347
7,bnci004,MMP_merge_then_adapt,logvar,svm_radial,pt,14,1,1,17719,0.05,no_leakage_v1_alpha005,gate_all_sources_proxy_source_only_final_training_only,mmd,,,,,merge_then_adapt,coral,near_nearest_proxy,main,1.0,2,2train,near,False,0.27053392907822754,1.0,direct,0.18721522413174455,0.13536878865520122,0.2408760718517687
7,bnci004,MMP_merge_then_adapt,logvar,svm_radial,pt,14,1,1,17719,0.05,no_leakage_v1_alpha005,gate_all_sources_proxy_source_only_final_training_only,mmd,,,,,merge_then_adapt,coral,near_nearest_proxy,anchor,1.0,2,2train,proxy_source,False,0.4263915526599262,1.0,direct,0.18721522413174455,0.13536878865520122,0.2408760718517687
7,bnci004,MMP_merge_then_adapt,logvar,svm_radial,pt,14,1,1,17719,0.05,no_leakage_v1_alpha005,gate_all_sources_proxy_source_only_final_training_only,mmd,,,,,merge_then_adapt,coral,near_nearest_proxy,final,1.0,2,2train,train,False,0.27053392907822754,1.0,direct,0.18721522413174455,0.13536878865520122,0.2408760718517687
7,bnci004,MMP_merge_then_adapt,logvar,svm_radial,pt,14,1,1,17719,0.05,no_leakage_v1_alpha005,gate_all_sources_proxy_source_only_final_training_only,mmd,,,,,merge_then_adapt,coral,near_nearest_proxy,main,2.0,3,3test,near,False,0.363939074410177,1.0,direct,0.1391660866439249,0.09836554939154381,0.19054502734245218
7,bnci004,MMP_merge_then_adapt,logvar,svm_radial,pt,14,1,1,17719,0.05,no_leakage_v1_alpha005,gate_all_sources_proxy_source_only_final_training_only,mmd,,,,,merge_then_adapt,coral,near_nearest_proxy,anchor,2.0,3,3test,proxy_source,False,0.5736084473400739,1.0,direct,0.1391660866439249,0.09836554939154381,0.19054502734245218
7,bnci004,MMP_merge_then_adapt,logvar,svm_radial,pt,14,1,1,17719,0.05,no_leakage_v1_alpha005,gate_all_sources_proxy_source_only_final_training_only,mmd,,,,,merge_then_adapt,coral,near_nearest_proxy,final,2.0,3,3test,train,False,0.363939074410177,1.0,direct,0.1391660866439249,0.09836554939154381,0.19054502734245218
7,bnci004,MMP_merge_then_adapt,logvar,svm_radial,pt,14,1,1,17719,0.05,no_leakage_v1_alpha005,gate_all_sources_proxy_source_only_final_training_only,mmd,,,,,merge_then_adapt,coral,near_nearest_proxy,main,3.0,4,4test,far,False,,1.0,direct,0.2480713642278125,0.1913147359538607,0.31045280897965816
7,bnci004,MMP_merge_then_adapt,logvar,svm_radial,pt,14,1,1,17719,0.05,no_leakage_v1_alpha005,gate_all_sources_proxy_source_only_final_training_only,mmd,,,,,merge_then_adapt,coral,near_nearest_proxy,anchor,3.0,4,4test,not_used,False,,1.0,direct,0.2480713642278125,0.1913147359538607,0.31045280897965816
7,bnci004,MMP_merge_then_adapt,logvar,svm_radial,pt,14,1,1,17719,0.05,no_leakage_v1_alpha005,gate_all_sources_proxy_source_only_final_training_only,mmd,,,,,merge_then_adapt,coral,near_nearest_proxy,final,3.0,4,4test,not_used,False,,1.0,direct,0.2480713642278125,0.1913147359538607,0.31045280897965816
7,bnci004,MMP_merge_then_adapt,logvar,svm_radial,pt,14,1,1,17719,0.05,no_leakage_v1_alpha005,gate_all_sources_proxy_source_only_final_training_only,mmd,,,,,merge_then_adapt,coral,near_nearest_proxy,main,,1,1train,target,False,,,,,,
7,bnci004,MMP_merge_then_adapt,logvar,svm_radial,pt,14,1,1,17719,0.05,no_leakage_v1_alpha005,gate_all_sources_proxy_source_only_final_training_only,mmd,,,,,merge_then_adapt,coral,near_nearest_proxy,final,,1,1train,target,False,,,,,,
7,bnci004,MMP_merge_then_adapt,logvar,svm_radial,pt,14,2,2,17750,0.05,no_leakage_v1_alpha005,gate_all_sources_proxy_source_only_final_training_only,mmd,,,,,merge_then_adapt,coral,near_nearest_proxy,main,0.0,0,0train,near,False,0.38351690352117,2.0,direct,0.12378553517842335,0.09210468820127718,0.15615967967361527
7,bnci004,MMP_merge_then_adapt,logvar,svm_radial,pt,14,2,2,17750,0.05,no_leakage_v1_alpha005,gate_all_sources_proxy_source_only_final_training_only,mmd,,,,,merge_then_adapt,coral,near_nearest_proxy,anchor,0.0,0,0train,proxy_source,False,1.0,2.0,direct,0.12378553517842335,0.09210468820127718,0.15615967967361527
7,bnci004,MMP_merge_then_adapt,logvar,svm_radial,pt,14,2,2,17750,0.05,no_leakage_v1_alpha005,gate_all_sources_proxy_source_only_final_training_only,mmd,,,,,merge_then_adapt,coral,near_nearest_proxy,final,0.0,0,0train,train,False,0.38351690352117,2.0,direct,0.12378553517842335,0.09210468820127718,0.15615967967361527
7,bnci004,MMP_merge_then_adapt,logvar,svm_radial,pt,14,2,2,17750,0.05,no_leakage_v1_alpha005,gate_all_sources_proxy_source_only_final_training_only,mmd,,,,,merge_then_adapt,coral,near_nearest_proxy,main,1.0,1,1train,far,False,,2.0,direct,0.15435788981414109,0.11610801549488146,0.20344869917893071
7,bnci004,MMP_merge_then_adapt,logvar,svm_radial,pt,14,2,2,17750,0.05,no_leakage_v1_alpha005,gate_all_sources_proxy_source_only_final_training_only,mmd,,,,,merge_then_adapt,coral,near_nearest_proxy,anchor,1.0,1,1train,not_used,False,,2.0,direct,0.15435788981414109,0.11610801549488146,0.20344869917893071
7,bnci004,MMP_merge_then_adapt,logvar,svm_radial,pt,14,2,2,17750,0.05,no_leakage_v1_alpha005,gate_all_sources_proxy_source_only_final_training_only,mmd,,,,,merge_then_adapt,coral,near_nearest_proxy,final,1.0,1,1train,not_used,False,,2.0,direct,0.15435788981414109,0.11610801549488146,0.20344869917893071
7,bnci004,MMP_merge_then_adapt,logvar,svm_radial,pt,14,2,2,17750,0.05,no_leakage_v1_alpha005,gate_all_sources_proxy_source_only_final_training_only,mmd,,,,,merge_then_adapt,coral,near_nearest_proxy,main,2.0,3,3test,nearest,True,0.61648309647883,2.0,direct,0.07700715957550519,0.05469491758277611,0.10359571645189561
7,bnci004,MMP_merge_then_adapt,logvar,svm_radial,pt,14,2,2,17750,0.05,no_leakage_v1_alpha005,gate_all_sources_proxy_source_only_final_training_only,mmd,,,,,merge_then_adapt,coral,near_nearest_proxy,anchor,2.0,3,3test,target,False,,2.0,direct,0.07700715957550519,0.05469491758277611,0.10359571645189561
7,bnci004,MMP_merge_then_adapt,logvar,svm_radial,pt,14,2,2,17750,0.05,no_leakage_v1_alpha005,gate_all_sources_proxy_source_only_final_training_only,mmd,,,,,merge_then_adapt,coral,near_nearest_proxy,final,2.0,3,3test,train,True,0.61648309647883,2.0,direct,0.07700715957550519,0.05469491758277611,0.10359571645189561
7,bnci004,MMP_merge_then_adapt,logvar,svm_radial,pt,14,2,2,17750,0.05,no_leakage_v1_alpha005,gate_all_sources_proxy_source_only_final_training_only,mmd,,,,,merge_then_adapt,coral,near_nearest_proxy,main,3.0,4,4test,far,False,,2.0,direct,0.18048861123377438,0.1418162154499329,0.2240412332825625
7,bnci004,MMP_merge_then_adapt,logvar,svm_radial,pt,14,2,2,17750,0.05,no_leakage_v1_alpha005,gate_all_sources_proxy_source_only_final_training_only,mmd,,,,,merge_then_adapt,coral,near_nearest_proxy,anchor,3.0,4,4test,not_used,False,,2.0,direct,0.18048861123377438,0.1418162154499329,0.2240412332825625
7,bnci004,MMP_merge_then_adapt,logvar,svm_radial,pt,14,2,2,17750,0.05,no_leakage_v1_alpha005,gate_all_sources_proxy_source_only_final_training_only,mmd,,,,,merge_then_adapt,coral,near_nearest_proxy,final,3.0,4,4test,not_used,False,,2.0,direct,0.18048861123377438,0.1418162154499329,0.2240412332825625
7,bnci004,MMP_merge_then_adapt,logvar,svm_radial,pt,14,2,2,17750,0.05,no_leakage_v1_alpha005,gate_all_sources_proxy_source_only_final_training_only,mmd,,,,,merge_then_adapt,coral,near_nearest_proxy,main,,2,2train,target,False,,,,,,
7,bnci004,MMP_merge_then_adapt,logvar,svm_radial,pt,14,2,2,17750,0.05,no_leakage_v1_alpha005,gate_all_sources_proxy_source_only_final_training_only,mmd,,,,,merge_then_adapt,coral,near_nearest_proxy,final,,2,2train,target,False,,,,,,
7,bnci004,MMP_merge_then_adapt,logvar,svm_radial,pt,14,3,3,17781,0.05,no_leakage_v1_alpha005,gate_all_sources_proxy_source_only_final_training_only,mmd,,,,,merge_then_adapt,coral,near_nearest_proxy,main,0.0,0,0train,near,False,0.38151073176206235,3.0,direct,0.05889647858864107,0.028759641137371554,0.1014968038447211
7,bnci004,MMP_merge_then_adapt,logvar,svm_radial,pt,14,3,3,17781,0.05,no_leakage_v1_alpha005,gate_all_sources_proxy_source_only_final_training_only,mmd,,,,,merge_then_adapt,coral,near_nearest_proxy,anchor,0.0,0,0train,proxy_source,False,0.6199757942664192,3.0,direct,0.05889647858864107,0.028759641137371554,0.1014968038447211
7,bnci004,MMP_merge_then_adapt,logvar,svm_radial,pt,14,3,3,17781,0.05,no_leakage_v1_alpha005,gate_all_sources_proxy_source_only_final_training_only,mmd,,,,,merge_then_adapt,coral,near_nearest_proxy,final,0.0,0,0train,train,False,0.38151073176206235,3.0,direct,0.05889647858864107,0.028759641137371554,0.1014968038447211
7,bnci004,MMP_merge_then_adapt,logvar,svm_radial,pt,14,3,3,17781,0.05,no_leakage_v1_alpha005,gate_all_sources_proxy_source_only_final_training_only,mmd,,,,,merge_then_adapt,coral,near_nearest_proxy,main,1.0,1,1train,near,False,0.23385318291057663,3.0,direct,0.09608501377850474,0.06454423988797849,0.13535023316385947
7,bnci004,MMP_merge_then_adapt,logvar,svm_radial,pt,14,3,3,17781,0.05,no_leakage_v1_alpha005,gate_all_sources_proxy_source_only_final_training_only,mmd,,,,,merge_then_adapt,coral,near_nearest_proxy,anchor,1.0,1,1train,proxy_source,False,0.3800242057335808,3.0,direct,0.09608501377850474,0.06454423988797849,0.13535023316385947
7,bnci004,MMP_merge_then_adapt,logvar,svm_radial,pt,14,3,3,17781,0.05,no_leakage_v1_alpha005,gate_all_sources_proxy_source_only_final_training_only,mmd,,,,,merge_then_adapt,coral,near_nearest_proxy,final,1.0,1,1train,train,False,0.23385318291057663,3.0,direct,0.09608501377850474,0.06454423988797849,0.13535023316385947
7,bnci004,MMP_merge_then_adapt,logvar,svm_radial,pt,14,3,3,17781,0.05,no_leakage_v1_alpha005,gate_all_sources_proxy_source_only_final_training_only,mmd,,,,,merge_then_adapt,coral,near_nearest_proxy,main,2.0,2,2train,nearest,True,0.38463608532736093,3.0,direct,0.05841790818998115,0.03739538359592849,0.08137954439417595
7,bnci004,MMP_merge_then_adapt,logvar,svm_radial,pt,14,3,3,17781,0.05,no_leakage_v1_alpha005,gate_all_sources_proxy_source_only_final_training_only,mmd,,,,,merge_then_adapt,coral,near_nearest_proxy,anchor,2.0,2,2train,target,False,,3.0,direct,0.05841790818998115,0.03739538359592849,0.08137954439417595
7,bnci004,MMP_merge_then_adapt,logvar,svm_radial,pt,14,3,3,17781,0.05,no_leakage_v1_alpha005,gate_all_sources_proxy_source_only_final_training_only,mmd,,,,,merge_then_adapt,coral,near_nearest_proxy,final,2.0,2,2train,train,True,0.38463608532736093,3.0,direct,0.05841790818998115,0.03739538359592849,0.08137954439417595
7,bnci004,MMP_merge_then_adapt,logvar,svm_radial,pt,14,3,3,17781,0.05,no_leakage_v1_alpha005,gate_all_sources_proxy_source_only_final_training_only,mmd,,,,,merge_then_adapt,coral,near_nearest_proxy,main,3.0,4,4test,far,False,,3.0,direct,0.17911551259123418,0.11753625664419952,0.24644686395960455
7,bnci004,MMP_merge_then_adapt,logvar,svm_radial,pt,14,3,3,17781,0.05,no_leakage_v1_alpha005,gate_all_sources_proxy_source_only_final_training_only,mmd,,,,,merge_then_adapt,coral,near_nearest_proxy,anchor,3.0,4,4test,not_used,False,,3.0,direct,0.17911551259123418,0.11753625664419952,0.24644686395960455
7,bnci004,MMP_merge_then_adapt,logvar,svm_radial,pt,14,3,3,17781,0.05,no_leakage_v1_alpha005,gate_all_sources_proxy_source_only_final_training_only,mmd,,,,,merge_then_adapt,coral,near_nearest_proxy,final,3.0,4,4test,not_used,False,,3.0,direct,0.17911551259123418,0.11753625664419952,0.24644686395960455
7,bnci004,MMP_merge_then_adapt,logvar,svm_radial,pt,14,3,3,17781,0.05,no_leakage_v1_alpha005,gate_all_sources_proxy_source_only_final_training_only,mmd,,,,,merge_then_adapt,coral,near_nearest_proxy,main,,3,3test,target,False,,,,,,
7,bnci004,MMP_merge_then_adapt,logvar,svm_radial,pt,14,3,3,17781,0.05,no_leakage_v1_alpha005,gate_all_sources_proxy_source_only_final_training_only,mmd,,,,,merge_then_adapt,coral,near_nearest_proxy,final,,3,3test,target,False,,,,,,
7,bnci004,MMP_merge_then_adapt,logvar,svm_radial,pt,14,4,4,17812,0.05,no_leakage_v1_alpha005,gate_all_sources_proxy_source_only_final_training_only,mmd,,,,,merge_then_adapt,coral,near_nearest_proxy,main,0.0,0,0train,nearest,True,0.6479121071034603,4.0,direct,0.08015251779521122,0.04820010299194015,0.12084794189571108
7,bnci004,MMP_merge_then_adapt,logvar,svm_radial,pt,14,4,4,17812,0.05,no_leakage_v1_alpha005,gate_all_sources_proxy_source_only_final_training_only,mmd,,,,,merge_then_adapt,coral,near_nearest_proxy,anchor,0.0,0,0train,target,False,,4.0,direct,0.08015251779521122,0.04820010299194015,0.12084794189571108
7,bnci004,MMP_merge_then_adapt,logvar,svm_radial,pt,14,4,4,17812,0.05,no_leakage_v1_alpha005,gate_all_sources_proxy_source_only_final_training_only,mmd,,,,,merge_then_adapt,coral,near_nearest_proxy,final,0.0,0,0train,train,True,0.6479121071034603,4.0,direct,0.08015251779521122,0.04820010299194015,0.12084794189571108
7,bnci004,MMP_merge_then_adapt,logvar,svm_radial,pt,14,4,4,17812,0.05,no_leakage_v1_alpha005,gate_all_sources_proxy_source_only_final_training_only,mmd,,,,,merge_then_adapt,coral,near_nearest_proxy,main,1.0,1,1train,far,False,,4.0,direct,0.2234626038789593,0.16873355224264405,0.2743418939793936
7,bnci004,MMP_merge_then_adapt,logvar,svm_radial,pt,14,4,4,17812,0.05,no_leakage_v1_alpha005,gate_all_sources_proxy_source_only_final_training_only,mmd,,,,,merge_then_adapt,coral,near_nearest_proxy,anchor,1.0,1,1train,not_used,False,,4.0,direct,0.2234626038789593,0.16873355224264405,0.2743418939793936
7,bnci004,MMP_merge_then_adapt,logvar,svm_radial,pt,14,4,4,17812,0.05,no_leakage_v1_alpha005,gate_all_sources_proxy_source_only_final_training_only,mmd,,,,,merge_then_adapt,coral,near_nearest_proxy,final,1.0,1,1train,not_used,False,,4.0,direct,0.2234626038789593,0.16873355224264405,0.2743418939793936
7,bnci004,MMP_merge_then_adapt,logvar,svm_radial,pt,14,4,4,17812,0.05,no_leakage_v1_alpha005,gate_all_sources_proxy_source_only_final_training_only,mmd,,,,,merge_then_adapt,coral,near_nearest_proxy,main,2.0,2,2train,far,False,,4.0,direct,0.22510813075708044,0.17064846947376783,0.2783442000546546
7,bnci004,MMP_merge_then_adapt,logvar,svm_radial,pt,14,4,4,17812,0.05,no_leakage_v1_alpha005,gate_all_sources_proxy_source_only_final_training_only,mmd,,,,,merge_then_adapt,coral,near_nearest_proxy,anchor,2.0,2,2train,not_used,False,,4.0,direct,0.22510813075708044,0.17064846947376783,0.2783442000546546
7,bnci004,MMP_merge_then_adapt,logvar,svm_radial,pt,14,4,4,17812,0.05,no_leakage_v1_alpha005,gate_all_sources_proxy_source_only_final_training_only,mmd,,,,,merge_then_adapt,coral,near_nearest_proxy,final,2.0,2,2train,not_used,False,,4.0,direct,0.22510813075708044,0.17064846947376783,0.2783442000546546
7,bnci004,MMP_merge_then_adapt,logvar,svm_radial,pt,14,4,4,17812,0.05,no_leakage_v1_alpha005,gate_all_sources_proxy_source_only_final_training_only,mmd,,,,,merge_then_adapt,coral,near_nearest_proxy,main,3.0,3,3test,near,False,0.35208789289653986,4.0,direct,0.14749749584208854,0.10072768015123304,0.2044769788958033
7,bnci004,MMP_merge_then_adapt,logvar,svm_radial,pt,14,4,4,17812,0.05,no_leakage_v1_alpha005,gate_all_sources_proxy_source_only_final_training_only,mmd,,,,,merge_then_adapt,coral,near_nearest_proxy,anchor,3.0,3,3test,proxy_source,False,1.0,4.0,direct,0.14749749584208854,0.10072768015123304,0.2044769788958033
7,bnci004,MMP_merge_then_adapt,logvar,svm_radial,pt,14,4,4,17812,0.05,no_leakage_v1_alpha005,gate_all_sources_proxy_source_only_final_training_only,mmd,,,,,merge_then_adapt,coral,near_nearest_proxy,final,3.0,3,3test,train,False,0.35208789289653986,4.0,direct,0.14749749584208854,0.10072768015123304,0.2044769788958033
7,bnci004,MMP_merge_then_adapt,logvar,svm_radial,pt,14,4,4,17812,0.05,no_leakage_v1_alpha005,gate_all_sources_proxy_source_only_final_training_only,mmd,,,,,merge_then_adapt,coral,near_nearest_proxy,main,,4,4test,target,False,,,,,,
7,bnci004,MMP_merge_then_adapt,logvar,svm_radial,pt,14,4,4,17812,0.05,no_leakage_v1_alpha005,gate_all_sources_proxy_source_only_final_training_only,mmd,,,,,merge_then_adapt,coral,near_nearest_proxy,final,,4,4test,target,False,,,,,,
7,bnci004,MMP_merge_then_adapt,logvar,svm_radial,coral,15,0,0,18685,0.05,no_leakage_v1_alpha005,gate_all_sources_proxy_source_only_final_training_only,mmd,,,,,merge_then_adapt,coral,near_nearest_proxy,main,0.0,1,1train,near,False,0.2115422500703965,0.0,direct,0.12165411128657957,0.08261711196228311,0.16895471001200094
7,bnci004,MMP_merge_then_adapt,logvar,svm_radial,coral,15,0,0,18685,0.05,no_leakage_v1_alpha005,gate_all_sources_proxy_source_only_final_training_only,mmd,,,,,merge_then_adapt,coral,near_nearest_proxy,anchor,0.0,1,1train,proxy_source,False,0.41115347239702393,0.0,direct,0.12165411128657957,0.08261711196228311,0.16895471001200094
7,bnci004,MMP_merge_then_adapt,logvar,svm_radial,coral,15,0,0,18685,0.05,no_leakage_v1_alpha005,gate_all_sources_proxy_source_only_final_training_only,mmd,,,,,merge_then_adapt,coral,near_nearest_proxy,final,0.0,1,1train,train,False,0.2115422500703965,0.0,direct,0.12165411128657957,0.08261711196228311,0.16895471001200094
7,bnci004,MMP_merge_then_adapt,logvar,svm_radial,coral,15,0,0,18685,0.05,no_leakage_v1_alpha005,gate_all_sources_proxy_source_only_final_training_only,mmd,,,,,merge_then_adapt,coral,near_nearest_proxy,main,1.0,2,2train,far,False,,0.0,direct,0.13529534900261442,0.09952440709939858,0.17842556015162422
7,bnci004,MMP_merge_then_adapt,logvar,svm_radial,coral,15,0,0,18685,0.05,no_leakage_v1_alpha005,gate_all_sources_proxy_source_only_final_training_only,mmd,,,,,merge_then_adapt,coral,near_nearest_proxy,anchor,1.0,2,2train,not_used,False,,0.0,direct,0.13529534900261442,0.09952440709939858,0.17842556015162422
7,bnci004,MMP_merge_then_adapt,logvar,svm_radial,coral,15,0,0,18685,0.05,no_leakage_v1_alpha005,gate_all_sources_proxy_source_only_final_training_only,mmd,,,,,merge_then_adapt,coral,near_nearest_proxy,final,1.0,2,2train,not_used,False,,0.0,direct,0.13529534900261442,0.09952440709939858,0.17842556015162422
7,bnci004,MMP_merge_then_adapt,logvar,svm_radial,coral,15,0,0,18685,0.05,no_leakage_v1_alpha005,gate_all_sources_proxy_source_only_final_training_only,mmd,,,,,merge_then_adapt,coral,near_nearest_proxy,main,2.0,3,3test,nearest,True,0.48549078562536385,0.0,direct,0.05300761877528295,0.029122958078535547,0.08564219034394911
7,bnci004,MMP_merge_then_adapt,logvar,svm_radial,coral,15,0,0,18685,0.05,no_leakage_v1_alpha005,gate_all_sources_proxy_source_only_final_training_only,mmd,,,,,merge_then_adapt,coral,near_nearest_proxy,anchor,2.0,3,3test,target,False,,0.0,direct,0.05300761877528295,0.029122958078535547,0.08564219034394911
7,bnci004,MMP_merge_then_adapt,logvar,svm_radial,coral,15,0,0,18685,0.05,no_leakage_v1_alpha005,gate_all_sources_proxy_source_only_final_training_only,mmd,,,,,merge_then_adapt,coral,near_nearest_proxy,final,2.0,3,3test,train,True,0.48549078562536385,0.0,direct,0.05300761877528295,0.029122958078535547,0.08564219034394911
7,bnci004,MMP_merge_then_adapt,logvar,svm_radial,coral,15,0,0,18685,0.05,no_leakage_v1_alpha005,gate_all_sources_proxy_source_only_final_training_only,mmd,,,,,merge_then_adapt,coral,near_nearest_proxy,main,3.0,4,4test,near,False,0.30296696430423975,0.0,direct,0.08494290150169713,0.048411255593163824,0.13992703481844504
7,bnci004,MMP_merge_then_adapt,logvar,svm_radial,coral,15,0,0,18685,0.05,no_leakage_v1_alpha005,gate_all_sources_proxy_source_only_final_training_only,mmd,,,,,merge_then_adapt,coral,near_nearest_proxy,anchor,3.0,4,4test,proxy_source,False,0.588846527602976,0.0,direct,0.08494290150169713,0.048411255593163824,0.13992703481844504
7,bnci004,MMP_merge_then_adapt,logvar,svm_radial,coral,15,0,0,18685,0.05,no_leakage_v1_alpha005,gate_all_sources_proxy_source_only_final_training_only,mmd,,,,,merge_then_adapt,coral,near_nearest_proxy,final,3.0,4,4test,train,False,0.30296696430423975,0.0,direct,0.08494290150169713,0.048411255593163824,0.13992703481844504
7,bnci004,MMP_merge_then_adapt,logvar,svm_radial,coral,15,0,0,18685,0.05,no_leakage_v1_alpha005,gate_all_sources_proxy_source_only_final_training_only,mmd,,,,,merge_then_adapt,coral,near_nearest_proxy,main,,0,0train,target,False,,,,,,
7,bnci004,MMP_merge_then_adapt,logvar,svm_radial,coral,15,0,0,18685,0.05,no_leakage_v1_alpha005,gate_all_sources_proxy_source_only_final_training_only,mmd,,,,,merge_then_adapt,coral,near_nearest_proxy,final,,0,0train,target,False,,,,,,
7,bnci004,MMP_merge_then_adapt,logvar,svm_radial,coral,15,1,1,18716,0.05,no_leakage_v1_alpha005,gate_all_sources_proxy_source_only_final_training_only,mmd,,,,,merge_then_adapt,coral,near_nearest_proxy,main,0.0,0,0train,near,False,0.3014669910443693,1.0,direct,0.13856444028442433,0.09303819565739038,0.18866180378194164
7,bnci004,MMP_merge_then_adapt,logvar,svm_radial,coral,15,1,1,18716,0.05,no_leakage_v1_alpha005,gate_all_sources_proxy_source_only_final_training_only,mmd,,,,,merge_then_adapt,coral,near_nearest_proxy,anchor,0.0,0,0train,proxy_source,False,0.4343821150522339,1.0,direct,0.13856444028442433,0.09303819565739038,0.18866180378194164
7,bnci004,MMP_merge_then_adapt,logvar,svm_radial,coral,15,1,1,18716,0.05,no_leakage_v1_alpha005,gate_all_sources_proxy_source_only_final_training_only,mmd,,,,,merge_then_adapt,coral,near_nearest_proxy,final,0.0,0,0train,train,False,0.3014669910443693,1.0,direct,0.13856444028442433,0.09303819565739038,0.18866180378194164
7,bnci004,MMP_merge_then_adapt,logvar,svm_radial,coral,15,1,1,18716,0.05,no_leakage_v1_alpha005,gate_all_sources_proxy_source_only_final_training_only,mmd,,,,,merge_then_adapt,coral,near_nearest_proxy,main,1.0,2,2train,near,False,0.22296060964596975,1.0,direct,0.18735454415469696,0.13390716485025198,0.2584686217657576
7,bnci004,MMP_merge_then_adapt,logvar,svm_radial,coral,15,1,1,18716,0.05,no_leakage_v1_alpha005,gate_all_sources_proxy_source_only_final_training_only,mmd,,,,,merge_then_adapt,coral,near_nearest_proxy,anchor,1.0,2,2train,proxy_source,False,0.3212627055978332,1.0,direct,0.18735454415469696,0.13390716485025198,0.2584686217657576
7,bnci004,MMP_merge_then_adapt,logvar,svm_radial,coral,15,1,1,18716,0.05,no_leakage_v1_alpha005,gate_all_sources_proxy_source_only_final_training_only,mmd,,,,,merge_then_adapt,coral,near_nearest_proxy,final,1.0,2,2train,train,False,0.22296060964596975,1.0,direct,0.18735454415469696,0.13390716485025198,0.2584686217657576
7,bnci004,MMP_merge_then_adapt,logvar,svm_radial,coral,15,1,1,18716,0.05,no_leakage_v1_alpha005,gate_all_sources_proxy_source_only_final_training_only,mmd,,,,,merge_then_adapt,coral,near_nearest_proxy,main,2.0,3,3test,nearest,True,0.30598664033826933,1.0,direct,0.1365177261087724,0.0978980984990482,0.18221411785748776
7,bnci004,MMP_merge_then_adapt,logvar,svm_radial,coral,15,1,1,18716,0.05,no_leakage_v1_alpha005,gate_all_sources_proxy_source_only_final_training_only,mmd,,,,,merge_then_adapt,coral,near_nearest_proxy,anchor,2.0,3,3test,target,False,,1.0,direct,0.1365177261087724,0.0978980984990482,0.18221411785748776
7,bnci004,MMP_merge_then_adapt,logvar,svm_radial,coral,15,1,1,18716,0.05,no_leakage_v1_alpha005,gate_all_sources_proxy_source_only_final_training_only,mmd,,,,,merge_then_adapt,coral,near_nearest_proxy,final,2.0,3,3test,train,True,0.30598664033826933,1.0,direct,0.1365177261087724,0.0978980984990482,0.18221411785748776
7,bnci004,MMP_merge_then_adapt,logvar,svm_radial,coral,15,1,1,18716,0.05,no_leakage_v1_alpha005,gate_all_sources_proxy_source_only_final_training_only,mmd,,,,,merge_then_adapt,coral,near_nearest_proxy,main,3.0,4,4test,near,False,0.1695857589713917,1.0,direct,0.24632219717559853,0.1754852034211405,0.3049708745754918
7,bnci004,MMP_merge_then_adapt,logvar,svm_radial,coral,15,1,1,18716,0.05,no_leakage_v1_alpha005,gate_all_sources_proxy_source_only_final_training_only,mmd,,,,,merge_then_adapt,coral,near_nearest_proxy,anchor,3.0,4,4test,proxy_source,False,0.24435517934993287,1.0,direct,0.24632219717559853,0.1754852034211405,0.3049708745754918
7,bnci004,MMP_merge_then_adapt,logvar,svm_radial,coral,15,1,1,18716,0.05,no_leakage_v1_alpha005,gate_all_sources_proxy_source_only_final_training_only,mmd,,,,,merge_then_adapt,coral,near_nearest_proxy,final,3.0,4,4test,train,False,0.1695857589713917,1.0,direct,0.24632219717559853,0.1754852034211405,0.3049708745754918
7,bnci004,MMP_merge_then_adapt,logvar,svm_radial,coral,15,1,1,18716,0.05,no_leakage_v1_alpha005,gate_all_sources_proxy_source_only_final_training_only,mmd,,,,,merge_then_adapt,coral,near_nearest_proxy,main,,1,1train,target,False,,,,,,
7,bnci004,MMP_merge_then_adapt,logvar,svm_radial,coral,15,1,1,18716,0.05,no_leakage_v1_alpha005,gate_all_sources_proxy_source_only_final_training_only,mmd,,,,,merge_then_adapt,coral,near_nearest_proxy,final,,1,1train,target,False,,,,,,
7,bnci004,MMP_merge_then_adapt,logvar,svm_radial,coral,15,2,2,18747,0.05,no_leakage_v1_alpha005,gate_all_sources_proxy_source_only_final_training_only,mmd,,,,,merge_then_adapt,coral,near_nearest_proxy,main,0.0,0,0train,near,False,0.3821153026406272,2.0,direct,0.12452907573423168,0.09298835725532492,0.15845366937816718
7,bnci004,MMP_merge_then_adapt,logvar,svm_radial,coral,15,2,2,18747,0.05,no_leakage_v1_alpha005,gate_all_sources_proxy_source_only_final_training_only,mmd,,,,,merge_then_adapt,coral,near_nearest_proxy,anchor,0.0,0,0train,proxy_source,False,1.0,2.0,direct,0.12452907573423168,0.09298835725532492,0.15845366937816718
7,bnci004,MMP_merge_then_adapt,logvar,svm_radial,coral,15,2,2,18747,0.05,no_leakage_v1_alpha005,gate_all_sources_proxy_source_only_final_training_only,mmd,,,,,merge_then_adapt,coral,near_nearest_proxy,final,0.0,0,0train,train,False,0.3821153026406272,2.0,direct,0.12452907573423168,0.09298835725532492,0.15845366937816718
7,bnci004,MMP_merge_then_adapt,logvar,svm_radial,coral,15,2,2,18747,0.05,no_leakage_v1_alpha005,gate_all_sources_proxy_source_only_final_training_only,mmd,,,,,merge_then_adapt,coral,near_nearest_proxy,main,1.0,1,1train,far,False,,2.0,direct,0.1574166026786468,0.1176107076593167,0.19910840030733196
7,bnci004,MMP_merge_then_adapt,logvar,svm_radial,coral,15,2,2,18747,0.05,no_leakage_v1_alpha005,gate_all_sources_proxy_source_only_final_training_only,mmd,,,,,merge_then_adapt,coral,near_nearest_proxy,anchor,1.0,1,1train,not_used,False,,2.0,direct,0.1574166026786468,0.1176107076593167,0.19910840030733196
7,bnci004,MMP_merge_then_adapt,logvar,svm_radial,coral,15,2,2,18747,0.05,no_leakage_v1_alpha005,gate_all_sources_proxy_source_only_final_training_only,mmd,,,,,merge_then_adapt,coral,near_nearest_proxy,final,1.0,1,1train,not_used,False,,2.0,direct,0.1574166026786468,0.1176107076593167,0.19910840030733196
7,bnci004,MMP_merge_then_adapt,logvar,svm_radial,coral,15,2,2,18747,0.05,no_leakage_v1_alpha005,gate_all_sources_proxy_source_only_final_training_only,mmd,,,,,merge_then_adapt,coral,near_nearest_proxy,main,2.0,3,3test,nearest,True,0.6178846973593728,2.0,direct,0.07701150375742834,0.055260917252585307,0.10930786153342822
7,bnci004,MMP_merge_then_adapt,logvar,svm_radial,coral,15,2,2,18747,0.05,no_leakage_v1_alpha005,gate_all_sources_proxy_source_only_final_training_only,mmd,,,,,merge_then_adapt,coral,near_nearest_proxy,anchor,2.0,3,3test,target,False,,2.0,direct,0.07701150375742834,0.055260917252585307,0.10930786153342822
7,bnci004,MMP_merge_then_adapt,logvar,svm_radial,coral,15,2,2,18747,0.05,no_leakage_v1_alpha005,gate_all_sources_proxy_source_only_final_training_only,mmd,,,,,merge_then_adapt,coral,near_nearest_proxy,final,2.0,3,3test,train,True,0.6178846973593728,2.0,direct,0.07701150375742834,0.055260917252585307,0.10930786153342822
7,bnci004,MMP_merge_then_adapt,logvar,svm_radial,coral,15,2,2,18747,0.05,no_leakage_v1_alpha005,gate_all_sources_proxy_source_only_final_training_only,mmd,,,,,merge_then_adapt,coral,near_nearest_proxy,main,3.0,4,4test,far,False,,2.0,direct,0.18231780700684197,0.14525816896567428,0.23077461233075525
7,bnci004,MMP_merge_then_adapt,logvar,svm_radial,coral,15,2,2,18747,0.05,no_leakage_v1_alpha005,gate_all_sources_proxy_source_only_final_training_only,mmd,,,,,merge_then_adapt,coral,near_nearest_proxy,anchor,3.0,4,4test,not_used,False,,2.0,direct,0.18231780700684197,0.14525816896567428,0.23077461233075525
7,bnci004,MMP_merge_then_adapt,logvar,svm_radial,coral,15,2,2,18747,0.05,no_leakage_v1_alpha005,gate_all_sources_proxy_source_only_final_training_only,mmd,,,,,merge_then_adapt,coral,near_nearest_proxy,final,3.0,4,4test,not_used,False,,2.0,direct,0.18231780700684197,0.14525816896567428,0.23077461233075525
7,bnci004,MMP_merge_then_adapt,logvar,svm_radial,coral,15,2,2,18747,0.05,no_leakage_v1_alpha005,gate_all_sources_proxy_source_only_final_training_only,mmd,,,,,merge_then_adapt,coral,near_nearest_proxy,main,,2,2train,target,False,,,,,,
7,bnci004,MMP_merge_then_adapt,logvar,svm_radial,coral,15,2,2,18747,0.05,no_leakage_v1_alpha005,gate_all_sources_proxy_source_only_final_training_only,mmd,,,,,merge_then_adapt,coral,near_nearest_proxy,final,,2,2train,target,False,,,,,,
7,bnci004,MMP_merge_then_adapt,logvar,svm_radial,coral,15,3,3,18778,0.05,no_leakage_v1_alpha005,gate_all_sources_proxy_source_only_final_training_only,mmd,,,,,merge_then_adapt,coral,near_nearest_proxy,main,0.0,0,0train,nearest,True,0.39015982819650646,3.0,direct,0.05850033883501284,0.029130752936286506,0.09382531882023626
7,bnci004,MMP_merge_then_adapt,logvar,svm_radial,coral,15,3,3,18778,0.05,no_leakage_v1_alpha005,gate_all_sources_proxy_source_only_final_training_only,mmd,,,,,merge_then_adapt,coral,near_nearest_proxy,anchor,0.0,0,0train,target,False,,3.0,direct,0.05850033883501284,0.029130752936286506,0.09382531882023626
7,bnci004,MMP_merge_then_adapt,logvar,svm_radial,coral,15,3,3,18778,0.05,no_leakage_v1_alpha005,gate_all_sources_proxy_source_only_final_training_only,mmd,,,,,merge_then_adapt,coral,near_nearest_proxy,final,0.0,0,0train,train,True,0.39015982819650646,3.0,direct,0.05850033883501284,0.029130752936286506,0.09382531882023626
7,bnci004,MMP_merge_then_adapt,logvar,svm_radial,coral,15,3,3,18778,0.05,no_leakage_v1_alpha005,gate_all_sources_proxy_source_only_final_training_only,mmd,,,,,merge_then_adapt,coral,near_nearest_proxy,main,1.0,1,1train,near,False,0.240982985110382,3.0,direct,0.0947147007731451,0.06672930387001955,0.12884183159106957
7,bnci004,MMP_merge_then_adapt,logvar,svm_radial,coral,15,3,3,18778,0.05,no_leakage_v1_alpha005,gate_all_sources_proxy_source_only_final_training_only,mmd,,,,,merge_then_adapt,coral,near_nearest_proxy,anchor,1.0,1,1train,proxy_source,False,0.39515761055510296,3.0,direct,0.0947147007731451,0.06672930387001955,0.12884183159106957
7,bnci004,MMP_merge_then_adapt,logvar,svm_radial,coral,15,3,3,18778,0.05,no_leakage_v1_alpha005,gate_all_sources_proxy_source_only_final_training_only,mmd,,,,,merge_then_adapt,coral,near_nearest_proxy,final,1.0,1,1train,train,False,0.240982985110382,3.0,direct,0.0947147007731451,0.06672930387001955,0.12884183159106957
7,bnci004,MMP_merge_then_adapt,logvar,svm_radial,coral,15,3,3,18778,0.05,no_leakage_v1_alpha005,gate_all_sources_proxy_source_only_final_training_only,mmd,,,,,merge_then_adapt,coral,near_nearest_proxy,main,2.0,2,2train,near,False,0.36885718669311157,3.0,direct,0.06187897179549187,0.03746760964493271,0.08855974523263928
7,bnci004,MMP_merge_then_adapt,logvar,svm_radial,coral,15,3,3,18778,0.05,no_leakage_v1_alpha005,gate_all_sources_proxy_source_only_final_training_only,mmd,,,,,merge_then_adapt,coral,near_nearest_proxy,anchor,2.0,2,2train,proxy_source,False,0.604842389444897,3.0,direct,0.06187897179549187,0.03746760964493271,0.08855974523263928
7,bnci004,MMP_merge_then_adapt,logvar,svm_radial,coral,15,3,3,18778,0.05,no_leakage_v1_alpha005,gate_all_sources_proxy_source_only_final_training_only,mmd,,,,,merge_then_adapt,coral,near_nearest_proxy,final,2.0,2,2train,train,False,0.36885718669311157,3.0,direct,0.06187897179549187,0.03746760964493271,0.08855974523263928
7,bnci004,MMP_merge_then_adapt,logvar,svm_radial,coral,15,3,3,18778,0.05,no_leakage_v1_alpha005,gate_all_sources_proxy_source_only_final_training_only,mmd,,,,,merge_then_adapt,coral,near_nearest_proxy,main,3.0,4,4test,far,False,,3.0,direct,0.17765249794182603,0.10502628868010298,0.24029242625785072
7,bnci004,MMP_merge_then_adapt,logvar,svm_radial,coral,15,3,3,18778,0.05,no_leakage_v1_alpha005,gate_all_sources_proxy_source_only_final_training_only,mmd,,,,,merge_then_adapt,coral,near_nearest_proxy,anchor,3.0,4,4test,not_used,False,,3.0,direct,0.17765249794182603,0.10502628868010298,0.24029242625785072
7,bnci004,MMP_merge_then_adapt,logvar,svm_radial,coral,15,3,3,18778,0.05,no_leakage_v1_alpha005,gate_all_sources_proxy_source_only_final_training_only,mmd,,,,,merge_then_adapt,coral,near_nearest_proxy,final,3.0,4,4test,not_used,False,,3.0,direct,0.17765249794182603,0.10502628868010298,0.24029242625785072
7,bnci004,MMP_merge_then_adapt,logvar,svm_radial,coral,15,3,3,18778,0.05,no_leakage_v1_alpha005,gate_all_sources_proxy_source_only_final_training_only,mmd,,,,,merge_then_adapt,coral,near_nearest_proxy,main,,3,3test,target,False,,,,,,
7,bnci004,MMP_merge_then_adapt,logvar,svm_radial,coral,15,3,3,18778,0.05,no_leakage_v1_alpha005,gate_all_sources_proxy_source_only_final_training_only,mmd,,,,,merge_then_adapt,coral,near_nearest_proxy,final,,3,3test,target,False,,,,,,
7,bnci004,MMP_merge_then_adapt,logvar,svm_radial,coral,15,4,4,18809,0.05,no_leakage_v1_alpha005,gate_all_sources_proxy_source_only_final_training_only,mmd,,,,,merge_then_adapt,coral,near_nearest_proxy,main,0.0,0,0train,nearest,True,0.6551089247418409,4.0,direct,0.07814660562151131,0.04485486814859321,0.11438617221077928
7,bnci004,MMP_merge_then_adapt,logvar,svm_radial,coral,15,4,4,18809,0.05,no_leakage_v1_alpha005,gate_all_sources_proxy_source_only_final_training_only,mmd,,,,,merge_then_adapt,coral,near_nearest_proxy,anchor,0.0,0,0train,target,False,,4.0,direct,0.07814660562151131,0.04485486814859321,0.11438617221077928
7,bnci004,MMP_merge_then_adapt,logvar,svm_radial,coral,15,4,4,18809,0.05,no_leakage_v1_alpha005,gate_all_sources_proxy_source_only_final_training_only,mmd,,,,,merge_then_adapt,coral,near_nearest_proxy,final,0.0,0,0train,train,True,0.6551089247418409,4.0,direct,0.07814660562151131,0.04485486814859321,0.11438617221077928
7,bnci004,MMP_merge_then_adapt,logvar,svm_radial,coral,15,4,4,18809,0.05,no_leakage_v1_alpha005,gate_all_sources_proxy_source_only_final_training_only,mmd,,,,,merge_then_adapt,coral,near_nearest_proxy,main,1.0,1,1train,far,False,,4.0,direct,0.22679310573455727,0.170763146088907,0.2886830690568751
7,bnci004,MMP_merge_then_adapt,logvar,svm_radial,coral,15,4,4,18809,0.05,no_leakage_v1_alpha005,gate_all_sources_proxy_source_only_final_training_only,mmd,,,,,merge_then_adapt,coral,near_nearest_proxy,anchor,1.0,1,1train,not_used,False,,4.0,direct,0.22679310573455727,0.170763146088907,0.2886830690568751
7,bnci004,MMP_merge_then_adapt,logvar,svm_radial,coral,15,4,4,18809,0.05,no_leakage_v1_alpha005,gate_all_sources_proxy_source_only_final_training_only,mmd,,,,,merge_then_adapt,coral,near_nearest_proxy,final,1.0,1,1train,not_used,False,,4.0,direct,0.22679310573455727,0.170763146088907,0.2886830690568751
7,bnci004,MMP_merge_then_adapt,logvar,svm_radial,coral,15,4,4,18809,0.05,no_leakage_v1_alpha005,gate_all_sources_proxy_source_only_final_training_only,mmd,,,,,merge_then_adapt,coral,near_nearest_proxy,main,2.0,2,2train,far,False,,4.0,direct,0.22995943493908455,0.18264031329880218,0.2852852030342037
7,bnci004,MMP_merge_then_adapt,logvar,svm_radial,coral,15,4,4,18809,0.05,no_leakage_v1_alpha005,gate_all_sources_proxy_source_only_final_training_only,mmd,,,,,merge_then_adapt,coral,near_nearest_proxy,anchor,2.0,2,2train,not_used,False,,4.0,direct,0.22995943493908455,0.18264031329880218,0.2852852030342037
7,bnci004,MMP_merge_then_adapt,logvar,svm_radial,coral,15,4,4,18809,0.05,no_leakage_v1_alpha005,gate_all_sources_proxy_source_only_final_training_only,mmd,,,,,merge_then_adapt,coral,near_nearest_proxy,final,2.0,2,2train,not_used,False,,4.0,direct,0.22995943493908455,0.18264031329880218,0.2852852030342037
7,bnci004,MMP_merge_then_adapt,logvar,svm_radial,coral,15,4,4,18809,0.05,no_leakage_v1_alpha005,gate_all_sources_proxy_source_only_final_training_only,mmd,,,,,merge_then_adapt,coral,near_nearest_proxy,main,3.0,3,3test,near,False,0.34489107525815915,4.0,direct,0.14843773200121774,0.10297281062091765,0.19254129569666723
7,bnci004,MMP_merge_then_adapt,logvar,svm_radial,coral,15,4,4,18809,0.05,no_leakage_v1_alpha005,gate_all_sources_proxy_source_only_final_training_only,mmd,,,,,merge_then_adapt,coral,near_nearest_proxy,anchor,3.0,3,3test,proxy_source,False,1.0,4.0,direct,0.14843773200121774,0.10297281062091765,0.19254129569666723
7,bnci004,MMP_merge_then_adapt,logvar,svm_radial,coral,15,4,4,18809,0.05,no_leakage_v1_alpha005,gate_all_sources_proxy_source_only_final_training_only,mmd,,,,,merge_then_adapt,coral,near_nearest_proxy,final,3.0,3,3test,train,False,0.34489107525815915,4.0,direct,0.14843773200121774,0.10297281062091765,0.19254129569666723
7,bnci004,MMP_merge_then_adapt,logvar,svm_radial,coral,15,4,4,18809,0.05,no_leakage_v1_alpha005,gate_all_sources_proxy_source_only_final_training_only,mmd,,,,,merge_then_adapt,coral,near_nearest_proxy,main,,4,4test,target,False,,,,,,
7,bnci004,MMP_merge_then_adapt,logvar,svm_radial,coral,15,4,4,18809,0.05,no_leakage_v1_alpha005,gate_all_sources_proxy_source_only_final_training_only,mmd,,,,,merge_then_adapt,coral,near_nearest_proxy,final,,4,4test,target,False,,,,,,
7,bnci004,MMP_merge_then_adapt,TS,lda,none,16,0,0,19682,0.05,no_leakage_v1_alpha005,gate_all_sources_proxy_source_only_final_training_only,mmd,,,,,merge_then_adapt,coral,near_nearest_proxy,main,0.0,1,1train,near,False,0.20516994872627287,0.0,direct,0.0802658245790017,0.05859614725243783,0.1052870361372962
7,bnci004,MMP_merge_then_adapt,TS,lda,none,16,0,0,19682,0.05,no_leakage_v1_alpha005,gate_all_sources_proxy_source_only_final_training_only,mmd,,,,,merge_then_adapt,coral,near_nearest_proxy,anchor,0.0,1,1train,proxy_source,False,0.299939746240076,0.0,direct,0.0802658245790017,0.05859614725243783,0.1052870361372962
7,bnci004,MMP_merge_then_adapt,TS,lda,none,16,0,0,19682,0.05,no_leakage_v1_alpha005,gate_all_sources_proxy_source_only_final_training_only,mmd,,,,,merge_then_adapt,coral,near_nearest_proxy,final,0.0,1,1train,train,False,0.20516994872627287,0.0,direct,0.0802658245790017,0.05859614725243783,0.1052870361372962
7,bnci004,MMP_merge_then_adapt,TS,lda,none,16,0,0,19682,0.05,no_leakage_v1_alpha005,gate_all_sources_proxy_source_only_final_training_only,mmd,,,,,merge_then_adapt,coral,near_nearest_proxy,main,1.0,2,2train,near,False,0.17098878347438956,0.0,direct,0.0963114010164159,0.07385556748242247,0.12591066614510144
7,bnci004,MMP_merge_then_adapt,TS,lda,none,16,0,0,19682,0.05,no_leakage_v1_alpha005,gate_all_sources_proxy_source_only_final_training_only,mmd,,,,,merge_then_adapt,coral,near_nearest_proxy,anchor,1.0,2,2train,proxy_source,False,0.24997000118000365,0.0,direct,0.0963114010164159,0.07385556748242247,0.12591066614510144
7,bnci004,MMP_merge_then_adapt,TS,lda,none,16,0,0,19682,0.05,no_leakage_v1_alpha005,gate_all_sources_proxy_source_only_final_training_only,mmd,,,,,merge_then_adapt,coral,near_nearest_proxy,final,1.0,2,2train,train,False,0.17098878347438956,0.0,direct,0.0963114010164159,0.07385556748242247,0.12591066614510144
7,bnci004,MMP_merge_then_adapt,TS,lda,none,16,0,0,19682,0.05,no_leakage_v1_alpha005,gate_all_sources_proxy_source_only_final_training_only,mmd,,,,,merge_then_adapt,coral,near_nearest_proxy,main,2.0,3,3test,near,False,0.30787848293404635,0.0,direct,0.0534887409080139,0.03990010926558139,0.07417708518039344
7,bnci004,MMP_merge_then_adapt,TS,lda,none,16,0,0,19682,0.05,no_leakage_v1_alpha005,gate_all_sources_proxy_source_only_final_training_only,mmd,,,,,merge_then_adapt,coral,near_nearest_proxy,anchor,2.0,3,3test,proxy_source,False,0.45009025257992025,0.0,direct,0.0534887409080139,0.03990010926558139,0.07417708518039344
7,bnci004,MMP_merge_then_adapt,TS,lda,none,16,0,0,19682,0.05,no_leakage_v1_alpha005,gate_all_sources_proxy_source_only_final_training_only,mmd,,,,,merge_then_adapt,coral,near_nearest_proxy,final,2.0,3,3test,train,False,0.30787848293404635,0.0,direct,0.0534887409080139,0.03990010926558139,0.07417708518039344
7,bnci004,MMP_merge_then_adapt,TS,lda,none,16,0,0,19682,0.05,no_leakage_v1_alpha005,gate_all_sources_proxy_source_only_final_training_only,mmd,,,,,merge_then_adapt,coral,near_nearest_proxy,main,3.0,4,4test,nearest,True,0.3159627848652911,0.0,direct,0.05212013917250001,0.03494582385059884,0.0763393410814224
7,bnci004,MMP_merge_then_adapt,TS,lda,none,16,0,0,19682,0.05,no_leakage_v1_alpha005,gate_all_sources_proxy_source_only_final_training_only,mmd,,,,,merge_then_adapt,coral,near_nearest_proxy,anchor,3.0,4,4test,target,False,,0.0,direct,0.05212013917250001,0.03494582385059884,0.0763393410814224
7,bnci004,MMP_merge_then_adapt,TS,lda,none,16,0,0,19682,0.05,no_leakage_v1_alpha005,gate_all_sources_proxy_source_only_final_training_only,mmd,,,,,merge_then_adapt,coral,near_nearest_proxy,final,3.0,4,4test,train,True,0.3159627848652911,0.0,direct,0.05212013917250001,0.03494582385059884,0.0763393410814224
7,bnci004,MMP_merge_then_adapt,TS,lda,none,16,0,0,19682,0.05,no_leakage_v1_alpha005,gate_all_sources_proxy_source_only_final_training_only,mmd,,,,,merge_then_adapt,coral,near_nearest_proxy,main,,0,0train,target,False,,,,,,
7,bnci004,MMP_merge_then_adapt,TS,lda,none,16,0,0,19682,0.05,no_leakage_v1_alpha005,gate_all_sources_proxy_source_only_final_training_only,mmd,,,,,merge_then_adapt,coral,near_nearest_proxy,final,,0,0train,target,False,,,,,,
7,bnci004,MMP_merge_then_adapt,TS,lda,none,16,1,1,19713,0.05,no_leakage_v1_alpha005,gate_all_sources_proxy_source_only_final_training_only,mmd,,,,,merge_then_adapt,coral,near_nearest_proxy,main,0.0,0,0train,near,False,0.276897727189411,1.0,direct,0.09240152170993561,0.07026165745707784,0.1205289072065191
7,bnci004,MMP_merge_then_adapt,TS,lda,none,16,1,1,19713,0.05,no_leakage_v1_alpha005,gate_all_sources_proxy_source_only_final_training_only,mmd,,,,,merge_then_adapt,coral,near_nearest_proxy,anchor,0.0,0,0train,proxy_source,False,0.3952674965398434,1.0,direct,0.09240152170993561,0.07026165745707784,0.1205289072065191
7,bnci004,MMP_merge_then_adapt,TS,lda,none,16,1,1,19713,0.05,no_leakage_v1_alpha005,gate_all_sources_proxy_source_only_final_training_only,mmd,,,,,merge_then_adapt,coral,near_nearest_proxy,final,0.0,0,0train,train,False,0.276897727189411,1.0,direct,0.09240152170993561,0.07026165745707784,0.1205289072065191
7,bnci004,MMP_merge_then_adapt,TS,lda,none,16,1,1,19713,0.05,no_leakage_v1_alpha005,gate_all_sources_proxy_source_only_final_training_only,mmd,,,,,merge_then_adapt,coral,near_nearest_proxy,main,1.0,2,2train,near,False,0.22514156603336843,1.0,direct,0.11364326702201782,0.08760964945249738,0.1508622639893868
7,bnci004,MMP_merge_then_adapt,TS,lda,none,16,1,1,19713,0.05,no_leakage_v1_alpha005,gate_all_sources_proxy_source_only_final_training_only,mmd,,,,,merge_then_adapt,coral,near_nearest_proxy,anchor,1.0,2,2train,proxy_source,False,0.3213863258335641,1.0,direct,0.11364326702201782,0.08760964945249738,0.1508622639893868
7,bnci004,MMP_merge_then_adapt,TS,lda,none,16,1,1,19713,0.05,no_leakage_v1_alpha005,gate_all_sources_proxy_source_only_final_training_only,mmd,,,,,merge_then_adapt,coral,near_nearest_proxy,final,1.0,2,2train,train,False,0.22514156603336843,1.0,direct,0.11364326702201782,0.08760964945249738,0.1508622639893868
7,bnci004,MMP_merge_then_adapt,TS,lda,none,16,1,1,19713,0.05,no_leakage_v1_alpha005,gate_all_sources_proxy_source_only_final_training_only,mmd,,,,,merge_then_adapt,coral,near_nearest_proxy,main,2.0,3,3test,nearest,True,0.2994675008358562,1.0,direct,0.08543748055844823,0.06267782484364624,0.11032087355459069
7,bnci004,MMP_merge_then_adapt,TS,lda,none,16,1,1,19713,0.05,no_leakage_v1_alpha005,gate_all_sources_proxy_source_only_final_training_only,mmd,,,,,merge_then_adapt,coral,near_nearest_proxy,anchor,2.0,3,3test,target,False,,1.0,direct,0.08543748055844823,0.06267782484364624,0.11032087355459069
7,bnci004,MMP_merge_then_adapt,TS,lda,none,16,1,1,19713,0.05,no_leakage_v1_alpha005,gate_all_sources_proxy_source_only_final_training_only,mmd,,,,,merge_then_adapt,coral,near_nearest_proxy,final,2.0,3,3test,train,True,0.2994675008358562,1.0,direct,0.08543748055844823,0.06267782484364624,0.11032087355459069
7,bnci004,MMP_merge_then_adapt,TS,lda,none,16,1,1,19713,0.05,no_leakage_v1_alpha005,gate_all_sources_proxy_source_only_final_training_only,mmd,,,,,merge_then_adapt,coral,near_nearest_proxy,main,3.0,4,4test,near,False,0.19849320594136427,1.0,direct,0.12890038041102328,0.0994205360646705,0.16492608418780477
7,bnci004,MMP_merge_then_adapt,TS,lda,none,16,1,1,19713,0.05,no_leakage_v1_alpha005,gate_all_sources_proxy_source_only_final_training_only,mmd,,,,,merge_then_adapt,coral,near_nearest_proxy,anchor,3.0,4,4test,proxy_source,False,0.2833461776265926,1.0,direct,0.12890038041102328,0.0994205360646705,0.16492608418780477
7,bnci004,MMP_merge_then_adapt,TS,lda,none,16,1,1,19713,0.05,no_leakage_v1_alpha005,gate_all_sources_proxy_source_only_final_training_only,mmd,,,,,merge_then_adapt,coral,near_nearest_proxy,final,3.0,4,4test,train,False,0.19849320594136427,1.0,direct,0.12890038041102328,0.0994205360646705,0.16492608418780477
7,bnci004,MMP_merge_then_adapt,TS,lda,none,16,1,1,19713,0.05,no_leakage_v1_alpha005,gate_all_sources_proxy_source_only_final_training_only,mmd,,,,,merge_then_adapt,coral,near_nearest_proxy,main,,1,1train,target,False,,,,,,
7,bnci004,MMP_merge_then_adapt,TS,lda,none,16,1,1,19713,0.05,no_leakage_v1_alpha005,gate_all_sources_proxy_source_only_final_training_only,mmd,,,,,merge_then_adapt,coral,near_nearest_proxy,final,,1,1train,target,False,,,,,,
7,bnci004,MMP_merge_then_adapt,TS,lda,none,16,2,2,19744,0.05,no_leakage_v1_alpha005,gate_all_sources_proxy_source_only_final_training_only,mmd,,,,,merge_then_adapt,coral,near_nearest_proxy,main,0.0,0,0train,near,False,0.3124174297372587,2.0,direct,0.06955513850365115,0.0571789371062231,0.0830469782077293
7,bnci004,MMP_merge_then_adapt,TS,lda,none,16,2,2,19744,0.05,no_leakage_v1_alpha005,gate_all_sources_proxy_source_only_final_training_only,mmd,,,,,merge_then_adapt,coral,near_nearest_proxy,anchor,0.0,0,0train,proxy_source,False,0.5445588871649849,2.0,direct,0.06955513850365115,0.0571789371062231,0.0830469782077293
7,bnci004,MMP_merge_then_adapt,TS,lda,none,16,2,2,19744,0.05,no_leakage_v1_alpha005,gate_all_sources_proxy_source_only_final_training_only,mmd,,,,,merge_then_adapt,coral,near_nearest_proxy,final,0.0,0,0train,train,False,0.3124174297372587,2.0,direct,0.06955513850365115,0.0571789371062231,0.0830469782077293
7,bnci004,MMP_merge_then_adapt,TS,lda,none,16,2,2,19744,0.05,no_leakage_v1_alpha005,gate_all_sources_proxy_source_only_final_training_only,mmd,,,,,merge_then_adapt,coral,near_nearest_proxy,main,1.0,1,1train,near,False,0.2612899086255907,2.0,direct,0.0831654342800845,0.06551232279770541,0.10225929937195269
7,bnci004,MMP_merge_then_adapt,TS,lda,none,16,2,2,19744,0.05,no_leakage_v1_alpha005,gate_all_sources_proxy_source_only_final_training_only,mmd,,,,,merge_then_adapt,coral,near_nearest_proxy,anchor,1.0,1,1train,proxy_source,False,0.45544111283501515,2.0,direct,0.0831654342800845,0.06551232279770541,0.10225929937195269
7,bnci004,MMP_merge_then_adapt,TS,lda,none,16,2,2,19744,0.05,no_leakage_v1_alpha005,gate_all_sources_proxy_source_only_final_training_only,mmd,,,,,merge_then_adapt,coral,near_nearest_proxy,final,1.0,1,1train,train,False,0.2612899086255907,2.0,direct,0.0831654342800845,0.06551232279770541,0.10225929937195269
7,bnci004,MMP_merge_then_adapt,TS,lda,none,16,2,2,19744,0.05,no_leakage_v1_alpha005,gate_all_sources_proxy_source_only_final_training_only,mmd,,,,,merge_then_adapt,coral,near_nearest_proxy,main,2.0,3,3test,nearest,True,0.42629266163715074,2.0,direct,0.050974660548095366,0.04003579832781648,0.06598245973740562
7,bnci004,MMP_merge_then_adapt,TS,lda,none,16,2,2,19744,0.05,no_leakage_v1_alpha005,gate_all_sources_proxy_source_only_final_training_only,mmd,,,,,merge_then_adapt,coral,near_nearest_proxy,anchor,2.0,3,3test,target,False,,2.0,direct,0.050974660548095366,0.04003579832781648,0.06598245973740562
7,bnci004,MMP_merge_then_adapt,TS,lda,none,16,2,2,19744,0.05,no_leakage_v1_alpha005,gate_all_sources_proxy_source_only_final_training_only,mmd,,,,,merge_then_adapt,coral,near_nearest_proxy,final,2.0,3,3test,train,True,0.42629266163715074,2.0,direct,0.050974660548095366,0.04003579832781648,0.06598245973740562
7,bnci004,MMP_merge_then_adapt,TS,lda,none,16,2,2,19744,0.05,no_leakage_v1_alpha005,gate_all_sources_proxy_source_only_final_training_only,mmd,,,,,merge_then_adapt,coral,near_nearest_proxy,main,3.0,4,4test,far,False,,2.0,direct,0.08353321949117165,0.06806854276950952,0.10416301434139486
7,bnci004,MMP_merge_then_adapt,TS,lda,none,16,2,2,19744,0.05,no_leakage_v1_alpha005,gate_all_sources_proxy_source_only_final_training_only,mmd,,,,,merge_then_adapt,coral,near_nearest_proxy,anchor,3.0,4,4test,not_used,False,,2.0,direct,0.08353321949117165,0.06806854276950952,0.10416301434139486
7,bnci004,MMP_merge_then_adapt,TS,lda,none,16,2,2,19744,0.05,no_leakage_v1_alpha005,gate_all_sources_proxy_source_only_final_training_only,mmd,,,,,merge_then_adapt,coral,near_nearest_proxy,final,3.0,4,4test,not_used,False,,2.0,direct,0.08353321949117165,0.06806854276950952,0.10416301434139486
7,bnci004,MMP_merge_then_adapt,TS,lda,none,16,2,2,19744,0.05,no_leakage_v1_alpha005,gate_all_sources_proxy_source_only_final_training_only,mmd,,,,,merge_then_adapt,coral,near_nearest_proxy,main,,2,2train,target,False,,,,,,
7,bnci004,MMP_merge_then_adapt,TS,lda,none,16,2,2,19744,0.05,no_leakage_v1_alpha005,gate_all_sources_proxy_source_only_final_training_only,mmd,,,,,merge_then_adapt,coral,near_nearest_proxy,final,,2,2train,target,False,,,,,,
7,bnci004,MMP_merge_then_adapt,TS,lda,none,16,3,3,19775,0.05,no_leakage_v1_alpha005,gate_all_sources_proxy_source_only_final_training_only,mmd,,,,,merge_then_adapt,coral,near_nearest_proxy,main,0.0,0,0train,near,False,0.3014992772520933,3.0,direct,0.05780321714137389,0.04341204833781362,0.07466903361164003
7,bnci004,MMP_merge_then_adapt,TS,lda,none,16,3,3,19775,0.05,no_leakage_v1_alpha005,gate_all_sources_proxy_source_only_final_training_only,mmd,,,,,merge_then_adapt,coral,near_nearest_proxy,anchor,0.0,0,0train,proxy_source,False,0.5106013894484981,3.0,direct,0.05780321714137389,0.04341204833781362,0.07466903361164003
7,bnci004,MMP_merge_then_adapt,TS,lda,none,16,3,3,19775,0.05,no_leakage_v1_alpha005,gate_all_sources_proxy_source_only_final_training_only,mmd,,,,,merge_then_adapt,coral,near_nearest_proxy,final,0.0,0,0train,train,False,0.3014992772520933,3.0,direct,0.05780321714137389,0.04341204833781362,0.07466903361164003
7,bnci004,MMP_merge_then_adapt,TS,lda,none,16,3,3,19775,0.05,no_leakage_v1_alpha005,gate_all_sources_proxy_source_only_final_training_only,mmd,,,,,merge_then_adapt,coral,near_nearest_proxy,main,1.0,1,1train,near,False,0.28897948657920675,3.0,direct,0.06030753572532197,0.04158498836392172,0.08621241517077495
7,bnci004,MMP_merge_then_adapt,TS,lda,none,16,3,3,19775,0.05,no_leakage_v1_alpha005,gate_all_sources_proxy_source_only_final_training_only,mmd,,,,,merge_then_adapt,coral,near_nearest_proxy,anchor,1.0,1,1train,proxy_source,False,0.4893986105515021,3.0,direct,0.06030753572532197,0.04158498836392172,0.08621241517077495
7,bnci004,MMP_merge_then_adapt,TS,lda,none,16,3,3,19775,0.05,no_leakage_v1_alpha005,gate_all_sources_proxy_source_only_final_training_only,mmd,,,,,merge_then_adapt,coral,near_nearest_proxy,final,1.0,1,1train,train,False,0.28897948657920675,3.0,direct,0.06030753572532197,0.04158498836392172,0.08621241517077495
7,bnci004,MMP_merge_then_adapt,TS,lda,none,16,3,3,19775,0.05,no_leakage_v1_alpha005,gate_all_sources_proxy_source_only_final_training_only,mmd,,,,,merge_then_adapt,coral,near_nearest_proxy,main,2.0,2,2train,nearest,True,0.4095212361686999,3.0,direct,0.042555839917009716,0.028586564527451903,0.06321838977768894
7,bnci004,MMP_merge_then_adapt,TS,lda,none,16,3,3,19775,0.05,no_leakage_v1_alpha005,gate_all_sources_proxy_source_only_final_training_only,mmd,,,,,merge_then_adapt,coral,near_nearest_proxy,anchor,2.0,2,2train,target,False,,3.0,direct,0.042555839917009716,0.028586564527451903,0.06321838977768894
7,bnci004,MMP_merge_then_adapt,TS,lda,none,16,3,3,19775,0.05,no_leakage_v1_alpha005,gate_all_sources_proxy_source_only_final_training_only,mmd,,,,,merge_then_adapt,coral,near_nearest_proxy,final,2.0,2,2train,train,True,0.4095212361686999,3.0,direct,0.042555839917009716,0.028586564527451903,0.06321838977768894
7,bnci004,MMP_merge_then_adapt,TS,lda,none,16,3,3,19775,0.05,no_leakage_v1_alpha005,gate_all_sources_proxy_source_only_final_training_only,mmd,,,,,merge_then_adapt,coral,near_nearest_proxy,main,3.0,4,4test,far,False,,3.0,direct,0.09352592267591767,0.07041177504701313,0.12337305848847001
7,bnci004,MMP_merge_then_adapt,TS,lda,none,16,3,3,19775,0.05,no_leakage_v1_alpha005,gate_all_sources_proxy_source_only_final_training_only,mmd,,,,,merge_then_adapt,coral,near_nearest_proxy,anchor,3.0,4,4test,not_used,False,,3.0,direct,0.09352592267591767,0.07041177504701313,0.12337305848847001
7,bnci004,MMP_merge_then_adapt,TS,lda,none,16,3,3,19775,0.05,no_leakage_v1_alpha005,gate_all_sources_proxy_source_only_final_training_only,mmd,,,,,merge_then_adapt,coral,near_nearest_proxy,final,3.0,4,4test,not_used,False,,3.0,direct,0.09352592267591767,0.07041177504701313,0.12337305848847001
7,bnci004,MMP_merge_then_adapt,TS,lda,none,16,3,3,19775,0.05,no_leakage_v1_alpha005,gate_all_sources_proxy_source_only_final_training_only,mmd,,,,,merge_then_adapt,coral,near_nearest_proxy,main,,3,3test,target,False,,,,,,
7,bnci004,MMP_merge_then_adapt,TS,lda,none,16,3,3,19775,0.05,no_leakage_v1_alpha005,gate_all_sources_proxy_source_only_final_training_only,mmd,,,,,merge_then_adapt,coral,near_nearest_proxy,final,,3,3test,target,False,,,,,,
7,bnci004,MMP_merge_then_adapt,TS,lda,none,16,4,4,19806,0.05,no_leakage_v1_alpha005,gate_all_sources_proxy_source_only_final_training_only,mmd,,,,,merge_then_adapt,coral,near_nearest_proxy,main,0.0,0,0train,nearest,True,0.6540320649300082,4.0,direct,0.052171449030587166,0.034786308561627864,0.0778786947625209
7,bnci004,MMP_merge_then_adapt,TS,lda,none,16,4,4,19806,0.05,no_leakage_v1_alpha005,gate_all_sources_proxy_source_only_final_training_only,mmd,,,,,merge_then_adapt,coral,near_nearest_proxy,anchor,0.0,0,0train,target,False,,4.0,direct,0.052171449030587166,0.034786308561627864,0.0778786947625209
7,bnci004,MMP_merge_then_adapt,TS,lda,none,16,4,4,19806,0.05,no_leakage_v1_alpha005,gate_all_sources_proxy_source_only_final_training_only,mmd,,,,,merge_then_adapt,coral,near_nearest_proxy,final,0.0,0,0train,train,True,0.6540320649300082,4.0,direct,0.052171449030587166,0.034786308561627864,0.0778786947625209
7,bnci004,MMP_merge_then_adapt,TS,lda,none,16,4,4,19806,0.05,no_leakage_v1_alpha005,gate_all_sources_proxy_source_only_final_training_only,mmd,,,,,merge_then_adapt,coral,near_nearest_proxy,main,1.0,1,1train,far,False,,4.0,direct,0.13963093870137988,0.10787165650293966,0.17518724306285957
7,bnci004,MMP_merge_then_adapt,TS,lda,none,16,4,4,19806,0.05,no_leakage_v1_alpha005,gate_all_sources_proxy_source_only_final_training_only,mmd,,,,,merge_then_adapt,coral,near_nearest_proxy,anchor,1.0,1,1train,not_used,False,,4.0,direct,0.13963093870137988,0.10787165650293966,0.17518724306285957
7,bnci004,MMP_merge_then_adapt,TS,lda,none,16,4,4,19806,0.05,no_leakage_v1_alpha005,gate_all_sources_proxy_source_only_final_training_only,mmd,,,,,merge_then_adapt,coral,near_nearest_proxy,final,1.0,1,1train,not_used,False,,4.0,direct,0.13963093870137988,0.10787165650293966,0.17518724306285957
7,bnci004,MMP_merge_then_adapt,TS,lda,none,16,4,4,19806,0.05,no_leakage_v1_alpha005,gate_all_sources_proxy_source_only_final_training_only,mmd,,,,,merge_then_adapt,coral,near_nearest_proxy,main,2.0,2,2train,far,False,,4.0,direct,0.16048395349194108,0.12421401055939803,0.1989285612460226
7,bnci004,MMP_merge_then_adapt,TS,lda,none,16,4,4,19806,0.05,no_leakage_v1_alpha005,gate_all_sources_proxy_source_only_final_training_only,mmd,,,,,merge_then_adapt,coral,near_nearest_proxy,anchor,2.0,2,2train,not_used,False,,4.0,direct,0.16048395349194108,0.12421401055939803,0.1989285612460226
7,bnci004,MMP_merge_then_adapt,TS,lda,none,16,4,4,19806,0.05,no_leakage_v1_alpha005,gate_all_sources_proxy_source_only_final_training_only,mmd,,,,,merge_then_adapt,coral,near_nearest_proxy,final,2.0,2,2train,not_used,False,,4.0,direct,0.16048395349194108,0.12421401055939803,0.1989285612460226
7,bnci004,MMP_merge_then_adapt,TS,lda,none,16,4,4,19806,0.05,no_leakage_v1_alpha005,gate_all_sources_proxy_source_only_final_training_only,mmd,,,,,merge_then_adapt,coral,near_nearest_proxy,main,3.0,3,3test,near,False,0.3459679350699918,4.0,direct,0.09862795116285072,0.06597677155152695,0.12579801126912163
7,bnci004,MMP_merge_then_adapt,TS,lda,none,16,4,4,19806,0.05,no_leakage_v1_alpha005,gate_all_sources_proxy_source_only_final_training_only,mmd,,,,,merge_then_adapt,coral,near_nearest_proxy,anchor,3.0,3,3test,proxy_source,False,1.0,4.0,direct,0.09862795116285072,0.06597677155152695,0.12579801126912163
7,bnci004,MMP_merge_then_adapt,TS,lda,none,16,4,4,19806,0.05,no_leakage_v1_alpha005,gate_all_sources_proxy_source_only_final_training_only,mmd,,,,,merge_then_adapt,coral,near_nearest_proxy,final,3.0,3,3test,train,False,0.3459679350699918,4.0,direct,0.09862795116285072,0.06597677155152695,0.12579801126912163
7,bnci004,MMP_merge_then_adapt,TS,lda,none,16,4,4,19806,0.05,no_leakage_v1_alpha005,gate_all_sources_proxy_source_only_final_training_only,mmd,,,,,merge_then_adapt,coral,near_nearest_proxy,main,,4,4test,target,False,,,,,,
7,bnci004,MMP_merge_then_adapt,TS,lda,none,16,4,4,19806,0.05,no_leakage_v1_alpha005,gate_all_sources_proxy_source_only_final_training_only,mmd,,,,,merge_then_adapt,coral,near_nearest_proxy,final,,4,4test,target,False,,,,,,
7,bnci004,MMP_merge_then_adapt,TS,lda,sa,17,0,0,20679,0.05,no_leakage_v1_alpha005,gate_all_sources_proxy_source_only_final_training_only,mmd,,,,,merge_then_adapt,coral,near_nearest_proxy,main,0.0,1,1train,near,False,0.20733731006445985,0.0,direct,0.07985145687529047,0.05768074886605153,0.10601008312792226
7,bnci004,MMP_merge_then_adapt,TS,lda,sa,17,0,0,20679,0.05,no_leakage_v1_alpha005,gate_all_sources_proxy_source_only_final_training_only,mmd,,,,,merge_then_adapt,coral,near_nearest_proxy,anchor,0.0,1,1train,proxy_source,False,0.30308552537283345,0.0,direct,0.07985145687529047,0.05768074886605153,0.10601008312792226
7,bnci004,MMP_merge_then_adapt,TS,lda,sa,17,0,0,20679,0.05,no_leakage_v1_alpha005,gate_all_sources_proxy_source_only_final_training_only,mmd,,,,,merge_then_adapt,coral,near_nearest_proxy,final,0.0,1,1train,train,False,0.20733731006445985,0.0,direct,0.07985145687529047,0.05768074886605153,0.10601008312792226
7,bnci004,MMP_merge_then_adapt,TS,lda,sa,17,0,0,20679,0.05,no_leakage_v1_alpha005,gate_all_sources_proxy_source_only_final_training_only,mmd,,,,,merge_then_adapt,coral,near_nearest_proxy,main,1.0,2,2train,near,False,0.17152622098526227,0.0,direct,0.09652298050548523,0.07240837435884796,0.12438179213601094
7,bnci004,MMP_merge_then_adapt,TS,lda,sa,17,0,0,20679,0.05,no_leakage_v1_alpha005,gate_all_sources_proxy_source_only_final_training_only,mmd,,,,,merge_then_adapt,coral,near_nearest_proxy,anchor,1.0,2,2train,proxy_source,False,0.25073690203838606,0.0,direct,0.09652298050548523,0.07240837435884796,0.12438179213601094
7,bnci004,MMP_merge_then_adapt,TS,lda,sa,17,0,0,20679,0.05,no_leakage_v1_alpha005,gate_all_sources_proxy_source_only_final_training_only,mmd,,,,,merge_then_adapt,coral,near_nearest_proxy,final,1.0,2,2train,train,False,0.17152622098526227,0.0,direct,0.09652298050548523,0.07240837435884796,0.12438179213601094
7,bnci004,MMP_merge_then_adapt,TS,lda,sa,17,0,0,20679,0.05,no_leakage_v1_alpha005,gate_all_sources_proxy_source_only_final_training_only,mmd,,,,,merge_then_adapt,coral,near_nearest_proxy,main,2.0,3,3test,near,False,0.30522492817118196,0.0,direct,0.05424225499808306,0.03783861767522606,0.07412137436060319
7,bnci004,MMP_merge_then_adapt,TS,lda,sa,17,0,0,20679,0.05,no_leakage_v1_alpha005,gate_all_sources_proxy_source_only_final_training_only,mmd,,,,,merge_then_adapt,coral,near_nearest_proxy,anchor,2.0,3,3test,proxy_source,False,0.44617757258878055,0.0,direct,0.05424225499808306,0.03783861767522606,0.07412137436060319
7,bnci004,MMP_merge_then_adapt,TS,lda,sa,17,0,0,20679,0.05,no_leakage_v1_alpha005,gate_all_sources_proxy_source_only_final_training_only,mmd,,,,,merge_then_adapt,coral,near_nearest_proxy,final,2.0,3,3test,train,False,0.30522492817118196,0.0,direct,0.05424225499808306,0.03783861767522606,0.07412137436060319
7,bnci004,MMP_merge_then_adapt,TS,lda,sa,17,0,0,20679,0.05,no_leakage_v1_alpha005,gate_all_sources_proxy_source_only_final_training_only,mmd,,,,,merge_then_adapt,coral,near_nearest_proxy,main,3.0,4,4test,nearest,True,0.31591154077909595,0.0,direct,0.052407321550171596,0.03437912595164503,0.07580846944480965
7,bnci004,MMP_merge_then_adapt,TS,lda,sa,17,0,0,20679,0.05,no_leakage_v1_alpha005,gate_all_sources_proxy_source_only_final_training_only,mmd,,,,,merge_then_adapt,coral,near_nearest_proxy,anchor,3.0,4,4test,target,False,,0.0,direct,0.052407321550171596,0.03437912595164503,0.07580846944480965
7,bnci004,MMP_merge_then_adapt,TS,lda,sa,17,0,0,20679,0.05,no_leakage_v1_alpha005,gate_all_sources_proxy_source_only_final_training_only,mmd,,,,,merge_then_adapt,coral,near_nearest_proxy,final,3.0,4,4test,train,True,0.31591154077909595,0.0,direct,0.052407321550171596,0.03437912595164503,0.07580846944480965
7,bnci004,MMP_merge_then_adapt,TS,lda,sa,17,0,0,20679,0.05,no_leakage_v1_alpha005,gate_all_sources_proxy_source_only_final_training_only,mmd,,,,,merge_then_adapt,coral,near_nearest_proxy,main,,0,0train,target,False,,,,,,
7,bnci004,MMP_merge_then_adapt,TS,lda,sa,17,0,0,20679,0.05,no_leakage_v1_alpha005,gate_all_sources_proxy_source_only_final_training_only,mmd,,,,,merge_then_adapt,coral,near_nearest_proxy,final,,0,0train,target,False,,,,,,
7,bnci004,MMP_merge_then_adapt,TS,lda,sa,17,1,1,20710,0.05,no_leakage_v1_alpha005,gate_all_sources_proxy_source_only_final_training_only,mmd,,,,,merge_then_adapt,coral,near_nearest_proxy,main,0.0,0,0train,near,False,0.27806834851096174,1.0,direct,0.09110737919867042,0.06723109400952552,0.1229631789475895
7,bnci004,MMP_merge_then_adapt,TS,lda,sa,17,1,1,20710,0.05,no_leakage_v1_alpha005,gate_all_sources_proxy_source_only_final_training_only,mmd,,,,,merge_then_adapt,coral,near_nearest_proxy,anchor,0.0,0,0train,proxy_source,False,0.39774455764256617,1.0,direct,0.09110737919867042,0.06723109400952552,0.1229631789475895
7,bnci004,MMP_merge_then_adapt,TS,lda,sa,17,1,1,20710,0.05,no_leakage_v1_alpha005,gate_all_sources_proxy_source_only_final_training_only,mmd,,,,,merge_then_adapt,coral,near_nearest_proxy,final,0.0,0,0train,train,False,0.27806834851096174,1.0,direct,0.09110737919867042,0.06723109400952552,0.1229631789475895
7,bnci004,MMP_merge_then_adapt,TS,lda,sa,17,1,1,20710,0.05,no_leakage_v1_alpha005,gate_all_sources_proxy_source_only_final_training_only,mmd,,,,,merge_then_adapt,coral,near_nearest_proxy,main,1.0,2,2train,near,False,0.2229066184591717,1.0,direct,0.11365357299745932,0.08944941972514889,0.13801435293268643
7,bnci004,MMP_merge_then_adapt,TS,lda,sa,17,1,1,20710,0.05,no_leakage_v1_alpha005,gate_all_sources_proxy_source_only_final_training_only,mmd,,,,,merge_then_adapt,coral,near_nearest_proxy,anchor,1.0,2,2train,proxy_source,False,0.3188420934256329,1.0,direct,0.11365357299745932,0.08944941972514889,0.13801435293268643
7,bnci004,MMP_merge_then_adapt,TS,lda,sa,17,1,1,20710,0.05,no_leakage_v1_alpha005,gate_all_sources_proxy_source_only_final_training_only,mmd,,,,,merge_then_adapt,coral,near_nearest_proxy,final,1.0,2,2train,train,False,0.2229066184591717,1.0,direct,0.11365357299745932,0.08944941972514889,0.13801435293268643
7,bnci004,MMP_merge_then_adapt,TS,lda,sa,17,1,1,20710,0.05,no_leakage_v1_alpha005,gate_all_sources_proxy_source_only_final_training_only,mmd,,,,,merge_then_adapt,coral,near_nearest_proxy,main,2.0,3,3test,nearest,True,0.3008871066418252,1.0,direct,0.0841978771869931,0.062118894984558436,0.10599229656871458
7,bnci004,MMP_merge_then_adapt,TS,lda,sa,17,1,1,20710,0.05,no_leakage_v1_alpha005,gate_all_sources_proxy_source_only_final_training_only,mmd,,,,,merge_then_adapt,coral,near_nearest_proxy,anchor,2.0,3,3test,target,False,,1.0,direct,0.0841978771869931,0.062118894984558436,0.10599229656871458
7,bnci004,MMP_merge_then_adapt,TS,lda,sa,17,1,1,20710,0.05,no_leakage_v1_alpha005,gate_all_sources_proxy_source_only_final_training_only,mmd,,,,,merge_then_adapt,coral,near_nearest_proxy,final,2.0,3,3test,train,True,0.3008871066418252,1.0,direct,0.0841978771869931,0.062118894984558436,0.10599229656871458
7,bnci004,MMP_merge_then_adapt,TS,lda,sa,17,1,1,20710,0.05,no_leakage_v1_alpha005,gate_all_sources_proxy_source_only_final_training_only,mmd,,,,,merge_then_adapt,coral,near_nearest_proxy,main,3.0,4,4test,near,False,0.1981379263880413,1.0,direct,0.1278612270915913,0.10040636189329268,0.164676629261035
7,bnci004,MMP_merge_then_adapt,TS,lda,sa,17,1,1,20710,0.05,no_leakage_v1_alpha005,gate_all_sources_proxy_source_only_final_training_only,mmd,,,,,merge_then_adapt,coral,near_nearest_proxy,anchor,3.0,4,4test,proxy_source,False,0.2834133489318009,1.0,direct,0.1278612270915913,0.10040636189329268,0.164676629261035
7,bnci004,MMP_merge_then_adapt,TS,lda,sa,17,1,1,20710,0.05,no_leakage_v1_alpha005,gate_all_sources_proxy_source_only_final_training_only,mmd,,,,,merge_then_adapt,coral,near_nearest_proxy,final,3.0,4,4test,train,False,0.1981379263880413,1.0,direct,0.1278612270915913,0.10040636189329268,0.164676629261035
7,bnci004,MMP_merge_then_adapt,TS,lda,sa,17,1,1,20710,0.05,no_leakage_v1_alpha005,gate_all_sources_proxy_source_only_final_training_only,mmd,,,,,merge_then_adapt,coral,near_nearest_proxy,main,,1,1train,target,False,,,,,,
7,bnci004,MMP_merge_then_adapt,TS,lda,sa,17,1,1,20710,0.05,no_leakage_v1_alpha005,gate_all_sources_proxy_source_only_final_training_only,mmd,,,,,merge_then_adapt,coral,near_nearest_proxy,final,,1,1train,target,False,,,,,,
7,bnci004,MMP_merge_then_adapt,TS,lda,sa,17,2,2,20741,0.05,no_leakage_v1_alpha005,gate_all_sources_proxy_source_only_final_training_only,mmd,,,,,merge_then_adapt,coral,near_nearest_proxy,main,0.0,0,0train,near,False,0.3130072925682849,2.0,direct,0.06961896465367039,0.05587472922283096,0.08494614938148184
7,bnci004,MMP_merge_then_adapt,TS,lda,sa,17,2,2,20741,0.05,no_leakage_v1_alpha005,gate_all_sources_proxy_source_only_final_training_only,mmd,,,,,merge_then_adapt,coral,near_nearest_proxy,anchor,0.0,0,0train,proxy_source,False,0.5428276106102937,2.0,direct,0.06961896465367039,0.05587472922283096,0.08494614938148184
7,bnci004,MMP_merge_then_adapt,TS,lda,sa,17,2,2,20741,0.05,no_leakage_v1_alpha005,gate_all_sources_proxy_source_only_final_training_only,mmd,,,,,merge_then_adapt,coral,near_nearest_proxy,final,0.0,0,0train,train,False,0.3130072925682849,2.0,direct,0.06961896465367039,0.05587472922283096,0.08494614938148184
7,bnci004,MMP_merge_then_adapt,TS,lda,sa,17,2,2,20741,0.05,no_leakage_v1_alpha005,gate_all_sources_proxy_source_only_final_training_only,mmd,,,,,merge_then_adapt,coral,near_nearest_proxy,main,1.0,1,1train,near,False,0.26361645767974506,2.0,direct,0.0826628702179155,0.06267174016948515,0.10277912513798168
7,bnci004,MMP_merge_then_adapt,TS,lda,sa,17,2,2,20741,0.05,no_leakage_v1_alpha005,gate_all_sources_proxy_source_only_final_training_only,mmd,,,,,merge_then_adapt,coral,near_nearest_proxy,anchor,1.0,1,1train,proxy_source,False,0.4571723893897062,2.0,direct,0.0826628702179155,0.06267174016948515,0.10277912513798168
7,bnci004,MMP_merge_then_adapt,TS,lda,sa,17,2,2,20741,0.05,no_leakage_v1_alpha005,gate_all_sources_proxy_source_only_final_training_only,mmd,,,,,merge_then_adapt,coral,near_nearest_proxy,final,1.0,1,1train,train,False,0.26361645767974506,2.0,direct,0.0826628702179155,0.06267174016948515,0.10277912513798168
7,bnci004,MMP_merge_then_adapt,TS,lda,sa,17,2,2,20741,0.05,no_leakage_v1_alpha005,gate_all_sources_proxy_source_only_final_training_only,mmd,,,,,merge_then_adapt,coral,near_nearest_proxy,main,2.0,3,3test,nearest,True,0.42337624975197,2.0,direct,0.051469900074605945,0.03775766916273793,0.06496224117749365
7,bnci004,MMP_merge_then_adapt,TS,lda,sa,17,2,2,20741,0.05,no_leakage_v1_alpha005,gate_all_sources_proxy_source_only_final_training_only,mmd,,,,,merge_then_adapt,coral,near_nearest_proxy,anchor,2.0,3,3test,target,False,,2.0,direct,0.051469900074605945,0.03775766916273793,0.06496224117749365
7,bnci004,MMP_merge_then_adapt,TS,lda,sa,17,2,2,20741,0.05,no_leakage_v1_alpha005,gate_all_sources_proxy_source_only_final_training_only,mmd,,,,,merge_then_adapt,coral,near_nearest_proxy,final,2.0,3,3test,train,True,0.42337624975197,2.0,direct,0.051469900074605945,0.03775766916273793,0.06496224117749365
7,bnci004,MMP_merge_then_adapt,TS,lda,sa,17,2,2,20741,0.05,no_leakage_v1_alpha005,gate_all_sources_proxy_source_only_final_training_only,mmd,,,,,merge_then_adapt,coral,near_nearest_proxy,main,3.0,4,4test,far,False,,2.0,direct,0.08277564994724251,0.06760498941895317,0.09781586313527434
7,bnci004,MMP_merge_then_adapt,TS,lda,sa,17,2,2,20741,0.05,no_leakage_v1_alpha005,gate_all_sources_proxy_source_only_final_training_only,mmd,,,,,merge_then_adapt,coral,near_nearest_proxy,anchor,3.0,4,4test,not_used,False,,2.0,direct,0.08277564994724251,0.06760498941895317,0.09781586313527434
7,bnci004,MMP_merge_then_adapt,TS,lda,sa,17,2,2,20741,0.05,no_leakage_v1_alpha005,gate_all_sources_proxy_source_only_final_training_only,mmd,,,,,merge_then_adapt,coral,near_nearest_proxy,final,3.0,4,4test,not_used,False,,2.0,direct,0.08277564994724251,0.06760498941895317,0.09781586313527434
7,bnci004,MMP_merge_then_adapt,TS,lda,sa,17,2,2,20741,0.05,no_leakage_v1_alpha005,gate_all_sources_proxy_source_only_final_training_only,mmd,,,,,merge_then_adapt,coral,near_nearest_proxy,main,,2,2train,target,False,,,,,,
7,bnci004,MMP_merge_then_adapt,TS,lda,sa,17,2,2,20741,0.05,no_leakage_v1_alpha005,gate_all_sources_proxy_source_only_final_training_only,mmd,,,,,merge_then_adapt,coral,near_nearest_proxy,final,,2,2train,target,False,,,,,,
7,bnci004,MMP_merge_then_adapt,TS,lda,sa,17,3,3,20772,0.05,no_leakage_v1_alpha005,gate_all_sources_proxy_source_only_final_training_only,mmd,,,,,merge_then_adapt,coral,near_nearest_proxy,main,0.0,0,0train,near,False,0.30095678793235575,3.0,direct,0.0587742541255916,0.04349322091040737,0.07717081323657646
7,bnci004,MMP_merge_then_adapt,TS,lda,sa,17,3,3,20772,0.05,no_leakage_v1_alpha005,gate_all_sources_proxy_source_only_final_training_only,mmd,,,,,merge_then_adapt,coral,near_nearest_proxy,anchor,0.0,0,0train,proxy_source,False,0.5089551700899967,3.0,direct,0.0587742541255916,0.04349322091040737,0.07717081323657646
7,bnci004,MMP_merge_then_adapt,TS,lda,sa,17,3,3,20772,0.05,no_leakage_v1_alpha005,gate_all_sources_proxy_source_only_final_training_only,mmd,,,,,merge_then_adapt,coral,near_nearest_proxy,final,0.0,0,0train,train,False,0.30095678793235575,3.0,direct,0.0587742541255916,0.04349322091040737,0.07717081323657646
7,bnci004,MMP_merge_then_adapt,TS,lda,sa,17,3,3,20772,0.05,no_leakage_v1_alpha005,gate_all_sources_proxy_source_only_final_training_only,mmd,,,,,merge_then_adapt,coral,near_nearest_proxy,main,1.0,1,1train,near,False,0.2903659957209445,3.0,direct,0.06091801927988075,0.04597720103672937,0.0802055955682736
7,bnci004,MMP_merge_then_adapt,TS,lda,sa,17,3,3,20772,0.05,no_leakage_v1_alpha005,gate_all_sources_proxy_source_only_final_training_only,mmd,,,,,merge_then_adapt,coral,near_nearest_proxy,anchor,1.0,1,1train,proxy_source,False,0.49104482991000326,3.0,direct,0.06091801927988075,0.04597720103672937,0.0802055955682736
7,bnci004,MMP_merge_then_adapt,TS,lda,sa,17,3,3,20772,0.05,no_leakage_v1_alpha005,gate_all_sources_proxy_source_only_final_training_only,mmd,,,,,merge_then_adapt,coral,near_nearest_proxy,final,1.0,1,1train,train,False,0.2903659957209445,3.0,direct,0.06091801927988075,0.04597720103672937,0.0802055955682736
7,bnci004,MMP_merge_then_adapt,TS,lda,sa,17,3,3,20772,0.05,no_leakage_v1_alpha005,gate_all_sources_proxy_source_only_final_training_only,mmd,,,,,merge_then_adapt,coral,near_nearest_proxy,main,2.0,2,2train,nearest,True,0.4086772163466998,3.0,direct,0.043282087444100996,0.02948308970929322,0.061928656156792536
7,bnci004,MMP_merge_then_adapt,TS,lda,sa,17,3,3,20772,0.05,no_leakage_v1_alpha005,gate_all_sources_proxy_source_only_final_training_only,mmd,,,,,merge_then_adapt,coral,near_nearest_proxy,anchor,2.0,2,2train,target,False,,3.0,direct,0.043282087444100996,0.02948308970929322,0.061928656156792536
7,bnci004,MMP_merge_then_adapt,TS,lda,sa,17,3,3,20772,0.05,no_leakage_v1_alpha005,gate_all_sources_proxy_source_only_final_training_only,mmd,,,,,merge_then_adapt,coral,near_nearest_proxy,final,2.0,2,2train,train,True,0.4086772163466998,3.0,direct,0.043282087444100996,0.02948308970929322,0.061928656156792536
7,bnci004,MMP_merge_then_adapt,TS,lda,sa,17,3,3,20772,0.05,no_leakage_v1_alpha005,gate_all_sources_proxy_source_only_final_training_only,mmd,,,,,merge_then_adapt,coral,near_nearest_proxy,main,3.0,4,4test,far,False,,3.0,direct,0.09453341054805584,0.07014329967813197,0.1285603043011228
7,bnci004,MMP_merge_then_adapt,TS,lda,sa,17,3,3,20772,0.05,no_leakage_v1_alpha005,gate_all_sources_proxy_source_only_final_training_only,mmd,,,,,merge_then_adapt,coral,near_nearest_proxy,anchor,3.0,4,4test,not_used,False,,3.0,direct,0.09453341054805584,0.07014329967813197,0.1285603043011228
7,bnci004,MMP_merge_then_adapt,TS,lda,sa,17,3,3,20772,0.05,no_leakage_v1_alpha005,gate_all_sources_proxy_source_only_final_training_only,mmd,,,,,merge_then_adapt,coral,near_nearest_proxy,final,3.0,4,4test,not_used,False,,3.0,direct,0.09453341054805584,0.07014329967813197,0.1285603043011228
7,bnci004,MMP_merge_then_adapt,TS,lda,sa,17,3,3,20772,0.05,no_leakage_v1_alpha005,gate_all_sources_proxy_source_only_final_training_only,mmd,,,,,merge_then_adapt,coral,near_nearest_proxy,main,,3,3test,target,False,,,,,,
7,bnci004,MMP_merge_then_adapt,TS,lda,sa,17,3,3,20772,0.05,no_leakage_v1_alpha005,gate_all_sources_proxy_source_only_final_training_only,mmd,,,,,merge_then_adapt,coral,near_nearest_proxy,final,,3,3test,target,False,,,,,,
7,bnci004,MMP_merge_then_adapt,TS,lda,sa,17,4,4,20803,0.05,no_leakage_v1_alpha005,gate_all_sources_proxy_source_only_final_training_only,mmd,,,,,merge_then_adapt,coral,near_nearest_proxy,main,0.0,0,0train,nearest,True,0.6467012764057049,4.0,direct,0.05277919906715477,0.034352864273692794,0.07576378939761437
7,bnci004,MMP_merge_then_adapt,TS,lda,sa,17,4,4,20803,0.05,no_leakage_v1_alpha005,gate_all_sources_proxy_source_only_final_training_only,mmd,,,,,merge_then_adapt,coral,near_nearest_proxy,anchor,0.0,0,0train,target,False,,4.0,direct,0.05277919906715477,0.034352864273692794,0.07576378939761437
7,bnci004,MMP_merge_then_adapt,TS,lda,sa,17,4,4,20803,0.05,no_leakage_v1_alpha005,gate_all_sources_proxy_source_only_final_training_only,mmd,,,,,merge_then_adapt,coral,near_nearest_proxy,final,0.0,0,0train,train,True,0.6467012764057049,4.0,direct,0.05277919906715477,0.034352864273692794,0.07576378939761437
7,bnci004,MMP_merge_then_adapt,TS,lda,sa,17,4,4,20803,0.05,no_leakage_v1_alpha005,gate_all_sources_proxy_source_only_final_training_only,mmd,,,,,merge_then_adapt,coral,near_nearest_proxy,main,1.0,1,1train,far,False,,4.0,direct,0.1364551555172854,0.10604834216390878,0.1751424252595858
7,bnci004,MMP_merge_then_adapt,TS,lda,sa,17,4,4,20803,0.05,no_leakage_v1_alpha005,gate_all_sources_proxy_source_only_final_training_only,mmd,,,,,merge_then_adapt,coral,near_nearest_proxy,anchor,1.0,1,1train,not_used,False,,4.0,direct,0.1364551555172854,0.10604834216390878,0.1751424252595858
7,bnci004,MMP_merge_then_adapt,TS,lda,sa,17,4,4,20803,0.05,no_leakage_v1_alpha005,gate_all_sources_proxy_source_only_final_training_only,mmd,,,,,merge_then_adapt,coral,near_nearest_proxy,final,1.0,1,1train,not_used,False,,4.0,direct,0.1364551555172854,0.10604834216390878,0.1751424252595858
7,bnci004,MMP_merge_then_adapt,TS,lda,sa,17,4,4,20803,0.05,no_leakage_v1_alpha005,gate_all_sources_proxy_source_only_final_training_only,mmd,,,,,merge_then_adapt,coral,near_nearest_proxy,main,2.0,2,2train,far,False,,4.0,direct,0.15978855450170362,0.12563714058201306,0.1997392545506042
7,bnci004,MMP_merge_then_adapt,TS,lda,sa,17,4,4,20803,0.05,no_leakage_v1_alpha005,gate_all_sources_proxy_source_only_final_training_only,mmd,,,,,merge_then_adapt,coral,near_nearest_proxy,anchor,2.0,2,2train,not_used,False,,4.0,direct,0.15978855450170362,0.12563714058201306,0.1997392545506042
7,bnci004,MMP_merge_then_adapt,TS,lda,sa,17,4,4,20803,0.05,no_leakage_v1_alpha005,gate_all_sources_proxy_source_only_final_training_only,mmd,,,,,merge_then_adapt,coral,near_nearest_proxy,final,2.0,2,2train,not_used,False,,4.0,direct,0.15978855450170362,0.12563714058201306,0.1997392545506042
7,bnci004,MMP_merge_then_adapt,TS,lda,sa,17,4,4,20803,0.05,no_leakage_v1_alpha005,gate_all_sources_proxy_source_only_final_training_only,mmd,,,,,merge_then_adapt,coral,near_nearest_proxy,main,3.0,3,3test,near,False,0.3532987235942952,4.0,direct,0.09661135613427316,0.06782361627816627,0.13301772551066401
7,bnci004,MMP_merge_then_adapt,TS,lda,sa,17,4,4,20803,0.05,no_leakage_v1_alpha005,gate_all_sources_proxy_source_only_final_training_only,mmd,,,,,merge_then_adapt,coral,near_nearest_proxy,anchor,3.0,3,3test,proxy_source,False,1.0,4.0,direct,0.09661135613427316,0.06782361627816627,0.13301772551066401
7,bnci004,MMP_merge_then_adapt,TS,lda,sa,17,4,4,20803,0.05,no_leakage_v1_alpha005,gate_all_sources_proxy_source_only_final_training_only,mmd,,,,,merge_then_adapt,coral,near_nearest_proxy,final,3.0,3,3test,train,False,0.3532987235942952,4.0,direct,0.09661135613427316,0.06782361627816627,0.13301772551066401
7,bnci004,MMP_merge_then_adapt,TS,lda,sa,17,4,4,20803,0.05,no_leakage_v1_alpha005,gate_all_sources_proxy_source_only_final_training_only,mmd,,,,,merge_then_adapt,coral,near_nearest_proxy,main,,4,4test,target,False,,,,,,
7,bnci004,MMP_merge_then_adapt,TS,lda,sa,17,4,4,20803,0.05,no_leakage_v1_alpha005,gate_all_sources_proxy_source_only_final_training_only,mmd,,,,,merge_then_adapt,coral,near_nearest_proxy,final,,4,4test,target,False,,,,,,
7,bnci004,MMP_merge_then_adapt,TS,lda,pt,18,0,0,21676,0.05,no_leakage_v1_alpha005,gate_all_sources_proxy_source_only_final_training_only,mmd,,,,,merge_then_adapt,coral,near_nearest_proxy,main,0.0,1,1train,near,False,0.20328511221157933,0.0,direct,0.08119929157560371,0.06092278024400908,0.10660240605557385
7,bnci004,MMP_merge_then_adapt,TS,lda,pt,18,0,0,21676,0.05,no_leakage_v1_alpha005,gate_all_sources_proxy_source_only_final_training_only,mmd,,,,,merge_then_adapt,coral,near_nearest_proxy,anchor,0.0,1,1train,proxy_source,False,0.29864897936676976,0.0,direct,0.08119929157560371,0.06092278024400908,0.10660240605557385
7,bnci004,MMP_merge_then_adapt,TS,lda,pt,18,0,0,21676,0.05,no_leakage_v1_alpha005,gate_all_sources_proxy_source_only_final_training_only,mmd,,,,,merge_then_adapt,coral,near_nearest_proxy,final,0.0,1,1train,train,False,0.20328511221157933,0.0,direct,0.08119929157560371,0.06092278024400908,0.10660240605557385
7,bnci004,MMP_merge_then_adapt,TS,lda,pt,18,0,0,21676,0.05,no_leakage_v1_alpha005,gate_all_sources_proxy_source_only_final_training_only,mmd,,,,,merge_then_adapt,coral,near_nearest_proxy,main,1.0,2,2train,near,False,0.17366374012867913,0.0,direct,0.09504941393401152,0.07125132894518742,0.11841991256253522
7,bnci004,MMP_merge_then_adapt,TS,lda,pt,18,0,0,21676,0.05,no_leakage_v1_alpha005,gate_all_sources_proxy_source_only_final_training_only,mmd,,,,,merge_then_adapt,coral,near_nearest_proxy,anchor,1.0,2,2train,proxy_source,False,0.25513181057974055,0.0,direct,0.09504941393401152,0.07125132894518742,0.11841991256253522
7,bnci004,MMP_merge_then_adapt,TS,lda,pt,18,0,0,21676,0.05,no_leakage_v1_alpha005,gate_all_sources_proxy_source_only_final_training_only,mmd,,,,,merge_then_adapt,coral,near_nearest_proxy,final,1.0,2,2train,train,False,0.17366374012867913,0.0,direct,0.09504941393401152,0.07125132894518742,0.11841991256253522
7,bnci004,MMP_merge_then_adapt,TS,lda,pt,18,0,0,21676,0.05,no_leakage_v1_alpha005,gate_all_sources_proxy_source_only_final_training_only,mmd,,,,,merge_then_adapt,coral,near_nearest_proxy,main,2.0,3,3test,near,False,0.3037335750452562,0.0,direct,0.05434534739376458,0.03915850887094058,0.07385176938277718
7,bnci004,MMP_merge_then_adapt,TS,lda,pt,18,0,0,21676,0.05,no_leakage_v1_alpha005,gate_all_sources_proxy_source_only_final_training_only,mmd,,,,,merge_then_adapt,coral,near_nearest_proxy,anchor,2.0,3,3test,proxy_source,False,0.4462192100534897,0.0,direct,0.05434534739376458,0.03915850887094058,0.07385176938277718
7,bnci004,MMP_merge_then_adapt,TS,lda,pt,18,0,0,21676,0.05,no_leakage_v1_alpha005,gate_all_sources_proxy_source_only_final_training_only,mmd,,,,,merge_then_adapt,coral,near_nearest_proxy,final,2.0,3,3test,train,False,0.3037335750452562,0.0,direct,0.05434534739376458,0.03915850887094058,0.07385176938277718
7,bnci004,MMP_merge_then_adapt,TS,lda,pt,18,0,0,21676,0.05,no_leakage_v1_alpha005,gate_all_sources_proxy_source_only_final_training_only,mmd,,,,,merge_then_adapt,coral,near_nearest_proxy,main,3.0,4,4test,nearest,True,0.3193175726144853,0.0,direct,0.051693024382705566,0.03511211404013812,0.07507553663576726
7,bnci004,MMP_merge_then_adapt,TS,lda,pt,18,0,0,21676,0.05,no_leakage_v1_alpha005,gate_all_sources_proxy_source_only_final_training_only,mmd,,,,,merge_then_adapt,coral,near_nearest_proxy,anchor,3.0,4,4test,target,False,,0.0,direct,0.051693024382705566,0.03511211404013812,0.07507553663576726
7,bnci004,MMP_merge_then_adapt,TS,lda,pt,18,0,0,21676,0.05,no_leakage_v1_alpha005,gate_all_sources_proxy_source_only_final_training_only,mmd,,,,,merge_then_adapt,coral,near_nearest_proxy,final,3.0,4,4test,train,True,0.3193175726144853,0.0,direct,0.051693024382705566,0.03511211404013812,0.07507553663576726
7,bnci004,MMP_merge_then_adapt,TS,lda,pt,18,0,0,21676,0.05,no_leakage_v1_alpha005,gate_all_sources_proxy_source_only_final_training_only,mmd,,,,,merge_then_adapt,coral,near_nearest_proxy,main,,0,0train,target,False,,,,,,
7,bnci004,MMP_merge_then_adapt,TS,lda,pt,18,0,0,21676,0.05,no_leakage_v1_alpha005,gate_all_sources_proxy_source_only_final_training_only,mmd,,,,,merge_then_adapt,coral,near_nearest_proxy,final,,0,0train,target,False,,,,,,
7,bnci004,MMP_merge_then_adapt,TS,lda,pt,18,1,1,21707,0.05,no_leakage_v1_alpha005,gate_all_sources_proxy_source_only_final_training_only,mmd,,,,,merge_then_adapt,coral,near_nearest_proxy,main,0.0,0,0train,near,False,0.279431246364446,1.0,direct,0.09032193837568166,0.06435123194065376,0.12258561726077959
7,bnci004,MMP_merge_then_adapt,TS,lda,pt,18,1,1,21707,0.05,no_leakage_v1_alpha005,gate_all_sources_proxy_source_only_final_training_only,mmd,,,,,merge_then_adapt,coral,near_nearest_proxy,anchor,0.0,0,0train,proxy_source,False,0.39967643489498667,1.0,direct,0.09032193837568166,0.06435123194065376,0.12258561726077959
7,bnci004,MMP_merge_then_adapt,TS,lda,pt,18,1,1,21707,0.05,no_leakage_v1_alpha005,gate_all_sources_proxy_source_only_final_training_only,mmd,,,,,merge_then_adapt,coral,near_nearest_proxy,final,0.0,0,0train,train,False,0.279431246364446,1.0,direct,0.09032193837568166,0.06435123194065376,0.12258561726077959
7,bnci004,MMP_merge_then_adapt,TS,lda,pt,18,1,1,21707,0.05,no_leakage_v1_alpha005,gate_all_sources_proxy_source_only_final_training_only,mmd,,,,,merge_then_adapt,coral,near_nearest_proxy,main,1.0,2,2train,near,False,0.22077702206558392,1.0,direct,0.11431819413297582,0.0864061223422315,0.1398905001318095
7,bnci004,MMP_merge_then_adapt,TS,lda,pt,18,1,1,21707,0.05,no_leakage_v1_alpha005,gate_all_sources_proxy_source_only_final_training_only,mmd,,,,,merge_then_adapt,coral,near_nearest_proxy,anchor,1.0,2,2train,proxy_source,False,0.31578205456242675,1.0,direct,0.11431819413297582,0.0864061223422315,0.1398905001318095
7,bnci004,MMP_merge_then_adapt,TS,lda,pt,18,1,1,21707,0.05,no_leakage_v1_alpha005,gate_all_sources_proxy_source_only_final_training_only,mmd,,,,,merge_then_adapt,coral,near_nearest_proxy,final,1.0,2,2train,train,False,0.22077702206558392,1.0,direct,0.11431819413297582,0.0864061223422315,0.1398905001318095
7,bnci004,MMP_merge_then_adapt,TS,lda,pt,18,1,1,21707,0.05,no_leakage_v1_alpha005,gate_all_sources_proxy_source_only_final_training_only,mmd,,,,,merge_then_adapt,coral,near_nearest_proxy,main,2.0,3,3test,nearest,True,0.300856337857734,1.0,direct,0.0838897081876087,0.06149307742252149,0.11148710064824101
7,bnci004,MMP_merge_then_adapt,TS,lda,pt,18,1,1,21707,0.05,no_leakage_v1_alpha005,gate_all_sources_proxy_source_only_final_training_only,mmd,,,,,merge_then_adapt,coral,near_nearest_proxy,anchor,2.0,3,3test,target,False,,1.0,direct,0.0838897081876087,0.06149307742252149,0.11148710064824101
7,bnci004,MMP_merge_then_adapt,TS,lda,pt,18,1,1,21707,0.05,no_leakage_v1_alpha005,gate_all_sources_proxy_source_only_final_training_only,mmd,,,,,merge_then_adapt,coral,near_nearest_proxy,final,2.0,3,3test,train,True,0.300856337857734,1.0,direct,0.0838897081876087,0.06149307742252149,0.11148710064824101
7,bnci004,MMP_merge_then_adapt,TS,lda,pt,18,1,1,21707,0.05,no_leakage_v1_alpha005,gate_all_sources_proxy_source_only_final_training_only,mmd,,,,,merge_then_adapt,coral,near_nearest_proxy,main,3.0,4,4test,near,False,0.19893539371223617,1.0,direct,0.1268695923799791,0.10116869705922386,0.15938180320756903
7,bnci004,MMP_merge_then_adapt,TS,lda,pt,18,1,1,21707,0.05,no_leakage_v1_alpha005,gate_all_sources_proxy_source_only_final_training_only,mmd,,,,,merge_then_adapt,coral,near_nearest_proxy,anchor,3.0,4,4test,proxy_source,False,0.28454151054258653,1.0,direct,0.1268695923799791,0.10116869705922386,0.15938180320756903
7,bnci004,MMP_merge_then_adapt,TS,lda,pt,18,1,1,21707,0.05,no_leakage_v1_alpha005,gate_all_sources_proxy_source_only_final_training_only,mmd,,,,,merge_then_adapt,coral,near_nearest_proxy,final,3.0,4,4test,train,False,0.19893539371223617,1.0,direct,0.1268695923799791,0.10116869705922386,0.15938180320756903
7,bnci004,MMP_merge_then_adapt,TS,lda,pt,18,1,1,21707,0.05,no_leakage_v1_alpha005,gate_all_sources_proxy_source_only_final_training_only,mmd,,,,,merge_then_adapt,coral,near_nearest_proxy,main,,1,1train,target,False,,,,,,
7,bnci004,MMP_merge_then_adapt,TS,lda,pt,18,1,1,21707,0.05,no_leakage_v1_alpha005,gate_all_sources_proxy_source_only_final_training_only,mmd,,,,,merge_then_adapt,coral,near_nearest_proxy,final,,1,1train,target,False,,,,,,
7,bnci004,MMP_merge_then_adapt,TS,lda,pt,18,2,2,21738,0.05,no_leakage_v1_alpha005,gate_all_sources_proxy_source_only_final_training_only,mmd,,,,,merge_then_adapt,coral,near_nearest_proxy,main,0.0,0,0train,near,False,0.42673180966448687,2.0,direct,0.06809250568903145,0.05459732684812858,0.08579076094542747
7,bnci004,MMP_merge_then_adapt,TS,lda,pt,18,2,2,21738,0.05,no_leakage_v1_alpha005,gate_all_sources_proxy_source_only_final_training_only,mmd,,,,,merge_then_adapt,coral,near_nearest_proxy,anchor,0.0,0,0train,proxy_source,False,1.0,2.0,direct,0.06809250568903145,0.05459732684812858,0.08579076094542747
7,bnci004,MMP_merge_then_adapt,TS,lda,pt,18,2,2,21738,0.05,no_leakage_v1_alpha005,gate_all_sources_proxy_source_only_final_training_only,mmd,,,,,merge_then_adapt,coral,near_nearest_proxy,final,0.0,0,0train,train,False,0.42673180966448687,2.0,direct,0.06809250568903145,0.05459732684812858,0.08579076094542747
7,bnci004,MMP_merge_then_adapt,TS,lda,pt,18,2,2,21738,0.05,no_leakage_v1_alpha005,gate_all_sources_proxy_source_only_final_training_only,mmd,,,,,merge_then_adapt,coral,near_nearest_proxy,main,1.0,1,1train,far,False,,2.0,direct,0.08294129475007811,0.0670165198577143,0.10277715806225303
7,bnci004,MMP_merge_then_adapt,TS,lda,pt,18,2,2,21738,0.05,no_leakage_v1_alpha005,gate_all_sources_proxy_source_only_final_training_only,mmd,,,,,merge_then_adapt,coral,near_nearest_proxy,anchor,1.0,1,1train,not_used,False,,2.0,direct,0.08294129475007811,0.0670165198577143,0.10277715806225303
7,bnci004,MMP_merge_then_adapt,TS,lda,pt,18,2,2,21738,0.05,no_leakage_v1_alpha005,gate_all_sources_proxy_source_only_final_training_only,mmd,,,,,merge_then_adapt,coral,near_nearest_proxy,final,1.0,1,1train,not_used,False,,2.0,direct,0.08294129475007811,0.0670165198577143,0.10277715806225303
7,bnci004,MMP_merge_then_adapt,TS,lda,pt,18,2,2,21738,0.05,no_leakage_v1_alpha005,gate_all_sources_proxy_source_only_final_training_only,mmd,,,,,merge_then_adapt,coral,near_nearest_proxy,main,2.0,3,3test,nearest,True,0.5732681903355132,2.0,direct,0.050686732895266734,0.039064938029781324,0.06450228176892565
7,bnci004,MMP_merge_then_adapt,TS,lda,pt,18,2,2,21738,0.05,no_leakage_v1_alpha005,gate_all_sources_proxy_source_only_final_training_only,mmd,,,,,merge_then_adapt,coral,near_nearest_proxy,anchor,2.0,3,3test,target,False,,2.0,direct,0.050686732895266734,0.039064938029781324,0.06450228176892565
7,bnci004,MMP_merge_then_adapt,TS,lda,pt,18,2,2,21738,0.05,no_leakage_v1_alpha005,gate_all_sources_proxy_source_only_final_training_only,mmd,,,,,merge_then_adapt,coral,near_nearest_proxy,final,2.0,3,3test,train,True,0.5732681903355132,2.0,direct,0.050686732895266734,0.039064938029781324,0.06450228176892565
7,bnci004,MMP_merge_then_adapt,TS,lda,pt,18,2,2,21738,0.05,no_leakage_v1_alpha005,gate_all_sources_proxy_source_only_final_training_only,mmd,,,,,merge_then_adapt,coral,near_nearest_proxy,main,3.0,4,4test,far,False,,2.0,direct,0.0828085503447723,0.06840413364639826,0.10026008918054427
7,bnci004,MMP_merge_then_adapt,TS,lda,pt,18,2,2,21738,0.05,no_leakage_v1_alpha005,gate_all_sources_proxy_source_only_final_training_only,mmd,,,,,merge_then_adapt,coral,near_nearest_proxy,anchor,3.0,4,4test,not_used,False,,2.0,direct,0.0828085503447723,0.06840413364639826,0.10026008918054427
7,bnci004,MMP_merge_then_adapt,TS,lda,pt,18,2,2,21738,0.05,no_leakage_v1_alpha005,gate_all_sources_proxy_source_only_final_training_only,mmd,,,,,merge_then_adapt,coral,near_nearest_proxy,final,3.0,4,4test,not_used,False,,2.0,direct,0.0828085503447723,0.06840413364639826,0.10026008918054427
7,bnci004,MMP_merge_then_adapt,TS,lda,pt,18,2,2,21738,0.05,no_leakage_v1_alpha005,gate_all_sources_proxy_source_only_final_training_only,mmd,,,,,merge_then_adapt,coral,near_nearest_proxy,main,,2,2train,target,False,,,,,,
7,bnci004,MMP_merge_then_adapt,TS,lda,pt,18,2,2,21738,0.05,no_leakage_v1_alpha005,gate_all_sources_proxy_source_only_final_training_only,mmd,,,,,merge_then_adapt,coral,near_nearest_proxy,final,,2,2train,target,False,,,,,,
7,bnci004,MMP_merge_then_adapt,TS,lda,pt,18,3,3,21769,0.05,no_leakage_v1_alpha005,gate_all_sources_proxy_source_only_final_training_only,mmd,,,,,merge_then_adapt,coral,near_nearest_proxy,main,0.0,0,0train,near,False,0.2974294665785744,3.0,direct,0.058632351172636384,0.04257453561431083,0.07917160805851327
7,bnci004,MMP_merge_then_adapt,TS,lda,pt,18,3,3,21769,0.05,no_leakage_v1_alpha005,gate_all_sources_proxy_source_only_final_training_only,mmd,,,,,merge_then_adapt,coral,near_nearest_proxy,anchor,0.0,0,0train,proxy_source,False,0.5006415798233304,3.0,direct,0.058632351172636384,0.04257453561431083,0.07917160805851327
7,bnci004,MMP_merge_then_adapt,TS,lda,pt,18,3,3,21769,0.05,no_leakage_v1_alpha005,gate_all_sources_proxy_source_only_final_training_only,mmd,,,,,merge_then_adapt,coral,near_nearest_proxy,final,0.0,0,0train,train,False,0.2974294665785744,3.0,direct,0.058632351172636384,0.04257453561431083,0.07917160805851327
7,bnci004,MMP_merge_then_adapt,TS,lda,pt,18,3,3,21769,0.05,no_leakage_v1_alpha005,gate_all_sources_proxy_source_only_final_training_only,mmd,,,,,merge_then_adapt,coral,near_nearest_proxy,main,1.0,1,1train,near,False,0.2966671457793788,3.0,direct,0.058783016400523386,0.044671369115381075,0.07486036695938687
7,bnci004,MMP_merge_then_adapt,TS,lda,pt,18,3,3,21769,0.05,no_leakage_v1_alpha005,gate_all_sources_proxy_source_only_final_training_only,mmd,,,,,merge_then_adapt,coral,near_nearest_proxy,anchor,1.0,1,1train,proxy_source,False,0.4993584201766696,3.0,direct,0.058783016400523386,0.044671369115381075,0.07486036695938687
7,bnci004,MMP_merge_then_adapt,TS,lda,pt,18,3,3,21769,0.05,no_leakage_v1_alpha005,gate_all_sources_proxy_source_only_final_training_only,mmd,,,,,merge_then_adapt,coral,near_nearest_proxy,final,1.0,1,1train,train,False,0.2966671457793788,3.0,direct,0.058783016400523386,0.044671369115381075,0.07486036695938687
7,bnci004,MMP_merge_then_adapt,TS,lda,pt,18,3,3,21769,0.05,no_leakage_v1_alpha005,gate_all_sources_proxy_source_only_final_training_only,mmd,,,,,merge_then_adapt,coral,near_nearest_proxy,main,2.0,2,2train,nearest,True,0.40590338764204686,3.0,direct,0.042963131105923695,0.027878068717945646,0.06453982193900461
7,bnci004,MMP_merge_then_adapt,TS,lda,pt,18,3,3,21769,0.05,no_leakage_v1_alpha005,gate_all_sources_proxy_source_only_final_training_only,mmd,,,,,merge_then_adapt,coral,near_nearest_proxy,anchor,2.0,2,2train,target,False,,3.0,direct,0.042963131105923695,0.027878068717945646,0.06453982193900461
7,bnci004,MMP_merge_then_adapt,TS,lda,pt,18,3,3,21769,0.05,no_leakage_v1_alpha005,gate_all_sources_proxy_source_only_final_training_only,mmd,,,,,merge_then_adapt,coral,near_nearest_proxy,final,2.0,2,2train,train,True,0.40590338764204686,3.0,direct,0.042963131105923695,0.027878068717945646,0.06453982193900461
7,bnci004,MMP_merge_then_adapt,TS,lda,pt,18,3,3,21769,0.05,no_leakage_v1_alpha005,gate_all_sources_proxy_source_only_final_training_only,mmd,,,,,merge_then_adapt,coral,near_nearest_proxy,main,3.0,4,4test,far,False,,3.0,direct,0.0927799827989417,0.06638641624896045,0.11926121068471232
7,bnci004,MMP_merge_then_adapt,TS,lda,pt,18,3,3,21769,0.05,no_leakage_v1_alpha005,gate_all_sources_proxy_source_only_final_training_only,mmd,,,,,merge_then_adapt,coral,near_nearest_proxy,anchor,3.0,4,4test,not_used,False,,3.0,direct,0.0927799827989417,0.06638641624896045,0.11926121068471232
7,bnci004,MMP_merge_then_adapt,TS,lda,pt,18,3,3,21769,0.05,no_leakage_v1_alpha005,gate_all_sources_proxy_source_only_final_training_only,mmd,,,,,merge_then_adapt,coral,near_nearest_proxy,final,3.0,4,4test,not_used,False,,3.0,direct,0.0927799827989417,0.06638641624896045,0.11926121068471232
7,bnci004,MMP_merge_then_adapt,TS,lda,pt,18,3,3,21769,0.05,no_leakage_v1_alpha005,gate_all_sources_proxy_source_only_final_training_only,mmd,,,,,merge_then_adapt,coral,near_nearest_proxy,main,,3,3test,target,False,,,,,,
7,bnci004,MMP_merge_then_adapt,TS,lda,pt,18,3,3,21769,0.05,no_leakage_v1_alpha005,gate_all_sources_proxy_source_only_final_training_only,mmd,,,,,merge_then_adapt,coral,near_nearest_proxy,final,,3,3test,target,False,,,,,,
7,bnci004,MMP_merge_then_adapt,TS,lda,pt,18,4,4,21800,0.05,no_leakage_v1_alpha005,gate_all_sources_proxy_source_only_final_training_only,mmd,,,,,merge_then_adapt,coral,near_nearest_proxy,main,0.0,0,0train,nearest,True,0.6465786255312895,4.0,direct,0.053106282982089276,0.036246893384036936,0.0776806373703855
7,bnci004,MMP_merge_then_adapt,TS,lda,pt,18,4,4,21800,0.05,no_leakage_v1_alpha005,gate_all_sources_proxy_source_only_final_training_only,mmd,,,,,merge_then_adapt,coral,near_nearest_proxy,anchor,0.0,0,0train,target,False,,4.0,direct,0.053106282982089276,0.036246893384036936,0.0776806373703855
7,bnci004,MMP_merge_then_adapt,TS,lda,pt,18,4,4,21800,0.05,no_leakage_v1_alpha005,gate_all_sources_proxy_source_only_final_training_only,mmd,,,,,merge_then_adapt,coral,near_nearest_proxy,final,0.0,0,0train,train,True,0.6465786255312895,4.0,direct,0.053106282982089276,0.036246893384036936,0.0776806373703855
7,bnci004,MMP_merge_then_adapt,TS,lda,pt,18,4,4,21800,0.05,no_leakage_v1_alpha005,gate_all_sources_proxy_source_only_final_training_only,mmd,,,,,merge_then_adapt,coral,near_nearest_proxy,main,1.0,1,1train,far,False,,4.0,direct,0.13708484176789373,0.10774022738885039,0.17507792665628885
7,bnci004,MMP_merge_then_adapt,TS,lda,pt,18,4,4,21800,0.05,no_leakage_v1_alpha005,gate_all_sources_proxy_source_only_final_training_only,mmd,,,,,merge_then_adapt,coral,near_nearest_proxy,anchor,1.0,1,1train,not_used,False,,4.0,direct,0.13708484176789373,0.10774022738885039,0.17507792665628885
7,bnci004,MMP_merge_then_adapt,TS,lda,pt,18,4,4,21800,0.05,no_leakage_v1_alpha005,gate_all_sources_proxy_source_only_final_training_only,mmd,,,,,merge_then_adapt,coral,near_nearest_proxy,final,1.0,1,1train,not_used,False,,4.0,direct,0.13708484176789373,0.10774022738885039,0.17507792665628885
7,bnci004,MMP_merge_then_adapt,TS,lda,pt,18,4,4,21800,0.05,no_leakage_v1_alpha005,gate_all_sources_proxy_source_only_final_training_only,mmd,,,,,merge_then_adapt,coral,near_nearest_proxy,main,2.0,2,2train,far,False,,4.0,direct,0.16085717464105226,0.12348239257114456,0.19290781016524788
7,bnci004,MMP_merge_then_adapt,TS,lda,pt,18,4,4,21800,0.05,no_leakage_v1_alpha005,gate_all_sources_proxy_source_only_final_training_only,mmd,,,,,merge_then_adapt,coral,near_nearest_proxy,anchor,2.0,2,2train,not_used,False,,4.0,direct,0.16085717464105226,0.12348239257114456,0.19290781016524788
7,bnci004,MMP_merge_then_adapt,TS,lda,pt,18,4,4,21800,0.05,no_leakage_v1_alpha005,gate_all_sources_proxy_source_only_final_training_only,mmd,,,,,merge_then_adapt,coral,near_nearest_proxy,final,2.0,2,2train,not_used,False,,4.0,direct,0.16085717464105226,0.12348239257114456,0.19290781016524788
7,bnci004,MMP_merge_then_adapt,TS,lda,pt,18,4,4,21800,0.05,no_leakage_v1_alpha005,gate_all_sources_proxy_source_only_final_training_only,mmd,,,,,merge_then_adapt,coral,near_nearest_proxy,main,3.0,3,3test,near,False,0.35342137446871047,4.0,direct,0.09715790581852905,0.07153219496160845,0.13021022728611917
7,bnci004,MMP_merge_then_adapt,TS,lda,pt,18,4,4,21800,0.05,no_leakage_v1_alpha005,gate_all_sources_proxy_source_only_final_training_only,mmd,,,,,merge_then_adapt,coral,near_nearest_proxy,anchor,3.0,3,3test,proxy_source,False,1.0,4.0,direct,0.09715790581852905,0.07153219496160845,0.13021022728611917
7,bnci004,MMP_merge_then_adapt,TS,lda,pt,18,4,4,21800,0.05,no_leakage_v1_alpha005,gate_all_sources_proxy_source_only_final_training_only,mmd,,,,,merge_then_adapt,coral,near_nearest_proxy,final,3.0,3,3test,train,False,0.35342137446871047,4.0,direct,0.09715790581852905,0.07153219496160845,0.13021022728611917
7,bnci004,MMP_merge_then_adapt,TS,lda,pt,18,4,4,21800,0.05,no_leakage_v1_alpha005,gate_all_sources_proxy_source_only_final_training_only,mmd,,,,,merge_then_adapt,coral,near_nearest_proxy,main,,4,4test,target,False,,,,,,
7,bnci004,MMP_merge_then_adapt,TS,lda,pt,18,4,4,21800,0.05,no_leakage_v1_alpha005,gate_all_sources_proxy_source_only_final_training_only,mmd,,,,,merge_then_adapt,coral,near_nearest_proxy,final,,4,4test,target,False,,,,,,
7,bnci004,MMP_merge_then_adapt,TS,lda,coral,19,0,0,22673,0.05,no_leakage_v1_alpha005,gate_all_sources_proxy_source_only_final_training_only,mmd,,,,,merge_then_adapt,coral,near_nearest_proxy,main,0.0,1,1train,near,False,0.20456601155888113,0.0,direct,0.08054609132094477,0.05841923571808883,0.11142574327399575
7,bnci004,MMP_merge_then_adapt,TS,lda,coral,19,0,0,22673,0.05,no_leakage_v1_alpha005,gate_all_sources_proxy_source_only_final_training_only,mmd,,,,,merge_then_adapt,coral,near_nearest_proxy,anchor,0.0,1,1train,proxy_source,False,0.30128227859131396,0.0,direct,0.08054609132094477,0.05841923571808883,0.11142574327399575
7,bnci004,MMP_merge_then_adapt,TS,lda,coral,19,0,0,22673,0.05,no_leakage_v1_alpha005,gate_all_sources_proxy_source_only_final_training_only,mmd,,,,,merge_then_adapt,coral,near_nearest_proxy,final,0.0,1,1train,train,False,0.20456601155888113,0.0,direct,0.08054609132094477,0.05841923571808883,0.11142574327399575
7,bnci004,MMP_merge_then_adapt,TS,lda,coral,19,0,0,22673,0.05,no_leakage_v1_alpha005,gate_all_sources_proxy_source_only_final_training_only,mmd,,,,,merge_then_adapt,coral,near_nearest_proxy,main,1.0,2,2train,near,False,0.17146160415194198,0.0,direct,0.09609746645079356,0.0721966740013779,0.12507014910292794
7,bnci004,MMP_merge_then_adapt,TS,lda,coral,19,0,0,22673,0.05,no_leakage_v1_alpha005,gate_all_sources_proxy_source_only_final_training_only,mmd,,,,,merge_then_adapt,coral,near_nearest_proxy,anchor,1.0,2,2train,proxy_source,False,0.2525265189273631,0.0,direct,0.09609746645079356,0.0721966740013779,0.12507014910292794
7,bnci004,MMP_merge_then_adapt,TS,lda,coral,19,0,0,22673,0.05,no_leakage_v1_alpha005,gate_all_sources_proxy_source_only_final_training_only,mmd,,,,,merge_then_adapt,coral,near_nearest_proxy,final,1.0,2,2train,train,False,0.17146160415194198,0.0,direct,0.09609746645079356,0.0721966740013779,0.12507014910292794
7,bnci004,MMP_merge_then_adapt,TS,lda,coral,19,0,0,22673,0.05,no_leakage_v1_alpha005,gate_all_sources_proxy_source_only_final_training_only,mmd,,,,,merge_then_adapt,coral,near_nearest_proxy,main,2.0,3,3test,near,False,0.30295693165571036,0.0,direct,0.05438691951101433,0.03871101360566454,0.07486703819572428
7,bnci004,MMP_merge_then_adapt,TS,lda,coral,19,0,0,22673,0.05,no_leakage_v1_alpha005,gate_all_sources_proxy_source_only_final_training_only,mmd,,,,,merge_then_adapt,coral,near_nearest_proxy,anchor,2.0,3,3test,proxy_source,False,0.44619120248132293,0.0,direct,0.05438691951101433,0.03871101360566454,0.07486703819572428
7,bnci004,MMP_merge_then_adapt,TS,lda,coral,19,0,0,22673,0.05,no_leakage_v1_alpha005,gate_all_sources_proxy_source_only_final_training_only,mmd,,,,,merge_then_adapt,coral,near_nearest_proxy,final,2.0,3,3test,train,False,0.30295693165571036,0.0,direct,0.05438691951101433,0.03871101360566454,0.07486703819572428
7,bnci004,MMP_merge_then_adapt,TS,lda,coral,19,0,0,22673,0.05,no_leakage_v1_alpha005,gate_all_sources_proxy_source_only_final_training_only,mmd,,,,,merge_then_adapt,coral,near_nearest_proxy,main,3.0,4,4test,nearest,True,0.32101545263346665,0.0,direct,0.05132736154466433,0.03353725733546863,0.07611131801858165
7,bnci004,MMP_merge_then_adapt,TS,lda,coral,19,0,0,22673,0.05,no_leakage_v1_alpha005,gate_all_sources_proxy_source_only_final_training_only,mmd,,,,,merge_then_adapt,coral,near_nearest_proxy,anchor,3.0,4,4test,target,False,,0.0,direct,0.05132736154466433,0.03353725733546863,0.07611131801858165
7,bnci004,MMP_merge_then_adapt,TS,lda,coral,19,0,0,22673,0.05,no_leakage_v1_alpha005,gate_all_sources_proxy_source_only_final_training_only,mmd,,,,,merge_then_adapt,coral,near_nearest_proxy,final,3.0,4,4test,train,True,0.32101545263346665,0.0,direct,0.05132736154466433,0.03353725733546863,0.07611131801858165
7,bnci004,MMP_merge_then_adapt,TS,lda,coral,19,0,0,22673,0.05,no_leakage_v1_alpha005,gate_all_sources_proxy_source_only_final_training_only,mmd,,,,,merge_then_adapt,coral,near_nearest_proxy,main,,0,0train,target,False,,,,,,
7,bnci004,MMP_merge_then_adapt,TS,lda,coral,19,0,0,22673,0.05,no_leakage_v1_alpha005,gate_all_sources_proxy_source_only_final_training_only,mmd,,,,,merge_then_adapt,coral,near_nearest_proxy,final,,0,0train,target,False,,,,,,
7,bnci004,MMP_merge_then_adapt,TS,lda,coral,19,1,1,22704,0.05,no_leakage_v1_alpha005,gate_all_sources_proxy_source_only_final_training_only,mmd,,,,,merge_then_adapt,coral,near_nearest_proxy,main,0.0,0,0train,near,False,0.28273905796889137,1.0,direct,0.08993264480414316,0.06751210795306979,0.11526839619858839
7,bnci004,MMP_merge_then_adapt,TS,lda,coral,19,1,1,22704,0.05,no_leakage_v1_alpha005,gate_all_sources_proxy_source_only_final_training_only,mmd,,,,,merge_then_adapt,coral,near_nearest_proxy,anchor,0.0,0,0train,proxy_source,False,0.4007516061754035,1.0,direct,0.08993264480414316,0.06751210795306979,0.11526839619858839
7,bnci004,MMP_merge_then_adapt,TS,lda,coral,19,1,1,22704,0.05,no_leakage_v1_alpha005,gate_all_sources_proxy_source_only_final_training_only,mmd,,,,,merge_then_adapt,coral,near_nearest_proxy,final,0.0,0,0train,train,False,0.28273905796889137,1.0,direct,0.08993264480414316,0.06751210795306979,0.11526839619858839
7,bnci004,MMP_merge_then_adapt,TS,lda,coral,19,1,1,22704,0.05,no_leakage_v1_alpha005,gate_all_sources_proxy_source_only_final_training_only,mmd,,,,,merge_then_adapt,coral,near_nearest_proxy,main,1.0,2,2train,near,False,0.22416215100216627,1.0,direct,0.11343364495657247,0.0867973146820253,0.14302130017287681
7,bnci004,MMP_merge_then_adapt,TS,lda,coral,19,1,1,22704,0.05,no_leakage_v1_alpha005,gate_all_sources_proxy_source_only_final_training_only,mmd,,,,,merge_then_adapt,coral,near_nearest_proxy,anchor,1.0,2,2train,proxy_source,False,0.31772526478367014,1.0,direct,0.11343364495657247,0.0867973146820253,0.14302130017287681
7,bnci004,MMP_merge_then_adapt,TS,lda,coral,19,1,1,22704,0.05,no_leakage_v1_alpha005,gate_all_sources_proxy_source_only_final_training_only,mmd,,,,,merge_then_adapt,coral,near_nearest_proxy,final,1.0,2,2train,train,False,0.22416215100216627,1.0,direct,0.11343364495657247,0.0867973146820253,0.14302130017287681
7,bnci004,MMP_merge_then_adapt,TS,lda,coral,19,1,1,22704,0.05,no_leakage_v1_alpha005,gate_all_sources_proxy_source_only_final_training_only,mmd,,,,,merge_then_adapt,coral,near_nearest_proxy,main,2.0,3,3test,nearest,True,0.2944780417295687,1.0,direct,0.0863475571361673,0.06459012030213682,0.11546749008843976
7,bnci004,MMP_merge_then_adapt,TS,lda,coral,19,1,1,22704,0.05,no_leakage_v1_alpha005,gate_all_sources_proxy_source_only_final_training_only,mmd,,,,,merge_then_adapt,coral,near_nearest_proxy,anchor,2.0,3,3test,target,False,,1.0,direct,0.0863475571361673,0.06459012030213682,0.11546749008843976
7,bnci004,MMP_merge_then_adapt,TS,lda,coral,19,1,1,22704,0.05,no_leakage_v1_alpha005,gate_all_sources_proxy_source_only_final_training_only,mmd,,,,,merge_then_adapt,coral,near_nearest_proxy,final,2.0,3,3test,train,True,0.2944780417295687,1.0,direct,0.0863475571361673,0.06459012030213682,0.11546749008843976
7,bnci004,MMP_merge_then_adapt,TS,lda,coral,19,1,1,22704,0.05,no_leakage_v1_alpha005,gate_all_sources_proxy_source_only_final_training_only,mmd,,,,,merge_then_adapt,coral,near_nearest_proxy,main,3.0,4,4test,near,False,0.19862074929937368,1.0,direct,0.1280206397396931,0.09628188240417783,0.1646655146588269
7,bnci004,MMP_merge_then_adapt,TS,lda,coral,19,1,1,22704,0.05,no_leakage_v1_alpha005,gate_all_sources_proxy_source_only_final_training_only,mmd,,,,,merge_then_adapt,coral,near_nearest_proxy,anchor,3.0,4,4test,proxy_source,False,0.2815231290409263,1.0,direct,0.1280206397396931,0.09628188240417783,0.1646655146588269
7,bnci004,MMP_merge_then_adapt,TS,lda,coral,19,1,1,22704,0.05,no_leakage_v1_alpha005,gate_all_sources_proxy_source_only_final_training_only,mmd,,,,,merge_then_adapt,coral,near_nearest_proxy,final,3.0,4,4test,train,False,0.19862074929937368,1.0,direct,0.1280206397396931,0.09628188240417783,0.1646655146588269
7,bnci004,MMP_merge_then_adapt,TS,lda,coral,19,1,1,22704,0.05,no_leakage_v1_alpha005,gate_all_sources_proxy_source_only_final_training_only,mmd,,,,,merge_then_adapt,coral,near_nearest_proxy,main,,1,1train,target,False,,,,,,
7,bnci004,MMP_merge_then_adapt,TS,lda,coral,19,1,1,22704,0.05,no_leakage_v1_alpha005,gate_all_sources_proxy_source_only_final_training_only,mmd,,,,,merge_then_adapt,coral,near_nearest_proxy,final,,1,1train,target,False,,,,,,
7,bnci004,MMP_merge_then_adapt,TS,lda,coral,19,2,2,22735,0.05,no_leakage_v1_alpha005,gate_all_sources_proxy_source_only_final_training_only,mmd,,,,,merge_then_adapt,coral,near_nearest_proxy,main,0.0,0,0train,near,False,0.42565245396107054,2.0,direct,0.0688601626614885,0.05528864039449856,0.08342123408255896
7,bnci004,MMP_merge_then_adapt,TS,lda,coral,19,2,2,22735,0.05,no_leakage_v1_alpha005,gate_all_sources_proxy_source_only_final_training_only,mmd,,,,,merge_then_adapt,coral,near_nearest_proxy,anchor,0.0,0,0train,proxy_source,False,1.0,2.0,direct,0.0688601626614885,0.05528864039449856,0.08342123408255896
7,bnci004,MMP_merge_then_adapt,TS,lda,coral,19,2,2,22735,0.05,no_leakage_v1_alpha005,gate_all_sources_proxy_source_only_final_training_only,mmd,,,,,merge_then_adapt,coral,near_nearest_proxy,final,0.0,0,0train,train,False,0.42565245396107054,2.0,direct,0.0688601626614885,0.05528864039449856,0.08342123408255896
7,bnci004,MMP_merge_then_adapt,TS,lda,coral,19,2,2,22735,0.05,no_leakage_v1_alpha005,gate_all_sources_proxy_source_only_final_training_only,mmd,,,,,merge_then_adapt,coral,near_nearest_proxy,main,1.0,1,1train,far,False,,2.0,direct,0.08328981628170308,0.06682312782349159,0.10290995127630148
7,bnci004,MMP_merge_then_adapt,TS,lda,coral,19,2,2,22735,0.05,no_leakage_v1_alpha005,gate_all_sources_proxy_source_only_final_training_only,mmd,,,,,merge_then_adapt,coral,near_nearest_proxy,anchor,1.0,1,1train,not_used,False,,2.0,direct,0.08328981628170308,0.06682312782349159,0.10290995127630148
7,bnci004,MMP_merge_then_adapt,TS,lda,coral,19,2,2,22735,0.05,no_leakage_v1_alpha005,gate_all_sources_proxy_source_only_final_training_only,mmd,,,,,merge_then_adapt,coral,near_nearest_proxy,final,1.0,1,1train,not_used,False,,2.0,direct,0.08328981628170308,0.06682312782349159,0.10290995127630148
7,bnci004,MMP_merge_then_adapt,TS,lda,coral,19,2,2,22735,0.05,no_leakage_v1_alpha005,gate_all_sources_proxy_source_only_final_training_only,mmd,,,,,merge_then_adapt,coral,near_nearest_proxy,main,2.0,3,3test,nearest,True,0.5743475460389293,2.0,direct,0.0510324257917911,0.040379010796699144,0.06437983768828472
7,bnci004,MMP_merge_then_adapt,TS,lda,coral,19,2,2,22735,0.05,no_leakage_v1_alpha005,gate_all_sources_proxy_source_only_final_training_only,mmd,,,,,merge_then_adapt,coral,near_nearest_proxy,anchor,2.0,3,3test,target,False,,2.0,direct,0.0510324257917911,0.040379010796699144,0.06437983768828472
7,bnci004,MMP_merge_then_adapt,TS,lda,coral,19,2,2,22735,0.05,no_leakage_v1_alpha005,gate_all_sources_proxy_source_only_final_training_only,mmd,,,,,merge_then_adapt,coral,near_nearest_proxy,final,2.0,3,3test,train,True,0.5743475460389293,2.0,direct,0.0510324257917911,0.040379010796699144,0.06437983768828472
7,bnci004,MMP_merge_then_adapt,TS,lda,coral,19,2,2,22735,0.05,no_leakage_v1_alpha005,gate_all_sources_proxy_source_only_final_training_only,mmd,,,,,merge_then_adapt,coral,near_nearest_proxy,main,3.0,4,4test,far,False,,2.0,direct,0.08296884873407183,0.06722062516381033,0.10226420491234847
7,bnci004,MMP_merge_then_adapt,TS,lda,coral,19,2,2,22735,0.05,no_leakage_v1_alpha005,gate_all_sources_proxy_source_only_final_training_only,mmd,,,,,merge_then_adapt,coral,near_nearest_proxy,anchor,3.0,4,4test,not_used,False,,2.0,direct,0.08296884873407183,0.06722062516381033,0.10226420491234847
7,bnci004,MMP_merge_then_adapt,TS,lda,coral,19,2,2,22735,0.05,no_leakage_v1_alpha005,gate_all_sources_proxy_source_only_final_training_only,mmd,,,,,merge_then_adapt,coral,near_nearest_proxy,final,3.0,4,4test,not_used,False,,2.0,direct,0.08296884873407183,0.06722062516381033,0.10226420491234847
7,bnci004,MMP_merge_then_adapt,TS,lda,coral,19,2,2,22735,0.05,no_leakage_v1_alpha005,gate_all_sources_proxy_source_only_final_training_only,mmd,,,,,merge_then_adapt,coral,near_nearest_proxy,main,,2,2train,target,False,,,,,,
7,bnci004,MMP_merge_then_adapt,TS,lda,coral,19,2,2,22735,0.05,no_leakage_v1_alpha005,gate_all_sources_proxy_source_only_final_training_only,mmd,,,,,merge_then_adapt,coral,near_nearest_proxy,final,,2,2train,target,False,,,,,,
7,bnci004,MMP_merge_then_adapt,TS,lda,coral,19,3,3,22766,0.05,no_leakage_v1_alpha005,gate_all_sources_proxy_source_only_final_training_only,mmd,,,,,merge_then_adapt,coral,near_nearest_proxy,main,0.0,0,0train,near,False,0.29633094125760595,3.0,direct,0.05830392940328473,0.04144437984406246,0.08015406471996508
7,bnci004,MMP_merge_then_adapt,TS,lda,coral,19,3,3,22766,0.05,no_leakage_v1_alpha005,gate_all_sources_proxy_source_only_final_training_only,mmd,,,,,merge_then_adapt,coral,near_nearest_proxy,anchor,0.0,0,0train,proxy_source,False,0.5058754955103504,3.0,direct,0.05830392940328473,0.04144437984406246,0.08015406471996508
7,bnci004,MMP_merge_then_adapt,TS,lda,coral,19,3,3,22766,0.05,no_leakage_v1_alpha005,gate_all_sources_proxy_source_only_final_training_only,mmd,,,,,merge_then_adapt,coral,near_nearest_proxy,final,0.0,0,0train,train,False,0.29633094125760595,3.0,direct,0.05830392940328473,0.04144437984406246,0.08015406471996508
7,bnci004,MMP_merge_then_adapt,TS,lda,coral,19,3,3,22766,0.05,no_leakage_v1_alpha005,gate_all_sources_proxy_source_only_final_training_only,mmd,,,,,merge_then_adapt,coral,near_nearest_proxy,main,1.0,1,1train,near,False,0.2894474644717598,3.0,direct,0.05969050443782633,0.04538437977236357,0.08183992650076372
7,bnci004,MMP_merge_then_adapt,TS,lda,coral,19,3,3,22766,0.05,no_leakage_v1_alpha005,gate_all_sources_proxy_source_only_final_training_only,mmd,,,,,merge_then_adapt,coral,near_nearest_proxy,anchor,1.0,1,1train,proxy_source,False,0.4941245044896497,3.0,direct,0.05969050443782633,0.04538437977236357,0.08183992650076372
7,bnci004,MMP_merge_then_adapt,TS,lda,coral,19,3,3,22766,0.05,no_leakage_v1_alpha005,gate_all_sources_proxy_source_only_final_training_only,mmd,,,,,merge_then_adapt,coral,near_nearest_proxy,final,1.0,1,1train,train,False,0.2894474644717598,3.0,direct,0.05969050443782633,0.04538437977236357,0.08183992650076372
7,bnci004,MMP_merge_then_adapt,TS,lda,coral,19,3,3,22766,0.05,no_leakage_v1_alpha005,gate_all_sources_proxy_source_only_final_training_only,mmd,,,,,merge_then_adapt,coral,near_nearest_proxy,main,2.0,2,2train,nearest,True,0.41422159427063426,3.0,direct,0.04170989786001169,0.028483395387545036,0.06014764673897947
7,bnci004,MMP_merge_then_adapt,TS,lda,coral,19,3,3,22766,0.05,no_leakage_v1_alpha005,gate_all_sources_proxy_source_only_final_training_only,mmd,,,,,merge_then_adapt,coral,near_nearest_proxy,anchor,2.0,2,2train,target,False,,3.0,direct,0.04170989786001169,0.028483395387545036,0.06014764673897947
7,bnci004,MMP_merge_then_adapt,TS,lda,coral,19,3,3,22766,0.05,no_leakage_v1_alpha005,gate_all_sources_proxy_source_only_final_training_only,mmd,,,,,merge_then_adapt,coral,near_nearest_proxy,final,2.0,2,2train,train,True,0.41422159427063426,3.0,direct,0.04170989786001169,0.028483395387545036,0.06014764673897947
7,bnci004,MMP_merge_then_adapt,TS,lda,coral,19,3,3,22766,0.05,no_leakage_v1_alpha005,gate_all_sources_proxy_source_only_final_training_only,mmd,,,,,merge_then_adapt,coral,near_nearest_proxy,main,3.0,4,4test,far,False,,3.0,direct,0.09563806569681559,0.07169685396024965,0.12517680900128733
7,bnci004,MMP_merge_then_adapt,TS,lda,coral,19,3,3,22766,0.05,no_leakage_v1_alpha005,gate_all_sources_proxy_source_only_final_training_only,mmd,,,,,merge_then_adapt,coral,near_nearest_proxy,anchor,3.0,4,4test,not_used,False,,3.0,direct,0.09563806569681559,0.07169685396024965,0.12517680900128733
7,bnci004,MMP_merge_then_adapt,TS,lda,coral,19,3,3,22766,0.05,no_leakage_v1_alpha005,gate_all_sources_proxy_source_only_final_training_only,mmd,,,,,merge_then_adapt,coral,near_nearest_proxy,final,3.0,4,4test,not_used,False,,3.0,direct,0.09563806569681559,0.07169685396024965,0.12517680900128733
7,bnci004,MMP_merge_then_adapt,TS,lda,coral,19,3,3,22766,0.05,no_leakage_v1_alpha005,gate_all_sources_proxy_source_only_final_training_only,mmd,,,,,merge_then_adapt,coral,near_nearest_proxy,main,,3,3test,target,False,,,,,,
7,bnci004,MMP_merge_then_adapt,TS,lda,coral,19,3,3,22766,0.05,no_leakage_v1_alpha005,gate_all_sources_proxy_source_only_final_training_only,mmd,,,,,merge_then_adapt,coral,near_nearest_proxy,final,,3,3test,target,False,,,,,,
7,bnci004,MMP_merge_then_adapt,TS,lda,coral,19,4,4,22797,0.05,no_leakage_v1_alpha005,gate_all_sources_proxy_source_only_final_training_only,mmd,,,,,merge_then_adapt,coral,near_nearest_proxy,main,0.0,0,0train,nearest,True,0.6519819553732074,4.0,direct,0.052895604797229545,0.034968788630744416,0.07456828556488164
7,bnci004,MMP_merge_then_adapt,TS,lda,coral,19,4,4,22797,0.05,no_leakage_v1_alpha005,gate_all_sources_proxy_source_only_final_training_only,mmd,,,,,merge_then_adapt,coral,near_nearest_proxy,anchor,0.0,0,0train,target,False,,4.0,direct,0.052895604797229545,0.034968788630744416,0.07456828556488164
7,bnci004,MMP_merge_then_adapt,TS,lda,coral,19,4,4,22797,0.05,no_leakage_v1_alpha005,gate_all_sources_proxy_source_only_final_training_only,mmd,,,,,merge_then_adapt,coral,near_nearest_proxy,final,0.0,0,0train,train,True,0.6519819553732074,4.0,direct,0.052895604797229545,0.034968788630744416,0.07456828556488164
7,bnci004,MMP_merge_then_adapt,TS,lda,coral,19,4,4,22797,0.05,no_leakage_v1_alpha005,gate_all_sources_proxy_source_only_final_training_only,mmd,,,,,merge_then_adapt,coral,near_nearest_proxy,main,1.0,1,1train,far,False,,4.0,direct,0.13867934369005014,0.10780462877810082,0.1721367142772978
7,bnci004,MMP_merge_then_adapt,TS,lda,coral,19,4,4,22797,0.05,no_leakage_v1_alpha005,gate_all_sources_proxy_source_only_final_training_only,mmd,,,,,merge_then_adapt,coral,near_nearest_proxy,anchor,1.0,1,1train,not_used,False,,4.0,direct,0.13867934369005014,0.10780462877810082,0.1721367142772978
7,bnci004,MMP_merge_then_adapt,TS,lda,coral,19,4,4,22797,0.05,no_leakage_v1_alpha005,gate_all_sources_proxy_source_only_final_training_only,mmd,,,,,merge_then_adapt,coral,near_nearest_proxy,final,1.0,1,1train,not_used,False,,4.0,direct,0.13867934369005014,0.10780462877810082,0.1721367142772978
7,bnci004,MMP_merge_then_adapt,TS,lda,coral,19,4,4,22797,0.05,no_leakage_v1_alpha005,gate_all_sources_proxy_source_only_final_training_only,mmd,,,,,merge_then_adapt,coral,near_nearest_proxy,main,2.0,2,2train,far,False,,4.0,direct,0.1599355150155263,0.1297107953191304,0.19719146259162829
7,bnci004,MMP_merge_then_adapt,TS,lda,coral,19,4,4,22797,0.05,no_leakage_v1_alpha005,gate_all_sources_proxy_source_only_final_training_only,mmd,,,,,merge_then_adapt,coral,near_nearest_proxy,anchor,2.0,2,2train,not_used,False,,4.0,direct,0.1599355150155263,0.1297107953191304,0.19719146259162829
7,bnci004,MMP_merge_then_adapt,TS,lda,coral,19,4,4,22797,0.05,no_leakage_v1_alpha005,gate_all_sources_proxy_source_only_final_training_only,mmd,,,,,merge_then_adapt,coral,near_nearest_proxy,final,2.0,2,2train,not_used,False,,4.0,direct,0.1599355150155263,0.1297107953191304,0.19719146259162829
7,bnci004,MMP_merge_then_adapt,TS,lda,coral,19,4,4,22797,0.05,no_leakage_v1_alpha005,gate_all_sources_proxy_source_only_final_training_only,mmd,,,,,merge_then_adapt,coral,near_nearest_proxy,main,3.0,3,3test,near,False,0.3480180446267927,4.0,direct,0.09909625188326174,0.0731002307346434,0.1321480985522207
7,bnci004,MMP_merge_then_adapt,TS,lda,coral,19,4,4,22797,0.05,no_leakage_v1_alpha005,gate_all_sources_proxy_source_only_final_training_only,mmd,,,,,merge_then_adapt,coral,near_nearest_proxy,anchor,3.0,3,3test,proxy_source,False,1.0,4.0,direct,0.09909625188326174,0.0731002307346434,0.1321480985522207
7,bnci004,MMP_merge_then_adapt,TS,lda,coral,19,4,4,22797,0.05,no_leakage_v1_alpha005,gate_all_sources_proxy_source_only_final_training_only,mmd,,,,,merge_then_adapt,coral,near_nearest_proxy,final,3.0,3,3test,train,False,0.3480180446267927,4.0,direct,0.09909625188326174,0.0731002307346434,0.1321480985522207
7,bnci004,MMP_merge_then_adapt,TS,lda,coral,19,4,4,22797,0.05,no_leakage_v1_alpha005,gate_all_sources_proxy_source_only_final_training_only,mmd,,,,,merge_then_adapt,coral,near_nearest_proxy,main,,4,4test,target,False,,,,,,
7,bnci004,MMP_merge_then_adapt,TS,lda,coral,19,4,4,22797,0.05,no_leakage_v1_alpha005,gate_all_sources_proxy_source_only_final_training_only,mmd,,,,,merge_then_adapt,coral,near_nearest_proxy,final,,4,4test,target,False,,,,,,
7,bnci004,MMP_merge_then_adapt,TS,svm_radial,none,20,0,0,23670,0.05,no_leakage_v1_alpha005,gate_all_sources_proxy_source_only_final_training_only,mmd,,,,,merge_then_adapt,coral,near_nearest_proxy,main,0.0,1,1train,near,False,0.2070779962632351,0.0,direct,0.07907640408398639,0.054428471502243336,0.10338170650299981
7,bnci004,MMP_merge_then_adapt,TS,svm_radial,none,20,0,0,23670,0.05,no_leakage_v1_alpha005,gate_all_sources_proxy_source_only_final_training_only,mmd,,,,,merge_then_adapt,coral,near_nearest_proxy,anchor,0.0,1,1train,proxy_source,False,0.30356994426560885,0.0,direct,0.07907640408398639,0.054428471502243336,0.10338170650299981
7,bnci004,MMP_merge_then_adapt,TS,svm_radial,none,20,0,0,23670,0.05,no_leakage_v1_alpha005,gate_all_sources_proxy_source_only_final_training_only,mmd,,,,,merge_then_adapt,coral,near_nearest_proxy,final,0.0,1,1train,train,False,0.2070779962632351,0.0,direct,0.07907640408398639,0.054428471502243336,0.10338170650299981
7,bnci004,MMP_merge_then_adapt,TS,svm_radial,none,20,0,0,23670,0.05,no_leakage_v1_alpha005,gate_all_sources_proxy_source_only_final_training_only,mmd,,,,,merge_then_adapt,coral,near_nearest_proxy,main,1.0,2,2train,near,False,0.17026540331717613,0.0,direct,0.09617350209133683,0.07231186948131842,0.12152054017270243
7,bnci004,MMP_merge_then_adapt,TS,svm_radial,none,20,0,0,23670,0.05,no_leakage_v1_alpha005,gate_all_sources_proxy_source_only_final_training_only,mmd,,,,,merge_then_adapt,coral,near_nearest_proxy,anchor,1.0,2,2train,proxy_source,False,0.24960382043513732,0.0,direct,0.09617350209133683,0.07231186948131842,0.12152054017270243
7,bnci004,MMP_merge_then_adapt,TS,svm_radial,none,20,0,0,23670,0.05,no_leakage_v1_alpha005,gate_all_sources_proxy_source_only_final_training_only,mmd,,,,,merge_then_adapt,coral,near_nearest_proxy,final,1.0,2,2train,train,False,0.17026540331717613,0.0,direct,0.09617350209133683,0.07231186948131842,0.12152054017270243
7,bnci004,MMP_merge_then_adapt,TS,svm_radial,none,20,0,0,23670,0.05,no_leakage_v1_alpha005,gate_all_sources_proxy_source_only_final_training_only,mmd,,,,,merge_then_adapt,coral,near_nearest_proxy,main,2.0,3,3test,near,False,0.30479921754920813,0.0,direct,0.05372351582742788,0.03956506558600826,0.07310969022500256
7,bnci004,MMP_merge_then_adapt,TS,svm_radial,none,20,0,0,23670,0.05,no_leakage_v1_alpha005,gate_all_sources_proxy_source_only_final_training_only,mmd,,,,,merge_then_adapt,coral,near_nearest_proxy,anchor,2.0,3,3test,proxy_source,False,0.44682623529925386,0.0,direct,0.05372351582742788,0.03956506558600826,0.07310969022500256
7,bnci004,MMP_merge_then_adapt,TS,svm_radial,none,20,0,0,23670,0.05,no_leakage_v1_alpha005,gate_all_sources_proxy_source_only_final_training_only,mmd,,,,,merge_then_adapt,coral,near_nearest_proxy,final,2.0,3,3test,train,False,0.30479921754920813,0.0,direct,0.05372351582742788,0.03956506558600826,0.07310969022500256
7,bnci004,MMP_merge_then_adapt,TS,svm_radial,none,20,0,0,23670,0.05,no_leakage_v1_alpha005,gate_all_sources_proxy_source_only_final_training_only,mmd,,,,,merge_then_adapt,coral,near_nearest_proxy,main,3.0,4,4test,nearest,True,0.3178573828703807,0.0,direct,0.05151641400352409,0.034110957610956935,0.07646629197967986
7,bnci004,MMP_merge_then_adapt,TS,svm_radial,none,20,0,0,23670,0.05,no_leakage_v1_alpha005,gate_all_sources_proxy_source_only_final_training_only,mmd,,,,,merge_then_adapt,coral,near_nearest_proxy,anchor,3.0,4,4test,target,False,,0.0,direct,0.05151641400352409,0.034110957610956935,0.07646629197967986
7,bnci004,MMP_merge_then_adapt,TS,svm_radial,none,20,0,0,23670,0.05,no_leakage_v1_alpha005,gate_all_sources_proxy_source_only_final_training_only,mmd,,,,,merge_then_adapt,coral,near_nearest_proxy,final,3.0,4,4test,train,True,0.3178573828703807,0.0,direct,0.05151641400352409,0.034110957610956935,0.07646629197967986
7,bnci004,MMP_merge_then_adapt,TS,svm_radial,none,20,0,0,23670,0.05,no_leakage_v1_alpha005,gate_all_sources_proxy_source_only_final_training_only,mmd,,,,,merge_then_adapt,coral,near_nearest_proxy,main,,0,0train,target,False,,,,,,
7,bnci004,MMP_merge_then_adapt,TS,svm_radial,none,20,0,0,23670,0.05,no_leakage_v1_alpha005,gate_all_sources_proxy_source_only_final_training_only,mmd,,,,,merge_then_adapt,coral,near_nearest_proxy,final,,0,0train,target,False,,,,,,
7,bnci004,MMP_merge_then_adapt,TS,svm_radial,none,20,1,1,23701,0.05,no_leakage_v1_alpha005,gate_all_sources_proxy_source_only_final_training_only,mmd,,,,,merge_then_adapt,coral,near_nearest_proxy,main,0.0,0,0train,near,False,0.2826589528921393,1.0,direct,0.08875899291850865,0.06520490461758184,0.11409745488260326
7,bnci004,MMP_merge_then_adapt,TS,svm_radial,none,20,1,1,23701,0.05,no_leakage_v1_alpha005,gate_all_sources_proxy_source_only_final_training_only,mmd,,,,,merge_then_adapt,coral,near_nearest_proxy,anchor,0.0,0,0train,proxy_source,False,0.40261655921204464,1.0,direct,0.08875899291850865,0.06520490461758184,0.11409745488260326
7,bnci004,MMP_merge_then_adapt,TS,svm_radial,none,20,1,1,23701,0.05,no_leakage_v1_alpha005,gate_all_sources_proxy_source_only_final_training_only,mmd,,,,,merge_then_adapt,coral,near_nearest_proxy,final,0.0,0,0train,train,False,0.2826589528921393,1.0,direct,0.08875899291850865,0.06520490461758184,0.11409745488260326
7,bnci004,MMP_merge_then_adapt,TS,svm_radial,none,20,1,1,23701,0.05,no_leakage_v1_alpha005,gate_all_sources_proxy_source_only_final_training_only,mmd,,,,,merge_then_adapt,coral,near_nearest_proxy,main,1.0,2,2train,near,False,0.21995996923815947,1.0,direct,0.11405978453254693,0.08662396787271319,0.14137313212997338
7,bnci004,MMP_merge_then_adapt,TS,svm_radial,none,20,1,1,23701,0.05,no_leakage_v1_alpha005,gate_all_sources_proxy_source_only_final_training_only,mmd,,,,,merge_then_adapt,coral,near_nearest_proxy,anchor,1.0,2,2train,proxy_source,False,0.31330875980726014,1.0,direct,0.11405978453254693,0.08662396787271319,0.14137313212997338
7,bnci004,MMP_merge_then_adapt,TS,svm_radial,none,20,1,1,23701,0.05,no_leakage_v1_alpha005,gate_all_sources_proxy_source_only_final_training_only,mmd,,,,,merge_then_adapt,coral,near_nearest_proxy,final,1.0,2,2train,train,False,0.21995996923815947,1.0,direct,0.11405978453254693,0.08662396787271319,0.14137313212997338
7,bnci004,MMP_merge_then_adapt,TS,svm_radial,none,20,1,1,23701,0.05,no_leakage_v1_alpha005,gate_all_sources_proxy_source_only_final_training_only,mmd,,,,,merge_then_adapt,coral,near_nearest_proxy,main,2.0,3,3test,nearest,True,0.29794503871046113,1.0,direct,0.08420515683230191,0.061522117860469926,0.1103844165041493
7,bnci004,MMP_merge_then_adapt,TS,svm_radial,none,20,1,1,23701,0.05,no_leakage_v1_alpha005,gate_all_sources_proxy_source_only_final_training_only,mmd,,,,,merge_then_adapt,coral,near_nearest_proxy,anchor,2.0,3,3test,target,False,,1.0,direct,0.08420515683230191,0.061522117860469926,0.1103844165041493
7,bnci004,MMP_merge_then_adapt,TS,svm_radial,none,20,1,1,23701,0.05,no_leakage_v1_alpha005,gate_all_sources_proxy_source_only_final_training_only,mmd,,,,,merge_then_adapt,coral,near_nearest_proxy,final,2.0,3,3test,train,True,0.29794503871046113,1.0,direct,0.08420515683230191,0.061522117860469926,0.1103844165041493
7,bnci004,MMP_merge_then_adapt,TS,svm_radial,none,20,1,1,23701,0.05,no_leakage_v1_alpha005,gate_all_sources_proxy_source_only_final_training_only,mmd,,,,,merge_then_adapt,coral,near_nearest_proxy,main,3.0,4,4test,near,False,0.1994360391592401,1.0,direct,0.12579776116085092,0.09380974739276787,0.16315044963257042
7,bnci004,MMP_merge_then_adapt,TS,svm_radial,none,20,1,1,23701,0.05,no_leakage_v1_alpha005,gate_all_sources_proxy_source_only_final_training_only,mmd,,,,,merge_then_adapt,coral,near_nearest_proxy,anchor,3.0,4,4test,proxy_source,False,0.2840746809806952,1.0,direct,0.12579776116085092,0.09380974739276787,0.16315044963257042
7,bnci004,MMP_merge_then_adapt,TS,svm_radial,none,20,1,1,23701,0.05,no_leakage_v1_alpha005,gate_all_sources_proxy_source_only_final_training_only,mmd,,,,,merge_then_adapt,coral,near_nearest_proxy,final,3.0,4,4test,train,False,0.1994360391592401,1.0,direct,0.12579776116085092,0.09380974739276787,0.16315044963257042
7,bnci004,MMP_merge_then_adapt,TS,svm_radial,none,20,1,1,23701,0.05,no_leakage_v1_alpha005,gate_all_sources_proxy_source_only_final_training_only,mmd,,,,,merge_then_adapt,coral,near_nearest_proxy,main,,1,1train,target,False,,,,,,
7,bnci004,MMP_merge_then_adapt,TS,svm_radial,none,20,1,1,23701,0.05,no_leakage_v1_alpha005,gate_all_sources_proxy_source_only_final_training_only,mmd,,,,,merge_then_adapt,coral,near_nearest_proxy,final,,1,1train,target,False,,,,,,
7,bnci004,MMP_merge_then_adapt,TS,svm_radial,none,20,2,2,23732,0.05,no_leakage_v1_alpha005,gate_all_sources_proxy_source_only_final_training_only,mmd,,,,,merge_then_adapt,coral,near_nearest_proxy,main,0.0,0,0train,near,False,0.42331804196956685,2.0,direct,0.06884943134055492,0.05635592942457457,0.08350403329651189
7,bnci004,MMP_merge_then_adapt,TS,svm_radial,none,20,2,2,23732,0.05,no_leakage_v1_alpha005,gate_all_sources_proxy_source_only_final_training_only,mmd,,,,,merge_then_adapt,coral,near_nearest_proxy,anchor,0.0,0,0train,proxy_source,False,1.0,2.0,direct,0.06884943134055492,0.05635592942457457,0.08350403329651189
7,bnci004,MMP_merge_then_adapt,TS,svm_radial,none,20,2,2,23732,0.05,no_leakage_v1_alpha005,gate_all_sources_proxy_source_only_final_training_only,mmd,,,,,merge_then_adapt,coral,near_nearest_proxy,final,0.0,0,0train,train,False,0.42331804196956685,2.0,direct,0.06884943134055492,0.05635592942457457,0.08350403329651189
7,bnci004,MMP_merge_then_adapt,TS,svm_radial,none,20,2,2,23732,0.05,no_leakage_v1_alpha005,gate_all_sources_proxy_source_only_final_training_only,mmd,,,,,merge_then_adapt,coral,near_nearest_proxy,main,1.0,1,1train,far,False,,2.0,direct,0.08419344192500013,0.06760022922683981,0.10298470053713242
7,bnci004,MMP_merge_then_adapt,TS,svm_radial,none,20,2,2,23732,0.05,no_leakage_v1_alpha005,gate_all_sources_proxy_source_only_final_training_only,mmd,,,,,merge_then_adapt,coral,near_nearest_proxy,anchor,1.0,1,1train,not_used,False,,2.0,direct,0.08419344192500013,0.06760022922683981,0.10298470053713242
7,bnci004,MMP_merge_then_adapt,TS,svm_radial,none,20,2,2,23732,0.05,no_leakage_v1_alpha005,gate_all_sources_proxy_source_only_final_training_only,mmd,,,,,merge_then_adapt,coral,near_nearest_proxy,final,1.0,1,1train,not_used,False,,2.0,direct,0.08419344192500013,0.06760022922683981,0.10298470053713242
7,bnci004,MMP_merge_then_adapt,TS,svm_radial,none,20,2,2,23732,0.05,no_leakage_v1_alpha005,gate_all_sources_proxy_source_only_final_training_only,mmd,,,,,merge_then_adapt,coral,near_nearest_proxy,main,2.0,3,3test,nearest,True,0.5766819580304331,2.0,direct,0.05053921437290347,0.03908093626998083,0.06497843227674324
7,bnci004,MMP_merge_then_adapt,TS,svm_radial,none,20,2,2,23732,0.05,no_leakage_v1_alpha005,gate_all_sources_proxy_source_only_final_training_only,mmd,,,,,merge_then_adapt,coral,near_nearest_proxy,anchor,2.0,3,3test,target,False,,2.0,direct,0.05053921437290347,0.03908093626998083,0.06497843227674324
7,bnci004,MMP_merge_then_adapt,TS,svm_radial,none,20,2,2,23732,0.05,no_leakage_v1_alpha005,gate_all_sources_proxy_source_only_final_training_only,mmd,,,,,merge_then_adapt,coral,near_nearest_proxy,final,2.0,3,3test,train,True,0.5766819580304331,2.0,direct,0.05053921437290347,0.03908093626998083,0.06497843227674324
7,bnci004,MMP_merge_then_adapt,TS,svm_radial,none,20,2,2,23732,0.05,no_leakage_v1_alpha005,gate_all_sources_proxy_source_only_final_training_only,mmd,,,,,merge_then_adapt,coral,near_nearest_proxy,main,3.0,4,4test,far,False,,2.0,direct,0.08223113227680204,0.06576450488465509,0.09693643324888765
7,bnci004,MMP_merge_then_adapt,TS,svm_radial,none,20,2,2,23732,0.05,no_leakage_v1_alpha005,gate_all_sources_proxy_source_only_final_training_only,mmd,,,,,merge_then_adapt,coral,near_nearest_proxy,anchor,3.0,4,4test,not_used,False,,2.0,direct,0.08223113227680204,0.06576450488465509,0.09693643324888765
7,bnci004,MMP_merge_then_adapt,TS,svm_radial,none,20,2,2,23732,0.05,no_leakage_v1_alpha005,gate_all_sources_proxy_source_only_final_training_only,mmd,,,,,merge_then_adapt,coral,near_nearest_proxy,final,3.0,4,4test,not_used,False,,2.0,direct,0.08223113227680204,0.06576450488465509,0.09693643324888765
7,bnci004,MMP_merge_then_adapt,TS,svm_radial,none,20,2,2,23732,0.05,no_leakage_v1_alpha005,gate_all_sources_proxy_source_only_final_training_only,mmd,,,,,merge_then_adapt,coral,near_nearest_proxy,main,,2,2train,target,False,,,,,,
7,bnci004,MMP_merge_then_adapt,TS,svm_radial,none,20,2,2,23732,0.05,no_leakage_v1_alpha005,gate_all_sources_proxy_source_only_final_training_only,mmd,,,,,merge_then_adapt,coral,near_nearest_proxy,final,,2,2train,target,False,,,,,,
7,bnci004,MMP_merge_then_adapt,TS,svm_radial,none,20,3,3,23763,0.05,no_leakage_v1_alpha005,gate_all_sources_proxy_source_only_final_training_only,mmd,,,,,merge_then_adapt,coral,near_nearest_proxy,main,0.0,0,0train,near,False,0.3030883589989492,3.0,direct,0.057878461451735974,0.04264865701677317,0.08044516239239154
7,bnci004,MMP_merge_then_adapt,TS,svm_radial,none,20,3,3,23763,0.05,no_leakage_v1_alpha005,gate_all_sources_proxy_source_only_final_training_only,mmd,,,,,merge_then_adapt,coral,near_nearest_proxy,anchor,0.0,0,0train,proxy_source,False,0.5085964805021125,3.0,direct,0.057878461451735974,0.04264865701677317,0.08044516239239154
7,bnci004,MMP_merge_then_adapt,TS,svm_radial,none,20,3,3,23763,0.05,no_leakage_v1_alpha005,gate_all_sources_proxy_source_only_final_training_only,mmd,,,,,merge_then_adapt,coral,near_nearest_proxy,final,0.0,0,0train,train,False,0.3030883589989492,3.0,direct,0.057878461451735974,0.04264865701677317,0.08044516239239154
7,bnci004,MMP_merge_then_adapt,TS,svm_radial,none,20,3,3,23763,0.05,no_leakage_v1_alpha005,gate_all_sources_proxy_source_only_final_training_only,mmd,,,,,merge_then_adapt,coral,near_nearest_proxy,main,1.0,1,1train,near,False,0.29284254225252,3.0,direct,0.05990351679668355,0.04282677076977799,0.07750776037261814
7,bnci004,MMP_merge_then_adapt,TS,svm_radial,none,20,3,3,23763,0.05,no_leakage_v1_alpha005,gate_all_sources_proxy_source_only_final_training_only,mmd,,,,,merge_then_adapt,coral,near_nearest_proxy,anchor,1.0,1,1train,proxy_source,False,0.4914035194978874,3.0,direct,0.05990351679668355,0.04282677076977799,0.07750776037261814
7,bnci004,MMP_merge_then_adapt,TS,svm_radial,none,20,3,3,23763,0.05,no_leakage_v1_alpha005,gate_all_sources_proxy_source_only_final_training_only,mmd,,,,,merge_then_adapt,coral,near_nearest_proxy,final,1.0,1,1train,train,False,0.29284254225252,3.0,direct,0.05990351679668355,0.04282677076977799,0.07750776037261814
7,bnci004,MMP_merge_then_adapt,TS,svm_radial,none,20,3,3,23763,0.05,no_leakage_v1_alpha005,gate_all_sources_proxy_source_only_final_training_only,mmd,,,,,merge_then_adapt,coral,near_nearest_proxy,main,2.0,2,2train,nearest,True,0.4040690987485308,3.0,direct,0.043413829407846126,0.02899434824377777,0.0609891006595706
7,bnci004,MMP_merge_then_adapt,TS,svm_radial,none,20,3,3,23763,0.05,no_leakage_v1_alpha005,gate_all_sources_proxy_source_only_final_training_only,mmd,,,,,merge_then_adapt,coral,near_nearest_proxy,anchor,2.0,2,2train,target,False,,3.0,direct,0.043413829407846126,0.02899434824377777,0.0609891006595706
7,bnci004,MMP_merge_then_adapt,TS,svm_radial,none,20,3,3,23763,0.05,no_leakage_v1_alpha005,gate_all_sources_proxy_source_only_final_training_only,mmd,,,,,merge_then_adapt,coral,near_nearest_proxy,final,2.0,2,2train,train,True,0.4040690987485308,3.0,direct,0.043413829407846126,0.02899434824377777,0.0609891006595706
7,bnci004,MMP_merge_then_adapt,TS,svm_radial,none,20,3,3,23763,0.05,no_leakage_v1_alpha005,gate_all_sources_proxy_source_only_final_training_only,mmd,,,,,merge_then_adapt,coral,near_nearest_proxy,main,3.0,4,4test,far,False,,3.0,direct,0.09275769595660495,0.0700003168273559,0.11811190696099949
7,bnci004,MMP_merge_then_adapt,TS,svm_radial,none,20,3,3,23763,0.05,no_leakage_v1_alpha005,gate_all_sources_proxy_source_only_final_training_only,mmd,,,,,merge_then_adapt,coral,near_nearest_proxy,anchor,3.0,4,4test,not_used,False,,3.0,direct,0.09275769595660495,0.0700003168273559,0.11811190696099949
7,bnci004,MMP_merge_then_adapt,TS,svm_radial,none,20,3,3,23763,0.05,no_leakage_v1_alpha005,gate_all_sources_proxy_source_only_final_training_only,mmd,,,,,merge_then_adapt,coral,near_nearest_proxy,final,3.0,4,4test,not_used,False,,3.0,direct,0.09275769595660495,0.0700003168273559,0.11811190696099949
7,bnci004,MMP_merge_then_adapt,TS,svm_radial,none,20,3,3,23763,0.05,no_leakage_v1_alpha005,gate_all_sources_proxy_source_only_final_training_only,mmd,,,,,merge_then_adapt,coral,near_nearest_proxy,main,,3,3test,target,False,,,,,,
7,bnci004,MMP_merge_then_adapt,TS,svm_radial,none,20,3,3,23763,0.05,no_leakage_v1_alpha005,gate_all_sources_proxy_source_only_final_training_only,mmd,,,,,merge_then_adapt,coral,near_nearest_proxy,final,,3,3test,target,False,,,,,,
7,bnci004,MMP_merge_then_adapt,TS,svm_radial,none,20,4,4,23794,0.05,no_leakage_v1_alpha005,gate_all_sources_proxy_source_only_final_training_only,mmd,,,,,merge_then_adapt,coral,near_nearest_proxy,main,0.0,0,0train,nearest,True,0.6568276343684332,4.0,direct,0.05125850540378863,0.03207117001158891,0.07470065114784322
7,bnci004,MMP_merge_then_adapt,TS,svm_radial,none,20,4,4,23794,0.05,no_leakage_v1_alpha005,gate_all_sources_proxy_source_only_final_training_only,mmd,,,,,merge_then_adapt,coral,near_nearest_proxy,anchor,0.0,0,0train,target,False,,4.0,direct,0.05125850540378863,0.03207117001158891,0.07470065114784322
7,bnci004,MMP_merge_then_adapt,TS,svm_radial,none,20,4,4,23794,0.05,no_leakage_v1_alpha005,gate_all_sources_proxy_source_only_final_training_only,mmd,,,,,merge_then_adapt,coral,near_nearest_proxy,final,0.0,0,0train,train,True,0.6568276343684332,4.0,direct,0.05125850540378863,0.03207117001158891,0.07470065114784322
7,bnci004,MMP_merge_then_adapt,TS,svm_radial,none,20,4,4,23794,0.05,no_leakage_v1_alpha005,gate_all_sources_proxy_source_only_final_training_only,mmd,,,,,merge_then_adapt,coral,near_nearest_proxy,main,1.0,1,1train,far,False,,4.0,direct,0.1356409773849772,0.10438724241598804,0.17472474070533203
7,bnci004,MMP_merge_then_adapt,TS,svm_radial,none,20,4,4,23794,0.05,no_leakage_v1_alpha005,gate_all_sources_proxy_source_only_final_training_only,mmd,,,,,merge_then_adapt,coral,near_nearest_proxy,anchor,1.0,1,1train,not_used,False,,4.0,direct,0.1356409773849772,0.10438724241598804,0.17472474070533203
7,bnci004,MMP_merge_then_adapt,TS,svm_radial,none,20,4,4,23794,0.05,no_leakage_v1_alpha005,gate_all_sources_proxy_source_only_final_training_only,mmd,,,,,merge_then_adapt,coral,near_nearest_proxy,final,1.0,1,1train,not_used,False,,4.0,direct,0.1356409773849772,0.10438724241598804,0.17472474070533203
7,bnci004,MMP_merge_then_adapt,TS,svm_radial,none,20,4,4,23794,0.05,no_leakage_v1_alpha005,gate_all_sources_proxy_source_only_final_training_only,mmd,,,,,merge_then_adapt,coral,near_nearest_proxy,main,2.0,2,2train,far,False,,4.0,direct,0.15940681499507361,0.13243732067266026,0.19403900348570288
7,bnci004,MMP_merge_then_adapt,TS,svm_radial,none,20,4,4,23794,0.05,no_leakage_v1_alpha005,gate_all_sources_proxy_source_only_final_training_only,mmd,,,,,merge_then_adapt,coral,near_nearest_proxy,anchor,2.0,2,2train,not_used,False,,4.0,direct,0.15940681499507361,0.13243732067266026,0.19403900348570288
7,bnci004,MMP_merge_then_adapt,TS,svm_radial,none,20,4,4,23794,0.05,no_leakage_v1_alpha005,gate_all_sources_proxy_source_only_final_training_only,mmd,,,,,merge_then_adapt,coral,near_nearest_proxy,final,2.0,2,2train,not_used,False,,4.0,direct,0.15940681499507361,0.13243732067266026,0.19403900348570288
7,bnci004,MMP_merge_then_adapt,TS,svm_radial,none,20,4,4,23794,0.05,no_leakage_v1_alpha005,gate_all_sources_proxy_source_only_final_training_only,mmd,,,,,merge_then_adapt,coral,near_nearest_proxy,main,3.0,3,3test,near,False,0.3431723656315668,4.0,direct,0.09810905501944585,0.06813267575488523,0.13117464332965031
7,bnci004,MMP_merge_then_adapt,TS,svm_radial,none,20,4,4,23794,0.05,no_leakage_v1_alpha005,gate_all_sources_proxy_source_only_final_training_only,mmd,,,,,merge_then_adapt,coral,near_nearest_proxy,anchor,3.0,3,3test,proxy_source,False,1.0,4.0,direct,0.09810905501944585,0.06813267575488523,0.13117464332965031
7,bnci004,MMP_merge_then_adapt,TS,svm_radial,none,20,4,4,23794,0.05,no_leakage_v1_alpha005,gate_all_sources_proxy_source_only_final_training_only,mmd,,,,,merge_then_adapt,coral,near_nearest_proxy,final,3.0,3,3test,train,False,0.3431723656315668,4.0,direct,0.09810905501944585,0.06813267575488523,0.13117464332965031
7,bnci004,MMP_merge_then_adapt,TS,svm_radial,none,20,4,4,23794,0.05,no_leakage_v1_alpha005,gate_all_sources_proxy_source_only_final_training_only,mmd,,,,,merge_then_adapt,coral,near_nearest_proxy,main,,4,4test,target,False,,,,,,
7,bnci004,MMP_merge_then_adapt,TS,svm_radial,none,20,4,4,23794,0.05,no_leakage_v1_alpha005,gate_all_sources_proxy_source_only_final_training_only,mmd,,,,,merge_then_adapt,coral,near_nearest_proxy,final,,4,4test,target,False,,,,,,
7,bnci004,MMP_merge_then_adapt,TS,svm_radial,sa,21,0,0,24667,0.05,no_leakage_v1_alpha005,gate_all_sources_proxy_source_only_final_training_only,mmd,,,,,merge_then_adapt,coral,near_nearest_proxy,main,0.0,1,1train,near,False,0.20275851625349728,0.0,direct,0.08074808249073215,0.056875767469720354,0.10703156944254631
7,bnci004,MMP_merge_then_adapt,TS,svm_radial,sa,21,0,0,24667,0.05,no_leakage_v1_alpha005,gate_all_sources_proxy_source_only_final_training_only,mmd,,,,,merge_then_adapt,coral,near_nearest_proxy,anchor,0.0,1,1train,proxy_source,False,0.2956728881405999,0.0,direct,0.08074808249073215,0.056875767469720354,0.10703156944254631
7,bnci004,MMP_merge_then_adapt,TS,svm_radial,sa,21,0,0,24667,0.05,no_leakage_v1_alpha005,gate_all_sources_proxy_source_only_final_training_only,mmd,,,,,merge_then_adapt,coral,near_nearest_proxy,final,0.0,1,1train,train,False,0.20275851625349728,0.0,direct,0.08074808249073215,0.056875767469720354,0.10703156944254631
7,bnci004,MMP_merge_then_adapt,TS,svm_radial,sa,21,0,0,24667,0.05,no_leakage_v1_alpha005,gate_all_sources_proxy_source_only_final_training_only,mmd,,,,,merge_then_adapt,coral,near_nearest_proxy,main,1.0,2,2train,near,False,0.17223505247143908,0.0,direct,0.0950584197854533,0.0727554275326578,0.12372632350034714
7,bnci004,MMP_merge_then_adapt,TS,svm_radial,sa,21,0,0,24667,0.05,no_leakage_v1_alpha005,gate_all_sources_proxy_source_only_final_training_only,mmd,,,,,merge_then_adapt,coral,near_nearest_proxy,anchor,1.0,2,2train,proxy_source,False,0.2511620046558699,0.0,direct,0.0950584197854533,0.0727554275326578,0.12372632350034714
7,bnci004,MMP_merge_then_adapt,TS,svm_radial,sa,21,0,0,24667,0.05,no_leakage_v1_alpha005,gate_all_sources_proxy_source_only_final_training_only,mmd,,,,,merge_then_adapt,coral,near_nearest_proxy,final,1.0,2,2train,train,False,0.17223505247143908,0.0,direct,0.0950584197854533,0.0727554275326578,0.12372632350034714
7,bnci004,MMP_merge_then_adapt,TS,svm_radial,sa,21,0,0,24667,0.05,no_leakage_v1_alpha005,gate_all_sources_proxy_source_only_final_training_only,mmd,,,,,merge_then_adapt,coral,near_nearest_proxy,main,2.0,3,3test,near,False,0.31075924929157556,0.0,direct,0.05268468575827086,0.03748624207850464,0.07101751068655167
7,bnci004,MMP_merge_then_adapt,TS,svm_radial,sa,21,0,0,24667,0.05,no_leakage_v1_alpha005,gate_all_sources_proxy_source_only_final_training_only,mmd,,,,,merge_then_adapt,coral,near_nearest_proxy,anchor,2.0,3,3test,proxy_source,False,0.4531651072035302,0.0,direct,0.05268468575827086,0.03748624207850464,0.07101751068655167
7,bnci004,MMP_merge_then_adapt,TS,svm_radial,sa,21,0,0,24667,0.05,no_leakage_v1_alpha005,gate_all_sources_proxy_source_only_final_training_only,mmd,,,,,merge_then_adapt,coral,near_nearest_proxy,final,2.0,3,3test,train,False,0.31075924929157556,0.0,direct,0.05268468575827086,0.03748624207850464,0.07101751068655167
7,bnci004,MMP_merge_then_adapt,TS,svm_radial,sa,21,0,0,24667,0.05,no_leakage_v1_alpha005,gate_all_sources_proxy_source_only_final_training_only,mmd,,,,,merge_then_adapt,coral,near_nearest_proxy,main,3.0,4,4test,nearest,True,0.3142471819834881,0.0,direct,0.05209991002665662,0.0345918241762733,0.07539462364921194
7,bnci004,MMP_merge_then_adapt,TS,svm_radial,sa,21,0,0,24667,0.05,no_leakage_v1_alpha005,gate_all_sources_proxy_source_only_final_training_only,mmd,,,,,merge_then_adapt,coral,near_nearest_proxy,anchor,3.0,4,4test,target,False,,0.0,direct,0.05209991002665662,0.0345918241762733,0.07539462364921194
7,bnci004,MMP_merge_then_adapt,TS,svm_radial,sa,21,0,0,24667,0.05,no_leakage_v1_alpha005,gate_all_sources_proxy_source_only_final_training_only,mmd,,,,,merge_then_adapt,coral,near_nearest_proxy,final,3.0,4,4test,train,True,0.3142471819834881,0.0,direct,0.05209991002665662,0.0345918241762733,0.07539462364921194
7,bnci004,MMP_merge_then_adapt,TS,svm_radial,sa,21,0,0,24667,0.05,no_leakage_v1_alpha005,gate_all_sources_proxy_source_only_final_training_only,mmd,,,,,merge_then_adapt,coral,near_nearest_proxy,main,,0,0train,target,False,,,,,,
7,bnci004,MMP_merge_then_adapt,TS,svm_radial,sa,21,0,0,24667,0.05,no_leakage_v1_alpha005,gate_all_sources_proxy_source_only_final_training_only,mmd,,,,,merge_then_adapt,coral,near_nearest_proxy,final,,0,0train,target,False,,,,,,
7,bnci004,MMP_merge_then_adapt,TS,svm_radial,sa,21,1,1,24698,0.05,no_leakage_v1_alpha005,gate_all_sources_proxy_source_only_final_training_only,mmd,,,,,merge_then_adapt,coral,near_nearest_proxy,main,0.0,0,0train,near,False,0.2840906519278619,1.0,direct,0.08857922098182942,0.06523125911482083,0.12226812390351094
7,bnci004,MMP_merge_then_adapt,TS,svm_radial,sa,21,1,1,24698,0.05,no_leakage_v1_alpha005,gate_all_sources_proxy_source_only_final_training_only,mmd,,,,,merge_then_adapt,coral,near_nearest_proxy,anchor,0.0,0,0train,proxy_source,False,0.40545947476244604,1.0,direct,0.08857922098182942,0.06523125911482083,0.12226812390351094
7,bnci004,MMP_merge_then_adapt,TS,svm_radial,sa,21,1,1,24698,0.05,no_leakage_v1_alpha005,gate_all_sources_proxy_source_only_final_training_only,mmd,,,,,merge_then_adapt,coral,near_nearest_proxy,final,0.0,0,0train,train,False,0.2840906519278619,1.0,direct,0.08857922098182942,0.06523125911482083,0.12226812390351094
7,bnci004,MMP_merge_then_adapt,TS,svm_radial,sa,21,1,1,24698,0.05,no_leakage_v1_alpha005,gate_all_sources_proxy_source_only_final_training_only,mmd,,,,,merge_then_adapt,coral,near_nearest_proxy,main,1.0,2,2train,near,False,0.22110965461921683,1.0,direct,0.11381046051708815,0.08660683075841304,0.14467769360777796
7,bnci004,MMP_merge_then_adapt,TS,svm_radial,sa,21,1,1,24698,0.05,no_leakage_v1_alpha005,gate_all_sources_proxy_source_only_final_training_only,mmd,,,,,merge_then_adapt,coral,near_nearest_proxy,anchor,1.0,2,2train,proxy_source,False,0.3155718212423908,1.0,direct,0.11381046051708815,0.08660683075841304,0.14467769360777796
7,bnci004,MMP_merge_then_adapt,TS,svm_radial,sa,21,1,1,24698,0.05,no_leakage_v1_alpha005,gate_all_sources_proxy_source_only_final_training_only,mmd,,,,,merge_then_adapt,coral,near_nearest_proxy,final,1.0,2,2train,train,False,0.22110965461921683,1.0,direct,0.11381046051708815,0.08660683075841304,0.14467769360777796
7,bnci004,MMP_merge_then_adapt,TS,svm_radial,sa,21,1,1,24698,0.05,no_leakage_v1_alpha005,gate_all_sources_proxy_source_only_final_training_only,mmd,,,,,merge_then_adapt,coral,near_nearest_proxy,main,2.0,3,3test,nearest,True,0.2993365068252326,1.0,direct,0.08406763898273006,0.06289793401817334,0.1078301548084508
7,bnci004,MMP_merge_then_adapt,TS,svm_radial,sa,21,1,1,24698,0.05,no_leakage_v1_alpha005,gate_all_sources_proxy_source_only_final_training_only,mmd,,,,,merge_then_adapt,coral,near_nearest_proxy,anchor,2.0,3,3test,target,False,,1.0,direct,0.08406763898273006,0.06289793401817334,0.1078301548084508
7,bnci004,MMP_merge_then_adapt,TS,svm_radial,sa,21,1,1,24698,0.05,no_leakage_v1_alpha005,gate_all_sources_proxy_source_only_final_training_only,mmd,,,,,merge_then_adapt,coral,near_nearest_proxy,final,2.0,3,3test,train,True,0.2993365068252326,1.0,direct,0.08406763898273006,0.06289793401817334,0.1078301548084508
7,bnci004,MMP_merge_then_adapt,TS,svm_radial,sa,21,1,1,24698,0.05,no_leakage_v1_alpha005,gate_all_sources_proxy_source_only_final_training_only,mmd,,,,,merge_then_adapt,coral,near_nearest_proxy,main,3.0,4,4test,near,False,0.19546318662768875,1.0,direct,0.1287435127689186,0.09872534554829425,0.1632181702614315
7,bnci004,MMP_merge_then_adapt,TS,svm_radial,sa,21,1,1,24698,0.05,no_leakage_v1_alpha005,gate_all_sources_proxy_source_only_final_training_only,mmd,,,,,merge_then_adapt,coral,near_nearest_proxy,anchor,3.0,4,4test,proxy_source,False,0.27896870399516316,1.0,direct,0.1287435127689186,0.09872534554829425,0.1632181702614315
7,bnci004,MMP_merge_then_adapt,TS,svm_radial,sa,21,1,1,24698,0.05,no_leakage_v1_alpha005,gate_all_sources_proxy_source_only_final_training_only,mmd,,,,,merge_then_adapt,coral,near_nearest_proxy,final,3.0,4,4test,train,False,0.19546318662768875,1.0,direct,0.1287435127689186,0.09872534554829425,0.1632181702614315
7,bnci004,MMP_merge_then_adapt,TS,svm_radial,sa,21,1,1,24698,0.05,no_leakage_v1_alpha005,gate_all_sources_proxy_source_only_final_training_only,mmd,,,,,merge_then_adapt,coral,near_nearest_proxy,main,,1,1train,target,False,,,,,,
7,bnci004,MMP_merge_then_adapt,TS,svm_radial,sa,21,1,1,24698,0.05,no_leakage_v1_alpha005,gate_all_sources_proxy_source_only_final_training_only,mmd,,,,,merge_then_adapt,coral,near_nearest_proxy,final,,1,1train,target,False,,,,,,
7,bnci004,MMP_merge_then_adapt,TS,svm_radial,sa,21,2,2,24729,0.05,no_leakage_v1_alpha005,gate_all_sources_proxy_source_only_final_training_only,mmd,,,,,merge_then_adapt,coral,near_nearest_proxy,main,0.0,0,0train,near,False,0.3123643554976807,2.0,direct,0.0697745959852512,0.05460415856744318,0.0865094800951268
7,bnci004,MMP_merge_then_adapt,TS,svm_radial,sa,21,2,2,24729,0.05,no_leakage_v1_alpha005,gate_all_sources_proxy_source_only_final_training_only,mmd,,,,,merge_then_adapt,coral,near_nearest_proxy,anchor,0.0,0,0train,proxy_source,False,0.5422576325209607,2.0,direct,0.0697745959852512,0.05460415856744318,0.0865094800951268
7,bnci004,MMP_merge_then_adapt,TS,svm_radial,sa,21,2,2,24729,0.05,no_leakage_v1_alpha005,gate_all_sources_proxy_source_only_final_training_only,mmd,,,,,merge_then_adapt,coral,near_nearest_proxy,final,0.0,0,0train,train,False,0.3123643554976807,2.0,direct,0.0697745959852512,0.05460415856744318,0.0865094800951268
7,bnci004,MMP_merge_then_adapt,TS,svm_radial,sa,21,2,2,24729,0.05,no_leakage_v1_alpha005,gate_all_sources_proxy_source_only_final_training_only,mmd,,,,,merge_then_adapt,coral,near_nearest_proxy,main,1.0,1,1train,near,False,0.26367982860258904,2.0,direct,0.08265761361070961,0.06445564854562491,0.10338001249797911
7,bnci004,MMP_merge_then_adapt,TS,svm_radial,sa,21,2,2,24729,0.05,no_leakage_v1_alpha005,gate_all_sources_proxy_source_only_final_training_only,mmd,,,,,merge_then_adapt,coral,near_nearest_proxy,anchor,1.0,1,1train,proxy_source,False,0.45774236747903935,2.0,direct,0.08265761361070961,0.06445564854562491,0.10338001249797911
7,bnci004,MMP_merge_then_adapt,TS,svm_radial,sa,21,2,2,24729,0.05,no_leakage_v1_alpha005,gate_all_sources_proxy_source_only_final_training_only,mmd,,,,,merge_then_adapt,coral,near_nearest_proxy,final,1.0,1,1train,train,False,0.26367982860258904,2.0,direct,0.08265761361070961,0.06445564854562491,0.10338001249797911
7,bnci004,MMP_merge_then_adapt,TS,svm_radial,sa,21,2,2,24729,0.05,no_leakage_v1_alpha005,gate_all_sources_proxy_source_only_final_training_only,mmd,,,,,merge_then_adapt,coral,near_nearest_proxy,main,2.0,3,3test,nearest,True,0.4239558158997304,2.0,direct,0.05140862395608312,0.040463183433409274,0.0648907547768729
7,bnci004,MMP_merge_then_adapt,TS,svm_radial,sa,21,2,2,24729,0.05,no_leakage_v1_alpha005,gate_all_sources_proxy_source_only_final_training_only,mmd,,,,,merge_then_adapt,coral,near_nearest_proxy,anchor,2.0,3,3test,target,False,,2.0,direct,0.05140862395608312,0.040463183433409274,0.0648907547768729
7,bnci004,MMP_merge_then_adapt,TS,svm_radial,sa,21,2,2,24729,0.05,no_leakage_v1_alpha005,gate_all_sources_proxy_source_only_final_training_only,mmd,,,,,merge_then_adapt,coral,near_nearest_proxy,final,2.0,3,3test,train,True,0.4239558158997304,2.0,direct,0.05140862395608312,0.040463183433409274,0.0648907547768729
7,bnci004,MMP_merge_then_adapt,TS,svm_radial,sa,21,2,2,24729,0.05,no_leakage_v1_alpha005,gate_all_sources_proxy_source_only_final_training_only,mmd,,,,,merge_then_adapt,coral,near_nearest_proxy,main,3.0,4,4test,far,False,,2.0,direct,0.08122136930414917,0.06607367541778221,0.09724086934299503
7,bnci004,MMP_merge_then_adapt,TS,svm_radial,sa,21,2,2,24729,0.05,no_leakage_v1_alpha005,gate_all_sources_proxy_source_only_final_training_only,mmd,,,,,merge_then_adapt,coral,near_nearest_proxy,anchor,3.0,4,4test,not_used,False,,2.0,direct,0.08122136930414917,0.06607367541778221,0.09724086934299503
7,bnci004,MMP_merge_then_adapt,TS,svm_radial,sa,21,2,2,24729,0.05,no_leakage_v1_alpha005,gate_all_sources_proxy_source_only_final_training_only,mmd,,,,,merge_then_adapt,coral,near_nearest_proxy,final,3.0,4,4test,not_used,False,,2.0,direct,0.08122136930414917,0.06607367541778221,0.09724086934299503
7,bnci004,MMP_merge_then_adapt,TS,svm_radial,sa,21,2,2,24729,0.05,no_leakage_v1_alpha005,gate_all_sources_proxy_source_only_final_training_only,mmd,,,,,merge_then_adapt,coral,near_nearest_proxy,main,,2,2train,target,False,,,,,,
7,bnci004,MMP_merge_then_adapt,TS,svm_radial,sa,21,2,2,24729,0.05,no_leakage_v1_alpha005,gate_all_sources_proxy_source_only_final_training_only,mmd,,,,,merge_then_adapt,coral,near_nearest_proxy,final,,2,2train,target,False,,,,,,
7,bnci004,MMP_merge_then_adapt,TS,svm_radial,sa,21,3,3,24760,0.05,no_leakage_v1_alpha005,gate_all_sources_proxy_source_only_final_training_only,mmd,,,,,merge_then_adapt,coral,near_nearest_proxy,main,0.0,0,0train,near,False,0.3041661752759204,3.0,direct,0.05781717906779918,0.04359345893144281,0.07415870459107508
7,bnci004,MMP_merge_then_adapt,TS,svm_radial,sa,21,3,3,24760,0.05,no_leakage_v1_alpha005,gate_all_sources_proxy_source_only_final_training_only,mmd,,,,,merge_then_adapt,coral,near_nearest_proxy,anchor,0.0,0,0train,proxy_source,False,0.5078485498324394,3.0,direct,0.05781717906779918,0.04359345893144281,0.07415870459107508
7,bnci004,MMP_merge_then_adapt,TS,svm_radial,sa,21,3,3,24760,0.05,no_leakage_v1_alpha005,gate_all_sources_proxy_source_only_final_training_only,mmd,,,,,merge_then_adapt,coral,near_nearest_proxy,final,0.0,0,0train,train,False,0.3041661752759204,3.0,direct,0.05781717906779918,0.04359345893144281,0.07415870459107508
7,bnci004,MMP_merge_then_adapt,TS,svm_radial,sa,21,3,3,24760,0.05,no_leakage_v1_alpha005,gate_all_sources_proxy_source_only_final_training_only,mmd,,,,,merge_then_adapt,coral,near_nearest_proxy,main,1.0,1,1train,near,False,0.2947646976709012,3.0,direct,0.059661281567060465,0.04407761939978764,0.08089535767446678
7,bnci004,MMP_merge_then_adapt,TS,svm_radial,sa,21,3,3,24760,0.05,no_leakage_v1_alpha005,gate_all_sources_proxy_source_only_final_training_only,mmd,,,,,merge_then_adapt,coral,near_nearest_proxy,anchor,1.0,1,1train,proxy_source,False,0.49215145016756046,3.0,direct,0.059661281567060465,0.04407761939978764,0.08089535767446678
7,bnci004,MMP_merge_then_adapt,TS,svm_radial,sa,21,3,3,24760,0.05,no_leakage_v1_alpha005,gate_all_sources_proxy_source_only_final_training_only,mmd,,,,,merge_then_adapt,coral,near_nearest_proxy,final,1.0,1,1train,train,False,0.2947646976709012,3.0,direct,0.059661281567060465,0.04407761939978764,0.08089535767446678
7,bnci004,MMP_merge_then_adapt,TS,svm_radial,sa,21,3,3,24760,0.05,no_leakage_v1_alpha005,gate_all_sources_proxy_source_only_final_training_only,mmd,,,,,merge_then_adapt,coral,near_nearest_proxy,main,2.0,2,2train,nearest,True,0.4010691270531783,3.0,direct,0.04384763656219283,0.02957129589430739,0.06339522080382119
7,bnci004,MMP_merge_then_adapt,TS,svm_radial,sa,21,3,3,24760,0.05,no_leakage_v1_alpha005,gate_all_sources_proxy_source_only_final_training_only,mmd,,,,,merge_then_adapt,coral,near_nearest_proxy,anchor,2.0,2,2train,target,False,,3.0,direct,0.04384763656219283,0.02957129589430739,0.06339522080382119
7,bnci004,MMP_merge_then_adapt,TS,svm_radial,sa,21,3,3,24760,0.05,no_leakage_v1_alpha005,gate_all_sources_proxy_source_only_final_training_only,mmd,,,,,merge_then_adapt,coral,near_nearest_proxy,final,2.0,2,2train,train,True,0.4010691270531783,3.0,direct,0.04384763656219283,0.02957129589430739,0.06339522080382119
7,bnci004,MMP_merge_then_adapt,TS,svm_radial,sa,21,3,3,24760,0.05,no_leakage_v1_alpha005,gate_all_sources_proxy_source_only_final_training_only,mmd,,,,,merge_then_adapt,coral,near_nearest_proxy,main,3.0,4,4test,far,False,,3.0,direct,0.09386196381224224,0.07210779964593594,0.1292399699158844
7,bnci004,MMP_merge_then_adapt,TS,svm_radial,sa,21,3,3,24760,0.05,no_leakage_v1_alpha005,gate_all_sources_proxy_source_only_final_training_only,mmd,,,,,merge_then_adapt,coral,near_nearest_proxy,anchor,3.0,4,4test,not_used,False,,3.0,direct,0.09386196381224224,0.07210779964593594,0.1292399699158844
7,bnci004,MMP_merge_then_adapt,TS,svm_radial,sa,21,3,3,24760,0.05,no_leakage_v1_alpha005,gate_all_sources_proxy_source_only_final_training_only,mmd,,,,,merge_then_adapt,coral,near_nearest_proxy,final,3.0,4,4test,not_used,False,,3.0,direct,0.09386196381224224,0.07210779964593594,0.1292399699158844
7,bnci004,MMP_merge_then_adapt,TS,svm_radial,sa,21,3,3,24760,0.05,no_leakage_v1_alpha005,gate_all_sources_proxy_source_only_final_training_only,mmd,,,,,merge_then_adapt,coral,near_nearest_proxy,main,,3,3test,target,False,,,,,,
7,bnci004,MMP_merge_then_adapt,TS,svm_radial,sa,21,3,3,24760,0.05,no_leakage_v1_alpha005,gate_all_sources_proxy_source_only_final_training_only,mmd,,,,,merge_then_adapt,coral,near_nearest_proxy,final,,3,3test,target,False,,,,,,
7,bnci004,MMP_merge_then_adapt,TS,svm_radial,sa,21,4,4,24791,0.05,no_leakage_v1_alpha005,gate_all_sources_proxy_source_only_final_training_only,mmd,,,,,merge_then_adapt,coral,near_nearest_proxy,main,0.0,0,0train,nearest,True,0.6425736067927343,4.0,direct,0.054016258512993846,0.03858431092486501,0.07650453516510505
7,bnci004,MMP_merge_then_adapt,TS,svm_radial,sa,21,4,4,24791,0.05,no_leakage_v1_alpha005,gate_all_sources_proxy_source_only_final_training_only,mmd,,,,,merge_then_adapt,coral,near_nearest_proxy,anchor,0.0,0,0train,target,False,,4.0,direct,0.054016258512993846,0.03858431092486501,0.07650453516510505
7,bnci004,MMP_merge_then_adapt,TS,svm_radial,sa,21,4,4,24791,0.05,no_leakage_v1_alpha005,gate_all_sources_proxy_source_only_final_training_only,mmd,,,,,merge_then_adapt,coral,near_nearest_proxy,final,0.0,0,0train,train,True,0.6425736067927343,4.0,direct,0.054016258512993846,0.03858431092486501,0.07650453516510505
7,bnci004,MMP_merge_then_adapt,TS,svm_radial,sa,21,4,4,24791,0.05,no_leakage_v1_alpha005,gate_all_sources_proxy_source_only_final_training_only,mmd,,,,,merge_then_adapt,coral,near_nearest_proxy,main,1.0,1,1train,far,False,,4.0,direct,0.13834601771464541,0.10236293693460623,0.1779718124186344
7,bnci004,MMP_merge_then_adapt,TS,svm_radial,sa,21,4,4,24791,0.05,no_leakage_v1_alpha005,gate_all_sources_proxy_source_only_final_training_only,mmd,,,,,merge_then_adapt,coral,near_nearest_proxy,anchor,1.0,1,1train,not_used,False,,4.0,direct,0.13834601771464541,0.10236293693460623,0.1779718124186344
7,bnci004,MMP_merge_then_adapt,TS,svm_radial,sa,21,4,4,24791,0.05,no_leakage_v1_alpha005,gate_all_sources_proxy_source_only_final_training_only,mmd,,,,,merge_then_adapt,coral,near_nearest_proxy,final,1.0,1,1train,not_used,False,,4.0,direct,0.13834601771464541,0.10236293693460623,0.1779718124186344
7,bnci004,MMP_merge_then_adapt,TS,svm_radial,sa,21,4,4,24791,0.05,no_leakage_v1_alpha005,gate_all_sources_proxy_source_only_final_training_only,mmd,,,,,merge_then_adapt,coral,near_nearest_proxy,main,2.0,2,2train,far,False,,4.0,direct,0.16193401147587955,0.13357043125833298,0.19319172515159483
7,bnci004,MMP_merge_then_adapt,TS,svm_radial,sa,21,4,4,24791,0.05,no_leakage_v1_alpha005,gate_all_sources_proxy_source_only_final_training_only,mmd,,,,,merge_then_adapt,coral,near_nearest_proxy,anchor,2.0,2,2train,not_used,False,,4.0,direct,0.16193401147587955,0.13357043125833298,0.19319172515159483
7,bnci004,MMP_merge_then_adapt,TS,svm_radial,sa,21,4,4,24791,0.05,no_leakage_v1_alpha005,gate_all_sources_proxy_source_only_final_training_only,mmd,,,,,merge_then_adapt,coral,near_nearest_proxy,final,2.0,2,2train,not_used,False,,4.0,direct,0.16193401147587955,0.13357043125833298,0.19319172515159483
7,bnci004,MMP_merge_then_adapt,TS,svm_radial,sa,21,4,4,24791,0.05,no_leakage_v1_alpha005,gate_all_sources_proxy_source_only_final_training_only,mmd,,,,,merge_then_adapt,coral,near_nearest_proxy,main,3.0,3,3test,near,False,0.35742639320726566,4.0,direct,0.09711008438380542,0.07171757682235366,0.13024411332331576
7,bnci004,MMP_merge_then_adapt,TS,svm_radial,sa,21,4,4,24791,0.05,no_leakage_v1_alpha005,gate_all_sources_proxy_source_only_final_training_only,mmd,,,,,merge_then_adapt,coral,near_nearest_proxy,anchor,3.0,3,3test,proxy_source,False,1.0,4.0,direct,0.09711008438380542,0.07171757682235366,0.13024411332331576
7,bnci004,MMP_merge_then_adapt,TS,svm_radial,sa,21,4,4,24791,0.05,no_leakage_v1_alpha005,gate_all_sources_proxy_source_only_final_training_only,mmd,,,,,merge_then_adapt,coral,near_nearest_proxy,final,3.0,3,3test,train,False,0.35742639320726566,4.0,direct,0.09711008438380542,0.07171757682235366,0.13024411332331576
7,bnci004,MMP_merge_then_adapt,TS,svm_radial,sa,21,4,4,24791,0.05,no_leakage_v1_alpha005,gate_all_sources_proxy_source_only_final_training_only,mmd,,,,,merge_then_adapt,coral,near_nearest_proxy,main,,4,4test,target,False,,,,,,
7,bnci004,MMP_merge_then_adapt,TS,svm_radial,sa,21,4,4,24791,0.05,no_leakage_v1_alpha005,gate_all_sources_proxy_source_only_final_training_only,mmd,,,,,merge_then_adapt,coral,near_nearest_proxy,final,,4,4test,target,False,,,,,,
7,bnci004,MMP_merge_then_adapt,TS,svm_radial,pt,22,0,0,25664,0.05,no_leakage_v1_alpha005,gate_all_sources_proxy_source_only_final_training_only,mmd,,,,,merge_then_adapt,coral,near_nearest_proxy,main,0.0,1,1train,near,False,0.20265562093603331,0.0,direct,0.08047445746177939,0.059970311755054455,0.10928763252076142
7,bnci004,MMP_merge_then_adapt,TS,svm_radial,pt,22,0,0,25664,0.05,no_leakage_v1_alpha005,gate_all_sources_proxy_source_only_final_training_only,mmd,,,,,merge_then_adapt,coral,near_nearest_proxy,anchor,0.0,1,1train,proxy_source,False,0.2984328088710347,0.0,direct,0.08047445746177939,0.059970311755054455,0.10928763252076142
7,bnci004,MMP_merge_then_adapt,TS,svm_radial,pt,22,0,0,25664,0.05,no_leakage_v1_alpha005,gate_all_sources_proxy_source_only_final_training_only,mmd,,,,,merge_then_adapt,coral,near_nearest_proxy,final,0.0,1,1train,train,False,0.20265562093603331,0.0,direct,0.08047445746177939,0.059970311755054455,0.10928763252076142
7,bnci004,MMP_merge_then_adapt,TS,svm_radial,pt,22,0,0,25664,0.05,no_leakage_v1_alpha005,gate_all_sources_proxy_source_only_final_training_only,mmd,,,,,merge_then_adapt,coral,near_nearest_proxy,main,1.0,2,2train,near,False,0.16963733453961316,0.0,direct,0.09613823636733315,0.07071426158342524,0.12158958990294008
7,bnci004,MMP_merge_then_adapt,TS,svm_radial,pt,22,0,0,25664,0.05,no_leakage_v1_alpha005,gate_all_sources_proxy_source_only_final_training_only,mmd,,,,,merge_then_adapt,coral,near_nearest_proxy,anchor,1.0,2,2train,proxy_source,False,0.2498097314163896,0.0,direct,0.09613823636733315,0.07071426158342524,0.12158958990294008
7,bnci004,MMP_merge_then_adapt,TS,svm_radial,pt,22,0,0,25664,0.05,no_leakage_v1_alpha005,gate_all_sources_proxy_source_only_final_training_only,mmd,,,,,merge_then_adapt,coral,near_nearest_proxy,final,1.0,2,2train,train,False,0.16963733453961316,0.0,direct,0.09613823636733315,0.07071426158342524,0.12158958990294008
7,bnci004,MMP_merge_then_adapt,TS,svm_radial,pt,22,0,0,25664,0.05,no_leakage_v1_alpha005,gate_all_sources_proxy_source_only_final_training_only,mmd,,,,,merge_then_adapt,coral,near_nearest_proxy,main,2.0,3,3test,near,False,0.3067732025070346,0.0,direct,0.053161413368404506,0.036728629929540554,0.07455194145718873
7,bnci004,MMP_merge_then_adapt,TS,svm_radial,pt,22,0,0,25664,0.05,no_leakage_v1_alpha005,gate_all_sources_proxy_source_only_final_training_only,mmd,,,,,merge_then_adapt,coral,near_nearest_proxy,anchor,2.0,3,3test,proxy_source,False,0.45175745971257564,0.0,direct,0.053161413368404506,0.036728629929540554,0.07455194145718873
7,bnci004,MMP_merge_then_adapt,TS,svm_radial,pt,22,0,0,25664,0.05,no_leakage_v1_alpha005,gate_all_sources_proxy_source_only_final_training_only,mmd,,,,,merge_then_adapt,coral,near_nearest_proxy,final,2.0,3,3test,train,False,0.3067732025070346,0.0,direct,0.053161413368404506,0.036728629929540554,0.07455194145718873
7,bnci004,MMP_merge_then_adapt,TS,svm_radial,pt,22,0,0,25664,0.05,no_leakage_v1_alpha005,gate_all_sources_proxy_source_only_final_training_only,mmd,,,,,merge_then_adapt,coral,near_nearest_proxy,main,3.0,4,4test,nearest,True,0.3209338420173189,0.0,direct,0.05081571568044902,0.034586512843802014,0.0722471286775873
7,bnci004,MMP_merge_then_adapt,TS,svm_radial,pt,22,0,0,25664,0.05,no_leakage_v1_alpha005,gate_all_sources_proxy_source_only_final_training_only,mmd,,,,,merge_then_adapt,coral,near_nearest_proxy,anchor,3.0,4,4test,target,False,,0.0,direct,0.05081571568044902,0.034586512843802014,0.0722471286775873
7,bnci004,MMP_merge_then_adapt,TS,svm_radial,pt,22,0,0,25664,0.05,no_leakage_v1_alpha005,gate_all_sources_proxy_source_only_final_training_only,mmd,,,,,merge_then_adapt,coral,near_nearest_proxy,final,3.0,4,4test,train,True,0.3209338420173189,0.0,direct,0.05081571568044902,0.034586512843802014,0.0722471286775873
7,bnci004,MMP_merge_then_adapt,TS,svm_radial,pt,22,0,0,25664,0.05,no_leakage_v1_alpha005,gate_all_sources_proxy_source_only_final_training_only,mmd,,,,,merge_then_adapt,coral,near_nearest_proxy,main,,0,0train,target,False,,,,,,
7,bnci004,MMP_merge_then_adapt,TS,svm_radial,pt,22,0,0,25664,0.05,no_leakage_v1_alpha005,gate_all_sources_proxy_source_only_final_training_only,mmd,,,,,merge_then_adapt,coral,near_nearest_proxy,final,,0,0train,target,False,,,,,,
7,bnci004,MMP_merge_then_adapt,TS,svm_radial,pt,22,1,1,25695,0.05,no_leakage_v1_alpha005,gate_all_sources_proxy_source_only_final_training_only,mmd,,,,,merge_then_adapt,coral,near_nearest_proxy,main,0.0,0,0train,near,False,0.28270270913986567,1.0,direct,0.08984922648081792,0.0657268792391258,0.11830839412909638
7,bnci004,MMP_merge_then_adapt,TS,svm_radial,pt,22,1,1,25695,0.05,no_leakage_v1_alpha005,gate_all_sources_proxy_source_only_final_training_only,mmd,,,,,merge_then_adapt,coral,near_nearest_proxy,anchor,0.0,0,0train,proxy_source,False,0.40253564621718907,1.0,direct,0.08984922648081792,0.0657268792391258,0.11830839412909638
7,bnci004,MMP_merge_then_adapt,TS,svm_radial,pt,22,1,1,25695,0.05,no_leakage_v1_alpha005,gate_all_sources_proxy_source_only_final_training_only,mmd,,,,,merge_then_adapt,coral,near_nearest_proxy,final,0.0,0,0train,train,False,0.28270270913986567,1.0,direct,0.08984922648081792,0.0657268792391258,0.11830839412909638
7,bnci004,MMP_merge_then_adapt,TS,svm_radial,pt,22,1,1,25695,0.05,no_leakage_v1_alpha005,gate_all_sources_proxy_source_only_final_training_only,mmd,,,,,merge_then_adapt,coral,near_nearest_proxy,main,1.0,2,2train,near,False,0.21868215559403872,1.0,direct,0.11615343598476288,0.08793444512695393,0.14412344217526998
7,bnci004,MMP_merge_then_adapt,TS,svm_radial,pt,22,1,1,25695,0.05,no_leakage_v1_alpha005,gate_all_sources_proxy_source_only_final_training_only,mmd,,,,,merge_then_adapt,coral,near_nearest_proxy,anchor,1.0,2,2train,proxy_source,False,0.31137785373914895,1.0,direct,0.11615343598476288,0.08793444512695393,0.14412344217526998
7,bnci004,MMP_merge_then_adapt,TS,svm_radial,pt,22,1,1,25695,0.05,no_leakage_v1_alpha005,gate_all_sources_proxy_source_only_final_training_only,mmd,,,,,merge_then_adapt,coral,near_nearest_proxy,final,1.0,2,2train,train,False,0.21868215559403872,1.0,direct,0.11615343598476288,0.08793444512695393,0.14412344217526998
7,bnci004,MMP_merge_then_adapt,TS,svm_radial,pt,22,1,1,25695,0.05,no_leakage_v1_alpha005,gate_all_sources_proxy_source_only_final_training_only,mmd,,,,,merge_then_adapt,coral,near_nearest_proxy,main,2.0,3,3test,nearest,True,0.2976952183078646,1.0,direct,0.08532419463140695,0.06257912474246527,0.11111140445792761
7,bnci004,MMP_merge_then_adapt,TS,svm_radial,pt,22,1,1,25695,0.05,no_leakage_v1_alpha005,gate_all_sources_proxy_source_only_final_training_only,mmd,,,,,merge_then_adapt,coral,near_nearest_proxy,anchor,2.0,3,3test,target,False,,1.0,direct,0.08532419463140695,0.06257912474246527,0.11111140445792761
7,bnci004,MMP_merge_then_adapt,TS,svm_radial,pt,22,1,1,25695,0.05,no_leakage_v1_alpha005,gate_all_sources_proxy_source_only_final_training_only,mmd,,,,,merge_then_adapt,coral,near_nearest_proxy,final,2.0,3,3test,train,True,0.2976952183078646,1.0,direct,0.08532419463140695,0.06257912474246527,0.11111140445792761
7,bnci004,MMP_merge_then_adapt,TS,svm_radial,pt,22,1,1,25695,0.05,no_leakage_v1_alpha005,gate_all_sources_proxy_source_only_final_training_only,mmd,,,,,merge_then_adapt,coral,near_nearest_proxy,main,3.0,4,4test,near,False,0.20091991695823108,1.0,direct,0.1264220188201714,0.0952163465172077,0.16375178324210293
7,bnci004,MMP_merge_then_adapt,TS,svm_radial,pt,22,1,1,25695,0.05,no_leakage_v1_alpha005,gate_all_sources_proxy_source_only_final_training_only,mmd,,,,,merge_then_adapt,coral,near_nearest_proxy,anchor,3.0,4,4test,proxy_source,False,0.2860865000436619,1.0,direct,0.1264220188201714,0.0952163465172077,0.16375178324210293
7,bnci004,MMP_merge_then_adapt,TS,svm_radial,pt,22,1,1,25695,0.05,no_leakage_v1_alpha005,gate_all_sources_proxy_source_only_final_training_only,mmd,,,,,merge_then_adapt,coral,near_nearest_proxy,final,3.0,4,4test,train,False,0.20091991695823108,1.0,direct,0.1264220188201714,0.0952163465172077,0.16375178324210293
7,bnci004,MMP_merge_then_adapt,TS,svm_radial,pt,22,1,1,25695,0.05,no_leakage_v1_alpha005,gate_all_sources_proxy_source_only_final_training_only,mmd,,,,,merge_then_adapt,coral,near_nearest_proxy,main,,1,1train,target,False,,,,,,
7,bnci004,MMP_merge_then_adapt,TS,svm_radial,pt,22,1,1,25695,0.05,no_leakage_v1_alpha005,gate_all_sources_proxy_source_only_final_training_only,mmd,,,,,merge_then_adapt,coral,near_nearest_proxy,final,,1,1train,target,False,,,,,,
7,bnci004,MMP_merge_then_adapt,TS,svm_radial,pt,22,2,2,25726,0.05,no_leakage_v1_alpha005,gate_all_sources_proxy_source_only_final_training_only,mmd,,,,,merge_then_adapt,coral,near_nearest_proxy,main,0.0,0,0train,near,False,0.42655390740946214,2.0,direct,0.06939579801472683,0.055944934940986964,0.08644865077760436
7,bnci004,MMP_merge_then_adapt,TS,svm_radial,pt,22,2,2,25726,0.05,no_leakage_v1_alpha005,gate_all_sources_proxy_source_only_final_training_only,mmd,,,,,merge_then_adapt,coral,near_nearest_proxy,anchor,0.0,0,0train,proxy_source,False,1.0,2.0,direct,0.06939579801472683,0.055944934940986964,0.08644865077760436
7,bnci004,MMP_merge_then_adapt,TS,svm_radial,pt,22,2,2,25726,0.05,no_leakage_v1_alpha005,gate_all_sources_proxy_source_only_final_training_only,mmd,,,,,merge_then_adapt,coral,near_nearest_proxy,final,0.0,0,0train,train,False,0.42655390740946214,2.0,direct,0.06939579801472683,0.055944934940986964,0.08644865077760436
7,bnci004,MMP_merge_then_adapt,TS,svm_radial,pt,22,2,2,25726,0.05,no_leakage_v1_alpha005,gate_all_sources_proxy_source_only_final_training_only,mmd,,,,,merge_then_adapt,coral,near_nearest_proxy,main,1.0,1,1train,far,False,,2.0,direct,0.08330952366272135,0.06795738676577347,0.10451235446436007
7,bnci004,MMP_merge_then_adapt,TS,svm_radial,pt,22,2,2,25726,0.05,no_leakage_v1_alpha005,gate_all_sources_proxy_source_only_final_training_only,mmd,,,,,merge_then_adapt,coral,near_nearest_proxy,anchor,1.0,1,1train,not_used,False,,2.0,direct,0.08330952366272135,0.06795738676577347,0.10451235446436007
7,bnci004,MMP_merge_then_adapt,TS,svm_radial,pt,22,2,2,25726,0.05,no_leakage_v1_alpha005,gate_all_sources_proxy_source_only_final_training_only,mmd,,,,,merge_then_adapt,coral,near_nearest_proxy,final,1.0,1,1train,not_used,False,,2.0,direct,0.08330952366272135,0.06795738676577347,0.10451235446436007
7,bnci004,MMP_merge_then_adapt,TS,svm_radial,pt,22,2,2,25726,0.05,no_leakage_v1_alpha005,gate_all_sources_proxy_source_only_final_training_only,mmd,,,,,merge_then_adapt,coral,near_nearest_proxy,main,2.0,3,3test,nearest,True,0.5734460925905378,2.0,direct,0.05161932793904397,0.0390007802366264,0.06683590721644309
7,bnci004,MMP_merge_then_adapt,TS,svm_radial,pt,22,2,2,25726,0.05,no_leakage_v1_alpha005,gate_all_sources_proxy_source_only_final_training_only,mmd,,,,,merge_then_adapt,coral,near_nearest_proxy,anchor,2.0,3,3test,target,False,,2.0,direct,0.05161932793904397,0.0390007802366264,0.06683590721644309
7,bnci004,MMP_merge_then_adapt,TS,svm_radial,pt,22,2,2,25726,0.05,no_leakage_v1_alpha005,gate_all_sources_proxy_source_only_final_training_only,mmd,,,,,merge_then_adapt,coral,near_nearest_proxy,final,2.0,3,3test,train,True,0.5734460925905378,2.0,direct,0.05161932793904397,0.0390007802366264,0.06683590721644309
7,bnci004,MMP_merge_then_adapt,TS,svm_radial,pt,22,2,2,25726,0.05,no_leakage_v1_alpha005,gate_all_sources_proxy_source_only_final_training_only,mmd,,,,,merge_then_adapt,coral,near_nearest_proxy,main,3.0,4,4test,far,False,,2.0,direct,0.08249972251476052,0.06724961130064402,0.10253448435983305
7,bnci004,MMP_merge_then_adapt,TS,svm_radial,pt,22,2,2,25726,0.05,no_leakage_v1_alpha005,gate_all_sources_proxy_source_only_final_training_only,mmd,,,,,merge_then_adapt,coral,near_nearest_proxy,anchor,3.0,4,4test,not_used,False,,2.0,direct,0.08249972251476052,0.06724961130064402,0.10253448435983305
7,bnci004,MMP_merge_then_adapt,TS,svm_radial,pt,22,2,2,25726,0.05,no_leakage_v1_alpha005,gate_all_sources_proxy_source_only_final_training_only,mmd,,,,,merge_then_adapt,coral,near_nearest_proxy,final,3.0,4,4test,not_used,False,,2.0,direct,0.08249972251476052,0.06724961130064402,0.10253448435983305
7,bnci004,MMP_merge_then_adapt,TS,svm_radial,pt,22,2,2,25726,0.05,no_leakage_v1_alpha005,gate_all_sources_proxy_source_only_final_training_only,mmd,,,,,merge_then_adapt,coral,near_nearest_proxy,main,,2,2train,target,False,,,,,,
7,bnci004,MMP_merge_then_adapt,TS,svm_radial,pt,22,2,2,25726,0.05,no_leakage_v1_alpha005,gate_all_sources_proxy_source_only_final_training_only,mmd,,,,,merge_then_adapt,coral,near_nearest_proxy,final,,2,2train,target,False,,,,,,
7,bnci004,MMP_merge_then_adapt,TS,svm_radial,pt,22,3,3,25757,0.05,no_leakage_v1_alpha005,gate_all_sources_proxy_source_only_final_training_only,mmd,,,,,merge_then_adapt,coral,near_nearest_proxy,main,0.0,0,0train,near,False,0.3010792670215818,3.0,direct,0.05787759568024115,0.043295973259664076,0.07708469015721049
7,bnci004,MMP_merge_then_adapt,TS,svm_radial,pt,22,3,3,25757,0.05,no_leakage_v1_alpha005,gate_all_sources_proxy_source_only_final_training_only,mmd,,,,,merge_then_adapt,coral,near_nearest_proxy,anchor,0.0,0,0train,proxy_source,False,0.5064697351523451,3.0,direct,0.05787759568024115,0.043295973259664076,0.07708469015721049
7,bnci004,MMP_merge_then_adapt,TS,svm_radial,pt,22,3,3,25757,0.05,no_leakage_v1_alpha005,gate_all_sources_proxy_source_only_final_training_only,mmd,,,,,merge_then_adapt,coral,near_nearest_proxy,final,0.0,0,0train,train,False,0.3010792670215818,3.0,direct,0.05787759568024115,0.043295973259664076,0.07708469015721049
7,bnci004,MMP_merge_then_adapt,TS,svm_radial,pt,22,3,3,25757,0.05,no_leakage_v1_alpha005,gate_all_sources_proxy_source_only_final_training_only,mmd,,,,,merge_then_adapt,coral,near_nearest_proxy,main,1.0,1,1train,near,False,0.2933871860055034,3.0,direct,0.059395067704601845,0.041635442978471965,0.07787042370287936
7,bnci004,MMP_merge_then_adapt,TS,svm_radial,pt,22,3,3,25757,0.05,no_leakage_v1_alpha005,gate_all_sources_proxy_source_only_final_training_only,mmd,,,,,merge_then_adapt,coral,near_nearest_proxy,anchor,1.0,1,1train,proxy_source,False,0.493530264847655,3.0,direct,0.059395067704601845,0.041635442978471965,0.07787042370287936
7,bnci004,MMP_merge_then_adapt,TS,svm_radial,pt,22,3,3,25757,0.05,no_leakage_v1_alpha005,gate_all_sources_proxy_source_only_final_training_only,mmd,,,,,merge_then_adapt,coral,near_nearest_proxy,final,1.0,1,1train,train,False,0.2933871860055034,3.0,direct,0.059395067704601845,0.041635442978471965,0.07787042370287936
7,bnci004,MMP_merge_then_adapt,TS,svm_radial,pt,22,3,3,25757,0.05,no_leakage_v1_alpha005,gate_all_sources_proxy_source_only_final_training_only,mmd,,,,,merge_then_adapt,coral,near_nearest_proxy,main,2.0,2,2train,nearest,True,0.40553354697291477,3.0,direct,0.04296966246114866,0.02949403741674811,0.06095197985967293
7,bnci004,MMP_merge_then_adapt,TS,svm_radial,pt,22,3,3,25757,0.05,no_leakage_v1_alpha005,gate_all_sources_proxy_source_only_final_training_only,mmd,,,,,merge_then_adapt,coral,near_nearest_proxy,anchor,2.0,2,2train,target,False,,3.0,direct,0.04296966246114866,0.02949403741674811,0.06095197985967293
7,bnci004,MMP_merge_then_adapt,TS,svm_radial,pt,22,3,3,25757,0.05,no_leakage_v1_alpha005,gate_all_sources_proxy_source_only_final_training_only,mmd,,,,,merge_then_adapt,coral,near_nearest_proxy,final,2.0,2,2train,train,True,0.40553354697291477,3.0,direct,0.04296966246114866,0.02949403741674811,0.06095197985967293
7,bnci004,MMP_merge_then_adapt,TS,svm_radial,pt,22,3,3,25757,0.05,no_leakage_v1_alpha005,gate_all_sources_proxy_source_only_final_training_only,mmd,,,,,merge_then_adapt,coral,near_nearest_proxy,main,3.0,4,4test,far,False,,3.0,direct,0.0929417480415957,0.07213714984842251,0.12030368070138249
7,bnci004,MMP_merge_then_adapt,TS,svm_radial,pt,22,3,3,25757,0.05,no_leakage_v1_alpha005,gate_all_sources_proxy_source_only_final_training_only,mmd,,,,,merge_then_adapt,coral,near_nearest_proxy,anchor,3.0,4,4test,not_used,False,,3.0,direct,0.0929417480415957,0.07213714984842251,0.12030368070138249
7,bnci004,MMP_merge_then_adapt,TS,svm_radial,pt,22,3,3,25757,0.05,no_leakage_v1_alpha005,gate_all_sources_proxy_source_only_final_training_only,mmd,,,,,merge_then_adapt,coral,near_nearest_proxy,final,3.0,4,4test,not_used,False,,3.0,direct,0.0929417480415957,0.07213714984842251,0.12030368070138249
7,bnci004,MMP_merge_then_adapt,TS,svm_radial,pt,22,3,3,25757,0.05,no_leakage_v1_alpha005,gate_all_sources_proxy_source_only_final_training_only,mmd,,,,,merge_then_adapt,coral,near_nearest_proxy,main,,3,3test,target,False,,,,,,
7,bnci004,MMP_merge_then_adapt,TS,svm_radial,pt,22,3,3,25757,0.05,no_leakage_v1_alpha005,gate_all_sources_proxy_source_only_final_training_only,mmd,,,,,merge_then_adapt,coral,near_nearest_proxy,final,,3,3test,target,False,,,,,,
7,bnci004,MMP_merge_then_adapt,TS,svm_radial,pt,22,4,4,25788,0.05,no_leakage_v1_alpha005,gate_all_sources_proxy_source_only_final_training_only,mmd,,,,,merge_then_adapt,coral,near_nearest_proxy,main,0.0,0,0train,nearest,True,0.6559553164000376,4.0,direct,0.05150355753218655,0.032896804868555604,0.07437989614846571
7,bnci004,MMP_merge_then_adapt,TS,svm_radial,pt,22,4,4,25788,0.05,no_leakage_v1_alpha005,gate_all_sources_proxy_source_only_final_training_only,mmd,,,,,merge_then_adapt,coral,near_nearest_proxy,anchor,0.0,0,0train,target,False,,4.0,direct,0.05150355753218655,0.032896804868555604,0.07437989614846571
7,bnci004,MMP_merge_then_adapt,TS,svm_radial,pt,22,4,4,25788,0.05,no_leakage_v1_alpha005,gate_all_sources_proxy_source_only_final_training_only,mmd,,,,,merge_then_adapt,coral,near_nearest_proxy,final,0.0,0,0train,train,True,0.6559553164000376,4.0,direct,0.05150355753218655,0.032896804868555604,0.07437989614846571
7,bnci004,MMP_merge_then_adapt,TS,svm_radial,pt,22,4,4,25788,0.05,no_leakage_v1_alpha005,gate_all_sources_proxy_source_only_final_training_only,mmd,,,,,merge_then_adapt,coral,near_nearest_proxy,main,1.0,1,1train,far,False,,4.0,direct,0.13693211303063801,0.10878250734739255,0.1703410889337064
7,bnci004,MMP_merge_then_adapt,TS,svm_radial,pt,22,4,4,25788,0.05,no_leakage_v1_alpha005,gate_all_sources_proxy_source_only_final_training_only,mmd,,,,,merge_then_adapt,coral,near_nearest_proxy,anchor,1.0,1,1train,not_used,False,,4.0,direct,0.13693211303063801,0.10878250734739255,0.1703410889337064
7,bnci004,MMP_merge_then_adapt,TS,svm_radial,pt,22,4,4,25788,0.05,no_leakage_v1_alpha005,gate_all_sources_proxy_source_only_final_training_only,mmd,,,,,merge_then_adapt,coral,near_nearest_proxy,final,1.0,1,1train,not_used,False,,4.0,direct,0.13693211303063801,0.10878250734739255,0.1703410889337064
7,bnci004,MMP_merge_then_adapt,TS,svm_radial,pt,22,4,4,25788,0.05,no_leakage_v1_alpha005,gate_all_sources_proxy_source_only_final_training_only,mmd,,,,,merge_then_adapt,coral,near_nearest_proxy,main,2.0,2,2train,far,False,,4.0,direct,0.15973710302747335,0.12171006792740485,0.19581899078678747
7,bnci004,MMP_merge_then_adapt,TS,svm_radial,pt,22,4,4,25788,0.05,no_leakage_v1_alpha005,gate_all_sources_proxy_source_only_final_training_only,mmd,,,,,merge_then_adapt,coral,near_nearest_proxy,anchor,2.0,2,2train,not_used,False,,4.0,direct,0.15973710302747335,0.12171006792740485,0.19581899078678747
7,bnci004,MMP_merge_then_adapt,TS,svm_radial,pt,22,4,4,25788,0.05,no_leakage_v1_alpha005,gate_all_sources_proxy_source_only_final_training_only,mmd,,,,,merge_then_adapt,coral,near_nearest_proxy,final,2.0,2,2train,not_used,False,,4.0,direct,0.15973710302747335,0.12171006792740485,0.19581899078678747
7,bnci004,MMP_merge_then_adapt,TS,svm_radial,pt,22,4,4,25788,0.05,no_leakage_v1_alpha005,gate_all_sources_proxy_source_only_final_training_only,mmd,,,,,merge_then_adapt,coral,near_nearest_proxy,main,3.0,3,3test,near,False,0.34404468359996243,4.0,direct,0.09819754787046346,0.06926284585976361,0.1322299392009018
7,bnci004,MMP_merge_then_adapt,TS,svm_radial,pt,22,4,4,25788,0.05,no_leakage_v1_alpha005,gate_all_sources_proxy_source_only_final_training_only,mmd,,,,,merge_then_adapt,coral,near_nearest_proxy,anchor,3.0,3,3test,proxy_source,False,1.0,4.0,direct,0.09819754787046346,0.06926284585976361,0.1322299392009018
7,bnci004,MMP_merge_then_adapt,TS,svm_radial,pt,22,4,4,25788,0.05,no_leakage_v1_alpha005,gate_all_sources_proxy_source_only_final_training_only,mmd,,,,,merge_then_adapt,coral,near_nearest_proxy,final,3.0,3,3test,train,False,0.34404468359996243,4.0,direct,0.09819754787046346,0.06926284585976361,0.1322299392009018
7,bnci004,MMP_merge_then_adapt,TS,svm_radial,pt,22,4,4,25788,0.05,no_leakage_v1_alpha005,gate_all_sources_proxy_source_only_final_training_only,mmd,,,,,merge_then_adapt,coral,near_nearest_proxy,main,,4,4test,target,False,,,,,,
7,bnci004,MMP_merge_then_adapt,TS,svm_radial,pt,22,4,4,25788,0.05,no_leakage_v1_alpha005,gate_all_sources_proxy_source_only_final_training_only,mmd,,,,,merge_then_adapt,coral,near_nearest_proxy,final,,4,4test,target,False,,,,,,
7,bnci004,MMP_merge_then_adapt,TS,svm_radial,coral,23,0,0,26661,0.05,no_leakage_v1_alpha005,gate_all_sources_proxy_source_only_final_training_only,mmd,,,,,merge_then_adapt,coral,near_nearest_proxy,main,0.0,1,1train,near,False,0.2028113831091851,0.0,direct,0.0805653186843125,0.057641997700150514,0.10461228029419206
7,bnci004,MMP_merge_then_adapt,TS,svm_radial,coral,23,0,0,26661,0.05,no_leakage_v1_alpha005,gate_all_sources_proxy_source_only_final_training_only,mmd,,,,,merge_then_adapt,coral,near_nearest_proxy,anchor,0.0,1,1train,proxy_source,False,0.2990160717242187,0.0,direct,0.0805653186843125,0.057641997700150514,0.10461228029419206
7,bnci004,MMP_merge_then_adapt,TS,svm_radial,coral,23,0,0,26661,0.05,no_leakage_v1_alpha005,gate_all_sources_proxy_source_only_final_training_only,mmd,,,,,merge_then_adapt,coral,near_nearest_proxy,final,0.0,1,1train,train,False,0.2028113831091851,0.0,direct,0.0805653186843125,0.057641997700150514,0.10461228029419206
7,bnci004,MMP_merge_then_adapt,TS,svm_radial,coral,23,0,0,26661,0.05,no_leakage_v1_alpha005,gate_all_sources_proxy_source_only_final_training_only,mmd,,,,,merge_then_adapt,coral,near_nearest_proxy,main,1.0,2,2train,near,False,0.16936181272098905,0.0,direct,0.09647745793490263,0.07324217032856371,0.1281969156098451
7,bnci004,MMP_merge_then_adapt,TS,svm_radial,coral,23,0,0,26661,0.05,no_leakage_v1_alpha005,gate_all_sources_proxy_source_only_final_training_only,mmd,,,,,merge_then_adapt,coral,near_nearest_proxy,anchor,1.0,2,2train,proxy_source,False,0.24969951470948495,0.0,direct,0.09647745793490263,0.07324217032856371,0.1281969156098451
7,bnci004,MMP_merge_then_adapt,TS,svm_radial,coral,23,0,0,26661,0.05,no_leakage_v1_alpha005,gate_all_sources_proxy_source_only_final_training_only,mmd,,,,,merge_then_adapt,coral,near_nearest_proxy,final,1.0,2,2train,train,False,0.16936181272098905,0.0,direct,0.09647745793490263,0.07324217032856371,0.1281969156098451
7,bnci004,MMP_merge_then_adapt,TS,svm_radial,coral,23,0,0,26661,0.05,no_leakage_v1_alpha005,gate_all_sources_proxy_source_only_final_training_only,mmd,,,,,merge_then_adapt,coral,near_nearest_proxy,main,2.0,3,3test,near,False,0.30608928665015644,0.0,direct,0.05338135357141485,0.03821651145900322,0.07212157808655749
7,bnci004,MMP_merge_then_adapt,TS,svm_radial,coral,23,0,0,26661,0.05,no_leakage_v1_alpha005,gate_all_sources_proxy_source_only_final_training_only,mmd,,,,,merge_then_adapt,coral,near_nearest_proxy,anchor,2.0,3,3test,proxy_source,False,0.4512844135662965,0.0,direct,0.05338135357141485,0.03821651145900322,0.07212157808655749
7,bnci004,MMP_merge_then_adapt,TS,svm_radial,coral,23,0,0,26661,0.05,no_leakage_v1_alpha005,gate_all_sources_proxy_source_only_final_training_only,mmd,,,,,merge_then_adapt,coral,near_nearest_proxy,final,2.0,3,3test,train,False,0.30608928665015644,0.0,direct,0.05338135357141485,0.03821651145900322,0.07212157808655749
7,bnci004,MMP_merge_then_adapt,TS,svm_radial,coral,23,0,0,26661,0.05,no_leakage_v1_alpha005,gate_all_sources_proxy_source_only_final_training_only,mmd,,,,,merge_then_adapt,coral,near_nearest_proxy,main,3.0,4,4test,nearest,True,0.32173751751966945,0.0,direct,0.050785015415133763,0.03396566641890448,0.0764012405696431
7,bnci004,MMP_merge_then_adapt,TS,svm_radial,coral,23,0,0,26661,0.05,no_leakage_v1_alpha005,gate_all_sources_proxy_source_only_final_training_only,mmd,,,,,merge_then_adapt,coral,near_nearest_proxy,anchor,3.0,4,4test,target,False,,0.0,direct,0.050785015415133763,0.03396566641890448,0.0764012405696431
7,bnci004,MMP_merge_then_adapt,TS,svm_radial,coral,23,0,0,26661,0.05,no_leakage_v1_alpha005,gate_all_sources_proxy_source_only_final_training_only,mmd,,,,,merge_then_adapt,coral,near_nearest_proxy,final,3.0,4,4test,train,True,0.32173751751966945,0.0,direct,0.050785015415133763,0.03396566641890448,0.0764012405696431
7,bnci004,MMP_merge_then_adapt,TS,svm_radial,coral,23,0,0,26661,0.05,no_leakage_v1_alpha005,gate_all_sources_proxy_source_only_final_training_only,mmd,,,,,merge_then_adapt,coral,near_nearest_proxy,main,,0,0train,target,False,,,,,,
7,bnci004,MMP_merge_then_adapt,TS,svm_radial,coral,23,0,0,26661,0.05,no_leakage_v1_alpha005,gate_all_sources_proxy_source_only_final_training_only,mmd,,,,,merge_then_adapt,coral,near_nearest_proxy,final,,0,0train,target,False,,,,,,
7,bnci004,MMP_merge_then_adapt,TS,svm_radial,coral,23,1,1,26692,0.05,no_leakage_v1_alpha005,gate_all_sources_proxy_source_only_final_training_only,mmd,,,,,merge_then_adapt,coral,near_nearest_proxy,main,0.0,0,0train,near,False,0.2796621468973716,1.0,direct,0.09040201949310855,0.06846555509405328,0.1166650084722022
7,bnci004,MMP_merge_then_adapt,TS,svm_radial,coral,23,1,1,26692,0.05,no_leakage_v1_alpha005,gate_all_sources_proxy_source_only_final_training_only,mmd,,,,,merge_then_adapt,coral,near_nearest_proxy,anchor,0.0,0,0train,proxy_source,False,0.3998024171848846,1.0,direct,0.09040201949310855,0.06846555509405328,0.1166650084722022
7,bnci004,MMP_merge_then_adapt,TS,svm_radial,coral,23,1,1,26692,0.05,no_leakage_v1_alpha005,gate_all_sources_proxy_source_only_final_training_only,mmd,,,,,merge_then_adapt,coral,near_nearest_proxy,final,0.0,0,0train,train,False,0.2796621468973716,1.0,direct,0.09040201949310855,0.06846555509405328,0.1166650084722022
7,bnci004,MMP_merge_then_adapt,TS,svm_radial,coral,23,1,1,26692,0.05,no_leakage_v1_alpha005,gate_all_sources_proxy_source_only_final_training_only,mmd,,,,,merge_then_adapt,coral,near_nearest_proxy,main,1.0,2,2train,near,False,0.223849783073654,1.0,direct,0.11294216291175033,0.08859762639797923,0.14906495559023708
7,bnci004,MMP_merge_then_adapt,TS,svm_radial,coral,23,1,1,26692,0.05,no_leakage_v1_alpha005,gate_all_sources_proxy_source_only_final_training_only,mmd,,,,,merge_then_adapt,coral,near_nearest_proxy,anchor,1.0,2,2train,proxy_source,False,0.3200135783553196,1.0,direct,0.11294216291175033,0.08859762639797923,0.14906495559023708
7,bnci004,MMP_merge_then_adapt,TS,svm_radial,coral,23,1,1,26692,0.05,no_leakage_v1_alpha005,gate_all_sources_proxy_source_only_final_training_only,mmd,,,,,merge_then_adapt,coral,near_nearest_proxy,final,1.0,2,2train,train,False,0.223849783073654,1.0,direct,0.11294216291175033,0.08859762639797923,0.14906495559023708
7,bnci004,MMP_merge_then_adapt,TS,svm_radial,coral,23,1,1,26692,0.05,no_leakage_v1_alpha005,gate_all_sources_proxy_source_only_final_training_only,mmd,,,,,merge_then_adapt,coral,near_nearest_proxy,main,2.0,3,3test,nearest,True,0.3004991093687043,1.0,direct,0.0841333675545706,0.06077264904461137,0.11273051415818969
7,bnci004,MMP_merge_then_adapt,TS,svm_radial,coral,23,1,1,26692,0.05,no_leakage_v1_alpha005,gate_all_sources_proxy_source_only_final_training_only,mmd,,,,,merge_then_adapt,coral,near_nearest_proxy,anchor,2.0,3,3test,target,False,,1.0,direct,0.0841333675545706,0.06077264904461137,0.11273051415818969
7,bnci004,MMP_merge_then_adapt,TS,svm_radial,coral,23,1,1,26692,0.05,no_leakage_v1_alpha005,gate_all_sources_proxy_source_only_final_training_only,mmd,,,,,merge_then_adapt,coral,near_nearest_proxy,final,2.0,3,3test,train,True,0.3004991093687043,1.0,direct,0.0841333675545706,0.06077264904461137,0.11273051415818969
7,bnci004,MMP_merge_then_adapt,TS,svm_radial,coral,23,1,1,26692,0.05,no_leakage_v1_alpha005,gate_all_sources_proxy_source_only_final_training_only,mmd,,,,,merge_then_adapt,coral,near_nearest_proxy,main,3.0,4,4test,near,False,0.19598896066027008,1.0,direct,0.1289976049840448,0.10075030255492343,0.16090792431888878
7,bnci004,MMP_merge_then_adapt,TS,svm_radial,coral,23,1,1,26692,0.05,no_leakage_v1_alpha005,gate_all_sources_proxy_source_only_final_training_only,mmd,,,,,merge_then_adapt,coral,near_nearest_proxy,anchor,3.0,4,4test,proxy_source,False,0.28018400445979574,1.0,direct,0.1289976049840448,0.10075030255492343,0.16090792431888878
7,bnci004,MMP_merge_then_adapt,TS,svm_radial,coral,23,1,1,26692,0.05,no_leakage_v1_alpha005,gate_all_sources_proxy_source_only_final_training_only,mmd,,,,,merge_then_adapt,coral,near_nearest_proxy,final,3.0,4,4test,train,False,0.19598896066027008,1.0,direct,0.1289976049840448,0.10075030255492343,0.16090792431888878
7,bnci004,MMP_merge_then_adapt,TS,svm_radial,coral,23,1,1,26692,0.05,no_leakage_v1_alpha005,gate_all_sources_proxy_source_only_final_training_only,mmd,,,,,merge_then_adapt,coral,near_nearest_proxy,main,,1,1train,target,False,,,,,,
7,bnci004,MMP_merge_then_adapt,TS,svm_radial,coral,23,1,1,26692,0.05,no_leakage_v1_alpha005,gate_all_sources_proxy_source_only_final_training_only,mmd,,,,,merge_then_adapt,coral,near_nearest_proxy,final,,1,1train,target,False,,,,,,
7,bnci004,MMP_merge_then_adapt,TS,svm_radial,coral,23,2,2,26723,0.05,no_leakage_v1_alpha005,gate_all_sources_proxy_source_only_final_training_only,mmd,,,,,merge_then_adapt,coral,near_nearest_proxy,main,0.0,0,0train,near,False,0.4271744133043235,2.0,direct,0.06827789176972919,0.053520153917063135,0.0806709924150637
7,bnci004,MMP_merge_then_adapt,TS,svm_radial,coral,23,2,2,26723,0.05,no_leakage_v1_alpha005,gate_all_sources_proxy_source_only_final_training_only,mmd,,,,,merge_then_adapt,coral,near_nearest_proxy,anchor,0.0,0,0train,proxy_source,False,1.0,2.0,direct,0.06827789176972919,0.053520153917063135,0.0806709924150637
7,bnci004,MMP_merge_then_adapt,TS,svm_radial,coral,23,2,2,26723,0.05,no_leakage_v1_alpha005,gate_all_sources_proxy_source_only_final_training_only,mmd,,,,,merge_then_adapt,coral,near_nearest_proxy,final,0.0,0,0train,train,False,0.4271744133043235,2.0,direct,0.06827789176972919,0.053520153917063135,0.0806709924150637
7,bnci004,MMP_merge_then_adapt,TS,svm_radial,coral,23,2,2,26723,0.05,no_leakage_v1_alpha005,gate_all_sources_proxy_source_only_final_training_only,mmd,,,,,merge_then_adapt,coral,near_nearest_proxy,main,1.0,1,1train,far,False,,2.0,direct,0.08240376098426325,0.06564954770727377,0.10169397589439934
7,bnci004,MMP_merge_then_adapt,TS,svm_radial,coral,23,2,2,26723,0.05,no_leakage_v1_alpha005,gate_all_sources_proxy_source_only_final_training_only,mmd,,,,,merge_then_adapt,coral,near_nearest_proxy,anchor,1.0,1,1train,not_used,False,,2.0,direct,0.08240376098426325,0.06564954770727377,0.10169397589439934
7,bnci004,MMP_merge_then_adapt,TS,svm_radial,coral,23,2,2,26723,0.05,no_leakage_v1_alpha005,gate_all_sources_proxy_source_only_final_training_only,mmd,,,,,merge_then_adapt,coral,near_nearest_proxy,final,1.0,1,1train,not_used,False,,2.0,direct,0.08240376098426325,0.06564954770727377,0.10169397589439934
7,bnci004,MMP_merge_then_adapt,TS,svm_radial,coral,23,2,2,26723,0.05,no_leakage_v1_alpha005,gate_all_sources_proxy_source_only_final_training_only,mmd,,,,,merge_then_adapt,coral,near_nearest_proxy,main,2.0,3,3test,nearest,True,0.5728255866956765,2.0,direct,0.0509167596291608,0.03850410883637045,0.0643419754083316
7,bnci004,MMP_merge_then_adapt,TS,svm_radial,coral,23,2,2,26723,0.05,no_leakage_v1_alpha005,gate_all_sources_proxy_source_only_final_training_only,mmd,,,,,merge_then_adapt,coral,near_nearest_proxy,anchor,2.0,3,3test,target,False,,2.0,direct,0.0509167596291608,0.03850410883637045,0.0643419754083316
7,bnci004,MMP_merge_then_adapt,TS,svm_radial,coral,23,2,2,26723,0.05,no_leakage_v1_alpha005,gate_all_sources_proxy_source_only_final_training_only,mmd,,,,,merge_then_adapt,coral,near_nearest_proxy,final,2.0,3,3test,train,True,0.5728255866956765,2.0,direct,0.0509167596291608,0.03850410883637045,0.0643419754083316
7,bnci004,MMP_merge_then_adapt,TS,svm_radial,coral,23,2,2,26723,0.05,no_leakage_v1_alpha005,gate_all_sources_proxy_source_only_final_training_only,mmd,,,,,merge_then_adapt,coral,near_nearest_proxy,main,3.0,4,4test,far,False,,2.0,direct,0.08263924655360713,0.06608861758730303,0.10040179493276895
7,bnci004,MMP_merge_then_adapt,TS,svm_radial,coral,23,2,2,26723,0.05,no_leakage_v1_alpha005,gate_all_sources_proxy_source_only_final_training_only,mmd,,,,,merge_then_adapt,coral,near_nearest_proxy,anchor,3.0,4,4test,not_used,False,,2.0,direct,0.08263924655360713,0.06608861758730303,0.10040179493276895
7,bnci004,MMP_merge_then_adapt,TS,svm_radial,coral,23,2,2,26723,0.05,no_leakage_v1_alpha005,gate_all_sources_proxy_source_only_final_training_only,mmd,,,,,merge_then_adapt,coral,near_nearest_proxy,final,3.0,4,4test,not_used,False,,2.0,direct,0.08263924655360713,0.06608861758730303,0.10040179493276895
7,bnci004,MMP_merge_then_adapt,TS,svm_radial,coral,23,2,2,26723,0.05,no_leakage_v1_alpha005,gate_all_sources_proxy_source_only_final_training_only,mmd,,,,,merge_then_adapt,coral,near_nearest_proxy,main,,2,2train,target,False,,,,,,
7,bnci004,MMP_merge_then_adapt,TS,svm_radial,coral,23,2,2,26723,0.05,no_leakage_v1_alpha005,gate_all_sources_proxy_source_only_final_training_only,mmd,,,,,merge_then_adapt,coral,near_nearest_proxy,final,,2,2train,target,False,,,,,,
7,bnci004,MMP_merge_then_adapt,TS,svm_radial,coral,23,3,3,26754,0.05,no_leakage_v1_alpha005,gate_all_sources_proxy_source_only_final_training_only,mmd,,,,,merge_then_adapt,coral,near_nearest_proxy,main,0.0,0,0train,near,False,0.3002936724621468,3.0,direct,0.05874576534752848,0.04447727954997105,0.07782433041178603
7,bnci004,MMP_merge_then_adapt,TS,svm_radial,coral,23,3,3,26754,0.05,no_leakage_v1_alpha005,gate_all_sources_proxy_source_only_final_training_only,mmd,,,,,merge_then_adapt,coral,near_nearest_proxy,anchor,0.0,0,0train,proxy_source,False,0.5060234528848246,3.0,direct,0.05874576534752848,0.04447727954997105,0.07782433041178603
7,bnci004,MMP_merge_then_adapt,TS,svm_radial,coral,23,3,3,26754,0.05,no_leakage_v1_alpha005,gate_all_sources_proxy_source_only_final_training_only,mmd,,,,,merge_then_adapt,coral,near_nearest_proxy,final,0.0,0,0train,train,False,0.3002936724621468,3.0,direct,0.05874576534752848,0.04447727954997105,0.07782433041178603
7,bnci004,MMP_merge_then_adapt,TS,svm_radial,coral,23,3,3,26754,0.05,no_leakage_v1_alpha005,gate_all_sources_proxy_source_only_final_training_only,mmd,,,,,merge_then_adapt,coral,near_nearest_proxy,main,1.0,1,1train,near,False,0.2931445777813577,3.0,direct,0.06017845835804981,0.04159801796304926,0.08152048500444317
7,bnci004,MMP_merge_then_adapt,TS,svm_radial,coral,23,3,3,26754,0.05,no_leakage_v1_alpha005,gate_all_sources_proxy_source_only_final_training_only,mmd,,,,,merge_then_adapt,coral,near_nearest_proxy,anchor,1.0,1,1train,proxy_source,False,0.49397654711517536,3.0,direct,0.06017845835804981,0.04159801796304926,0.08152048500444317
7,bnci004,MMP_merge_then_adapt,TS,svm_radial,coral,23,3,3,26754,0.05,no_leakage_v1_alpha005,gate_all_sources_proxy_source_only_final_training_only,mmd,,,,,merge_then_adapt,coral,near_nearest_proxy,final,1.0,1,1train,train,False,0.2931445777813577,3.0,direct,0.06017845835804981,0.04159801796304926,0.08152048500444317
7,bnci004,MMP_merge_then_adapt,TS,svm_radial,coral,23,3,3,26754,0.05,no_leakage_v1_alpha005,gate_all_sources_proxy_source_only_final_training_only,mmd,,,,,merge_then_adapt,coral,near_nearest_proxy,main,2.0,2,2train,nearest,True,0.40656174975649567,3.0,direct,0.04339039607217675,0.027728542370836093,0.06350275153954334
7,bnci004,MMP_merge_then_adapt,TS,svm_radial,coral,23,3,3,26754,0.05,no_leakage_v1_alpha005,gate_all_sources_proxy_source_only_final_training_only,mmd,,,,,merge_then_adapt,coral,near_nearest_proxy,anchor,2.0,2,2train,target,False,,3.0,direct,0.04339039607217675,0.027728542370836093,0.06350275153954334
7,bnci004,MMP_merge_then_adapt,TS,svm_radial,coral,23,3,3,26754,0.05,no_leakage_v1_alpha005,gate_all_sources_proxy_source_only_final_training_only,mmd,,,,,merge_then_adapt,coral,near_nearest_proxy,final,2.0,2,2train,train,True,0.40656174975649567,3.0,direct,0.04339039607217675,0.027728542370836093,0.06350275153954334
7,bnci004,MMP_merge_then_adapt,TS,svm_radial,coral,23,3,3,26754,0.05,no_leakage_v1_alpha005,gate_all_sources_proxy_source_only_final_training_only,mmd,,,,,merge_then_adapt,coral,near_nearest_proxy,main,3.0,4,4test,far,False,,3.0,direct,0.09469536400796223,0.07076237032064499,0.12148719470073836
7,bnci004,MMP_merge_then_adapt,TS,svm_radial,coral,23,3,3,26754,0.05,no_leakage_v1_alpha005,gate_all_sources_proxy_source_only_final_training_only,mmd,,,,,merge_then_adapt,coral,near_nearest_proxy,anchor,3.0,4,4test,not_used,False,,3.0,direct,0.09469536400796223,0.07076237032064499,0.12148719470073836
7,bnci004,MMP_merge_then_adapt,TS,svm_radial,coral,23,3,3,26754,0.05,no_leakage_v1_alpha005,gate_all_sources_proxy_source_only_final_training_only,mmd,,,,,merge_then_adapt,coral,near_nearest_proxy,final,3.0,4,4test,not_used,False,,3.0,direct,0.09469536400796223,0.07076237032064499,0.12148719470073836
7,bnci004,MMP_merge_then_adapt,TS,svm_radial,coral,23,3,3,26754,0.05,no_leakage_v1_alpha005,gate_all_sources_proxy_source_only_final_training_only,mmd,,,,,merge_then_adapt,coral,near_nearest_proxy,main,,3,3test,target,False,,,,,,
7,bnci004,MMP_merge_then_adapt,TS,svm_radial,coral,23,3,3,26754,0.05,no_leakage_v1_alpha005,gate_all_sources_proxy_source_only_final_training_only,mmd,,,,,merge_then_adapt,coral,near_nearest_proxy,final,,3,3test,target,False,,,,,,
7,bnci004,MMP_merge_then_adapt,TS,svm_radial,coral,23,4,4,26785,0.05,no_leakage_v1_alpha005,gate_all_sources_proxy_source_only_final_training_only,mmd,,,,,merge_then_adapt,coral,near_nearest_proxy,main,0.0,0,0train,nearest,True,0.6487674037639258,4.0,direct,0.05252932026114017,0.034065557136093716,0.07753843668178736
7,bnci004,MMP_merge_then_adapt,TS,svm_radial,coral,23,4,4,26785,0.05,no_leakage_v1_alpha005,gate_all_sources_proxy_source_only_final_training_only,mmd,,,,,merge_then_adapt,coral,near_nearest_proxy,anchor,0.0,0,0train,target,False,,4.0,direct,0.05252932026114017,0.034065557136093716,0.07753843668178736
7,bnci004,MMP_merge_then_adapt,TS,svm_radial,coral,23,4,4,26785,0.05,no_leakage_v1_alpha005,gate_all_sources_proxy_source_only_final_training_only,mmd,,,,,merge_then_adapt,coral,near_nearest_proxy,final,0.0,0,0train,train,True,0.6487674037639258,4.0,direct,0.05252932026114017,0.034065557136093716,0.07753843668178736
7,bnci004,MMP_merge_then_adapt,TS,svm_radial,coral,23,4,4,26785,0.05,no_leakage_v1_alpha005,gate_all_sources_proxy_source_only_final_training_only,mmd,,,,,merge_then_adapt,coral,near_nearest_proxy,main,1.0,1,1train,far,False,,4.0,direct,0.1372777365045125,0.103055072955735,0.1709675001025597
7,bnci004,MMP_merge_then_adapt,TS,svm_radial,coral,23,4,4,26785,0.05,no_leakage_v1_alpha005,gate_all_sources_proxy_source_only_final_training_only,mmd,,,,,merge_then_adapt,coral,near_nearest_proxy,anchor,1.0,1,1train,not_used,False,,4.0,direct,0.1372777365045125,0.103055072955735,0.1709675001025597
7,bnci004,MMP_merge_then_adapt,TS,svm_radial,coral,23,4,4,26785,0.05,no_leakage_v1_alpha005,gate_all_sources_proxy_source_only_final_training_only,mmd,,,,,merge_then_adapt,coral,near_nearest_proxy,final,1.0,1,1train,not_used,False,,4.0,direct,0.1372777365045125,0.103055072955735,0.1709675001025597
7,bnci004,MMP_merge_then_adapt,TS,svm_radial,coral,23,4,4,26785,0.05,no_leakage_v1_alpha005,gate_all_sources_proxy_source_only_final_training_only,mmd,,,,,merge_then_adapt,coral,near_nearest_proxy,main,2.0,2,2train,far,False,,4.0,direct,0.15872640241168454,0.12451831175643628,0.19734316975837157
7,bnci004,MMP_merge_then_adapt,TS,svm_radial,coral,23,4,4,26785,0.05,no_leakage_v1_alpha005,gate_all_sources_proxy_source_only_final_training_only,mmd,,,,,merge_then_adapt,coral,near_nearest_proxy,anchor,2.0,2,2train,not_used,False,,4.0,direct,0.15872640241168454,0.12451831175643628,0.19734316975837157
7,bnci004,MMP_merge_then_adapt,TS,svm_radial,coral,23,4,4,26785,0.05,no_leakage_v1_alpha005,gate_all_sources_proxy_source_only_final_training_only,mmd,,,,,merge_then_adapt,coral,near_nearest_proxy,final,2.0,2,2train,not_used,False,,4.0,direct,0.15872640241168454,0.12451831175643628,0.19734316975837157
7,bnci004,MMP_merge_then_adapt,TS,svm_radial,coral,23,4,4,26785,0.05,no_leakage_v1_alpha005,gate_all_sources_proxy_source_only_final_training_only,mmd,,,,,merge_then_adapt,coral,near_nearest_proxy,main,3.0,3,3test,near,False,0.35123259623607406,4.0,direct,0.09702860334524673,0.07274667350735216,0.12725238513203613
7,bnci004,MMP_merge_then_adapt,TS,svm_radial,coral,23,4,4,26785,0.05,no_leakage_v1_alpha005,gate_all_sources_proxy_source_only_final_training_only,mmd,,,,,merge_then_adapt,coral,near_nearest_proxy,anchor,3.0,3,3test,proxy_source,False,1.0,4.0,direct,0.09702860334524673,0.07274667350735216,0.12725238513203613
7,bnci004,MMP_merge_then_adapt,TS,svm_radial,coral,23,4,4,26785,0.05,no_leakage_v1_alpha005,gate_all_sources_proxy_source_only_final_training_only,mmd,,,,,merge_then_adapt,coral,near_nearest_proxy,final,3.0,3,3test,train,False,0.35123259623607406,4.0,direct,0.09702860334524673,0.07274667350735216,0.12725238513203613
7,bnci004,MMP_merge_then_adapt,TS,svm_radial,coral,23,4,4,26785,0.05,no_leakage_v1_alpha005,gate_all_sources_proxy_source_only_final_training_only,mmd,,,,,merge_then_adapt,coral,near_nearest_proxy,main,,4,4test,target,False,,,,,,
7,bnci004,MMP_merge_then_adapt,TS,svm_radial,coral,23,4,4,26785,0.05,no_leakage_v1_alpha005,gate_all_sources_proxy_source_only_final_training_only,mmd,,,,,merge_then_adapt,coral,near_nearest_proxy,final,,4,4test,target,False,,,,,,
