subject,dataset,pipeline,feature,classifier,da,method_row,pair_id,target_id,seed_used,ci_alpha,code_protocol_version,feature_fit_protocol,dist_type,partition_mode,proxy_direction,borrowed_local_idx,borrowed_abs_idx,combiner,harmonize,score_mode,stage,local_idx,session_abs_idx,session_label,role,is_best,weight,dist_to_session,dist_est_method,dist_est,dist_lwr,dist_upr
2,bnci004,MMP_merge_then_adapt,CSP,lda,none,0,0,0,3575,0.05,no_leakage_v1_alpha005,gate_all_sources_proxy_source_only_final_training_only,mmd,,,,,merge_then_adapt,coral,near_nearest_proxy,main,0.0,1,1train,near,False,0.2587373911621541,0.0,direct,0.4385735060860686,0.37693696753427225,0.5019730764934658
2,bnci004,MMP_merge_then_adapt,CSP,lda,none,0,0,0,3575,0.05,no_leakage_v1_alpha005,gate_all_sources_proxy_source_only_final_training_only,mmd,,,,,merge_then_adapt,coral,near_nearest_proxy,anchor,0.0,1,1train,proxy_source,False,0.3496225103227452,0.0,direct,0.4385735060860686,0.37693696753427225,0.5019730764934658
2,bnci004,MMP_merge_then_adapt,CSP,lda,none,0,0,0,3575,0.05,no_leakage_v1_alpha005,gate_all_sources_proxy_source_only_final_training_only,mmd,,,,,merge_then_adapt,coral,near_nearest_proxy,final,0.0,1,1train,train,False,0.2587373911621541,0.0,direct,0.4385735060860686,0.37693696753427225,0.5019730764934658
2,bnci004,MMP_merge_then_adapt,CSP,lda,none,0,0,0,3575,0.05,no_leakage_v1_alpha005,gate_all_sources_proxy_source_only_final_training_only,mmd,,,,,merge_then_adapt,coral,near_nearest_proxy,main,1.0,2,2train,nearest,True,0.2599521383125268,0.0,direct,0.43652406292721435,0.4026881037641464,0.4815846377464875
2,bnci004,MMP_merge_then_adapt,CSP,lda,none,0,0,0,3575,0.05,no_leakage_v1_alpha005,gate_all_sources_proxy_source_only_final_training_only,mmd,,,,,merge_then_adapt,coral,near_nearest_proxy,anchor,1.0,2,2train,target,False,,0.0,direct,0.43652406292721435,0.4026881037641464,0.4815846377464875
2,bnci004,MMP_merge_then_adapt,CSP,lda,none,0,0,0,3575,0.05,no_leakage_v1_alpha005,gate_all_sources_proxy_source_only_final_training_only,mmd,,,,,merge_then_adapt,coral,near_nearest_proxy,final,1.0,2,2train,train,True,0.2599521383125268,0.0,direct,0.43652406292721435,0.4026881037641464,0.4815846377464875
2,bnci004,MMP_merge_then_adapt,CSP,lda,none,0,0,0,3575,0.05,no_leakage_v1_alpha005,gate_all_sources_proxy_source_only_final_training_only,mmd,,,,,merge_then_adapt,coral,near_nearest_proxy,main,2.0,3,3test,near,False,0.24873166288099074,0.0,direct,0.4562160421754215,0.4009293892865468,0.5083571793317923
2,bnci004,MMP_merge_then_adapt,CSP,lda,none,0,0,0,3575,0.05,no_leakage_v1_alpha005,gate_all_sources_proxy_source_only_final_training_only,mmd,,,,,merge_then_adapt,coral,near_nearest_proxy,anchor,2.0,3,3test,proxy_source,False,0.33610213035928166,0.0,direct,0.4562160421754215,0.4009293892865468,0.5083571793317923
2,bnci004,MMP_merge_then_adapt,CSP,lda,none,0,0,0,3575,0.05,no_leakage_v1_alpha005,gate_all_sources_proxy_source_only_final_training_only,mmd,,,,,merge_then_adapt,coral,near_nearest_proxy,final,2.0,3,3test,train,False,0.24873166288099074,0.0,direct,0.4562160421754215,0.4009293892865468,0.5083571793317923
2,bnci004,MMP_merge_then_adapt,CSP,lda,none,0,0,0,3575,0.05,no_leakage_v1_alpha005,gate_all_sources_proxy_source_only_final_training_only,mmd,,,,,merge_then_adapt,coral,near_nearest_proxy,main,3.0,4,4test,near,False,0.23257880764432828,0.0,direct,0.4879008199649237,0.4343051071296321,0.5439775188942386
2,bnci004,MMP_merge_then_adapt,CSP,lda,none,0,0,0,3575,0.05,no_leakage_v1_alpha005,gate_all_sources_proxy_source_only_final_training_only,mmd,,,,,merge_then_adapt,coral,near_nearest_proxy,anchor,3.0,4,4test,proxy_source,False,0.3142753593179731,0.0,direct,0.4879008199649237,0.4343051071296321,0.5439775188942386
2,bnci004,MMP_merge_then_adapt,CSP,lda,none,0,0,0,3575,0.05,no_leakage_v1_alpha005,gate_all_sources_proxy_source_only_final_training_only,mmd,,,,,merge_then_adapt,coral,near_nearest_proxy,final,3.0,4,4test,train,False,0.23257880764432828,0.0,direct,0.4879008199649237,0.4343051071296321,0.5439775188942386
2,bnci004,MMP_merge_then_adapt,CSP,lda,none,0,0,0,3575,0.05,no_leakage_v1_alpha005,gate_all_sources_proxy_source_only_final_training_only,mmd,,,,,merge_then_adapt,coral,near_nearest_proxy,main,,0,0train,target,False,,,,,,
2,bnci004,MMP_merge_then_adapt,CSP,lda,none,0,0,0,3575,0.05,no_leakage_v1_alpha005,gate_all_sources_proxy_source_only_final_training_only,mmd,,,,,merge_then_adapt,coral,near_nearest_proxy,final,,0,0train,target,False,,,,,,
2,bnci004,MMP_merge_then_adapt,CSP,lda,none,0,1,1,3606,0.05,no_leakage_v1_alpha005,gate_all_sources_proxy_source_only_final_training_only,mmd,,,,,merge_then_adapt,coral,near_nearest_proxy,main,0.0,0,0train,near,False,0.2204723606034185,1.0,direct,0.46033361234403763,0.3983105679484645,0.5236465893696981
2,bnci004,MMP_merge_then_adapt,CSP,lda,none,0,1,1,3606,0.05,no_leakage_v1_alpha005,gate_all_sources_proxy_source_only_final_training_only,mmd,,,,,merge_then_adapt,coral,near_nearest_proxy,anchor,0.0,0,0train,proxy_source,False,0.3056981961217442,1.0,direct,0.46033361234403763,0.3983105679484645,0.5236465893696981
2,bnci004,MMP_merge_then_adapt,CSP,lda,none,0,1,1,3606,0.05,no_leakage_v1_alpha005,gate_all_sources_proxy_source_only_final_training_only,mmd,,,,,merge_then_adapt,coral,near_nearest_proxy,final,0.0,0,0train,train,False,0.2204723606034185,1.0,direct,0.46033361234403763,0.3983105679484645,0.5236465893696981
2,bnci004,MMP_merge_then_adapt,CSP,lda,none,0,1,1,3606,0.05,no_leakage_v1_alpha005,gate_all_sources_proxy_source_only_final_training_only,mmd,,,,,merge_then_adapt,coral,near_nearest_proxy,main,1.0,2,2train,near,False,0.24212735242486585,1.0,direct,0.4191629549787877,0.3717301703302592,0.4797752199299111
2,bnci004,MMP_merge_then_adapt,CSP,lda,none,0,1,1,3606,0.05,no_leakage_v1_alpha005,gate_all_sources_proxy_source_only_final_training_only,mmd,,,,,merge_then_adapt,coral,near_nearest_proxy,anchor,1.0,2,2train,proxy_source,False,0.3357241454912224,1.0,direct,0.4191629549787877,0.3717301703302592,0.4797752199299111
2,bnci004,MMP_merge_then_adapt,CSP,lda,none,0,1,1,3606,0.05,no_leakage_v1_alpha005,gate_all_sources_proxy_source_only_final_training_only,mmd,,,,,merge_then_adapt,coral,near_nearest_proxy,final,1.0,2,2train,train,False,0.24212735242486585,1.0,direct,0.4191629549787877,0.3717301703302592,0.4797752199299111
2,bnci004,MMP_merge_then_adapt,CSP,lda,none,0,1,1,3606,0.05,no_leakage_v1_alpha005,gate_all_sources_proxy_source_only_final_training_only,mmd,,,,,merge_then_adapt,coral,near_nearest_proxy,main,2.0,3,3test,near,False,0.258609516860712,1.0,direct,0.3924480478268555,0.3237931968083943,0.4579364400603833
2,bnci004,MMP_merge_then_adapt,CSP,lda,none,0,1,1,3606,0.05,no_leakage_v1_alpha005,gate_all_sources_proxy_source_only_final_training_only,mmd,,,,,merge_then_adapt,coral,near_nearest_proxy,anchor,2.0,3,3test,proxy_source,False,0.3585776583870334,1.0,direct,0.3924480478268555,0.3237931968083943,0.4579364400603833
2,bnci004,MMP_merge_then_adapt,CSP,lda,none,0,1,1,3606,0.05,no_leakage_v1_alpha005,gate_all_sources_proxy_source_only_final_training_only,mmd,,,,,merge_then_adapt,coral,near_nearest_proxy,final,2.0,3,3test,train,False,0.258609516860712,1.0,direct,0.3924480478268555,0.3237931968083943,0.4579364400603833
2,bnci004,MMP_merge_then_adapt,CSP,lda,none,0,1,1,3606,0.05,no_leakage_v1_alpha005,gate_all_sources_proxy_source_only_final_training_only,mmd,,,,,merge_then_adapt,coral,near_nearest_proxy,main,3.0,4,4test,nearest,True,0.2787907701110037,1.0,direct,0.36403923924658516,0.31458437763453556,0.4242145113413089
2,bnci004,MMP_merge_then_adapt,CSP,lda,none,0,1,1,3606,0.05,no_leakage_v1_alpha005,gate_all_sources_proxy_source_only_final_training_only,mmd,,,,,merge_then_adapt,coral,near_nearest_proxy,anchor,3.0,4,4test,target,False,,1.0,direct,0.36403923924658516,0.31458437763453556,0.4242145113413089
2,bnci004,MMP_merge_then_adapt,CSP,lda,none,0,1,1,3606,0.05,no_leakage_v1_alpha005,gate_all_sources_proxy_source_only_final_training_only,mmd,,,,,merge_then_adapt,coral,near_nearest_proxy,final,3.0,4,4test,train,True,0.2787907701110037,1.0,direct,0.36403923924658516,0.31458437763453556,0.4242145113413089
2,bnci004,MMP_merge_then_adapt,CSP,lda,none,0,1,1,3606,0.05,no_leakage_v1_alpha005,gate_all_sources_proxy_source_only_final_training_only,mmd,,,,,merge_then_adapt,coral,near_nearest_proxy,main,,1,1train,target,False,,,,,,
2,bnci004,MMP_merge_then_adapt,CSP,lda,none,0,1,1,3606,0.05,no_leakage_v1_alpha005,gate_all_sources_proxy_source_only_final_training_only,mmd,,,,,merge_then_adapt,coral,near_nearest_proxy,final,,1,1train,target,False,,,,,,
2,bnci004,MMP_merge_then_adapt,CSP,lda,none,0,2,2,3637,0.05,no_leakage_v1_alpha005,gate_all_sources_proxy_source_only_final_training_only,mmd,,,,,merge_then_adapt,coral,near_nearest_proxy,main,0.0,0,0train,far,False,,2.0,direct,0.4635561898222663,0.4184325841493196,0.5069677927417329
2,bnci004,MMP_merge_then_adapt,CSP,lda,none,0,2,2,3637,0.05,no_leakage_v1_alpha005,gate_all_sources_proxy_source_only_final_training_only,mmd,,,,,merge_then_adapt,coral,near_nearest_proxy,anchor,0.0,0,0train,not_used,False,,2.0,direct,0.4635561898222663,0.4184325841493196,0.5069677927417329
2,bnci004,MMP_merge_then_adapt,CSP,lda,none,0,2,2,3637,0.05,no_leakage_v1_alpha005,gate_all_sources_proxy_source_only_final_training_only,mmd,,,,,merge_then_adapt,coral,near_nearest_proxy,final,0.0,0,0train,not_used,False,,2.0,direct,0.4635561898222663,0.4184325841493196,0.5069677927417329
2,bnci004,MMP_merge_then_adapt,CSP,lda,none,0,2,2,3637,0.05,no_leakage_v1_alpha005,gate_all_sources_proxy_source_only_final_training_only,mmd,,,,,merge_then_adapt,coral,near_nearest_proxy,main,1.0,1,1train,far,False,,2.0,direct,0.400390367010381,0.354999469808216,0.452106670762966
2,bnci004,MMP_merge_then_adapt,CSP,lda,none,0,2,2,3637,0.05,no_leakage_v1_alpha005,gate_all_sources_proxy_source_only_final_training_only,mmd,,,,,merge_then_adapt,coral,near_nearest_proxy,anchor,1.0,1,1train,not_used,False,,2.0,direct,0.400390367010381,0.354999469808216,0.452106670762966
2,bnci004,MMP_merge_then_adapt,CSP,lda,none,0,2,2,3637,0.05,no_leakage_v1_alpha005,gate_all_sources_proxy_source_only_final_training_only,mmd,,,,,merge_then_adapt,coral,near_nearest_proxy,final,1.0,1,1train,not_used,False,,2.0,direct,0.400390367010381,0.354999469808216,0.452106670762966
2,bnci004,MMP_merge_then_adapt,CSP,lda,none,0,2,2,3637,0.05,no_leakage_v1_alpha005,gate_all_sources_proxy_source_only_final_training_only,mmd,,,,,merge_then_adapt,coral,near_nearest_proxy,main,2.0,3,3test,far,False,,2.0,direct,0.28050465525071144,0.2220185402250321,0.3382756515908686
2,bnci004,MMP_merge_then_adapt,CSP,lda,none,0,2,2,3637,0.05,no_leakage_v1_alpha005,gate_all_sources_proxy_source_only_final_training_only,mmd,,,,,merge_then_adapt,coral,near_nearest_proxy,anchor,2.0,3,3test,second_nearest_fallback_source,False,1.0,2.0,direct,0.28050465525071144,0.2220185402250321,0.3382756515908686
2,bnci004,MMP_merge_then_adapt,CSP,lda,none,0,2,2,3637,0.05,no_leakage_v1_alpha005,gate_all_sources_proxy_source_only_final_training_only,mmd,,,,,merge_then_adapt,coral,near_nearest_proxy,final,2.0,3,3test,not_used,False,,2.0,direct,0.28050465525071144,0.2220185402250321,0.3382756515908686
2,bnci004,MMP_merge_then_adapt,CSP,lda,none,0,2,2,3637,0.05,no_leakage_v1_alpha005,gate_all_sources_proxy_source_only_final_training_only,mmd,,,,,merge_then_adapt,coral,near_nearest_proxy,main,3.0,4,4test,nearest,True,1.0,2.0,direct,0.0920848985832984,0.06629707717060969,0.12380816476508161
2,bnci004,MMP_merge_then_adapt,CSP,lda,none,0,2,2,3637,0.05,no_leakage_v1_alpha005,gate_all_sources_proxy_source_only_final_training_only,mmd,,,,,merge_then_adapt,coral,near_nearest_proxy,anchor,3.0,4,4test,target,False,,2.0,direct,0.0920848985832984,0.06629707717060969,0.12380816476508161
2,bnci004,MMP_merge_then_adapt,CSP,lda,none,0,2,2,3637,0.05,no_leakage_v1_alpha005,gate_all_sources_proxy_source_only_final_training_only,mmd,,,,,merge_then_adapt,coral,near_nearest_proxy,final,3.0,4,4test,train,True,1.0,2.0,direct,0.0920848985832984,0.06629707717060969,0.12380816476508161
2,bnci004,MMP_merge_then_adapt,CSP,lda,none,0,2,2,3637,0.05,no_leakage_v1_alpha005,gate_all_sources_proxy_source_only_final_training_only,mmd,,,,,merge_then_adapt,coral,near_nearest_proxy,main,,2,2train,target,False,,,,,,
2,bnci004,MMP_merge_then_adapt,CSP,lda,none,0,2,2,3637,0.05,no_leakage_v1_alpha005,gate_all_sources_proxy_source_only_final_training_only,mmd,,,,,merge_then_adapt,coral,near_nearest_proxy,final,,2,2train,target,False,,,,,,
2,bnci004,MMP_merge_then_adapt,CSP,lda,none,0,3,3,3668,0.05,no_leakage_v1_alpha005,gate_all_sources_proxy_source_only_final_training_only,mmd,,,,,merge_then_adapt,coral,near_nearest_proxy,main,0.0,0,0train,far,False,,3.0,direct,0.43811334494346227,0.384374046518928,0.4892313378178067
2,bnci004,MMP_merge_then_adapt,CSP,lda,none,0,3,3,3668,0.05,no_leakage_v1_alpha005,gate_all_sources_proxy_source_only_final_training_only,mmd,,,,,merge_then_adapt,coral,near_nearest_proxy,anchor,0.0,0,0train,not_used,False,,3.0,direct,0.43811334494346227,0.384374046518928,0.4892313378178067
2,bnci004,MMP_merge_then_adapt,CSP,lda,none,0,3,3,3668,0.05,no_leakage_v1_alpha005,gate_all_sources_proxy_source_only_final_training_only,mmd,,,,,merge_then_adapt,coral,near_nearest_proxy,final,0.0,0,0train,not_used,False,,3.0,direct,0.43811334494346227,0.384374046518928,0.4892313378178067
2,bnci004,MMP_merge_then_adapt,CSP,lda,none,0,3,3,3668,0.05,no_leakage_v1_alpha005,gate_all_sources_proxy_source_only_final_training_only,mmd,,,,,merge_then_adapt,coral,near_nearest_proxy,main,1.0,1,1train,far,False,,3.0,direct,0.3753482248336902,0.32361107480398077,0.4389636009686296
2,bnci004,MMP_merge_then_adapt,CSP,lda,none,0,3,3,3668,0.05,no_leakage_v1_alpha005,gate_all_sources_proxy_source_only_final_training_only,mmd,,,,,merge_then_adapt,coral,near_nearest_proxy,anchor,1.0,1,1train,not_used,False,,3.0,direct,0.3753482248336902,0.32361107480398077,0.4389636009686296
2,bnci004,MMP_merge_then_adapt,CSP,lda,none,0,3,3,3668,0.05,no_leakage_v1_alpha005,gate_all_sources_proxy_source_only_final_training_only,mmd,,,,,merge_then_adapt,coral,near_nearest_proxy,final,1.0,1,1train,not_used,False,,3.0,direct,0.3753482248336902,0.32361107480398077,0.4389636009686296
2,bnci004,MMP_merge_then_adapt,CSP,lda,none,0,3,3,3668,0.05,no_leakage_v1_alpha005,gate_all_sources_proxy_source_only_final_training_only,mmd,,,,,merge_then_adapt,coral,near_nearest_proxy,main,2.0,2,2train,nearest,True,0.5388307497304634,3.0,direct,0.19727929914181153,0.14397569651315226,0.2544607021956509
2,bnci004,MMP_merge_then_adapt,CSP,lda,none,0,3,3,3668,0.05,no_leakage_v1_alpha005,gate_all_sources_proxy_source_only_final_training_only,mmd,,,,,merge_then_adapt,coral,near_nearest_proxy,anchor,2.0,2,2train,target,False,,3.0,direct,0.19727929914181153,0.14397569651315226,0.2544607021956509
2,bnci004,MMP_merge_then_adapt,CSP,lda,none,0,3,3,3668,0.05,no_leakage_v1_alpha005,gate_all_sources_proxy_source_only_final_training_only,mmd,,,,,merge_then_adapt,coral,near_nearest_proxy,final,2.0,2,2train,train,True,0.5388307497304634,3.0,direct,0.19727929914181153,0.14397569651315226,0.2544607021956509
2,bnci004,MMP_merge_then_adapt,CSP,lda,none,0,3,3,3668,0.05,no_leakage_v1_alpha005,gate_all_sources_proxy_source_only_final_training_only,mmd,,,,,merge_then_adapt,coral,near_nearest_proxy,main,3.0,4,4test,near,False,0.46116925026953665,3.0,direct,0.23050155720975218,0.17725907721213516,0.29443885671855097
2,bnci004,MMP_merge_then_adapt,CSP,lda,none,0,3,3,3668,0.05,no_leakage_v1_alpha005,gate_all_sources_proxy_source_only_final_training_only,mmd,,,,,merge_then_adapt,coral,near_nearest_proxy,anchor,3.0,4,4test,proxy_source,False,1.0,3.0,direct,0.23050155720975218,0.17725907721213516,0.29443885671855097
2,bnci004,MMP_merge_then_adapt,CSP,lda,none,0,3,3,3668,0.05,no_leakage_v1_alpha005,gate_all_sources_proxy_source_only_final_training_only,mmd,,,,,merge_then_adapt,coral,near_nearest_proxy,final,3.0,4,4test,train,False,0.46116925026953665,3.0,direct,0.23050155720975218,0.17725907721213516,0.29443885671855097
2,bnci004,MMP_merge_then_adapt,CSP,lda,none,0,3,3,3668,0.05,no_leakage_v1_alpha005,gate_all_sources_proxy_source_only_final_training_only,mmd,,,,,merge_then_adapt,coral,near_nearest_proxy,main,,3,3test,target,False,,,,,,
2,bnci004,MMP_merge_then_adapt,CSP,lda,none,0,3,3,3668,0.05,no_leakage_v1_alpha005,gate_all_sources_proxy_source_only_final_training_only,mmd,,,,,merge_then_adapt,coral,near_nearest_proxy,final,,3,3test,target,False,,,,,,
2,bnci004,MMP_merge_then_adapt,CSP,lda,none,0,4,4,3699,0.05,no_leakage_v1_alpha005,gate_all_sources_proxy_source_only_final_training_only,mmd,,,,,merge_then_adapt,coral,near_nearest_proxy,main,0.0,0,0train,far,False,,4.0,direct,0.4619534347774659,0.4168879572025881,0.5166930164298913
2,bnci004,MMP_merge_then_adapt,CSP,lda,none,0,4,4,3699,0.05,no_leakage_v1_alpha005,gate_all_sources_proxy_source_only_final_training_only,mmd,,,,,merge_then_adapt,coral,near_nearest_proxy,anchor,0.0,0,0train,not_used,False,,4.0,direct,0.4619534347774659,0.4168879572025881,0.5166930164298913
2,bnci004,MMP_merge_then_adapt,CSP,lda,none,0,4,4,3699,0.05,no_leakage_v1_alpha005,gate_all_sources_proxy_source_only_final_training_only,mmd,,,,,merge_then_adapt,coral,near_nearest_proxy,final,0.0,0,0train,not_used,False,,4.0,direct,0.4619534347774659,0.4168879572025881,0.5166930164298913
2,bnci004,MMP_merge_then_adapt,CSP,lda,none,0,4,4,3699,0.05,no_leakage_v1_alpha005,gate_all_sources_proxy_source_only_final_training_only,mmd,,,,,merge_then_adapt,coral,near_nearest_proxy,main,1.0,1,1train,far,False,,4.0,direct,0.31057970764922016,0.25591887479563963,0.35996873528537643
2,bnci004,MMP_merge_then_adapt,CSP,lda,none,0,4,4,3699,0.05,no_leakage_v1_alpha005,gate_all_sources_proxy_source_only_final_training_only,mmd,,,,,merge_then_adapt,coral,near_nearest_proxy,anchor,1.0,1,1train,not_used,False,,4.0,direct,0.31057970764922016,0.25591887479563963,0.35996873528537643
2,bnci004,MMP_merge_then_adapt,CSP,lda,none,0,4,4,3699,0.05,no_leakage_v1_alpha005,gate_all_sources_proxy_source_only_final_training_only,mmd,,,,,merge_then_adapt,coral,near_nearest_proxy,final,1.0,1,1train,not_used,False,,4.0,direct,0.31057970764922016,0.25591887479563963,0.35996873528537643
2,bnci004,MMP_merge_then_adapt,CSP,lda,none,0,4,4,3699,0.05,no_leakage_v1_alpha005,gate_all_sources_proxy_source_only_final_training_only,mmd,,,,,merge_then_adapt,coral,near_nearest_proxy,main,2.0,2,2train,nearest,True,1.0,4.0,direct,0.08402008818504386,0.05902409294132485,0.1164671472433337
2,bnci004,MMP_merge_then_adapt,CSP,lda,none,0,4,4,3699,0.05,no_leakage_v1_alpha005,gate_all_sources_proxy_source_only_final_training_only,mmd,,,,,merge_then_adapt,coral,near_nearest_proxy,anchor,2.0,2,2train,target,False,,4.0,direct,0.08402008818504386,0.05902409294132485,0.1164671472433337
2,bnci004,MMP_merge_then_adapt,CSP,lda,none,0,4,4,3699,0.05,no_leakage_v1_alpha005,gate_all_sources_proxy_source_only_final_training_only,mmd,,,,,merge_then_adapt,coral,near_nearest_proxy,final,2.0,2,2train,train,True,1.0,4.0,direct,0.08402008818504386,0.05902409294132485,0.1164671472433337
2,bnci004,MMP_merge_then_adapt,CSP,lda,none,0,4,4,3699,0.05,no_leakage_v1_alpha005,gate_all_sources_proxy_source_only_final_training_only,mmd,,,,,merge_then_adapt,coral,near_nearest_proxy,main,3.0,3,3test,far,False,,4.0,direct,0.22103014208868232,0.17018127825938345,0.27714937875026535
2,bnci004,MMP_merge_then_adapt,CSP,lda,none,0,4,4,3699,0.05,no_leakage_v1_alpha005,gate_all_sources_proxy_source_only_final_training_only,mmd,,,,,merge_then_adapt,coral,near_nearest_proxy,anchor,3.0,3,3test,second_nearest_fallback_source,False,1.0,4.0,direct,0.22103014208868232,0.17018127825938345,0.27714937875026535
2,bnci004,MMP_merge_then_adapt,CSP,lda,none,0,4,4,3699,0.05,no_leakage_v1_alpha005,gate_all_sources_proxy_source_only_final_training_only,mmd,,,,,merge_then_adapt,coral,near_nearest_proxy,final,3.0,3,3test,not_used,False,,4.0,direct,0.22103014208868232,0.17018127825938345,0.27714937875026535
2,bnci004,MMP_merge_then_adapt,CSP,lda,none,0,4,4,3699,0.05,no_leakage_v1_alpha005,gate_all_sources_proxy_source_only_final_training_only,mmd,,,,,merge_then_adapt,coral,near_nearest_proxy,main,,4,4test,target,False,,,,,,
2,bnci004,MMP_merge_then_adapt,CSP,lda,none,0,4,4,3699,0.05,no_leakage_v1_alpha005,gate_all_sources_proxy_source_only_final_training_only,mmd,,,,,merge_then_adapt,coral,near_nearest_proxy,final,,4,4test,target,False,,,,,,
2,bnci004,MMP_merge_then_adapt,CSP,lda,sa,1,0,0,4572,0.05,no_leakage_v1_alpha005,gate_all_sources_proxy_source_only_final_training_only,mmd,,,,,merge_then_adapt,coral,near_nearest_proxy,main,0.0,1,1train,near,False,0.2577231499531387,0.0,direct,0.44302614706582794,0.3763092065240667,0.5122034430250415
2,bnci004,MMP_merge_then_adapt,CSP,lda,sa,1,0,0,4572,0.05,no_leakage_v1_alpha005,gate_all_sources_proxy_source_only_final_training_only,mmd,,,,,merge_then_adapt,coral,near_nearest_proxy,anchor,0.0,1,1train,proxy_source,False,0.3484397095119805,0.0,direct,0.44302614706582794,0.3763092065240667,0.5122034430250415
2,bnci004,MMP_merge_then_adapt,CSP,lda,sa,1,0,0,4572,0.05,no_leakage_v1_alpha005,gate_all_sources_proxy_source_only_final_training_only,mmd,,,,,merge_then_adapt,coral,near_nearest_proxy,final,0.0,1,1train,train,False,0.2577231499531387,0.0,direct,0.44302614706582794,0.3763092065240667,0.5122034430250415
2,bnci004,MMP_merge_then_adapt,CSP,lda,sa,1,0,0,4572,0.05,no_leakage_v1_alpha005,gate_all_sources_proxy_source_only_final_training_only,mmd,,,,,merge_then_adapt,coral,near_nearest_proxy,main,1.0,2,2train,nearest,True,0.2603508069901047,0.0,direct,0.4385547823943955,0.3983104228404818,0.48217935970994164
2,bnci004,MMP_merge_then_adapt,CSP,lda,sa,1,0,0,4572,0.05,no_leakage_v1_alpha005,gate_all_sources_proxy_source_only_final_training_only,mmd,,,,,merge_then_adapt,coral,near_nearest_proxy,anchor,1.0,2,2train,target,False,,0.0,direct,0.4385547823943955,0.3983104228404818,0.48217935970994164
2,bnci004,MMP_merge_then_adapt,CSP,lda,sa,1,0,0,4572,0.05,no_leakage_v1_alpha005,gate_all_sources_proxy_source_only_final_training_only,mmd,,,,,merge_then_adapt,coral,near_nearest_proxy,final,1.0,2,2train,train,True,0.2603508069901047,0.0,direct,0.4385547823943955,0.3983104228404818,0.48217935970994164
2,bnci004,MMP_merge_then_adapt,CSP,lda,sa,1,0,0,4572,0.05,no_leakage_v1_alpha005,gate_all_sources_proxy_source_only_final_training_only,mmd,,,,,merge_then_adapt,coral,near_nearest_proxy,main,2.0,3,3test,near,False,0.2485050793073863,0.0,direct,0.4594598374798072,0.40121933218032735,0.5156812642542757
2,bnci004,MMP_merge_then_adapt,CSP,lda,sa,1,0,0,4572,0.05,no_leakage_v1_alpha005,gate_all_sources_proxy_source_only_final_training_only,mmd,,,,,merge_then_adapt,coral,near_nearest_proxy,anchor,2.0,3,3test,proxy_source,False,0.3359769491481912,0.0,direct,0.4594598374798072,0.40121933218032735,0.5156812642542757
2,bnci004,MMP_merge_then_adapt,CSP,lda,sa,1,0,0,4572,0.05,no_leakage_v1_alpha005,gate_all_sources_proxy_source_only_final_training_only,mmd,,,,,merge_then_adapt,coral,near_nearest_proxy,final,2.0,3,3test,train,False,0.2485050793073863,0.0,direct,0.4594598374798072,0.40121933218032735,0.5156812642542757
2,bnci004,MMP_merge_then_adapt,CSP,lda,sa,1,0,0,4572,0.05,no_leakage_v1_alpha005,gate_all_sources_proxy_source_only_final_training_only,mmd,,,,,merge_then_adapt,coral,near_nearest_proxy,main,3.0,4,4test,near,False,0.2334209637493703,0.0,direct,0.4891510882381142,0.44285462644259227,0.5515252842676742
2,bnci004,MMP_merge_then_adapt,CSP,lda,sa,1,0,0,4572,0.05,no_leakage_v1_alpha005,gate_all_sources_proxy_source_only_final_training_only,mmd,,,,,merge_then_adapt,coral,near_nearest_proxy,anchor,3.0,4,4test,proxy_source,False,0.3155833413398282,0.0,direct,0.4891510882381142,0.44285462644259227,0.5515252842676742
2,bnci004,MMP_merge_then_adapt,CSP,lda,sa,1,0,0,4572,0.05,no_leakage_v1_alpha005,gate_all_sources_proxy_source_only_final_training_only,mmd,,,,,merge_then_adapt,coral,near_nearest_proxy,final,3.0,4,4test,train,False,0.2334209637493703,0.0,direct,0.4891510882381142,0.44285462644259227,0.5515252842676742
2,bnci004,MMP_merge_then_adapt,CSP,lda,sa,1,0,0,4572,0.05,no_leakage_v1_alpha005,gate_all_sources_proxy_source_only_final_training_only,mmd,,,,,merge_then_adapt,coral,near_nearest_proxy,main,,0,0train,target,False,,,,,,
2,bnci004,MMP_merge_then_adapt,CSP,lda,sa,1,0,0,4572,0.05,no_leakage_v1_alpha005,gate_all_sources_proxy_source_only_final_training_only,mmd,,,,,merge_then_adapt,coral,near_nearest_proxy,final,,0,0train,target,False,,,,,,
2,bnci004,MMP_merge_then_adapt,CSP,lda,sa,1,1,1,4603,0.05,no_leakage_v1_alpha005,gate_all_sources_proxy_source_only_final_training_only,mmd,,,,,merge_then_adapt,coral,near_nearest_proxy,main,0.0,0,0train,near,False,0.22134972673700315,1.0,direct,0.45847080708731835,0.399116001283884,0.5284208918406625
2,bnci004,MMP_merge_then_adapt,CSP,lda,sa,1,1,1,4603,0.05,no_leakage_v1_alpha005,gate_all_sources_proxy_source_only_final_training_only,mmd,,,,,merge_then_adapt,coral,near_nearest_proxy,anchor,0.0,0,0train,proxy_source,False,0.30549787950153967,1.0,direct,0.45847080708731835,0.399116001283884,0.5284208918406625
2,bnci004,MMP_merge_then_adapt,CSP,lda,sa,1,1,1,4603,0.05,no_leakage_v1_alpha005,gate_all_sources_proxy_source_only_final_training_only,mmd,,,,,merge_then_adapt,coral,near_nearest_proxy,final,0.0,0,0train,train,False,0.22134972673700315,1.0,direct,0.45847080708731835,0.399116001283884,0.5284208918406625
2,bnci004,MMP_merge_then_adapt,CSP,lda,sa,1,1,1,4603,0.05,no_leakage_v1_alpha005,gate_all_sources_proxy_source_only_final_training_only,mmd,,,,,merge_then_adapt,coral,near_nearest_proxy,main,1.0,2,2train,near,False,0.24251781566603633,1.0,direct,0.4184532440178764,0.37279537099508925,0.46774046168844025
2,bnci004,MMP_merge_then_adapt,CSP,lda,sa,1,1,1,4603,0.05,no_leakage_v1_alpha005,gate_all_sources_proxy_source_only_final_training_only,mmd,,,,,merge_then_adapt,coral,near_nearest_proxy,anchor,1.0,2,2train,proxy_source,False,0.33471321387872277,1.0,direct,0.4184532440178764,0.37279537099508925,0.46774046168844025
2,bnci004,MMP_merge_then_adapt,CSP,lda,sa,1,1,1,4603,0.05,no_leakage_v1_alpha005,gate_all_sources_proxy_source_only_final_training_only,mmd,,,,,merge_then_adapt,coral,near_nearest_proxy,final,1.0,2,2train,train,False,0.24251781566603633,1.0,direct,0.4184532440178764,0.37279537099508925,0.46774046168844025
2,bnci004,MMP_merge_then_adapt,CSP,lda,sa,1,1,1,4603,0.05,no_leakage_v1_alpha005,gate_all_sources_proxy_source_only_final_training_only,mmd,,,,,merge_then_adapt,coral,near_nearest_proxy,main,2.0,3,3test,near,False,0.2606865104701411,1.0,direct,0.38928883717790685,0.31423099219178796,0.45181289690010107
2,bnci004,MMP_merge_then_adapt,CSP,lda,sa,1,1,1,4603,0.05,no_leakage_v1_alpha005,gate_all_sources_proxy_source_only_final_training_only,mmd,,,,,merge_then_adapt,coral,near_nearest_proxy,anchor,2.0,3,3test,proxy_source,False,0.35978890661973745,1.0,direct,0.38928883717790685,0.31423099219178796,0.45181289690010107
2,bnci004,MMP_merge_then_adapt,CSP,lda,sa,1,1,1,4603,0.05,no_leakage_v1_alpha005,gate_all_sources_proxy_source_only_final_training_only,mmd,,,,,merge_then_adapt,coral,near_nearest_proxy,final,2.0,3,3test,train,False,0.2606865104701411,1.0,direct,0.38928883717790685,0.31423099219178796,0.45181289690010107
2,bnci004,MMP_merge_then_adapt,CSP,lda,sa,1,1,1,4603,0.05,no_leakage_v1_alpha005,gate_all_sources_proxy_source_only_final_training_only,mmd,,,,,merge_then_adapt,coral,near_nearest_proxy,main,3.0,4,4test,nearest,True,0.27544594712681947,1.0,direct,0.3684292138911988,0.3239164501927471,0.41860059740876254
2,bnci004,MMP_merge_then_adapt,CSP,lda,sa,1,1,1,4603,0.05,no_leakage_v1_alpha005,gate_all_sources_proxy_source_only_final_training_only,mmd,,,,,merge_then_adapt,coral,near_nearest_proxy,anchor,3.0,4,4test,target,False,,1.0,direct,0.3684292138911988,0.3239164501927471,0.41860059740876254
2,bnci004,MMP_merge_then_adapt,CSP,lda,sa,1,1,1,4603,0.05,no_leakage_v1_alpha005,gate_all_sources_proxy_source_only_final_training_only,mmd,,,,,merge_then_adapt,coral,near_nearest_proxy,final,3.0,4,4test,train,True,0.27544594712681947,1.0,direct,0.3684292138911988,0.3239164501927471,0.41860059740876254
2,bnci004,MMP_merge_then_adapt,CSP,lda,sa,1,1,1,4603,0.05,no_leakage_v1_alpha005,gate_all_sources_proxy_source_only_final_training_only,mmd,,,,,merge_then_adapt,coral,near_nearest_proxy,main,,1,1train,target,False,,,,,,
2,bnci004,MMP_merge_then_adapt,CSP,lda,sa,1,1,1,4603,0.05,no_leakage_v1_alpha005,gate_all_sources_proxy_source_only_final_training_only,mmd,,,,,merge_then_adapt,coral,near_nearest_proxy,final,,1,1train,target,False,,,,,,
2,bnci004,MMP_merge_then_adapt,CSP,lda,sa,1,2,2,4634,0.05,no_leakage_v1_alpha005,gate_all_sources_proxy_source_only_final_training_only,mmd,,,,,merge_then_adapt,coral,near_nearest_proxy,main,0.0,0,0train,far,False,,2.0,direct,0.4657548536732053,0.4283507086904285,0.505702250524513
2,bnci004,MMP_merge_then_adapt,CSP,lda,sa,1,2,2,4634,0.05,no_leakage_v1_alpha005,gate_all_sources_proxy_source_only_final_training_only,mmd,,,,,merge_then_adapt,coral,near_nearest_proxy,anchor,0.0,0,0train,not_used,False,,2.0,direct,0.4657548536732053,0.4283507086904285,0.505702250524513
2,bnci004,MMP_merge_then_adapt,CSP,lda,sa,1,2,2,4634,0.05,no_leakage_v1_alpha005,gate_all_sources_proxy_source_only_final_training_only,mmd,,,,,merge_then_adapt,coral,near_nearest_proxy,final,0.0,0,0train,not_used,False,,2.0,direct,0.4657548536732053,0.4283507086904285,0.505702250524513
2,bnci004,MMP_merge_then_adapt,CSP,lda,sa,1,2,2,4634,0.05,no_leakage_v1_alpha005,gate_all_sources_proxy_source_only_final_training_only,mmd,,,,,merge_then_adapt,coral,near_nearest_proxy,main,1.0,1,1train,far,False,,2.0,direct,0.4005526383272624,0.36222834333012205,0.4443454715856073
2,bnci004,MMP_merge_then_adapt,CSP,lda,sa,1,2,2,4634,0.05,no_leakage_v1_alpha005,gate_all_sources_proxy_source_only_final_training_only,mmd,,,,,merge_then_adapt,coral,near_nearest_proxy,anchor,1.0,1,1train,not_used,False,,2.0,direct,0.4005526383272624,0.36222834333012205,0.4443454715856073
2,bnci004,MMP_merge_then_adapt,CSP,lda,sa,1,2,2,4634,0.05,no_leakage_v1_alpha005,gate_all_sources_proxy_source_only_final_training_only,mmd,,,,,merge_then_adapt,coral,near_nearest_proxy,final,1.0,1,1train,not_used,False,,2.0,direct,0.4005526383272624,0.36222834333012205,0.4443454715856073
2,bnci004,MMP_merge_then_adapt,CSP,lda,sa,1,2,2,4634,0.05,no_leakage_v1_alpha005,gate_all_sources_proxy_source_only_final_training_only,mmd,,,,,merge_then_adapt,coral,near_nearest_proxy,main,2.0,3,3test,far,False,,2.0,direct,0.27939429148794503,0.22061534206646227,0.3391057763256551
2,bnci004,MMP_merge_then_adapt,CSP,lda,sa,1,2,2,4634,0.05,no_leakage_v1_alpha005,gate_all_sources_proxy_source_only_final_training_only,mmd,,,,,merge_then_adapt,coral,near_nearest_proxy,anchor,2.0,3,3test,second_nearest_fallback_source,False,1.0,2.0,direct,0.27939429148794503,0.22061534206646227,0.3391057763256551
2,bnci004,MMP_merge_then_adapt,CSP,lda,sa,1,2,2,4634,0.05,no_leakage_v1_alpha005,gate_all_sources_proxy_source_only_final_training_only,mmd,,,,,merge_then_adapt,coral,near_nearest_proxy,final,2.0,3,3test,not_used,False,,2.0,direct,0.27939429148794503,0.22061534206646227,0.3391057763256551
2,bnci004,MMP_merge_then_adapt,CSP,lda,sa,1,2,2,4634,0.05,no_leakage_v1_alpha005,gate_all_sources_proxy_source_only_final_training_only,mmd,,,,,merge_then_adapt,coral,near_nearest_proxy,main,3.0,4,4test,nearest,True,1.0,2.0,direct,0.09091254948323868,0.06085503297011492,0.11955823280343049
2,bnci004,MMP_merge_then_adapt,CSP,lda,sa,1,2,2,4634,0.05,no_leakage_v1_alpha005,gate_all_sources_proxy_source_only_final_training_only,mmd,,,,,merge_then_adapt,coral,near_nearest_proxy,anchor,3.0,4,4test,target,False,,2.0,direct,0.09091254948323868,0.06085503297011492,0.11955823280343049
2,bnci004,MMP_merge_then_adapt,CSP,lda,sa,1,2,2,4634,0.05,no_leakage_v1_alpha005,gate_all_sources_proxy_source_only_final_training_only,mmd,,,,,merge_then_adapt,coral,near_nearest_proxy,final,3.0,4,4test,train,True,1.0,2.0,direct,0.09091254948323868,0.06085503297011492,0.11955823280343049
2,bnci004,MMP_merge_then_adapt,CSP,lda,sa,1,2,2,4634,0.05,no_leakage_v1_alpha005,gate_all_sources_proxy_source_only_final_training_only,mmd,,,,,merge_then_adapt,coral,near_nearest_proxy,main,,2,2train,target,False,,,,,,
2,bnci004,MMP_merge_then_adapt,CSP,lda,sa,1,2,2,4634,0.05,no_leakage_v1_alpha005,gate_all_sources_proxy_source_only_final_training_only,mmd,,,,,merge_then_adapt,coral,near_nearest_proxy,final,,2,2train,target,False,,,,,,
2,bnci004,MMP_merge_then_adapt,CSP,lda,sa,1,3,3,4665,0.05,no_leakage_v1_alpha005,gate_all_sources_proxy_source_only_final_training_only,mmd,,,,,merge_then_adapt,coral,near_nearest_proxy,main,0.0,0,0train,far,False,,3.0,direct,0.43379589230335697,0.3885703573992836,0.4937649105219002
2,bnci004,MMP_merge_then_adapt,CSP,lda,sa,1,3,3,4665,0.05,no_leakage_v1_alpha005,gate_all_sources_proxy_source_only_final_training_only,mmd,,,,,merge_then_adapt,coral,near_nearest_proxy,anchor,0.0,0,0train,not_used,False,,3.0,direct,0.43379589230335697,0.3885703573992836,0.4937649105219002
2,bnci004,MMP_merge_then_adapt,CSP,lda,sa,1,3,3,4665,0.05,no_leakage_v1_alpha005,gate_all_sources_proxy_source_only_final_training_only,mmd,,,,,merge_then_adapt,coral,near_nearest_proxy,final,0.0,0,0train,not_used,False,,3.0,direct,0.43379589230335697,0.3885703573992836,0.4937649105219002
2,bnci004,MMP_merge_then_adapt,CSP,lda,sa,1,3,3,4665,0.05,no_leakage_v1_alpha005,gate_all_sources_proxy_source_only_final_training_only,mmd,,,,,merge_then_adapt,coral,near_nearest_proxy,main,1.0,1,1train,far,False,,3.0,direct,0.37825055078306813,0.31619747595927294,0.43861591245732506
2,bnci004,MMP_merge_then_adapt,CSP,lda,sa,1,3,3,4665,0.05,no_leakage_v1_alpha005,gate_all_sources_proxy_source_only_final_training_only,mmd,,,,,merge_then_adapt,coral,near_nearest_proxy,anchor,1.0,1,1train,not_used,False,,3.0,direct,0.37825055078306813,0.31619747595927294,0.43861591245732506
2,bnci004,MMP_merge_then_adapt,CSP,lda,sa,1,3,3,4665,0.05,no_leakage_v1_alpha005,gate_all_sources_proxy_source_only_final_training_only,mmd,,,,,merge_then_adapt,coral,near_nearest_proxy,final,1.0,1,1train,not_used,False,,3.0,direct,0.37825055078306813,0.31619747595927294,0.43861591245732506
2,bnci004,MMP_merge_then_adapt,CSP,lda,sa,1,3,3,4665,0.05,no_leakage_v1_alpha005,gate_all_sources_proxy_source_only_final_training_only,mmd,,,,,merge_then_adapt,coral,near_nearest_proxy,main,2.0,2,2train,nearest,True,0.5337675633376698,3.0,direct,0.19989359564462744,0.157950842954407,0.25387191284802957
2,bnci004,MMP_merge_then_adapt,CSP,lda,sa,1,3,3,4665,0.05,no_leakage_v1_alpha005,gate_all_sources_proxy_source_only_final_training_only,mmd,,,,,merge_then_adapt,coral,near_nearest_proxy,anchor,2.0,2,2train,target,False,,3.0,direct,0.19989359564462744,0.157950842954407,0.25387191284802957
2,bnci004,MMP_merge_then_adapt,CSP,lda,sa,1,3,3,4665,0.05,no_leakage_v1_alpha005,gate_all_sources_proxy_source_only_final_training_only,mmd,,,,,merge_then_adapt,coral,near_nearest_proxy,final,2.0,2,2train,train,True,0.5337675633376698,3.0,direct,0.19989359564462744,0.157950842954407,0.25387191284802957
2,bnci004,MMP_merge_then_adapt,CSP,lda,sa,1,3,3,4665,0.05,no_leakage_v1_alpha005,gate_all_sources_proxy_source_only_final_training_only,mmd,,,,,merge_then_adapt,coral,near_nearest_proxy,main,3.0,4,4test,near,False,0.46623243666233016,3.0,direct,0.22884891015517284,0.17794266102643347,0.2839480452787517
2,bnci004,MMP_merge_then_adapt,CSP,lda,sa,1,3,3,4665,0.05,no_leakage_v1_alpha005,gate_all_sources_proxy_source_only_final_training_only,mmd,,,,,merge_then_adapt,coral,near_nearest_proxy,anchor,3.0,4,4test,proxy_source,False,1.0,3.0,direct,0.22884891015517284,0.17794266102643347,0.2839480452787517
2,bnci004,MMP_merge_then_adapt,CSP,lda,sa,1,3,3,4665,0.05,no_leakage_v1_alpha005,gate_all_sources_proxy_source_only_final_training_only,mmd,,,,,merge_then_adapt,coral,near_nearest_proxy,final,3.0,4,4test,train,False,0.46623243666233016,3.0,direct,0.22884891015517284,0.17794266102643347,0.2839480452787517
2,bnci004,MMP_merge_then_adapt,CSP,lda,sa,1,3,3,4665,0.05,no_leakage_v1_alpha005,gate_all_sources_proxy_source_only_final_training_only,mmd,,,,,merge_then_adapt,coral,near_nearest_proxy,main,,3,3test,target,False,,,,,,
2,bnci004,MMP_merge_then_adapt,CSP,lda,sa,1,3,3,4665,0.05,no_leakage_v1_alpha005,gate_all_sources_proxy_source_only_final_training_only,mmd,,,,,merge_then_adapt,coral,near_nearest_proxy,final,,3,3test,target,False,,,,,,
2,bnci004,MMP_merge_then_adapt,CSP,lda,sa,1,4,4,4696,0.05,no_leakage_v1_alpha005,gate_all_sources_proxy_source_only_final_training_only,mmd,,,,,merge_then_adapt,coral,near_nearest_proxy,main,0.0,0,0train,far,False,,4.0,direct,0.4589576207740723,0.41498845014954633,0.5112631488003745
2,bnci004,MMP_merge_then_adapt,CSP,lda,sa,1,4,4,4696,0.05,no_leakage_v1_alpha005,gate_all_sources_proxy_source_only_final_training_only,mmd,,,,,merge_then_adapt,coral,near_nearest_proxy,anchor,0.0,0,0train,not_used,False,,4.0,direct,0.4589576207740723,0.41498845014954633,0.5112631488003745
2,bnci004,MMP_merge_then_adapt,CSP,lda,sa,1,4,4,4696,0.05,no_leakage_v1_alpha005,gate_all_sources_proxy_source_only_final_training_only,mmd,,,,,merge_then_adapt,coral,near_nearest_proxy,final,0.0,0,0train,not_used,False,,4.0,direct,0.4589576207740723,0.41498845014954633,0.5112631488003745
2,bnci004,MMP_merge_then_adapt,CSP,lda,sa,1,4,4,4696,0.05,no_leakage_v1_alpha005,gate_all_sources_proxy_source_only_final_training_only,mmd,,,,,merge_then_adapt,coral,near_nearest_proxy,main,1.0,1,1train,far,False,,4.0,direct,0.31075091862637405,0.2562882340866538,0.367304961424645
2,bnci004,MMP_merge_then_adapt,CSP,lda,sa,1,4,4,4696,0.05,no_leakage_v1_alpha005,gate_all_sources_proxy_source_only_final_training_only,mmd,,,,,merge_then_adapt,coral,near_nearest_proxy,anchor,1.0,1,1train,not_used,False,,4.0,direct,0.31075091862637405,0.2562882340866538,0.367304961424645
2,bnci004,MMP_merge_then_adapt,CSP,lda,sa,1,4,4,4696,0.05,no_leakage_v1_alpha005,gate_all_sources_proxy_source_only_final_training_only,mmd,,,,,merge_then_adapt,coral,near_nearest_proxy,final,1.0,1,1train,not_used,False,,4.0,direct,0.31075091862637405,0.2562882340866538,0.367304961424645
2,bnci004,MMP_merge_then_adapt,CSP,lda,sa,1,4,4,4696,0.05,no_leakage_v1_alpha005,gate_all_sources_proxy_source_only_final_training_only,mmd,,,,,merge_then_adapt,coral,near_nearest_proxy,main,2.0,2,2train,nearest,True,1.0,4.0,direct,0.08525484095290997,0.05604587629214413,0.1126864344539852
2,bnci004,MMP_merge_then_adapt,CSP,lda,sa,1,4,4,4696,0.05,no_leakage_v1_alpha005,gate_all_sources_proxy_source_only_final_training_only,mmd,,,,,merge_then_adapt,coral,near_nearest_proxy,anchor,2.0,2,2train,target,False,,4.0,direct,0.08525484095290997,0.05604587629214413,0.1126864344539852
2,bnci004,MMP_merge_then_adapt,CSP,lda,sa,1,4,4,4696,0.05,no_leakage_v1_alpha005,gate_all_sources_proxy_source_only_final_training_only,mmd,,,,,merge_then_adapt,coral,near_nearest_proxy,final,2.0,2,2train,train,True,1.0,4.0,direct,0.08525484095290997,0.05604587629214413,0.1126864344539852
2,bnci004,MMP_merge_then_adapt,CSP,lda,sa,1,4,4,4696,0.05,no_leakage_v1_alpha005,gate_all_sources_proxy_source_only_final_training_only,mmd,,,,,merge_then_adapt,coral,near_nearest_proxy,main,3.0,3,3test,far,False,,4.0,direct,0.22872860278923887,0.16801543878223568,0.29112275272491683
2,bnci004,MMP_merge_then_adapt,CSP,lda,sa,1,4,4,4696,0.05,no_leakage_v1_alpha005,gate_all_sources_proxy_source_only_final_training_only,mmd,,,,,merge_then_adapt,coral,near_nearest_proxy,anchor,3.0,3,3test,second_nearest_fallback_source,False,1.0,4.0,direct,0.22872860278923887,0.16801543878223568,0.29112275272491683
2,bnci004,MMP_merge_then_adapt,CSP,lda,sa,1,4,4,4696,0.05,no_leakage_v1_alpha005,gate_all_sources_proxy_source_only_final_training_only,mmd,,,,,merge_then_adapt,coral,near_nearest_proxy,final,3.0,3,3test,not_used,False,,4.0,direct,0.22872860278923887,0.16801543878223568,0.29112275272491683
2,bnci004,MMP_merge_then_adapt,CSP,lda,sa,1,4,4,4696,0.05,no_leakage_v1_alpha005,gate_all_sources_proxy_source_only_final_training_only,mmd,,,,,merge_then_adapt,coral,near_nearest_proxy,main,,4,4test,target,False,,,,,,
2,bnci004,MMP_merge_then_adapt,CSP,lda,sa,1,4,4,4696,0.05,no_leakage_v1_alpha005,gate_all_sources_proxy_source_only_final_training_only,mmd,,,,,merge_then_adapt,coral,near_nearest_proxy,final,,4,4test,target,False,,,,,,
2,bnci004,MMP_merge_then_adapt,CSP,lda,pt,2,0,0,5569,0.05,no_leakage_v1_alpha005,gate_all_sources_proxy_source_only_final_training_only,mmd,,,,,merge_then_adapt,coral,near_nearest_proxy,main,0.0,1,1train,near,False,0.2596479543087357,0.0,direct,0.43977749505068997,0.3853748567067096,0.5039123385585151
2,bnci004,MMP_merge_then_adapt,CSP,lda,pt,2,0,0,5569,0.05,no_leakage_v1_alpha005,gate_all_sources_proxy_source_only_final_training_only,mmd,,,,,merge_then_adapt,coral,near_nearest_proxy,anchor,0.0,1,1train,proxy_source,False,0.35170258121362435,0.0,direct,0.43977749505068997,0.3853748567067096,0.5039123385585151
2,bnci004,MMP_merge_then_adapt,CSP,lda,pt,2,0,0,5569,0.05,no_leakage_v1_alpha005,gate_all_sources_proxy_source_only_final_training_only,mmd,,,,,merge_then_adapt,coral,near_nearest_proxy,final,0.0,1,1train,train,False,0.2596479543087357,0.0,direct,0.43977749505068997,0.3853748567067096,0.5039123385585151
2,bnci004,MMP_merge_then_adapt,CSP,lda,pt,2,0,0,5569,0.05,no_leakage_v1_alpha005,gate_all_sources_proxy_source_only_final_training_only,mmd,,,,,merge_then_adapt,coral,near_nearest_proxy,main,1.0,2,2train,nearest,True,0.2617399809442246,0.0,direct,0.4362624480867441,0.39896722886311287,0.47037677483326107
2,bnci004,MMP_merge_then_adapt,CSP,lda,pt,2,0,0,5569,0.05,no_leakage_v1_alpha005,gate_all_sources_proxy_source_only_final_training_only,mmd,,,,,merge_then_adapt,coral,near_nearest_proxy,anchor,1.0,2,2train,target,False,,0.0,direct,0.4362624480867441,0.39896722886311287,0.47037677483326107
2,bnci004,MMP_merge_then_adapt,CSP,lda,pt,2,0,0,5569,0.05,no_leakage_v1_alpha005,gate_all_sources_proxy_source_only_final_training_only,mmd,,,,,merge_then_adapt,coral,near_nearest_proxy,final,1.0,2,2train,train,True,0.2617399809442246,0.0,direct,0.4362624480867441,0.39896722886311287,0.47037677483326107
2,bnci004,MMP_merge_then_adapt,CSP,lda,pt,2,0,0,5569,0.05,no_leakage_v1_alpha005,gate_all_sources_proxy_source_only_final_training_only,mmd,,,,,merge_then_adapt,coral,near_nearest_proxy,main,2.0,3,3test,near,False,0.24679642315829564,0.0,direct,0.46267826061329503,0.409541132018718,0.5244900340252582
2,bnci004,MMP_merge_then_adapt,CSP,lda,pt,2,0,0,5569,0.05,no_leakage_v1_alpha005,gate_all_sources_proxy_source_only_final_training_only,mmd,,,,,merge_then_adapt,coral,near_nearest_proxy,anchor,2.0,3,3test,proxy_source,False,0.3342947156666359,0.0,direct,0.46267826061329503,0.409541132018718,0.5244900340252582
2,bnci004,MMP_merge_then_adapt,CSP,lda,pt,2,0,0,5569,0.05,no_leakage_v1_alpha005,gate_all_sources_proxy_source_only_final_training_only,mmd,,,,,merge_then_adapt,coral,near_nearest_proxy,final,2.0,3,3test,train,False,0.24679642315829564,0.0,direct,0.46267826061329503,0.409541132018718,0.5244900340252582
2,bnci004,MMP_merge_then_adapt,CSP,lda,pt,2,0,0,5569,0.05,no_leakage_v1_alpha005,gate_all_sources_proxy_source_only_final_training_only,mmd,,,,,merge_then_adapt,coral,near_nearest_proxy,main,3.0,4,4test,near,False,0.23181564158874404,0.0,direct,0.4925783005437583,0.44559897997396675,0.5414664032959208
2,bnci004,MMP_merge_then_adapt,CSP,lda,pt,2,0,0,5569,0.05,no_leakage_v1_alpha005,gate_all_sources_proxy_source_only_final_training_only,mmd,,,,,merge_then_adapt,coral,near_nearest_proxy,anchor,3.0,4,4test,proxy_source,False,0.3140027031197397,0.0,direct,0.4925783005437583,0.44559897997396675,0.5414664032959208
2,bnci004,MMP_merge_then_adapt,CSP,lda,pt,2,0,0,5569,0.05,no_leakage_v1_alpha005,gate_all_sources_proxy_source_only_final_training_only,mmd,,,,,merge_then_adapt,coral,near_nearest_proxy,final,3.0,4,4test,train,False,0.23181564158874404,0.0,direct,0.4925783005437583,0.44559897997396675,0.5414664032959208
2,bnci004,MMP_merge_then_adapt,CSP,lda,pt,2,0,0,5569,0.05,no_leakage_v1_alpha005,gate_all_sources_proxy_source_only_final_training_only,mmd,,,,,merge_then_adapt,coral,near_nearest_proxy,main,,0,0train,target,False,,,,,,
2,bnci004,MMP_merge_then_adapt,CSP,lda,pt,2,0,0,5569,0.05,no_leakage_v1_alpha005,gate_all_sources_proxy_source_only_final_training_only,mmd,,,,,merge_then_adapt,coral,near_nearest_proxy,final,,0,0train,target,False,,,,,,
2,bnci004,MMP_merge_then_adapt,CSP,lda,pt,2,1,1,5600,0.05,no_leakage_v1_alpha005,gate_all_sources_proxy_source_only_final_training_only,mmd,,,,,merge_then_adapt,coral,near_nearest_proxy,main,0.0,0,0train,near,False,0.21966036032205066,1.0,direct,0.4600265599512352,0.39518870306106674,0.5248904510613743
2,bnci004,MMP_merge_then_adapt,CSP,lda,pt,2,1,1,5600,0.05,no_leakage_v1_alpha005,gate_all_sources_proxy_source_only_final_training_only,mmd,,,,,merge_then_adapt,coral,near_nearest_proxy,anchor,0.0,0,0train,proxy_source,False,0.3045670162666041,1.0,direct,0.4600265599512352,0.39518870306106674,0.5248904510613743
2,bnci004,MMP_merge_then_adapt,CSP,lda,pt,2,1,1,5600,0.05,no_leakage_v1_alpha005,gate_all_sources_proxy_source_only_final_training_only,mmd,,,,,merge_then_adapt,coral,near_nearest_proxy,final,0.0,0,0train,train,False,0.21966036032205066,1.0,direct,0.4600265599512352,0.39518870306106674,0.5248904510613743
2,bnci004,MMP_merge_then_adapt,CSP,lda,pt,2,1,1,5600,0.05,no_leakage_v1_alpha005,gate_all_sources_proxy_source_only_final_training_only,mmd,,,,,merge_then_adapt,coral,near_nearest_proxy,main,1.0,2,2train,near,False,0.24309118458920895,1.0,direct,0.4156858943961195,0.37320713951627665,0.460024009119077
2,bnci004,MMP_merge_then_adapt,CSP,lda,pt,2,1,1,5600,0.05,no_leakage_v1_alpha005,gate_all_sources_proxy_source_only_final_training_only,mmd,,,,,merge_then_adapt,coral,near_nearest_proxy,anchor,1.0,2,2train,proxy_source,False,0.3370546996394842,1.0,direct,0.4156858943961195,0.37320713951627665,0.460024009119077
2,bnci004,MMP_merge_then_adapt,CSP,lda,pt,2,1,1,5600,0.05,no_leakage_v1_alpha005,gate_all_sources_proxy_source_only_final_training_only,mmd,,,,,merge_then_adapt,coral,near_nearest_proxy,final,1.0,2,2train,train,False,0.24309118458920895,1.0,direct,0.4156858943961195,0.37320713951627665,0.460024009119077
2,bnci004,MMP_merge_then_adapt,CSP,lda,pt,2,1,1,5600,0.05,no_leakage_v1_alpha005,gate_all_sources_proxy_source_only_final_training_only,mmd,,,,,merge_then_adapt,coral,near_nearest_proxy,main,2.0,3,3test,near,False,0.25847021775581125,1.0,direct,0.3909524353873936,0.32332767318012695,0.4558224485005113
2,bnci004,MMP_merge_then_adapt,CSP,lda,pt,2,1,1,5600,0.05,no_leakage_v1_alpha005,gate_all_sources_proxy_source_only_final_training_only,mmd,,,,,merge_then_adapt,coral,near_nearest_proxy,anchor,2.0,3,3test,proxy_source,False,0.3583782840939116,1.0,direct,0.3909524353873936,0.32332767318012695,0.4558224485005113
2,bnci004,MMP_merge_then_adapt,CSP,lda,pt,2,1,1,5600,0.05,no_leakage_v1_alpha005,gate_all_sources_proxy_source_only_final_training_only,mmd,,,,,merge_then_adapt,coral,near_nearest_proxy,final,2.0,3,3test,train,False,0.25847021775581125,1.0,direct,0.3909524353873936,0.32332767318012695,0.4558224485005113
2,bnci004,MMP_merge_then_adapt,CSP,lda,pt,2,1,1,5600,0.05,no_leakage_v1_alpha005,gate_all_sources_proxy_source_only_final_training_only,mmd,,,,,merge_then_adapt,coral,near_nearest_proxy,main,3.0,4,4test,nearest,True,0.27877823733292906,1.0,direct,0.36247284495900955,0.3231668470920463,0.4088140755063119
2,bnci004,MMP_merge_then_adapt,CSP,lda,pt,2,1,1,5600,0.05,no_leakage_v1_alpha005,gate_all_sources_proxy_source_only_final_training_only,mmd,,,,,merge_then_adapt,coral,near_nearest_proxy,anchor,3.0,4,4test,target,False,,1.0,direct,0.36247284495900955,0.3231668470920463,0.4088140755063119
2,bnci004,MMP_merge_then_adapt,CSP,lda,pt,2,1,1,5600,0.05,no_leakage_v1_alpha005,gate_all_sources_proxy_source_only_final_training_only,mmd,,,,,merge_then_adapt,coral,near_nearest_proxy,final,3.0,4,4test,train,True,0.27877823733292906,1.0,direct,0.36247284495900955,0.3231668470920463,0.4088140755063119
2,bnci004,MMP_merge_then_adapt,CSP,lda,pt,2,1,1,5600,0.05,no_leakage_v1_alpha005,gate_all_sources_proxy_source_only_final_training_only,mmd,,,,,merge_then_adapt,coral,near_nearest_proxy,main,,1,1train,target,False,,,,,,
2,bnci004,MMP_merge_then_adapt,CSP,lda,pt,2,1,1,5600,0.05,no_leakage_v1_alpha005,gate_all_sources_proxy_source_only_final_training_only,mmd,,,,,merge_then_adapt,coral,near_nearest_proxy,final,,1,1train,target,False,,,,,,
2,bnci004,MMP_merge_then_adapt,CSP,lda,pt,2,2,2,5631,0.05,no_leakage_v1_alpha005,gate_all_sources_proxy_source_only_final_training_only,mmd,,,,,merge_then_adapt,coral,near_nearest_proxy,main,0.0,0,0train,far,False,,2.0,direct,0.46539496908849826,0.42384023279627764,0.5090707434335424
2,bnci004,MMP_merge_then_adapt,CSP,lda,pt,2,2,2,5631,0.05,no_leakage_v1_alpha005,gate_all_sources_proxy_source_only_final_training_only,mmd,,,,,merge_then_adapt,coral,near_nearest_proxy,anchor,0.0,0,0train,not_used,False,,2.0,direct,0.46539496908849826,0.42384023279627764,0.5090707434335424
2,bnci004,MMP_merge_then_adapt,CSP,lda,pt,2,2,2,5631,0.05,no_leakage_v1_alpha005,gate_all_sources_proxy_source_only_final_training_only,mmd,,,,,merge_then_adapt,coral,near_nearest_proxy,final,0.0,0,0train,not_used,False,,2.0,direct,0.46539496908849826,0.42384023279627764,0.5090707434335424
2,bnci004,MMP_merge_then_adapt,CSP,lda,pt,2,2,2,5631,0.05,no_leakage_v1_alpha005,gate_all_sources_proxy_source_only_final_training_only,mmd,,,,,merge_then_adapt,coral,near_nearest_proxy,main,1.0,1,1train,far,False,,2.0,direct,0.3979040800499723,0.3509845560721813,0.4522078291076965
2,bnci004,MMP_merge_then_adapt,CSP,lda,pt,2,2,2,5631,0.05,no_leakage_v1_alpha005,gate_all_sources_proxy_source_only_final_training_only,mmd,,,,,merge_then_adapt,coral,near_nearest_proxy,anchor,1.0,1,1train,not_used,False,,2.0,direct,0.3979040800499723,0.3509845560721813,0.4522078291076965
2,bnci004,MMP_merge_then_adapt,CSP,lda,pt,2,2,2,5631,0.05,no_leakage_v1_alpha005,gate_all_sources_proxy_source_only_final_training_only,mmd,,,,,merge_then_adapt,coral,near_nearest_proxy,final,1.0,1,1train,not_used,False,,2.0,direct,0.3979040800499723,0.3509845560721813,0.4522078291076965
2,bnci004,MMP_merge_then_adapt,CSP,lda,pt,2,2,2,5631,0.05,no_leakage_v1_alpha005,gate_all_sources_proxy_source_only_final_training_only,mmd,,,,,merge_then_adapt,coral,near_nearest_proxy,main,2.0,3,3test,far,False,,2.0,direct,0.2771107001042365,0.2247890822645697,0.3397338132149053
2,bnci004,MMP_merge_then_adapt,CSP,lda,pt,2,2,2,5631,0.05,no_leakage_v1_alpha005,gate_all_sources_proxy_source_only_final_training_only,mmd,,,,,merge_then_adapt,coral,near_nearest_proxy,anchor,2.0,3,3test,second_nearest_fallback_source,False,1.0,2.0,direct,0.2771107001042365,0.2247890822645697,0.3397338132149053
2,bnci004,MMP_merge_then_adapt,CSP,lda,pt,2,2,2,5631,0.05,no_leakage_v1_alpha005,gate_all_sources_proxy_source_only_final_training_only,mmd,,,,,merge_then_adapt,coral,near_nearest_proxy,final,2.0,3,3test,not_used,False,,2.0,direct,0.2771107001042365,0.2247890822645697,0.3397338132149053
2,bnci004,MMP_merge_then_adapt,CSP,lda,pt,2,2,2,5631,0.05,no_leakage_v1_alpha005,gate_all_sources_proxy_source_only_final_training_only,mmd,,,,,merge_then_adapt,coral,near_nearest_proxy,main,3.0,4,4test,nearest,True,1.0,2.0,direct,0.09176820399876229,0.06598819821757794,0.12467459043960415
2,bnci004,MMP_merge_then_adapt,CSP,lda,pt,2,2,2,5631,0.05,no_leakage_v1_alpha005,gate_all_sources_proxy_source_only_final_training_only,mmd,,,,,merge_then_adapt,coral,near_nearest_proxy,anchor,3.0,4,4test,target,False,,2.0,direct,0.09176820399876229,0.06598819821757794,0.12467459043960415
2,bnci004,MMP_merge_then_adapt,CSP,lda,pt,2,2,2,5631,0.05,no_leakage_v1_alpha005,gate_all_sources_proxy_source_only_final_training_only,mmd,,,,,merge_then_adapt,coral,near_nearest_proxy,final,3.0,4,4test,train,True,1.0,2.0,direct,0.09176820399876229,0.06598819821757794,0.12467459043960415
2,bnci004,MMP_merge_then_adapt,CSP,lda,pt,2,2,2,5631,0.05,no_leakage_v1_alpha005,gate_all_sources_proxy_source_only_final_training_only,mmd,,,,,merge_then_adapt,coral,near_nearest_proxy,main,,2,2train,target,False,,,,,,
2,bnci004,MMP_merge_then_adapt,CSP,lda,pt,2,2,2,5631,0.05,no_leakage_v1_alpha005,gate_all_sources_proxy_source_only_final_training_only,mmd,,,,,merge_then_adapt,coral,near_nearest_proxy,final,,2,2train,target,False,,,,,,
2,bnci004,MMP_merge_then_adapt,CSP,lda,pt,2,3,3,5662,0.05,no_leakage_v1_alpha005,gate_all_sources_proxy_source_only_final_training_only,mmd,,,,,merge_then_adapt,coral,near_nearest_proxy,main,0.0,0,0train,far,False,,3.0,direct,0.4371444048167378,0.38697882349287355,0.4945268891014165
2,bnci004,MMP_merge_then_adapt,CSP,lda,pt,2,3,3,5662,0.05,no_leakage_v1_alpha005,gate_all_sources_proxy_source_only_final_training_only,mmd,,,,,merge_then_adapt,coral,near_nearest_proxy,anchor,0.0,0,0train,not_used,False,,3.0,direct,0.4371444048167378,0.38697882349287355,0.4945268891014165
2,bnci004,MMP_merge_then_adapt,CSP,lda,pt,2,3,3,5662,0.05,no_leakage_v1_alpha005,gate_all_sources_proxy_source_only_final_training_only,mmd,,,,,merge_then_adapt,coral,near_nearest_proxy,final,0.0,0,0train,not_used,False,,3.0,direct,0.4371444048167378,0.38697882349287355,0.4945268891014165
2,bnci004,MMP_merge_then_adapt,CSP,lda,pt,2,3,3,5662,0.05,no_leakage_v1_alpha005,gate_all_sources_proxy_source_only_final_training_only,mmd,,,,,merge_then_adapt,coral,near_nearest_proxy,main,1.0,1,1train,far,False,,3.0,direct,0.3729076242115506,0.32357012351133263,0.43020579633261874
2,bnci004,MMP_merge_then_adapt,CSP,lda,pt,2,3,3,5662,0.05,no_leakage_v1_alpha005,gate_all_sources_proxy_source_only_final_training_only,mmd,,,,,merge_then_adapt,coral,near_nearest_proxy,anchor,1.0,1,1train,not_used,False,,3.0,direct,0.3729076242115506,0.32357012351133263,0.43020579633261874
2,bnci004,MMP_merge_then_adapt,CSP,lda,pt,2,3,3,5662,0.05,no_leakage_v1_alpha005,gate_all_sources_proxy_source_only_final_training_only,mmd,,,,,merge_then_adapt,coral,near_nearest_proxy,final,1.0,1,1train,not_used,False,,3.0,direct,0.3729076242115506,0.32357012351133263,0.43020579633261874
2,bnci004,MMP_merge_then_adapt,CSP,lda,pt,2,3,3,5662,0.05,no_leakage_v1_alpha005,gate_all_sources_proxy_source_only_final_training_only,mmd,,,,,merge_then_adapt,coral,near_nearest_proxy,main,2.0,2,2train,nearest,True,0.5405331275854305,3.0,direct,0.1963666171750315,0.14565861259224508,0.2418733321555514
2,bnci004,MMP_merge_then_adapt,CSP,lda,pt,2,3,3,5662,0.05,no_leakage_v1_alpha005,gate_all_sources_proxy_source_only_final_training_only,mmd,,,,,merge_then_adapt,coral,near_nearest_proxy,anchor,2.0,2,2train,target,False,,3.0,direct,0.1963666171750315,0.14565861259224508,0.2418733321555514
2,bnci004,MMP_merge_then_adapt,CSP,lda,pt,2,3,3,5662,0.05,no_leakage_v1_alpha005,gate_all_sources_proxy_source_only_final_training_only,mmd,,,,,merge_then_adapt,coral,near_nearest_proxy,final,2.0,2,2train,train,True,0.5405331275854305,3.0,direct,0.1963666171750315,0.14565861259224508,0.2418733321555514
2,bnci004,MMP_merge_then_adapt,CSP,lda,pt,2,3,3,5662,0.05,no_leakage_v1_alpha005,gate_all_sources_proxy_source_only_final_training_only,mmd,,,,,merge_then_adapt,coral,near_nearest_proxy,main,3.0,4,4test,near,False,0.45946687241456946,3.0,direct,0.2310128306823283,0.17795772377492605,0.29176406379187336
2,bnci004,MMP_merge_then_adapt,CSP,lda,pt,2,3,3,5662,0.05,no_leakage_v1_alpha005,gate_all_sources_proxy_source_only_final_training_only,mmd,,,,,merge_then_adapt,coral,near_nearest_proxy,anchor,3.0,4,4test,proxy_source,False,1.0,3.0,direct,0.2310128306823283,0.17795772377492605,0.29176406379187336
2,bnci004,MMP_merge_then_adapt,CSP,lda,pt,2,3,3,5662,0.05,no_leakage_v1_alpha005,gate_all_sources_proxy_source_only_final_training_only,mmd,,,,,merge_then_adapt,coral,near_nearest_proxy,final,3.0,4,4test,train,False,0.45946687241456946,3.0,direct,0.2310128306823283,0.17795772377492605,0.29176406379187336
2,bnci004,MMP_merge_then_adapt,CSP,lda,pt,2,3,3,5662,0.05,no_leakage_v1_alpha005,gate_all_sources_proxy_source_only_final_training_only,mmd,,,,,merge_then_adapt,coral,near_nearest_proxy,main,,3,3test,target,False,,,,,,
2,bnci004,MMP_merge_then_adapt,CSP,lda,pt,2,3,3,5662,0.05,no_leakage_v1_alpha005,gate_all_sources_proxy_source_only_final_training_only,mmd,,,,,merge_then_adapt,coral,near_nearest_proxy,final,,3,3test,target,False,,,,,,
2,bnci004,MMP_merge_then_adapt,CSP,lda,pt,2,4,4,5693,0.05,no_leakage_v1_alpha005,gate_all_sources_proxy_source_only_final_training_only,mmd,,,,,merge_then_adapt,coral,near_nearest_proxy,main,0.0,0,0train,far,False,,4.0,direct,0.4634140300324634,0.424091712846343,0.5097330428008728
2,bnci004,MMP_merge_then_adapt,CSP,lda,pt,2,4,4,5693,0.05,no_leakage_v1_alpha005,gate_all_sources_proxy_source_only_final_training_only,mmd,,,,,merge_then_adapt,coral,near_nearest_proxy,anchor,0.0,0,0train,not_used,False,,4.0,direct,0.4634140300324634,0.424091712846343,0.5097330428008728
2,bnci004,MMP_merge_then_adapt,CSP,lda,pt,2,4,4,5693,0.05,no_leakage_v1_alpha005,gate_all_sources_proxy_source_only_final_training_only,mmd,,,,,merge_then_adapt,coral,near_nearest_proxy,final,0.0,0,0train,not_used,False,,4.0,direct,0.4634140300324634,0.424091712846343,0.5097330428008728
2,bnci004,MMP_merge_then_adapt,CSP,lda,pt,2,4,4,5693,0.05,no_leakage_v1_alpha005,gate_all_sources_proxy_source_only_final_training_only,mmd,,,,,merge_then_adapt,coral,near_nearest_proxy,main,1.0,1,1train,far,False,,4.0,direct,0.30570130815517443,0.2531036813570984,0.361898968979239
2,bnci004,MMP_merge_then_adapt,CSP,lda,pt,2,4,4,5693,0.05,no_leakage_v1_alpha005,gate_all_sources_proxy_source_only_final_training_only,mmd,,,,,merge_then_adapt,coral,near_nearest_proxy,anchor,1.0,1,1train,not_used,False,,4.0,direct,0.30570130815517443,0.2531036813570984,0.361898968979239
2,bnci004,MMP_merge_then_adapt,CSP,lda,pt,2,4,4,5693,0.05,no_leakage_v1_alpha005,gate_all_sources_proxy_source_only_final_training_only,mmd,,,,,merge_then_adapt,coral,near_nearest_proxy,final,1.0,1,1train,not_used,False,,4.0,direct,0.30570130815517443,0.2531036813570984,0.361898968979239
2,bnci004,MMP_merge_then_adapt,CSP,lda,pt,2,4,4,5693,0.05,no_leakage_v1_alpha005,gate_all_sources_proxy_source_only_final_training_only,mmd,,,,,merge_then_adapt,coral,near_nearest_proxy,main,2.0,2,2train,nearest,True,1.0,4.0,direct,0.08500186699829979,0.05812433346853662,0.12011817565572191
2,bnci004,MMP_merge_then_adapt,CSP,lda,pt,2,4,4,5693,0.05,no_leakage_v1_alpha005,gate_all_sources_proxy_source_only_final_training_only,mmd,,,,,merge_then_adapt,coral,near_nearest_proxy,anchor,2.0,2,2train,target,False,,4.0,direct,0.08500186699829979,0.05812433346853662,0.12011817565572191
2,bnci004,MMP_merge_then_adapt,CSP,lda,pt,2,4,4,5693,0.05,no_leakage_v1_alpha005,gate_all_sources_proxy_source_only_final_training_only,mmd,,,,,merge_then_adapt,coral,near_nearest_proxy,final,2.0,2,2train,train,True,1.0,4.0,direct,0.08500186699829979,0.05812433346853662,0.12011817565572191
2,bnci004,MMP_merge_then_adapt,CSP,lda,pt,2,4,4,5693,0.05,no_leakage_v1_alpha005,gate_all_sources_proxy_source_only_final_training_only,mmd,,,,,merge_then_adapt,coral,near_nearest_proxy,main,3.0,3,3test,far,False,,4.0,direct,0.2246039417967414,0.16921732599612488,0.2905854517806743
2,bnci004,MMP_merge_then_adapt,CSP,lda,pt,2,4,4,5693,0.05,no_leakage_v1_alpha005,gate_all_sources_proxy_source_only_final_training_only,mmd,,,,,merge_then_adapt,coral,near_nearest_proxy,anchor,3.0,3,3test,second_nearest_fallback_source,False,1.0,4.0,direct,0.2246039417967414,0.16921732599612488,0.2905854517806743
2,bnci004,MMP_merge_then_adapt,CSP,lda,pt,2,4,4,5693,0.05,no_leakage_v1_alpha005,gate_all_sources_proxy_source_only_final_training_only,mmd,,,,,merge_then_adapt,coral,near_nearest_proxy,final,3.0,3,3test,not_used,False,,4.0,direct,0.2246039417967414,0.16921732599612488,0.2905854517806743
2,bnci004,MMP_merge_then_adapt,CSP,lda,pt,2,4,4,5693,0.05,no_leakage_v1_alpha005,gate_all_sources_proxy_source_only_final_training_only,mmd,,,,,merge_then_adapt,coral,near_nearest_proxy,main,,4,4test,target,False,,,,,,
2,bnci004,MMP_merge_then_adapt,CSP,lda,pt,2,4,4,5693,0.05,no_leakage_v1_alpha005,gate_all_sources_proxy_source_only_final_training_only,mmd,,,,,merge_then_adapt,coral,near_nearest_proxy,final,,4,4test,target,False,,,,,,
2,bnci004,MMP_merge_then_adapt,CSP,lda,coral,3,0,0,6566,0.05,no_leakage_v1_alpha005,gate_all_sources_proxy_source_only_final_training_only,mmd,,,,,merge_then_adapt,coral,near_nearest_proxy,main,0.0,1,1train,nearest,True,0.2616961646320686,0.0,direct,0.4343576016336316,0.375397383718363,0.5032498188526549
2,bnci004,MMP_merge_then_adapt,CSP,lda,coral,3,0,0,6566,0.05,no_leakage_v1_alpha005,gate_all_sources_proxy_source_only_final_training_only,mmd,,,,,merge_then_adapt,coral,near_nearest_proxy,anchor,0.0,1,1train,target,False,,0.0,direct,0.4343576016336316,0.375397383718363,0.5032498188526549
2,bnci004,MMP_merge_then_adapt,CSP,lda,coral,3,0,0,6566,0.05,no_leakage_v1_alpha005,gate_all_sources_proxy_source_only_final_training_only,mmd,,,,,merge_then_adapt,coral,near_nearest_proxy,final,0.0,1,1train,train,True,0.2616961646320686,0.0,direct,0.4343576016336316,0.375397383718363,0.5032498188526549
2,bnci004,MMP_merge_then_adapt,CSP,lda,coral,3,0,0,6566,0.05,no_leakage_v1_alpha005,gate_all_sources_proxy_source_only_final_training_only,mmd,,,,,merge_then_adapt,coral,near_nearest_proxy,main,1.0,2,2train,near,False,0.26040959260397945,0.0,direct,0.43650358105563997,0.39422365975274254,0.47828283917816
2,bnci004,MMP_merge_then_adapt,CSP,lda,coral,3,0,0,6566,0.05,no_leakage_v1_alpha005,gate_all_sources_proxy_source_only_final_training_only,mmd,,,,,merge_then_adapt,coral,near_nearest_proxy,anchor,1.0,2,2train,proxy_source,False,0.3527133141252139,0.0,direct,0.43650358105563997,0.39422365975274254,0.47828283917816
2,bnci004,MMP_merge_then_adapt,CSP,lda,coral,3,0,0,6566,0.05,no_leakage_v1_alpha005,gate_all_sources_proxy_source_only_final_training_only,mmd,,,,,merge_then_adapt,coral,near_nearest_proxy,final,1.0,2,2train,train,False,0.26040959260397945,0.0,direct,0.43650358105563997,0.39422365975274254,0.47828283917816
2,bnci004,MMP_merge_then_adapt,CSP,lda,coral,3,0,0,6566,0.05,no_leakage_v1_alpha005,gate_all_sources_proxy_source_only_final_training_only,mmd,,,,,merge_then_adapt,coral,near_nearest_proxy,main,2.0,3,3test,near,False,0.2470561359217826,0.0,direct,0.46009678181934155,0.4052766204653712,0.5215974711346181
2,bnci004,MMP_merge_then_adapt,CSP,lda,coral,3,0,0,6566,0.05,no_leakage_v1_alpha005,gate_all_sources_proxy_source_only_final_training_only,mmd,,,,,merge_then_adapt,coral,near_nearest_proxy,anchor,2.0,3,3test,proxy_source,False,0.33462664567990885,0.0,direct,0.46009678181934155,0.4052766204653712,0.5215974711346181
2,bnci004,MMP_merge_then_adapt,CSP,lda,coral,3,0,0,6566,0.05,no_leakage_v1_alpha005,gate_all_sources_proxy_source_only_final_training_only,mmd,,,,,merge_then_adapt,coral,near_nearest_proxy,final,2.0,3,3test,train,False,0.2470561359217826,0.0,direct,0.46009678181934155,0.4052766204653712,0.5215974711346181
2,bnci004,MMP_merge_then_adapt,CSP,lda,coral,3,0,0,6566,0.05,no_leakage_v1_alpha005,gate_all_sources_proxy_source_only_final_training_only,mmd,,,,,merge_then_adapt,coral,near_nearest_proxy,main,3.0,4,4test,near,False,0.2308381068421695,0.0,direct,0.49242194384345,0.441996106049507,0.5416780822699236
2,bnci004,MMP_merge_then_adapt,CSP,lda,coral,3,0,0,6566,0.05,no_leakage_v1_alpha005,gate_all_sources_proxy_source_only_final_training_only,mmd,,,,,merge_then_adapt,coral,near_nearest_proxy,anchor,3.0,4,4test,proxy_source,False,0.3126600401948772,0.0,direct,0.49242194384345,0.441996106049507,0.5416780822699236
2,bnci004,MMP_merge_then_adapt,CSP,lda,coral,3,0,0,6566,0.05,no_leakage_v1_alpha005,gate_all_sources_proxy_source_only_final_training_only,mmd,,,,,merge_then_adapt,coral,near_nearest_proxy,final,3.0,4,4test,train,False,0.2308381068421695,0.0,direct,0.49242194384345,0.441996106049507,0.5416780822699236
2,bnci004,MMP_merge_then_adapt,CSP,lda,coral,3,0,0,6566,0.05,no_leakage_v1_alpha005,gate_all_sources_proxy_source_only_final_training_only,mmd,,,,,merge_then_adapt,coral,near_nearest_proxy,main,,0,0train,target,False,,,,,,
2,bnci004,MMP_merge_then_adapt,CSP,lda,coral,3,0,0,6566,0.05,no_leakage_v1_alpha005,gate_all_sources_proxy_source_only_final_training_only,mmd,,,,,merge_then_adapt,coral,near_nearest_proxy,final,,0,0train,target,False,,,,,,
2,bnci004,MMP_merge_then_adapt,CSP,lda,coral,3,1,1,6597,0.05,no_leakage_v1_alpha005,gate_all_sources_proxy_source_only_final_training_only,mmd,,,,,merge_then_adapt,coral,near_nearest_proxy,main,0.0,0,0train,near,False,0.22048814620326446,1.0,direct,0.45924972727572827,0.3968820079058204,0.5230752590114021
2,bnci004,MMP_merge_then_adapt,CSP,lda,coral,3,1,1,6597,0.05,no_leakage_v1_alpha005,gate_all_sources_proxy_source_only_final_training_only,mmd,,,,,merge_then_adapt,coral,near_nearest_proxy,anchor,0.0,0,0train,proxy_source,False,0.3051071225562131,1.0,direct,0.45924972727572827,0.3968820079058204,0.5230752590114021
2,bnci004,MMP_merge_then_adapt,CSP,lda,coral,3,1,1,6597,0.05,no_leakage_v1_alpha005,gate_all_sources_proxy_source_only_final_training_only,mmd,,,,,merge_then_adapt,coral,near_nearest_proxy,final,0.0,0,0train,train,False,0.22048814620326446,1.0,direct,0.45924972727572827,0.3968820079058204,0.5230752590114021
2,bnci004,MMP_merge_then_adapt,CSP,lda,coral,3,1,1,6597,0.05,no_leakage_v1_alpha005,gate_all_sources_proxy_source_only_final_training_only,mmd,,,,,merge_then_adapt,coral,near_nearest_proxy,main,1.0,2,2train,near,False,0.24134890683169857,1.0,direct,0.4195548323789639,0.3744088402916272,0.46419567354291663
2,bnci004,MMP_merge_then_adapt,CSP,lda,coral,3,1,1,6597,0.05,no_leakage_v1_alpha005,gate_all_sources_proxy_source_only_final_training_only,mmd,,,,,merge_then_adapt,coral,near_nearest_proxy,anchor,1.0,2,2train,proxy_source,False,0.333973829267094,1.0,direct,0.4195548323789639,0.3744088402916272,0.46419567354291663
2,bnci004,MMP_merge_then_adapt,CSP,lda,coral,3,1,1,6597,0.05,no_leakage_v1_alpha005,gate_all_sources_proxy_source_only_final_training_only,mmd,,,,,merge_then_adapt,coral,near_nearest_proxy,final,1.0,2,2train,train,False,0.24134890683169857,1.0,direct,0.4195548323789639,0.3744088402916272,0.46419567354291663
2,bnci004,MMP_merge_then_adapt,CSP,lda,coral,3,1,1,6597,0.05,no_leakage_v1_alpha005,gate_all_sources_proxy_source_only_final_training_only,mmd,,,,,merge_then_adapt,coral,near_nearest_proxy,main,2.0,3,3test,near,False,0.26082108865637554,1.0,direct,0.38823195317554876,0.3270518949525845,0.45392581472179566
2,bnci004,MMP_merge_then_adapt,CSP,lda,coral,3,1,1,6597,0.05,no_leakage_v1_alpha005,gate_all_sources_proxy_source_only_final_training_only,mmd,,,,,merge_then_adapt,coral,near_nearest_proxy,anchor,2.0,3,3test,proxy_source,False,0.3609190481766928,1.0,direct,0.38823195317554876,0.3270518949525845,0.45392581472179566
2,bnci004,MMP_merge_then_adapt,CSP,lda,coral,3,1,1,6597,0.05,no_leakage_v1_alpha005,gate_all_sources_proxy_source_only_final_training_only,mmd,,,,,merge_then_adapt,coral,near_nearest_proxy,final,2.0,3,3test,train,False,0.26082108865637554,1.0,direct,0.38823195317554876,0.3270518949525845,0.45392581472179566
2,bnci004,MMP_merge_then_adapt,CSP,lda,coral,3,1,1,6597,0.05,no_leakage_v1_alpha005,gate_all_sources_proxy_source_only_final_training_only,mmd,,,,,merge_then_adapt,coral,near_nearest_proxy,main,3.0,4,4test,nearest,True,0.27734185830866154,1.0,direct,0.3651055948611044,0.3135828026840594,0.4225484671595086
2,bnci004,MMP_merge_then_adapt,CSP,lda,coral,3,1,1,6597,0.05,no_leakage_v1_alpha005,gate_all_sources_proxy_source_only_final_training_only,mmd,,,,,merge_then_adapt,coral,near_nearest_proxy,anchor,3.0,4,4test,target,False,,1.0,direct,0.3651055948611044,0.3135828026840594,0.4225484671595086
2,bnci004,MMP_merge_then_adapt,CSP,lda,coral,3,1,1,6597,0.05,no_leakage_v1_alpha005,gate_all_sources_proxy_source_only_final_training_only,mmd,,,,,merge_then_adapt,coral,near_nearest_proxy,final,3.0,4,4test,train,True,0.27734185830866154,1.0,direct,0.3651055948611044,0.3135828026840594,0.4225484671595086
2,bnci004,MMP_merge_then_adapt,CSP,lda,coral,3,1,1,6597,0.05,no_leakage_v1_alpha005,gate_all_sources_proxy_source_only_final_training_only,mmd,,,,,merge_then_adapt,coral,near_nearest_proxy,main,,1,1train,target,False,,,,,,
2,bnci004,MMP_merge_then_adapt,CSP,lda,coral,3,1,1,6597,0.05,no_leakage_v1_alpha005,gate_all_sources_proxy_source_only_final_training_only,mmd,,,,,merge_then_adapt,coral,near_nearest_proxy,final,,1,1train,target,False,,,,,,
2,bnci004,MMP_merge_then_adapt,CSP,lda,coral,3,2,2,6628,0.05,no_leakage_v1_alpha005,gate_all_sources_proxy_source_only_final_training_only,mmd,,,,,merge_then_adapt,coral,near_nearest_proxy,main,0.0,0,0train,far,False,,2.0,direct,0.4654728691088951,0.42529938437776627,0.5058774417750558
2,bnci004,MMP_merge_then_adapt,CSP,lda,coral,3,2,2,6628,0.05,no_leakage_v1_alpha005,gate_all_sources_proxy_source_only_final_training_only,mmd,,,,,merge_then_adapt,coral,near_nearest_proxy,anchor,0.0,0,0train,not_used,False,,2.0,direct,0.4654728691088951,0.42529938437776627,0.5058774417750558
2,bnci004,MMP_merge_then_adapt,CSP,lda,coral,3,2,2,6628,0.05,no_leakage_v1_alpha005,gate_all_sources_proxy_source_only_final_training_only,mmd,,,,,merge_then_adapt,coral,near_nearest_proxy,final,0.0,0,0train,not_used,False,,2.0,direct,0.4654728691088951,0.42529938437776627,0.5058774417750558
2,bnci004,MMP_merge_then_adapt,CSP,lda,coral,3,2,2,6628,0.05,no_leakage_v1_alpha005,gate_all_sources_proxy_source_only_final_training_only,mmd,,,,,merge_then_adapt,coral,near_nearest_proxy,main,1.0,1,1train,far,False,,2.0,direct,0.40143816189222437,0.3538929531451574,0.4469702408812575
2,bnci004,MMP_merge_then_adapt,CSP,lda,coral,3,2,2,6628,0.05,no_leakage_v1_alpha005,gate_all_sources_proxy_source_only_final_training_only,mmd,,,,,merge_then_adapt,coral,near_nearest_proxy,anchor,1.0,1,1train,not_used,False,,2.0,direct,0.40143816189222437,0.3538929531451574,0.4469702408812575
2,bnci004,MMP_merge_then_adapt,CSP,lda,coral,3,2,2,6628,0.05,no_leakage_v1_alpha005,gate_all_sources_proxy_source_only_final_training_only,mmd,,,,,merge_then_adapt,coral,near_nearest_proxy,final,1.0,1,1train,not_used,False,,2.0,direct,0.40143816189222437,0.3538929531451574,0.4469702408812575
2,bnci004,MMP_merge_then_adapt,CSP,lda,coral,3,2,2,6628,0.05,no_leakage_v1_alpha005,gate_all_sources_proxy_source_only_final_training_only,mmd,,,,,merge_then_adapt,coral,near_nearest_proxy,main,2.0,3,3test,far,False,,2.0,direct,0.27945448284817476,0.22903211050193156,0.33512506994720975
2,bnci004,MMP_merge_then_adapt,CSP,lda,coral,3,2,2,6628,0.05,no_leakage_v1_alpha005,gate_all_sources_proxy_source_only_final_training_only,mmd,,,,,merge_then_adapt,coral,near_nearest_proxy,anchor,2.0,3,3test,second_nearest_fallback_source,False,1.0,2.0,direct,0.27945448284817476,0.22903211050193156,0.33512506994720975
2,bnci004,MMP_merge_then_adapt,CSP,lda,coral,3,2,2,6628,0.05,no_leakage_v1_alpha005,gate_all_sources_proxy_source_only_final_training_only,mmd,,,,,merge_then_adapt,coral,near_nearest_proxy,final,2.0,3,3test,not_used,False,,2.0,direct,0.27945448284817476,0.22903211050193156,0.33512506994720975
2,bnci004,MMP_merge_then_adapt,CSP,lda,coral,3,2,2,6628,0.05,no_leakage_v1_alpha005,gate_all_sources_proxy_source_only_final_training_only,mmd,,,,,merge_then_adapt,coral,near_nearest_proxy,main,3.0,4,4test,nearest,True,1.0,2.0,direct,0.09167273233288555,0.06336685295440049,0.12591860694579451
2,bnci004,MMP_merge_then_adapt,CSP,lda,coral,3,2,2,6628,0.05,no_leakage_v1_alpha005,gate_all_sources_proxy_source_only_final_training_only,mmd,,,,,merge_then_adapt,coral,near_nearest_proxy,anchor,3.0,4,4test,target,False,,2.0,direct,0.09167273233288555,0.06336685295440049,0.12591860694579451
2,bnci004,MMP_merge_then_adapt,CSP,lda,coral,3,2,2,6628,0.05,no_leakage_v1_alpha005,gate_all_sources_proxy_source_only_final_training_only,mmd,,,,,merge_then_adapt,coral,near_nearest_proxy,final,3.0,4,4test,train,True,1.0,2.0,direct,0.09167273233288555,0.06336685295440049,0.12591860694579451
2,bnci004,MMP_merge_then_adapt,CSP,lda,coral,3,2,2,6628,0.05,no_leakage_v1_alpha005,gate_all_sources_proxy_source_only_final_training_only,mmd,,,,,merge_then_adapt,coral,near_nearest_proxy,main,,2,2train,target,False,,,,,,
2,bnci004,MMP_merge_then_adapt,CSP,lda,coral,3,2,2,6628,0.05,no_leakage_v1_alpha005,gate_all_sources_proxy_source_only_final_training_only,mmd,,,,,merge_then_adapt,coral,near_nearest_proxy,final,,2,2train,target,False,,,,,,
2,bnci004,MMP_merge_then_adapt,CSP,lda,coral,3,3,3,6659,0.05,no_leakage_v1_alpha005,gate_all_sources_proxy_source_only_final_training_only,mmd,,,,,merge_then_adapt,coral,near_nearest_proxy,main,0.0,0,0train,far,False,,3.0,direct,0.43981459497712316,0.3855386666613521,0.497326614801775
2,bnci004,MMP_merge_then_adapt,CSP,lda,coral,3,3,3,6659,0.05,no_leakage_v1_alpha005,gate_all_sources_proxy_source_only_final_training_only,mmd,,,,,merge_then_adapt,coral,near_nearest_proxy,anchor,0.0,0,0train,not_used,False,,3.0,direct,0.43981459497712316,0.3855386666613521,0.497326614801775
2,bnci004,MMP_merge_then_adapt,CSP,lda,coral,3,3,3,6659,0.05,no_leakage_v1_alpha005,gate_all_sources_proxy_source_only_final_training_only,mmd,,,,,merge_then_adapt,coral,near_nearest_proxy,final,0.0,0,0train,not_used,False,,3.0,direct,0.43981459497712316,0.3855386666613521,0.497326614801775
2,bnci004,MMP_merge_then_adapt,CSP,lda,coral,3,3,3,6659,0.05,no_leakage_v1_alpha005,gate_all_sources_proxy_source_only_final_training_only,mmd,,,,,merge_then_adapt,coral,near_nearest_proxy,main,1.0,1,1train,far,False,,3.0,direct,0.37697680113052856,0.31874422410246117,0.44260309585892554
2,bnci004,MMP_merge_then_adapt,CSP,lda,coral,3,3,3,6659,0.05,no_leakage_v1_alpha005,gate_all_sources_proxy_source_only_final_training_only,mmd,,,,,merge_then_adapt,coral,near_nearest_proxy,anchor,1.0,1,1train,not_used,False,,3.0,direct,0.37697680113052856,0.31874422410246117,0.44260309585892554
2,bnci004,MMP_merge_then_adapt,CSP,lda,coral,3,3,3,6659,0.05,no_leakage_v1_alpha005,gate_all_sources_proxy_source_only_final_training_only,mmd,,,,,merge_then_adapt,coral,near_nearest_proxy,final,1.0,1,1train,not_used,False,,3.0,direct,0.37697680113052856,0.31874422410246117,0.44260309585892554
2,bnci004,MMP_merge_then_adapt,CSP,lda,coral,3,3,3,6659,0.05,no_leakage_v1_alpha005,gate_all_sources_proxy_source_only_final_training_only,mmd,,,,,merge_then_adapt,coral,near_nearest_proxy,main,2.0,2,2train,nearest,True,0.537710103494245,3.0,direct,0.19920583774554743,0.14969694177445395,0.2516173719163292
2,bnci004,MMP_merge_then_adapt,CSP,lda,coral,3,3,3,6659,0.05,no_leakage_v1_alpha005,gate_all_sources_proxy_source_only_final_training_only,mmd,,,,,merge_then_adapt,coral,near_nearest_proxy,anchor,2.0,2,2train,target,False,,3.0,direct,0.19920583774554743,0.14969694177445395,0.2516173719163292
2,bnci004,MMP_merge_then_adapt,CSP,lda,coral,3,3,3,6659,0.05,no_leakage_v1_alpha005,gate_all_sources_proxy_source_only_final_training_only,mmd,,,,,merge_then_adapt,coral,near_nearest_proxy,final,2.0,2,2train,train,True,0.537710103494245,3.0,direct,0.19920583774554743,0.14969694177445395,0.2516173719163292
2,bnci004,MMP_merge_then_adapt,CSP,lda,coral,3,3,3,6659,0.05,no_leakage_v1_alpha005,gate_all_sources_proxy_source_only_final_training_only,mmd,,,,,merge_then_adapt,coral,near_nearest_proxy,main,3.0,4,4test,near,False,0.4622898965057551,3.0,direct,0.23170540360206554,0.1813256599532397,0.2894673812123395
2,bnci004,MMP_merge_then_adapt,CSP,lda,coral,3,3,3,6659,0.05,no_leakage_v1_alpha005,gate_all_sources_proxy_source_only_final_training_only,mmd,,,,,merge_then_adapt,coral,near_nearest_proxy,anchor,3.0,4,4test,proxy_source,False,1.0,3.0,direct,0.23170540360206554,0.1813256599532397,0.2894673812123395
2,bnci004,MMP_merge_then_adapt,CSP,lda,coral,3,3,3,6659,0.05,no_leakage_v1_alpha005,gate_all_sources_proxy_source_only_final_training_only,mmd,,,,,merge_then_adapt,coral,near_nearest_proxy,final,3.0,4,4test,train,False,0.4622898965057551,3.0,direct,0.23170540360206554,0.1813256599532397,0.2894673812123395
2,bnci004,MMP_merge_then_adapt,CSP,lda,coral,3,3,3,6659,0.05,no_leakage_v1_alpha005,gate_all_sources_proxy_source_only_final_training_only,mmd,,,,,merge_then_adapt,coral,near_nearest_proxy,main,,3,3test,target,False,,,,,,
2,bnci004,MMP_merge_then_adapt,CSP,lda,coral,3,3,3,6659,0.05,no_leakage_v1_alpha005,gate_all_sources_proxy_source_only_final_training_only,mmd,,,,,merge_then_adapt,coral,near_nearest_proxy,final,,3,3test,target,False,,,,,,
2,bnci004,MMP_merge_then_adapt,CSP,lda,coral,3,4,4,6690,0.05,no_leakage_v1_alpha005,gate_all_sources_proxy_source_only_final_training_only,mmd,,,,,merge_then_adapt,coral,near_nearest_proxy,main,0.0,0,0train,far,False,,4.0,direct,0.45996814273953873,0.41297413299829383,0.5115055333273897
2,bnci004,MMP_merge_then_adapt,CSP,lda,coral,3,4,4,6690,0.05,no_leakage_v1_alpha005,gate_all_sources_proxy_source_only_final_training_only,mmd,,,,,merge_then_adapt,coral,near_nearest_proxy,anchor,0.0,0,0train,not_used,False,,4.0,direct,0.45996814273953873,0.41297413299829383,0.5115055333273897
2,bnci004,MMP_merge_then_adapt,CSP,lda,coral,3,4,4,6690,0.05,no_leakage_v1_alpha005,gate_all_sources_proxy_source_only_final_training_only,mmd,,,,,merge_then_adapt,coral,near_nearest_proxy,final,0.0,0,0train,not_used,False,,4.0,direct,0.45996814273953873,0.41297413299829383,0.5115055333273897
2,bnci004,MMP_merge_then_adapt,CSP,lda,coral,3,4,4,6690,0.05,no_leakage_v1_alpha005,gate_all_sources_proxy_source_only_final_training_only,mmd,,,,,merge_then_adapt,coral,near_nearest_proxy,main,1.0,1,1train,far,False,,4.0,direct,0.31195336889496644,0.2631459660994101,0.3714675363980739
2,bnci004,MMP_merge_then_adapt,CSP,lda,coral,3,4,4,6690,0.05,no_leakage_v1_alpha005,gate_all_sources_proxy_source_only_final_training_only,mmd,,,,,merge_then_adapt,coral,near_nearest_proxy,anchor,1.0,1,1train,not_used,False,,4.0,direct,0.31195336889496644,0.2631459660994101,0.3714675363980739
2,bnci004,MMP_merge_then_adapt,CSP,lda,coral,3,4,4,6690,0.05,no_leakage_v1_alpha005,gate_all_sources_proxy_source_only_final_training_only,mmd,,,,,merge_then_adapt,coral,near_nearest_proxy,final,1.0,1,1train,not_used,False,,4.0,direct,0.31195336889496644,0.2631459660994101,0.3714675363980739
2,bnci004,MMP_merge_then_adapt,CSP,lda,coral,3,4,4,6690,0.05,no_leakage_v1_alpha005,gate_all_sources_proxy_source_only_final_training_only,mmd,,,,,merge_then_adapt,coral,near_nearest_proxy,main,2.0,2,2train,nearest,True,1.0,4.0,direct,0.08441977695610156,0.059029955382810945,0.11090235850803953
2,bnci004,MMP_merge_then_adapt,CSP,lda,coral,3,4,4,6690,0.05,no_leakage_v1_alpha005,gate_all_sources_proxy_source_only_final_training_only,mmd,,,,,merge_then_adapt,coral,near_nearest_proxy,anchor,2.0,2,2train,target,False,,4.0,direct,0.08441977695610156,0.059029955382810945,0.11090235850803953
2,bnci004,MMP_merge_then_adapt,CSP,lda,coral,3,4,4,6690,0.05,no_leakage_v1_alpha005,gate_all_sources_proxy_source_only_final_training_only,mmd,,,,,merge_then_adapt,coral,near_nearest_proxy,final,2.0,2,2train,train,True,1.0,4.0,direct,0.08441977695610156,0.059029955382810945,0.11090235850803953
2,bnci004,MMP_merge_then_adapt,CSP,lda,coral,3,4,4,6690,0.05,no_leakage_v1_alpha005,gate_all_sources_proxy_source_only_final_training_only,mmd,,,,,merge_then_adapt,coral,near_nearest_proxy,main,3.0,3,3test,far,False,,4.0,direct,0.22322990060474918,0.1688231823499389,0.28028766951081585
2,bnci004,MMP_merge_then_adapt,CSP,lda,coral,3,4,4,6690,0.05,no_leakage_v1_alpha005,gate_all_sources_proxy_source_only_final_training_only,mmd,,,,,merge_then_adapt,coral,near_nearest_proxy,anchor,3.0,3,3test,second_nearest_fallback_source,False,1.0,4.0,direct,0.22322990060474918,0.1688231823499389,0.28028766951081585
2,bnci004,MMP_merge_then_adapt,CSP,lda,coral,3,4,4,6690,0.05,no_leakage_v1_alpha005,gate_all_sources_proxy_source_only_final_training_only,mmd,,,,,merge_then_adapt,coral,near_nearest_proxy,final,3.0,3,3test,not_used,False,,4.0,direct,0.22322990060474918,0.1688231823499389,0.28028766951081585
2,bnci004,MMP_merge_then_adapt,CSP,lda,coral,3,4,4,6690,0.05,no_leakage_v1_alpha005,gate_all_sources_proxy_source_only_final_training_only,mmd,,,,,merge_then_adapt,coral,near_nearest_proxy,main,,4,4test,target,False,,,,,,
2,bnci004,MMP_merge_then_adapt,CSP,lda,coral,3,4,4,6690,0.05,no_leakage_v1_alpha005,gate_all_sources_proxy_source_only_final_training_only,mmd,,,,,merge_then_adapt,coral,near_nearest_proxy,final,,4,4test,target,False,,,,,,
2,bnci004,MMP_merge_then_adapt,CSP,svm_radial,none,4,0,0,7563,0.05,no_leakage_v1_alpha005,gate_all_sources_proxy_source_only_final_training_only,mmd,,,,,merge_then_adapt,coral,near_nearest_proxy,main,0.0,1,1train,near,False,0.2588129142439894,0.0,direct,0.44021811277840955,0.3831546222898656,0.5022962942305867
2,bnci004,MMP_merge_then_adapt,CSP,svm_radial,none,4,0,0,7563,0.05,no_leakage_v1_alpha005,gate_all_sources_proxy_source_only_final_training_only,mmd,,,,,merge_then_adapt,coral,near_nearest_proxy,anchor,0.0,1,1train,proxy_source,False,0.34963911842785456,0.0,direct,0.44021811277840955,0.3831546222898656,0.5022962942305867
2,bnci004,MMP_merge_then_adapt,CSP,svm_radial,none,4,0,0,7563,0.05,no_leakage_v1_alpha005,gate_all_sources_proxy_source_only_final_training_only,mmd,,,,,merge_then_adapt,coral,near_nearest_proxy,final,0.0,1,1train,train,False,0.2588129142439894,0.0,direct,0.44021811277840955,0.3831546222898656,0.5022962942305867
2,bnci004,MMP_merge_then_adapt,CSP,svm_radial,none,4,0,0,7563,0.05,no_leakage_v1_alpha005,gate_all_sources_proxy_source_only_final_training_only,mmd,,,,,merge_then_adapt,coral,near_nearest_proxy,main,1.0,2,2train,nearest,True,0.2597712881563808,0.0,direct,0.4385940129157298,0.39522863730902397,0.4794683690092224
2,bnci004,MMP_merge_then_adapt,CSP,svm_radial,none,4,0,0,7563,0.05,no_leakage_v1_alpha005,gate_all_sources_proxy_source_only_final_training_only,mmd,,,,,merge_then_adapt,coral,near_nearest_proxy,anchor,1.0,2,2train,target,False,,0.0,direct,0.4385940129157298,0.39522863730902397,0.4794683690092224
2,bnci004,MMP_merge_then_adapt,CSP,svm_radial,none,4,0,0,7563,0.05,no_leakage_v1_alpha005,gate_all_sources_proxy_source_only_final_training_only,mmd,,,,,merge_then_adapt,coral,near_nearest_proxy,final,1.0,2,2train,train,True,0.2597712881563808,0.0,direct,0.4385940129157298,0.39522863730902397,0.4794683690092224
2,bnci004,MMP_merge_then_adapt,CSP,svm_radial,none,4,0,0,7563,0.05,no_leakage_v1_alpha005,gate_all_sources_proxy_source_only_final_training_only,mmd,,,,,merge_then_adapt,coral,near_nearest_proxy,main,2.0,3,3test,near,False,0.24858914495514328,0.0,direct,0.45832308130549115,0.39393171695377216,0.5175727379063343
2,bnci004,MMP_merge_then_adapt,CSP,svm_radial,none,4,0,0,7563,0.05,no_leakage_v1_alpha005,gate_all_sources_proxy_source_only_final_training_only,mmd,,,,,merge_then_adapt,coral,near_nearest_proxy,anchor,2.0,3,3test,proxy_source,False,0.3358274827465221,0.0,direct,0.45832308130549115,0.39393171695377216,0.5175727379063343
2,bnci004,MMP_merge_then_adapt,CSP,svm_radial,none,4,0,0,7563,0.05,no_leakage_v1_alpha005,gate_all_sources_proxy_source_only_final_training_only,mmd,,,,,merge_then_adapt,coral,near_nearest_proxy,final,2.0,3,3test,train,False,0.24858914495514328,0.0,direct,0.45832308130549115,0.39393171695377216,0.5175727379063343
2,bnci004,MMP_merge_then_adapt,CSP,svm_radial,none,4,0,0,7563,0.05,no_leakage_v1_alpha005,gate_all_sources_proxy_source_only_final_training_only,mmd,,,,,merge_then_adapt,coral,near_nearest_proxy,main,3.0,4,4test,near,False,0.2328266526444865,0.0,direct,0.4893518734360802,0.446441014381194,0.5385001425742595
2,bnci004,MMP_merge_then_adapt,CSP,svm_radial,none,4,0,0,7563,0.05,no_leakage_v1_alpha005,gate_all_sources_proxy_source_only_final_training_only,mmd,,,,,merge_then_adapt,coral,near_nearest_proxy,anchor,3.0,4,4test,proxy_source,False,0.31453339882562337,0.0,direct,0.4893518734360802,0.446441014381194,0.5385001425742595
2,bnci004,MMP_merge_then_adapt,CSP,svm_radial,none,4,0,0,7563,0.05,no_leakage_v1_alpha005,gate_all_sources_proxy_source_only_final_training_only,mmd,,,,,merge_then_adapt,coral,near_nearest_proxy,final,3.0,4,4test,train,False,0.2328266526444865,0.0,direct,0.4893518734360802,0.446441014381194,0.5385001425742595
2,bnci004,MMP_merge_then_adapt,CSP,svm_radial,none,4,0,0,7563,0.05,no_leakage_v1_alpha005,gate_all_sources_proxy_source_only_final_training_only,mmd,,,,,merge_then_adapt,coral,near_nearest_proxy,main,,0,0train,target,False,,,,,,
2,bnci004,MMP_merge_then_adapt,CSP,svm_radial,none,4,0,0,7563,0.05,no_leakage_v1_alpha005,gate_all_sources_proxy_source_only_final_training_only,mmd,,,,,merge_then_adapt,coral,near_nearest_proxy,final,,0,0train,target,False,,,,,,
2,bnci004,MMP_merge_then_adapt,CSP,svm_radial,none,4,1,1,7594,0.05,no_leakage_v1_alpha005,gate_all_sources_proxy_source_only_final_training_only,mmd,,,,,merge_then_adapt,coral,near_nearest_proxy,main,0.0,0,0train,near,False,0.221889260079007,1.0,direct,0.456179017170454,0.3841659546864917,0.5180742517002656
2,bnci004,MMP_merge_then_adapt,CSP,svm_radial,none,4,1,1,7594,0.05,no_leakage_v1_alpha005,gate_all_sources_proxy_source_only_final_training_only,mmd,,,,,merge_then_adapt,coral,near_nearest_proxy,anchor,0.0,0,0train,proxy_source,False,0.30690552539639443,1.0,direct,0.456179017170454,0.3841659546864917,0.5180742517002656
2,bnci004,MMP_merge_then_adapt,CSP,svm_radial,none,4,1,1,7594,0.05,no_leakage_v1_alpha005,gate_all_sources_proxy_source_only_final_training_only,mmd,,,,,merge_then_adapt,coral,near_nearest_proxy,final,0.0,0,0train,train,False,0.221889260079007,1.0,direct,0.456179017170454,0.3841659546864917,0.5180742517002656
2,bnci004,MMP_merge_then_adapt,CSP,svm_radial,none,4,1,1,7594,0.05,no_leakage_v1_alpha005,gate_all_sources_proxy_source_only_final_training_only,mmd,,,,,merge_then_adapt,coral,near_nearest_proxy,main,1.0,2,2train,near,False,0.24191500628877244,1.0,direct,0.4184163938840046,0.3698597222232096,0.46933516404566417
2,bnci004,MMP_merge_then_adapt,CSP,svm_radial,none,4,1,1,7594,0.05,no_leakage_v1_alpha005,gate_all_sources_proxy_source_only_final_training_only,mmd,,,,,merge_then_adapt,coral,near_nearest_proxy,anchor,1.0,2,2train,proxy_source,False,0.3346040816932361,1.0,direct,0.4184163938840046,0.3698597222232096,0.46933516404566417
2,bnci004,MMP_merge_then_adapt,CSP,svm_radial,none,4,1,1,7594,0.05,no_leakage_v1_alpha005,gate_all_sources_proxy_source_only_final_training_only,mmd,,,,,merge_then_adapt,coral,near_nearest_proxy,final,1.0,2,2train,train,False,0.24191500628877244,1.0,direct,0.4184163938840046,0.3698597222232096,0.46933516404566417
2,bnci004,MMP_merge_then_adapt,CSP,svm_radial,none,4,1,1,7594,0.05,no_leakage_v1_alpha005,gate_all_sources_proxy_source_only_final_training_only,mmd,,,,,merge_then_adapt,coral,near_nearest_proxy,main,2.0,3,3test,near,False,0.25918454197126317,1.0,direct,0.3905371304877494,0.3225650642704455,0.4601756538806707
2,bnci004,MMP_merge_then_adapt,CSP,svm_radial,none,4,1,1,7594,0.05,no_leakage_v1_alpha005,gate_all_sources_proxy_source_only_final_training_only,mmd,,,,,merge_then_adapt,coral,near_nearest_proxy,anchor,2.0,3,3test,proxy_source,False,0.3584903929103694,1.0,direct,0.3905371304877494,0.3225650642704455,0.4601756538806707
2,bnci004,MMP_merge_then_adapt,CSP,svm_radial,none,4,1,1,7594,0.05,no_leakage_v1_alpha005,gate_all_sources_proxy_source_only_final_training_only,mmd,,,,,merge_then_adapt,coral,near_nearest_proxy,final,2.0,3,3test,train,False,0.25918454197126317,1.0,direct,0.3905371304877494,0.3225650642704455,0.4601756538806707
2,bnci004,MMP_merge_then_adapt,CSP,svm_radial,none,4,1,1,7594,0.05,no_leakage_v1_alpha005,gate_all_sources_proxy_source_only_final_training_only,mmd,,,,,merge_then_adapt,coral,near_nearest_proxy,main,3.0,4,4test,nearest,True,0.27701119166095745,1.0,direct,0.3654046208554519,0.3157200828673106,0.418671659558848
2,bnci004,MMP_merge_then_adapt,CSP,svm_radial,none,4,1,1,7594,0.05,no_leakage_v1_alpha005,gate_all_sources_proxy_source_only_final_training_only,mmd,,,,,merge_then_adapt,coral,near_nearest_proxy,anchor,3.0,4,4test,target,False,,1.0,direct,0.3654046208554519,0.3157200828673106,0.418671659558848
2,bnci004,MMP_merge_then_adapt,CSP,svm_radial,none,4,1,1,7594,0.05,no_leakage_v1_alpha005,gate_all_sources_proxy_source_only_final_training_only,mmd,,,,,merge_then_adapt,coral,near_nearest_proxy,final,3.0,4,4test,train,True,0.27701119166095745,1.0,direct,0.3654046208554519,0.3157200828673106,0.418671659558848
2,bnci004,MMP_merge_then_adapt,CSP,svm_radial,none,4,1,1,7594,0.05,no_leakage_v1_alpha005,gate_all_sources_proxy_source_only_final_training_only,mmd,,,,,merge_then_adapt,coral,near_nearest_proxy,main,,1,1train,target,False,,,,,,
2,bnci004,MMP_merge_then_adapt,CSP,svm_radial,none,4,1,1,7594,0.05,no_leakage_v1_alpha005,gate_all_sources_proxy_source_only_final_training_only,mmd,,,,,merge_then_adapt,coral,near_nearest_proxy,final,,1,1train,target,False,,,,,,
2,bnci004,MMP_merge_then_adapt,CSP,svm_radial,none,4,2,2,7625,0.05,no_leakage_v1_alpha005,gate_all_sources_proxy_source_only_final_training_only,mmd,,,,,merge_then_adapt,coral,near_nearest_proxy,main,0.0,0,0train,far,False,,2.0,direct,0.4633945333764814,0.41908007285906385,0.5070884052038414
2,bnci004,MMP_merge_then_adapt,CSP,svm_radial,none,4,2,2,7625,0.05,no_leakage_v1_alpha005,gate_all_sources_proxy_source_only_final_training_only,mmd,,,,,merge_then_adapt,coral,near_nearest_proxy,anchor,0.0,0,0train,not_used,False,,2.0,direct,0.4633945333764814,0.41908007285906385,0.5070884052038414
2,bnci004,MMP_merge_then_adapt,CSP,svm_radial,none,4,2,2,7625,0.05,no_leakage_v1_alpha005,gate_all_sources_proxy_source_only_final_training_only,mmd,,,,,merge_then_adapt,coral,near_nearest_proxy,final,0.0,0,0train,not_used,False,,2.0,direct,0.4633945333764814,0.41908007285906385,0.5070884052038414
2,bnci004,MMP_merge_then_adapt,CSP,svm_radial,none,4,2,2,7625,0.05,no_leakage_v1_alpha005,gate_all_sources_proxy_source_only_final_training_only,mmd,,,,,merge_then_adapt,coral,near_nearest_proxy,main,1.0,1,1train,far,False,,2.0,direct,0.4017581909678063,0.35660369142218545,0.448180221363089
2,bnci004,MMP_merge_then_adapt,CSP,svm_radial,none,4,2,2,7625,0.05,no_leakage_v1_alpha005,gate_all_sources_proxy_source_only_final_training_only,mmd,,,,,merge_then_adapt,coral,near_nearest_proxy,anchor,1.0,1,1train,not_used,False,,2.0,direct,0.4017581909678063,0.35660369142218545,0.448180221363089
2,bnci004,MMP_merge_then_adapt,CSP,svm_radial,none,4,2,2,7625,0.05,no_leakage_v1_alpha005,gate_all_sources_proxy_source_only_final_training_only,mmd,,,,,merge_then_adapt,coral,near_nearest_proxy,final,1.0,1,1train,not_used,False,,2.0,direct,0.4017581909678063,0.35660369142218545,0.448180221363089
2,bnci004,MMP_merge_then_adapt,CSP,svm_radial,none,4,2,2,7625,0.05,no_leakage_v1_alpha005,gate_all_sources_proxy_source_only_final_training_only,mmd,,,,,merge_then_adapt,coral,near_nearest_proxy,main,2.0,3,3test,far,False,,2.0,direct,0.2787755395357421,0.22059071107982137,0.3372594453762192
2,bnci004,MMP_merge_then_adapt,CSP,svm_radial,none,4,2,2,7625,0.05,no_leakage_v1_alpha005,gate_all_sources_proxy_source_only_final_training_only,mmd,,,,,merge_then_adapt,coral,near_nearest_proxy,anchor,2.0,3,3test,second_nearest_fallback_source,False,1.0,2.0,direct,0.2787755395357421,0.22059071107982137,0.3372594453762192
2,bnci004,MMP_merge_then_adapt,CSP,svm_radial,none,4,2,2,7625,0.05,no_leakage_v1_alpha005,gate_all_sources_proxy_source_only_final_training_only,mmd,,,,,merge_then_adapt,coral,near_nearest_proxy,final,2.0,3,3test,not_used,False,,2.0,direct,0.2787755395357421,0.22059071107982137,0.3372594453762192
2,bnci004,MMP_merge_then_adapt,CSP,svm_radial,none,4,2,2,7625,0.05,no_leakage_v1_alpha005,gate_all_sources_proxy_source_only_final_training_only,mmd,,,,,merge_then_adapt,coral,near_nearest_proxy,main,3.0,4,4test,nearest,True,1.0,2.0,direct,0.09221870861587736,0.06755487152587995,0.12581269912274037
2,bnci004,MMP_merge_then_adapt,CSP,svm_radial,none,4,2,2,7625,0.05,no_leakage_v1_alpha005,gate_all_sources_proxy_source_only_final_training_only,mmd,,,,,merge_then_adapt,coral,near_nearest_proxy,anchor,3.0,4,4test,target,False,,2.0,direct,0.09221870861587736,0.06755487152587995,0.12581269912274037
2,bnci004,MMP_merge_then_adapt,CSP,svm_radial,none,4,2,2,7625,0.05,no_leakage_v1_alpha005,gate_all_sources_proxy_source_only_final_training_only,mmd,,,,,merge_then_adapt,coral,near_nearest_proxy,final,3.0,4,4test,train,True,1.0,2.0,direct,0.09221870861587736,0.06755487152587995,0.12581269912274037
2,bnci004,MMP_merge_then_adapt,CSP,svm_radial,none,4,2,2,7625,0.05,no_leakage_v1_alpha005,gate_all_sources_proxy_source_only_final_training_only,mmd,,,,,merge_then_adapt,coral,near_nearest_proxy,main,,2,2train,target,False,,,,,,
2,bnci004,MMP_merge_then_adapt,CSP,svm_radial,none,4,2,2,7625,0.05,no_leakage_v1_alpha005,gate_all_sources_proxy_source_only_final_training_only,mmd,,,,,merge_then_adapt,coral,near_nearest_proxy,final,,2,2train,target,False,,,,,,
2,bnci004,MMP_merge_then_adapt,CSP,svm_radial,none,4,3,3,7656,0.05,no_leakage_v1_alpha005,gate_all_sources_proxy_source_only_final_training_only,mmd,,,,,merge_then_adapt,coral,near_nearest_proxy,main,0.0,0,0train,far,False,,3.0,direct,0.4350358654529119,0.37987708249939567,0.4981192865224951
2,bnci004,MMP_merge_then_adapt,CSP,svm_radial,none,4,3,3,7656,0.05,no_leakage_v1_alpha005,gate_all_sources_proxy_source_only_final_training_only,mmd,,,,,merge_then_adapt,coral,near_nearest_proxy,anchor,0.0,0,0train,not_used,False,,3.0,direct,0.4350358654529119,0.37987708249939567,0.4981192865224951
2,bnci004,MMP_merge_then_adapt,CSP,svm_radial,none,4,3,3,7656,0.05,no_leakage_v1_alpha005,gate_all_sources_proxy_source_only_final_training_only,mmd,,,,,merge_then_adapt,coral,near_nearest_proxy,final,0.0,0,0train,not_used,False,,3.0,direct,0.4350358654529119,0.37987708249939567,0.4981192865224951
2,bnci004,MMP_merge_then_adapt,CSP,svm_radial,none,4,3,3,7656,0.05,no_leakage_v1_alpha005,gate_all_sources_proxy_source_only_final_training_only,mmd,,,,,merge_then_adapt,coral,near_nearest_proxy,main,1.0,1,1train,far,False,,3.0,direct,0.3770776395891671,0.3186918914577092,0.43322450582087507
2,bnci004,MMP_merge_then_adapt,CSP,svm_radial,none,4,3,3,7656,0.05,no_leakage_v1_alpha005,gate_all_sources_proxy_source_only_final_training_only,mmd,,,,,merge_then_adapt,coral,near_nearest_proxy,anchor,1.0,1,1train,not_used,False,,3.0,direct,0.3770776395891671,0.3186918914577092,0.43322450582087507
2,bnci004,MMP_merge_then_adapt,CSP,svm_radial,none,4,3,3,7656,0.05,no_leakage_v1_alpha005,gate_all_sources_proxy_source_only_final_training_only,mmd,,,,,merge_then_adapt,coral,near_nearest_proxy,final,1.0,1,1train,not_used,False,,3.0,direct,0.3770776395891671,0.3186918914577092,0.43322450582087507
2,bnci004,MMP_merge_then_adapt,CSP,svm_radial,none,4,3,3,7656,0.05,no_leakage_v1_alpha005,gate_all_sources_proxy_source_only_final_training_only,mmd,,,,,merge_then_adapt,coral,near_nearest_proxy,main,2.0,2,2train,nearest,True,0.5375345022501256,3.0,direct,0.19951603410641144,0.158547277169044,0.24918463814255581
2,bnci004,MMP_merge_then_adapt,CSP,svm_radial,none,4,3,3,7656,0.05,no_leakage_v1_alpha005,gate_all_sources_proxy_source_only_final_training_only,mmd,,,,,merge_then_adapt,coral,near_nearest_proxy,anchor,2.0,2,2train,target,False,,3.0,direct,0.19951603410641144,0.158547277169044,0.24918463814255581
2,bnci004,MMP_merge_then_adapt,CSP,svm_radial,none,4,3,3,7656,0.05,no_leakage_v1_alpha005,gate_all_sources_proxy_source_only_final_training_only,mmd,,,,,merge_then_adapt,coral,near_nearest_proxy,final,2.0,2,2train,train,True,0.5375345022501256,3.0,direct,0.19951603410641144,0.158547277169044,0.24918463814255581
2,bnci004,MMP_merge_then_adapt,CSP,svm_radial,none,4,3,3,7656,0.05,no_leakage_v1_alpha005,gate_all_sources_proxy_source_only_final_training_only,mmd,,,,,merge_then_adapt,coral,near_nearest_proxy,main,3.0,4,4test,near,False,0.46246549774987444,3.0,direct,0.23190233147147804,0.17657303291436277,0.2950173051203258
2,bnci004,MMP_merge_then_adapt,CSP,svm_radial,none,4,3,3,7656,0.05,no_leakage_v1_alpha005,gate_all_sources_proxy_source_only_final_training_only,mmd,,,,,merge_then_adapt,coral,near_nearest_proxy,anchor,3.0,4,4test,proxy_source,False,1.0,3.0,direct,0.23190233147147804,0.17657303291436277,0.2950173051203258
2,bnci004,MMP_merge_then_adapt,CSP,svm_radial,none,4,3,3,7656,0.05,no_leakage_v1_alpha005,gate_all_sources_proxy_source_only_final_training_only,mmd,,,,,merge_then_adapt,coral,near_nearest_proxy,final,3.0,4,4test,train,False,0.46246549774987444,3.0,direct,0.23190233147147804,0.17657303291436277,0.2950173051203258
2,bnci004,MMP_merge_then_adapt,CSP,svm_radial,none,4,3,3,7656,0.05,no_leakage_v1_alpha005,gate_all_sources_proxy_source_only_final_training_only,mmd,,,,,merge_then_adapt,coral,near_nearest_proxy,main,,3,3test,target,False,,,,,,
2,bnci004,MMP_merge_then_adapt,CSP,svm_radial,none,4,3,3,7656,0.05,no_leakage_v1_alpha005,gate_all_sources_proxy_source_only_final_training_only,mmd,,,,,merge_then_adapt,coral,near_nearest_proxy,final,,3,3test,target,False,,,,,,
2,bnci004,MMP_merge_then_adapt,CSP,svm_radial,none,4,4,4,7687,0.05,no_leakage_v1_alpha005,gate_all_sources_proxy_source_only_final_training_only,mmd,,,,,merge_then_adapt,coral,near_nearest_proxy,main,0.0,0,0train,far,False,,4.0,direct,0.46008094711283554,0.41558260292017063,0.5068327654080024
2,bnci004,MMP_merge_then_adapt,CSP,svm_radial,none,4,4,4,7687,0.05,no_leakage_v1_alpha005,gate_all_sources_proxy_source_only_final_training_only,mmd,,,,,merge_then_adapt,coral,near_nearest_proxy,anchor,0.0,0,0train,not_used,False,,4.0,direct,0.46008094711283554,0.41558260292017063,0.5068327654080024
2,bnci004,MMP_merge_then_adapt,CSP,svm_radial,none,4,4,4,7687,0.05,no_leakage_v1_alpha005,gate_all_sources_proxy_source_only_final_training_only,mmd,,,,,merge_then_adapt,coral,near_nearest_proxy,final,0.0,0,0train,not_used,False,,4.0,direct,0.46008094711283554,0.41558260292017063,0.5068327654080024
2,bnci004,MMP_merge_then_adapt,CSP,svm_radial,none,4,4,4,7687,0.05,no_leakage_v1_alpha005,gate_all_sources_proxy_source_only_final_training_only,mmd,,,,,merge_then_adapt,coral,near_nearest_proxy,main,1.0,1,1train,far,False,,4.0,direct,0.3111119057315158,0.26581967956829716,0.3627137252976565
2,bnci004,MMP_merge_then_adapt,CSP,svm_radial,none,4,4,4,7687,0.05,no_leakage_v1_alpha005,gate_all_sources_proxy_source_only_final_training_only,mmd,,,,,merge_then_adapt,coral,near_nearest_proxy,anchor,1.0,1,1train,not_used,False,,4.0,direct,0.3111119057315158,0.26581967956829716,0.3627137252976565
2,bnci004,MMP_merge_then_adapt,CSP,svm_radial,none,4,4,4,7687,0.05,no_leakage_v1_alpha005,gate_all_sources_proxy_source_only_final_training_only,mmd,,,,,merge_then_adapt,coral,near_nearest_proxy,final,1.0,1,1train,not_used,False,,4.0,direct,0.3111119057315158,0.26581967956829716,0.3627137252976565
2,bnci004,MMP_merge_then_adapt,CSP,svm_radial,none,4,4,4,7687,0.05,no_leakage_v1_alpha005,gate_all_sources_proxy_source_only_final_training_only,mmd,,,,,merge_then_adapt,coral,near_nearest_proxy,main,2.0,2,2train,nearest,True,1.0,4.0,direct,0.0849464634062214,0.054843905628243796,0.11526267617189076
2,bnci004,MMP_merge_then_adapt,CSP,svm_radial,none,4,4,4,7687,0.05,no_leakage_v1_alpha005,gate_all_sources_proxy_source_only_final_training_only,mmd,,,,,merge_then_adapt,coral,near_nearest_proxy,anchor,2.0,2,2train,target,False,,4.0,direct,0.0849464634062214,0.054843905628243796,0.11526267617189076
2,bnci004,MMP_merge_then_adapt,CSP,svm_radial,none,4,4,4,7687,0.05,no_leakage_v1_alpha005,gate_all_sources_proxy_source_only_final_training_only,mmd,,,,,merge_then_adapt,coral,near_nearest_proxy,final,2.0,2,2train,train,True,1.0,4.0,direct,0.0849464634062214,0.054843905628243796,0.11526267617189076
2,bnci004,MMP_merge_then_adapt,CSP,svm_radial,none,4,4,4,7687,0.05,no_leakage_v1_alpha005,gate_all_sources_proxy_source_only_final_training_only,mmd,,,,,merge_then_adapt,coral,near_nearest_proxy,main,3.0,3,3test,far,False,,4.0,direct,0.22454194359635438,0.17149098144416197,0.2845616952707357
2,bnci004,MMP_merge_then_adapt,CSP,svm_radial,none,4,4,4,7687,0.05,no_leakage_v1_alpha005,gate_all_sources_proxy_source_only_final_training_only,mmd,,,,,merge_then_adapt,coral,near_nearest_proxy,anchor,3.0,3,3test,second_nearest_fallback_source,False,1.0,4.0,direct,0.22454194359635438,0.17149098144416197,0.2845616952707357
2,bnci004,MMP_merge_then_adapt,CSP,svm_radial,none,4,4,4,7687,0.05,no_leakage_v1_alpha005,gate_all_sources_proxy_source_only_final_training_only,mmd,,,,,merge_then_adapt,coral,near_nearest_proxy,final,3.0,3,3test,not_used,False,,4.0,direct,0.22454194359635438,0.17149098144416197,0.2845616952707357
2,bnci004,MMP_merge_then_adapt,CSP,svm_radial,none,4,4,4,7687,0.05,no_leakage_v1_alpha005,gate_all_sources_proxy_source_only_final_training_only,mmd,,,,,merge_then_adapt,coral,near_nearest_proxy,main,,4,4test,target,False,,,,,,
2,bnci004,MMP_merge_then_adapt,CSP,svm_radial,none,4,4,4,7687,0.05,no_leakage_v1_alpha005,gate_all_sources_proxy_source_only_final_training_only,mmd,,,,,merge_then_adapt,coral,near_nearest_proxy,final,,4,4test,target,False,,,,,,
2,bnci004,MMP_merge_then_adapt,CSP,svm_radial,sa,5,0,0,8560,0.05,no_leakage_v1_alpha005,gate_all_sources_proxy_source_only_final_training_only,mmd,,,,,merge_then_adapt,coral,near_nearest_proxy,main,0.0,1,1train,near,False,0.2583548512174208,0.0,direct,0.4429055951603925,0.3705796796490644,0.5182707641693383
2,bnci004,MMP_merge_then_adapt,CSP,svm_radial,sa,5,0,0,8560,0.05,no_leakage_v1_alpha005,gate_all_sources_proxy_source_only_final_training_only,mmd,,,,,merge_then_adapt,coral,near_nearest_proxy,anchor,0.0,1,1train,proxy_source,False,0.3491269350574212,0.0,direct,0.4429055951603925,0.3705796796490644,0.5182707641693383
2,bnci004,MMP_merge_then_adapt,CSP,svm_radial,sa,5,0,0,8560,0.05,no_leakage_v1_alpha005,gate_all_sources_proxy_source_only_final_training_only,mmd,,,,,merge_then_adapt,coral,near_nearest_proxy,final,0.0,1,1train,train,False,0.2583548512174208,0.0,direct,0.4429055951603925,0.3705796796490644,0.5182707641693383
2,bnci004,MMP_merge_then_adapt,CSP,svm_radial,sa,5,0,0,8560,0.05,no_leakage_v1_alpha005,gate_all_sources_proxy_source_only_final_training_only,mmd,,,,,merge_then_adapt,coral,near_nearest_proxy,main,1.0,2,2train,nearest,True,0.2599973669320903,0.0,direct,0.4401075628138891,0.39946168980939034,0.47325492614264825
2,bnci004,MMP_merge_then_adapt,CSP,svm_radial,sa,5,0,0,8560,0.05,no_leakage_v1_alpha005,gate_all_sources_proxy_source_only_final_training_only,mmd,,,,,merge_then_adapt,coral,near_nearest_proxy,anchor,1.0,2,2train,target,False,,0.0,direct,0.4401075628138891,0.39946168980939034,0.47325492614264825
2,bnci004,MMP_merge_then_adapt,CSP,svm_radial,sa,5,0,0,8560,0.05,no_leakage_v1_alpha005,gate_all_sources_proxy_source_only_final_training_only,mmd,,,,,merge_then_adapt,coral,near_nearest_proxy,final,1.0,2,2train,train,True,0.2599973669320903,0.0,direct,0.4401075628138891,0.39946168980939034,0.47325492614264825
2,bnci004,MMP_merge_then_adapt,CSP,svm_radial,sa,5,0,0,8560,0.05,no_leakage_v1_alpha005,gate_all_sources_proxy_source_only_final_training_only,mmd,,,,,merge_then_adapt,coral,near_nearest_proxy,main,2.0,3,3test,near,False,0.2478380521069764,0.0,direct,0.461699963686103,0.40065926222433423,0.5172504206457064
2,bnci004,MMP_merge_then_adapt,CSP,svm_radial,sa,5,0,0,8560,0.05,no_leakage_v1_alpha005,gate_all_sources_proxy_source_only_final_training_only,mmd,,,,,merge_then_adapt,coral,near_nearest_proxy,anchor,2.0,3,3test,proxy_source,False,0.33491509493619925,0.0,direct,0.461699963686103,0.40065926222433423,0.5172504206457064
2,bnci004,MMP_merge_then_adapt,CSP,svm_radial,sa,5,0,0,8560,0.05,no_leakage_v1_alpha005,gate_all_sources_proxy_source_only_final_training_only,mmd,,,,,merge_then_adapt,coral,near_nearest_proxy,final,2.0,3,3test,train,False,0.2478380521069764,0.0,direct,0.461699963686103,0.40065926222433423,0.5172504206457064
2,bnci004,MMP_merge_then_adapt,CSP,svm_radial,sa,5,0,0,8560,0.05,no_leakage_v1_alpha005,gate_all_sources_proxy_source_only_final_training_only,mmd,,,,,merge_then_adapt,coral,near_nearest_proxy,main,3.0,4,4test,near,False,0.23380972974351247,0.0,direct,0.48940150528240745,0.4448866422831251,0.5378374395031081
2,bnci004,MMP_merge_then_adapt,CSP,svm_radial,sa,5,0,0,8560,0.05,no_leakage_v1_alpha005,gate_all_sources_proxy_source_only_final_training_only,mmd,,,,,merge_then_adapt,coral,near_nearest_proxy,anchor,3.0,4,4test,proxy_source,False,0.31595797000637954,0.0,direct,0.48940150528240745,0.4448866422831251,0.5378374395031081
2,bnci004,MMP_merge_then_adapt,CSP,svm_radial,sa,5,0,0,8560,0.05,no_leakage_v1_alpha005,gate_all_sources_proxy_source_only_final_training_only,mmd,,,,,merge_then_adapt,coral,near_nearest_proxy,final,3.0,4,4test,train,False,0.23380972974351247,0.0,direct,0.48940150528240745,0.4448866422831251,0.5378374395031081
2,bnci004,MMP_merge_then_adapt,CSP,svm_radial,sa,5,0,0,8560,0.05,no_leakage_v1_alpha005,gate_all_sources_proxy_source_only_final_training_only,mmd,,,,,merge_then_adapt,coral,near_nearest_proxy,main,,0,0train,target,False,,,,,,
2,bnci004,MMP_merge_then_adapt,CSP,svm_radial,sa,5,0,0,8560,0.05,no_leakage_v1_alpha005,gate_all_sources_proxy_source_only_final_training_only,mmd,,,,,merge_then_adapt,coral,near_nearest_proxy,final,,0,0train,target,False,,,,,,
2,bnci004,MMP_merge_then_adapt,CSP,svm_radial,sa,5,1,1,8591,0.05,no_leakage_v1_alpha005,gate_all_sources_proxy_source_only_final_training_only,mmd,,,,,merge_then_adapt,coral,near_nearest_proxy,main,0.0,0,0train,near,False,0.22184193961177956,1.0,direct,0.45606163536920447,0.3951216364129553,0.512056415703895
2,bnci004,MMP_merge_then_adapt,CSP,svm_radial,sa,5,1,1,8591,0.05,no_leakage_v1_alpha005,gate_all_sources_proxy_source_only_final_training_only,mmd,,,,,merge_then_adapt,coral,near_nearest_proxy,anchor,0.0,0,0train,proxy_source,False,0.30670803645052114,1.0,direct,0.45606163536920447,0.3951216364129553,0.512056415703895
2,bnci004,MMP_merge_then_adapt,CSP,svm_radial,sa,5,1,1,8591,0.05,no_leakage_v1_alpha005,gate_all_sources_proxy_source_only_final_training_only,mmd,,,,,merge_then_adapt,coral,near_nearest_proxy,final,0.0,0,0train,train,False,0.22184193961177956,1.0,direct,0.45606163536920447,0.3951216364129553,0.512056415703895
2,bnci004,MMP_merge_then_adapt,CSP,svm_radial,sa,5,1,1,8591,0.05,no_leakage_v1_alpha005,gate_all_sources_proxy_source_only_final_training_only,mmd,,,,,merge_then_adapt,coral,near_nearest_proxy,main,1.0,2,2train,near,False,0.24304177644766162,1.0,direct,0.41628060019868685,0.37311963625233796,0.46121349434134173
2,bnci004,MMP_merge_then_adapt,CSP,svm_radial,sa,5,1,1,8591,0.05,no_leakage_v1_alpha005,gate_all_sources_proxy_source_only_final_training_only,mmd,,,,,merge_then_adapt,coral,near_nearest_proxy,anchor,1.0,2,2train,proxy_source,False,0.3360179150982805,1.0,direct,0.41628060019868685,0.37311963625233796,0.46121349434134173
2,bnci004,MMP_merge_then_adapt,CSP,svm_radial,sa,5,1,1,8591,0.05,no_leakage_v1_alpha005,gate_all_sources_proxy_source_only_final_training_only,mmd,,,,,merge_then_adapt,coral,near_nearest_proxy,final,1.0,2,2train,train,False,0.24304177644766162,1.0,direct,0.41628060019868685,0.37311963625233796,0.46121349434134173
2,bnci004,MMP_merge_then_adapt,CSP,svm_radial,sa,5,1,1,8591,0.05,no_leakage_v1_alpha005,gate_all_sources_proxy_source_only_final_training_only,mmd,,,,,merge_then_adapt,coral,near_nearest_proxy,main,2.0,3,3test,near,False,0.25841633886940196,1.0,direct,0.39151379375263173,0.3310137323716475,0.4498588974317064
2,bnci004,MMP_merge_then_adapt,CSP,svm_radial,sa,5,1,1,8591,0.05,no_leakage_v1_alpha005,gate_all_sources_proxy_source_only_final_training_only,mmd,,,,,merge_then_adapt,coral,near_nearest_proxy,anchor,2.0,3,3test,proxy_source,False,0.3572740484511984,1.0,direct,0.39151379375263173,0.3310137323716475,0.4498588974317064
2,bnci004,MMP_merge_then_adapt,CSP,svm_radial,sa,5,1,1,8591,0.05,no_leakage_v1_alpha005,gate_all_sources_proxy_source_only_final_training_only,mmd,,,,,merge_then_adapt,coral,near_nearest_proxy,final,2.0,3,3test,train,False,0.25841633886940196,1.0,direct,0.39151379375263173,0.3310137323716475,0.4498588974317064
2,bnci004,MMP_merge_then_adapt,CSP,svm_radial,sa,5,1,1,8591,0.05,no_leakage_v1_alpha005,gate_all_sources_proxy_source_only_final_training_only,mmd,,,,,merge_then_adapt,coral,near_nearest_proxy,main,3.0,4,4test,nearest,True,0.27669994507115697,1.0,direct,0.3656435236689365,0.3076067100984717,0.41270768511446543
2,bnci004,MMP_merge_then_adapt,CSP,svm_radial,sa,5,1,1,8591,0.05,no_leakage_v1_alpha005,gate_all_sources_proxy_source_only_final_training_only,mmd,,,,,merge_then_adapt,coral,near_nearest_proxy,anchor,3.0,4,4test,target,False,,1.0,direct,0.3656435236689365,0.3076067100984717,0.41270768511446543
2,bnci004,MMP_merge_then_adapt,CSP,svm_radial,sa,5,1,1,8591,0.05,no_leakage_v1_alpha005,gate_all_sources_proxy_source_only_final_training_only,mmd,,,,,merge_then_adapt,coral,near_nearest_proxy,final,3.0,4,4test,train,True,0.27669994507115697,1.0,direct,0.3656435236689365,0.3076067100984717,0.41270768511446543
2,bnci004,MMP_merge_then_adapt,CSP,svm_radial,sa,5,1,1,8591,0.05,no_leakage_v1_alpha005,gate_all_sources_proxy_source_only_final_training_only,mmd,,,,,merge_then_adapt,coral,near_nearest_proxy,main,,1,1train,target,False,,,,,,
2,bnci004,MMP_merge_then_adapt,CSP,svm_radial,sa,5,1,1,8591,0.05,no_leakage_v1_alpha005,gate_all_sources_proxy_source_only_final_training_only,mmd,,,,,merge_then_adapt,coral,near_nearest_proxy,final,,1,1train,target,False,,,,,,
2,bnci004,MMP_merge_then_adapt,CSP,svm_radial,sa,5,2,2,8622,0.05,no_leakage_v1_alpha005,gate_all_sources_proxy_source_only_final_training_only,mmd,,,,,merge_then_adapt,coral,near_nearest_proxy,main,0.0,0,0train,far,False,,2.0,direct,0.4647002908723101,0.4194192630977791,0.5167429875426024
2,bnci004,MMP_merge_then_adapt,CSP,svm_radial,sa,5,2,2,8622,0.05,no_leakage_v1_alpha005,gate_all_sources_proxy_source_only_final_training_only,mmd,,,,,merge_then_adapt,coral,near_nearest_proxy,anchor,0.0,0,0train,not_used,False,,2.0,direct,0.4647002908723101,0.4194192630977791,0.5167429875426024
2,bnci004,MMP_merge_then_adapt,CSP,svm_radial,sa,5,2,2,8622,0.05,no_leakage_v1_alpha005,gate_all_sources_proxy_source_only_final_training_only,mmd,,,,,merge_then_adapt,coral,near_nearest_proxy,final,0.0,0,0train,not_used,False,,2.0,direct,0.4647002908723101,0.4194192630977791,0.5167429875426024
2,bnci004,MMP_merge_then_adapt,CSP,svm_radial,sa,5,2,2,8622,0.05,no_leakage_v1_alpha005,gate_all_sources_proxy_source_only_final_training_only,mmd,,,,,merge_then_adapt,coral,near_nearest_proxy,main,1.0,1,1train,far,False,,2.0,direct,0.398621195234074,0.3509745983016989,0.44111399599940443
2,bnci004,MMP_merge_then_adapt,CSP,svm_radial,sa,5,2,2,8622,0.05,no_leakage_v1_alpha005,gate_all_sources_proxy_source_only_final_training_only,mmd,,,,,merge_then_adapt,coral,near_nearest_proxy,anchor,1.0,1,1train,not_used,False,,2.0,direct,0.398621195234074,0.3509745983016989,0.44111399599940443
2,bnci004,MMP_merge_then_adapt,CSP,svm_radial,sa,5,2,2,8622,0.05,no_leakage_v1_alpha005,gate_all_sources_proxy_source_only_final_training_only,mmd,,,,,merge_then_adapt,coral,near_nearest_proxy,final,1.0,1,1train,not_used,False,,2.0,direct,0.398621195234074,0.3509745983016989,0.44111399599940443
2,bnci004,MMP_merge_then_adapt,CSP,svm_radial,sa,5,2,2,8622,0.05,no_leakage_v1_alpha005,gate_all_sources_proxy_source_only_final_training_only,mmd,,,,,merge_then_adapt,coral,near_nearest_proxy,main,2.0,3,3test,far,False,,2.0,direct,0.2798000214839204,0.22983012597063113,0.341336849065289
2,bnci004,MMP_merge_then_adapt,CSP,svm_radial,sa,5,2,2,8622,0.05,no_leakage_v1_alpha005,gate_all_sources_proxy_source_only_final_training_only,mmd,,,,,merge_then_adapt,coral,near_nearest_proxy,anchor,2.0,3,3test,second_nearest_fallback_source,False,1.0,2.0,direct,0.2798000214839204,0.22983012597063113,0.341336849065289
2,bnci004,MMP_merge_then_adapt,CSP,svm_radial,sa,5,2,2,8622,0.05,no_leakage_v1_alpha005,gate_all_sources_proxy_source_only_final_training_only,mmd,,,,,merge_then_adapt,coral,near_nearest_proxy,final,2.0,3,3test,not_used,False,,2.0,direct,0.2798000214839204,0.22983012597063113,0.341336849065289
2,bnci004,MMP_merge_then_adapt,CSP,svm_radial,sa,5,2,2,8622,0.05,no_leakage_v1_alpha005,gate_all_sources_proxy_source_only_final_training_only,mmd,,,,,merge_then_adapt,coral,near_nearest_proxy,main,3.0,4,4test,nearest,True,1.0,2.0,direct,0.09329387198763583,0.06257391602834315,0.1290529446787356
2,bnci004,MMP_merge_then_adapt,CSP,svm_radial,sa,5,2,2,8622,0.05,no_leakage_v1_alpha005,gate_all_sources_proxy_source_only_final_training_only,mmd,,,,,merge_then_adapt,coral,near_nearest_proxy,anchor,3.0,4,4test,target,False,,2.0,direct,0.09329387198763583,0.06257391602834315,0.1290529446787356
2,bnci004,MMP_merge_then_adapt,CSP,svm_radial,sa,5,2,2,8622,0.05,no_leakage_v1_alpha005,gate_all_sources_proxy_source_only_final_training_only,mmd,,,,,merge_then_adapt,coral,near_nearest_proxy,final,3.0,4,4test,train,True,1.0,2.0,direct,0.09329387198763583,0.06257391602834315,0.1290529446787356
2,bnci004,MMP_merge_then_adapt,CSP,svm_radial,sa,5,2,2,8622,0.05,no_leakage_v1_alpha005,gate_all_sources_proxy_source_only_final_training_only,mmd,,,,,merge_then_adapt,coral,near_nearest_proxy,main,,2,2train,target,False,,,,,,
2,bnci004,MMP_merge_then_adapt,CSP,svm_radial,sa,5,2,2,8622,0.05,no_leakage_v1_alpha005,gate_all_sources_proxy_source_only_final_training_only,mmd,,,,,merge_then_adapt,coral,near_nearest_proxy,final,,2,2train,target,False,,,,,,
2,bnci004,MMP_merge_then_adapt,CSP,svm_radial,sa,5,3,3,8653,0.05,no_leakage_v1_alpha005,gate_all_sources_proxy_source_only_final_training_only,mmd,,,,,merge_then_adapt,coral,near_nearest_proxy,main,0.0,0,0train,far,False,,3.0,direct,0.4314181373927975,0.3807005898264468,0.4782953967368472
2,bnci004,MMP_merge_then_adapt,CSP,svm_radial,sa,5,3,3,8653,0.05,no_leakage_v1_alpha005,gate_all_sources_proxy_source_only_final_training_only,mmd,,,,,merge_then_adapt,coral,near_nearest_proxy,anchor,0.0,0,0train,not_used,False,,3.0,direct,0.4314181373927975,0.3807005898264468,0.4782953967368472
2,bnci004,MMP_merge_then_adapt,CSP,svm_radial,sa,5,3,3,8653,0.05,no_leakage_v1_alpha005,gate_all_sources_proxy_source_only_final_training_only,mmd,,,,,merge_then_adapt,coral,near_nearest_proxy,final,0.0,0,0train,not_used,False,,3.0,direct,0.4314181373927975,0.3807005898264468,0.4782953967368472
2,bnci004,MMP_merge_then_adapt,CSP,svm_radial,sa,5,3,3,8653,0.05,no_leakage_v1_alpha005,gate_all_sources_proxy_source_only_final_training_only,mmd,,,,,merge_then_adapt,coral,near_nearest_proxy,main,1.0,1,1train,far,False,,3.0,direct,0.37492607198650824,0.322242174520433,0.44627795333902887
2,bnci004,MMP_merge_then_adapt,CSP,svm_radial,sa,5,3,3,8653,0.05,no_leakage_v1_alpha005,gate_all_sources_proxy_source_only_final_training_only,mmd,,,,,merge_then_adapt,coral,near_nearest_proxy,anchor,1.0,1,1train,not_used,False,,3.0,direct,0.37492607198650824,0.322242174520433,0.44627795333902887
2,bnci004,MMP_merge_then_adapt,CSP,svm_radial,sa,5,3,3,8653,0.05,no_leakage_v1_alpha005,gate_all_sources_proxy_source_only_final_training_only,mmd,,,,,merge_then_adapt,coral,near_nearest_proxy,final,1.0,1,1train,not_used,False,,3.0,direct,0.37492607198650824,0.322242174520433,0.44627795333902887
2,bnci004,MMP_merge_then_adapt,CSP,svm_radial,sa,5,3,3,8653,0.05,no_leakage_v1_alpha005,gate_all_sources_proxy_source_only_final_training_only,mmd,,,,,merge_then_adapt,coral,near_nearest_proxy,main,2.0,2,2train,nearest,True,0.5418215839875271,3.0,direct,0.19679814434569728,0.15435245080453064,0.24782524359656521
2,bnci004,MMP_merge_then_adapt,CSP,svm_radial,sa,5,3,3,8653,0.05,no_leakage_v1_alpha005,gate_all_sources_proxy_source_only_final_training_only,mmd,,,,,merge_then_adapt,coral,near_nearest_proxy,anchor,2.0,2,2train,target,False,,3.0,direct,0.19679814434569728,0.15435245080453064,0.24782524359656521
2,bnci004,MMP_merge_then_adapt,CSP,svm_radial,sa,5,3,3,8653,0.05,no_leakage_v1_alpha005,gate_all_sources_proxy_source_only_final_training_only,mmd,,,,,merge_then_adapt,coral,near_nearest_proxy,final,2.0,2,2train,train,True,0.5418215839875271,3.0,direct,0.19679814434569728,0.15435245080453064,0.24782524359656521
2,bnci004,MMP_merge_then_adapt,CSP,svm_radial,sa,5,3,3,8653,0.05,no_leakage_v1_alpha005,gate_all_sources_proxy_source_only_final_training_only,mmd,,,,,merge_then_adapt,coral,near_nearest_proxy,main,3.0,4,4test,near,False,0.4581784160124728,3.0,direct,0.23272498706149655,0.17535607793271457,0.2848242415591427
2,bnci004,MMP_merge_then_adapt,CSP,svm_radial,sa,5,3,3,8653,0.05,no_leakage_v1_alpha005,gate_all_sources_proxy_source_only_final_training_only,mmd,,,,,merge_then_adapt,coral,near_nearest_proxy,anchor,3.0,4,4test,proxy_source,False,1.0,3.0,direct,0.23272498706149655,0.17535607793271457,0.2848242415591427
2,bnci004,MMP_merge_then_adapt,CSP,svm_radial,sa,5,3,3,8653,0.05,no_leakage_v1_alpha005,gate_all_sources_proxy_source_only_final_training_only,mmd,,,,,merge_then_adapt,coral,near_nearest_proxy,final,3.0,4,4test,train,False,0.4581784160124728,3.0,direct,0.23272498706149655,0.17535607793271457,0.2848242415591427
2,bnci004,MMP_merge_then_adapt,CSP,svm_radial,sa,5,3,3,8653,0.05,no_leakage_v1_alpha005,gate_all_sources_proxy_source_only_final_training_only,mmd,,,,,merge_then_adapt,coral,near_nearest_proxy,main,,3,3test,target,False,,,,,,
2,bnci004,MMP_merge_then_adapt,CSP,svm_radial,sa,5,3,3,8653,0.05,no_leakage_v1_alpha005,gate_all_sources_proxy_source_only_final_training_only,mmd,,,,,merge_then_adapt,coral,near_nearest_proxy,final,,3,3test,target,False,,,,,,
2,bnci004,MMP_merge_then_adapt,CSP,svm_radial,sa,5,4,4,8684,0.05,no_leakage_v1_alpha005,gate_all_sources_proxy_source_only_final_training_only,mmd,,,,,merge_then_adapt,coral,near_nearest_proxy,main,0.0,0,0train,far,False,,4.0,direct,0.45962722211186047,0.4182167200423568,0.519516676236231
2,bnci004,MMP_merge_then_adapt,CSP,svm_radial,sa,5,4,4,8684,0.05,no_leakage_v1_alpha005,gate_all_sources_proxy_source_only_final_training_only,mmd,,,,,merge_then_adapt,coral,near_nearest_proxy,anchor,0.0,0,0train,not_used,False,,4.0,direct,0.45962722211186047,0.4182167200423568,0.519516676236231
2,bnci004,MMP_merge_then_adapt,CSP,svm_radial,sa,5,4,4,8684,0.05,no_leakage_v1_alpha005,gate_all_sources_proxy_source_only_final_training_only,mmd,,,,,merge_then_adapt,coral,near_nearest_proxy,final,0.0,0,0train,not_used,False,,4.0,direct,0.45962722211186047,0.4182167200423568,0.519516676236231
2,bnci004,MMP_merge_then_adapt,CSP,svm_radial,sa,5,4,4,8684,0.05,no_leakage_v1_alpha005,gate_all_sources_proxy_source_only_final_training_only,mmd,,,,,merge_then_adapt,coral,near_nearest_proxy,main,1.0,1,1train,far,False,,4.0,direct,0.31197316914039797,0.25734159482049307,0.3647215795871917
2,bnci004,MMP_merge_then_adapt,CSP,svm_radial,sa,5,4,4,8684,0.05,no_leakage_v1_alpha005,gate_all_sources_proxy_source_only_final_training_only,mmd,,,,,merge_then_adapt,coral,near_nearest_proxy,anchor,1.0,1,1train,not_used,False,,4.0,direct,0.31197316914039797,0.25734159482049307,0.3647215795871917
2,bnci004,MMP_merge_then_adapt,CSP,svm_radial,sa,5,4,4,8684,0.05,no_leakage_v1_alpha005,gate_all_sources_proxy_source_only_final_training_only,mmd,,,,,merge_then_adapt,coral,near_nearest_proxy,final,1.0,1,1train,not_used,False,,4.0,direct,0.31197316914039797,0.25734159482049307,0.3647215795871917
2,bnci004,MMP_merge_then_adapt,CSP,svm_radial,sa,5,4,4,8684,0.05,no_leakage_v1_alpha005,gate_all_sources_proxy_source_only_final_training_only,mmd,,,,,merge_then_adapt,coral,near_nearest_proxy,main,2.0,2,2train,nearest,True,1.0,4.0,direct,0.08675095867277083,0.062453520462664586,0.11515491585868232
2,bnci004,MMP_merge_then_adapt,CSP,svm_radial,sa,5,4,4,8684,0.05,no_leakage_v1_alpha005,gate_all_sources_proxy_source_only_final_training_only,mmd,,,,,merge_then_adapt,coral,near_nearest_proxy,anchor,2.0,2,2train,target,False,,4.0,direct,0.08675095867277083,0.062453520462664586,0.11515491585868232
2,bnci004,MMP_merge_then_adapt,CSP,svm_radial,sa,5,4,4,8684,0.05,no_leakage_v1_alpha005,gate_all_sources_proxy_source_only_final_training_only,mmd,,,,,merge_then_adapt,coral,near_nearest_proxy,final,2.0,2,2train,train,True,1.0,4.0,direct,0.08675095867277083,0.062453520462664586,0.11515491585868232
2,bnci004,MMP_merge_then_adapt,CSP,svm_radial,sa,5,4,4,8684,0.05,no_leakage_v1_alpha005,gate_all_sources_proxy_source_only_final_training_only,mmd,,,,,merge_then_adapt,coral,near_nearest_proxy,main,3.0,3,3test,far,False,,4.0,direct,0.22522593682126754,0.17160180006610334,0.2737778603128771
2,bnci004,MMP_merge_then_adapt,CSP,svm_radial,sa,5,4,4,8684,0.05,no_leakage_v1_alpha005,gate_all_sources_proxy_source_only_final_training_only,mmd,,,,,merge_then_adapt,coral,near_nearest_proxy,anchor,3.0,3,3test,second_nearest_fallback_source,False,1.0,4.0,direct,0.22522593682126754,0.17160180006610334,0.2737778603128771
2,bnci004,MMP_merge_then_adapt,CSP,svm_radial,sa,5,4,4,8684,0.05,no_leakage_v1_alpha005,gate_all_sources_proxy_source_only_final_training_only,mmd,,,,,merge_then_adapt,coral,near_nearest_proxy,final,3.0,3,3test,not_used,False,,4.0,direct,0.22522593682126754,0.17160180006610334,0.2737778603128771
2,bnci004,MMP_merge_then_adapt,CSP,svm_radial,sa,5,4,4,8684,0.05,no_leakage_v1_alpha005,gate_all_sources_proxy_source_only_final_training_only,mmd,,,,,merge_then_adapt,coral,near_nearest_proxy,main,,4,4test,target,False,,,,,,
2,bnci004,MMP_merge_then_adapt,CSP,svm_radial,sa,5,4,4,8684,0.05,no_leakage_v1_alpha005,gate_all_sources_proxy_source_only_final_training_only,mmd,,,,,merge_then_adapt,coral,near_nearest_proxy,final,,4,4test,target,False,,,,,,
2,bnci004,MMP_merge_then_adapt,CSP,svm_radial,pt,6,0,0,9557,0.05,no_leakage_v1_alpha005,gate_all_sources_proxy_source_only_final_training_only,mmd,,,,,merge_then_adapt,coral,near_nearest_proxy,main,0.0,1,1train,near,False,0.2595728310379705,0.0,direct,0.4399686766041433,0.3869563442119605,0.5005992397305263
2,bnci004,MMP_merge_then_adapt,CSP,svm_radial,pt,6,0,0,9557,0.05,no_leakage_v1_alpha005,gate_all_sources_proxy_source_only_final_training_only,mmd,,,,,merge_then_adapt,coral,near_nearest_proxy,anchor,0.0,1,1train,proxy_source,False,0.3517904155632522,0.0,direct,0.4399686766041433,0.3869563442119605,0.5005992397305263
2,bnci004,MMP_merge_then_adapt,CSP,svm_radial,pt,6,0,0,9557,0.05,no_leakage_v1_alpha005,gate_all_sources_proxy_source_only_final_training_only,mmd,,,,,merge_then_adapt,coral,near_nearest_proxy,final,0.0,1,1train,train,False,0.2595728310379705,0.0,direct,0.4399686766041433,0.3869563442119605,0.5005992397305263
2,bnci004,MMP_merge_then_adapt,CSP,svm_radial,pt,6,0,0,9557,0.05,no_leakage_v1_alpha005,gate_all_sources_proxy_source_only_final_training_only,mmd,,,,,merge_then_adapt,coral,near_nearest_proxy,main,1.0,2,2train,nearest,True,0.26213785380602794,0.0,direct,0.4356635668256084,0.3985204159703616,0.4827285593424101
2,bnci004,MMP_merge_then_adapt,CSP,svm_radial,pt,6,0,0,9557,0.05,no_leakage_v1_alpha005,gate_all_sources_proxy_source_only_final_training_only,mmd,,,,,merge_then_adapt,coral,near_nearest_proxy,anchor,1.0,2,2train,target,False,,0.0,direct,0.4356635668256084,0.3985204159703616,0.4827285593424101
2,bnci004,MMP_merge_then_adapt,CSP,svm_radial,pt,6,0,0,9557,0.05,no_leakage_v1_alpha005,gate_all_sources_proxy_source_only_final_training_only,mmd,,,,,merge_then_adapt,coral,near_nearest_proxy,final,1.0,2,2train,train,True,0.26213785380602794,0.0,direct,0.4356635668256084,0.3985204159703616,0.4827285593424101
2,bnci004,MMP_merge_then_adapt,CSP,svm_radial,pt,6,0,0,9557,0.05,no_leakage_v1_alpha005,gate_all_sources_proxy_source_only_final_training_only,mmd,,,,,merge_then_adapt,coral,near_nearest_proxy,main,2.0,3,3test,near,False,0.24580980481633724,0.0,direct,0.46460282087821203,0.41046442295199514,0.533927122334242
2,bnci004,MMP_merge_then_adapt,CSP,svm_radial,pt,6,0,0,9557,0.05,no_leakage_v1_alpha005,gate_all_sources_proxy_source_only_final_training_only,mmd,,,,,merge_then_adapt,coral,near_nearest_proxy,anchor,2.0,3,3test,proxy_source,False,0.333137844357878,0.0,direct,0.46460282087821203,0.41046442295199514,0.533927122334242
2,bnci004,MMP_merge_then_adapt,CSP,svm_radial,pt,6,0,0,9557,0.05,no_leakage_v1_alpha005,gate_all_sources_proxy_source_only_final_training_only,mmd,,,,,merge_then_adapt,coral,near_nearest_proxy,final,2.0,3,3test,train,False,0.24580980481633724,0.0,direct,0.46460282087821203,0.41046442295199514,0.533927122334242
2,bnci004,MMP_merge_then_adapt,CSP,svm_radial,pt,6,0,0,9557,0.05,no_leakage_v1_alpha005,gate_all_sources_proxy_source_only_final_training_only,mmd,,,,,merge_then_adapt,coral,near_nearest_proxy,main,3.0,4,4test,near,False,0.23247951033966413,0.0,direct,0.49124304279817965,0.43942749796796265,0.5450252342606813
2,bnci004,MMP_merge_then_adapt,CSP,svm_radial,pt,6,0,0,9557,0.05,no_leakage_v1_alpha005,gate_all_sources_proxy_source_only_final_training_only,mmd,,,,,merge_then_adapt,coral,near_nearest_proxy,anchor,3.0,4,4test,proxy_source,False,0.31507174007886984,0.0,direct,0.49124304279817965,0.43942749796796265,0.5450252342606813
2,bnci004,MMP_merge_then_adapt,CSP,svm_radial,pt,6,0,0,9557,0.05,no_leakage_v1_alpha005,gate_all_sources_proxy_source_only_final_training_only,mmd,,,,,merge_then_adapt,coral,near_nearest_proxy,final,3.0,4,4test,train,False,0.23247951033966413,0.0,direct,0.49124304279817965,0.43942749796796265,0.5450252342606813
2,bnci004,MMP_merge_then_adapt,CSP,svm_radial,pt,6,0,0,9557,0.05,no_leakage_v1_alpha005,gate_all_sources_proxy_source_only_final_training_only,mmd,,,,,merge_then_adapt,coral,near_nearest_proxy,main,,0,0train,target,False,,,,,,
2,bnci004,MMP_merge_then_adapt,CSP,svm_radial,pt,6,0,0,9557,0.05,no_leakage_v1_alpha005,gate_all_sources_proxy_source_only_final_training_only,mmd,,,,,merge_then_adapt,coral,near_nearest_proxy,final,,0,0train,target,False,,,,,,
2,bnci004,MMP_merge_then_adapt,CSP,svm_radial,pt,6,1,1,9588,0.05,no_leakage_v1_alpha005,gate_all_sources_proxy_source_only_final_training_only,mmd,,,,,merge_then_adapt,coral,near_nearest_proxy,main,0.0,0,0train,near,False,0.21884480672412637,1.0,direct,0.4618536934369078,0.39260440283496817,0.5193269931468322
2,bnci004,MMP_merge_then_adapt,CSP,svm_radial,pt,6,1,1,9588,0.05,no_leakage_v1_alpha005,gate_all_sources_proxy_source_only_final_training_only,mmd,,,,,merge_then_adapt,coral,near_nearest_proxy,anchor,0.0,0,0train,proxy_source,False,0.3031519931633863,1.0,direct,0.4618536934369078,0.39260440283496817,0.5193269931468322
2,bnci004,MMP_merge_then_adapt,CSP,svm_radial,pt,6,1,1,9588,0.05,no_leakage_v1_alpha005,gate_all_sources_proxy_source_only_final_training_only,mmd,,,,,merge_then_adapt,coral,near_nearest_proxy,final,0.0,0,0train,train,False,0.21884480672412637,1.0,direct,0.4618536934369078,0.39260440283496817,0.5193269931468322
2,bnci004,MMP_merge_then_adapt,CSP,svm_radial,pt,6,1,1,9588,0.05,no_leakage_v1_alpha005,gate_all_sources_proxy_source_only_final_training_only,mmd,,,,,merge_then_adapt,coral,near_nearest_proxy,main,1.0,2,2train,near,False,0.24451930331468286,1.0,direct,0.41335900777719137,0.37230160498073045,0.4631289543438968
2,bnci004,MMP_merge_then_adapt,CSP,svm_radial,pt,6,1,1,9588,0.05,no_leakage_v1_alpha005,gate_all_sources_proxy_source_only_final_training_only,mmd,,,,,merge_then_adapt,coral,near_nearest_proxy,anchor,1.0,2,2train,proxy_source,False,0.3387172639660208,1.0,direct,0.41335900777719137,0.37230160498073045,0.4631289543438968
2,bnci004,MMP_merge_then_adapt,CSP,svm_radial,pt,6,1,1,9588,0.05,no_leakage_v1_alpha005,gate_all_sources_proxy_source_only_final_training_only,mmd,,,,,merge_then_adapt,coral,near_nearest_proxy,final,1.0,2,2train,train,False,0.24451930331468286,1.0,direct,0.41335900777719137,0.37230160498073045,0.4631289543438968
2,bnci004,MMP_merge_then_adapt,CSP,svm_radial,pt,6,1,1,9588,0.05,no_leakage_v1_alpha005,gate_all_sources_proxy_source_only_final_training_only,mmd,,,,,merge_then_adapt,coral,near_nearest_proxy,main,2.0,3,3test,near,False,0.25853385421497727,1.0,direct,0.39095167204651965,0.3293796409418686,0.4474444757549765
2,bnci004,MMP_merge_then_adapt,CSP,svm_radial,pt,6,1,1,9588,0.05,no_leakage_v1_alpha005,gate_all_sources_proxy_source_only_final_training_only,mmd,,,,,merge_then_adapt,coral,near_nearest_proxy,anchor,2.0,3,3test,proxy_source,False,0.3581307428705928,1.0,direct,0.39095167204651965,0.3293796409418686,0.4474444757549765
2,bnci004,MMP_merge_then_adapt,CSP,svm_radial,pt,6,1,1,9588,0.05,no_leakage_v1_alpha005,gate_all_sources_proxy_source_only_final_training_only,mmd,,,,,merge_then_adapt,coral,near_nearest_proxy,final,2.0,3,3test,train,False,0.25853385421497727,1.0,direct,0.39095167204651965,0.3293796409418686,0.4474444757549765
2,bnci004,MMP_merge_then_adapt,CSP,svm_radial,pt,6,1,1,9588,0.05,no_leakage_v1_alpha005,gate_all_sources_proxy_source_only_final_training_only,mmd,,,,,merge_then_adapt,coral,near_nearest_proxy,main,3.0,4,4test,nearest,True,0.27810203574621356,1.0,direct,0.3634429454879355,0.305072713305535,0.4172119564187924
2,bnci004,MMP_merge_then_adapt,CSP,svm_radial,pt,6,1,1,9588,0.05,no_leakage_v1_alpha005,gate_all_sources_proxy_source_only_final_training_only,mmd,,,,,merge_then_adapt,coral,near_nearest_proxy,anchor,3.0,4,4test,target,False,,1.0,direct,0.3634429454879355,0.305072713305535,0.4172119564187924
2,bnci004,MMP_merge_then_adapt,CSP,svm_radial,pt,6,1,1,9588,0.05,no_leakage_v1_alpha005,gate_all_sources_proxy_source_only_final_training_only,mmd,,,,,merge_then_adapt,coral,near_nearest_proxy,final,3.0,4,4test,train,True,0.27810203574621356,1.0,direct,0.3634429454879355,0.305072713305535,0.4172119564187924
2,bnci004,MMP_merge_then_adapt,CSP,svm_radial,pt,6,1,1,9588,0.05,no_leakage_v1_alpha005,gate_all_sources_proxy_source_only_final_training_only,mmd,,,,,merge_then_adapt,coral,near_nearest_proxy,main,,1,1train,target,False,,,,,,
2,bnci004,MMP_merge_then_adapt,CSP,svm_radial,pt,6,1,1,9588,0.05,no_leakage_v1_alpha005,gate_all_sources_proxy_source_only_final_training_only,mmd,,,,,merge_then_adapt,coral,near_nearest_proxy,final,,1,1train,target,False,,,,,,
2,bnci004,MMP_merge_then_adapt,CSP,svm_radial,pt,6,2,2,9619,0.05,no_leakage_v1_alpha005,gate_all_sources_proxy_source_only_final_training_only,mmd,,,,,merge_then_adapt,coral,near_nearest_proxy,main,0.0,0,0train,far,False,,2.0,direct,0.4639723064280928,0.41994147901630063,0.5141708624011114
2,bnci004,MMP_merge_then_adapt,CSP,svm_radial,pt,6,2,2,9619,0.05,no_leakage_v1_alpha005,gate_all_sources_proxy_source_only_final_training_only,mmd,,,,,merge_then_adapt,coral,near_nearest_proxy,anchor,0.0,0,0train,not_used,False,,2.0,direct,0.4639723064280928,0.41994147901630063,0.5141708624011114
2,bnci004,MMP_merge_then_adapt,CSP,svm_radial,pt,6,2,2,9619,0.05,no_leakage_v1_alpha005,gate_all_sources_proxy_source_only_final_training_only,mmd,,,,,merge_then_adapt,coral,near_nearest_proxy,final,0.0,0,0train,not_used,False,,2.0,direct,0.4639723064280928,0.41994147901630063,0.5141708624011114
2,bnci004,MMP_merge_then_adapt,CSP,svm_radial,pt,6,2,2,9619,0.05,no_leakage_v1_alpha005,gate_all_sources_proxy_source_only_final_training_only,mmd,,,,,merge_then_adapt,coral,near_nearest_proxy,main,1.0,1,1train,far,False,,2.0,direct,0.3973520004410538,0.3490865390037126,0.45151525203809806
2,bnci004,MMP_merge_then_adapt,CSP,svm_radial,pt,6,2,2,9619,0.05,no_leakage_v1_alpha005,gate_all_sources_proxy_source_only_final_training_only,mmd,,,,,merge_then_adapt,coral,near_nearest_proxy,anchor,1.0,1,1train,not_used,False,,2.0,direct,0.3973520004410538,0.3490865390037126,0.45151525203809806
2,bnci004,MMP_merge_then_adapt,CSP,svm_radial,pt,6,2,2,9619,0.05,no_leakage_v1_alpha005,gate_all_sources_proxy_source_only_final_training_only,mmd,,,,,merge_then_adapt,coral,near_nearest_proxy,final,1.0,1,1train,not_used,False,,2.0,direct,0.3973520004410538,0.3490865390037126,0.45151525203809806
2,bnci004,MMP_merge_then_adapt,CSP,svm_radial,pt,6,2,2,9619,0.05,no_leakage_v1_alpha005,gate_all_sources_proxy_source_only_final_training_only,mmd,,,,,merge_then_adapt,coral,near_nearest_proxy,main,2.0,3,3test,far,False,,2.0,direct,0.27816007799677167,0.21891906306756692,0.336616164710299
2,bnci004,MMP_merge_then_adapt,CSP,svm_radial,pt,6,2,2,9619,0.05,no_leakage_v1_alpha005,gate_all_sources_proxy_source_only_final_training_only,mmd,,,,,merge_then_adapt,coral,near_nearest_proxy,anchor,2.0,3,3test,second_nearest_fallback_source,False,1.0,2.0,direct,0.27816007799677167,0.21891906306756692,0.336616164710299
2,bnci004,MMP_merge_then_adapt,CSP,svm_radial,pt,6,2,2,9619,0.05,no_leakage_v1_alpha005,gate_all_sources_proxy_source_only_final_training_only,mmd,,,,,merge_then_adapt,coral,near_nearest_proxy,final,2.0,3,3test,not_used,False,,2.0,direct,0.27816007799677167,0.21891906306756692,0.336616164710299
2,bnci004,MMP_merge_then_adapt,CSP,svm_radial,pt,6,2,2,9619,0.05,no_leakage_v1_alpha005,gate_all_sources_proxy_source_only_final_training_only,mmd,,,,,merge_then_adapt,coral,near_nearest_proxy,main,3.0,4,4test,nearest,True,1.0,2.0,direct,0.09206160871870424,0.06509070464486522,0.11907435486815089
2,bnci004,MMP_merge_then_adapt,CSP,svm_radial,pt,6,2,2,9619,0.05,no_leakage_v1_alpha005,gate_all_sources_proxy_source_only_final_training_only,mmd,,,,,merge_then_adapt,coral,near_nearest_proxy,anchor,3.0,4,4test,target,False,,2.0,direct,0.09206160871870424,0.06509070464486522,0.11907435486815089
2,bnci004,MMP_merge_then_adapt,CSP,svm_radial,pt,6,2,2,9619,0.05,no_leakage_v1_alpha005,gate_all_sources_proxy_source_only_final_training_only,mmd,,,,,merge_then_adapt,coral,near_nearest_proxy,final,3.0,4,4test,train,True,1.0,2.0,direct,0.09206160871870424,0.06509070464486522,0.11907435486815089
2,bnci004,MMP_merge_then_adapt,CSP,svm_radial,pt,6,2,2,9619,0.05,no_leakage_v1_alpha005,gate_all_sources_proxy_source_only_final_training_only,mmd,,,,,merge_then_adapt,coral,near_nearest_proxy,main,,2,2train,target,False,,,,,,
2,bnci004,MMP_merge_then_adapt,CSP,svm_radial,pt,6,2,2,9619,0.05,no_leakage_v1_alpha005,gate_all_sources_proxy_source_only_final_training_only,mmd,,,,,merge_then_adapt,coral,near_nearest_proxy,final,,2,2train,target,False,,,,,,
2,bnci004,MMP_merge_then_adapt,CSP,svm_radial,pt,6,3,3,9650,0.05,no_leakage_v1_alpha005,gate_all_sources_proxy_source_only_final_training_only,mmd,,,,,merge_then_adapt,coral,near_nearest_proxy,main,0.0,0,0train,far,False,,3.0,direct,0.4351508691785611,0.380708319850941,0.4980134696828665
2,bnci004,MMP_merge_then_adapt,CSP,svm_radial,pt,6,3,3,9650,0.05,no_leakage_v1_alpha005,gate_all_sources_proxy_source_only_final_training_only,mmd,,,,,merge_then_adapt,coral,near_nearest_proxy,anchor,0.0,0,0train,not_used,False,,3.0,direct,0.4351508691785611,0.380708319850941,0.4980134696828665
2,bnci004,MMP_merge_then_adapt,CSP,svm_radial,pt,6,3,3,9650,0.05,no_leakage_v1_alpha005,gate_all_sources_proxy_source_only_final_training_only,mmd,,,,,merge_then_adapt,coral,near_nearest_proxy,final,0.0,0,0train,not_used,False,,3.0,direct,0.4351508691785611,0.380708319850941,0.4980134696828665
2,bnci004,MMP_merge_then_adapt,CSP,svm_radial,pt,6,3,3,9650,0.05,no_leakage_v1_alpha005,gate_all_sources_proxy_source_only_final_training_only,mmd,,,,,merge_then_adapt,coral,near_nearest_proxy,main,1.0,1,1train,far,False,,3.0,direct,0.37680713692626844,0.32294815215612005,0.4368087479661262
2,bnci004,MMP_merge_then_adapt,CSP,svm_radial,pt,6,3,3,9650,0.05,no_leakage_v1_alpha005,gate_all_sources_proxy_source_only_final_training_only,mmd,,,,,merge_then_adapt,coral,near_nearest_proxy,anchor,1.0,1,1train,not_used,False,,3.0,direct,0.37680713692626844,0.32294815215612005,0.4368087479661262
2,bnci004,MMP_merge_then_adapt,CSP,svm_radial,pt,6,3,3,9650,0.05,no_leakage_v1_alpha005,gate_all_sources_proxy_source_only_final_training_only,mmd,,,,,merge_then_adapt,coral,near_nearest_proxy,final,1.0,1,1train,not_used,False,,3.0,direct,0.37680713692626844,0.32294815215612005,0.4368087479661262
2,bnci004,MMP_merge_then_adapt,CSP,svm_radial,pt,6,3,3,9650,0.05,no_leakage_v1_alpha005,gate_all_sources_proxy_source_only_final_training_only,mmd,,,,,merge_then_adapt,coral,near_nearest_proxy,main,2.0,2,2train,nearest,True,0.5373234249734513,3.0,direct,0.19808613644019488,0.1481564831996319,0.247783462852146
2,bnci004,MMP_merge_then_adapt,CSP,svm_radial,pt,6,3,3,9650,0.05,no_leakage_v1_alpha005,gate_all_sources_proxy_source_only_final_training_only,mmd,,,,,merge_then_adapt,coral,near_nearest_proxy,anchor,2.0,2,2train,target,False,,3.0,direct,0.19808613644019488,0.1481564831996319,0.247783462852146
2,bnci004,MMP_merge_then_adapt,CSP,svm_radial,pt,6,3,3,9650,0.05,no_leakage_v1_alpha005,gate_all_sources_proxy_source_only_final_training_only,mmd,,,,,merge_then_adapt,coral,near_nearest_proxy,final,2.0,2,2train,train,True,0.5373234249734513,3.0,direct,0.19808613644019488,0.1481564831996319,0.247783462852146
2,bnci004,MMP_merge_then_adapt,CSP,svm_radial,pt,6,3,3,9650,0.05,no_leakage_v1_alpha005,gate_all_sources_proxy_source_only_final_training_only,mmd,,,,,merge_then_adapt,coral,near_nearest_proxy,main,3.0,4,4test,near,False,0.46267657502654874,3.0,direct,0.23004492049883102,0.1719397107676387,0.29018580252338844
2,bnci004,MMP_merge_then_adapt,CSP,svm_radial,pt,6,3,3,9650,0.05,no_leakage_v1_alpha005,gate_all_sources_proxy_source_only_final_training_only,mmd,,,,,merge_then_adapt,coral,near_nearest_proxy,anchor,3.0,4,4test,proxy_source,False,1.0,3.0,direct,0.23004492049883102,0.1719397107676387,0.29018580252338844
2,bnci004,MMP_merge_then_adapt,CSP,svm_radial,pt,6,3,3,9650,0.05,no_leakage_v1_alpha005,gate_all_sources_proxy_source_only_final_training_only,mmd,,,,,merge_then_adapt,coral,near_nearest_proxy,final,3.0,4,4test,train,False,0.46267657502654874,3.0,direct,0.23004492049883102,0.1719397107676387,0.29018580252338844
2,bnci004,MMP_merge_then_adapt,CSP,svm_radial,pt,6,3,3,9650,0.05,no_leakage_v1_alpha005,gate_all_sources_proxy_source_only_final_training_only,mmd,,,,,merge_then_adapt,coral,near_nearest_proxy,main,,3,3test,target,False,,,,,,
2,bnci004,MMP_merge_then_adapt,CSP,svm_radial,pt,6,3,3,9650,0.05,no_leakage_v1_alpha005,gate_all_sources_proxy_source_only_final_training_only,mmd,,,,,merge_then_adapt,coral,near_nearest_proxy,final,,3,3test,target,False,,,,,,
2,bnci004,MMP_merge_then_adapt,CSP,svm_radial,pt,6,4,4,9681,0.05,no_leakage_v1_alpha005,gate_all_sources_proxy_source_only_final_training_only,mmd,,,,,merge_then_adapt,coral,near_nearest_proxy,main,0.0,0,0train,far,False,,4.0,direct,0.46050318698672593,0.4143297662016382,0.5109537898719348
2,bnci004,MMP_merge_then_adapt,CSP,svm_radial,pt,6,4,4,9681,0.05,no_leakage_v1_alpha005,gate_all_sources_proxy_source_only_final_training_only,mmd,,,,,merge_then_adapt,coral,near_nearest_proxy,anchor,0.0,0,0train,not_used,False,,4.0,direct,0.46050318698672593,0.4143297662016382,0.5109537898719348
2,bnci004,MMP_merge_then_adapt,CSP,svm_radial,pt,6,4,4,9681,0.05,no_leakage_v1_alpha005,gate_all_sources_proxy_source_only_final_training_only,mmd,,,,,merge_then_adapt,coral,near_nearest_proxy,final,0.0,0,0train,not_used,False,,4.0,direct,0.46050318698672593,0.4143297662016382,0.5109537898719348
2,bnci004,MMP_merge_then_adapt,CSP,svm_radial,pt,6,4,4,9681,0.05,no_leakage_v1_alpha005,gate_all_sources_proxy_source_only_final_training_only,mmd,,,,,merge_then_adapt,coral,near_nearest_proxy,main,1.0,1,1train,far,False,,4.0,direct,0.30778254154173246,0.25423959795043816,0.36582289521654515
2,bnci004,MMP_merge_then_adapt,CSP,svm_radial,pt,6,4,4,9681,0.05,no_leakage_v1_alpha005,gate_all_sources_proxy_source_only_final_training_only,mmd,,,,,merge_then_adapt,coral,near_nearest_proxy,anchor,1.0,1,1train,not_used,False,,4.0,direct,0.30778254154173246,0.25423959795043816,0.36582289521654515
2,bnci004,MMP_merge_then_adapt,CSP,svm_radial,pt,6,4,4,9681,0.05,no_leakage_v1_alpha005,gate_all_sources_proxy_source_only_final_training_only,mmd,,,,,merge_then_adapt,coral,near_nearest_proxy,final,1.0,1,1train,not_used,False,,4.0,direct,0.30778254154173246,0.25423959795043816,0.36582289521654515
2,bnci004,MMP_merge_then_adapt,CSP,svm_radial,pt,6,4,4,9681,0.05,no_leakage_v1_alpha005,gate_all_sources_proxy_source_only_final_training_only,mmd,,,,,merge_then_adapt,coral,near_nearest_proxy,main,2.0,2,2train,nearest,True,1.0,4.0,direct,0.0864480385133065,0.06135163343776088,0.11763851049660924
2,bnci004,MMP_merge_then_adapt,CSP,svm_radial,pt,6,4,4,9681,0.05,no_leakage_v1_alpha005,gate_all_sources_proxy_source_only_final_training_only,mmd,,,,,merge_then_adapt,coral,near_nearest_proxy,anchor,2.0,2,2train,target,False,,4.0,direct,0.0864480385133065,0.06135163343776088,0.11763851049660924
2,bnci004,MMP_merge_then_adapt,CSP,svm_radial,pt,6,4,4,9681,0.05,no_leakage_v1_alpha005,gate_all_sources_proxy_source_only_final_training_only,mmd,,,,,merge_then_adapt,coral,near_nearest_proxy,final,2.0,2,2train,train,True,1.0,4.0,direct,0.0864480385133065,0.06135163343776088,0.11763851049660924
2,bnci004,MMP_merge_then_adapt,CSP,svm_radial,pt,6,4,4,9681,0.05,no_leakage_v1_alpha005,gate_all_sources_proxy_source_only_final_training_only,mmd,,,,,merge_then_adapt,coral,near_nearest_proxy,main,3.0,3,3test,far,False,,4.0,direct,0.2311565473204703,0.1693147052517519,0.3005038727395357
2,bnci004,MMP_merge_then_adapt,CSP,svm_radial,pt,6,4,4,9681,0.05,no_leakage_v1_alpha005,gate_all_sources_proxy_source_only_final_training_only,mmd,,,,,merge_then_adapt,coral,near_nearest_proxy,anchor,3.0,3,3test,second_nearest_fallback_source,False,1.0,4.0,direct,0.2311565473204703,0.1693147052517519,0.3005038727395357
2,bnci004,MMP_merge_then_adapt,CSP,svm_radial,pt,6,4,4,9681,0.05,no_leakage_v1_alpha005,gate_all_sources_proxy_source_only_final_training_only,mmd,,,,,merge_then_adapt,coral,near_nearest_proxy,final,3.0,3,3test,not_used,False,,4.0,direct,0.2311565473204703,0.1693147052517519,0.3005038727395357
2,bnci004,MMP_merge_then_adapt,CSP,svm_radial,pt,6,4,4,9681,0.05,no_leakage_v1_alpha005,gate_all_sources_proxy_source_only_final_training_only,mmd,,,,,merge_then_adapt,coral,near_nearest_proxy,main,,4,4test,target,False,,,,,,
2,bnci004,MMP_merge_then_adapt,CSP,svm_radial,pt,6,4,4,9681,0.05,no_leakage_v1_alpha005,gate_all_sources_proxy_source_only_final_training_only,mmd,,,,,merge_then_adapt,coral,near_nearest_proxy,final,,4,4test,target,False,,,,,,
2,bnci004,MMP_merge_then_adapt,CSP,svm_radial,coral,7,0,0,10554,0.05,no_leakage_v1_alpha005,gate_all_sources_proxy_source_only_final_training_only,mmd,,,,,merge_then_adapt,coral,near_nearest_proxy,main,0.0,1,1train,nearest,True,0.2591749475860574,0.0,direct,0.4385184355931575,0.3729100752154628,0.4986540565357689
2,bnci004,MMP_merge_then_adapt,CSP,svm_radial,coral,7,0,0,10554,0.05,no_leakage_v1_alpha005,gate_all_sources_proxy_source_only_final_training_only,mmd,,,,,merge_then_adapt,coral,near_nearest_proxy,anchor,0.0,1,1train,target,False,,0.0,direct,0.4385184355931575,0.3729100752154628,0.4986540565357689
2,bnci004,MMP_merge_then_adapt,CSP,svm_radial,coral,7,0,0,10554,0.05,no_leakage_v1_alpha005,gate_all_sources_proxy_source_only_final_training_only,mmd,,,,,merge_then_adapt,coral,near_nearest_proxy,final,0.0,1,1train,train,True,0.2591749475860574,0.0,direct,0.4385184355931575,0.3729100752154628,0.4986540565357689
2,bnci004,MMP_merge_then_adapt,CSP,svm_radial,coral,7,0,0,10554,0.05,no_leakage_v1_alpha005,gate_all_sources_proxy_source_only_final_training_only,mmd,,,,,merge_then_adapt,coral,near_nearest_proxy,main,1.0,2,2train,near,False,0.2588026464369339,0.0,direct,0.439149268747424,0.4038394838792101,0.4802170983452492
2,bnci004,MMP_merge_then_adapt,CSP,svm_radial,coral,7,0,0,10554,0.05,no_leakage_v1_alpha005,gate_all_sources_proxy_source_only_final_training_only,mmd,,,,,merge_then_adapt,coral,near_nearest_proxy,anchor,1.0,2,2train,proxy_source,False,0.3493438101123038,0.0,direct,0.439149268747424,0.4038394838792101,0.4802170983452492
2,bnci004,MMP_merge_then_adapt,CSP,svm_radial,coral,7,0,0,10554,0.05,no_leakage_v1_alpha005,gate_all_sources_proxy_source_only_final_training_only,mmd,,,,,merge_then_adapt,coral,near_nearest_proxy,final,1.0,2,2train,train,False,0.2588026464369339,0.0,direct,0.439149268747424,0.4038394838792101,0.4802170983452492
2,bnci004,MMP_merge_then_adapt,CSP,svm_radial,coral,7,0,0,10554,0.05,no_leakage_v1_alpha005,gate_all_sources_proxy_source_only_final_training_only,mmd,,,,,merge_then_adapt,coral,near_nearest_proxy,main,2.0,3,3test,near,False,0.24756258631510752,0.0,direct,0.45908796585311024,0.4098330418963899,0.5145797153988125
2,bnci004,MMP_merge_then_adapt,CSP,svm_radial,coral,7,0,0,10554,0.05,no_leakage_v1_alpha005,gate_all_sources_proxy_source_only_final_training_only,mmd,,,,,merge_then_adapt,coral,near_nearest_proxy,anchor,2.0,3,3test,proxy_source,False,0.33417145587671043,0.0,direct,0.45908796585311024,0.4098330418963899,0.5145797153988125
2,bnci004,MMP_merge_then_adapt,CSP,svm_radial,coral,7,0,0,10554,0.05,no_leakage_v1_alpha005,gate_all_sources_proxy_source_only_final_training_only,mmd,,,,,merge_then_adapt,coral,near_nearest_proxy,final,2.0,3,3test,train,False,0.24756258631510752,0.0,direct,0.45908796585311024,0.4098330418963899,0.5145797153988125
2,bnci004,MMP_merge_then_adapt,CSP,svm_radial,coral,7,0,0,10554,0.05,no_leakage_v1_alpha005,gate_all_sources_proxy_source_only_final_training_only,mmd,,,,,merge_then_adapt,coral,near_nearest_proxy,main,3.0,4,4test,near,False,0.23445981966190116,0.0,direct,0.4847441128266491,0.44568322544121014,0.5358146728036524
2,bnci004,MMP_merge_then_adapt,CSP,svm_radial,coral,7,0,0,10554,0.05,no_leakage_v1_alpha005,gate_all_sources_proxy_source_only_final_training_only,mmd,,,,,merge_then_adapt,coral,near_nearest_proxy,anchor,3.0,4,4test,proxy_source,False,0.31648473401098565,0.0,direct,0.4847441128266491,0.44568322544121014,0.5358146728036524
2,bnci004,MMP_merge_then_adapt,CSP,svm_radial,coral,7,0,0,10554,0.05,no_leakage_v1_alpha005,gate_all_sources_proxy_source_only_final_training_only,mmd,,,,,merge_then_adapt,coral,near_nearest_proxy,final,3.0,4,4test,train,False,0.23445981966190116,0.0,direct,0.4847441128266491,0.44568322544121014,0.5358146728036524
2,bnci004,MMP_merge_then_adapt,CSP,svm_radial,coral,7,0,0,10554,0.05,no_leakage_v1_alpha005,gate_all_sources_proxy_source_only_final_training_only,mmd,,,,,merge_then_adapt,coral,near_nearest_proxy,main,,0,0train,target,False,,,,,,
2,bnci004,MMP_merge_then_adapt,CSP,svm_radial,coral,7,0,0,10554,0.05,no_leakage_v1_alpha005,gate_all_sources_proxy_source_only_final_training_only,mmd,,,,,merge_then_adapt,coral,near_nearest_proxy,final,,0,0train,target,False,,,,,,
2,bnci004,MMP_merge_then_adapt,CSP,svm_radial,coral,7,1,1,10585,0.05,no_leakage_v1_alpha005,gate_all_sources_proxy_source_only_final_training_only,mmd,,,,,merge_then_adapt,coral,near_nearest_proxy,main,0.0,0,0train,near,False,0.2221325008239341,1.0,direct,0.4558485380358782,0.4052231112984145,0.518652048226733
2,bnci004,MMP_merge_then_adapt,CSP,svm_radial,coral,7,1,1,10585,0.05,no_leakage_v1_alpha005,gate_all_sources_proxy_source_only_final_training_only,mmd,,,,,merge_then_adapt,coral,near_nearest_proxy,anchor,0.0,0,0train,proxy_source,False,0.3077114600809021,1.0,direct,0.4558485380358782,0.4052231112984145,0.518652048226733
2,bnci004,MMP_merge_then_adapt,CSP,svm_radial,coral,7,1,1,10585,0.05,no_leakage_v1_alpha005,gate_all_sources_proxy_source_only_final_training_only,mmd,,,,,merge_then_adapt,coral,near_nearest_proxy,final,0.0,0,0train,train,False,0.2221325008239341,1.0,direct,0.4558485380358782,0.4052231112984145,0.518652048226733
2,bnci004,MMP_merge_then_adapt,CSP,svm_radial,coral,7,1,1,10585,0.05,no_leakage_v1_alpha005,gate_all_sources_proxy_source_only_final_training_only,mmd,,,,,merge_then_adapt,coral,near_nearest_proxy,main,1.0,2,2train,near,False,0.24228281915550015,1.0,direct,0.4179361786917974,0.36337175923628334,0.4627303092809625
2,bnci004,MMP_merge_then_adapt,CSP,svm_radial,coral,7,1,1,10585,0.05,no_leakage_v1_alpha005,gate_all_sources_proxy_source_only_final_training_only,mmd,,,,,merge_then_adapt,coral,near_nearest_proxy,anchor,1.0,2,2train,proxy_source,False,0.3356249074688454,1.0,direct,0.4179361786917974,0.36337175923628334,0.4627303092809625
2,bnci004,MMP_merge_then_adapt,CSP,svm_radial,coral,7,1,1,10585,0.05,no_leakage_v1_alpha005,gate_all_sources_proxy_source_only_final_training_only,mmd,,,,,merge_then_adapt,coral,near_nearest_proxy,final,1.0,2,2train,train,False,0.24228281915550015,1.0,direct,0.4179361786917974,0.36337175923628334,0.4627303092809625
2,bnci004,MMP_merge_then_adapt,CSP,svm_radial,coral,7,1,1,10585,0.05,no_leakage_v1_alpha005,gate_all_sources_proxy_source_only_final_training_only,mmd,,,,,merge_then_adapt,coral,near_nearest_proxy,main,2.0,3,3test,near,False,0.25747037373353976,1.0,direct,0.3932830754258557,0.3284714242769132,0.4647298242447614
2,bnci004,MMP_merge_then_adapt,CSP,svm_radial,coral,7,1,1,10585,0.05,no_leakage_v1_alpha005,gate_all_sources_proxy_source_only_final_training_only,mmd,,,,,merge_then_adapt,coral,near_nearest_proxy,anchor,2.0,3,3test,proxy_source,False,0.35666363245025257,1.0,direct,0.3932830754258557,0.3284714242769132,0.4647298242447614
2,bnci004,MMP_merge_then_adapt,CSP,svm_radial,coral,7,1,1,10585,0.05,no_leakage_v1_alpha005,gate_all_sources_proxy_source_only_final_training_only,mmd,,,,,merge_then_adapt,coral,near_nearest_proxy,final,2.0,3,3test,train,False,0.25747037373353976,1.0,direct,0.3932830754258557,0.3284714242769132,0.4647298242447614
2,bnci004,MMP_merge_then_adapt,CSP,svm_radial,coral,7,1,1,10585,0.05,no_leakage_v1_alpha005,gate_all_sources_proxy_source_only_final_training_only,mmd,,,,,merge_then_adapt,coral,near_nearest_proxy,main,3.0,4,4test,nearest,True,0.27811430628702616,1.0,direct,0.36409029481760996,0.31220262387012254,0.4122821172017893
2,bnci004,MMP_merge_then_adapt,CSP,svm_radial,coral,7,1,1,10585,0.05,no_leakage_v1_alpha005,gate_all_sources_proxy_source_only_final_training_only,mmd,,,,,merge_then_adapt,coral,near_nearest_proxy,anchor,3.0,4,4test,target,False,,1.0,direct,0.36409029481760996,0.31220262387012254,0.4122821172017893
2,bnci004,MMP_merge_then_adapt,CSP,svm_radial,coral,7,1,1,10585,0.05,no_leakage_v1_alpha005,gate_all_sources_proxy_source_only_final_training_only,mmd,,,,,merge_then_adapt,coral,near_nearest_proxy,final,3.0,4,4test,train,True,0.27811430628702616,1.0,direct,0.36409029481760996,0.31220262387012254,0.4122821172017893
2,bnci004,MMP_merge_then_adapt,CSP,svm_radial,coral,7,1,1,10585,0.05,no_leakage_v1_alpha005,gate_all_sources_proxy_source_only_final_training_only,mmd,,,,,merge_then_adapt,coral,near_nearest_proxy,main,,1,1train,target,False,,,,,,
2,bnci004,MMP_merge_then_adapt,CSP,svm_radial,coral,7,1,1,10585,0.05,no_leakage_v1_alpha005,gate_all_sources_proxy_source_only_final_training_only,mmd,,,,,merge_then_adapt,coral,near_nearest_proxy,final,,1,1train,target,False,,,,,,
2,bnci004,MMP_merge_then_adapt,CSP,svm_radial,coral,7,2,2,10616,0.05,no_leakage_v1_alpha005,gate_all_sources_proxy_source_only_final_training_only,mmd,,,,,merge_then_adapt,coral,near_nearest_proxy,main,0.0,0,0train,far,False,,2.0,direct,0.4655607920166658,0.4194105166001328,0.51028464364084
2,bnci004,MMP_merge_then_adapt,CSP,svm_radial,coral,7,2,2,10616,0.05,no_leakage_v1_alpha005,gate_all_sources_proxy_source_only_final_training_only,mmd,,,,,merge_then_adapt,coral,near_nearest_proxy,anchor,0.0,0,0train,not_used,False,,2.0,direct,0.4655607920166658,0.4194105166001328,0.51028464364084
2,bnci004,MMP_merge_then_adapt,CSP,svm_radial,coral,7,2,2,10616,0.05,no_leakage_v1_alpha005,gate_all_sources_proxy_source_only_final_training_only,mmd,,,,,merge_then_adapt,coral,near_nearest_proxy,final,0.0,0,0train,not_used,False,,2.0,direct,0.4655607920166658,0.4194105166001328,0.51028464364084
2,bnci004,MMP_merge_then_adapt,CSP,svm_radial,coral,7,2,2,10616,0.05,no_leakage_v1_alpha005,gate_all_sources_proxy_source_only_final_training_only,mmd,,,,,merge_then_adapt,coral,near_nearest_proxy,main,1.0,1,1train,far,False,,2.0,direct,0.39578137012809433,0.3454550091078621,0.43643305073231503
2,bnci004,MMP_merge_then_adapt,CSP,svm_radial,coral,7,2,2,10616,0.05,no_leakage_v1_alpha005,gate_all_sources_proxy_source_only_final_training_only,mmd,,,,,merge_then_adapt,coral,near_nearest_proxy,anchor,1.0,1,1train,not_used,False,,2.0,direct,0.39578137012809433,0.3454550091078621,0.43643305073231503
2,bnci004,MMP_merge_then_adapt,CSP,svm_radial,coral,7,2,2,10616,0.05,no_leakage_v1_alpha005,gate_all_sources_proxy_source_only_final_training_only,mmd,,,,,merge_then_adapt,coral,near_nearest_proxy,final,1.0,1,1train,not_used,False,,2.0,direct,0.39578137012809433,0.3454550091078621,0.43643305073231503
2,bnci004,MMP_merge_then_adapt,CSP,svm_radial,coral,7,2,2,10616,0.05,no_leakage_v1_alpha005,gate_all_sources_proxy_source_only_final_training_only,mmd,,,,,merge_then_adapt,coral,near_nearest_proxy,main,2.0,3,3test,far,False,,2.0,direct,0.2744638669681149,0.2162433353606134,0.34009506694932407
2,bnci004,MMP_merge_then_adapt,CSP,svm_radial,coral,7,2,2,10616,0.05,no_leakage_v1_alpha005,gate_all_sources_proxy_source_only_final_training_only,mmd,,,,,merge_then_adapt,coral,near_nearest_proxy,anchor,2.0,3,3test,second_nearest_fallback_source,False,1.0,2.0,direct,0.2744638669681149,0.2162433353606134,0.34009506694932407
2,bnci004,MMP_merge_then_adapt,CSP,svm_radial,coral,7,2,2,10616,0.05,no_leakage_v1_alpha005,gate_all_sources_proxy_source_only_final_training_only,mmd,,,,,merge_then_adapt,coral,near_nearest_proxy,final,2.0,3,3test,not_used,False,,2.0,direct,0.2744638669681149,0.2162433353606134,0.34009506694932407
2,bnci004,MMP_merge_then_adapt,CSP,svm_radial,coral,7,2,2,10616,0.05,no_leakage_v1_alpha005,gate_all_sources_proxy_source_only_final_training_only,mmd,,,,,merge_then_adapt,coral,near_nearest_proxy,main,3.0,4,4test,nearest,True,1.0,2.0,direct,0.09184846068722419,0.060304772169493655,0.12732868780000198
2,bnci004,MMP_merge_then_adapt,CSP,svm_radial,coral,7,2,2,10616,0.05,no_leakage_v1_alpha005,gate_all_sources_proxy_source_only_final_training_only,mmd,,,,,merge_then_adapt,coral,near_nearest_proxy,anchor,3.0,4,4test,target,False,,2.0,direct,0.09184846068722419,0.060304772169493655,0.12732868780000198
2,bnci004,MMP_merge_then_adapt,CSP,svm_radial,coral,7,2,2,10616,0.05,no_leakage_v1_alpha005,gate_all_sources_proxy_source_only_final_training_only,mmd,,,,,merge_then_adapt,coral,near_nearest_proxy,final,3.0,4,4test,train,True,1.0,2.0,direct,0.09184846068722419,0.060304772169493655,0.12732868780000198
2,bnci004,MMP_merge_then_adapt,CSP,svm_radial,coral,7,2,2,10616,0.05,no_leakage_v1_alpha005,gate_all_sources_proxy_source_only_final_training_only,mmd,,,,,merge_then_adapt,coral,near_nearest_proxy,main,,2,2train,target,False,,,,,,
2,bnci004,MMP_merge_then_adapt,CSP,svm_radial,coral,7,2,2,10616,0.05,no_leakage_v1_alpha005,gate_all_sources_proxy_source_only_final_training_only,mmd,,,,,merge_then_adapt,coral,near_nearest_proxy,final,,2,2train,target,False,,,,,,
2,bnci004,MMP_merge_then_adapt,CSP,svm_radial,coral,7,3,3,10647,0.05,no_leakage_v1_alpha005,gate_all_sources_proxy_source_only_final_training_only,mmd,,,,,merge_then_adapt,coral,near_nearest_proxy,main,0.0,0,0train,far,False,,3.0,direct,0.4340461278339038,0.3748770466947317,0.4842622196993092
2,bnci004,MMP_merge_then_adapt,CSP,svm_radial,coral,7,3,3,10647,0.05,no_leakage_v1_alpha005,gate_all_sources_proxy_source_only_final_training_only,mmd,,,,,merge_then_adapt,coral,near_nearest_proxy,anchor,0.0,0,0train,not_used,False,,3.0,direct,0.4340461278339038,0.3748770466947317,0.4842622196993092
2,bnci004,MMP_merge_then_adapt,CSP,svm_radial,coral,7,3,3,10647,0.05,no_leakage_v1_alpha005,gate_all_sources_proxy_source_only_final_training_only,mmd,,,,,merge_then_adapt,coral,near_nearest_proxy,final,0.0,0,0train,not_used,False,,3.0,direct,0.4340461278339038,0.3748770466947317,0.4842622196993092
2,bnci004,MMP_merge_then_adapt,CSP,svm_radial,coral,7,3,3,10647,0.05,no_leakage_v1_alpha005,gate_all_sources_proxy_source_only_final_training_only,mmd,,,,,merge_then_adapt,coral,near_nearest_proxy,main,1.0,1,1train,far,False,,3.0,direct,0.37894927744643886,0.32363295953709925,0.4349841478122608
2,bnci004,MMP_merge_then_adapt,CSP,svm_radial,coral,7,3,3,10647,0.05,no_leakage_v1_alpha005,gate_all_sources_proxy_source_only_final_training_only,mmd,,,,,merge_then_adapt,coral,near_nearest_proxy,anchor,1.0,1,1train,not_used,False,,3.0,direct,0.37894927744643886,0.32363295953709925,0.4349841478122608
2,bnci004,MMP_merge_then_adapt,CSP,svm_radial,coral,7,3,3,10647,0.05,no_leakage_v1_alpha005,gate_all_sources_proxy_source_only_final_training_only,mmd,,,,,merge_then_adapt,coral,near_nearest_proxy,final,1.0,1,1train,not_used,False,,3.0,direct,0.37894927744643886,0.32363295953709925,0.4349841478122608
2,bnci004,MMP_merge_then_adapt,CSP,svm_radial,coral,7,3,3,10647,0.05,no_leakage_v1_alpha005,gate_all_sources_proxy_source_only_final_training_only,mmd,,,,,merge_then_adapt,coral,near_nearest_proxy,main,2.0,2,2train,nearest,True,0.5383692037077609,3.0,direct,0.19779098978211834,0.15040761493085375,0.25344118332925425
2,bnci004,MMP_merge_then_adapt,CSP,svm_radial,coral,7,3,3,10647,0.05,no_leakage_v1_alpha005,gate_all_sources_proxy_source_only_final_training_only,mmd,,,,,merge_then_adapt,coral,near_nearest_proxy,anchor,2.0,2,2train,target,False,,3.0,direct,0.19779098978211834,0.15040761493085375,0.25344118332925425
2,bnci004,MMP_merge_then_adapt,CSP,svm_radial,coral,7,3,3,10647,0.05,no_leakage_v1_alpha005,gate_all_sources_proxy_source_only_final_training_only,mmd,,,,,merge_then_adapt,coral,near_nearest_proxy,final,2.0,2,2train,train,True,0.5383692037077609,3.0,direct,0.19779098978211834,0.15040761493085375,0.25344118332925425
2,bnci004,MMP_merge_then_adapt,CSP,svm_radial,coral,7,3,3,10647,0.05,no_leakage_v1_alpha005,gate_all_sources_proxy_source_only_final_training_only,mmd,,,,,merge_then_adapt,coral,near_nearest_proxy,main,3.0,4,4test,near,False,0.4616307962922392,3.0,direct,0.23067060357161556,0.17956813954658785,0.2800441507912021
2,bnci004,MMP_merge_then_adapt,CSP,svm_radial,coral,7,3,3,10647,0.05,no_leakage_v1_alpha005,gate_all_sources_proxy_source_only_final_training_only,mmd,,,,,merge_then_adapt,coral,near_nearest_proxy,anchor,3.0,4,4test,proxy_source,False,1.0,3.0,direct,0.23067060357161556,0.17956813954658785,0.2800441507912021
2,bnci004,MMP_merge_then_adapt,CSP,svm_radial,coral,7,3,3,10647,0.05,no_leakage_v1_alpha005,gate_all_sources_proxy_source_only_final_training_only,mmd,,,,,merge_then_adapt,coral,near_nearest_proxy,final,3.0,4,4test,train,False,0.4616307962922392,3.0,direct,0.23067060357161556,0.17956813954658785,0.2800441507912021
2,bnci004,MMP_merge_then_adapt,CSP,svm_radial,coral,7,3,3,10647,0.05,no_leakage_v1_alpha005,gate_all_sources_proxy_source_only_final_training_only,mmd,,,,,merge_then_adapt,coral,near_nearest_proxy,main,,3,3test,target,False,,,,,,
2,bnci004,MMP_merge_then_adapt,CSP,svm_radial,coral,7,3,3,10647,0.05,no_leakage_v1_alpha005,gate_all_sources_proxy_source_only_final_training_only,mmd,,,,,merge_then_adapt,coral,near_nearest_proxy,final,,3,3test,target,False,,,,,,
2,bnci004,MMP_merge_then_adapt,CSP,svm_radial,coral,7,4,4,10678,0.05,no_leakage_v1_alpha005,gate_all_sources_proxy_source_only_final_training_only,mmd,,,,,merge_then_adapt,coral,near_nearest_proxy,main,0.0,0,0train,far,False,,4.0,direct,0.461702740612987,0.4165321254714287,0.5116428184029895
2,bnci004,MMP_merge_then_adapt,CSP,svm_radial,coral,7,4,4,10678,0.05,no_leakage_v1_alpha005,gate_all_sources_proxy_source_only_final_training_only,mmd,,,,,merge_then_adapt,coral,near_nearest_proxy,anchor,0.0,0,0train,not_used,False,,4.0,direct,0.461702740612987,0.4165321254714287,0.5116428184029895
2,bnci004,MMP_merge_then_adapt,CSP,svm_radial,coral,7,4,4,10678,0.05,no_leakage_v1_alpha005,gate_all_sources_proxy_source_only_final_training_only,mmd,,,,,merge_then_adapt,coral,near_nearest_proxy,final,0.0,0,0train,not_used,False,,4.0,direct,0.461702740612987,0.4165321254714287,0.5116428184029895
2,bnci004,MMP_merge_then_adapt,CSP,svm_radial,coral,7,4,4,10678,0.05,no_leakage_v1_alpha005,gate_all_sources_proxy_source_only_final_training_only,mmd,,,,,merge_then_adapt,coral,near_nearest_proxy,main,1.0,1,1train,far,False,,4.0,direct,0.30975043660690027,0.26195349646503613,0.3626210940556256
2,bnci004,MMP_merge_then_adapt,CSP,svm_radial,coral,7,4,4,10678,0.05,no_leakage_v1_alpha005,gate_all_sources_proxy_source_only_final_training_only,mmd,,,,,merge_then_adapt,coral,near_nearest_proxy,anchor,1.0,1,1train,not_used,False,,4.0,direct,0.30975043660690027,0.26195349646503613,0.3626210940556256
2,bnci004,MMP_merge_then_adapt,CSP,svm_radial,coral,7,4,4,10678,0.05,no_leakage_v1_alpha005,gate_all_sources_proxy_source_only_final_training_only,mmd,,,,,merge_then_adapt,coral,near_nearest_proxy,final,1.0,1,1train,not_used,False,,4.0,direct,0.30975043660690027,0.26195349646503613,0.3626210940556256
2,bnci004,MMP_merge_then_adapt,CSP,svm_radial,coral,7,4,4,10678,0.05,no_leakage_v1_alpha005,gate_all_sources_proxy_source_only_final_training_only,mmd,,,,,merge_then_adapt,coral,near_nearest_proxy,main,2.0,2,2train,nearest,True,1.0,4.0,direct,0.08639999471614238,0.060807505330056424,0.11184716322030465
2,bnci004,MMP_merge_then_adapt,CSP,svm_radial,coral,7,4,4,10678,0.05,no_leakage_v1_alpha005,gate_all_sources_proxy_source_only_final_training_only,mmd,,,,,merge_then_adapt,coral,near_nearest_proxy,anchor,2.0,2,2train,target,False,,4.0,direct,0.08639999471614238,0.060807505330056424,0.11184716322030465
2,bnci004,MMP_merge_then_adapt,CSP,svm_radial,coral,7,4,4,10678,0.05,no_leakage_v1_alpha005,gate_all_sources_proxy_source_only_final_training_only,mmd,,,,,merge_then_adapt,coral,near_nearest_proxy,final,2.0,2,2train,train,True,1.0,4.0,direct,0.08639999471614238,0.060807505330056424,0.11184716322030465
2,bnci004,MMP_merge_then_adapt,CSP,svm_radial,coral,7,4,4,10678,0.05,no_leakage_v1_alpha005,gate_all_sources_proxy_source_only_final_training_only,mmd,,,,,merge_then_adapt,coral,near_nearest_proxy,main,3.0,3,3test,far,False,,4.0,direct,0.22491297936176027,0.16932693432768398,0.2791327706511939
2,bnci004,MMP_merge_then_adapt,CSP,svm_radial,coral,7,4,4,10678,0.05,no_leakage_v1_alpha005,gate_all_sources_proxy_source_only_final_training_only,mmd,,,,,merge_then_adapt,coral,near_nearest_proxy,anchor,3.0,3,3test,second_nearest_fallback_source,False,1.0,4.0,direct,0.22491297936176027,0.16932693432768398,0.2791327706511939
2,bnci004,MMP_merge_then_adapt,CSP,svm_radial,coral,7,4,4,10678,0.05,no_leakage_v1_alpha005,gate_all_sources_proxy_source_only_final_training_only,mmd,,,,,merge_then_adapt,coral,near_nearest_proxy,final,3.0,3,3test,not_used,False,,4.0,direct,0.22491297936176027,0.16932693432768398,0.2791327706511939
2,bnci004,MMP_merge_then_adapt,CSP,svm_radial,coral,7,4,4,10678,0.05,no_leakage_v1_alpha005,gate_all_sources_proxy_source_only_final_training_only,mmd,,,,,merge_then_adapt,coral,near_nearest_proxy,main,,4,4test,target,False,,,,,,
2,bnci004,MMP_merge_then_adapt,CSP,svm_radial,coral,7,4,4,10678,0.05,no_leakage_v1_alpha005,gate_all_sources_proxy_source_only_final_training_only,mmd,,,,,merge_then_adapt,coral,near_nearest_proxy,final,,4,4test,target,False,,,,,,
2,bnci004,MMP_merge_then_adapt,logvar,lda,none,8,0,0,11551,0.05,no_leakage_v1_alpha005,gate_all_sources_proxy_source_only_final_training_only,mmd,,,,,merge_then_adapt,coral,near_nearest_proxy,main,0.0,1,1train,far,False,,0.0,direct,0.5807270359670262,0.4860376772051626,0.6789051662144736
2,bnci004,MMP_merge_then_adapt,logvar,lda,none,8,0,0,11551,0.05,no_leakage_v1_alpha005,gate_all_sources_proxy_source_only_final_training_only,mmd,,,,,merge_then_adapt,coral,near_nearest_proxy,anchor,0.0,1,1train,not_used,False,,0.0,direct,0.5807270359670262,0.4860376772051626,0.6789051662144736
2,bnci004,MMP_merge_then_adapt,logvar,lda,none,8,0,0,11551,0.05,no_leakage_v1_alpha005,gate_all_sources_proxy_source_only_final_training_only,mmd,,,,,merge_then_adapt,coral,near_nearest_proxy,final,0.0,1,1train,not_used,False,,0.0,direct,0.5807270359670262,0.4860376772051626,0.6789051662144736
2,bnci004,MMP_merge_then_adapt,logvar,lda,none,8,0,0,11551,0.05,no_leakage_v1_alpha005,gate_all_sources_proxy_source_only_final_training_only,mmd,,,,,merge_then_adapt,coral,near_nearest_proxy,main,1.0,2,2train,far,False,,0.0,direct,0.23902178391825632,0.1784412435178005,0.3017567016934074
2,bnci004,MMP_merge_then_adapt,logvar,lda,none,8,0,0,11551,0.05,no_leakage_v1_alpha005,gate_all_sources_proxy_source_only_final_training_only,mmd,,,,,merge_then_adapt,coral,near_nearest_proxy,anchor,1.0,2,2train,second_nearest_fallback_source,False,1.0,0.0,direct,0.23902178391825632,0.1784412435178005,0.3017567016934074
2,bnci004,MMP_merge_then_adapt,logvar,lda,none,8,0,0,11551,0.05,no_leakage_v1_alpha005,gate_all_sources_proxy_source_only_final_training_only,mmd,,,,,merge_then_adapt,coral,near_nearest_proxy,final,1.0,2,2train,not_used,False,,0.0,direct,0.23902178391825632,0.1784412435178005,0.3017567016934074
2,bnci004,MMP_merge_then_adapt,logvar,lda,none,8,0,0,11551,0.05,no_leakage_v1_alpha005,gate_all_sources_proxy_source_only_final_training_only,mmd,,,,,merge_then_adapt,coral,near_nearest_proxy,main,2.0,3,3test,nearest,True,1.0,0.0,direct,0.07669310576125739,0.041924533227386464,0.12844821296626308
2,bnci004,MMP_merge_then_adapt,logvar,lda,none,8,0,0,11551,0.05,no_leakage_v1_alpha005,gate_all_sources_proxy_source_only_final_training_only,mmd,,,,,merge_then_adapt,coral,near_nearest_proxy,anchor,2.0,3,3test,target,False,,0.0,direct,0.07669310576125739,0.041924533227386464,0.12844821296626308
2,bnci004,MMP_merge_then_adapt,logvar,lda,none,8,0,0,11551,0.05,no_leakage_v1_alpha005,gate_all_sources_proxy_source_only_final_training_only,mmd,,,,,merge_then_adapt,coral,near_nearest_proxy,final,2.0,3,3test,train,True,1.0,0.0,direct,0.07669310576125739,0.041924533227386464,0.12844821296626308
2,bnci004,MMP_merge_then_adapt,logvar,lda,none,8,0,0,11551,0.05,no_leakage_v1_alpha005,gate_all_sources_proxy_source_only_final_training_only,mmd,,,,,merge_then_adapt,coral,near_nearest_proxy,main,3.0,4,4test,far,False,,0.0,direct,0.313719154191618,0.23974070624055654,0.39144281903011297
2,bnci004,MMP_merge_then_adapt,logvar,lda,none,8,0,0,11551,0.05,no_leakage_v1_alpha005,gate_all_sources_proxy_source_only_final_training_only,mmd,,,,,merge_then_adapt,coral,near_nearest_proxy,anchor,3.0,4,4test,not_used,False,,0.0,direct,0.313719154191618,0.23974070624055654,0.39144281903011297
2,bnci004,MMP_merge_then_adapt,logvar,lda,none,8,0,0,11551,0.05,no_leakage_v1_alpha005,gate_all_sources_proxy_source_only_final_training_only,mmd,,,,,merge_then_adapt,coral,near_nearest_proxy,final,3.0,4,4test,not_used,False,,0.0,direct,0.313719154191618,0.23974070624055654,0.39144281903011297
2,bnci004,MMP_merge_then_adapt,logvar,lda,none,8,0,0,11551,0.05,no_leakage_v1_alpha005,gate_all_sources_proxy_source_only_final_training_only,mmd,,,,,merge_then_adapt,coral,near_nearest_proxy,main,,0,0train,target,False,,,,,,
2,bnci004,MMP_merge_then_adapt,logvar,lda,none,8,0,0,11551,0.05,no_leakage_v1_alpha005,gate_all_sources_proxy_source_only_final_training_only,mmd,,,,,merge_then_adapt,coral,near_nearest_proxy,final,,0,0train,target,False,,,,,,
2,bnci004,MMP_merge_then_adapt,logvar,lda,none,8,1,1,11582,0.05,no_leakage_v1_alpha005,gate_all_sources_proxy_source_only_final_training_only,mmd,,,,,merge_then_adapt,coral,near_nearest_proxy,main,0.0,0,0train,far,False,,1.0,direct,0.5455952825317819,0.47284858746084574,0.6350183464108308
2,bnci004,MMP_merge_then_adapt,logvar,lda,none,8,1,1,11582,0.05,no_leakage_v1_alpha005,gate_all_sources_proxy_source_only_final_training_only,mmd,,,,,merge_then_adapt,coral,near_nearest_proxy,anchor,0.0,0,0train,not_used,False,,1.0,direct,0.5455952825317819,0.47284858746084574,0.6350183464108308
2,bnci004,MMP_merge_then_adapt,logvar,lda,none,8,1,1,11582,0.05,no_leakage_v1_alpha005,gate_all_sources_proxy_source_only_final_training_only,mmd,,,,,merge_then_adapt,coral,near_nearest_proxy,final,0.0,0,0train,not_used,False,,1.0,direct,0.5455952825317819,0.47284858746084574,0.6350183464108308
2,bnci004,MMP_merge_then_adapt,logvar,lda,none,8,1,1,11582,0.05,no_leakage_v1_alpha005,gate_all_sources_proxy_source_only_final_training_only,mmd,,,,,merge_then_adapt,coral,near_nearest_proxy,main,1.0,2,2train,near,False,0.42884393984614405,1.0,direct,0.3322334339568521,0.2663703601584369,0.4019832207327309
2,bnci004,MMP_merge_then_adapt,logvar,lda,none,8,1,1,11582,0.05,no_leakage_v1_alpha005,gate_all_sources_proxy_source_only_final_training_only,mmd,,,,,merge_then_adapt,coral,near_nearest_proxy,anchor,1.0,2,2train,proxy_source,False,1.0,1.0,direct,0.3322334339568521,0.2663703601584369,0.4019832207327309
2,bnci004,MMP_merge_then_adapt,logvar,lda,none,8,1,1,11582,0.05,no_leakage_v1_alpha005,gate_all_sources_proxy_source_only_final_training_only,mmd,,,,,merge_then_adapt,coral,near_nearest_proxy,final,1.0,2,2train,train,False,0.42884393984614405,1.0,direct,0.3322334339568521,0.2663703601584369,0.4019832207327309
2,bnci004,MMP_merge_then_adapt,logvar,lda,none,8,1,1,11582,0.05,no_leakage_v1_alpha005,gate_all_sources_proxy_source_only_final_training_only,mmd,,,,,merge_then_adapt,coral,near_nearest_proxy,main,2.0,3,3test,far,False,,1.0,direct,0.4654391570958017,0.38206407457783814,0.5460969608535269
2,bnci004,MMP_merge_then_adapt,logvar,lda,none,8,1,1,11582,0.05,no_leakage_v1_alpha005,gate_all_sources_proxy_source_only_final_training_only,mmd,,,,,merge_then_adapt,coral,near_nearest_proxy,anchor,2.0,3,3test,not_used,False,,1.0,direct,0.4654391570958017,0.38206407457783814,0.5460969608535269
2,bnci004,MMP_merge_then_adapt,logvar,lda,none,8,1,1,11582,0.05,no_leakage_v1_alpha005,gate_all_sources_proxy_source_only_final_training_only,mmd,,,,,merge_then_adapt,coral,near_nearest_proxy,final,2.0,3,3test,not_used,False,,1.0,direct,0.4654391570958017,0.38206407457783814,0.5460969608535269
2,bnci004,MMP_merge_then_adapt,logvar,lda,none,8,1,1,11582,0.05,no_leakage_v1_alpha005,gate_all_sources_proxy_source_only_final_training_only,mmd,,,,,merge_then_adapt,coral,near_nearest_proxy,main,3.0,4,4test,nearest,True,0.571156060153856,1.0,direct,0.24945222924916546,0.17720585618622972,0.31636676669553593
2,bnci004,MMP_merge_then_adapt,logvar,lda,none,8,1,1,11582,0.05,no_leakage_v1_alpha005,gate_all_sources_proxy_source_only_final_training_only,mmd,,,,,merge_then_adapt,coral,near_nearest_proxy,anchor,3.0,4,4test,target,False,,1.0,direct,0.24945222924916546,0.17720585618622972,0.31636676669553593
2,bnci004,MMP_merge_then_adapt,logvar,lda,none,8,1,1,11582,0.05,no_leakage_v1_alpha005,gate_all_sources_proxy_source_only_final_training_only,mmd,,,,,merge_then_adapt,coral,near_nearest_proxy,final,3.0,4,4test,train,True,0.571156060153856,1.0,direct,0.24945222924916546,0.17720585618622972,0.31636676669553593
2,bnci004,MMP_merge_then_adapt,logvar,lda,none,8,1,1,11582,0.05,no_leakage_v1_alpha005,gate_all_sources_proxy_source_only_final_training_only,mmd,,,,,merge_then_adapt,coral,near_nearest_proxy,main,,1,1train,target,False,,,,,,
2,bnci004,MMP_merge_then_adapt,logvar,lda,none,8,1,1,11582,0.05,no_leakage_v1_alpha005,gate_all_sources_proxy_source_only_final_training_only,mmd,,,,,merge_then_adapt,coral,near_nearest_proxy,final,,1,1train,target,False,,,,,,
2,bnci004,MMP_merge_then_adapt,logvar,lda,none,8,2,2,11613,0.05,no_leakage_v1_alpha005,gate_all_sources_proxy_source_only_final_training_only,mmd,,,,,merge_then_adapt,coral,near_nearest_proxy,main,0.0,0,0train,far,False,,2.0,direct,0.22066269159169594,0.16797452301091104,0.2812709885026529
2,bnci004,MMP_merge_then_adapt,logvar,lda,none,8,2,2,11613,0.05,no_leakage_v1_alpha005,gate_all_sources_proxy_source_only_final_training_only,mmd,,,,,merge_then_adapt,coral,near_nearest_proxy,anchor,0.0,0,0train,not_used,False,,2.0,direct,0.22066269159169594,0.16797452301091104,0.2812709885026529
2,bnci004,MMP_merge_then_adapt,logvar,lda,none,8,2,2,11613,0.05,no_leakage_v1_alpha005,gate_all_sources_proxy_source_only_final_training_only,mmd,,,,,merge_then_adapt,coral,near_nearest_proxy,final,0.0,0,0train,not_used,False,,2.0,direct,0.22066269159169594,0.16797452301091104,0.2812709885026529
2,bnci004,MMP_merge_then_adapt,logvar,lda,none,8,2,2,11613,0.05,no_leakage_v1_alpha005,gate_all_sources_proxy_source_only_final_training_only,mmd,,,,,merge_then_adapt,coral,near_nearest_proxy,main,1.0,1,1train,far,False,,2.0,direct,0.2920011487348767,0.2415663981357849,0.34291764304033345
2,bnci004,MMP_merge_then_adapt,logvar,lda,none,8,2,2,11613,0.05,no_leakage_v1_alpha005,gate_all_sources_proxy_source_only_final_training_only,mmd,,,,,merge_then_adapt,coral,near_nearest_proxy,anchor,1.0,1,1train,not_used,False,,2.0,direct,0.2920011487348767,0.2415663981357849,0.34291764304033345
2,bnci004,MMP_merge_then_adapt,logvar,lda,none,8,2,2,11613,0.05,no_leakage_v1_alpha005,gate_all_sources_proxy_source_only_final_training_only,mmd,,,,,merge_then_adapt,coral,near_nearest_proxy,final,1.0,1,1train,not_used,False,,2.0,direct,0.2920011487348767,0.2415663981357849,0.34291764304033345
2,bnci004,MMP_merge_then_adapt,logvar,lda,none,8,2,2,11613,0.05,no_leakage_v1_alpha005,gate_all_sources_proxy_source_only_final_training_only,mmd,,,,,merge_then_adapt,coral,near_nearest_proxy,main,2.0,3,3test,far,False,,2.0,direct,0.16306670561365855,0.11746888344392081,0.2116037486018398
2,bnci004,MMP_merge_then_adapt,logvar,lda,none,8,2,2,11613,0.05,no_leakage_v1_alpha005,gate_all_sources_proxy_source_only_final_training_only,mmd,,,,,merge_then_adapt,coral,near_nearest_proxy,anchor,2.0,3,3test,second_nearest_fallback_source,False,1.0,2.0,direct,0.16306670561365855,0.11746888344392081,0.2116037486018398
2,bnci004,MMP_merge_then_adapt,logvar,lda,none,8,2,2,11613,0.05,no_leakage_v1_alpha005,gate_all_sources_proxy_source_only_final_training_only,mmd,,,,,merge_then_adapt,coral,near_nearest_proxy,final,2.0,3,3test,not_used,False,,2.0,direct,0.16306670561365855,0.11746888344392081,0.2116037486018398
2,bnci004,MMP_merge_then_adapt,logvar,lda,none,8,2,2,11613,0.05,no_leakage_v1_alpha005,gate_all_sources_proxy_source_only_final_training_only,mmd,,,,,merge_then_adapt,coral,near_nearest_proxy,main,3.0,4,4test,nearest,True,1.0,2.0,direct,0.03959222434249745,0.020820252184054006,0.06283926172299674
2,bnci004,MMP_merge_then_adapt,logvar,lda,none,8,2,2,11613,0.05,no_leakage_v1_alpha005,gate_all_sources_proxy_source_only_final_training_only,mmd,,,,,merge_then_adapt,coral,near_nearest_proxy,anchor,3.0,4,4test,target,False,,2.0,direct,0.03959222434249745,0.020820252184054006,0.06283926172299674
2,bnci004,MMP_merge_then_adapt,logvar,lda,none,8,2,2,11613,0.05,no_leakage_v1_alpha005,gate_all_sources_proxy_source_only_final_training_only,mmd,,,,,merge_then_adapt,coral,near_nearest_proxy,final,3.0,4,4test,train,True,1.0,2.0,direct,0.03959222434249745,0.020820252184054006,0.06283926172299674
2,bnci004,MMP_merge_then_adapt,logvar,lda,none,8,2,2,11613,0.05,no_leakage_v1_alpha005,gate_all_sources_proxy_source_only_final_training_only,mmd,,,,,merge_then_adapt,coral,near_nearest_proxy,main,,2,2train,target,False,,,,,,
2,bnci004,MMP_merge_then_adapt,logvar,lda,none,8,2,2,11613,0.05,no_leakage_v1_alpha005,gate_all_sources_proxy_source_only_final_training_only,mmd,,,,,merge_then_adapt,coral,near_nearest_proxy,final,,2,2train,target,False,,,,,,
2,bnci004,MMP_merge_then_adapt,logvar,lda,none,8,3,3,11644,0.05,no_leakage_v1_alpha005,gate_all_sources_proxy_source_only_final_training_only,mmd,,,,,merge_then_adapt,coral,near_nearest_proxy,main,0.0,0,0train,nearest,True,0.504789047886701,3.0,direct,0.08651749754913445,0.04685227221691385,0.1397608220394889
2,bnci004,MMP_merge_then_adapt,logvar,lda,none,8,3,3,11644,0.05,no_leakage_v1_alpha005,gate_all_sources_proxy_source_only_final_training_only,mmd,,,,,merge_then_adapt,coral,near_nearest_proxy,anchor,0.0,0,0train,target,False,,3.0,direct,0.08651749754913445,0.04685227221691385,0.1397608220394889
2,bnci004,MMP_merge_then_adapt,logvar,lda,none,8,3,3,11644,0.05,no_leakage_v1_alpha005,gate_all_sources_proxy_source_only_final_training_only,mmd,,,,,merge_then_adapt,coral,near_nearest_proxy,final,0.0,0,0train,train,True,0.504789047886701,3.0,direct,0.08651749754913445,0.04685227221691385,0.1397608220394889
2,bnci004,MMP_merge_then_adapt,logvar,lda,none,8,3,3,11644,0.05,no_leakage_v1_alpha005,gate_all_sources_proxy_source_only_final_training_only,mmd,,,,,merge_then_adapt,coral,near_nearest_proxy,main,1.0,1,1train,far,False,,3.0,direct,0.49435442948995617,0.39617112918796804,0.5914327665825236
2,bnci004,MMP_merge_then_adapt,logvar,lda,none,8,3,3,11644,0.05,no_leakage_v1_alpha005,gate_all_sources_proxy_source_only_final_training_only,mmd,,,,,merge_then_adapt,coral,near_nearest_proxy,anchor,1.0,1,1train,not_used,False,,3.0,direct,0.49435442948995617,0.39617112918796804,0.5914327665825236
2,bnci004,MMP_merge_then_adapt,logvar,lda,none,8,3,3,11644,0.05,no_leakage_v1_alpha005,gate_all_sources_proxy_source_only_final_training_only,mmd,,,,,merge_then_adapt,coral,near_nearest_proxy,final,1.0,1,1train,not_used,False,,3.0,direct,0.49435442948995617,0.39617112918796804,0.5914327665825236
2,bnci004,MMP_merge_then_adapt,logvar,lda,none,8,3,3,11644,0.05,no_leakage_v1_alpha005,gate_all_sources_proxy_source_only_final_training_only,mmd,,,,,merge_then_adapt,coral,near_nearest_proxy,main,2.0,2,2train,near,False,0.27124381035480316,3.0,direct,0.16101130087163198,0.11091949427632596,0.222448617505576
2,bnci004,MMP_merge_then_adapt,logvar,lda,none,8,3,3,11644,0.05,no_leakage_v1_alpha005,gate_all_sources_proxy_source_only_final_training_only,mmd,,,,,merge_then_adapt,coral,near_nearest_proxy,anchor,2.0,2,2train,proxy_source,False,0.5477338681571514,3.0,direct,0.16101130087163198,0.11091949427632596,0.222448617505576
2,bnci004,MMP_merge_then_adapt,logvar,lda,none,8,3,3,11644,0.05,no_leakage_v1_alpha005,gate_all_sources_proxy_source_only_final_training_only,mmd,,,,,merge_then_adapt,coral,near_nearest_proxy,final,2.0,2,2train,train,False,0.27124381035480316,3.0,direct,0.16101130087163198,0.11091949427632596,0.222448617505576
2,bnci004,MMP_merge_then_adapt,logvar,lda,none,8,3,3,11644,0.05,no_leakage_v1_alpha005,gate_all_sources_proxy_source_only_final_training_only,mmd,,,,,merge_then_adapt,coral,near_nearest_proxy,main,3.0,4,4test,near,False,0.2239671417584959,3.0,direct,0.19499898821036324,0.13250932628987017,0.2586020879345106
2,bnci004,MMP_merge_then_adapt,logvar,lda,none,8,3,3,11644,0.05,no_leakage_v1_alpha005,gate_all_sources_proxy_source_only_final_training_only,mmd,,,,,merge_then_adapt,coral,near_nearest_proxy,anchor,3.0,4,4test,proxy_source,False,0.45226613184284864,3.0,direct,0.19499898821036324,0.13250932628987017,0.2586020879345106
2,bnci004,MMP_merge_then_adapt,logvar,lda,none,8,3,3,11644,0.05,no_leakage_v1_alpha005,gate_all_sources_proxy_source_only_final_training_only,mmd,,,,,merge_then_adapt,coral,near_nearest_proxy,final,3.0,4,4test,train,False,0.2239671417584959,3.0,direct,0.19499898821036324,0.13250932628987017,0.2586020879345106
2,bnci004,MMP_merge_then_adapt,logvar,lda,none,8,3,3,11644,0.05,no_leakage_v1_alpha005,gate_all_sources_proxy_source_only_final_training_only,mmd,,,,,merge_then_adapt,coral,near_nearest_proxy,main,,3,3test,target,False,,,,,,
2,bnci004,MMP_merge_then_adapt,logvar,lda,none,8,3,3,11644,0.05,no_leakage_v1_alpha005,gate_all_sources_proxy_source_only_final_training_only,mmd,,,,,merge_then_adapt,coral,near_nearest_proxy,final,,3,3test,target,False,,,,,,
2,bnci004,MMP_merge_then_adapt,logvar,lda,none,8,4,4,11675,0.05,no_leakage_v1_alpha005,gate_all_sources_proxy_source_only_final_training_only,mmd,,,,,merge_then_adapt,coral,near_nearest_proxy,main,0.0,0,0train,far,False,,4.0,direct,0.24466717279530306,0.18854155166305736,0.3039067234719469
2,bnci004,MMP_merge_then_adapt,logvar,lda,none,8,4,4,11675,0.05,no_leakage_v1_alpha005,gate_all_sources_proxy_source_only_final_training_only,mmd,,,,,merge_then_adapt,coral,near_nearest_proxy,anchor,0.0,0,0train,not_used,False,,4.0,direct,0.24466717279530306,0.18854155166305736,0.3039067234719469
2,bnci004,MMP_merge_then_adapt,logvar,lda,none,8,4,4,11675,0.05,no_leakage_v1_alpha005,gate_all_sources_proxy_source_only_final_training_only,mmd,,,,,merge_then_adapt,coral,near_nearest_proxy,final,0.0,0,0train,not_used,False,,4.0,direct,0.24466717279530306,0.18854155166305736,0.3039067234719469
2,bnci004,MMP_merge_then_adapt,logvar,lda,none,8,4,4,11675,0.05,no_leakage_v1_alpha005,gate_all_sources_proxy_source_only_final_training_only,mmd,,,,,merge_then_adapt,coral,near_nearest_proxy,main,1.0,1,1train,far,False,,4.0,direct,0.24190116868279,0.19410297994529638,0.29471311241010817
2,bnci004,MMP_merge_then_adapt,logvar,lda,none,8,4,4,11675,0.05,no_leakage_v1_alpha005,gate_all_sources_proxy_source_only_final_training_only,mmd,,,,,merge_then_adapt,coral,near_nearest_proxy,anchor,1.0,1,1train,not_used,False,,4.0,direct,0.24190116868279,0.19410297994529638,0.29471311241010817
2,bnci004,MMP_merge_then_adapt,logvar,lda,none,8,4,4,11675,0.05,no_leakage_v1_alpha005,gate_all_sources_proxy_source_only_final_training_only,mmd,,,,,merge_then_adapt,coral,near_nearest_proxy,final,1.0,1,1train,not_used,False,,4.0,direct,0.24190116868279,0.19410297994529638,0.29471311241010817
2,bnci004,MMP_merge_then_adapt,logvar,lda,none,8,4,4,11675,0.05,no_leakage_v1_alpha005,gate_all_sources_proxy_source_only_final_training_only,mmd,,,,,merge_then_adapt,coral,near_nearest_proxy,main,2.0,2,2train,nearest,True,1.0,4.0,direct,0.04236082126271963,0.02362996801107574,0.06766331189184122
2,bnci004,MMP_merge_then_adapt,logvar,lda,none,8,4,4,11675,0.05,no_leakage_v1_alpha005,gate_all_sources_proxy_source_only_final_training_only,mmd,,,,,merge_then_adapt,coral,near_nearest_proxy,anchor,2.0,2,2train,target,False,,4.0,direct,0.04236082126271963,0.02362996801107574,0.06766331189184122
2,bnci004,MMP_merge_then_adapt,logvar,lda,none,8,4,4,11675,0.05,no_leakage_v1_alpha005,gate_all_sources_proxy_source_only_final_training_only,mmd,,,,,merge_then_adapt,coral,near_nearest_proxy,final,2.0,2,2train,train,True,1.0,4.0,direct,0.04236082126271963,0.02362996801107574,0.06766331189184122
2,bnci004,MMP_merge_then_adapt,logvar,lda,none,8,4,4,11675,0.05,no_leakage_v1_alpha005,gate_all_sources_proxy_source_only_final_training_only,mmd,,,,,merge_then_adapt,coral,near_nearest_proxy,main,3.0,3,3test,far,False,,4.0,direct,0.16028899363739246,0.1092577230529819,0.22293308639964832
2,bnci004,MMP_merge_then_adapt,logvar,lda,none,8,4,4,11675,0.05,no_leakage_v1_alpha005,gate_all_sources_proxy_source_only_final_training_only,mmd,,,,,merge_then_adapt,coral,near_nearest_proxy,anchor,3.0,3,3test,second_nearest_fallback_source,False,1.0,4.0,direct,0.16028899363739246,0.1092577230529819,0.22293308639964832
2,bnci004,MMP_merge_then_adapt,logvar,lda,none,8,4,4,11675,0.05,no_leakage_v1_alpha005,gate_all_sources_proxy_source_only_final_training_only,mmd,,,,,merge_then_adapt,coral,near_nearest_proxy,final,3.0,3,3test,not_used,False,,4.0,direct,0.16028899363739246,0.1092577230529819,0.22293308639964832
2,bnci004,MMP_merge_then_adapt,logvar,lda,none,8,4,4,11675,0.05,no_leakage_v1_alpha005,gate_all_sources_proxy_source_only_final_training_only,mmd,,,,,merge_then_adapt,coral,near_nearest_proxy,main,,4,4test,target,False,,,,,,
2,bnci004,MMP_merge_then_adapt,logvar,lda,none,8,4,4,11675,0.05,no_leakage_v1_alpha005,gate_all_sources_proxy_source_only_final_training_only,mmd,,,,,merge_then_adapt,coral,near_nearest_proxy,final,,4,4test,target,False,,,,,,
2,bnci004,MMP_merge_then_adapt,logvar,lda,sa,9,0,0,12548,0.05,no_leakage_v1_alpha005,gate_all_sources_proxy_source_only_final_training_only,mmd,,,,,merge_then_adapt,coral,near_nearest_proxy,main,0.0,1,1train,far,False,,0.0,direct,0.5782153789685681,0.48924179562322523,0.6618397892959741
2,bnci004,MMP_merge_then_adapt,logvar,lda,sa,9,0,0,12548,0.05,no_leakage_v1_alpha005,gate_all_sources_proxy_source_only_final_training_only,mmd,,,,,merge_then_adapt,coral,near_nearest_proxy,anchor,0.0,1,1train,not_used,False,,0.0,direct,0.5782153789685681,0.48924179562322523,0.6618397892959741
2,bnci004,MMP_merge_then_adapt,logvar,lda,sa,9,0,0,12548,0.05,no_leakage_v1_alpha005,gate_all_sources_proxy_source_only_final_training_only,mmd,,,,,merge_then_adapt,coral,near_nearest_proxy,final,0.0,1,1train,not_used,False,,0.0,direct,0.5782153789685681,0.48924179562322523,0.6618397892959741
2,bnci004,MMP_merge_then_adapt,logvar,lda,sa,9,0,0,12548,0.05,no_leakage_v1_alpha005,gate_all_sources_proxy_source_only_final_training_only,mmd,,,,,merge_then_adapt,coral,near_nearest_proxy,main,1.0,2,2train,far,False,,0.0,direct,0.24073289472654863,0.1823234203352772,0.3015162245467909
2,bnci004,MMP_merge_then_adapt,logvar,lda,sa,9,0,0,12548,0.05,no_leakage_v1_alpha005,gate_all_sources_proxy_source_only_final_training_only,mmd,,,,,merge_then_adapt,coral,near_nearest_proxy,anchor,1.0,2,2train,second_nearest_fallback_source,False,1.0,0.0,direct,0.24073289472654863,0.1823234203352772,0.3015162245467909
2,bnci004,MMP_merge_then_adapt,logvar,lda,sa,9,0,0,12548,0.05,no_leakage_v1_alpha005,gate_all_sources_proxy_source_only_final_training_only,mmd,,,,,merge_then_adapt,coral,near_nearest_proxy,final,1.0,2,2train,not_used,False,,0.0,direct,0.24073289472654863,0.1823234203352772,0.3015162245467909
2,bnci004,MMP_merge_then_adapt,logvar,lda,sa,9,0,0,12548,0.05,no_leakage_v1_alpha005,gate_all_sources_proxy_source_only_final_training_only,mmd,,,,,merge_then_adapt,coral,near_nearest_proxy,main,2.0,3,3test,nearest,True,1.0,0.0,direct,0.07671196013393916,0.03650378783445153,0.12827417451220807
2,bnci004,MMP_merge_then_adapt,logvar,lda,sa,9,0,0,12548,0.05,no_leakage_v1_alpha005,gate_all_sources_proxy_source_only_final_training_only,mmd,,,,,merge_then_adapt,coral,near_nearest_proxy,anchor,2.0,3,3test,target,False,,0.0,direct,0.07671196013393916,0.03650378783445153,0.12827417451220807
2,bnci004,MMP_merge_then_adapt,logvar,lda,sa,9,0,0,12548,0.05,no_leakage_v1_alpha005,gate_all_sources_proxy_source_only_final_training_only,mmd,,,,,merge_then_adapt,coral,near_nearest_proxy,final,2.0,3,3test,train,True,1.0,0.0,direct,0.07671196013393916,0.03650378783445153,0.12827417451220807
2,bnci004,MMP_merge_then_adapt,logvar,lda,sa,9,0,0,12548,0.05,no_leakage_v1_alpha005,gate_all_sources_proxy_source_only_final_training_only,mmd,,,,,merge_then_adapt,coral,near_nearest_proxy,main,3.0,4,4test,far,False,,0.0,direct,0.31767709974484704,0.2414181694261913,0.4028551431378516
2,bnci004,MMP_merge_then_adapt,logvar,lda,sa,9,0,0,12548,0.05,no_leakage_v1_alpha005,gate_all_sources_proxy_source_only_final_training_only,mmd,,,,,merge_then_adapt,coral,near_nearest_proxy,anchor,3.0,4,4test,not_used,False,,0.0,direct,0.31767709974484704,0.2414181694261913,0.4028551431378516
2,bnci004,MMP_merge_then_adapt,logvar,lda,sa,9,0,0,12548,0.05,no_leakage_v1_alpha005,gate_all_sources_proxy_source_only_final_training_only,mmd,,,,,merge_then_adapt,coral,near_nearest_proxy,final,3.0,4,4test,not_used,False,,0.0,direct,0.31767709974484704,0.2414181694261913,0.4028551431378516
2,bnci004,MMP_merge_then_adapt,logvar,lda,sa,9,0,0,12548,0.05,no_leakage_v1_alpha005,gate_all_sources_proxy_source_only_final_training_only,mmd,,,,,merge_then_adapt,coral,near_nearest_proxy,main,,0,0train,target,False,,,,,,
2,bnci004,MMP_merge_then_adapt,logvar,lda,sa,9,0,0,12548,0.05,no_leakage_v1_alpha005,gate_all_sources_proxy_source_only_final_training_only,mmd,,,,,merge_then_adapt,coral,near_nearest_proxy,final,,0,0train,target,False,,,,,,
2,bnci004,MMP_merge_then_adapt,logvar,lda,sa,9,1,1,12579,0.05,no_leakage_v1_alpha005,gate_all_sources_proxy_source_only_final_training_only,mmd,,,,,merge_then_adapt,coral,near_nearest_proxy,main,0.0,0,0train,far,False,,1.0,direct,0.5452333856847623,0.45764145709100496,0.6327612950088354
2,bnci004,MMP_merge_then_adapt,logvar,lda,sa,9,1,1,12579,0.05,no_leakage_v1_alpha005,gate_all_sources_proxy_source_only_final_training_only,mmd,,,,,merge_then_adapt,coral,near_nearest_proxy,anchor,0.0,0,0train,not_used,False,,1.0,direct,0.5452333856847623,0.45764145709100496,0.6327612950088354
2,bnci004,MMP_merge_then_adapt,logvar,lda,sa,9,1,1,12579,0.05,no_leakage_v1_alpha005,gate_all_sources_proxy_source_only_final_training_only,mmd,,,,,merge_then_adapt,coral,near_nearest_proxy,final,0.0,0,0train,not_used,False,,1.0,direct,0.5452333856847623,0.45764145709100496,0.6327612950088354
2,bnci004,MMP_merge_then_adapt,logvar,lda,sa,9,1,1,12579,0.05,no_leakage_v1_alpha005,gate_all_sources_proxy_source_only_final_training_only,mmd,,,,,merge_then_adapt,coral,near_nearest_proxy,main,1.0,2,2train,near,False,0.42851297866037386,1.0,direct,0.3315900056509083,0.2676526189366232,0.3985643185279111
2,bnci004,MMP_merge_then_adapt,logvar,lda,sa,9,1,1,12579,0.05,no_leakage_v1_alpha005,gate_all_sources_proxy_source_only_final_training_only,mmd,,,,,merge_then_adapt,coral,near_nearest_proxy,anchor,1.0,2,2train,proxy_source,False,1.0,1.0,direct,0.3315900056509083,0.2676526189366232,0.3985643185279111
2,bnci004,MMP_merge_then_adapt,logvar,lda,sa,9,1,1,12579,0.05,no_leakage_v1_alpha005,gate_all_sources_proxy_source_only_final_training_only,mmd,,,,,merge_then_adapt,coral,near_nearest_proxy,final,1.0,2,2train,train,False,0.42851297866037386,1.0,direct,0.3315900056509083,0.2676526189366232,0.3985643185279111
2,bnci004,MMP_merge_then_adapt,logvar,lda,sa,9,1,1,12579,0.05,no_leakage_v1_alpha005,gate_all_sources_proxy_source_only_final_training_only,mmd,,,,,merge_then_adapt,coral,near_nearest_proxy,main,2.0,3,3test,far,False,,1.0,direct,0.4535793276469731,0.3706325392545451,0.5578724136094299
2,bnci004,MMP_merge_then_adapt,logvar,lda,sa,9,1,1,12579,0.05,no_leakage_v1_alpha005,gate_all_sources_proxy_source_only_final_training_only,mmd,,,,,merge_then_adapt,coral,near_nearest_proxy,anchor,2.0,3,3test,not_used,False,,1.0,direct,0.4535793276469731,0.3706325392545451,0.5578724136094299
2,bnci004,MMP_merge_then_adapt,logvar,lda,sa,9,1,1,12579,0.05,no_leakage_v1_alpha005,gate_all_sources_proxy_source_only_final_training_only,mmd,,,,,merge_then_adapt,coral,near_nearest_proxy,final,2.0,3,3test,not_used,False,,1.0,direct,0.4535793276469731,0.3706325392545451,0.5578724136094299
2,bnci004,MMP_merge_then_adapt,logvar,lda,sa,9,1,1,12579,0.05,no_leakage_v1_alpha005,gate_all_sources_proxy_source_only_final_training_only,mmd,,,,,merge_then_adapt,coral,near_nearest_proxy,main,3.0,4,4test,nearest,True,0.5714870213396263,1.0,direct,0.24863290457299111,0.19038898188292672,0.3220244254895677
2,bnci004,MMP_merge_then_adapt,logvar,lda,sa,9,1,1,12579,0.05,no_leakage_v1_alpha005,gate_all_sources_proxy_source_only_final_training_only,mmd,,,,,merge_then_adapt,coral,near_nearest_proxy,anchor,3.0,4,4test,target,False,,1.0,direct,0.24863290457299111,0.19038898188292672,0.3220244254895677
2,bnci004,MMP_merge_then_adapt,logvar,lda,sa,9,1,1,12579,0.05,no_leakage_v1_alpha005,gate_all_sources_proxy_source_only_final_training_only,mmd,,,,,merge_then_adapt,coral,near_nearest_proxy,final,3.0,4,4test,train,True,0.5714870213396263,1.0,direct,0.24863290457299111,0.19038898188292672,0.3220244254895677
2,bnci004,MMP_merge_then_adapt,logvar,lda,sa,9,1,1,12579,0.05,no_leakage_v1_alpha005,gate_all_sources_proxy_source_only_final_training_only,mmd,,,,,merge_then_adapt,coral,near_nearest_proxy,main,,1,1train,target,False,,,,,,
2,bnci004,MMP_merge_then_adapt,logvar,lda,sa,9,1,1,12579,0.05,no_leakage_v1_alpha005,gate_all_sources_proxy_source_only_final_training_only,mmd,,,,,merge_then_adapt,coral,near_nearest_proxy,final,,1,1train,target,False,,,,,,
2,bnci004,MMP_merge_then_adapt,logvar,lda,sa,9,2,2,12610,0.05,no_leakage_v1_alpha005,gate_all_sources_proxy_source_only_final_training_only,mmd,,,,,merge_then_adapt,coral,near_nearest_proxy,main,0.0,0,0train,far,False,,2.0,direct,0.2174063544168156,0.16580458777494225,0.27751664596885495
2,bnci004,MMP_merge_then_adapt,logvar,lda,sa,9,2,2,12610,0.05,no_leakage_v1_alpha005,gate_all_sources_proxy_source_only_final_training_only,mmd,,,,,merge_then_adapt,coral,near_nearest_proxy,anchor,0.0,0,0train,not_used,False,,2.0,direct,0.2174063544168156,0.16580458777494225,0.27751664596885495
2,bnci004,MMP_merge_then_adapt,logvar,lda,sa,9,2,2,12610,0.05,no_leakage_v1_alpha005,gate_all_sources_proxy_source_only_final_training_only,mmd,,,,,merge_then_adapt,coral,near_nearest_proxy,final,0.0,0,0train,not_used,False,,2.0,direct,0.2174063544168156,0.16580458777494225,0.27751664596885495
2,bnci004,MMP_merge_then_adapt,logvar,lda,sa,9,2,2,12610,0.05,no_leakage_v1_alpha005,gate_all_sources_proxy_source_only_final_training_only,mmd,,,,,merge_then_adapt,coral,near_nearest_proxy,main,1.0,1,1train,far,False,,2.0,direct,0.2922133645983968,0.2418387368360912,0.3433060472320867
2,bnci004,MMP_merge_then_adapt,logvar,lda,sa,9,2,2,12610,0.05,no_leakage_v1_alpha005,gate_all_sources_proxy_source_only_final_training_only,mmd,,,,,merge_then_adapt,coral,near_nearest_proxy,anchor,1.0,1,1train,not_used,False,,2.0,direct,0.2922133645983968,0.2418387368360912,0.3433060472320867
2,bnci004,MMP_merge_then_adapt,logvar,lda,sa,9,2,2,12610,0.05,no_leakage_v1_alpha005,gate_all_sources_proxy_source_only_final_training_only,mmd,,,,,merge_then_adapt,coral,near_nearest_proxy,final,1.0,1,1train,not_used,False,,2.0,direct,0.2922133645983968,0.2418387368360912,0.3433060472320867
2,bnci004,MMP_merge_then_adapt,logvar,lda,sa,9,2,2,12610,0.05,no_leakage_v1_alpha005,gate_all_sources_proxy_source_only_final_training_only,mmd,,,,,merge_then_adapt,coral,near_nearest_proxy,main,2.0,3,3test,far,False,,2.0,direct,0.1639335638910052,0.12146282590513896,0.2173510868223929
2,bnci004,MMP_merge_then_adapt,logvar,lda,sa,9,2,2,12610,0.05,no_leakage_v1_alpha005,gate_all_sources_proxy_source_only_final_training_only,mmd,,,,,merge_then_adapt,coral,near_nearest_proxy,anchor,2.0,3,3test,second_nearest_fallback_source,False,1.0,2.0,direct,0.1639335638910052,0.12146282590513896,0.2173510868223929
2,bnci004,MMP_merge_then_adapt,logvar,lda,sa,9,2,2,12610,0.05,no_leakage_v1_alpha005,gate_all_sources_proxy_source_only_final_training_only,mmd,,,,,merge_then_adapt,coral,near_nearest_proxy,final,2.0,3,3test,not_used,False,,2.0,direct,0.1639335638910052,0.12146282590513896,0.2173510868223929
2,bnci004,MMP_merge_then_adapt,logvar,lda,sa,9,2,2,12610,0.05,no_leakage_v1_alpha005,gate_all_sources_proxy_source_only_final_training_only,mmd,,,,,merge_then_adapt,coral,near_nearest_proxy,main,3.0,4,4test,nearest,True,1.0,2.0,direct,0.03937367842615744,0.02280935015946843,0.06351620678068304
2,bnci004,MMP_merge_then_adapt,logvar,lda,sa,9,2,2,12610,0.05,no_leakage_v1_alpha005,gate_all_sources_proxy_source_only_final_training_only,mmd,,,,,merge_then_adapt,coral,near_nearest_proxy,anchor,3.0,4,4test,target,False,,2.0,direct,0.03937367842615744,0.02280935015946843,0.06351620678068304
2,bnci004,MMP_merge_then_adapt,logvar,lda,sa,9,2,2,12610,0.05,no_leakage_v1_alpha005,gate_all_sources_proxy_source_only_final_training_only,mmd,,,,,merge_then_adapt,coral,near_nearest_proxy,final,3.0,4,4test,train,True,1.0,2.0,direct,0.03937367842615744,0.02280935015946843,0.06351620678068304
2,bnci004,MMP_merge_then_adapt,logvar,lda,sa,9,2,2,12610,0.05,no_leakage_v1_alpha005,gate_all_sources_proxy_source_only_final_training_only,mmd,,,,,merge_then_adapt,coral,near_nearest_proxy,main,,2,2train,target,False,,,,,,
2,bnci004,MMP_merge_then_adapt,logvar,lda,sa,9,2,2,12610,0.05,no_leakage_v1_alpha005,gate_all_sources_proxy_source_only_final_training_only,mmd,,,,,merge_then_adapt,coral,near_nearest_proxy,final,,2,2train,target,False,,,,,,
2,bnci004,MMP_merge_then_adapt,logvar,lda,sa,9,3,3,12641,0.05,no_leakage_v1_alpha005,gate_all_sources_proxy_source_only_final_training_only,mmd,,,,,merge_then_adapt,coral,near_nearest_proxy,main,0.0,0,0train,nearest,True,0.5126028838523359,3.0,direct,0.08336169616300886,0.04278468725760571,0.13273433508864446
2,bnci004,MMP_merge_then_adapt,logvar,lda,sa,9,3,3,12641,0.05,no_leakage_v1_alpha005,gate_all_sources_proxy_source_only_final_training_only,mmd,,,,,merge_then_adapt,coral,near_nearest_proxy,anchor,0.0,0,0train,target,False,,3.0,direct,0.08336169616300886,0.04278468725760571,0.13273433508864446
2,bnci004,MMP_merge_then_adapt,logvar,lda,sa,9,3,3,12641,0.05,no_leakage_v1_alpha005,gate_all_sources_proxy_source_only_final_training_only,mmd,,,,,merge_then_adapt,coral,near_nearest_proxy,final,0.0,0,0train,train,True,0.5126028838523359,3.0,direct,0.08336169616300886,0.04278468725760571,0.13273433508864446
2,bnci004,MMP_merge_then_adapt,logvar,lda,sa,9,3,3,12641,0.05,no_leakage_v1_alpha005,gate_all_sources_proxy_source_only_final_training_only,mmd,,,,,merge_then_adapt,coral,near_nearest_proxy,main,1.0,1,1train,far,False,,3.0,direct,0.496425852004179,0.39851444412457115,0.5930692402949517
2,bnci004,MMP_merge_then_adapt,logvar,lda,sa,9,3,3,12641,0.05,no_leakage_v1_alpha005,gate_all_sources_proxy_source_only_final_training_only,mmd,,,,,merge_then_adapt,coral,near_nearest_proxy,anchor,1.0,1,1train,not_used,False,,3.0,direct,0.496425852004179,0.39851444412457115,0.5930692402949517
2,bnci004,MMP_merge_then_adapt,logvar,lda,sa,9,3,3,12641,0.05,no_leakage_v1_alpha005,gate_all_sources_proxy_source_only_final_training_only,mmd,,,,,merge_then_adapt,coral,near_nearest_proxy,final,1.0,1,1train,not_used,False,,3.0,direct,0.496425852004179,0.39851444412457115,0.5930692402949517
2,bnci004,MMP_merge_then_adapt,logvar,lda,sa,9,3,3,12641,0.05,no_leakage_v1_alpha005,gate_all_sources_proxy_source_only_final_training_only,mmd,,,,,merge_then_adapt,coral,near_nearest_proxy,main,2.0,2,2train,near,False,0.270363202833211,3.0,direct,0.15805289938817246,0.11044182215096271,0.21270642468066364
2,bnci004,MMP_merge_then_adapt,logvar,lda,sa,9,3,3,12641,0.05,no_leakage_v1_alpha005,gate_all_sources_proxy_source_only_final_training_only,mmd,,,,,merge_then_adapt,coral,near_nearest_proxy,anchor,2.0,2,2train,proxy_source,False,0.5547082530363195,3.0,direct,0.15805289938817246,0.11044182215096271,0.21270642468066364
2,bnci004,MMP_merge_then_adapt,logvar,lda,sa,9,3,3,12641,0.05,no_leakage_v1_alpha005,gate_all_sources_proxy_source_only_final_training_only,mmd,,,,,merge_then_adapt,coral,near_nearest_proxy,final,2.0,2,2train,train,False,0.270363202833211,3.0,direct,0.15805289938817246,0.11044182215096271,0.21270642468066364
2,bnci004,MMP_merge_then_adapt,logvar,lda,sa,9,3,3,12641,0.05,no_leakage_v1_alpha005,gate_all_sources_proxy_source_only_final_training_only,mmd,,,,,merge_then_adapt,coral,near_nearest_proxy,main,3.0,4,4test,near,False,0.21703391331445324,3.0,direct,0.19688969697117556,0.13091732232018682,0.29016779869704395
2,bnci004,MMP_merge_then_adapt,logvar,lda,sa,9,3,3,12641,0.05,no_leakage_v1_alpha005,gate_all_sources_proxy_source_only_final_training_only,mmd,,,,,merge_then_adapt,coral,near_nearest_proxy,anchor,3.0,4,4test,proxy_source,False,0.44529174696368035,3.0,direct,0.19688969697117556,0.13091732232018682,0.29016779869704395
2,bnci004,MMP_merge_then_adapt,logvar,lda,sa,9,3,3,12641,0.05,no_leakage_v1_alpha005,gate_all_sources_proxy_source_only_final_training_only,mmd,,,,,merge_then_adapt,coral,near_nearest_proxy,final,3.0,4,4test,train,False,0.21703391331445324,3.0,direct,0.19688969697117556,0.13091732232018682,0.29016779869704395
2,bnci004,MMP_merge_then_adapt,logvar,lda,sa,9,3,3,12641,0.05,no_leakage_v1_alpha005,gate_all_sources_proxy_source_only_final_training_only,mmd,,,,,merge_then_adapt,coral,near_nearest_proxy,main,,3,3test,target,False,,,,,,
2,bnci004,MMP_merge_then_adapt,logvar,lda,sa,9,3,3,12641,0.05,no_leakage_v1_alpha005,gate_all_sources_proxy_source_only_final_training_only,mmd,,,,,merge_then_adapt,coral,near_nearest_proxy,final,,3,3test,target,False,,,,,,
2,bnci004,MMP_merge_then_adapt,logvar,lda,sa,9,4,4,12672,0.05,no_leakage_v1_alpha005,gate_all_sources_proxy_source_only_final_training_only,mmd,,,,,merge_then_adapt,coral,near_nearest_proxy,main,0.0,0,0train,far,False,,4.0,direct,0.24469651501795553,0.18705524512512903,0.30582179214419253
2,bnci004,MMP_merge_then_adapt,logvar,lda,sa,9,4,4,12672,0.05,no_leakage_v1_alpha005,gate_all_sources_proxy_source_only_final_training_only,mmd,,,,,merge_then_adapt,coral,near_nearest_proxy,anchor,0.0,0,0train,not_used,False,,4.0,direct,0.24469651501795553,0.18705524512512903,0.30582179214419253
2,bnci004,MMP_merge_then_adapt,logvar,lda,sa,9,4,4,12672,0.05,no_leakage_v1_alpha005,gate_all_sources_proxy_source_only_final_training_only,mmd,,,,,merge_then_adapt,coral,near_nearest_proxy,final,0.0,0,0train,not_used,False,,4.0,direct,0.24469651501795553,0.18705524512512903,0.30582179214419253
2,bnci004,MMP_merge_then_adapt,logvar,lda,sa,9,4,4,12672,0.05,no_leakage_v1_alpha005,gate_all_sources_proxy_source_only_final_training_only,mmd,,,,,merge_then_adapt,coral,near_nearest_proxy,main,1.0,1,1train,far,False,,4.0,direct,0.24364642325006577,0.19945795131886987,0.29656439967761256
2,bnci004,MMP_merge_then_adapt,logvar,lda,sa,9,4,4,12672,0.05,no_leakage_v1_alpha005,gate_all_sources_proxy_source_only_final_training_only,mmd,,,,,merge_then_adapt,coral,near_nearest_proxy,anchor,1.0,1,1train,not_used,False,,4.0,direct,0.24364642325006577,0.19945795131886987,0.29656439967761256
2,bnci004,MMP_merge_then_adapt,logvar,lda,sa,9,4,4,12672,0.05,no_leakage_v1_alpha005,gate_all_sources_proxy_source_only_final_training_only,mmd,,,,,merge_then_adapt,coral,near_nearest_proxy,final,1.0,1,1train,not_used,False,,4.0,direct,0.24364642325006577,0.19945795131886987,0.29656439967761256
2,bnci004,MMP_merge_then_adapt,logvar,lda,sa,9,4,4,12672,0.05,no_leakage_v1_alpha005,gate_all_sources_proxy_source_only_final_training_only,mmd,,,,,merge_then_adapt,coral,near_nearest_proxy,main,2.0,2,2train,nearest,True,1.0,4.0,direct,0.042598693001450194,0.023530577519897743,0.06691239442265545
2,bnci004,MMP_merge_then_adapt,logvar,lda,sa,9,4,4,12672,0.05,no_leakage_v1_alpha005,gate_all_sources_proxy_source_only_final_training_only,mmd,,,,,merge_then_adapt,coral,near_nearest_proxy,anchor,2.0,2,2train,target,False,,4.0,direct,0.042598693001450194,0.023530577519897743,0.06691239442265545
2,bnci004,MMP_merge_then_adapt,logvar,lda,sa,9,4,4,12672,0.05,no_leakage_v1_alpha005,gate_all_sources_proxy_source_only_final_training_only,mmd,,,,,merge_then_adapt,coral,near_nearest_proxy,final,2.0,2,2train,train,True,1.0,4.0,direct,0.042598693001450194,0.023530577519897743,0.06691239442265545
2,bnci004,MMP_merge_then_adapt,logvar,lda,sa,9,4,4,12672,0.05,no_leakage_v1_alpha005,gate_all_sources_proxy_source_only_final_training_only,mmd,,,,,merge_then_adapt,coral,near_nearest_proxy,main,3.0,3,3test,far,False,,4.0,direct,0.16412174365520804,0.10692867922055402,0.23627894360609233
2,bnci004,MMP_merge_then_adapt,logvar,lda,sa,9,4,4,12672,0.05,no_leakage_v1_alpha005,gate_all_sources_proxy_source_only_final_training_only,mmd,,,,,merge_then_adapt,coral,near_nearest_proxy,anchor,3.0,3,3test,second_nearest_fallback_source,False,1.0,4.0,direct,0.16412174365520804,0.10692867922055402,0.23627894360609233
2,bnci004,MMP_merge_then_adapt,logvar,lda,sa,9,4,4,12672,0.05,no_leakage_v1_alpha005,gate_all_sources_proxy_source_only_final_training_only,mmd,,,,,merge_then_adapt,coral,near_nearest_proxy,final,3.0,3,3test,not_used,False,,4.0,direct,0.16412174365520804,0.10692867922055402,0.23627894360609233
2,bnci004,MMP_merge_then_adapt,logvar,lda,sa,9,4,4,12672,0.05,no_leakage_v1_alpha005,gate_all_sources_proxy_source_only_final_training_only,mmd,,,,,merge_then_adapt,coral,near_nearest_proxy,main,,4,4test,target,False,,,,,,
2,bnci004,MMP_merge_then_adapt,logvar,lda,sa,9,4,4,12672,0.05,no_leakage_v1_alpha005,gate_all_sources_proxy_source_only_final_training_only,mmd,,,,,merge_then_adapt,coral,near_nearest_proxy,final,,4,4test,target,False,,,,,,
2,bnci004,MMP_merge_then_adapt,logvar,lda,pt,10,0,0,13545,0.05,no_leakage_v1_alpha005,gate_all_sources_proxy_source_only_final_training_only,mmd,,,,,merge_then_adapt,coral,near_nearest_proxy,main,0.0,1,1train,far,False,,0.0,direct,0.5835687790994042,0.4976765357786932,0.6751521619940487
2,bnci004,MMP_merge_then_adapt,logvar,lda,pt,10,0,0,13545,0.05,no_leakage_v1_alpha005,gate_all_sources_proxy_source_only_final_training_only,mmd,,,,,merge_then_adapt,coral,near_nearest_proxy,anchor,0.0,1,1train,not_used,False,,0.0,direct,0.5835687790994042,0.4976765357786932,0.6751521619940487
2,bnci004,MMP_merge_then_adapt,logvar,lda,pt,10,0,0,13545,0.05,no_leakage_v1_alpha005,gate_all_sources_proxy_source_only_final_training_only,mmd,,,,,merge_then_adapt,coral,near_nearest_proxy,final,0.0,1,1train,not_used,False,,0.0,direct,0.5835687790994042,0.4976765357786932,0.6751521619940487
2,bnci004,MMP_merge_then_adapt,logvar,lda,pt,10,0,0,13545,0.05,no_leakage_v1_alpha005,gate_all_sources_proxy_source_only_final_training_only,mmd,,,,,merge_then_adapt,coral,near_nearest_proxy,main,1.0,2,2train,far,False,,0.0,direct,0.241662589568636,0.17975388214089358,0.32261239893558274
2,bnci004,MMP_merge_then_adapt,logvar,lda,pt,10,0,0,13545,0.05,no_leakage_v1_alpha005,gate_all_sources_proxy_source_only_final_training_only,mmd,,,,,merge_then_adapt,coral,near_nearest_proxy,anchor,1.0,2,2train,second_nearest_fallback_source,False,1.0,0.0,direct,0.241662589568636,0.17975388214089358,0.32261239893558274
2,bnci004,MMP_merge_then_adapt,logvar,lda,pt,10,0,0,13545,0.05,no_leakage_v1_alpha005,gate_all_sources_proxy_source_only_final_training_only,mmd,,,,,merge_then_adapt,coral,near_nearest_proxy,final,1.0,2,2train,not_used,False,,0.0,direct,0.241662589568636,0.17975388214089358,0.32261239893558274
2,bnci004,MMP_merge_then_adapt,logvar,lda,pt,10,0,0,13545,0.05,no_leakage_v1_alpha005,gate_all_sources_proxy_source_only_final_training_only,mmd,,,,,merge_then_adapt,coral,near_nearest_proxy,main,2.0,3,3test,nearest,True,1.0,0.0,direct,0.0761380577516558,0.038670860010338926,0.1271778396531739
2,bnci004,MMP_merge_then_adapt,logvar,lda,pt,10,0,0,13545,0.05,no_leakage_v1_alpha005,gate_all_sources_proxy_source_only_final_training_only,mmd,,,,,merge_then_adapt,coral,near_nearest_proxy,anchor,2.0,3,3test,target,False,,0.0,direct,0.0761380577516558,0.038670860010338926,0.1271778396531739
2,bnci004,MMP_merge_then_adapt,logvar,lda,pt,10,0,0,13545,0.05,no_leakage_v1_alpha005,gate_all_sources_proxy_source_only_final_training_only,mmd,,,,,merge_then_adapt,coral,near_nearest_proxy,final,2.0,3,3test,train,True,1.0,0.0,direct,0.0761380577516558,0.038670860010338926,0.1271778396531739
2,bnci004,MMP_merge_then_adapt,logvar,lda,pt,10,0,0,13545,0.05,no_leakage_v1_alpha005,gate_all_sources_proxy_source_only_final_training_only,mmd,,,,,merge_then_adapt,coral,near_nearest_proxy,main,3.0,4,4test,far,False,,0.0,direct,0.3175007704399709,0.23766912695867423,0.406252119083323
2,bnci004,MMP_merge_then_adapt,logvar,lda,pt,10,0,0,13545,0.05,no_leakage_v1_alpha005,gate_all_sources_proxy_source_only_final_training_only,mmd,,,,,merge_then_adapt,coral,near_nearest_proxy,anchor,3.0,4,4test,not_used,False,,0.0,direct,0.3175007704399709,0.23766912695867423,0.406252119083323
2,bnci004,MMP_merge_then_adapt,logvar,lda,pt,10,0,0,13545,0.05,no_leakage_v1_alpha005,gate_all_sources_proxy_source_only_final_training_only,mmd,,,,,merge_then_adapt,coral,near_nearest_proxy,final,3.0,4,4test,not_used,False,,0.0,direct,0.3175007704399709,0.23766912695867423,0.406252119083323
2,bnci004,MMP_merge_then_adapt,logvar,lda,pt,10,0,0,13545,0.05,no_leakage_v1_alpha005,gate_all_sources_proxy_source_only_final_training_only,mmd,,,,,merge_then_adapt,coral,near_nearest_proxy,main,,0,0train,target,False,,,,,,
2,bnci004,MMP_merge_then_adapt,logvar,lda,pt,10,0,0,13545,0.05,no_leakage_v1_alpha005,gate_all_sources_proxy_source_only_final_training_only,mmd,,,,,merge_then_adapt,coral,near_nearest_proxy,final,,0,0train,target,False,,,,,,
2,bnci004,MMP_merge_then_adapt,logvar,lda,pt,10,1,1,13576,0.05,no_leakage_v1_alpha005,gate_all_sources_proxy_source_only_final_training_only,mmd,,,,,merge_then_adapt,coral,near_nearest_proxy,main,0.0,0,0train,far,False,,1.0,direct,0.5470531370609115,0.46831620504866095,0.6489113592433129
2,bnci004,MMP_merge_then_adapt,logvar,lda,pt,10,1,1,13576,0.05,no_leakage_v1_alpha005,gate_all_sources_proxy_source_only_final_training_only,mmd,,,,,merge_then_adapt,coral,near_nearest_proxy,anchor,0.0,0,0train,not_used,False,,1.0,direct,0.5470531370609115,0.46831620504866095,0.6489113592433129
2,bnci004,MMP_merge_then_adapt,logvar,lda,pt,10,1,1,13576,0.05,no_leakage_v1_alpha005,gate_all_sources_proxy_source_only_final_training_only,mmd,,,,,merge_then_adapt,coral,near_nearest_proxy,final,0.0,0,0train,not_used,False,,1.0,direct,0.5470531370609115,0.46831620504866095,0.6489113592433129
2,bnci004,MMP_merge_then_adapt,logvar,lda,pt,10,1,1,13576,0.05,no_leakage_v1_alpha005,gate_all_sources_proxy_source_only_final_training_only,mmd,,,,,merge_then_adapt,coral,near_nearest_proxy,main,1.0,2,2train,near,False,0.4236350672885545,1.0,direct,0.33618506407162996,0.27479544904692776,0.41791532921339686
2,bnci004,MMP_merge_then_adapt,logvar,lda,pt,10,1,1,13576,0.05,no_leakage_v1_alpha005,gate_all_sources_proxy_source_only_final_training_only,mmd,,,,,merge_then_adapt,coral,near_nearest_proxy,anchor,1.0,2,2train,proxy_source,False,1.0,1.0,direct,0.33618506407162996,0.27479544904692776,0.41791532921339686
2,bnci004,MMP_merge_then_adapt,logvar,lda,pt,10,1,1,13576,0.05,no_leakage_v1_alpha005,gate_all_sources_proxy_source_only_final_training_only,mmd,,,,,merge_then_adapt,coral,near_nearest_proxy,final,1.0,2,2train,train,False,0.4236350672885545,1.0,direct,0.33618506407162996,0.27479544904692776,0.41791532921339686
2,bnci004,MMP_merge_then_adapt,logvar,lda,pt,10,1,1,13576,0.05,no_leakage_v1_alpha005,gate_all_sources_proxy_source_only_final_training_only,mmd,,,,,merge_then_adapt,coral,near_nearest_proxy,main,2.0,3,3test,far,False,,1.0,direct,0.45369934621945746,0.3473032855187685,0.5501543361858593
2,bnci004,MMP_merge_then_adapt,logvar,lda,pt,10,1,1,13576,0.05,no_leakage_v1_alpha005,gate_all_sources_proxy_source_only_final_training_only,mmd,,,,,merge_then_adapt,coral,near_nearest_proxy,anchor,2.0,3,3test,not_used,False,,1.0,direct,0.45369934621945746,0.3473032855187685,0.5501543361858593
2,bnci004,MMP_merge_then_adapt,logvar,lda,pt,10,1,1,13576,0.05,no_leakage_v1_alpha005,gate_all_sources_proxy_source_only_final_training_only,mmd,,,,,merge_then_adapt,coral,near_nearest_proxy,final,2.0,3,3test,not_used,False,,1.0,direct,0.45369934621945746,0.3473032855187685,0.5501543361858593
2,bnci004,MMP_merge_then_adapt,logvar,lda,pt,10,1,1,13576,0.05,no_leakage_v1_alpha005,gate_all_sources_proxy_source_only_final_training_only,mmd,,,,,merge_then_adapt,coral,near_nearest_proxy,main,3.0,4,4test,nearest,True,0.5763649327114456,1.0,direct,0.2470997477926511,0.19108855023558752,0.3208631548887446
2,bnci004,MMP_merge_then_adapt,logvar,lda,pt,10,1,1,13576,0.05,no_leakage_v1_alpha005,gate_all_sources_proxy_source_only_final_training_only,mmd,,,,,merge_then_adapt,coral,near_nearest_proxy,anchor,3.0,4,4test,target,False,,1.0,direct,0.2470997477926511,0.19108855023558752,0.3208631548887446
2,bnci004,MMP_merge_then_adapt,logvar,lda,pt,10,1,1,13576,0.05,no_leakage_v1_alpha005,gate_all_sources_proxy_source_only_final_training_only,mmd,,,,,merge_then_adapt,coral,near_nearest_proxy,final,3.0,4,4test,train,True,0.5763649327114456,1.0,direct,0.2470997477926511,0.19108855023558752,0.3208631548887446
2,bnci004,MMP_merge_then_adapt,logvar,lda,pt,10,1,1,13576,0.05,no_leakage_v1_alpha005,gate_all_sources_proxy_source_only_final_training_only,mmd,,,,,merge_then_adapt,coral,near_nearest_proxy,main,,1,1train,target,False,,,,,,
2,bnci004,MMP_merge_then_adapt,logvar,lda,pt,10,1,1,13576,0.05,no_leakage_v1_alpha005,gate_all_sources_proxy_source_only_final_training_only,mmd,,,,,merge_then_adapt,coral,near_nearest_proxy,final,,1,1train,target,False,,,,,,
2,bnci004,MMP_merge_then_adapt,logvar,lda,pt,10,2,2,13607,0.05,no_leakage_v1_alpha005,gate_all_sources_proxy_source_only_final_training_only,mmd,,,,,merge_then_adapt,coral,near_nearest_proxy,main,0.0,0,0train,far,False,,2.0,direct,0.21579246338679084,0.16233310869566628,0.27858882239880006
2,bnci004,MMP_merge_then_adapt,logvar,lda,pt,10,2,2,13607,0.05,no_leakage_v1_alpha005,gate_all_sources_proxy_source_only_final_training_only,mmd,,,,,merge_then_adapt,coral,near_nearest_proxy,anchor,0.0,0,0train,not_used,False,,2.0,direct,0.21579246338679084,0.16233310869566628,0.27858882239880006
2,bnci004,MMP_merge_then_adapt,logvar,lda,pt,10,2,2,13607,0.05,no_leakage_v1_alpha005,gate_all_sources_proxy_source_only_final_training_only,mmd,,,,,merge_then_adapt,coral,near_nearest_proxy,final,0.0,0,0train,not_used,False,,2.0,direct,0.21579246338679084,0.16233310869566628,0.27858882239880006
2,bnci004,MMP_merge_then_adapt,logvar,lda,pt,10,2,2,13607,0.05,no_leakage_v1_alpha005,gate_all_sources_proxy_source_only_final_training_only,mmd,,,,,merge_then_adapt,coral,near_nearest_proxy,main,1.0,1,1train,far,False,,2.0,direct,0.2908215190761004,0.24189426952951423,0.3468366207060563
2,bnci004,MMP_merge_then_adapt,logvar,lda,pt,10,2,2,13607,0.05,no_leakage_v1_alpha005,gate_all_sources_proxy_source_only_final_training_only,mmd,,,,,merge_then_adapt,coral,near_nearest_proxy,anchor,1.0,1,1train,not_used,False,,2.0,direct,0.2908215190761004,0.24189426952951423,0.3468366207060563
2,bnci004,MMP_merge_then_adapt,logvar,lda,pt,10,2,2,13607,0.05,no_leakage_v1_alpha005,gate_all_sources_proxy_source_only_final_training_only,mmd,,,,,merge_then_adapt,coral,near_nearest_proxy,final,1.0,1,1train,not_used,False,,2.0,direct,0.2908215190761004,0.24189426952951423,0.3468366207060563
2,bnci004,MMP_merge_then_adapt,logvar,lda,pt,10,2,2,13607,0.05,no_leakage_v1_alpha005,gate_all_sources_proxy_source_only_final_training_only,mmd,,,,,merge_then_adapt,coral,near_nearest_proxy,main,2.0,3,3test,far,False,,2.0,direct,0.16595552636604047,0.11752434966078622,0.22342839810734796
2,bnci004,MMP_merge_then_adapt,logvar,lda,pt,10,2,2,13607,0.05,no_leakage_v1_alpha005,gate_all_sources_proxy_source_only_final_training_only,mmd,,,,,merge_then_adapt,coral,near_nearest_proxy,anchor,2.0,3,3test,second_nearest_fallback_source,False,1.0,2.0,direct,0.16595552636604047,0.11752434966078622,0.22342839810734796
2,bnci004,MMP_merge_then_adapt,logvar,lda,pt,10,2,2,13607,0.05,no_leakage_v1_alpha005,gate_all_sources_proxy_source_only_final_training_only,mmd,,,,,merge_then_adapt,coral,near_nearest_proxy,final,2.0,3,3test,not_used,False,,2.0,direct,0.16595552636604047,0.11752434966078622,0.22342839810734796
2,bnci004,MMP_merge_then_adapt,logvar,lda,pt,10,2,2,13607,0.05,no_leakage_v1_alpha005,gate_all_sources_proxy_source_only_final_training_only,mmd,,,,,merge_then_adapt,coral,near_nearest_proxy,main,3.0,4,4test,nearest,True,1.0,2.0,direct,0.03819717101522688,0.02175297163444919,0.06501619710129353
2,bnci004,MMP_merge_then_adapt,logvar,lda,pt,10,2,2,13607,0.05,no_leakage_v1_alpha005,gate_all_sources_proxy_source_only_final_training_only,mmd,,,,,merge_then_adapt,coral,near_nearest_proxy,anchor,3.0,4,4test,target,False,,2.0,direct,0.03819717101522688,0.02175297163444919,0.06501619710129353
2,bnci004,MMP_merge_then_adapt,logvar,lda,pt,10,2,2,13607,0.05,no_leakage_v1_alpha005,gate_all_sources_proxy_source_only_final_training_only,mmd,,,,,merge_then_adapt,coral,near_nearest_proxy,final,3.0,4,4test,train,True,1.0,2.0,direct,0.03819717101522688,0.02175297163444919,0.06501619710129353
2,bnci004,MMP_merge_then_adapt,logvar,lda,pt,10,2,2,13607,0.05,no_leakage_v1_alpha005,gate_all_sources_proxy_source_only_final_training_only,mmd,,,,,merge_then_adapt,coral,near_nearest_proxy,main,,2,2train,target,False,,,,,,
2,bnci004,MMP_merge_then_adapt,logvar,lda,pt,10,2,2,13607,0.05,no_leakage_v1_alpha005,gate_all_sources_proxy_source_only_final_training_only,mmd,,,,,merge_then_adapt,coral,near_nearest_proxy,final,,2,2train,target,False,,,,,,
2,bnci004,MMP_merge_then_adapt,logvar,lda,pt,10,3,3,13638,0.05,no_leakage_v1_alpha005,gate_all_sources_proxy_source_only_final_training_only,mmd,,,,,merge_then_adapt,coral,near_nearest_proxy,main,0.0,0,0train,nearest,True,0.515590585677396,3.0,direct,0.08420599281467793,0.040145636016961944,0.13498176698172137
2,bnci004,MMP_merge_then_adapt,logvar,lda,pt,10,3,3,13638,0.05,no_leakage_v1_alpha005,gate_all_sources_proxy_source_only_final_training_only,mmd,,,,,merge_then_adapt,coral,near_nearest_proxy,anchor,0.0,0,0train,target,False,,3.0,direct,0.08420599281467793,0.040145636016961944,0.13498176698172137
2,bnci004,MMP_merge_then_adapt,logvar,lda,pt,10,3,3,13638,0.05,no_leakage_v1_alpha005,gate_all_sources_proxy_source_only_final_training_only,mmd,,,,,merge_then_adapt,coral,near_nearest_proxy,final,0.0,0,0train,train,True,0.515590585677396,3.0,direct,0.08420599281467793,0.040145636016961944,0.13498176698172137
2,bnci004,MMP_merge_then_adapt,logvar,lda,pt,10,3,3,13638,0.05,no_leakage_v1_alpha005,gate_all_sources_proxy_source_only_final_training_only,mmd,,,,,merge_then_adapt,coral,near_nearest_proxy,main,1.0,1,1train,far,False,,3.0,direct,0.4890453450591296,0.39989870314781134,0.5858038497654409
2,bnci004,MMP_merge_then_adapt,logvar,lda,pt,10,3,3,13638,0.05,no_leakage_v1_alpha005,gate_all_sources_proxy_source_only_final_training_only,mmd,,,,,merge_then_adapt,coral,near_nearest_proxy,anchor,1.0,1,1train,not_used,False,,3.0,direct,0.4890453450591296,0.39989870314781134,0.5858038497654409
2,bnci004,MMP_merge_then_adapt,logvar,lda,pt,10,3,3,13638,0.05,no_leakage_v1_alpha005,gate_all_sources_proxy_source_only_final_training_only,mmd,,,,,merge_then_adapt,coral,near_nearest_proxy,final,1.0,1,1train,not_used,False,,3.0,direct,0.4890453450591296,0.39989870314781134,0.5858038497654409
2,bnci004,MMP_merge_then_adapt,logvar,lda,pt,10,3,3,13638,0.05,no_leakage_v1_alpha005,gate_all_sources_proxy_source_only_final_training_only,mmd,,,,,merge_then_adapt,coral,near_nearest_proxy,main,2.0,2,2train,near,False,0.2690972249580108,3.0,direct,0.16133969294184156,0.10835849332633724,0.22400747364559742
2,bnci004,MMP_merge_then_adapt,logvar,lda,pt,10,3,3,13638,0.05,no_leakage_v1_alpha005,gate_all_sources_proxy_source_only_final_training_only,mmd,,,,,merge_then_adapt,coral,near_nearest_proxy,anchor,2.0,2,2train,proxy_source,False,0.5555160923829591,3.0,direct,0.16133969294184156,0.10835849332633724,0.22400747364559742
2,bnci004,MMP_merge_then_adapt,logvar,lda,pt,10,3,3,13638,0.05,no_leakage_v1_alpha005,gate_all_sources_proxy_source_only_final_training_only,mmd,,,,,merge_then_adapt,coral,near_nearest_proxy,final,2.0,2,2train,train,False,0.2690972249580108,3.0,direct,0.16133969294184156,0.10835849332633724,0.22400747364559742
2,bnci004,MMP_merge_then_adapt,logvar,lda,pt,10,3,3,13638,0.05,no_leakage_v1_alpha005,gate_all_sources_proxy_source_only_final_training_only,mmd,,,,,merge_then_adapt,coral,near_nearest_proxy,main,3.0,4,4test,near,False,0.21531218936459318,3.0,direct,0.20164263602254856,0.1323328989448954,0.2819268915126783
2,bnci004,MMP_merge_then_adapt,logvar,lda,pt,10,3,3,13638,0.05,no_leakage_v1_alpha005,gate_all_sources_proxy_source_only_final_training_only,mmd,,,,,merge_then_adapt,coral,near_nearest_proxy,anchor,3.0,4,4test,proxy_source,False,0.4444839076170409,3.0,direct,0.20164263602254856,0.1323328989448954,0.2819268915126783
2,bnci004,MMP_merge_then_adapt,logvar,lda,pt,10,3,3,13638,0.05,no_leakage_v1_alpha005,gate_all_sources_proxy_source_only_final_training_only,mmd,,,,,merge_then_adapt,coral,near_nearest_proxy,final,3.0,4,4test,train,False,0.21531218936459318,3.0,direct,0.20164263602254856,0.1323328989448954,0.2819268915126783
2,bnci004,MMP_merge_then_adapt,logvar,lda,pt,10,3,3,13638,0.05,no_leakage_v1_alpha005,gate_all_sources_proxy_source_only_final_training_only,mmd,,,,,merge_then_adapt,coral,near_nearest_proxy,main,,3,3test,target,False,,,,,,
2,bnci004,MMP_merge_then_adapt,logvar,lda,pt,10,3,3,13638,0.05,no_leakage_v1_alpha005,gate_all_sources_proxy_source_only_final_training_only,mmd,,,,,merge_then_adapt,coral,near_nearest_proxy,final,,3,3test,target,False,,,,,,
2,bnci004,MMP_merge_then_adapt,logvar,lda,pt,10,4,4,13669,0.05,no_leakage_v1_alpha005,gate_all_sources_proxy_source_only_final_training_only,mmd,,,,,merge_then_adapt,coral,near_nearest_proxy,main,0.0,0,0train,far,False,,4.0,direct,0.24075123844257093,0.18446554245216049,0.3008182466109142
2,bnci004,MMP_merge_then_adapt,logvar,lda,pt,10,4,4,13669,0.05,no_leakage_v1_alpha005,gate_all_sources_proxy_source_only_final_training_only,mmd,,,,,merge_then_adapt,coral,near_nearest_proxy,anchor,0.0,0,0train,not_used,False,,4.0,direct,0.24075123844257093,0.18446554245216049,0.3008182466109142
2,bnci004,MMP_merge_then_adapt,logvar,lda,pt,10,4,4,13669,0.05,no_leakage_v1_alpha005,gate_all_sources_proxy_source_only_final_training_only,mmd,,,,,merge_then_adapt,coral,near_nearest_proxy,final,0.0,0,0train,not_used,False,,4.0,direct,0.24075123844257093,0.18446554245216049,0.3008182466109142
2,bnci004,MMP_merge_then_adapt,logvar,lda,pt,10,4,4,13669,0.05,no_leakage_v1_alpha005,gate_all_sources_proxy_source_only_final_training_only,mmd,,,,,merge_then_adapt,coral,near_nearest_proxy,main,1.0,1,1train,far,False,,4.0,direct,0.24275379532660715,0.19859975700313742,0.2937497785862329
2,bnci004,MMP_merge_then_adapt,logvar,lda,pt,10,4,4,13669,0.05,no_leakage_v1_alpha005,gate_all_sources_proxy_source_only_final_training_only,mmd,,,,,merge_then_adapt,coral,near_nearest_proxy,anchor,1.0,1,1train,not_used,False,,4.0,direct,0.24275379532660715,0.19859975700313742,0.2937497785862329
2,bnci004,MMP_merge_then_adapt,logvar,lda,pt,10,4,4,13669,0.05,no_leakage_v1_alpha005,gate_all_sources_proxy_source_only_final_training_only,mmd,,,,,merge_then_adapt,coral,near_nearest_proxy,final,1.0,1,1train,not_used,False,,4.0,direct,0.24275379532660715,0.19859975700313742,0.2937497785862329
2,bnci004,MMP_merge_then_adapt,logvar,lda,pt,10,4,4,13669,0.05,no_leakage_v1_alpha005,gate_all_sources_proxy_source_only_final_training_only,mmd,,,,,merge_then_adapt,coral,near_nearest_proxy,main,2.0,2,2train,nearest,True,1.0,4.0,direct,0.04148990095975465,0.023538728483909692,0.0641967313540606
2,bnci004,MMP_merge_then_adapt,logvar,lda,pt,10,4,4,13669,0.05,no_leakage_v1_alpha005,gate_all_sources_proxy_source_only_final_training_only,mmd,,,,,merge_then_adapt,coral,near_nearest_proxy,anchor,2.0,2,2train,target,False,,4.0,direct,0.04148990095975465,0.023538728483909692,0.0641967313540606
2,bnci004,MMP_merge_then_adapt,logvar,lda,pt,10,4,4,13669,0.05,no_leakage_v1_alpha005,gate_all_sources_proxy_source_only_final_training_only,mmd,,,,,merge_then_adapt,coral,near_nearest_proxy,final,2.0,2,2train,train,True,1.0,4.0,direct,0.04148990095975465,0.023538728483909692,0.0641967313540606
2,bnci004,MMP_merge_then_adapt,logvar,lda,pt,10,4,4,13669,0.05,no_leakage_v1_alpha005,gate_all_sources_proxy_source_only_final_training_only,mmd,,,,,merge_then_adapt,coral,near_nearest_proxy,main,3.0,3,3test,far,False,,4.0,direct,0.1632204619637534,0.10820925380399014,0.21481060676448924
2,bnci004,MMP_merge_then_adapt,logvar,lda,pt,10,4,4,13669,0.05,no_leakage_v1_alpha005,gate_all_sources_proxy_source_only_final_training_only,mmd,,,,,merge_then_adapt,coral,near_nearest_proxy,anchor,3.0,3,3test,second_nearest_fallback_source,False,1.0,4.0,direct,0.1632204619637534,0.10820925380399014,0.21481060676448924
2,bnci004,MMP_merge_then_adapt,logvar,lda,pt,10,4,4,13669,0.05,no_leakage_v1_alpha005,gate_all_sources_proxy_source_only_final_training_only,mmd,,,,,merge_then_adapt,coral,near_nearest_proxy,final,3.0,3,3test,not_used,False,,4.0,direct,0.1632204619637534,0.10820925380399014,0.21481060676448924
2,bnci004,MMP_merge_then_adapt,logvar,lda,pt,10,4,4,13669,0.05,no_leakage_v1_alpha005,gate_all_sources_proxy_source_only_final_training_only,mmd,,,,,merge_then_adapt,coral,near_nearest_proxy,main,,4,4test,target,False,,,,,,
2,bnci004,MMP_merge_then_adapt,logvar,lda,pt,10,4,4,13669,0.05,no_leakage_v1_alpha005,gate_all_sources_proxy_source_only_final_training_only,mmd,,,,,merge_then_adapt,coral,near_nearest_proxy,final,,4,4test,target,False,,,,,,
2,bnci004,MMP_merge_then_adapt,logvar,lda,coral,11,0,0,14542,0.05,no_leakage_v1_alpha005,gate_all_sources_proxy_source_only_final_training_only,mmd,,,,,merge_then_adapt,coral,near_nearest_proxy,main,0.0,1,1train,far,False,,0.0,direct,0.5876015627467465,0.48735314187861684,0.695035888076553
2,bnci004,MMP_merge_then_adapt,logvar,lda,coral,11,0,0,14542,0.05,no_leakage_v1_alpha005,gate_all_sources_proxy_source_only_final_training_only,mmd,,,,,merge_then_adapt,coral,near_nearest_proxy,anchor,0.0,1,1train,not_used,False,,0.0,direct,0.5876015627467465,0.48735314187861684,0.695035888076553
2,bnci004,MMP_merge_then_adapt,logvar,lda,coral,11,0,0,14542,0.05,no_leakage_v1_alpha005,gate_all_sources_proxy_source_only_final_training_only,mmd,,,,,merge_then_adapt,coral,near_nearest_proxy,final,0.0,1,1train,not_used,False,,0.0,direct,0.5876015627467465,0.48735314187861684,0.695035888076553
2,bnci004,MMP_merge_then_adapt,logvar,lda,coral,11,0,0,14542,0.05,no_leakage_v1_alpha005,gate_all_sources_proxy_source_only_final_training_only,mmd,,,,,merge_then_adapt,coral,near_nearest_proxy,main,1.0,2,2train,far,False,,0.0,direct,0.24146545209162457,0.17590023886585224,0.30766995006728576
2,bnci004,MMP_merge_then_adapt,logvar,lda,coral,11,0,0,14542,0.05,no_leakage_v1_alpha005,gate_all_sources_proxy_source_only_final_training_only,mmd,,,,,merge_then_adapt,coral,near_nearest_proxy,anchor,1.0,2,2train,second_nearest_fallback_source,False,1.0,0.0,direct,0.24146545209162457,0.17590023886585224,0.30766995006728576
2,bnci004,MMP_merge_then_adapt,logvar,lda,coral,11,0,0,14542,0.05,no_leakage_v1_alpha005,gate_all_sources_proxy_source_only_final_training_only,mmd,,,,,merge_then_adapt,coral,near_nearest_proxy,final,1.0,2,2train,not_used,False,,0.0,direct,0.24146545209162457,0.17590023886585224,0.30766995006728576
2,bnci004,MMP_merge_then_adapt,logvar,lda,coral,11,0,0,14542,0.05,no_leakage_v1_alpha005,gate_all_sources_proxy_source_only_final_training_only,mmd,,,,,merge_then_adapt,coral,near_nearest_proxy,main,2.0,3,3test,nearest,True,1.0,0.0,direct,0.07358308347960334,0.039391944839875306,0.11893830020135868
2,bnci004,MMP_merge_then_adapt,logvar,lda,coral,11,0,0,14542,0.05,no_leakage_v1_alpha005,gate_all_sources_proxy_source_only_final_training_only,mmd,,,,,merge_then_adapt,coral,near_nearest_proxy,anchor,2.0,3,3test,target,False,,0.0,direct,0.07358308347960334,0.039391944839875306,0.11893830020135868
2,bnci004,MMP_merge_then_adapt,logvar,lda,coral,11,0,0,14542,0.05,no_leakage_v1_alpha005,gate_all_sources_proxy_source_only_final_training_only,mmd,,,,,merge_then_adapt,coral,near_nearest_proxy,final,2.0,3,3test,train,True,1.0,0.0,direct,0.07358308347960334,0.039391944839875306,0.11893830020135868
2,bnci004,MMP_merge_then_adapt,logvar,lda,coral,11,0,0,14542,0.05,no_leakage_v1_alpha005,gate_all_sources_proxy_source_only_final_training_only,mmd,,,,,merge_then_adapt,coral,near_nearest_proxy,main,3.0,4,4test,far,False,,0.0,direct,0.3205653002870234,0.23909882925601872,0.40863137503463637
2,bnci004,MMP_merge_then_adapt,logvar,lda,coral,11,0,0,14542,0.05,no_leakage_v1_alpha005,gate_all_sources_proxy_source_only_final_training_only,mmd,,,,,merge_then_adapt,coral,near_nearest_proxy,anchor,3.0,4,4test,not_used,False,,0.0,direct,0.3205653002870234,0.23909882925601872,0.40863137503463637
2,bnci004,MMP_merge_then_adapt,logvar,lda,coral,11,0,0,14542,0.05,no_leakage_v1_alpha005,gate_all_sources_proxy_source_only_final_training_only,mmd,,,,,merge_then_adapt,coral,near_nearest_proxy,final,3.0,4,4test,not_used,False,,0.0,direct,0.3205653002870234,0.23909882925601872,0.40863137503463637
2,bnci004,MMP_merge_then_adapt,logvar,lda,coral,11,0,0,14542,0.05,no_leakage_v1_alpha005,gate_all_sources_proxy_source_only_final_training_only,mmd,,,,,merge_then_adapt,coral,near_nearest_proxy,main,,0,0train,target,False,,,,,,
2,bnci004,MMP_merge_then_adapt,logvar,lda,coral,11,0,0,14542,0.05,no_leakage_v1_alpha005,gate_all_sources_proxy_source_only_final_training_only,mmd,,,,,merge_then_adapt,coral,near_nearest_proxy,final,,0,0train,target,False,,,,,,
2,bnci004,MMP_merge_then_adapt,logvar,lda,coral,11,1,1,14573,0.05,no_leakage_v1_alpha005,gate_all_sources_proxy_source_only_final_training_only,mmd,,,,,merge_then_adapt,coral,near_nearest_proxy,main,0.0,0,0train,far,False,,1.0,direct,0.5544264557089662,0.4734381211718052,0.6273142319154072
2,bnci004,MMP_merge_then_adapt,logvar,lda,coral,11,1,1,14573,0.05,no_leakage_v1_alpha005,gate_all_sources_proxy_source_only_final_training_only,mmd,,,,,merge_then_adapt,coral,near_nearest_proxy,anchor,0.0,0,0train,not_used,False,,1.0,direct,0.5544264557089662,0.4734381211718052,0.6273142319154072
2,bnci004,MMP_merge_then_adapt,logvar,lda,coral,11,1,1,14573,0.05,no_leakage_v1_alpha005,gate_all_sources_proxy_source_only_final_training_only,mmd,,,,,merge_then_adapt,coral,near_nearest_proxy,final,0.0,0,0train,not_used,False,,1.0,direct,0.5544264557089662,0.4734381211718052,0.6273142319154072
2,bnci004,MMP_merge_then_adapt,logvar,lda,coral,11,1,1,14573,0.05,no_leakage_v1_alpha005,gate_all_sources_proxy_source_only_final_training_only,mmd,,,,,merge_then_adapt,coral,near_nearest_proxy,main,1.0,2,2train,near,False,0.4275122610757913,1.0,direct,0.33105746222236426,0.26196368426031974,0.4023192325668356
2,bnci004,MMP_merge_then_adapt,logvar,lda,coral,11,1,1,14573,0.05,no_leakage_v1_alpha005,gate_all_sources_proxy_source_only_final_training_only,mmd,,,,,merge_then_adapt,coral,near_nearest_proxy,anchor,1.0,2,2train,proxy_source,False,1.0,1.0,direct,0.33105746222236426,0.26196368426031974,0.4023192325668356
2,bnci004,MMP_merge_then_adapt,logvar,lda,coral,11,1,1,14573,0.05,no_leakage_v1_alpha005,gate_all_sources_proxy_source_only_final_training_only,mmd,,,,,merge_then_adapt,coral,near_nearest_proxy,final,1.0,2,2train,train,False,0.4275122610757913,1.0,direct,0.33105746222236426,0.26196368426031974,0.4023192325668356
2,bnci004,MMP_merge_then_adapt,logvar,lda,coral,11,1,1,14573,0.05,no_leakage_v1_alpha005,gate_all_sources_proxy_source_only_final_training_only,mmd,,,,,merge_then_adapt,coral,near_nearest_proxy,main,2.0,3,3test,far,False,,1.0,direct,0.46103684911786486,0.3681805940959712,0.5418466671951536
2,bnci004,MMP_merge_then_adapt,logvar,lda,coral,11,1,1,14573,0.05,no_leakage_v1_alpha005,gate_all_sources_proxy_source_only_final_training_only,mmd,,,,,merge_then_adapt,coral,near_nearest_proxy,anchor,2.0,3,3test,not_used,False,,1.0,direct,0.46103684911786486,0.3681805940959712,0.5418466671951536
2,bnci004,MMP_merge_then_adapt,logvar,lda,coral,11,1,1,14573,0.05,no_leakage_v1_alpha005,gate_all_sources_proxy_source_only_final_training_only,mmd,,,,,merge_then_adapt,coral,near_nearest_proxy,final,2.0,3,3test,not_used,False,,1.0,direct,0.46103684911786486,0.3681805940959712,0.5418466671951536
2,bnci004,MMP_merge_then_adapt,logvar,lda,coral,11,1,1,14573,0.05,no_leakage_v1_alpha005,gate_all_sources_proxy_source_only_final_training_only,mmd,,,,,merge_then_adapt,coral,near_nearest_proxy,main,3.0,4,4test,nearest,True,0.5724877389242087,1.0,direct,0.24722097893515876,0.18727793092485986,0.31844967439499255
2,bnci004,MMP_merge_then_adapt,logvar,lda,coral,11,1,1,14573,0.05,no_leakage_v1_alpha005,gate_all_sources_proxy_source_only_final_training_only,mmd,,,,,merge_then_adapt,coral,near_nearest_proxy,anchor,3.0,4,4test,target,False,,1.0,direct,0.24722097893515876,0.18727793092485986,0.31844967439499255
2,bnci004,MMP_merge_then_adapt,logvar,lda,coral,11,1,1,14573,0.05,no_leakage_v1_alpha005,gate_all_sources_proxy_source_only_final_training_only,mmd,,,,,merge_then_adapt,coral,near_nearest_proxy,final,3.0,4,4test,train,True,0.5724877389242087,1.0,direct,0.24722097893515876,0.18727793092485986,0.31844967439499255
2,bnci004,MMP_merge_then_adapt,logvar,lda,coral,11,1,1,14573,0.05,no_leakage_v1_alpha005,gate_all_sources_proxy_source_only_final_training_only,mmd,,,,,merge_then_adapt,coral,near_nearest_proxy,main,,1,1train,target,False,,,,,,
2,bnci004,MMP_merge_then_adapt,logvar,lda,coral,11,1,1,14573,0.05,no_leakage_v1_alpha005,gate_all_sources_proxy_source_only_final_training_only,mmd,,,,,merge_then_adapt,coral,near_nearest_proxy,final,,1,1train,target,False,,,,,,
2,bnci004,MMP_merge_then_adapt,logvar,lda,coral,11,2,2,14604,0.05,no_leakage_v1_alpha005,gate_all_sources_proxy_source_only_final_training_only,mmd,,,,,merge_then_adapt,coral,near_nearest_proxy,main,0.0,0,0train,far,False,,2.0,direct,0.2190938192740045,0.1668471278681866,0.2821097372550212
2,bnci004,MMP_merge_then_adapt,logvar,lda,coral,11,2,2,14604,0.05,no_leakage_v1_alpha005,gate_all_sources_proxy_source_only_final_training_only,mmd,,,,,merge_then_adapt,coral,near_nearest_proxy,anchor,0.0,0,0train,not_used,False,,2.0,direct,0.2190938192740045,0.1668471278681866,0.2821097372550212
2,bnci004,MMP_merge_then_adapt,logvar,lda,coral,11,2,2,14604,0.05,no_leakage_v1_alpha005,gate_all_sources_proxy_source_only_final_training_only,mmd,,,,,merge_then_adapt,coral,near_nearest_proxy,final,0.0,0,0train,not_used,False,,2.0,direct,0.2190938192740045,0.1668471278681866,0.2821097372550212
2,bnci004,MMP_merge_then_adapt,logvar,lda,coral,11,2,2,14604,0.05,no_leakage_v1_alpha005,gate_all_sources_proxy_source_only_final_training_only,mmd,,,,,merge_then_adapt,coral,near_nearest_proxy,main,1.0,1,1train,far,False,,2.0,direct,0.2884552697485414,0.24523749112705848,0.3431502847046649
2,bnci004,MMP_merge_then_adapt,logvar,lda,coral,11,2,2,14604,0.05,no_leakage_v1_alpha005,gate_all_sources_proxy_source_only_final_training_only,mmd,,,,,merge_then_adapt,coral,near_nearest_proxy,anchor,1.0,1,1train,not_used,False,,2.0,direct,0.2884552697485414,0.24523749112705848,0.3431502847046649
2,bnci004,MMP_merge_then_adapt,logvar,lda,coral,11,2,2,14604,0.05,no_leakage_v1_alpha005,gate_all_sources_proxy_source_only_final_training_only,mmd,,,,,merge_then_adapt,coral,near_nearest_proxy,final,1.0,1,1train,not_used,False,,2.0,direct,0.2884552697485414,0.24523749112705848,0.3431502847046649
2,bnci004,MMP_merge_then_adapt,logvar,lda,coral,11,2,2,14604,0.05,no_leakage_v1_alpha005,gate_all_sources_proxy_source_only_final_training_only,mmd,,,,,merge_then_adapt,coral,near_nearest_proxy,main,2.0,3,3test,far,False,,2.0,direct,0.16190423722098132,0.11173313503888022,0.2150197476109227
2,bnci004,MMP_merge_then_adapt,logvar,lda,coral,11,2,2,14604,0.05,no_leakage_v1_alpha005,gate_all_sources_proxy_source_only_final_training_only,mmd,,,,,merge_then_adapt,coral,near_nearest_proxy,anchor,2.0,3,3test,second_nearest_fallback_source,False,1.0,2.0,direct,0.16190423722098132,0.11173313503888022,0.2150197476109227
2,bnci004,MMP_merge_then_adapt,logvar,lda,coral,11,2,2,14604,0.05,no_leakage_v1_alpha005,gate_all_sources_proxy_source_only_final_training_only,mmd,,,,,merge_then_adapt,coral,near_nearest_proxy,final,2.0,3,3test,not_used,False,,2.0,direct,0.16190423722098132,0.11173313503888022,0.2150197476109227
2,bnci004,MMP_merge_then_adapt,logvar,lda,coral,11,2,2,14604,0.05,no_leakage_v1_alpha005,gate_all_sources_proxy_source_only_final_training_only,mmd,,,,,merge_then_adapt,coral,near_nearest_proxy,main,3.0,4,4test,nearest,True,1.0,2.0,direct,0.039137268546458735,0.02502154292491374,0.05614651905758497
2,bnci004,MMP_merge_then_adapt,logvar,lda,coral,11,2,2,14604,0.05,no_leakage_v1_alpha005,gate_all_sources_proxy_source_only_final_training_only,mmd,,,,,merge_then_adapt,coral,near_nearest_proxy,anchor,3.0,4,4test,target,False,,2.0,direct,0.039137268546458735,0.02502154292491374,0.05614651905758497
2,bnci004,MMP_merge_then_adapt,logvar,lda,coral,11,2,2,14604,0.05,no_leakage_v1_alpha005,gate_all_sources_proxy_source_only_final_training_only,mmd,,,,,merge_then_adapt,coral,near_nearest_proxy,final,3.0,4,4test,train,True,1.0,2.0,direct,0.039137268546458735,0.02502154292491374,0.05614651905758497
2,bnci004,MMP_merge_then_adapt,logvar,lda,coral,11,2,2,14604,0.05,no_leakage_v1_alpha005,gate_all_sources_proxy_source_only_final_training_only,mmd,,,,,merge_then_adapt,coral,near_nearest_proxy,main,,2,2train,target,False,,,,,,
2,bnci004,MMP_merge_then_adapt,logvar,lda,coral,11,2,2,14604,0.05,no_leakage_v1_alpha005,gate_all_sources_proxy_source_only_final_training_only,mmd,,,,,merge_then_adapt,coral,near_nearest_proxy,final,,2,2train,target,False,,,,,,
2,bnci004,MMP_merge_then_adapt,logvar,lda,coral,11,3,3,14635,0.05,no_leakage_v1_alpha005,gate_all_sources_proxy_source_only_final_training_only,mmd,,,,,merge_then_adapt,coral,near_nearest_proxy,main,0.0,0,0train,nearest,True,0.5168628969553165,3.0,direct,0.08309881671830834,0.042611237052395036,0.13542716786533812
2,bnci004,MMP_merge_then_adapt,logvar,lda,coral,11,3,3,14635,0.05,no_leakage_v1_alpha005,gate_all_sources_proxy_source_only_final_training_only,mmd,,,,,merge_then_adapt,coral,near_nearest_proxy,anchor,0.0,0,0train,target,False,,3.0,direct,0.08309881671830834,0.042611237052395036,0.13542716786533812
2,bnci004,MMP_merge_then_adapt,logvar,lda,coral,11,3,3,14635,0.05,no_leakage_v1_alpha005,gate_all_sources_proxy_source_only_final_training_only,mmd,,,,,merge_then_adapt,coral,near_nearest_proxy,final,0.0,0,0train,train,True,0.5168628969553165,3.0,direct,0.08309881671830834,0.042611237052395036,0.13542716786533812
2,bnci004,MMP_merge_then_adapt,logvar,lda,coral,11,3,3,14635,0.05,no_leakage_v1_alpha005,gate_all_sources_proxy_source_only_final_training_only,mmd,,,,,merge_then_adapt,coral,near_nearest_proxy,main,1.0,1,1train,far,False,,3.0,direct,0.4897271638123186,0.3940385050868197,0.576793609496353
2,bnci004,MMP_merge_then_adapt,logvar,lda,coral,11,3,3,14635,0.05,no_leakage_v1_alpha005,gate_all_sources_proxy_source_only_final_training_only,mmd,,,,,merge_then_adapt,coral,near_nearest_proxy,anchor,1.0,1,1train,not_used,False,,3.0,direct,0.4897271638123186,0.3940385050868197,0.576793609496353
2,bnci004,MMP_merge_then_adapt,logvar,lda,coral,11,3,3,14635,0.05,no_leakage_v1_alpha005,gate_all_sources_proxy_source_only_final_training_only,mmd,,,,,merge_then_adapt,coral,near_nearest_proxy,final,1.0,1,1train,not_used,False,,3.0,direct,0.4897271638123186,0.3940385050868197,0.576793609496353
2,bnci004,MMP_merge_then_adapt,logvar,lda,coral,11,3,3,14635,0.05,no_leakage_v1_alpha005,gate_all_sources_proxy_source_only_final_training_only,mmd,,,,,merge_then_adapt,coral,near_nearest_proxy,main,2.0,2,2train,near,False,0.26682501287341165,3.0,direct,0.16097046044496888,0.10935259355300579,0.2179691678837754
2,bnci004,MMP_merge_then_adapt,logvar,lda,coral,11,3,3,14635,0.05,no_leakage_v1_alpha005,gate_all_sources_proxy_source_only_final_training_only,mmd,,,,,merge_then_adapt,coral,near_nearest_proxy,anchor,2.0,2,2train,proxy_source,False,0.5522759713379621,3.0,direct,0.16097046044496888,0.10935259355300579,0.2179691678837754
2,bnci004,MMP_merge_then_adapt,logvar,lda,coral,11,3,3,14635,0.05,no_leakage_v1_alpha005,gate_all_sources_proxy_source_only_final_training_only,mmd,,,,,merge_then_adapt,coral,near_nearest_proxy,final,2.0,2,2train,train,False,0.26682501287341165,3.0,direct,0.16097046044496888,0.10935259355300579,0.2179691678837754
2,bnci004,MMP_merge_then_adapt,logvar,lda,coral,11,3,3,14635,0.05,no_leakage_v1_alpha005,gate_all_sources_proxy_source_only_final_training_only,mmd,,,,,merge_then_adapt,coral,near_nearest_proxy,main,3.0,4,4test,near,False,0.2163120901712718,3.0,direct,0.19856031005656105,0.13212809219493715,0.2694823549870167
2,bnci004,MMP_merge_then_adapt,logvar,lda,coral,11,3,3,14635,0.05,no_leakage_v1_alpha005,gate_all_sources_proxy_source_only_final_training_only,mmd,,,,,merge_then_adapt,coral,near_nearest_proxy,anchor,3.0,4,4test,proxy_source,False,0.44772402866203787,3.0,direct,0.19856031005656105,0.13212809219493715,0.2694823549870167
2,bnci004,MMP_merge_then_adapt,logvar,lda,coral,11,3,3,14635,0.05,no_leakage_v1_alpha005,gate_all_sources_proxy_source_only_final_training_only,mmd,,,,,merge_then_adapt,coral,near_nearest_proxy,final,3.0,4,4test,train,False,0.2163120901712718,3.0,direct,0.19856031005656105,0.13212809219493715,0.2694823549870167
2,bnci004,MMP_merge_then_adapt,logvar,lda,coral,11,3,3,14635,0.05,no_leakage_v1_alpha005,gate_all_sources_proxy_source_only_final_training_only,mmd,,,,,merge_then_adapt,coral,near_nearest_proxy,main,,3,3test,target,False,,,,,,
2,bnci004,MMP_merge_then_adapt,logvar,lda,coral,11,3,3,14635,0.05,no_leakage_v1_alpha005,gate_all_sources_proxy_source_only_final_training_only,mmd,,,,,merge_then_adapt,coral,near_nearest_proxy,final,,3,3test,target,False,,,,,,
2,bnci004,MMP_merge_then_adapt,logvar,lda,coral,11,4,4,14666,0.05,no_leakage_v1_alpha005,gate_all_sources_proxy_source_only_final_training_only,mmd,,,,,merge_then_adapt,coral,near_nearest_proxy,main,0.0,0,0train,far,False,,4.0,direct,0.23931355435936175,0.1845093291976863,0.30135131322776515
2,bnci004,MMP_merge_then_adapt,logvar,lda,coral,11,4,4,14666,0.05,no_leakage_v1_alpha005,gate_all_sources_proxy_source_only_final_training_only,mmd,,,,,merge_then_adapt,coral,near_nearest_proxy,anchor,0.0,0,0train,not_used,False,,4.0,direct,0.23931355435936175,0.1845093291976863,0.30135131322776515
2,bnci004,MMP_merge_then_adapt,logvar,lda,coral,11,4,4,14666,0.05,no_leakage_v1_alpha005,gate_all_sources_proxy_source_only_final_training_only,mmd,,,,,merge_then_adapt,coral,near_nearest_proxy,final,0.0,0,0train,not_used,False,,4.0,direct,0.23931355435936175,0.1845093291976863,0.30135131322776515
2,bnci004,MMP_merge_then_adapt,logvar,lda,coral,11,4,4,14666,0.05,no_leakage_v1_alpha005,gate_all_sources_proxy_source_only_final_training_only,mmd,,,,,merge_then_adapt,coral,near_nearest_proxy,main,1.0,1,1train,far,False,,4.0,direct,0.24402404928494895,0.2015511102073003,0.29384782468149234
2,bnci004,MMP_merge_then_adapt,logvar,lda,coral,11,4,4,14666,0.05,no_leakage_v1_alpha005,gate_all_sources_proxy_source_only_final_training_only,mmd,,,,,merge_then_adapt,coral,near_nearest_proxy,anchor,1.0,1,1train,not_used,False,,4.0,direct,0.24402404928494895,0.2015511102073003,0.29384782468149234
2,bnci004,MMP_merge_then_adapt,logvar,lda,coral,11,4,4,14666,0.05,no_leakage_v1_alpha005,gate_all_sources_proxy_source_only_final_training_only,mmd,,,,,merge_then_adapt,coral,near_nearest_proxy,final,1.0,1,1train,not_used,False,,4.0,direct,0.24402404928494895,0.2015511102073003,0.29384782468149234
2,bnci004,MMP_merge_then_adapt,logvar,lda,coral,11,4,4,14666,0.05,no_leakage_v1_alpha005,gate_all_sources_proxy_source_only_final_training_only,mmd,,,,,merge_then_adapt,coral,near_nearest_proxy,main,2.0,2,2train,nearest,True,1.0,4.0,direct,0.04364679840690668,0.024738059477516925,0.07231160799417001
2,bnci004,MMP_merge_then_adapt,logvar,lda,coral,11,4,4,14666,0.05,no_leakage_v1_alpha005,gate_all_sources_proxy_source_only_final_training_only,mmd,,,,,merge_then_adapt,coral,near_nearest_proxy,anchor,2.0,2,2train,target,False,,4.0,direct,0.04364679840690668,0.024738059477516925,0.07231160799417001
2,bnci004,MMP_merge_then_adapt,logvar,lda,coral,11,4,4,14666,0.05,no_leakage_v1_alpha005,gate_all_sources_proxy_source_only_final_training_only,mmd,,,,,merge_then_adapt,coral,near_nearest_proxy,final,2.0,2,2train,train,True,1.0,4.0,direct,0.04364679840690668,0.024738059477516925,0.07231160799417001
2,bnci004,MMP_merge_then_adapt,logvar,lda,coral,11,4,4,14666,0.05,no_leakage_v1_alpha005,gate_all_sources_proxy_source_only_final_training_only,mmd,,,,,merge_then_adapt,coral,near_nearest_proxy,main,3.0,3,3test,far,False,,4.0,direct,0.16647469187765723,0.11589680423664206,0.23617540008766003
2,bnci004,MMP_merge_then_adapt,logvar,lda,coral,11,4,4,14666,0.05,no_leakage_v1_alpha005,gate_all_sources_proxy_source_only_final_training_only,mmd,,,,,merge_then_adapt,coral,near_nearest_proxy,anchor,3.0,3,3test,second_nearest_fallback_source,False,1.0,4.0,direct,0.16647469187765723,0.11589680423664206,0.23617540008766003
2,bnci004,MMP_merge_then_adapt,logvar,lda,coral,11,4,4,14666,0.05,no_leakage_v1_alpha005,gate_all_sources_proxy_source_only_final_training_only,mmd,,,,,merge_then_adapt,coral,near_nearest_proxy,final,3.0,3,3test,not_used,False,,4.0,direct,0.16647469187765723,0.11589680423664206,0.23617540008766003
2,bnci004,MMP_merge_then_adapt,logvar,lda,coral,11,4,4,14666,0.05,no_leakage_v1_alpha005,gate_all_sources_proxy_source_only_final_training_only,mmd,,,,,merge_then_adapt,coral,near_nearest_proxy,main,,4,4test,target,False,,,,,,
2,bnci004,MMP_merge_then_adapt,logvar,lda,coral,11,4,4,14666,0.05,no_leakage_v1_alpha005,gate_all_sources_proxy_source_only_final_training_only,mmd,,,,,merge_then_adapt,coral,near_nearest_proxy,final,,4,4test,target,False,,,,,,
2,bnci004,MMP_merge_then_adapt,logvar,svm_radial,none,12,0,0,15539,0.05,no_leakage_v1_alpha005,gate_all_sources_proxy_source_only_final_training_only,mmd,,,,,merge_then_adapt,coral,near_nearest_proxy,main,0.0,1,1train,far,False,,0.0,direct,0.5873457853461528,0.49386545600305504,0.6733372459041739
2,bnci004,MMP_merge_then_adapt,logvar,svm_radial,none,12,0,0,15539,0.05,no_leakage_v1_alpha005,gate_all_sources_proxy_source_only_final_training_only,mmd,,,,,merge_then_adapt,coral,near_nearest_proxy,anchor,0.0,1,1train,not_used,False,,0.0,direct,0.5873457853461528,0.49386545600305504,0.6733372459041739
2,bnci004,MMP_merge_then_adapt,logvar,svm_radial,none,12,0,0,15539,0.05,no_leakage_v1_alpha005,gate_all_sources_proxy_source_only_final_training_only,mmd,,,,,merge_then_adapt,coral,near_nearest_proxy,final,0.0,1,1train,not_used,False,,0.0,direct,0.5873457853461528,0.49386545600305504,0.6733372459041739
2,bnci004,MMP_merge_then_adapt,logvar,svm_radial,none,12,0,0,15539,0.05,no_leakage_v1_alpha005,gate_all_sources_proxy_source_only_final_training_only,mmd,,,,,merge_then_adapt,coral,near_nearest_proxy,main,1.0,2,2train,far,False,,0.0,direct,0.24004197177265613,0.1805007524840617,0.3082644621273187
2,bnci004,MMP_merge_then_adapt,logvar,svm_radial,none,12,0,0,15539,0.05,no_leakage_v1_alpha005,gate_all_sources_proxy_source_only_final_training_only,mmd,,,,,merge_then_adapt,coral,near_nearest_proxy,anchor,1.0,2,2train,second_nearest_fallback_source,False,1.0,0.0,direct,0.24004197177265613,0.1805007524840617,0.3082644621273187
2,bnci004,MMP_merge_then_adapt,logvar,svm_radial,none,12,0,0,15539,0.05,no_leakage_v1_alpha005,gate_all_sources_proxy_source_only_final_training_only,mmd,,,,,merge_then_adapt,coral,near_nearest_proxy,final,1.0,2,2train,not_used,False,,0.0,direct,0.24004197177265613,0.1805007524840617,0.3082644621273187
2,bnci004,MMP_merge_then_adapt,logvar,svm_radial,none,12,0,0,15539,0.05,no_leakage_v1_alpha005,gate_all_sources_proxy_source_only_final_training_only,mmd,,,,,merge_then_adapt,coral,near_nearest_proxy,main,2.0,3,3test,nearest,True,1.0,0.0,direct,0.07515165814025522,0.04194383684234402,0.12447481074710134
2,bnci004,MMP_merge_then_adapt,logvar,svm_radial,none,12,0,0,15539,0.05,no_leakage_v1_alpha005,gate_all_sources_proxy_source_only_final_training_only,mmd,,,,,merge_then_adapt,coral,near_nearest_proxy,anchor,2.0,3,3test,target,False,,0.0,direct,0.07515165814025522,0.04194383684234402,0.12447481074710134
2,bnci004,MMP_merge_then_adapt,logvar,svm_radial,none,12,0,0,15539,0.05,no_leakage_v1_alpha005,gate_all_sources_proxy_source_only_final_training_only,mmd,,,,,merge_then_adapt,coral,near_nearest_proxy,final,2.0,3,3test,train,True,1.0,0.0,direct,0.07515165814025522,0.04194383684234402,0.12447481074710134
2,bnci004,MMP_merge_then_adapt,logvar,svm_radial,none,12,0,0,15539,0.05,no_leakage_v1_alpha005,gate_all_sources_proxy_source_only_final_training_only,mmd,,,,,merge_then_adapt,coral,near_nearest_proxy,main,3.0,4,4test,far,False,,0.0,direct,0.31960432774978026,0.24329984860487988,0.39790444775068806
2,bnci004,MMP_merge_then_adapt,logvar,svm_radial,none,12,0,0,15539,0.05,no_leakage_v1_alpha005,gate_all_sources_proxy_source_only_final_training_only,mmd,,,,,merge_then_adapt,coral,near_nearest_proxy,anchor,3.0,4,4test,not_used,False,,0.0,direct,0.31960432774978026,0.24329984860487988,0.39790444775068806
2,bnci004,MMP_merge_then_adapt,logvar,svm_radial,none,12,0,0,15539,0.05,no_leakage_v1_alpha005,gate_all_sources_proxy_source_only_final_training_only,mmd,,,,,merge_then_adapt,coral,near_nearest_proxy,final,3.0,4,4test,not_used,False,,0.0,direct,0.31960432774978026,0.24329984860487988,0.39790444775068806
2,bnci004,MMP_merge_then_adapt,logvar,svm_radial,none,12,0,0,15539,0.05,no_leakage_v1_alpha005,gate_all_sources_proxy_source_only_final_training_only,mmd,,,,,merge_then_adapt,coral,near_nearest_proxy,main,,0,0train,target,False,,,,,,
2,bnci004,MMP_merge_then_adapt,logvar,svm_radial,none,12,0,0,15539,0.05,no_leakage_v1_alpha005,gate_all_sources_proxy_source_only_final_training_only,mmd,,,,,merge_then_adapt,coral,near_nearest_proxy,final,,0,0train,target,False,,,,,,
2,bnci004,MMP_merge_then_adapt,logvar,svm_radial,none,12,1,1,15570,0.05,no_leakage_v1_alpha005,gate_all_sources_proxy_source_only_final_training_only,mmd,,,,,merge_then_adapt,coral,near_nearest_proxy,main,0.0,0,0train,far,False,,1.0,direct,0.5459888229652434,0.4686201298173463,0.6189192559350699
2,bnci004,MMP_merge_then_adapt,logvar,svm_radial,none,12,1,1,15570,0.05,no_leakage_v1_alpha005,gate_all_sources_proxy_source_only_final_training_only,mmd,,,,,merge_then_adapt,coral,near_nearest_proxy,anchor,0.0,0,0train,not_used,False,,1.0,direct,0.5459888229652434,0.4686201298173463,0.6189192559350699
2,bnci004,MMP_merge_then_adapt,logvar,svm_radial,none,12,1,1,15570,0.05,no_leakage_v1_alpha005,gate_all_sources_proxy_source_only_final_training_only,mmd,,,,,merge_then_adapt,coral,near_nearest_proxy,final,0.0,0,0train,not_used,False,,1.0,direct,0.5459888229652434,0.4686201298173463,0.6189192559350699
2,bnci004,MMP_merge_then_adapt,logvar,svm_radial,none,12,1,1,15570,0.05,no_leakage_v1_alpha005,gate_all_sources_proxy_source_only_final_training_only,mmd,,,,,merge_then_adapt,coral,near_nearest_proxy,main,1.0,2,2train,near,False,0.42488402902413086,1.0,direct,0.333766645872531,0.27102942933668445,0.40456861589035065
2,bnci004,MMP_merge_then_adapt,logvar,svm_radial,none,12,1,1,15570,0.05,no_leakage_v1_alpha005,gate_all_sources_proxy_source_only_final_training_only,mmd,,,,,merge_then_adapt,coral,near_nearest_proxy,anchor,1.0,2,2train,proxy_source,False,1.0,1.0,direct,0.333766645872531,0.27102942933668445,0.40456861589035065
2,bnci004,MMP_merge_then_adapt,logvar,svm_radial,none,12,1,1,15570,0.05,no_leakage_v1_alpha005,gate_all_sources_proxy_source_only_final_training_only,mmd,,,,,merge_then_adapt,coral,near_nearest_proxy,final,1.0,2,2train,train,False,0.42488402902413086,1.0,direct,0.333766645872531,0.27102942933668445,0.40456861589035065
2,bnci004,MMP_merge_then_adapt,logvar,svm_radial,none,12,1,1,15570,0.05,no_leakage_v1_alpha005,gate_all_sources_proxy_source_only_final_training_only,mmd,,,,,merge_then_adapt,coral,near_nearest_proxy,main,2.0,3,3test,far,False,,1.0,direct,0.4608876270430957,0.36953554340673384,0.5539612404386567
2,bnci004,MMP_merge_then_adapt,logvar,svm_radial,none,12,1,1,15570,0.05,no_leakage_v1_alpha005,gate_all_sources_proxy_source_only_final_training_only,mmd,,,,,merge_then_adapt,coral,near_nearest_proxy,anchor,2.0,3,3test,not_used,False,,1.0,direct,0.4608876270430957,0.36953554340673384,0.5539612404386567
2,bnci004,MMP_merge_then_adapt,logvar,svm_radial,none,12,1,1,15570,0.05,no_leakage_v1_alpha005,gate_all_sources_proxy_source_only_final_training_only,mmd,,,,,merge_then_adapt,coral,near_nearest_proxy,final,2.0,3,3test,not_used,False,,1.0,direct,0.4608876270430957,0.36953554340673384,0.5539612404386567
2,bnci004,MMP_merge_then_adapt,logvar,svm_radial,none,12,1,1,15570,0.05,no_leakage_v1_alpha005,gate_all_sources_proxy_source_only_final_training_only,mmd,,,,,merge_then_adapt,coral,near_nearest_proxy,main,3.0,4,4test,nearest,True,0.5751159709758691,1.0,direct,0.2465797755183528,0.18718250332832442,0.31950613023276264
2,bnci004,MMP_merge_then_adapt,logvar,svm_radial,none,12,1,1,15570,0.05,no_leakage_v1_alpha005,gate_all_sources_proxy_source_only_final_training_only,mmd,,,,,merge_then_adapt,coral,near_nearest_proxy,anchor,3.0,4,4test,target,False,,1.0,direct,0.2465797755183528,0.18718250332832442,0.31950613023276264
2,bnci004,MMP_merge_then_adapt,logvar,svm_radial,none,12,1,1,15570,0.05,no_leakage_v1_alpha005,gate_all_sources_proxy_source_only_final_training_only,mmd,,,,,merge_then_adapt,coral,near_nearest_proxy,final,3.0,4,4test,train,True,0.5751159709758691,1.0,direct,0.2465797755183528,0.18718250332832442,0.31950613023276264
2,bnci004,MMP_merge_then_adapt,logvar,svm_radial,none,12,1,1,15570,0.05,no_leakage_v1_alpha005,gate_all_sources_proxy_source_only_final_training_only,mmd,,,,,merge_then_adapt,coral,near_nearest_proxy,main,,1,1train,target,False,,,,,,
2,bnci004,MMP_merge_then_adapt,logvar,svm_radial,none,12,1,1,15570,0.05,no_leakage_v1_alpha005,gate_all_sources_proxy_source_only_final_training_only,mmd,,,,,merge_then_adapt,coral,near_nearest_proxy,final,,1,1train,target,False,,,,,,
2,bnci004,MMP_merge_then_adapt,logvar,svm_radial,none,12,2,2,15601,0.05,no_leakage_v1_alpha005,gate_all_sources_proxy_source_only_final_training_only,mmd,,,,,merge_then_adapt,coral,near_nearest_proxy,main,0.0,0,0train,far,False,,2.0,direct,0.21559072328053958,0.15263614290096014,0.27196136546436683
2,bnci004,MMP_merge_then_adapt,logvar,svm_radial,none,12,2,2,15601,0.05,no_leakage_v1_alpha005,gate_all_sources_proxy_source_only_final_training_only,mmd,,,,,merge_then_adapt,coral,near_nearest_proxy,anchor,0.0,0,0train,not_used,False,,2.0,direct,0.21559072328053958,0.15263614290096014,0.27196136546436683
2,bnci004,MMP_merge_then_adapt,logvar,svm_radial,none,12,2,2,15601,0.05,no_leakage_v1_alpha005,gate_all_sources_proxy_source_only_final_training_only,mmd,,,,,merge_then_adapt,coral,near_nearest_proxy,final,0.0,0,0train,not_used,False,,2.0,direct,0.21559072328053958,0.15263614290096014,0.27196136546436683
2,bnci004,MMP_merge_then_adapt,logvar,svm_radial,none,12,2,2,15601,0.05,no_leakage_v1_alpha005,gate_all_sources_proxy_source_only_final_training_only,mmd,,,,,merge_then_adapt,coral,near_nearest_proxy,main,1.0,1,1train,far,False,,2.0,direct,0.2977099974378248,0.2504400424719023,0.3551925072543488
2,bnci004,MMP_merge_then_adapt,logvar,svm_radial,none,12,2,2,15601,0.05,no_leakage_v1_alpha005,gate_all_sources_proxy_source_only_final_training_only,mmd,,,,,merge_then_adapt,coral,near_nearest_proxy,anchor,1.0,1,1train,not_used,False,,2.0,direct,0.2977099974378248,0.2504400424719023,0.3551925072543488
2,bnci004,MMP_merge_then_adapt,logvar,svm_radial,none,12,2,2,15601,0.05,no_leakage_v1_alpha005,gate_all_sources_proxy_source_only_final_training_only,mmd,,,,,merge_then_adapt,coral,near_nearest_proxy,final,1.0,1,1train,not_used,False,,2.0,direct,0.2977099974378248,0.2504400424719023,0.3551925072543488
2,bnci004,MMP_merge_then_adapt,logvar,svm_radial,none,12,2,2,15601,0.05,no_leakage_v1_alpha005,gate_all_sources_proxy_source_only_final_training_only,mmd,,,,,merge_then_adapt,coral,near_nearest_proxy,main,2.0,3,3test,far,False,,2.0,direct,0.16892751086882246,0.11356986649185823,0.22594269675621176
2,bnci004,MMP_merge_then_adapt,logvar,svm_radial,none,12,2,2,15601,0.05,no_leakage_v1_alpha005,gate_all_sources_proxy_source_only_final_training_only,mmd,,,,,merge_then_adapt,coral,near_nearest_proxy,anchor,2.0,3,3test,second_nearest_fallback_source,False,1.0,2.0,direct,0.16892751086882246,0.11356986649185823,0.22594269675621176
2,bnci004,MMP_merge_then_adapt,logvar,svm_radial,none,12,2,2,15601,0.05,no_leakage_v1_alpha005,gate_all_sources_proxy_source_only_final_training_only,mmd,,,,,merge_then_adapt,coral,near_nearest_proxy,final,2.0,3,3test,not_used,False,,2.0,direct,0.16892751086882246,0.11356986649185823,0.22594269675621176
2,bnci004,MMP_merge_then_adapt,logvar,svm_radial,none,12,2,2,15601,0.05,no_leakage_v1_alpha005,gate_all_sources_proxy_source_only_final_training_only,mmd,,,,,merge_then_adapt,coral,near_nearest_proxy,main,3.0,4,4test,nearest,True,1.0,2.0,direct,0.039613961735537065,0.02294418178255467,0.06490481604246932
2,bnci004,MMP_merge_then_adapt,logvar,svm_radial,none,12,2,2,15601,0.05,no_leakage_v1_alpha005,gate_all_sources_proxy_source_only_final_training_only,mmd,,,,,merge_then_adapt,coral,near_nearest_proxy,anchor,3.0,4,4test,target,False,,2.0,direct,0.039613961735537065,0.02294418178255467,0.06490481604246932
2,bnci004,MMP_merge_then_adapt,logvar,svm_radial,none,12,2,2,15601,0.05,no_leakage_v1_alpha005,gate_all_sources_proxy_source_only_final_training_only,mmd,,,,,merge_then_adapt,coral,near_nearest_proxy,final,3.0,4,4test,train,True,1.0,2.0,direct,0.039613961735537065,0.02294418178255467,0.06490481604246932
2,bnci004,MMP_merge_then_adapt,logvar,svm_radial,none,12,2,2,15601,0.05,no_leakage_v1_alpha005,gate_all_sources_proxy_source_only_final_training_only,mmd,,,,,merge_then_adapt,coral,near_nearest_proxy,main,,2,2train,target,False,,,,,,
2,bnci004,MMP_merge_then_adapt,logvar,svm_radial,none,12,2,2,15601,0.05,no_leakage_v1_alpha005,gate_all_sources_proxy_source_only_final_training_only,mmd,,,,,merge_then_adapt,coral,near_nearest_proxy,final,,2,2train,target,False,,,,,,
2,bnci004,MMP_merge_then_adapt,logvar,svm_radial,none,12,3,3,15632,0.05,no_leakage_v1_alpha005,gate_all_sources_proxy_source_only_final_training_only,mmd,,,,,merge_then_adapt,coral,near_nearest_proxy,main,0.0,0,0train,nearest,True,0.6667900585913541,3.0,direct,0.0799890255564954,0.03901597535903509,0.13500544477286974
2,bnci004,MMP_merge_then_adapt,logvar,svm_radial,none,12,3,3,15632,0.05,no_leakage_v1_alpha005,gate_all_sources_proxy_source_only_final_training_only,mmd,,,,,merge_then_adapt,coral,near_nearest_proxy,anchor,0.0,0,0train,target,False,,3.0,direct,0.0799890255564954,0.03901597535903509,0.13500544477286974
2,bnci004,MMP_merge_then_adapt,logvar,svm_radial,none,12,3,3,15632,0.05,no_leakage_v1_alpha005,gate_all_sources_proxy_source_only_final_training_only,mmd,,,,,merge_then_adapt,coral,near_nearest_proxy,final,0.0,0,0train,train,True,0.6667900585913541,3.0,direct,0.0799890255564954,0.03901597535903509,0.13500544477286974
2,bnci004,MMP_merge_then_adapt,logvar,svm_radial,none,12,3,3,15632,0.05,no_leakage_v1_alpha005,gate_all_sources_proxy_source_only_final_training_only,mmd,,,,,merge_then_adapt,coral,near_nearest_proxy,main,1.0,1,1train,far,False,,3.0,direct,0.502705715487577,0.4094703723666425,0.6251037651766285
2,bnci004,MMP_merge_then_adapt,logvar,svm_radial,none,12,3,3,15632,0.05,no_leakage_v1_alpha005,gate_all_sources_proxy_source_only_final_training_only,mmd,,,,,merge_then_adapt,coral,near_nearest_proxy,anchor,1.0,1,1train,not_used,False,,3.0,direct,0.502705715487577,0.4094703723666425,0.6251037651766285
2,bnci004,MMP_merge_then_adapt,logvar,svm_radial,none,12,3,3,15632,0.05,no_leakage_v1_alpha005,gate_all_sources_proxy_source_only_final_training_only,mmd,,,,,merge_then_adapt,coral,near_nearest_proxy,final,1.0,1,1train,not_used,False,,3.0,direct,0.502705715487577,0.4094703723666425,0.6251037651766285
2,bnci004,MMP_merge_then_adapt,logvar,svm_radial,none,12,3,3,15632,0.05,no_leakage_v1_alpha005,gate_all_sources_proxy_source_only_final_training_only,mmd,,,,,merge_then_adapt,coral,near_nearest_proxy,main,2.0,2,2train,near,False,0.3332099414086458,3.0,direct,0.16006791511717527,0.09614781053667544,0.23570376289719028
2,bnci004,MMP_merge_then_adapt,logvar,svm_radial,none,12,3,3,15632,0.05,no_leakage_v1_alpha005,gate_all_sources_proxy_source_only_final_training_only,mmd,,,,,merge_then_adapt,coral,near_nearest_proxy,anchor,2.0,2,2train,proxy_source,False,1.0,3.0,direct,0.16006791511717527,0.09614781053667544,0.23570376289719028
2,bnci004,MMP_merge_then_adapt,logvar,svm_radial,none,12,3,3,15632,0.05,no_leakage_v1_alpha005,gate_all_sources_proxy_source_only_final_training_only,mmd,,,,,merge_then_adapt,coral,near_nearest_proxy,final,2.0,2,2train,train,False,0.3332099414086458,3.0,direct,0.16006791511717527,0.09614781053667544,0.23570376289719028
2,bnci004,MMP_merge_then_adapt,logvar,svm_radial,none,12,3,3,15632,0.05,no_leakage_v1_alpha005,gate_all_sources_proxy_source_only_final_training_only,mmd,,,,,merge_then_adapt,coral,near_nearest_proxy,main,3.0,4,4test,far,False,,3.0,direct,0.2000163037777451,0.13774019341826182,0.27093689556748846
2,bnci004,MMP_merge_then_adapt,logvar,svm_radial,none,12,3,3,15632,0.05,no_leakage_v1_alpha005,gate_all_sources_proxy_source_only_final_training_only,mmd,,,,,merge_then_adapt,coral,near_nearest_proxy,anchor,3.0,4,4test,not_used,False,,3.0,direct,0.2000163037777451,0.13774019341826182,0.27093689556748846
2,bnci004,MMP_merge_then_adapt,logvar,svm_radial,none,12,3,3,15632,0.05,no_leakage_v1_alpha005,gate_all_sources_proxy_source_only_final_training_only,mmd,,,,,merge_then_adapt,coral,near_nearest_proxy,final,3.0,4,4test,not_used,False,,3.0,direct,0.2000163037777451,0.13774019341826182,0.27093689556748846
2,bnci004,MMP_merge_then_adapt,logvar,svm_radial,none,12,3,3,15632,0.05,no_leakage_v1_alpha005,gate_all_sources_proxy_source_only_final_training_only,mmd,,,,,merge_then_adapt,coral,near_nearest_proxy,main,,3,3test,target,False,,,,,,
2,bnci004,MMP_merge_then_adapt,logvar,svm_radial,none,12,3,3,15632,0.05,no_leakage_v1_alpha005,gate_all_sources_proxy_source_only_final_training_only,mmd,,,,,merge_then_adapt,coral,near_nearest_proxy,final,,3,3test,target,False,,,,,,
2,bnci004,MMP_merge_then_adapt,logvar,svm_radial,none,12,4,4,15663,0.05,no_leakage_v1_alpha005,gate_all_sources_proxy_source_only_final_training_only,mmd,,,,,merge_then_adapt,coral,near_nearest_proxy,main,0.0,0,0train,far,False,,4.0,direct,0.24189644019460402,0.17763019181909442,0.30586856343664076
2,bnci004,MMP_merge_then_adapt,logvar,svm_radial,none,12,4,4,15663,0.05,no_leakage_v1_alpha005,gate_all_sources_proxy_source_only_final_training_only,mmd,,,,,merge_then_adapt,coral,near_nearest_proxy,anchor,0.0,0,0train,not_used,False,,4.0,direct,0.24189644019460402,0.17763019181909442,0.30586856343664076
2,bnci004,MMP_merge_then_adapt,logvar,svm_radial,none,12,4,4,15663,0.05,no_leakage_v1_alpha005,gate_all_sources_proxy_source_only_final_training_only,mmd,,,,,merge_then_adapt,coral,near_nearest_proxy,final,0.0,0,0train,not_used,False,,4.0,direct,0.24189644019460402,0.17763019181909442,0.30586856343664076
2,bnci004,MMP_merge_then_adapt,logvar,svm_radial,none,12,4,4,15663,0.05,no_leakage_v1_alpha005,gate_all_sources_proxy_source_only_final_training_only,mmd,,,,,merge_then_adapt,coral,near_nearest_proxy,main,1.0,1,1train,far,False,,4.0,direct,0.24431744912222159,0.19638083062155848,0.29078766073676365
2,bnci004,MMP_merge_then_adapt,logvar,svm_radial,none,12,4,4,15663,0.05,no_leakage_v1_alpha005,gate_all_sources_proxy_source_only_final_training_only,mmd,,,,,merge_then_adapt,coral,near_nearest_proxy,anchor,1.0,1,1train,not_used,False,,4.0,direct,0.24431744912222159,0.19638083062155848,0.29078766073676365
2,bnci004,MMP_merge_then_adapt,logvar,svm_radial,none,12,4,4,15663,0.05,no_leakage_v1_alpha005,gate_all_sources_proxy_source_only_final_training_only,mmd,,,,,merge_then_adapt,coral,near_nearest_proxy,final,1.0,1,1train,not_used,False,,4.0,direct,0.24431744912222159,0.19638083062155848,0.29078766073676365
2,bnci004,MMP_merge_then_adapt,logvar,svm_radial,none,12,4,4,15663,0.05,no_leakage_v1_alpha005,gate_all_sources_proxy_source_only_final_training_only,mmd,,,,,merge_then_adapt,coral,near_nearest_proxy,main,2.0,2,2train,nearest,True,1.0,4.0,direct,0.04249402926743821,0.024748095288822335,0.0700148267658432
2,bnci004,MMP_merge_then_adapt,logvar,svm_radial,none,12,4,4,15663,0.05,no_leakage_v1_alpha005,gate_all_sources_proxy_source_only_final_training_only,mmd,,,,,merge_then_adapt,coral,near_nearest_proxy,anchor,2.0,2,2train,target,False,,4.0,direct,0.04249402926743821,0.024748095288822335,0.0700148267658432
2,bnci004,MMP_merge_then_adapt,logvar,svm_radial,none,12,4,4,15663,0.05,no_leakage_v1_alpha005,gate_all_sources_proxy_source_only_final_training_only,mmd,,,,,merge_then_adapt,coral,near_nearest_proxy,final,2.0,2,2train,train,True,1.0,4.0,direct,0.04249402926743821,0.024748095288822335,0.0700148267658432
2,bnci004,MMP_merge_then_adapt,logvar,svm_radial,none,12,4,4,15663,0.05,no_leakage_v1_alpha005,gate_all_sources_proxy_source_only_final_training_only,mmd,,,,,merge_then_adapt,coral,near_nearest_proxy,main,3.0,3,3test,far,False,,4.0,direct,0.16337540024783073,0.11443392542373323,0.2302777784657715
2,bnci004,MMP_merge_then_adapt,logvar,svm_radial,none,12,4,4,15663,0.05,no_leakage_v1_alpha005,gate_all_sources_proxy_source_only_final_training_only,mmd,,,,,merge_then_adapt,coral,near_nearest_proxy,anchor,3.0,3,3test,second_nearest_fallback_source,False,1.0,4.0,direct,0.16337540024783073,0.11443392542373323,0.2302777784657715
2,bnci004,MMP_merge_then_adapt,logvar,svm_radial,none,12,4,4,15663,0.05,no_leakage_v1_alpha005,gate_all_sources_proxy_source_only_final_training_only,mmd,,,,,merge_then_adapt,coral,near_nearest_proxy,final,3.0,3,3test,not_used,False,,4.0,direct,0.16337540024783073,0.11443392542373323,0.2302777784657715
2,bnci004,MMP_merge_then_adapt,logvar,svm_radial,none,12,4,4,15663,0.05,no_leakage_v1_alpha005,gate_all_sources_proxy_source_only_final_training_only,mmd,,,,,merge_then_adapt,coral,near_nearest_proxy,main,,4,4test,target,False,,,,,,
2,bnci004,MMP_merge_then_adapt,logvar,svm_radial,none,12,4,4,15663,0.05,no_leakage_v1_alpha005,gate_all_sources_proxy_source_only_final_training_only,mmd,,,,,merge_then_adapt,coral,near_nearest_proxy,final,,4,4test,target,False,,,,,,
2,bnci004,MMP_merge_then_adapt,logvar,svm_radial,sa,13,0,0,16536,0.05,no_leakage_v1_alpha005,gate_all_sources_proxy_source_only_final_training_only,mmd,,,,,merge_then_adapt,coral,near_nearest_proxy,main,0.0,1,1train,far,False,,0.0,direct,0.5857756201971097,0.5003655525690358,0.6664202602629947
2,bnci004,MMP_merge_then_adapt,logvar,svm_radial,sa,13,0,0,16536,0.05,no_leakage_v1_alpha005,gate_all_sources_proxy_source_only_final_training_only,mmd,,,,,merge_then_adapt,coral,near_nearest_proxy,anchor,0.0,1,1train,not_used,False,,0.0,direct,0.5857756201971097,0.5003655525690358,0.6664202602629947
2,bnci004,MMP_merge_then_adapt,logvar,svm_radial,sa,13,0,0,16536,0.05,no_leakage_v1_alpha005,gate_all_sources_proxy_source_only_final_training_only,mmd,,,,,merge_then_adapt,coral,near_nearest_proxy,final,0.0,1,1train,not_used,False,,0.0,direct,0.5857756201971097,0.5003655525690358,0.6664202602629947
2,bnci004,MMP_merge_then_adapt,logvar,svm_radial,sa,13,0,0,16536,0.05,no_leakage_v1_alpha005,gate_all_sources_proxy_source_only_final_training_only,mmd,,,,,merge_then_adapt,coral,near_nearest_proxy,main,1.0,2,2train,far,False,,0.0,direct,0.23619961791736582,0.17127861947289763,0.2950758790447368
2,bnci004,MMP_merge_then_adapt,logvar,svm_radial,sa,13,0,0,16536,0.05,no_leakage_v1_alpha005,gate_all_sources_proxy_source_only_final_training_only,mmd,,,,,merge_then_adapt,coral,near_nearest_proxy,anchor,1.0,2,2train,second_nearest_fallback_source,False,1.0,0.0,direct,0.23619961791736582,0.17127861947289763,0.2950758790447368
2,bnci004,MMP_merge_then_adapt,logvar,svm_radial,sa,13,0,0,16536,0.05,no_leakage_v1_alpha005,gate_all_sources_proxy_source_only_final_training_only,mmd,,,,,merge_then_adapt,coral,near_nearest_proxy,final,1.0,2,2train,not_used,False,,0.0,direct,0.23619961791736582,0.17127861947289763,0.2950758790447368
2,bnci004,MMP_merge_then_adapt,logvar,svm_radial,sa,13,0,0,16536,0.05,no_leakage_v1_alpha005,gate_all_sources_proxy_source_only_final_training_only,mmd,,,,,merge_then_adapt,coral,near_nearest_proxy,main,2.0,3,3test,nearest,True,1.0,0.0,direct,0.0747817308264253,0.03850152172498949,0.1245710182292034
2,bnci004,MMP_merge_then_adapt,logvar,svm_radial,sa,13,0,0,16536,0.05,no_leakage_v1_alpha005,gate_all_sources_proxy_source_only_final_training_only,mmd,,,,,merge_then_adapt,coral,near_nearest_proxy,anchor,2.0,3,3test,target,False,,0.0,direct,0.0747817308264253,0.03850152172498949,0.1245710182292034
2,bnci004,MMP_merge_then_adapt,logvar,svm_radial,sa,13,0,0,16536,0.05,no_leakage_v1_alpha005,gate_all_sources_proxy_source_only_final_training_only,mmd,,,,,merge_then_adapt,coral,near_nearest_proxy,final,2.0,3,3test,train,True,1.0,0.0,direct,0.0747817308264253,0.03850152172498949,0.1245710182292034
2,bnci004,MMP_merge_then_adapt,logvar,svm_radial,sa,13,0,0,16536,0.05,no_leakage_v1_alpha005,gate_all_sources_proxy_source_only_final_training_only,mmd,,,,,merge_then_adapt,coral,near_nearest_proxy,main,3.0,4,4test,far,False,,0.0,direct,0.31985200526414814,0.2380723998636588,0.3973379954912162
2,bnci004,MMP_merge_then_adapt,logvar,svm_radial,sa,13,0,0,16536,0.05,no_leakage_v1_alpha005,gate_all_sources_proxy_source_only_final_training_only,mmd,,,,,merge_then_adapt,coral,near_nearest_proxy,anchor,3.0,4,4test,not_used,False,,0.0,direct,0.31985200526414814,0.2380723998636588,0.3973379954912162
2,bnci004,MMP_merge_then_adapt,logvar,svm_radial,sa,13,0,0,16536,0.05,no_leakage_v1_alpha005,gate_all_sources_proxy_source_only_final_training_only,mmd,,,,,merge_then_adapt,coral,near_nearest_proxy,final,3.0,4,4test,not_used,False,,0.0,direct,0.31985200526414814,0.2380723998636588,0.3973379954912162
2,bnci004,MMP_merge_then_adapt,logvar,svm_radial,sa,13,0,0,16536,0.05,no_leakage_v1_alpha005,gate_all_sources_proxy_source_only_final_training_only,mmd,,,,,merge_then_adapt,coral,near_nearest_proxy,main,,0,0train,target,False,,,,,,
2,bnci004,MMP_merge_then_adapt,logvar,svm_radial,sa,13,0,0,16536,0.05,no_leakage_v1_alpha005,gate_all_sources_proxy_source_only_final_training_only,mmd,,,,,merge_then_adapt,coral,near_nearest_proxy,final,,0,0train,target,False,,,,,,
2,bnci004,MMP_merge_then_adapt,logvar,svm_radial,sa,13,1,1,16567,0.05,no_leakage_v1_alpha005,gate_all_sources_proxy_source_only_final_training_only,mmd,,,,,merge_then_adapt,coral,near_nearest_proxy,main,0.0,0,0train,far,False,,1.0,direct,0.5487242624257371,0.469427174206627,0.642289259945168
2,bnci004,MMP_merge_then_adapt,logvar,svm_radial,sa,13,1,1,16567,0.05,no_leakage_v1_alpha005,gate_all_sources_proxy_source_only_final_training_only,mmd,,,,,merge_then_adapt,coral,near_nearest_proxy,anchor,0.0,0,0train,not_used,False,,1.0,direct,0.5487242624257371,0.469427174206627,0.642289259945168
2,bnci004,MMP_merge_then_adapt,logvar,svm_radial,sa,13,1,1,16567,0.05,no_leakage_v1_alpha005,gate_all_sources_proxy_source_only_final_training_only,mmd,,,,,merge_then_adapt,coral,near_nearest_proxy,final,0.0,0,0train,not_used,False,,1.0,direct,0.5487242624257371,0.469427174206627,0.642289259945168
2,bnci004,MMP_merge_then_adapt,logvar,svm_radial,sa,13,1,1,16567,0.05,no_leakage_v1_alpha005,gate_all_sources_proxy_source_only_final_training_only,mmd,,,,,merge_then_adapt,coral,near_nearest_proxy,main,1.0,2,2train,near,False,0.42064721687744605,1.0,direct,0.3348525816134875,0.2793261882758982,0.4108049936776738
2,bnci004,MMP_merge_then_adapt,logvar,svm_radial,sa,13,1,1,16567,0.05,no_leakage_v1_alpha005,gate_all_sources_proxy_source_only_final_training_only,mmd,,,,,merge_then_adapt,coral,near_nearest_proxy,anchor,1.0,2,2train,proxy_source,False,1.0,1.0,direct,0.3348525816134875,0.2793261882758982,0.4108049936776738
2,bnci004,MMP_merge_then_adapt,logvar,svm_radial,sa,13,1,1,16567,0.05,no_leakage_v1_alpha005,gate_all_sources_proxy_source_only_final_training_only,mmd,,,,,merge_then_adapt,coral,near_nearest_proxy,final,1.0,2,2train,train,False,0.42064721687744605,1.0,direct,0.3348525816134875,0.2793261882758982,0.4108049936776738
2,bnci004,MMP_merge_then_adapt,logvar,svm_radial,sa,13,1,1,16567,0.05,no_leakage_v1_alpha005,gate_all_sources_proxy_source_only_final_training_only,mmd,,,,,merge_then_adapt,coral,near_nearest_proxy,main,2.0,3,3test,far,False,,1.0,direct,0.45540444247427303,0.3726687001307996,0.5411414933747813
2,bnci004,MMP_merge_then_adapt,logvar,svm_radial,sa,13,1,1,16567,0.05,no_leakage_v1_alpha005,gate_all_sources_proxy_source_only_final_training_only,mmd,,,,,merge_then_adapt,coral,near_nearest_proxy,anchor,2.0,3,3test,not_used,False,,1.0,direct,0.45540444247427303,0.3726687001307996,0.5411414933747813
2,bnci004,MMP_merge_then_adapt,logvar,svm_radial,sa,13,1,1,16567,0.05,no_leakage_v1_alpha005,gate_all_sources_proxy_source_only_final_training_only,mmd,,,,,merge_then_adapt,coral,near_nearest_proxy,final,2.0,3,3test,not_used,False,,1.0,direct,0.45540444247427303,0.3726687001307996,0.5411414933747813
2,bnci004,MMP_merge_then_adapt,logvar,svm_radial,sa,13,1,1,16567,0.05,no_leakage_v1_alpha005,gate_all_sources_proxy_source_only_final_training_only,mmd,,,,,merge_then_adapt,coral,near_nearest_proxy,main,3.0,4,4test,nearest,True,0.5793527831225539,1.0,direct,0.24312414114109696,0.18288603030033956,0.3191290467038943
2,bnci004,MMP_merge_then_adapt,logvar,svm_radial,sa,13,1,1,16567,0.05,no_leakage_v1_alpha005,gate_all_sources_proxy_source_only_final_training_only,mmd,,,,,merge_then_adapt,coral,near_nearest_proxy,anchor,3.0,4,4test,target,False,,1.0,direct,0.24312414114109696,0.18288603030033956,0.3191290467038943
2,bnci004,MMP_merge_then_adapt,logvar,svm_radial,sa,13,1,1,16567,0.05,no_leakage_v1_alpha005,gate_all_sources_proxy_source_only_final_training_only,mmd,,,,,merge_then_adapt,coral,near_nearest_proxy,final,3.0,4,4test,train,True,0.5793527831225539,1.0,direct,0.24312414114109696,0.18288603030033956,0.3191290467038943
2,bnci004,MMP_merge_then_adapt,logvar,svm_radial,sa,13,1,1,16567,0.05,no_leakage_v1_alpha005,gate_all_sources_proxy_source_only_final_training_only,mmd,,,,,merge_then_adapt,coral,near_nearest_proxy,main,,1,1train,target,False,,,,,,
2,bnci004,MMP_merge_then_adapt,logvar,svm_radial,sa,13,1,1,16567,0.05,no_leakage_v1_alpha005,gate_all_sources_proxy_source_only_final_training_only,mmd,,,,,merge_then_adapt,coral,near_nearest_proxy,final,,1,1train,target,False,,,,,,
2,bnci004,MMP_merge_then_adapt,logvar,svm_radial,sa,13,2,2,16598,0.05,no_leakage_v1_alpha005,gate_all_sources_proxy_source_only_final_training_only,mmd,,,,,merge_then_adapt,coral,near_nearest_proxy,main,0.0,0,0train,far,False,,2.0,direct,0.22091463438641248,0.17413702520187663,0.2832355108370294
2,bnci004,MMP_merge_then_adapt,logvar,svm_radial,sa,13,2,2,16598,0.05,no_leakage_v1_alpha005,gate_all_sources_proxy_source_only_final_training_only,mmd,,,,,merge_then_adapt,coral,near_nearest_proxy,anchor,0.0,0,0train,not_used,False,,2.0,direct,0.22091463438641248,0.17413702520187663,0.2832355108370294
2,bnci004,MMP_merge_then_adapt,logvar,svm_radial,sa,13,2,2,16598,0.05,no_leakage_v1_alpha005,gate_all_sources_proxy_source_only_final_training_only,mmd,,,,,merge_then_adapt,coral,near_nearest_proxy,final,0.0,0,0train,not_used,False,,2.0,direct,0.22091463438641248,0.17413702520187663,0.2832355108370294
2,bnci004,MMP_merge_then_adapt,logvar,svm_radial,sa,13,2,2,16598,0.05,no_leakage_v1_alpha005,gate_all_sources_proxy_source_only_final_training_only,mmd,,,,,merge_then_adapt,coral,near_nearest_proxy,main,1.0,1,1train,far,False,,2.0,direct,0.29385925765283294,0.24564058197698593,0.35071297492150255
2,bnci004,MMP_merge_then_adapt,logvar,svm_radial,sa,13,2,2,16598,0.05,no_leakage_v1_alpha005,gate_all_sources_proxy_source_only_final_training_only,mmd,,,,,merge_then_adapt,coral,near_nearest_proxy,anchor,1.0,1,1train,not_used,False,,2.0,direct,0.29385925765283294,0.24564058197698593,0.35071297492150255
2,bnci004,MMP_merge_then_adapt,logvar,svm_radial,sa,13,2,2,16598,0.05,no_leakage_v1_alpha005,gate_all_sources_proxy_source_only_final_training_only,mmd,,,,,merge_then_adapt,coral,near_nearest_proxy,final,1.0,1,1train,not_used,False,,2.0,direct,0.29385925765283294,0.24564058197698593,0.35071297492150255
2,bnci004,MMP_merge_then_adapt,logvar,svm_radial,sa,13,2,2,16598,0.05,no_leakage_v1_alpha005,gate_all_sources_proxy_source_only_final_training_only,mmd,,,,,merge_then_adapt,coral,near_nearest_proxy,main,2.0,3,3test,far,False,,2.0,direct,0.16648641410478895,0.1136264131389884,0.22733426494111134
2,bnci004,MMP_merge_then_adapt,logvar,svm_radial,sa,13,2,2,16598,0.05,no_leakage_v1_alpha005,gate_all_sources_proxy_source_only_final_training_only,mmd,,,,,merge_then_adapt,coral,near_nearest_proxy,anchor,2.0,3,3test,second_nearest_fallback_source,False,1.0,2.0,direct,0.16648641410478895,0.1136264131389884,0.22733426494111134
2,bnci004,MMP_merge_then_adapt,logvar,svm_radial,sa,13,2,2,16598,0.05,no_leakage_v1_alpha005,gate_all_sources_proxy_source_only_final_training_only,mmd,,,,,merge_then_adapt,coral,near_nearest_proxy,final,2.0,3,3test,not_used,False,,2.0,direct,0.16648641410478895,0.1136264131389884,0.22733426494111134
2,bnci004,MMP_merge_then_adapt,logvar,svm_radial,sa,13,2,2,16598,0.05,no_leakage_v1_alpha005,gate_all_sources_proxy_source_only_final_training_only,mmd,,,,,merge_then_adapt,coral,near_nearest_proxy,main,3.0,4,4test,nearest,True,1.0,2.0,direct,0.0385706342492938,0.02058230060072624,0.06482952601077259
2,bnci004,MMP_merge_then_adapt,logvar,svm_radial,sa,13,2,2,16598,0.05,no_leakage_v1_alpha005,gate_all_sources_proxy_source_only_final_training_only,mmd,,,,,merge_then_adapt,coral,near_nearest_proxy,anchor,3.0,4,4test,target,False,,2.0,direct,0.0385706342492938,0.02058230060072624,0.06482952601077259
2,bnci004,MMP_merge_then_adapt,logvar,svm_radial,sa,13,2,2,16598,0.05,no_leakage_v1_alpha005,gate_all_sources_proxy_source_only_final_training_only,mmd,,,,,merge_then_adapt,coral,near_nearest_proxy,final,3.0,4,4test,train,True,1.0,2.0,direct,0.0385706342492938,0.02058230060072624,0.06482952601077259
2,bnci004,MMP_merge_then_adapt,logvar,svm_radial,sa,13,2,2,16598,0.05,no_leakage_v1_alpha005,gate_all_sources_proxy_source_only_final_training_only,mmd,,,,,merge_then_adapt,coral,near_nearest_proxy,main,,2,2train,target,False,,,,,,
2,bnci004,MMP_merge_then_adapt,logvar,svm_radial,sa,13,2,2,16598,0.05,no_leakage_v1_alpha005,gate_all_sources_proxy_source_only_final_training_only,mmd,,,,,merge_then_adapt,coral,near_nearest_proxy,final,,2,2train,target,False,,,,,,
2,bnci004,MMP_merge_then_adapt,logvar,svm_radial,sa,13,3,3,16629,0.05,no_leakage_v1_alpha005,gate_all_sources_proxy_source_only_final_training_only,mmd,,,,,merge_then_adapt,coral,near_nearest_proxy,main,0.0,0,0train,nearest,True,0.5265709250457047,3.0,direct,0.08054259069933228,0.042088915220068135,0.13352950034874755
2,bnci004,MMP_merge_then_adapt,logvar,svm_radial,sa,13,3,3,16629,0.05,no_leakage_v1_alpha005,gate_all_sources_proxy_source_only_final_training_only,mmd,,,,,merge_then_adapt,coral,near_nearest_proxy,anchor,0.0,0,0train,target,False,,3.0,direct,0.08054259069933228,0.042088915220068135,0.13352950034874755
2,bnci004,MMP_merge_then_adapt,logvar,svm_radial,sa,13,3,3,16629,0.05,no_leakage_v1_alpha005,gate_all_sources_proxy_source_only_final_training_only,mmd,,,,,merge_then_adapt,coral,near_nearest_proxy,final,0.0,0,0train,train,True,0.5265709250457047,3.0,direct,0.08054259069933228,0.042088915220068135,0.13352950034874755
2,bnci004,MMP_merge_then_adapt,logvar,svm_radial,sa,13,3,3,16629,0.05,no_leakage_v1_alpha005,gate_all_sources_proxy_source_only_final_training_only,mmd,,,,,merge_then_adapt,coral,near_nearest_proxy,main,1.0,1,1train,far,False,,3.0,direct,0.49398000426497857,0.40529795571651184,0.5983198115447428
2,bnci004,MMP_merge_then_adapt,logvar,svm_radial,sa,13,3,3,16629,0.05,no_leakage_v1_alpha005,gate_all_sources_proxy_source_only_final_training_only,mmd,,,,,merge_then_adapt,coral,near_nearest_proxy,anchor,1.0,1,1train,not_used,False,,3.0,direct,0.49398000426497857,0.40529795571651184,0.5983198115447428
2,bnci004,MMP_merge_then_adapt,logvar,svm_radial,sa,13,3,3,16629,0.05,no_leakage_v1_alpha005,gate_all_sources_proxy_source_only_final_training_only,mmd,,,,,merge_then_adapt,coral,near_nearest_proxy,final,1.0,1,1train,not_used,False,,3.0,direct,0.49398000426497857,0.40529795571651184,0.5983198115447428
2,bnci004,MMP_merge_then_adapt,logvar,svm_radial,sa,13,3,3,16629,0.05,no_leakage_v1_alpha005,gate_all_sources_proxy_source_only_final_training_only,mmd,,,,,merge_then_adapt,coral,near_nearest_proxy,main,2.0,2,2train,near,False,0.2655422291062214,3.0,direct,0.15971714804674453,0.11645332709803594,0.21524236544160474
2,bnci004,MMP_merge_then_adapt,logvar,svm_radial,sa,13,3,3,16629,0.05,no_leakage_v1_alpha005,gate_all_sources_proxy_source_only_final_training_only,mmd,,,,,merge_then_adapt,coral,near_nearest_proxy,anchor,2.0,2,2train,proxy_source,False,0.5608912573268905,3.0,direct,0.15971714804674453,0.11645332709803594,0.21524236544160474
2,bnci004,MMP_merge_then_adapt,logvar,svm_radial,sa,13,3,3,16629,0.05,no_leakage_v1_alpha005,gate_all_sources_proxy_source_only_final_training_only,mmd,,,,,merge_then_adapt,coral,near_nearest_proxy,final,2.0,2,2train,train,False,0.2655422291062214,3.0,direct,0.15971714804674453,0.11645332709803594,0.21524236544160474
2,bnci004,MMP_merge_then_adapt,logvar,svm_radial,sa,13,3,3,16629,0.05,no_leakage_v1_alpha005,gate_all_sources_proxy_source_only_final_training_only,mmd,,,,,merge_then_adapt,coral,near_nearest_proxy,main,3.0,4,4test,near,False,0.207886845848074,3.0,direct,0.2040134141301038,0.13248410804077346,0.27348225871923176
2,bnci004,MMP_merge_then_adapt,logvar,svm_radial,sa,13,3,3,16629,0.05,no_leakage_v1_alpha005,gate_all_sources_proxy_source_only_final_training_only,mmd,,,,,merge_then_adapt,coral,near_nearest_proxy,anchor,3.0,4,4test,proxy_source,False,0.4391087426731096,3.0,direct,0.2040134141301038,0.13248410804077346,0.27348225871923176
2,bnci004,MMP_merge_then_adapt,logvar,svm_radial,sa,13,3,3,16629,0.05,no_leakage_v1_alpha005,gate_all_sources_proxy_source_only_final_training_only,mmd,,,,,merge_then_adapt,coral,near_nearest_proxy,final,3.0,4,4test,train,False,0.207886845848074,3.0,direct,0.2040134141301038,0.13248410804077346,0.27348225871923176
2,bnci004,MMP_merge_then_adapt,logvar,svm_radial,sa,13,3,3,16629,0.05,no_leakage_v1_alpha005,gate_all_sources_proxy_source_only_final_training_only,mmd,,,,,merge_then_adapt,coral,near_nearest_proxy,main,,3,3test,target,False,,,,,,
2,bnci004,MMP_merge_then_adapt,logvar,svm_radial,sa,13,3,3,16629,0.05,no_leakage_v1_alpha005,gate_all_sources_proxy_source_only_final_training_only,mmd,,,,,merge_then_adapt,coral,near_nearest_proxy,final,,3,3test,target,False,,,,,,
2,bnci004,MMP_merge_then_adapt,logvar,svm_radial,sa,13,4,4,16660,0.05,no_leakage_v1_alpha005,gate_all_sources_proxy_source_only_final_training_only,mmd,,,,,merge_then_adapt,coral,near_nearest_proxy,main,0.0,0,0train,far,False,,4.0,direct,0.24274508901677097,0.18168857086172654,0.30199688762879234
2,bnci004,MMP_merge_then_adapt,logvar,svm_radial,sa,13,4,4,16660,0.05,no_leakage_v1_alpha005,gate_all_sources_proxy_source_only_final_training_only,mmd,,,,,merge_then_adapt,coral,near_nearest_proxy,anchor,0.0,0,0train,not_used,False,,4.0,direct,0.24274508901677097,0.18168857086172654,0.30199688762879234
2,bnci004,MMP_merge_then_adapt,logvar,svm_radial,sa,13,4,4,16660,0.05,no_leakage_v1_alpha005,gate_all_sources_proxy_source_only_final_training_only,mmd,,,,,merge_then_adapt,coral,near_nearest_proxy,final,0.0,0,0train,not_used,False,,4.0,direct,0.24274508901677097,0.18168857086172654,0.30199688762879234
2,bnci004,MMP_merge_then_adapt,logvar,svm_radial,sa,13,4,4,16660,0.05,no_leakage_v1_alpha005,gate_all_sources_proxy_source_only_final_training_only,mmd,,,,,merge_then_adapt,coral,near_nearest_proxy,main,1.0,1,1train,far,False,,4.0,direct,0.24317864553845042,0.19854214005595985,0.29067098183417306
2,bnci004,MMP_merge_then_adapt,logvar,svm_radial,sa,13,4,4,16660,0.05,no_leakage_v1_alpha005,gate_all_sources_proxy_source_only_final_training_only,mmd,,,,,merge_then_adapt,coral,near_nearest_proxy,anchor,1.0,1,1train,not_used,False,,4.0,direct,0.24317864553845042,0.19854214005595985,0.29067098183417306
2,bnci004,MMP_merge_then_adapt,logvar,svm_radial,sa,13,4,4,16660,0.05,no_leakage_v1_alpha005,gate_all_sources_proxy_source_only_final_training_only,mmd,,,,,merge_then_adapt,coral,near_nearest_proxy,final,1.0,1,1train,not_used,False,,4.0,direct,0.24317864553845042,0.19854214005595985,0.29067098183417306
2,bnci004,MMP_merge_then_adapt,logvar,svm_radial,sa,13,4,4,16660,0.05,no_leakage_v1_alpha005,gate_all_sources_proxy_source_only_final_training_only,mmd,,,,,merge_then_adapt,coral,near_nearest_proxy,main,2.0,2,2train,nearest,True,1.0,4.0,direct,0.04410731909681032,0.023744375528736587,0.06905972637918333
2,bnci004,MMP_merge_then_adapt,logvar,svm_radial,sa,13,4,4,16660,0.05,no_leakage_v1_alpha005,gate_all_sources_proxy_source_only_final_training_only,mmd,,,,,merge_then_adapt,coral,near_nearest_proxy,anchor,2.0,2,2train,target,False,,4.0,direct,0.04410731909681032,0.023744375528736587,0.06905972637918333
2,bnci004,MMP_merge_then_adapt,logvar,svm_radial,sa,13,4,4,16660,0.05,no_leakage_v1_alpha005,gate_all_sources_proxy_source_only_final_training_only,mmd,,,,,merge_then_adapt,coral,near_nearest_proxy,final,2.0,2,2train,train,True,1.0,4.0,direct,0.04410731909681032,0.023744375528736587,0.06905972637918333
2,bnci004,MMP_merge_then_adapt,logvar,svm_radial,sa,13,4,4,16660,0.05,no_leakage_v1_alpha005,gate_all_sources_proxy_source_only_final_training_only,mmd,,,,,merge_then_adapt,coral,near_nearest_proxy,main,3.0,3,3test,far,False,,4.0,direct,0.1628095921410017,0.10901488431276186,0.22928155262660518
2,bnci004,MMP_merge_then_adapt,logvar,svm_radial,sa,13,4,4,16660,0.05,no_leakage_v1_alpha005,gate_all_sources_proxy_source_only_final_training_only,mmd,,,,,merge_then_adapt,coral,near_nearest_proxy,anchor,3.0,3,3test,second_nearest_fallback_source,False,1.0,4.0,direct,0.1628095921410017,0.10901488431276186,0.22928155262660518
2,bnci004,MMP_merge_then_adapt,logvar,svm_radial,sa,13,4,4,16660,0.05,no_leakage_v1_alpha005,gate_all_sources_proxy_source_only_final_training_only,mmd,,,,,merge_then_adapt,coral,near_nearest_proxy,final,3.0,3,3test,not_used,False,,4.0,direct,0.1628095921410017,0.10901488431276186,0.22928155262660518
2,bnci004,MMP_merge_then_adapt,logvar,svm_radial,sa,13,4,4,16660,0.05,no_leakage_v1_alpha005,gate_all_sources_proxy_source_only_final_training_only,mmd,,,,,merge_then_adapt,coral,near_nearest_proxy,main,,4,4test,target,False,,,,,,
2,bnci004,MMP_merge_then_adapt,logvar,svm_radial,sa,13,4,4,16660,0.05,no_leakage_v1_alpha005,gate_all_sources_proxy_source_only_final_training_only,mmd,,,,,merge_then_adapt,coral,near_nearest_proxy,final,,4,4test,target,False,,,,,,
2,bnci004,MMP_merge_then_adapt,logvar,svm_radial,pt,14,0,0,17533,0.05,no_leakage_v1_alpha005,gate_all_sources_proxy_source_only_final_training_only,mmd,,,,,merge_then_adapt,coral,near_nearest_proxy,main,0.0,1,1train,far,False,,0.0,direct,0.5831033563158353,0.482606890717784,0.6712031887240157
2,bnci004,MMP_merge_then_adapt,logvar,svm_radial,pt,14,0,0,17533,0.05,no_leakage_v1_alpha005,gate_all_sources_proxy_source_only_final_training_only,mmd,,,,,merge_then_adapt,coral,near_nearest_proxy,anchor,0.0,1,1train,not_used,False,,0.0,direct,0.5831033563158353,0.482606890717784,0.6712031887240157
2,bnci004,MMP_merge_then_adapt,logvar,svm_radial,pt,14,0,0,17533,0.05,no_leakage_v1_alpha005,gate_all_sources_proxy_source_only_final_training_only,mmd,,,,,merge_then_adapt,coral,near_nearest_proxy,final,0.0,1,1train,not_used,False,,0.0,direct,0.5831033563158353,0.482606890717784,0.6712031887240157
2,bnci004,MMP_merge_then_adapt,logvar,svm_radial,pt,14,0,0,17533,0.05,no_leakage_v1_alpha005,gate_all_sources_proxy_source_only_final_training_only,mmd,,,,,merge_then_adapt,coral,near_nearest_proxy,main,1.0,2,2train,far,False,,0.0,direct,0.2399483446675513,0.1832146946714317,0.3056288275472429
2,bnci004,MMP_merge_then_adapt,logvar,svm_radial,pt,14,0,0,17533,0.05,no_leakage_v1_alpha005,gate_all_sources_proxy_source_only_final_training_only,mmd,,,,,merge_then_adapt,coral,near_nearest_proxy,anchor,1.0,2,2train,second_nearest_fallback_source,False,1.0,0.0,direct,0.2399483446675513,0.1832146946714317,0.3056288275472429
2,bnci004,MMP_merge_then_adapt,logvar,svm_radial,pt,14,0,0,17533,0.05,no_leakage_v1_alpha005,gate_all_sources_proxy_source_only_final_training_only,mmd,,,,,merge_then_adapt,coral,near_nearest_proxy,final,1.0,2,2train,not_used,False,,0.0,direct,0.2399483446675513,0.1832146946714317,0.3056288275472429
2,bnci004,MMP_merge_then_adapt,logvar,svm_radial,pt,14,0,0,17533,0.05,no_leakage_v1_alpha005,gate_all_sources_proxy_source_only_final_training_only,mmd,,,,,merge_then_adapt,coral,near_nearest_proxy,main,2.0,3,3test,nearest,True,1.0,0.0,direct,0.07681982741002376,0.04199456809551827,0.12185722331483786
2,bnci004,MMP_merge_then_adapt,logvar,svm_radial,pt,14,0,0,17533,0.05,no_leakage_v1_alpha005,gate_all_sources_proxy_source_only_final_training_only,mmd,,,,,merge_then_adapt,coral,near_nearest_proxy,anchor,2.0,3,3test,target,False,,0.0,direct,0.07681982741002376,0.04199456809551827,0.12185722331483786
2,bnci004,MMP_merge_then_adapt,logvar,svm_radial,pt,14,0,0,17533,0.05,no_leakage_v1_alpha005,gate_all_sources_proxy_source_only_final_training_only,mmd,,,,,merge_then_adapt,coral,near_nearest_proxy,final,2.0,3,3test,train,True,1.0,0.0,direct,0.07681982741002376,0.04199456809551827,0.12185722331483786
2,bnci004,MMP_merge_then_adapt,logvar,svm_radial,pt,14,0,0,17533,0.05,no_leakage_v1_alpha005,gate_all_sources_proxy_source_only_final_training_only,mmd,,,,,merge_then_adapt,coral,near_nearest_proxy,main,3.0,4,4test,far,False,,0.0,direct,0.31630776033662883,0.2534810198878627,0.39571480037815937
2,bnci004,MMP_merge_then_adapt,logvar,svm_radial,pt,14,0,0,17533,0.05,no_leakage_v1_alpha005,gate_all_sources_proxy_source_only_final_training_only,mmd,,,,,merge_then_adapt,coral,near_nearest_proxy,anchor,3.0,4,4test,not_used,False,,0.0,direct,0.31630776033662883,0.2534810198878627,0.39571480037815937
2,bnci004,MMP_merge_then_adapt,logvar,svm_radial,pt,14,0,0,17533,0.05,no_leakage_v1_alpha005,gate_all_sources_proxy_source_only_final_training_only,mmd,,,,,merge_then_adapt,coral,near_nearest_proxy,final,3.0,4,4test,not_used,False,,0.0,direct,0.31630776033662883,0.2534810198878627,0.39571480037815937
2,bnci004,MMP_merge_then_adapt,logvar,svm_radial,pt,14,0,0,17533,0.05,no_leakage_v1_alpha005,gate_all_sources_proxy_source_only_final_training_only,mmd,,,,,merge_then_adapt,coral,near_nearest_proxy,main,,0,0train,target,False,,,,,,
2,bnci004,MMP_merge_then_adapt,logvar,svm_radial,pt,14,0,0,17533,0.05,no_leakage_v1_alpha005,gate_all_sources_proxy_source_only_final_training_only,mmd,,,,,merge_then_adapt,coral,near_nearest_proxy,final,,0,0train,target,False,,,,,,
2,bnci004,MMP_merge_then_adapt,logvar,svm_radial,pt,14,1,1,17564,0.05,no_leakage_v1_alpha005,gate_all_sources_proxy_source_only_final_training_only,mmd,,,,,merge_then_adapt,coral,near_nearest_proxy,main,0.0,0,0train,far,False,,1.0,direct,0.540644894412915,0.4467236892171221,0.6260258776172094
2,bnci004,MMP_merge_then_adapt,logvar,svm_radial,pt,14,1,1,17564,0.05,no_leakage_v1_alpha005,gate_all_sources_proxy_source_only_final_training_only,mmd,,,,,merge_then_adapt,coral,near_nearest_proxy,anchor,0.0,0,0train,not_used,False,,1.0,direct,0.540644894412915,0.4467236892171221,0.6260258776172094
2,bnci004,MMP_merge_then_adapt,logvar,svm_radial,pt,14,1,1,17564,0.05,no_leakage_v1_alpha005,gate_all_sources_proxy_source_only_final_training_only,mmd,,,,,merge_then_adapt,coral,near_nearest_proxy,final,0.0,0,0train,not_used,False,,1.0,direct,0.540644894412915,0.4467236892171221,0.6260258776172094
2,bnci004,MMP_merge_then_adapt,logvar,svm_radial,pt,14,1,1,17564,0.05,no_leakage_v1_alpha005,gate_all_sources_proxy_source_only_final_training_only,mmd,,,,,merge_then_adapt,coral,near_nearest_proxy,main,1.0,2,2train,near,False,0.4237298484350441,1.0,direct,0.33743661668417063,0.2653840162596441,0.4166412337633403
2,bnci004,MMP_merge_then_adapt,logvar,svm_radial,pt,14,1,1,17564,0.05,no_leakage_v1_alpha005,gate_all_sources_proxy_source_only_final_training_only,mmd,,,,,merge_then_adapt,coral,near_nearest_proxy,anchor,1.0,2,2train,proxy_source,False,1.0,1.0,direct,0.33743661668417063,0.2653840162596441,0.4166412337633403
2,bnci004,MMP_merge_then_adapt,logvar,svm_radial,pt,14,1,1,17564,0.05,no_leakage_v1_alpha005,gate_all_sources_proxy_source_only_final_training_only,mmd,,,,,merge_then_adapt,coral,near_nearest_proxy,final,1.0,2,2train,train,False,0.4237298484350441,1.0,direct,0.33743661668417063,0.2653840162596441,0.4166412337633403
2,bnci004,MMP_merge_then_adapt,logvar,svm_radial,pt,14,1,1,17564,0.05,no_leakage_v1_alpha005,gate_all_sources_proxy_source_only_final_training_only,mmd,,,,,merge_then_adapt,coral,near_nearest_proxy,main,2.0,3,3test,far,False,,1.0,direct,0.4574360240892362,0.370702841977762,0.5530828553542465
2,bnci004,MMP_merge_then_adapt,logvar,svm_radial,pt,14,1,1,17564,0.05,no_leakage_v1_alpha005,gate_all_sources_proxy_source_only_final_training_only,mmd,,,,,merge_then_adapt,coral,near_nearest_proxy,anchor,2.0,3,3test,not_used,False,,1.0,direct,0.4574360240892362,0.370702841977762,0.5530828553542465
2,bnci004,MMP_merge_then_adapt,logvar,svm_radial,pt,14,1,1,17564,0.05,no_leakage_v1_alpha005,gate_all_sources_proxy_source_only_final_training_only,mmd,,,,,merge_then_adapt,coral,near_nearest_proxy,final,2.0,3,3test,not_used,False,,1.0,direct,0.4574360240892362,0.370702841977762,0.5530828553542465
2,bnci004,MMP_merge_then_adapt,logvar,svm_radial,pt,14,1,1,17564,0.05,no_leakage_v1_alpha005,gate_all_sources_proxy_source_only_final_training_only,mmd,,,,,merge_then_adapt,coral,near_nearest_proxy,main,3.0,4,4test,nearest,True,0.576270151564956,1.0,direct,0.24811594616765073,0.18658402751065808,0.32329610343921084
2,bnci004,MMP_merge_then_adapt,logvar,svm_radial,pt,14,1,1,17564,0.05,no_leakage_v1_alpha005,gate_all_sources_proxy_source_only_final_training_only,mmd,,,,,merge_then_adapt,coral,near_nearest_proxy,anchor,3.0,4,4test,target,False,,1.0,direct,0.24811594616765073,0.18658402751065808,0.32329610343921084
2,bnci004,MMP_merge_then_adapt,logvar,svm_radial,pt,14,1,1,17564,0.05,no_leakage_v1_alpha005,gate_all_sources_proxy_source_only_final_training_only,mmd,,,,,merge_then_adapt,coral,near_nearest_proxy,final,3.0,4,4test,train,True,0.576270151564956,1.0,direct,0.24811594616765073,0.18658402751065808,0.32329610343921084
2,bnci004,MMP_merge_then_adapt,logvar,svm_radial,pt,14,1,1,17564,0.05,no_leakage_v1_alpha005,gate_all_sources_proxy_source_only_final_training_only,mmd,,,,,merge_then_adapt,coral,near_nearest_proxy,main,,1,1train,target,False,,,,,,
2,bnci004,MMP_merge_then_adapt,logvar,svm_radial,pt,14,1,1,17564,0.05,no_leakage_v1_alpha005,gate_all_sources_proxy_source_only_final_training_only,mmd,,,,,merge_then_adapt,coral,near_nearest_proxy,final,,1,1train,target,False,,,,,,
2,bnci004,MMP_merge_then_adapt,logvar,svm_radial,pt,14,2,2,17595,0.05,no_leakage_v1_alpha005,gate_all_sources_proxy_source_only_final_training_only,mmd,,,,,merge_then_adapt,coral,near_nearest_proxy,main,0.0,0,0train,far,False,,2.0,direct,0.21667462431070597,0.16973417722849224,0.2777380633238726
2,bnci004,MMP_merge_then_adapt,logvar,svm_radial,pt,14,2,2,17595,0.05,no_leakage_v1_alpha005,gate_all_sources_proxy_source_only_final_training_only,mmd,,,,,merge_then_adapt,coral,near_nearest_proxy,anchor,0.0,0,0train,not_used,False,,2.0,direct,0.21667462431070597,0.16973417722849224,0.2777380633238726
2,bnci004,MMP_merge_then_adapt,logvar,svm_radial,pt,14,2,2,17595,0.05,no_leakage_v1_alpha005,gate_all_sources_proxy_source_only_final_training_only,mmd,,,,,merge_then_adapt,coral,near_nearest_proxy,final,0.0,0,0train,not_used,False,,2.0,direct,0.21667462431070597,0.16973417722849224,0.2777380633238726
2,bnci004,MMP_merge_then_adapt,logvar,svm_radial,pt,14,2,2,17595,0.05,no_leakage_v1_alpha005,gate_all_sources_proxy_source_only_final_training_only,mmd,,,,,merge_then_adapt,coral,near_nearest_proxy,main,1.0,1,1train,far,False,,2.0,direct,0.28814311077699806,0.23866781880898394,0.3382300412743031
2,bnci004,MMP_merge_then_adapt,logvar,svm_radial,pt,14,2,2,17595,0.05,no_leakage_v1_alpha005,gate_all_sources_proxy_source_only_final_training_only,mmd,,,,,merge_then_adapt,coral,near_nearest_proxy,anchor,1.0,1,1train,not_used,False,,2.0,direct,0.28814311077699806,0.23866781880898394,0.3382300412743031
2,bnci004,MMP_merge_then_adapt,logvar,svm_radial,pt,14,2,2,17595,0.05,no_leakage_v1_alpha005,gate_all_sources_proxy_source_only_final_training_only,mmd,,,,,merge_then_adapt,coral,near_nearest_proxy,final,1.0,1,1train,not_used,False,,2.0,direct,0.28814311077699806,0.23866781880898394,0.3382300412743031
2,bnci004,MMP_merge_then_adapt,logvar,svm_radial,pt,14,2,2,17595,0.05,no_leakage_v1_alpha005,gate_all_sources_proxy_source_only_final_training_only,mmd,,,,,merge_then_adapt,coral,near_nearest_proxy,main,2.0,3,3test,far,False,,2.0,direct,0.16727516826491481,0.11378796802592088,0.23051436852286625
2,bnci004,MMP_merge_then_adapt,logvar,svm_radial,pt,14,2,2,17595,0.05,no_leakage_v1_alpha005,gate_all_sources_proxy_source_only_final_training_only,mmd,,,,,merge_then_adapt,coral,near_nearest_proxy,anchor,2.0,3,3test,second_nearest_fallback_source,False,1.0,2.0,direct,0.16727516826491481,0.11378796802592088,0.23051436852286625
2,bnci004,MMP_merge_then_adapt,logvar,svm_radial,pt,14,2,2,17595,0.05,no_leakage_v1_alpha005,gate_all_sources_proxy_source_only_final_training_only,mmd,,,,,merge_then_adapt,coral,near_nearest_proxy,final,2.0,3,3test,not_used,False,,2.0,direct,0.16727516826491481,0.11378796802592088,0.23051436852286625
2,bnci004,MMP_merge_then_adapt,logvar,svm_radial,pt,14,2,2,17595,0.05,no_leakage_v1_alpha005,gate_all_sources_proxy_source_only_final_training_only,mmd,,,,,merge_then_adapt,coral,near_nearest_proxy,main,3.0,4,4test,nearest,True,1.0,2.0,direct,0.037564105945923146,0.019948686946472848,0.06108142561999238
2,bnci004,MMP_merge_then_adapt,logvar,svm_radial,pt,14,2,2,17595,0.05,no_leakage_v1_alpha005,gate_all_sources_proxy_source_only_final_training_only,mmd,,,,,merge_then_adapt,coral,near_nearest_proxy,anchor,3.0,4,4test,target,False,,2.0,direct,0.037564105945923146,0.019948686946472848,0.06108142561999238
2,bnci004,MMP_merge_then_adapt,logvar,svm_radial,pt,14,2,2,17595,0.05,no_leakage_v1_alpha005,gate_all_sources_proxy_source_only_final_training_only,mmd,,,,,merge_then_adapt,coral,near_nearest_proxy,final,3.0,4,4test,train,True,1.0,2.0,direct,0.037564105945923146,0.019948686946472848,0.06108142561999238
2,bnci004,MMP_merge_then_adapt,logvar,svm_radial,pt,14,2,2,17595,0.05,no_leakage_v1_alpha005,gate_all_sources_proxy_source_only_final_training_only,mmd,,,,,merge_then_adapt,coral,near_nearest_proxy,main,,2,2train,target,False,,,,,,
2,bnci004,MMP_merge_then_adapt,logvar,svm_radial,pt,14,2,2,17595,0.05,no_leakage_v1_alpha005,gate_all_sources_proxy_source_only_final_training_only,mmd,,,,,merge_then_adapt,coral,near_nearest_proxy,final,,2,2train,target,False,,,,,,
2,bnci004,MMP_merge_then_adapt,logvar,svm_radial,pt,14,3,3,17626,0.05,no_leakage_v1_alpha005,gate_all_sources_proxy_source_only_final_training_only,mmd,,,,,merge_then_adapt,coral,near_nearest_proxy,main,0.0,0,0train,nearest,True,0.5137537567060982,3.0,direct,0.08443027211186843,0.04736736852915348,0.14331457532668915
2,bnci004,MMP_merge_then_adapt,logvar,svm_radial,pt,14,3,3,17626,0.05,no_leakage_v1_alpha005,gate_all_sources_proxy_source_only_final_training_only,mmd,,,,,merge_then_adapt,coral,near_nearest_proxy,anchor,0.0,0,0train,target,False,,3.0,direct,0.08443027211186843,0.04736736852915348,0.14331457532668915
2,bnci004,MMP_merge_then_adapt,logvar,svm_radial,pt,14,3,3,17626,0.05,no_leakage_v1_alpha005,gate_all_sources_proxy_source_only_final_training_only,mmd,,,,,merge_then_adapt,coral,near_nearest_proxy,final,0.0,0,0train,train,True,0.5137537567060982,3.0,direct,0.08443027211186843,0.04736736852915348,0.14331457532668915
2,bnci004,MMP_merge_then_adapt,logvar,svm_radial,pt,14,3,3,17626,0.05,no_leakage_v1_alpha005,gate_all_sources_proxy_source_only_final_training_only,mmd,,,,,merge_then_adapt,coral,near_nearest_proxy,main,1.0,1,1train,far,False,,3.0,direct,0.5023908254476662,0.4129934044634149,0.5938037998650976
2,bnci004,MMP_merge_then_adapt,logvar,svm_radial,pt,14,3,3,17626,0.05,no_leakage_v1_alpha005,gate_all_sources_proxy_source_only_final_training_only,mmd,,,,,merge_then_adapt,coral,near_nearest_proxy,anchor,1.0,1,1train,not_used,False,,3.0,direct,0.5023908254476662,0.4129934044634149,0.5938037998650976
2,bnci004,MMP_merge_then_adapt,logvar,svm_radial,pt,14,3,3,17626,0.05,no_leakage_v1_alpha005,gate_all_sources_proxy_source_only_final_training_only,mmd,,,,,merge_then_adapt,coral,near_nearest_proxy,final,1.0,1,1train,not_used,False,,3.0,direct,0.5023908254476662,0.4129934044634149,0.5938037998650976
2,bnci004,MMP_merge_then_adapt,logvar,svm_radial,pt,14,3,3,17626,0.05,no_leakage_v1_alpha005,gate_all_sources_proxy_source_only_final_training_only,mmd,,,,,merge_then_adapt,coral,near_nearest_proxy,main,2.0,2,2train,near,False,0.2679893367734967,3.0,direct,0.16185948203704897,0.10785582807529136,0.24139881654846307
2,bnci004,MMP_merge_then_adapt,logvar,svm_radial,pt,14,3,3,17626,0.05,no_leakage_v1_alpha005,gate_all_sources_proxy_source_only_final_training_only,mmd,,,,,merge_then_adapt,coral,near_nearest_proxy,anchor,2.0,2,2train,proxy_source,False,0.5511391408560783,3.0,direct,0.16185948203704897,0.10785582807529136,0.24139881654846307
2,bnci004,MMP_merge_then_adapt,logvar,svm_radial,pt,14,3,3,17626,0.05,no_leakage_v1_alpha005,gate_all_sources_proxy_source_only_final_training_only,mmd,,,,,merge_then_adapt,coral,near_nearest_proxy,final,2.0,2,2train,train,False,0.2679893367734967,3.0,direct,0.16185948203704897,0.10785582807529136,0.24139881654846307
2,bnci004,MMP_merge_then_adapt,logvar,svm_radial,pt,14,3,3,17626,0.05,no_leakage_v1_alpha005,gate_all_sources_proxy_source_only_final_training_only,mmd,,,,,merge_then_adapt,coral,near_nearest_proxy,main,3.0,4,4test,near,False,0.21825690652040514,3.0,direct,0.19874131666933237,0.13766350947008235,0.28326911101578106
2,bnci004,MMP_merge_then_adapt,logvar,svm_radial,pt,14,3,3,17626,0.05,no_leakage_v1_alpha005,gate_all_sources_proxy_source_only_final_training_only,mmd,,,,,merge_then_adapt,coral,near_nearest_proxy,anchor,3.0,4,4test,proxy_source,False,0.4488608591439217,3.0,direct,0.19874131666933237,0.13766350947008235,0.28326911101578106
2,bnci004,MMP_merge_then_adapt,logvar,svm_radial,pt,14,3,3,17626,0.05,no_leakage_v1_alpha005,gate_all_sources_proxy_source_only_final_training_only,mmd,,,,,merge_then_adapt,coral,near_nearest_proxy,final,3.0,4,4test,train,False,0.21825690652040514,3.0,direct,0.19874131666933237,0.13766350947008235,0.28326911101578106
2,bnci004,MMP_merge_then_adapt,logvar,svm_radial,pt,14,3,3,17626,0.05,no_leakage_v1_alpha005,gate_all_sources_proxy_source_only_final_training_only,mmd,,,,,merge_then_adapt,coral,near_nearest_proxy,main,,3,3test,target,False,,,,,,
2,bnci004,MMP_merge_then_adapt,logvar,svm_radial,pt,14,3,3,17626,0.05,no_leakage_v1_alpha005,gate_all_sources_proxy_source_only_final_training_only,mmd,,,,,merge_then_adapt,coral,near_nearest_proxy,final,,3,3test,target,False,,,,,,
2,bnci004,MMP_merge_then_adapt,logvar,svm_radial,pt,14,4,4,17657,0.05,no_leakage_v1_alpha005,gate_all_sources_proxy_source_only_final_training_only,mmd,,,,,merge_then_adapt,coral,near_nearest_proxy,main,0.0,0,0train,far,False,,4.0,direct,0.23809274340017395,0.18020108546537206,0.2979811854202794
2,bnci004,MMP_merge_then_adapt,logvar,svm_radial,pt,14,4,4,17657,0.05,no_leakage_v1_alpha005,gate_all_sources_proxy_source_only_final_training_only,mmd,,,,,merge_then_adapt,coral,near_nearest_proxy,anchor,0.0,0,0train,not_used,False,,4.0,direct,0.23809274340017395,0.18020108546537206,0.2979811854202794
2,bnci004,MMP_merge_then_adapt,logvar,svm_radial,pt,14,4,4,17657,0.05,no_leakage_v1_alpha005,gate_all_sources_proxy_source_only_final_training_only,mmd,,,,,merge_then_adapt,coral,near_nearest_proxy,final,0.0,0,0train,not_used,False,,4.0,direct,0.23809274340017395,0.18020108546537206,0.2979811854202794
2,bnci004,MMP_merge_then_adapt,logvar,svm_radial,pt,14,4,4,17657,0.05,no_leakage_v1_alpha005,gate_all_sources_proxy_source_only_final_training_only,mmd,,,,,merge_then_adapt,coral,near_nearest_proxy,main,1.0,1,1train,far,False,,4.0,direct,0.2397652959100809,0.1959056329326378,0.28770524531944874
2,bnci004,MMP_merge_then_adapt,logvar,svm_radial,pt,14,4,4,17657,0.05,no_leakage_v1_alpha005,gate_all_sources_proxy_source_only_final_training_only,mmd,,,,,merge_then_adapt,coral,near_nearest_proxy,anchor,1.0,1,1train,not_used,False,,4.0,direct,0.2397652959100809,0.1959056329326378,0.28770524531944874
2,bnci004,MMP_merge_then_adapt,logvar,svm_radial,pt,14,4,4,17657,0.05,no_leakage_v1_alpha005,gate_all_sources_proxy_source_only_final_training_only,mmd,,,,,merge_then_adapt,coral,near_nearest_proxy,final,1.0,1,1train,not_used,False,,4.0,direct,0.2397652959100809,0.1959056329326378,0.28770524531944874
2,bnci004,MMP_merge_then_adapt,logvar,svm_radial,pt,14,4,4,17657,0.05,no_leakage_v1_alpha005,gate_all_sources_proxy_source_only_final_training_only,mmd,,,,,merge_then_adapt,coral,near_nearest_proxy,main,2.0,2,2train,nearest,True,1.0,4.0,direct,0.04161483594097242,0.02201704173484382,0.06705375090707194
2,bnci004,MMP_merge_then_adapt,logvar,svm_radial,pt,14,4,4,17657,0.05,no_leakage_v1_alpha005,gate_all_sources_proxy_source_only_final_training_only,mmd,,,,,merge_then_adapt,coral,near_nearest_proxy,anchor,2.0,2,2train,target,False,,4.0,direct,0.04161483594097242,0.02201704173484382,0.06705375090707194
2,bnci004,MMP_merge_then_adapt,logvar,svm_radial,pt,14,4,4,17657,0.05,no_leakage_v1_alpha005,gate_all_sources_proxy_source_only_final_training_only,mmd,,,,,merge_then_adapt,coral,near_nearest_proxy,final,2.0,2,2train,train,True,1.0,4.0,direct,0.04161483594097242,0.02201704173484382,0.06705375090707194
2,bnci004,MMP_merge_then_adapt,logvar,svm_radial,pt,14,4,4,17657,0.05,no_leakage_v1_alpha005,gate_all_sources_proxy_source_only_final_training_only,mmd,,,,,merge_then_adapt,coral,near_nearest_proxy,main,3.0,3,3test,far,False,,4.0,direct,0.16345296550281166,0.11148895520841624,0.22252816396334074
2,bnci004,MMP_merge_then_adapt,logvar,svm_radial,pt,14,4,4,17657,0.05,no_leakage_v1_alpha005,gate_all_sources_proxy_source_only_final_training_only,mmd,,,,,merge_then_adapt,coral,near_nearest_proxy,anchor,3.0,3,3test,second_nearest_fallback_source,False,1.0,4.0,direct,0.16345296550281166,0.11148895520841624,0.22252816396334074
2,bnci004,MMP_merge_then_adapt,logvar,svm_radial,pt,14,4,4,17657,0.05,no_leakage_v1_alpha005,gate_all_sources_proxy_source_only_final_training_only,mmd,,,,,merge_then_adapt,coral,near_nearest_proxy,final,3.0,3,3test,not_used,False,,4.0,direct,0.16345296550281166,0.11148895520841624,0.22252816396334074
2,bnci004,MMP_merge_then_adapt,logvar,svm_radial,pt,14,4,4,17657,0.05,no_leakage_v1_alpha005,gate_all_sources_proxy_source_only_final_training_only,mmd,,,,,merge_then_adapt,coral,near_nearest_proxy,main,,4,4test,target,False,,,,,,
2,bnci004,MMP_merge_then_adapt,logvar,svm_radial,pt,14,4,4,17657,0.05,no_leakage_v1_alpha005,gate_all_sources_proxy_source_only_final_training_only,mmd,,,,,merge_then_adapt,coral,near_nearest_proxy,final,,4,4test,target,False,,,,,,
2,bnci004,MMP_merge_then_adapt,logvar,svm_radial,coral,15,0,0,18530,0.05,no_leakage_v1_alpha005,gate_all_sources_proxy_source_only_final_training_only,mmd,,,,,merge_then_adapt,coral,near_nearest_proxy,main,0.0,1,1train,far,False,,0.0,direct,0.5780058298072265,0.49498615567744525,0.6604089889504299
2,bnci004,MMP_merge_then_adapt,logvar,svm_radial,coral,15,0,0,18530,0.05,no_leakage_v1_alpha005,gate_all_sources_proxy_source_only_final_training_only,mmd,,,,,merge_then_adapt,coral,near_nearest_proxy,anchor,0.0,1,1train,not_used,False,,0.0,direct,0.5780058298072265,0.49498615567744525,0.6604089889504299
2,bnci004,MMP_merge_then_adapt,logvar,svm_radial,coral,15,0,0,18530,0.05,no_leakage_v1_alpha005,gate_all_sources_proxy_source_only_final_training_only,mmd,,,,,merge_then_adapt,coral,near_nearest_proxy,final,0.0,1,1train,not_used,False,,0.0,direct,0.5780058298072265,0.49498615567744525,0.6604089889504299
2,bnci004,MMP_merge_then_adapt,logvar,svm_radial,coral,15,0,0,18530,0.05,no_leakage_v1_alpha005,gate_all_sources_proxy_source_only_final_training_only,mmd,,,,,merge_then_adapt,coral,near_nearest_proxy,main,1.0,2,2train,far,False,,0.0,direct,0.23435147262564304,0.1739589243196175,0.3016527519467511
2,bnci004,MMP_merge_then_adapt,logvar,svm_radial,coral,15,0,0,18530,0.05,no_leakage_v1_alpha005,gate_all_sources_proxy_source_only_final_training_only,mmd,,,,,merge_then_adapt,coral,near_nearest_proxy,anchor,1.0,2,2train,second_nearest_fallback_source,False,1.0,0.0,direct,0.23435147262564304,0.1739589243196175,0.3016527519467511
2,bnci004,MMP_merge_then_adapt,logvar,svm_radial,coral,15,0,0,18530,0.05,no_leakage_v1_alpha005,gate_all_sources_proxy_source_only_final_training_only,mmd,,,,,merge_then_adapt,coral,near_nearest_proxy,final,1.0,2,2train,not_used,False,,0.0,direct,0.23435147262564304,0.1739589243196175,0.3016527519467511
2,bnci004,MMP_merge_then_adapt,logvar,svm_radial,coral,15,0,0,18530,0.05,no_leakage_v1_alpha005,gate_all_sources_proxy_source_only_final_training_only,mmd,,,,,merge_then_adapt,coral,near_nearest_proxy,main,2.0,3,3test,nearest,True,1.0,0.0,direct,0.076060012378958,0.035800754640414365,0.12470687996330719
2,bnci004,MMP_merge_then_adapt,logvar,svm_radial,coral,15,0,0,18530,0.05,no_leakage_v1_alpha005,gate_all_sources_proxy_source_only_final_training_only,mmd,,,,,merge_then_adapt,coral,near_nearest_proxy,anchor,2.0,3,3test,target,False,,0.0,direct,0.076060012378958,0.035800754640414365,0.12470687996330719
2,bnci004,MMP_merge_then_adapt,logvar,svm_radial,coral,15,0,0,18530,0.05,no_leakage_v1_alpha005,gate_all_sources_proxy_source_only_final_training_only,mmd,,,,,merge_then_adapt,coral,near_nearest_proxy,final,2.0,3,3test,train,True,1.0,0.0,direct,0.076060012378958,0.035800754640414365,0.12470687996330719
2,bnci004,MMP_merge_then_adapt,logvar,svm_radial,coral,15,0,0,18530,0.05,no_leakage_v1_alpha005,gate_all_sources_proxy_source_only_final_training_only,mmd,,,,,merge_then_adapt,coral,near_nearest_proxy,main,3.0,4,4test,far,False,,0.0,direct,0.3201846062499798,0.2506204895375027,0.40114058772805705
2,bnci004,MMP_merge_then_adapt,logvar,svm_radial,coral,15,0,0,18530,0.05,no_leakage_v1_alpha005,gate_all_sources_proxy_source_only_final_training_only,mmd,,,,,merge_then_adapt,coral,near_nearest_proxy,anchor,3.0,4,4test,not_used,False,,0.0,direct,0.3201846062499798,0.2506204895375027,0.40114058772805705
2,bnci004,MMP_merge_then_adapt,logvar,svm_radial,coral,15,0,0,18530,0.05,no_leakage_v1_alpha005,gate_all_sources_proxy_source_only_final_training_only,mmd,,,,,merge_then_adapt,coral,near_nearest_proxy,final,3.0,4,4test,not_used,False,,0.0,direct,0.3201846062499798,0.2506204895375027,0.40114058772805705
2,bnci004,MMP_merge_then_adapt,logvar,svm_radial,coral,15,0,0,18530,0.05,no_leakage_v1_alpha005,gate_all_sources_proxy_source_only_final_training_only,mmd,,,,,merge_then_adapt,coral,near_nearest_proxy,main,,0,0train,target,False,,,,,,
2,bnci004,MMP_merge_then_adapt,logvar,svm_radial,coral,15,0,0,18530,0.05,no_leakage_v1_alpha005,gate_all_sources_proxy_source_only_final_training_only,mmd,,,,,merge_then_adapt,coral,near_nearest_proxy,final,,0,0train,target,False,,,,,,
2,bnci004,MMP_merge_then_adapt,logvar,svm_radial,coral,15,1,1,18561,0.05,no_leakage_v1_alpha005,gate_all_sources_proxy_source_only_final_training_only,mmd,,,,,merge_then_adapt,coral,near_nearest_proxy,main,0.0,0,0train,far,False,,1.0,direct,0.5545295496217767,0.46290264263134817,0.6447792890803753
2,bnci004,MMP_merge_then_adapt,logvar,svm_radial,coral,15,1,1,18561,0.05,no_leakage_v1_alpha005,gate_all_sources_proxy_source_only_final_training_only,mmd,,,,,merge_then_adapt,coral,near_nearest_proxy,anchor,0.0,0,0train,not_used,False,,1.0,direct,0.5545295496217767,0.46290264263134817,0.6447792890803753
2,bnci004,MMP_merge_then_adapt,logvar,svm_radial,coral,15,1,1,18561,0.05,no_leakage_v1_alpha005,gate_all_sources_proxy_source_only_final_training_only,mmd,,,,,merge_then_adapt,coral,near_nearest_proxy,final,0.0,0,0train,not_used,False,,1.0,direct,0.5545295496217767,0.46290264263134817,0.6447792890803753
2,bnci004,MMP_merge_then_adapt,logvar,svm_radial,coral,15,1,1,18561,0.05,no_leakage_v1_alpha005,gate_all_sources_proxy_source_only_final_training_only,mmd,,,,,merge_then_adapt,coral,near_nearest_proxy,main,1.0,2,2train,near,False,0.4248892470740102,1.0,direct,0.3299082155953465,0.26688441842467797,0.40674331693204124
2,bnci004,MMP_merge_then_adapt,logvar,svm_radial,coral,15,1,1,18561,0.05,no_leakage_v1_alpha005,gate_all_sources_proxy_source_only_final_training_only,mmd,,,,,merge_then_adapt,coral,near_nearest_proxy,anchor,1.0,2,2train,proxy_source,False,1.0,1.0,direct,0.3299082155953465,0.26688441842467797,0.40674331693204124
2,bnci004,MMP_merge_then_adapt,logvar,svm_radial,coral,15,1,1,18561,0.05,no_leakage_v1_alpha005,gate_all_sources_proxy_source_only_final_training_only,mmd,,,,,merge_then_adapt,coral,near_nearest_proxy,final,1.0,2,2train,train,False,0.4248892470740102,1.0,direct,0.3299082155953465,0.26688441842467797,0.40674331693204124
2,bnci004,MMP_merge_then_adapt,logvar,svm_radial,coral,15,1,1,18561,0.05,no_leakage_v1_alpha005,gate_all_sources_proxy_source_only_final_training_only,mmd,,,,,merge_then_adapt,coral,near_nearest_proxy,main,2.0,3,3test,far,False,,1.0,direct,0.45825011917239095,0.3786237135701825,0.5520422886709858
2,bnci004,MMP_merge_then_adapt,logvar,svm_radial,coral,15,1,1,18561,0.05,no_leakage_v1_alpha005,gate_all_sources_proxy_source_only_final_training_only,mmd,,,,,merge_then_adapt,coral,near_nearest_proxy,anchor,2.0,3,3test,not_used,False,,1.0,direct,0.45825011917239095,0.3786237135701825,0.5520422886709858
2,bnci004,MMP_merge_then_adapt,logvar,svm_radial,coral,15,1,1,18561,0.05,no_leakage_v1_alpha005,gate_all_sources_proxy_source_only_final_training_only,mmd,,,,,merge_then_adapt,coral,near_nearest_proxy,final,2.0,3,3test,not_used,False,,1.0,direct,0.45825011917239095,0.3786237135701825,0.5520422886709858
2,bnci004,MMP_merge_then_adapt,logvar,svm_radial,coral,15,1,1,18561,0.05,no_leakage_v1_alpha005,gate_all_sources_proxy_source_only_final_training_only,mmd,,,,,merge_then_adapt,coral,near_nearest_proxy,main,3.0,4,4test,nearest,True,0.5751107529259899,1.0,direct,0.24373445009185904,0.18196700623119583,0.3130841564997903
2,bnci004,MMP_merge_then_adapt,logvar,svm_radial,coral,15,1,1,18561,0.05,no_leakage_v1_alpha005,gate_all_sources_proxy_source_only_final_training_only,mmd,,,,,merge_then_adapt,coral,near_nearest_proxy,anchor,3.0,4,4test,target,False,,1.0,direct,0.24373445009185904,0.18196700623119583,0.3130841564997903
2,bnci004,MMP_merge_then_adapt,logvar,svm_radial,coral,15,1,1,18561,0.05,no_leakage_v1_alpha005,gate_all_sources_proxy_source_only_final_training_only,mmd,,,,,merge_then_adapt,coral,near_nearest_proxy,final,3.0,4,4test,train,True,0.5751107529259899,1.0,direct,0.24373445009185904,0.18196700623119583,0.3130841564997903
2,bnci004,MMP_merge_then_adapt,logvar,svm_radial,coral,15,1,1,18561,0.05,no_leakage_v1_alpha005,gate_all_sources_proxy_source_only_final_training_only,mmd,,,,,merge_then_adapt,coral,near_nearest_proxy,main,,1,1train,target,False,,,,,,
2,bnci004,MMP_merge_then_adapt,logvar,svm_radial,coral,15,1,1,18561,0.05,no_leakage_v1_alpha005,gate_all_sources_proxy_source_only_final_training_only,mmd,,,,,merge_then_adapt,coral,near_nearest_proxy,final,,1,1train,target,False,,,,,,
2,bnci004,MMP_merge_then_adapt,logvar,svm_radial,coral,15,2,2,18592,0.05,no_leakage_v1_alpha005,gate_all_sources_proxy_source_only_final_training_only,mmd,,,,,merge_then_adapt,coral,near_nearest_proxy,main,0.0,0,0train,far,False,,2.0,direct,0.2177116578072019,0.1633299025637126,0.27462512478175743
2,bnci004,MMP_merge_then_adapt,logvar,svm_radial,coral,15,2,2,18592,0.05,no_leakage_v1_alpha005,gate_all_sources_proxy_source_only_final_training_only,mmd,,,,,merge_then_adapt,coral,near_nearest_proxy,anchor,0.0,0,0train,not_used,False,,2.0,direct,0.2177116578072019,0.1633299025637126,0.27462512478175743
2,bnci004,MMP_merge_then_adapt,logvar,svm_radial,coral,15,2,2,18592,0.05,no_leakage_v1_alpha005,gate_all_sources_proxy_source_only_final_training_only,mmd,,,,,merge_then_adapt,coral,near_nearest_proxy,final,0.0,0,0train,not_used,False,,2.0,direct,0.2177116578072019,0.1633299025637126,0.27462512478175743
2,bnci004,MMP_merge_then_adapt,logvar,svm_radial,coral,15,2,2,18592,0.05,no_leakage_v1_alpha005,gate_all_sources_proxy_source_only_final_training_only,mmd,,,,,merge_then_adapt,coral,near_nearest_proxy,main,1.0,1,1train,far,False,,2.0,direct,0.29266447068152585,0.23669647151708345,0.36208112537356624
2,bnci004,MMP_merge_then_adapt,logvar,svm_radial,coral,15,2,2,18592,0.05,no_leakage_v1_alpha005,gate_all_sources_proxy_source_only_final_training_only,mmd,,,,,merge_then_adapt,coral,near_nearest_proxy,anchor,1.0,1,1train,not_used,False,,2.0,direct,0.29266447068152585,0.23669647151708345,0.36208112537356624
2,bnci004,MMP_merge_then_adapt,logvar,svm_radial,coral,15,2,2,18592,0.05,no_leakage_v1_alpha005,gate_all_sources_proxy_source_only_final_training_only,mmd,,,,,merge_then_adapt,coral,near_nearest_proxy,final,1.0,1,1train,not_used,False,,2.0,direct,0.29266447068152585,0.23669647151708345,0.36208112537356624
2,bnci004,MMP_merge_then_adapt,logvar,svm_radial,coral,15,2,2,18592,0.05,no_leakage_v1_alpha005,gate_all_sources_proxy_source_only_final_training_only,mmd,,,,,merge_then_adapt,coral,near_nearest_proxy,main,2.0,3,3test,far,False,,2.0,direct,0.1634044015961282,0.11068867261896476,0.21937878317687656
2,bnci004,MMP_merge_then_adapt,logvar,svm_radial,coral,15,2,2,18592,0.05,no_leakage_v1_alpha005,gate_all_sources_proxy_source_only_final_training_only,mmd,,,,,merge_then_adapt,coral,near_nearest_proxy,anchor,2.0,3,3test,second_nearest_fallback_source,False,1.0,2.0,direct,0.1634044015961282,0.11068867261896476,0.21937878317687656
2,bnci004,MMP_merge_then_adapt,logvar,svm_radial,coral,15,2,2,18592,0.05,no_leakage_v1_alpha005,gate_all_sources_proxy_source_only_final_training_only,mmd,,,,,merge_then_adapt,coral,near_nearest_proxy,final,2.0,3,3test,not_used,False,,2.0,direct,0.1634044015961282,0.11068867261896476,0.21937878317687656
2,bnci004,MMP_merge_then_adapt,logvar,svm_radial,coral,15,2,2,18592,0.05,no_leakage_v1_alpha005,gate_all_sources_proxy_source_only_final_training_only,mmd,,,,,merge_then_adapt,coral,near_nearest_proxy,main,3.0,4,4test,nearest,True,1.0,2.0,direct,0.03756588613151113,0.020986417651095903,0.0580870579768029
2,bnci004,MMP_merge_then_adapt,logvar,svm_radial,coral,15,2,2,18592,0.05,no_leakage_v1_alpha005,gate_all_sources_proxy_source_only_final_training_only,mmd,,,,,merge_then_adapt,coral,near_nearest_proxy,anchor,3.0,4,4test,target,False,,2.0,direct,0.03756588613151113,0.020986417651095903,0.0580870579768029
2,bnci004,MMP_merge_then_adapt,logvar,svm_radial,coral,15,2,2,18592,0.05,no_leakage_v1_alpha005,gate_all_sources_proxy_source_only_final_training_only,mmd,,,,,merge_then_adapt,coral,near_nearest_proxy,final,3.0,4,4test,train,True,1.0,2.0,direct,0.03756588613151113,0.020986417651095903,0.0580870579768029
2,bnci004,MMP_merge_then_adapt,logvar,svm_radial,coral,15,2,2,18592,0.05,no_leakage_v1_alpha005,gate_all_sources_proxy_source_only_final_training_only,mmd,,,,,merge_then_adapt,coral,near_nearest_proxy,main,,2,2train,target,False,,,,,,
2,bnci004,MMP_merge_then_adapt,logvar,svm_radial,coral,15,2,2,18592,0.05,no_leakage_v1_alpha005,gate_all_sources_proxy_source_only_final_training_only,mmd,,,,,merge_then_adapt,coral,near_nearest_proxy,final,,2,2train,target,False,,,,,,
2,bnci004,MMP_merge_then_adapt,logvar,svm_radial,coral,15,3,3,18623,0.05,no_leakage_v1_alpha005,gate_all_sources_proxy_source_only_final_training_only,mmd,,,,,merge_then_adapt,coral,near_nearest_proxy,main,0.0,0,0train,nearest,True,0.5193434680970411,3.0,direct,0.0820131277206139,0.0396815264059701,0.13450865490709685
2,bnci004,MMP_merge_then_adapt,logvar,svm_radial,coral,15,3,3,18623,0.05,no_leakage_v1_alpha005,gate_all_sources_proxy_source_only_final_training_only,mmd,,,,,merge_then_adapt,coral,near_nearest_proxy,anchor,0.0,0,0train,target,False,,3.0,direct,0.0820131277206139,0.0396815264059701,0.13450865490709685
2,bnci004,MMP_merge_then_adapt,logvar,svm_radial,coral,15,3,3,18623,0.05,no_leakage_v1_alpha005,gate_all_sources_proxy_source_only_final_training_only,mmd,,,,,merge_then_adapt,coral,near_nearest_proxy,final,0.0,0,0train,train,True,0.5193434680970411,3.0,direct,0.0820131277206139,0.0396815264059701,0.13450865490709685
2,bnci004,MMP_merge_then_adapt,logvar,svm_radial,coral,15,3,3,18623,0.05,no_leakage_v1_alpha005,gate_all_sources_proxy_source_only_final_training_only,mmd,,,,,merge_then_adapt,coral,near_nearest_proxy,main,1.0,1,1train,far,False,,3.0,direct,0.49967074338275475,0.3940474307267701,0.5991393684696058
2,bnci004,MMP_merge_then_adapt,logvar,svm_radial,coral,15,3,3,18623,0.05,no_leakage_v1_alpha005,gate_all_sources_proxy_source_only_final_training_only,mmd,,,,,merge_then_adapt,coral,near_nearest_proxy,anchor,1.0,1,1train,not_used,False,,3.0,direct,0.49967074338275475,0.3940474307267701,0.5991393684696058
2,bnci004,MMP_merge_then_adapt,logvar,svm_radial,coral,15,3,3,18623,0.05,no_leakage_v1_alpha005,gate_all_sources_proxy_source_only_final_training_only,mmd,,,,,merge_then_adapt,coral,near_nearest_proxy,final,1.0,1,1train,not_used,False,,3.0,direct,0.49967074338275475,0.3940474307267701,0.5991393684696058
2,bnci004,MMP_merge_then_adapt,logvar,svm_radial,coral,15,3,3,18623,0.05,no_leakage_v1_alpha005,gate_all_sources_proxy_source_only_final_training_only,mmd,,,,,merge_then_adapt,coral,near_nearest_proxy,main,2.0,2,2train,near,False,0.2667893128469051,3.0,direct,0.15965120296443894,0.10471066039160033,0.22199816141398193
2,bnci004,MMP_merge_then_adapt,logvar,svm_radial,coral,15,3,3,18623,0.05,no_leakage_v1_alpha005,gate_all_sources_proxy_source_only_final_training_only,mmd,,,,,merge_then_adapt,coral,near_nearest_proxy,anchor,2.0,2,2train,proxy_source,False,0.555051882454742,3.0,direct,0.15965120296443894,0.10471066039160033,0.22199816141398193
2,bnci004,MMP_merge_then_adapt,logvar,svm_radial,coral,15,3,3,18623,0.05,no_leakage_v1_alpha005,gate_all_sources_proxy_source_only_final_training_only,mmd,,,,,merge_then_adapt,coral,near_nearest_proxy,final,2.0,2,2train,train,False,0.2667893128469051,3.0,direct,0.15965120296443894,0.10471066039160033,0.22199816141398193
2,bnci004,MMP_merge_then_adapt,logvar,svm_radial,coral,15,3,3,18623,0.05,no_leakage_v1_alpha005,gate_all_sources_proxy_source_only_final_training_only,mmd,,,,,merge_then_adapt,coral,near_nearest_proxy,main,3.0,4,4test,near,False,0.2138672190560538,3.0,direct,0.19915762613902366,0.12187953689523182,0.2748332076520058
2,bnci004,MMP_merge_then_adapt,logvar,svm_radial,coral,15,3,3,18623,0.05,no_leakage_v1_alpha005,gate_all_sources_proxy_source_only_final_training_only,mmd,,,,,merge_then_adapt,coral,near_nearest_proxy,anchor,3.0,4,4test,proxy_source,False,0.444948117545258,3.0,direct,0.19915762613902366,0.12187953689523182,0.2748332076520058
2,bnci004,MMP_merge_then_adapt,logvar,svm_radial,coral,15,3,3,18623,0.05,no_leakage_v1_alpha005,gate_all_sources_proxy_source_only_final_training_only,mmd,,,,,merge_then_adapt,coral,near_nearest_proxy,final,3.0,4,4test,train,False,0.2138672190560538,3.0,direct,0.19915762613902366,0.12187953689523182,0.2748332076520058
2,bnci004,MMP_merge_then_adapt,logvar,svm_radial,coral,15,3,3,18623,0.05,no_leakage_v1_alpha005,gate_all_sources_proxy_source_only_final_training_only,mmd,,,,,merge_then_adapt,coral,near_nearest_proxy,main,,3,3test,target,False,,,,,,
2,bnci004,MMP_merge_then_adapt,logvar,svm_radial,coral,15,3,3,18623,0.05,no_leakage_v1_alpha005,gate_all_sources_proxy_source_only_final_training_only,mmd,,,,,merge_then_adapt,coral,near_nearest_proxy,final,,3,3test,target,False,,,,,,
2,bnci004,MMP_merge_then_adapt,logvar,svm_radial,coral,15,4,4,18654,0.05,no_leakage_v1_alpha005,gate_all_sources_proxy_source_only_final_training_only,mmd,,,,,merge_then_adapt,coral,near_nearest_proxy,main,0.0,0,0train,far,False,,4.0,direct,0.2374633384599914,0.18284706483830235,0.2963866476900641
2,bnci004,MMP_merge_then_adapt,logvar,svm_radial,coral,15,4,4,18654,0.05,no_leakage_v1_alpha005,gate_all_sources_proxy_source_only_final_training_only,mmd,,,,,merge_then_adapt,coral,near_nearest_proxy,anchor,0.0,0,0train,not_used,False,,4.0,direct,0.2374633384599914,0.18284706483830235,0.2963866476900641
2,bnci004,MMP_merge_then_adapt,logvar,svm_radial,coral,15,4,4,18654,0.05,no_leakage_v1_alpha005,gate_all_sources_proxy_source_only_final_training_only,mmd,,,,,merge_then_adapt,coral,near_nearest_proxy,final,0.0,0,0train,not_used,False,,4.0,direct,0.2374633384599914,0.18284706483830235,0.2963866476900641
2,bnci004,MMP_merge_then_adapt,logvar,svm_radial,coral,15,4,4,18654,0.05,no_leakage_v1_alpha005,gate_all_sources_proxy_source_only_final_training_only,mmd,,,,,merge_then_adapt,coral,near_nearest_proxy,main,1.0,1,1train,far,False,,4.0,direct,0.23979225152891773,0.18566143884322248,0.288795694708946
2,bnci004,MMP_merge_then_adapt,logvar,svm_radial,coral,15,4,4,18654,0.05,no_leakage_v1_alpha005,gate_all_sources_proxy_source_only_final_training_only,mmd,,,,,merge_then_adapt,coral,near_nearest_proxy,anchor,1.0,1,1train,not_used,False,,4.0,direct,0.23979225152891773,0.18566143884322248,0.288795694708946
2,bnci004,MMP_merge_then_adapt,logvar,svm_radial,coral,15,4,4,18654,0.05,no_leakage_v1_alpha005,gate_all_sources_proxy_source_only_final_training_only,mmd,,,,,merge_then_adapt,coral,near_nearest_proxy,final,1.0,1,1train,not_used,False,,4.0,direct,0.23979225152891773,0.18566143884322248,0.288795694708946
2,bnci004,MMP_merge_then_adapt,logvar,svm_radial,coral,15,4,4,18654,0.05,no_leakage_v1_alpha005,gate_all_sources_proxy_source_only_final_training_only,mmd,,,,,merge_then_adapt,coral,near_nearest_proxy,main,2.0,2,2train,nearest,True,1.0,4.0,direct,0.04224300350905516,0.023896297011955423,0.06668136724004284
2,bnci004,MMP_merge_then_adapt,logvar,svm_radial,coral,15,4,4,18654,0.05,no_leakage_v1_alpha005,gate_all_sources_proxy_source_only_final_training_only,mmd,,,,,merge_then_adapt,coral,near_nearest_proxy,anchor,2.0,2,2train,target,False,,4.0,direct,0.04224300350905516,0.023896297011955423,0.06668136724004284
2,bnci004,MMP_merge_then_adapt,logvar,svm_radial,coral,15,4,4,18654,0.05,no_leakage_v1_alpha005,gate_all_sources_proxy_source_only_final_training_only,mmd,,,,,merge_then_adapt,coral,near_nearest_proxy,final,2.0,2,2train,train,True,1.0,4.0,direct,0.04224300350905516,0.023896297011955423,0.06668136724004284
2,bnci004,MMP_merge_then_adapt,logvar,svm_radial,coral,15,4,4,18654,0.05,no_leakage_v1_alpha005,gate_all_sources_proxy_source_only_final_training_only,mmd,,,,,merge_then_adapt,coral,near_nearest_proxy,main,3.0,3,3test,far,False,,4.0,direct,0.1619452027749827,0.1067298243817567,0.2190274865912315
2,bnci004,MMP_merge_then_adapt,logvar,svm_radial,coral,15,4,4,18654,0.05,no_leakage_v1_alpha005,gate_all_sources_proxy_source_only_final_training_only,mmd,,,,,merge_then_adapt,coral,near_nearest_proxy,anchor,3.0,3,3test,second_nearest_fallback_source,False,1.0,4.0,direct,0.1619452027749827,0.1067298243817567,0.2190274865912315
2,bnci004,MMP_merge_then_adapt,logvar,svm_radial,coral,15,4,4,18654,0.05,no_leakage_v1_alpha005,gate_all_sources_proxy_source_only_final_training_only,mmd,,,,,merge_then_adapt,coral,near_nearest_proxy,final,3.0,3,3test,not_used,False,,4.0,direct,0.1619452027749827,0.1067298243817567,0.2190274865912315
2,bnci004,MMP_merge_then_adapt,logvar,svm_radial,coral,15,4,4,18654,0.05,no_leakage_v1_alpha005,gate_all_sources_proxy_source_only_final_training_only,mmd,,,,,merge_then_adapt,coral,near_nearest_proxy,main,,4,4test,target,False,,,,,,
2,bnci004,MMP_merge_then_adapt,logvar,svm_radial,coral,15,4,4,18654,0.05,no_leakage_v1_alpha005,gate_all_sources_proxy_source_only_final_training_only,mmd,,,,,merge_then_adapt,coral,near_nearest_proxy,final,,4,4test,target,False,,,,,,
2,bnci004,MMP_merge_then_adapt,TS,lda,none,16,0,0,19527,0.05,no_leakage_v1_alpha005,gate_all_sources_proxy_source_only_final_training_only,mmd,,,,,merge_then_adapt,coral,near_nearest_proxy,main,0.0,1,1train,far,False,,0.0,direct,0.38385636868769674,0.31598767082631274,0.4480982218791369
2,bnci004,MMP_merge_then_adapt,TS,lda,none,16,0,0,19527,0.05,no_leakage_v1_alpha005,gate_all_sources_proxy_source_only_final_training_only,mmd,,,,,merge_then_adapt,coral,near_nearest_proxy,anchor,0.0,1,1train,not_used,False,,0.0,direct,0.38385636868769674,0.31598767082631274,0.4480982218791369
2,bnci004,MMP_merge_then_adapt,TS,lda,none,16,0,0,19527,0.05,no_leakage_v1_alpha005,gate_all_sources_proxy_source_only_final_training_only,mmd,,,,,merge_then_adapt,coral,near_nearest_proxy,final,0.0,1,1train,not_used,False,,0.0,direct,0.38385636868769674,0.31598767082631274,0.4480982218791369
2,bnci004,MMP_merge_then_adapt,TS,lda,none,16,0,0,19527,0.05,no_leakage_v1_alpha005,gate_all_sources_proxy_source_only_final_training_only,mmd,,,,,merge_then_adapt,coral,near_nearest_proxy,main,1.0,2,2train,far,False,,0.0,direct,0.22233943557195254,0.19424565844860986,0.2553848466731883
2,bnci004,MMP_merge_then_adapt,TS,lda,none,16,0,0,19527,0.05,no_leakage_v1_alpha005,gate_all_sources_proxy_source_only_final_training_only,mmd,,,,,merge_then_adapt,coral,near_nearest_proxy,anchor,1.0,2,2train,second_nearest_fallback_source,False,1.0,0.0,direct,0.22233943557195254,0.19424565844860986,0.2553848466731883
2,bnci004,MMP_merge_then_adapt,TS,lda,none,16,0,0,19527,0.05,no_leakage_v1_alpha005,gate_all_sources_proxy_source_only_final_training_only,mmd,,,,,merge_then_adapt,coral,near_nearest_proxy,final,1.0,2,2train,not_used,False,,0.0,direct,0.22233943557195254,0.19424565844860986,0.2553848466731883
2,bnci004,MMP_merge_then_adapt,TS,lda,none,16,0,0,19527,0.05,no_leakage_v1_alpha005,gate_all_sources_proxy_source_only_final_training_only,mmd,,,,,merge_then_adapt,coral,near_nearest_proxy,main,2.0,3,3test,nearest,True,1.0,0.0,direct,0.14167370111732897,0.11487719731790802,0.170055443117791
2,bnci004,MMP_merge_then_adapt,TS,lda,none,16,0,0,19527,0.05,no_leakage_v1_alpha005,gate_all_sources_proxy_source_only_final_training_only,mmd,,,,,merge_then_adapt,coral,near_nearest_proxy,anchor,2.0,3,3test,target,False,,0.0,direct,0.14167370111732897,0.11487719731790802,0.170055443117791
2,bnci004,MMP_merge_then_adapt,TS,lda,none,16,0,0,19527,0.05,no_leakage_v1_alpha005,gate_all_sources_proxy_source_only_final_training_only,mmd,,,,,merge_then_adapt,coral,near_nearest_proxy,final,2.0,3,3test,train,True,1.0,0.0,direct,0.14167370111732897,0.11487719731790802,0.170055443117791
2,bnci004,MMP_merge_then_adapt,TS,lda,none,16,0,0,19527,0.05,no_leakage_v1_alpha005,gate_all_sources_proxy_source_only_final_training_only,mmd,,,,,merge_then_adapt,coral,near_nearest_proxy,main,3.0,4,4test,far,False,,0.0,direct,0.25796813229777926,0.222647983949397,0.2983580504519341
2,bnci004,MMP_merge_then_adapt,TS,lda,none,16,0,0,19527,0.05,no_leakage_v1_alpha005,gate_all_sources_proxy_source_only_final_training_only,mmd,,,,,merge_then_adapt,coral,near_nearest_proxy,anchor,3.0,4,4test,not_used,False,,0.0,direct,0.25796813229777926,0.222647983949397,0.2983580504519341
2,bnci004,MMP_merge_then_adapt,TS,lda,none,16,0,0,19527,0.05,no_leakage_v1_alpha005,gate_all_sources_proxy_source_only_final_training_only,mmd,,,,,merge_then_adapt,coral,near_nearest_proxy,final,3.0,4,4test,not_used,False,,0.0,direct,0.25796813229777926,0.222647983949397,0.2983580504519341
2,bnci004,MMP_merge_then_adapt,TS,lda,none,16,0,0,19527,0.05,no_leakage_v1_alpha005,gate_all_sources_proxy_source_only_final_training_only,mmd,,,,,merge_then_adapt,coral,near_nearest_proxy,main,,0,0train,target,False,,,,,,
2,bnci004,MMP_merge_then_adapt,TS,lda,none,16,0,0,19527,0.05,no_leakage_v1_alpha005,gate_all_sources_proxy_source_only_final_training_only,mmd,,,,,merge_then_adapt,coral,near_nearest_proxy,final,,0,0train,target,False,,,,,,
2,bnci004,MMP_merge_then_adapt,TS,lda,none,16,1,1,19558,0.05,no_leakage_v1_alpha005,gate_all_sources_proxy_source_only_final_training_only,mmd,,,,,merge_then_adapt,coral,near_nearest_proxy,main,0.0,0,0train,far,False,,1.0,direct,0.3880559473918131,0.3275908651978456,0.44673303681899285
2,bnci004,MMP_merge_then_adapt,TS,lda,none,16,1,1,19558,0.05,no_leakage_v1_alpha005,gate_all_sources_proxy_source_only_final_training_only,mmd,,,,,merge_then_adapt,coral,near_nearest_proxy,anchor,0.0,0,0train,not_used,False,,1.0,direct,0.3880559473918131,0.3275908651978456,0.44673303681899285
2,bnci004,MMP_merge_then_adapt,TS,lda,none,16,1,1,19558,0.05,no_leakage_v1_alpha005,gate_all_sources_proxy_source_only_final_training_only,mmd,,,,,merge_then_adapt,coral,near_nearest_proxy,final,0.0,0,0train,not_used,False,,1.0,direct,0.3880559473918131,0.3275908651978456,0.44673303681899285
2,bnci004,MMP_merge_then_adapt,TS,lda,none,16,1,1,19558,0.05,no_leakage_v1_alpha005,gate_all_sources_proxy_source_only_final_training_only,mmd,,,,,merge_then_adapt,coral,near_nearest_proxy,main,1.0,2,2train,near,False,0.43296335816047155,1.0,direct,0.28572627499656,0.2283995801052259,0.3557311785202066
2,bnci004,MMP_merge_then_adapt,TS,lda,none,16,1,1,19558,0.05,no_leakage_v1_alpha005,gate_all_sources_proxy_source_only_final_training_only,mmd,,,,,merge_then_adapt,coral,near_nearest_proxy,anchor,1.0,2,2train,proxy_source,False,1.0,1.0,direct,0.28572627499656,0.2283995801052259,0.3557311785202066
2,bnci004,MMP_merge_then_adapt,TS,lda,none,16,1,1,19558,0.05,no_leakage_v1_alpha005,gate_all_sources_proxy_source_only_final_training_only,mmd,,,,,merge_then_adapt,coral,near_nearest_proxy,final,1.0,2,2train,train,False,0.43296335816047155,1.0,direct,0.28572627499656,0.2283995801052259,0.3557311785202066
2,bnci004,MMP_merge_then_adapt,TS,lda,none,16,1,1,19558,0.05,no_leakage_v1_alpha005,gate_all_sources_proxy_source_only_final_training_only,mmd,,,,,merge_then_adapt,coral,near_nearest_proxy,main,2.0,3,3test,far,False,,1.0,direct,0.3603632173375976,0.286021466419395,0.43790252380090505
2,bnci004,MMP_merge_then_adapt,TS,lda,none,16,1,1,19558,0.05,no_leakage_v1_alpha005,gate_all_sources_proxy_source_only_final_training_only,mmd,,,,,merge_then_adapt,coral,near_nearest_proxy,anchor,2.0,3,3test,not_used,False,,1.0,direct,0.3603632173375976,0.286021466419395,0.43790252380090505
2,bnci004,MMP_merge_then_adapt,TS,lda,none,16,1,1,19558,0.05,no_leakage_v1_alpha005,gate_all_sources_proxy_source_only_final_training_only,mmd,,,,,merge_then_adapt,coral,near_nearest_proxy,final,2.0,3,3test,not_used,False,,1.0,direct,0.3603632173375976,0.286021466419395,0.43790252380090505
2,bnci004,MMP_merge_then_adapt,TS,lda,none,16,1,1,19558,0.05,no_leakage_v1_alpha005,gate_all_sources_proxy_source_only_final_training_only,mmd,,,,,merge_then_adapt,coral,near_nearest_proxy,main,3.0,4,4test,nearest,True,0.5670366418395284,1.0,direct,0.2181673358225745,0.15692079112811583,0.27157147657108255
2,bnci004,MMP_merge_then_adapt,TS,lda,none,16,1,1,19558,0.05,no_leakage_v1_alpha005,gate_all_sources_proxy_source_only_final_training_only,mmd,,,,,merge_then_adapt,coral,near_nearest_proxy,anchor,3.0,4,4test,target,False,,1.0,direct,0.2181673358225745,0.15692079112811583,0.27157147657108255
2,bnci004,MMP_merge_then_adapt,TS,lda,none,16,1,1,19558,0.05,no_leakage_v1_alpha005,gate_all_sources_proxy_source_only_final_training_only,mmd,,,,,merge_then_adapt,coral,near_nearest_proxy,final,3.0,4,4test,train,True,0.5670366418395284,1.0,direct,0.2181673358225745,0.15692079112811583,0.27157147657108255
2,bnci004,MMP_merge_then_adapt,TS,lda,none,16,1,1,19558,0.05,no_leakage_v1_alpha005,gate_all_sources_proxy_source_only_final_training_only,mmd,,,,,merge_then_adapt,coral,near_nearest_proxy,main,,1,1train,target,False,,,,,,
2,bnci004,MMP_merge_then_adapt,TS,lda,none,16,1,1,19558,0.05,no_leakage_v1_alpha005,gate_all_sources_proxy_source_only_final_training_only,mmd,,,,,merge_then_adapt,coral,near_nearest_proxy,final,,1,1train,target,False,,,,,,
2,bnci004,MMP_merge_then_adapt,TS,lda,none,16,2,2,19589,0.05,no_leakage_v1_alpha005,gate_all_sources_proxy_source_only_final_training_only,mmd,,,,,merge_then_adapt,coral,near_nearest_proxy,main,0.0,0,0train,far,False,,2.0,direct,0.21040943148016397,0.18224941571658146,0.2407450057520557
2,bnci004,MMP_merge_then_adapt,TS,lda,none,16,2,2,19589,0.05,no_leakage_v1_alpha005,gate_all_sources_proxy_source_only_final_training_only,mmd,,,,,merge_then_adapt,coral,near_nearest_proxy,anchor,0.0,0,0train,not_used,False,,2.0,direct,0.21040943148016397,0.18224941571658146,0.2407450057520557
2,bnci004,MMP_merge_then_adapt,TS,lda,none,16,2,2,19589,0.05,no_leakage_v1_alpha005,gate_all_sources_proxy_source_only_final_training_only,mmd,,,,,merge_then_adapt,coral,near_nearest_proxy,final,0.0,0,0train,not_used,False,,2.0,direct,0.21040943148016397,0.18224941571658146,0.2407450057520557
2,bnci004,MMP_merge_then_adapt,TS,lda,none,16,2,2,19589,0.05,no_leakage_v1_alpha005,gate_all_sources_proxy_source_only_final_training_only,mmd,,,,,merge_then_adapt,coral,near_nearest_proxy,main,1.0,1,1train,far,False,,2.0,direct,0.2621966552806809,0.22893029551043748,0.3158543458751748
2,bnci004,MMP_merge_then_adapt,TS,lda,none,16,2,2,19589,0.05,no_leakage_v1_alpha005,gate_all_sources_proxy_source_only_final_training_only,mmd,,,,,merge_then_adapt,coral,near_nearest_proxy,anchor,1.0,1,1train,not_used,False,,2.0,direct,0.2621966552806809,0.22893029551043748,0.3158543458751748
2,bnci004,MMP_merge_then_adapt,TS,lda,none,16,2,2,19589,0.05,no_leakage_v1_alpha005,gate_all_sources_proxy_source_only_final_training_only,mmd,,,,,merge_then_adapt,coral,near_nearest_proxy,final,1.0,1,1train,not_used,False,,2.0,direct,0.2621966552806809,0.22893029551043748,0.3158543458751748
2,bnci004,MMP_merge_then_adapt,TS,lda,none,16,2,2,19589,0.05,no_leakage_v1_alpha005,gate_all_sources_proxy_source_only_final_training_only,mmd,,,,,merge_then_adapt,coral,near_nearest_proxy,main,2.0,3,3test,far,False,,2.0,direct,0.13206543706556087,0.10330595700749912,0.1714550696081198
2,bnci004,MMP_merge_then_adapt,TS,lda,none,16,2,2,19589,0.05,no_leakage_v1_alpha005,gate_all_sources_proxy_source_only_final_training_only,mmd,,,,,merge_then_adapt,coral,near_nearest_proxy,anchor,2.0,3,3test,second_nearest_fallback_source,False,1.0,2.0,direct,0.13206543706556087,0.10330595700749912,0.1714550696081198
2,bnci004,MMP_merge_then_adapt,TS,lda,none,16,2,2,19589,0.05,no_leakage_v1_alpha005,gate_all_sources_proxy_source_only_final_training_only,mmd,,,,,merge_then_adapt,coral,near_nearest_proxy,final,2.0,3,3test,not_used,False,,2.0,direct,0.13206543706556087,0.10330595700749912,0.1714550696081198
2,bnci004,MMP_merge_then_adapt,TS,lda,none,16,2,2,19589,0.05,no_leakage_v1_alpha005,gate_all_sources_proxy_source_only_final_training_only,mmd,,,,,merge_then_adapt,coral,near_nearest_proxy,main,3.0,4,4test,nearest,True,1.0,2.0,direct,0.03890429637930649,0.023085335302435922,0.057823379925715346
2,bnci004,MMP_merge_then_adapt,TS,lda,none,16,2,2,19589,0.05,no_leakage_v1_alpha005,gate_all_sources_proxy_source_only_final_training_only,mmd,,,,,merge_then_adapt,coral,near_nearest_proxy,anchor,3.0,4,4test,target,False,,2.0,direct,0.03890429637930649,0.023085335302435922,0.057823379925715346
2,bnci004,MMP_merge_then_adapt,TS,lda,none,16,2,2,19589,0.05,no_leakage_v1_alpha005,gate_all_sources_proxy_source_only_final_training_only,mmd,,,,,merge_then_adapt,coral,near_nearest_proxy,final,3.0,4,4test,train,True,1.0,2.0,direct,0.03890429637930649,0.023085335302435922,0.057823379925715346
2,bnci004,MMP_merge_then_adapt,TS,lda,none,16,2,2,19589,0.05,no_leakage_v1_alpha005,gate_all_sources_proxy_source_only_final_training_only,mmd,,,,,merge_then_adapt,coral,near_nearest_proxy,main,,2,2train,target,False,,,,,,
2,bnci004,MMP_merge_then_adapt,TS,lda,none,16,2,2,19589,0.05,no_leakage_v1_alpha005,gate_all_sources_proxy_source_only_final_training_only,mmd,,,,,merge_then_adapt,coral,near_nearest_proxy,final,,2,2train,target,False,,,,,,
2,bnci004,MMP_merge_then_adapt,TS,lda,none,16,3,3,19620,0.05,no_leakage_v1_alpha005,gate_all_sources_proxy_source_only_final_training_only,mmd,,,,,merge_then_adapt,coral,near_nearest_proxy,main,0.0,0,0train,near,False,0.3405227364578644,3.0,direct,0.1434078418339394,0.11816732833428346,0.17137281550327804
2,bnci004,MMP_merge_then_adapt,TS,lda,none,16,3,3,19620,0.05,no_leakage_v1_alpha005,gate_all_sources_proxy_source_only_final_training_only,mmd,,,,,merge_then_adapt,coral,near_nearest_proxy,anchor,0.0,0,0train,proxy_source,False,0.5368968415202697,3.0,direct,0.1434078418339394,0.11816732833428346,0.17137281550327804
2,bnci004,MMP_merge_then_adapt,TS,lda,none,16,3,3,19620,0.05,no_leakage_v1_alpha005,gate_all_sources_proxy_source_only_final_training_only,mmd,,,,,merge_then_adapt,coral,near_nearest_proxy,final,0.0,0,0train,train,False,0.3405227364578644,3.0,direct,0.1434078418339394,0.11816732833428346,0.17137281550327804
2,bnci004,MMP_merge_then_adapt,TS,lda,none,16,3,3,19620,0.05,no_leakage_v1_alpha005,gate_all_sources_proxy_source_only_final_training_only,mmd,,,,,merge_then_adapt,coral,near_nearest_proxy,main,1.0,1,1train,far,False,,3.0,direct,0.4208926057537429,0.3432155349628756,0.5098283946436099
2,bnci004,MMP_merge_then_adapt,TS,lda,none,16,3,3,19620,0.05,no_leakage_v1_alpha005,gate_all_sources_proxy_source_only_final_training_only,mmd,,,,,merge_then_adapt,coral,near_nearest_proxy,anchor,1.0,1,1train,not_used,False,,3.0,direct,0.4208926057537429,0.3432155349628756,0.5098283946436099
2,bnci004,MMP_merge_then_adapt,TS,lda,none,16,3,3,19620,0.05,no_leakage_v1_alpha005,gate_all_sources_proxy_source_only_final_training_only,mmd,,,,,merge_then_adapt,coral,near_nearest_proxy,final,1.0,1,1train,not_used,False,,3.0,direct,0.4208926057537429,0.3432155349628756,0.5098283946436099
2,bnci004,MMP_merge_then_adapt,TS,lda,none,16,3,3,19620,0.05,no_leakage_v1_alpha005,gate_all_sources_proxy_source_only_final_training_only,mmd,,,,,merge_then_adapt,coral,near_nearest_proxy,main,2.0,2,2train,nearest,True,0.36575760905270943,3.0,direct,0.13351357370913813,0.09430428551526737,0.17629477399730462
2,bnci004,MMP_merge_then_adapt,TS,lda,none,16,3,3,19620,0.05,no_leakage_v1_alpha005,gate_all_sources_proxy_source_only_final_training_only,mmd,,,,,merge_then_adapt,coral,near_nearest_proxy,anchor,2.0,2,2train,target,False,,3.0,direct,0.13351357370913813,0.09430428551526737,0.17629477399730462
2,bnci004,MMP_merge_then_adapt,TS,lda,none,16,3,3,19620,0.05,no_leakage_v1_alpha005,gate_all_sources_proxy_source_only_final_training_only,mmd,,,,,merge_then_adapt,coral,near_nearest_proxy,final,2.0,2,2train,train,True,0.36575760905270943,3.0,direct,0.13351357370913813,0.09430428551526737,0.17629477399730462
2,bnci004,MMP_merge_then_adapt,TS,lda,none,16,3,3,19620,0.05,no_leakage_v1_alpha005,gate_all_sources_proxy_source_only_final_training_only,mmd,,,,,merge_then_adapt,coral,near_nearest_proxy,main,3.0,4,4test,near,False,0.2937196544894261,3.0,direct,0.1662594817455419,0.11703835009639917,0.2243482899915913
2,bnci004,MMP_merge_then_adapt,TS,lda,none,16,3,3,19620,0.05,no_leakage_v1_alpha005,gate_all_sources_proxy_source_only_final_training_only,mmd,,,,,merge_then_adapt,coral,near_nearest_proxy,anchor,3.0,4,4test,proxy_source,False,0.46310315847973027,3.0,direct,0.1662594817455419,0.11703835009639917,0.2243482899915913
2,bnci004,MMP_merge_then_adapt,TS,lda,none,16,3,3,19620,0.05,no_leakage_v1_alpha005,gate_all_sources_proxy_source_only_final_training_only,mmd,,,,,merge_then_adapt,coral,near_nearest_proxy,final,3.0,4,4test,train,False,0.2937196544894261,3.0,direct,0.1662594817455419,0.11703835009639917,0.2243482899915913
2,bnci004,MMP_merge_then_adapt,TS,lda,none,16,3,3,19620,0.05,no_leakage_v1_alpha005,gate_all_sources_proxy_source_only_final_training_only,mmd,,,,,merge_then_adapt,coral,near_nearest_proxy,main,,3,3test,target,False,,,,,,
2,bnci004,MMP_merge_then_adapt,TS,lda,none,16,3,3,19620,0.05,no_leakage_v1_alpha005,gate_all_sources_proxy_source_only_final_training_only,mmd,,,,,merge_then_adapt,coral,near_nearest_proxy,final,,3,3test,target,False,,,,,,
2,bnci004,MMP_merge_then_adapt,TS,lda,none,16,4,4,19651,0.05,no_leakage_v1_alpha005,gate_all_sources_proxy_source_only_final_training_only,mmd,,,,,merge_then_adapt,coral,near_nearest_proxy,main,0.0,0,0train,far,False,,4.0,direct,0.2006065220491817,0.17222026372976215,0.2302491703952232
2,bnci004,MMP_merge_then_adapt,TS,lda,none,16,4,4,19651,0.05,no_leakage_v1_alpha005,gate_all_sources_proxy_source_only_final_training_only,mmd,,,,,merge_then_adapt,coral,near_nearest_proxy,anchor,0.0,0,0train,not_used,False,,4.0,direct,0.2006065220491817,0.17222026372976215,0.2302491703952232
2,bnci004,MMP_merge_then_adapt,TS,lda,none,16,4,4,19651,0.05,no_leakage_v1_alpha005,gate_all_sources_proxy_source_only_final_training_only,mmd,,,,,merge_then_adapt,coral,near_nearest_proxy,final,0.0,0,0train,not_used,False,,4.0,direct,0.2006065220491817,0.17222026372976215,0.2302491703952232
2,bnci004,MMP_merge_then_adapt,TS,lda,none,16,4,4,19651,0.05,no_leakage_v1_alpha005,gate_all_sources_proxy_source_only_final_training_only,mmd,,,,,merge_then_adapt,coral,near_nearest_proxy,main,1.0,1,1train,far,False,,4.0,direct,0.19532289718629728,0.1553943786274032,0.2391948062024152
2,bnci004,MMP_merge_then_adapt,TS,lda,none,16,4,4,19651,0.05,no_leakage_v1_alpha005,gate_all_sources_proxy_source_only_final_training_only,mmd,,,,,merge_then_adapt,coral,near_nearest_proxy,anchor,1.0,1,1train,not_used,False,,4.0,direct,0.19532289718629728,0.1553943786274032,0.2391948062024152
2,bnci004,MMP_merge_then_adapt,TS,lda,none,16,4,4,19651,0.05,no_leakage_v1_alpha005,gate_all_sources_proxy_source_only_final_training_only,mmd,,,,,merge_then_adapt,coral,near_nearest_proxy,final,1.0,1,1train,not_used,False,,4.0,direct,0.19532289718629728,0.1553943786274032,0.2391948062024152
2,bnci004,MMP_merge_then_adapt,TS,lda,none,16,4,4,19651,0.05,no_leakage_v1_alpha005,gate_all_sources_proxy_source_only_final_training_only,mmd,,,,,merge_then_adapt,coral,near_nearest_proxy,main,2.0,2,2train,nearest,True,1.0,4.0,direct,0.037831605432515854,0.026031059607840364,0.058587288984238414
2,bnci004,MMP_merge_then_adapt,TS,lda,none,16,4,4,19651,0.05,no_leakage_v1_alpha005,gate_all_sources_proxy_source_only_final_training_only,mmd,,,,,merge_then_adapt,coral,near_nearest_proxy,anchor,2.0,2,2train,target,False,,4.0,direct,0.037831605432515854,0.026031059607840364,0.058587288984238414
2,bnci004,MMP_merge_then_adapt,TS,lda,none,16,4,4,19651,0.05,no_leakage_v1_alpha005,gate_all_sources_proxy_source_only_final_training_only,mmd,,,,,merge_then_adapt,coral,near_nearest_proxy,final,2.0,2,2train,train,True,1.0,4.0,direct,0.037831605432515854,0.026031059607840364,0.058587288984238414
2,bnci004,MMP_merge_then_adapt,TS,lda,none,16,4,4,19651,0.05,no_leakage_v1_alpha005,gate_all_sources_proxy_source_only_final_training_only,mmd,,,,,merge_then_adapt,coral,near_nearest_proxy,main,3.0,3,3test,far,False,,4.0,direct,0.12250863638462482,0.09119732500611273,0.15336263890962132
2,bnci004,MMP_merge_then_adapt,TS,lda,none,16,4,4,19651,0.05,no_leakage_v1_alpha005,gate_all_sources_proxy_source_only_final_training_only,mmd,,,,,merge_then_adapt,coral,near_nearest_proxy,anchor,3.0,3,3test,second_nearest_fallback_source,False,1.0,4.0,direct,0.12250863638462482,0.09119732500611273,0.15336263890962132
2,bnci004,MMP_merge_then_adapt,TS,lda,none,16,4,4,19651,0.05,no_leakage_v1_alpha005,gate_all_sources_proxy_source_only_final_training_only,mmd,,,,,merge_then_adapt,coral,near_nearest_proxy,final,3.0,3,3test,not_used,False,,4.0,direct,0.12250863638462482,0.09119732500611273,0.15336263890962132
2,bnci004,MMP_merge_then_adapt,TS,lda,none,16,4,4,19651,0.05,no_leakage_v1_alpha005,gate_all_sources_proxy_source_only_final_training_only,mmd,,,,,merge_then_adapt,coral,near_nearest_proxy,main,,4,4test,target,False,,,,,,
2,bnci004,MMP_merge_then_adapt,TS,lda,none,16,4,4,19651,0.05,no_leakage_v1_alpha005,gate_all_sources_proxy_source_only_final_training_only,mmd,,,,,merge_then_adapt,coral,near_nearest_proxy,final,,4,4test,target,False,,,,,,
2,bnci004,MMP_merge_then_adapt,TS,lda,sa,17,0,0,20524,0.05,no_leakage_v1_alpha005,gate_all_sources_proxy_source_only_final_training_only,mmd,,,,,merge_then_adapt,coral,near_nearest_proxy,main,0.0,1,1train,far,False,,0.0,direct,0.3883691492851803,0.324292321315706,0.45781806747451936
2,bnci004,MMP_merge_then_adapt,TS,lda,sa,17,0,0,20524,0.05,no_leakage_v1_alpha005,gate_all_sources_proxy_source_only_final_training_only,mmd,,,,,merge_then_adapt,coral,near_nearest_proxy,anchor,0.0,1,1train,not_used,False,,0.0,direct,0.3883691492851803,0.324292321315706,0.45781806747451936
2,bnci004,MMP_merge_then_adapt,TS,lda,sa,17,0,0,20524,0.05,no_leakage_v1_alpha005,gate_all_sources_proxy_source_only_final_training_only,mmd,,,,,merge_then_adapt,coral,near_nearest_proxy,final,0.0,1,1train,not_used,False,,0.0,direct,0.3883691492851803,0.324292321315706,0.45781806747451936
2,bnci004,MMP_merge_then_adapt,TS,lda,sa,17,0,0,20524,0.05,no_leakage_v1_alpha005,gate_all_sources_proxy_source_only_final_training_only,mmd,,,,,merge_then_adapt,coral,near_nearest_proxy,main,1.0,2,2train,far,False,,0.0,direct,0.2236986645873035,0.19282681911366006,0.2567249380749639
2,bnci004,MMP_merge_then_adapt,TS,lda,sa,17,0,0,20524,0.05,no_leakage_v1_alpha005,gate_all_sources_proxy_source_only_final_training_only,mmd,,,,,merge_then_adapt,coral,near_nearest_proxy,anchor,1.0,2,2train,second_nearest_fallback_source,False,1.0,0.0,direct,0.2236986645873035,0.19282681911366006,0.2567249380749639
2,bnci004,MMP_merge_then_adapt,TS,lda,sa,17,0,0,20524,0.05,no_leakage_v1_alpha005,gate_all_sources_proxy_source_only_final_training_only,mmd,,,,,merge_then_adapt,coral,near_nearest_proxy,final,1.0,2,2train,not_used,False,,0.0,direct,0.2236986645873035,0.19282681911366006,0.2567249380749639
2,bnci004,MMP_merge_then_adapt,TS,lda,sa,17,0,0,20524,0.05,no_leakage_v1_alpha005,gate_all_sources_proxy_source_only_final_training_only,mmd,,,,,merge_then_adapt,coral,near_nearest_proxy,main,2.0,3,3test,nearest,True,1.0,0.0,direct,0.14325686733364407,0.1180586076972245,0.173051080283759
2,bnci004,MMP_merge_then_adapt,TS,lda,sa,17,0,0,20524,0.05,no_leakage_v1_alpha005,gate_all_sources_proxy_source_only_final_training_only,mmd,,,,,merge_then_adapt,coral,near_nearest_proxy,anchor,2.0,3,3test,target,False,,0.0,direct,0.14325686733364407,0.1180586076972245,0.173051080283759
2,bnci004,MMP_merge_then_adapt,TS,lda,sa,17,0,0,20524,0.05,no_leakage_v1_alpha005,gate_all_sources_proxy_source_only_final_training_only,mmd,,,,,merge_then_adapt,coral,near_nearest_proxy,final,2.0,3,3test,train,True,1.0,0.0,direct,0.14325686733364407,0.1180586076972245,0.173051080283759
2,bnci004,MMP_merge_then_adapt,TS,lda,sa,17,0,0,20524,0.05,no_leakage_v1_alpha005,gate_all_sources_proxy_source_only_final_training_only,mmd,,,,,merge_then_adapt,coral,near_nearest_proxy,main,3.0,4,4test,far,False,,0.0,direct,0.2582022172693034,0.21871172369777547,0.300214543944516
2,bnci004,MMP_merge_then_adapt,TS,lda,sa,17,0,0,20524,0.05,no_leakage_v1_alpha005,gate_all_sources_proxy_source_only_final_training_only,mmd,,,,,merge_then_adapt,coral,near_nearest_proxy,anchor,3.0,4,4test,not_used,False,,0.0,direct,0.2582022172693034,0.21871172369777547,0.300214543944516
2,bnci004,MMP_merge_then_adapt,TS,lda,sa,17,0,0,20524,0.05,no_leakage_v1_alpha005,gate_all_sources_proxy_source_only_final_training_only,mmd,,,,,merge_then_adapt,coral,near_nearest_proxy,final,3.0,4,4test,not_used,False,,0.0,direct,0.2582022172693034,0.21871172369777547,0.300214543944516
2,bnci004,MMP_merge_then_adapt,TS,lda,sa,17,0,0,20524,0.05,no_leakage_v1_alpha005,gate_all_sources_proxy_source_only_final_training_only,mmd,,,,,merge_then_adapt,coral,near_nearest_proxy,main,,0,0train,target,False,,,,,,
2,bnci004,MMP_merge_then_adapt,TS,lda,sa,17,0,0,20524,0.05,no_leakage_v1_alpha005,gate_all_sources_proxy_source_only_final_training_only,mmd,,,,,merge_then_adapt,coral,near_nearest_proxy,final,,0,0train,target,False,,,,,,
2,bnci004,MMP_merge_then_adapt,TS,lda,sa,17,1,1,20555,0.05,no_leakage_v1_alpha005,gate_all_sources_proxy_source_only_final_training_only,mmd,,,,,merge_then_adapt,coral,near_nearest_proxy,main,0.0,0,0train,far,False,,1.0,direct,0.387420168626809,0.3273556563694516,0.44847233654269747
2,bnci004,MMP_merge_then_adapt,TS,lda,sa,17,1,1,20555,0.05,no_leakage_v1_alpha005,gate_all_sources_proxy_source_only_final_training_only,mmd,,,,,merge_then_adapt,coral,near_nearest_proxy,anchor,0.0,0,0train,not_used,False,,1.0,direct,0.387420168626809,0.3273556563694516,0.44847233654269747
2,bnci004,MMP_merge_then_adapt,TS,lda,sa,17,1,1,20555,0.05,no_leakage_v1_alpha005,gate_all_sources_proxy_source_only_final_training_only,mmd,,,,,merge_then_adapt,coral,near_nearest_proxy,final,0.0,0,0train,not_used,False,,1.0,direct,0.387420168626809,0.3273556563694516,0.44847233654269747
2,bnci004,MMP_merge_then_adapt,TS,lda,sa,17,1,1,20555,0.05,no_leakage_v1_alpha005,gate_all_sources_proxy_source_only_final_training_only,mmd,,,,,merge_then_adapt,coral,near_nearest_proxy,main,1.0,2,2train,near,False,0.32259577457458766,1.0,direct,0.2844502735993085,0.22946427637781458,0.3438721073163469
2,bnci004,MMP_merge_then_adapt,TS,lda,sa,17,1,1,20555,0.05,no_leakage_v1_alpha005,gate_all_sources_proxy_source_only_final_training_only,mmd,,,,,merge_then_adapt,coral,near_nearest_proxy,anchor,1.0,2,2train,proxy_source,False,0.559668165374911,1.0,direct,0.2844502735993085,0.22946427637781458,0.3438721073163469
2,bnci004,MMP_merge_then_adapt,TS,lda,sa,17,1,1,20555,0.05,no_leakage_v1_alpha005,gate_all_sources_proxy_source_only_final_training_only,mmd,,,,,merge_then_adapt,coral,near_nearest_proxy,final,1.0,2,2train,train,False,0.32259577457458766,1.0,direct,0.2844502735993085,0.22946427637781458,0.3438721073163469
2,bnci004,MMP_merge_then_adapt,TS,lda,sa,17,1,1,20555,0.05,no_leakage_v1_alpha005,gate_all_sources_proxy_source_only_final_training_only,mmd,,,,,merge_then_adapt,coral,near_nearest_proxy,main,2.0,3,3test,near,False,0.2538096644563904,1.0,direct,0.361540705403671,0.28252673353117974,0.44061395564793204
2,bnci004,MMP_merge_then_adapt,TS,lda,sa,17,1,1,20555,0.05,no_leakage_v1_alpha005,gate_all_sources_proxy_source_only_final_training_only,mmd,,,,,merge_then_adapt,coral,near_nearest_proxy,anchor,2.0,3,3test,proxy_source,False,0.4403318346250889,1.0,direct,0.361540705403671,0.28252673353117974,0.44061395564793204
2,bnci004,MMP_merge_then_adapt,TS,lda,sa,17,1,1,20555,0.05,no_leakage_v1_alpha005,gate_all_sources_proxy_source_only_final_training_only,mmd,,,,,merge_then_adapt,coral,near_nearest_proxy,final,2.0,3,3test,train,False,0.2538096644563904,1.0,direct,0.361540705403671,0.28252673353117974,0.44061395564793204
2,bnci004,MMP_merge_then_adapt,TS,lda,sa,17,1,1,20555,0.05,no_leakage_v1_alpha005,gate_all_sources_proxy_source_only_final_training_only,mmd,,,,,merge_then_adapt,coral,near_nearest_proxy,main,3.0,4,4test,nearest,True,0.42359456096902204,1.0,direct,0.21662779411288663,0.1613341717695213,0.28256972451157675
2,bnci004,MMP_merge_then_adapt,TS,lda,sa,17,1,1,20555,0.05,no_leakage_v1_alpha005,gate_all_sources_proxy_source_only_final_training_only,mmd,,,,,merge_then_adapt,coral,near_nearest_proxy,anchor,3.0,4,4test,target,False,,1.0,direct,0.21662779411288663,0.1613341717695213,0.28256972451157675
2,bnci004,MMP_merge_then_adapt,TS,lda,sa,17,1,1,20555,0.05,no_leakage_v1_alpha005,gate_all_sources_proxy_source_only_final_training_only,mmd,,,,,merge_then_adapt,coral,near_nearest_proxy,final,3.0,4,4test,train,True,0.42359456096902204,1.0,direct,0.21662779411288663,0.1613341717695213,0.28256972451157675
2,bnci004,MMP_merge_then_adapt,TS,lda,sa,17,1,1,20555,0.05,no_leakage_v1_alpha005,gate_all_sources_proxy_source_only_final_training_only,mmd,,,,,merge_then_adapt,coral,near_nearest_proxy,main,,1,1train,target,False,,,,,,
2,bnci004,MMP_merge_then_adapt,TS,lda,sa,17,1,1,20555,0.05,no_leakage_v1_alpha005,gate_all_sources_proxy_source_only_final_training_only,mmd,,,,,merge_then_adapt,coral,near_nearest_proxy,final,,1,1train,target,False,,,,,,
2,bnci004,MMP_merge_then_adapt,TS,lda,sa,17,2,2,20586,0.05,no_leakage_v1_alpha005,gate_all_sources_proxy_source_only_final_training_only,mmd,,,,,merge_then_adapt,coral,near_nearest_proxy,main,0.0,0,0train,far,False,,2.0,direct,0.2100624301219947,0.18219082866027356,0.2410614340676299
2,bnci004,MMP_merge_then_adapt,TS,lda,sa,17,2,2,20586,0.05,no_leakage_v1_alpha005,gate_all_sources_proxy_source_only_final_training_only,mmd,,,,,merge_then_adapt,coral,near_nearest_proxy,anchor,0.0,0,0train,not_used,False,,2.0,direct,0.2100624301219947,0.18219082866027356,0.2410614340676299
2,bnci004,MMP_merge_then_adapt,TS,lda,sa,17,2,2,20586,0.05,no_leakage_v1_alpha005,gate_all_sources_proxy_source_only_final_training_only,mmd,,,,,merge_then_adapt,coral,near_nearest_proxy,final,0.0,0,0train,not_used,False,,2.0,direct,0.2100624301219947,0.18219082866027356,0.2410614340676299
2,bnci004,MMP_merge_then_adapt,TS,lda,sa,17,2,2,20586,0.05,no_leakage_v1_alpha005,gate_all_sources_proxy_source_only_final_training_only,mmd,,,,,merge_then_adapt,coral,near_nearest_proxy,main,1.0,1,1train,far,False,,2.0,direct,0.2639919850149503,0.22511122791298105,0.3068625674707465
2,bnci004,MMP_merge_then_adapt,TS,lda,sa,17,2,2,20586,0.05,no_leakage_v1_alpha005,gate_all_sources_proxy_source_only_final_training_only,mmd,,,,,merge_then_adapt,coral,near_nearest_proxy,anchor,1.0,1,1train,not_used,False,,2.0,direct,0.2639919850149503,0.22511122791298105,0.3068625674707465
2,bnci004,MMP_merge_then_adapt,TS,lda,sa,17,2,2,20586,0.05,no_leakage_v1_alpha005,gate_all_sources_proxy_source_only_final_training_only,mmd,,,,,merge_then_adapt,coral,near_nearest_proxy,final,1.0,1,1train,not_used,False,,2.0,direct,0.2639919850149503,0.22511122791298105,0.3068625674707465
2,bnci004,MMP_merge_then_adapt,TS,lda,sa,17,2,2,20586,0.05,no_leakage_v1_alpha005,gate_all_sources_proxy_source_only_final_training_only,mmd,,,,,merge_then_adapt,coral,near_nearest_proxy,main,2.0,3,3test,far,False,,2.0,direct,0.13053617554273647,0.10176336303724758,0.1651113032751078
2,bnci004,MMP_merge_then_adapt,TS,lda,sa,17,2,2,20586,0.05,no_leakage_v1_alpha005,gate_all_sources_proxy_source_only_final_training_only,mmd,,,,,merge_then_adapt,coral,near_nearest_proxy,anchor,2.0,3,3test,second_nearest_fallback_source,False,1.0,2.0,direct,0.13053617554273647,0.10176336303724758,0.1651113032751078
2,bnci004,MMP_merge_then_adapt,TS,lda,sa,17,2,2,20586,0.05,no_leakage_v1_alpha005,gate_all_sources_proxy_source_only_final_training_only,mmd,,,,,merge_then_adapt,coral,near_nearest_proxy,final,2.0,3,3test,not_used,False,,2.0,direct,0.13053617554273647,0.10176336303724758,0.1651113032751078
2,bnci004,MMP_merge_then_adapt,TS,lda,sa,17,2,2,20586,0.05,no_leakage_v1_alpha005,gate_all_sources_proxy_source_only_final_training_only,mmd,,,,,merge_then_adapt,coral,near_nearest_proxy,main,3.0,4,4test,nearest,True,1.0,2.0,direct,0.03816464877316531,0.02482330269291138,0.059063015233959924
2,bnci004,MMP_merge_then_adapt,TS,lda,sa,17,2,2,20586,0.05,no_leakage_v1_alpha005,gate_all_sources_proxy_source_only_final_training_only,mmd,,,,,merge_then_adapt,coral,near_nearest_proxy,anchor,3.0,4,4test,target,False,,2.0,direct,0.03816464877316531,0.02482330269291138,0.059063015233959924
2,bnci004,MMP_merge_then_adapt,TS,lda,sa,17,2,2,20586,0.05,no_leakage_v1_alpha005,gate_all_sources_proxy_source_only_final_training_only,mmd,,,,,merge_then_adapt,coral,near_nearest_proxy,final,3.0,4,4test,train,True,1.0,2.0,direct,0.03816464877316531,0.02482330269291138,0.059063015233959924
2,bnci004,MMP_merge_then_adapt,TS,lda,sa,17,2,2,20586,0.05,no_leakage_v1_alpha005,gate_all_sources_proxy_source_only_final_training_only,mmd,,,,,merge_then_adapt,coral,near_nearest_proxy,main,,2,2train,target,False,,,,,,
2,bnci004,MMP_merge_then_adapt,TS,lda,sa,17,2,2,20586,0.05,no_leakage_v1_alpha005,gate_all_sources_proxy_source_only_final_training_only,mmd,,,,,merge_then_adapt,coral,near_nearest_proxy,final,,2,2train,target,False,,,,,,
2,bnci004,MMP_merge_then_adapt,TS,lda,sa,17,3,3,20617,0.05,no_leakage_v1_alpha005,gate_all_sources_proxy_source_only_final_training_only,mmd,,,,,merge_then_adapt,coral,near_nearest_proxy,main,0.0,0,0train,near,False,0.3403828451566883,3.0,direct,0.14436391824238648,0.11743059944203052,0.17469488587309273
2,bnci004,MMP_merge_then_adapt,TS,lda,sa,17,3,3,20617,0.05,no_leakage_v1_alpha005,gate_all_sources_proxy_source_only_final_training_only,mmd,,,,,merge_then_adapt,coral,near_nearest_proxy,anchor,0.0,0,0train,proxy_source,False,0.5362812499010395,3.0,direct,0.14436391824238648,0.11743059944203052,0.17469488587309273
2,bnci004,MMP_merge_then_adapt,TS,lda,sa,17,3,3,20617,0.05,no_leakage_v1_alpha005,gate_all_sources_proxy_source_only_final_training_only,mmd,,,,,merge_then_adapt,coral,near_nearest_proxy,final,0.0,0,0train,train,False,0.3403828451566883,3.0,direct,0.14436391824238648,0.11743059944203052,0.17469488587309273
2,bnci004,MMP_merge_then_adapt,TS,lda,sa,17,3,3,20617,0.05,no_leakage_v1_alpha005,gate_all_sources_proxy_source_only_final_training_only,mmd,,,,,merge_then_adapt,coral,near_nearest_proxy,main,1.0,1,1train,far,False,,3.0,direct,0.4241563306104805,0.3456334169693368,0.5090316841735564
2,bnci004,MMP_merge_then_adapt,TS,lda,sa,17,3,3,20617,0.05,no_leakage_v1_alpha005,gate_all_sources_proxy_source_only_final_training_only,mmd,,,,,merge_then_adapt,coral,near_nearest_proxy,anchor,1.0,1,1train,not_used,False,,3.0,direct,0.4241563306104805,0.3456334169693368,0.5090316841735564
2,bnci004,MMP_merge_then_adapt,TS,lda,sa,17,3,3,20617,0.05,no_leakage_v1_alpha005,gate_all_sources_proxy_source_only_final_training_only,mmd,,,,,merge_then_adapt,coral,near_nearest_proxy,final,1.0,1,1train,not_used,False,,3.0,direct,0.4241563306104805,0.3456334169693368,0.5090316841735564
2,bnci004,MMP_merge_then_adapt,TS,lda,sa,17,3,3,20617,0.05,no_leakage_v1_alpha005,gate_all_sources_proxy_source_only_final_training_only,mmd,,,,,merge_then_adapt,coral,near_nearest_proxy,main,2.0,2,2train,nearest,True,0.3652904232256871,3.0,direct,0.1345202972687118,0.10106577383598368,0.18309187889564366
2,bnci004,MMP_merge_then_adapt,TS,lda,sa,17,3,3,20617,0.05,no_leakage_v1_alpha005,gate_all_sources_proxy_source_only_final_training_only,mmd,,,,,merge_then_adapt,coral,near_nearest_proxy,anchor,2.0,2,2train,target,False,,3.0,direct,0.1345202972687118,0.10106577383598368,0.18309187889564366
2,bnci004,MMP_merge_then_adapt,TS,lda,sa,17,3,3,20617,0.05,no_leakage_v1_alpha005,gate_all_sources_proxy_source_only_final_training_only,mmd,,,,,merge_then_adapt,coral,near_nearest_proxy,final,2.0,2,2train,train,True,0.3652904232256871,3.0,direct,0.1345202972687118,0.10106577383598368,0.18309187889564366
2,bnci004,MMP_merge_then_adapt,TS,lda,sa,17,3,3,20617,0.05,no_leakage_v1_alpha005,gate_all_sources_proxy_source_only_final_training_only,mmd,,,,,merge_then_adapt,coral,near_nearest_proxy,main,3.0,4,4test,near,False,0.2943267316176245,3.0,direct,0.16695407520531888,0.11415298979778571,0.2247450545828479
2,bnci004,MMP_merge_then_adapt,TS,lda,sa,17,3,3,20617,0.05,no_leakage_v1_alpha005,gate_all_sources_proxy_source_only_final_training_only,mmd,,,,,merge_then_adapt,coral,near_nearest_proxy,anchor,3.0,4,4test,proxy_source,False,0.4637187500989604,3.0,direct,0.16695407520531888,0.11415298979778571,0.2247450545828479
2,bnci004,MMP_merge_then_adapt,TS,lda,sa,17,3,3,20617,0.05,no_leakage_v1_alpha005,gate_all_sources_proxy_source_only_final_training_only,mmd,,,,,merge_then_adapt,coral,near_nearest_proxy,final,3.0,4,4test,train,False,0.2943267316176245,3.0,direct,0.16695407520531888,0.11415298979778571,0.2247450545828479
2,bnci004,MMP_merge_then_adapt,TS,lda,sa,17,3,3,20617,0.05,no_leakage_v1_alpha005,gate_all_sources_proxy_source_only_final_training_only,mmd,,,,,merge_then_adapt,coral,near_nearest_proxy,main,,3,3test,target,False,,,,,,
2,bnci004,MMP_merge_then_adapt,TS,lda,sa,17,3,3,20617,0.05,no_leakage_v1_alpha005,gate_all_sources_proxy_source_only_final_training_only,mmd,,,,,merge_then_adapt,coral,near_nearest_proxy,final,,3,3test,target,False,,,,,,
2,bnci004,MMP_merge_then_adapt,TS,lda,sa,17,4,4,20648,0.05,no_leakage_v1_alpha005,gate_all_sources_proxy_source_only_final_training_only,mmd,,,,,merge_then_adapt,coral,near_nearest_proxy,main,0.0,0,0train,far,False,,4.0,direct,0.19969207534599717,0.1736309368985804,0.22792155808461054
2,bnci004,MMP_merge_then_adapt,TS,lda,sa,17,4,4,20648,0.05,no_leakage_v1_alpha005,gate_all_sources_proxy_source_only_final_training_only,mmd,,,,,merge_then_adapt,coral,near_nearest_proxy,anchor,0.0,0,0train,not_used,False,,4.0,direct,0.19969207534599717,0.1736309368985804,0.22792155808461054
2,bnci004,MMP_merge_then_adapt,TS,lda,sa,17,4,4,20648,0.05,no_leakage_v1_alpha005,gate_all_sources_proxy_source_only_final_training_only,mmd,,,,,merge_then_adapt,coral,near_nearest_proxy,final,0.0,0,0train,not_used,False,,4.0,direct,0.19969207534599717,0.1736309368985804,0.22792155808461054
2,bnci004,MMP_merge_then_adapt,TS,lda,sa,17,4,4,20648,0.05,no_leakage_v1_alpha005,gate_all_sources_proxy_source_only_final_training_only,mmd,,,,,merge_then_adapt,coral,near_nearest_proxy,main,1.0,1,1train,far,False,,4.0,direct,0.19435594248028054,0.15788872594995057,0.23531672315020205
2,bnci004,MMP_merge_then_adapt,TS,lda,sa,17,4,4,20648,0.05,no_leakage_v1_alpha005,gate_all_sources_proxy_source_only_final_training_only,mmd,,,,,merge_then_adapt,coral,near_nearest_proxy,anchor,1.0,1,1train,not_used,False,,4.0,direct,0.19435594248028054,0.15788872594995057,0.23531672315020205
2,bnci004,MMP_merge_then_adapt,TS,lda,sa,17,4,4,20648,0.05,no_leakage_v1_alpha005,gate_all_sources_proxy_source_only_final_training_only,mmd,,,,,merge_then_adapt,coral,near_nearest_proxy,final,1.0,1,1train,not_used,False,,4.0,direct,0.19435594248028054,0.15788872594995057,0.23531672315020205
2,bnci004,MMP_merge_then_adapt,TS,lda,sa,17,4,4,20648,0.05,no_leakage_v1_alpha005,gate_all_sources_proxy_source_only_final_training_only,mmd,,,,,merge_then_adapt,coral,near_nearest_proxy,main,2.0,2,2train,nearest,True,1.0,4.0,direct,0.03798548439239062,0.02618463868293082,0.05463053116417245
2,bnci004,MMP_merge_then_adapt,TS,lda,sa,17,4,4,20648,0.05,no_leakage_v1_alpha005,gate_all_sources_proxy_source_only_final_training_only,mmd,,,,,merge_then_adapt,coral,near_nearest_proxy,anchor,2.0,2,2train,target,False,,4.0,direct,0.03798548439239062,0.02618463868293082,0.05463053116417245
2,bnci004,MMP_merge_then_adapt,TS,lda,sa,17,4,4,20648,0.05,no_leakage_v1_alpha005,gate_all_sources_proxy_source_only_final_training_only,mmd,,,,,merge_then_adapt,coral,near_nearest_proxy,final,2.0,2,2train,train,True,1.0,4.0,direct,0.03798548439239062,0.02618463868293082,0.05463053116417245
2,bnci004,MMP_merge_then_adapt,TS,lda,sa,17,4,4,20648,0.05,no_leakage_v1_alpha005,gate_all_sources_proxy_source_only_final_training_only,mmd,,,,,merge_then_adapt,coral,near_nearest_proxy,main,3.0,3,3test,far,False,,4.0,direct,0.1239643977823481,0.09603426177127086,0.16035461579966434
2,bnci004,MMP_merge_then_adapt,TS,lda,sa,17,4,4,20648,0.05,no_leakage_v1_alpha005,gate_all_sources_proxy_source_only_final_training_only,mmd,,,,,merge_then_adapt,coral,near_nearest_proxy,anchor,3.0,3,3test,second_nearest_fallback_source,False,1.0,4.0,direct,0.1239643977823481,0.09603426177127086,0.16035461579966434
2,bnci004,MMP_merge_then_adapt,TS,lda,sa,17,4,4,20648,0.05,no_leakage_v1_alpha005,gate_all_sources_proxy_source_only_final_training_only,mmd,,,,,merge_then_adapt,coral,near_nearest_proxy,final,3.0,3,3test,not_used,False,,4.0,direct,0.1239643977823481,0.09603426177127086,0.16035461579966434
2,bnci004,MMP_merge_then_adapt,TS,lda,sa,17,4,4,20648,0.05,no_leakage_v1_alpha005,gate_all_sources_proxy_source_only_final_training_only,mmd,,,,,merge_then_adapt,coral,near_nearest_proxy,main,,4,4test,target,False,,,,,,
2,bnci004,MMP_merge_then_adapt,TS,lda,sa,17,4,4,20648,0.05,no_leakage_v1_alpha005,gate_all_sources_proxy_source_only_final_training_only,mmd,,,,,merge_then_adapt,coral,near_nearest_proxy,final,,4,4test,target,False,,,,,,
2,bnci004,MMP_merge_then_adapt,TS,lda,pt,18,0,0,21521,0.05,no_leakage_v1_alpha005,gate_all_sources_proxy_source_only_final_training_only,mmd,,,,,merge_then_adapt,coral,near_nearest_proxy,main,0.0,1,1train,far,False,,0.0,direct,0.3851983600706458,0.30618515579308225,0.46313527898346385
2,bnci004,MMP_merge_then_adapt,TS,lda,pt,18,0,0,21521,0.05,no_leakage_v1_alpha005,gate_all_sources_proxy_source_only_final_training_only,mmd,,,,,merge_then_adapt,coral,near_nearest_proxy,anchor,0.0,1,1train,not_used,False,,0.0,direct,0.3851983600706458,0.30618515579308225,0.46313527898346385
2,bnci004,MMP_merge_then_adapt,TS,lda,pt,18,0,0,21521,0.05,no_leakage_v1_alpha005,gate_all_sources_proxy_source_only_final_training_only,mmd,,,,,merge_then_adapt,coral,near_nearest_proxy,final,0.0,1,1train,not_used,False,,0.0,direct,0.3851983600706458,0.30618515579308225,0.46313527898346385
2,bnci004,MMP_merge_then_adapt,TS,lda,pt,18,0,0,21521,0.05,no_leakage_v1_alpha005,gate_all_sources_proxy_source_only_final_training_only,mmd,,,,,merge_then_adapt,coral,near_nearest_proxy,main,1.0,2,2train,far,False,,0.0,direct,0.22525758317637795,0.19372455261124127,0.26198052482781486
2,bnci004,MMP_merge_then_adapt,TS,lda,pt,18,0,0,21521,0.05,no_leakage_v1_alpha005,gate_all_sources_proxy_source_only_final_training_only,mmd,,,,,merge_then_adapt,coral,near_nearest_proxy,anchor,1.0,2,2train,second_nearest_fallback_source,False,1.0,0.0,direct,0.22525758317637795,0.19372455261124127,0.26198052482781486
2,bnci004,MMP_merge_then_adapt,TS,lda,pt,18,0,0,21521,0.05,no_leakage_v1_alpha005,gate_all_sources_proxy_source_only_final_training_only,mmd,,,,,merge_then_adapt,coral,near_nearest_proxy,final,1.0,2,2train,not_used,False,,0.0,direct,0.22525758317637795,0.19372455261124127,0.26198052482781486
2,bnci004,MMP_merge_then_adapt,TS,lda,pt,18,0,0,21521,0.05,no_leakage_v1_alpha005,gate_all_sources_proxy_source_only_final_training_only,mmd,,,,,merge_then_adapt,coral,near_nearest_proxy,main,2.0,3,3test,nearest,True,1.0,0.0,direct,0.14212490810716838,0.12087038201210629,0.17028470107759328
2,bnci004,MMP_merge_then_adapt,TS,lda,pt,18,0,0,21521,0.05,no_leakage_v1_alpha005,gate_all_sources_proxy_source_only_final_training_only,mmd,,,,,merge_then_adapt,coral,near_nearest_proxy,anchor,2.0,3,3test,target,False,,0.0,direct,0.14212490810716838,0.12087038201210629,0.17028470107759328
2,bnci004,MMP_merge_then_adapt,TS,lda,pt,18,0,0,21521,0.05,no_leakage_v1_alpha005,gate_all_sources_proxy_source_only_final_training_only,mmd,,,,,merge_then_adapt,coral,near_nearest_proxy,final,2.0,3,3test,train,True,1.0,0.0,direct,0.14212490810716838,0.12087038201210629,0.17028470107759328
2,bnci004,MMP_merge_then_adapt,TS,lda,pt,18,0,0,21521,0.05,no_leakage_v1_alpha005,gate_all_sources_proxy_source_only_final_training_only,mmd,,,,,merge_then_adapt,coral,near_nearest_proxy,main,3.0,4,4test,far,False,,0.0,direct,0.25879479770881697,0.21622226013944687,0.3060876837778119
2,bnci004,MMP_merge_then_adapt,TS,lda,pt,18,0,0,21521,0.05,no_leakage_v1_alpha005,gate_all_sources_proxy_source_only_final_training_only,mmd,,,,,merge_then_adapt,coral,near_nearest_proxy,anchor,3.0,4,4test,not_used,False,,0.0,direct,0.25879479770881697,0.21622226013944687,0.3060876837778119
2,bnci004,MMP_merge_then_adapt,TS,lda,pt,18,0,0,21521,0.05,no_leakage_v1_alpha005,gate_all_sources_proxy_source_only_final_training_only,mmd,,,,,merge_then_adapt,coral,near_nearest_proxy,final,3.0,4,4test,not_used,False,,0.0,direct,0.25879479770881697,0.21622226013944687,0.3060876837778119
2,bnci004,MMP_merge_then_adapt,TS,lda,pt,18,0,0,21521,0.05,no_leakage_v1_alpha005,gate_all_sources_proxy_source_only_final_training_only,mmd,,,,,merge_then_adapt,coral,near_nearest_proxy,main,,0,0train,target,False,,,,,,
2,bnci004,MMP_merge_then_adapt,TS,lda,pt,18,0,0,21521,0.05,no_leakage_v1_alpha005,gate_all_sources_proxy_source_only_final_training_only,mmd,,,,,merge_then_adapt,coral,near_nearest_proxy,final,,0,0train,target,False,,,,,,
2,bnci004,MMP_merge_then_adapt,TS,lda,pt,18,1,1,21552,0.05,no_leakage_v1_alpha005,gate_all_sources_proxy_source_only_final_training_only,mmd,,,,,merge_then_adapt,coral,near_nearest_proxy,main,0.0,0,0train,far,False,,1.0,direct,0.3881830258463752,0.3249189849928941,0.46020852431012094
2,bnci004,MMP_merge_then_adapt,TS,lda,pt,18,1,1,21552,0.05,no_leakage_v1_alpha005,gate_all_sources_proxy_source_only_final_training_only,mmd,,,,,merge_then_adapt,coral,near_nearest_proxy,anchor,0.0,0,0train,not_used,False,,1.0,direct,0.3881830258463752,0.3249189849928941,0.46020852431012094
2,bnci004,MMP_merge_then_adapt,TS,lda,pt,18,1,1,21552,0.05,no_leakage_v1_alpha005,gate_all_sources_proxy_source_only_final_training_only,mmd,,,,,merge_then_adapt,coral,near_nearest_proxy,final,0.0,0,0train,not_used,False,,1.0,direct,0.3881830258463752,0.3249189849928941,0.46020852431012094
2,bnci004,MMP_merge_then_adapt,TS,lda,pt,18,1,1,21552,0.05,no_leakage_v1_alpha005,gate_all_sources_proxy_source_only_final_training_only,mmd,,,,,merge_then_adapt,coral,near_nearest_proxy,main,1.0,2,2train,near,False,0.3232281695562428,1.0,direct,0.2839242591406147,0.2155289977817404,0.3498018964615383
2,bnci004,MMP_merge_then_adapt,TS,lda,pt,18,1,1,21552,0.05,no_leakage_v1_alpha005,gate_all_sources_proxy_source_only_final_training_only,mmd,,,,,merge_then_adapt,coral,near_nearest_proxy,anchor,1.0,2,2train,proxy_source,False,0.5584147027334995,1.0,direct,0.2839242591406147,0.2155289977817404,0.3498018964615383
2,bnci004,MMP_merge_then_adapt,TS,lda,pt,18,1,1,21552,0.05,no_leakage_v1_alpha005,gate_all_sources_proxy_source_only_final_training_only,mmd,,,,,merge_then_adapt,coral,near_nearest_proxy,final,1.0,2,2train,train,False,0.3232281695562428,1.0,direct,0.2839242591406147,0.2155289977817404,0.3498018964615383
2,bnci004,MMP_merge_then_adapt,TS,lda,pt,18,1,1,21552,0.05,no_leakage_v1_alpha005,gate_all_sources_proxy_source_only_final_training_only,mmd,,,,,merge_then_adapt,coral,near_nearest_proxy,main,2.0,3,3test,near,False,0.25560359825718776,1.0,direct,0.3590418398838945,0.2743296508482508,0.4315721205357514
2,bnci004,MMP_merge_then_adapt,TS,lda,pt,18,1,1,21552,0.05,no_leakage_v1_alpha005,gate_all_sources_proxy_source_only_final_training_only,mmd,,,,,merge_then_adapt,coral,near_nearest_proxy,anchor,2.0,3,3test,proxy_source,False,0.44158529726650064,1.0,direct,0.3590418398838945,0.2743296508482508,0.4315721205357514
2,bnci004,MMP_merge_then_adapt,TS,lda,pt,18,1,1,21552,0.05,no_leakage_v1_alpha005,gate_all_sources_proxy_source_only_final_training_only,mmd,,,,,merge_then_adapt,coral,near_nearest_proxy,final,2.0,3,3test,train,False,0.25560359825718776,1.0,direct,0.3590418398838945,0.2743296508482508,0.4315721205357514
2,bnci004,MMP_merge_then_adapt,TS,lda,pt,18,1,1,21552,0.05,no_leakage_v1_alpha005,gate_all_sources_proxy_source_only_final_training_only,mmd,,,,,merge_then_adapt,coral,near_nearest_proxy,main,3.0,4,4test,nearest,True,0.4211682321865695,1.0,direct,0.21789919946744044,0.15588623259291196,0.28220191322249494
2,bnci004,MMP_merge_then_adapt,TS,lda,pt,18,1,1,21552,0.05,no_leakage_v1_alpha005,gate_all_sources_proxy_source_only_final_training_only,mmd,,,,,merge_then_adapt,coral,near_nearest_proxy,anchor,3.0,4,4test,target,False,,1.0,direct,0.21789919946744044,0.15588623259291196,0.28220191322249494
2,bnci004,MMP_merge_then_adapt,TS,lda,pt,18,1,1,21552,0.05,no_leakage_v1_alpha005,gate_all_sources_proxy_source_only_final_training_only,mmd,,,,,merge_then_adapt,coral,near_nearest_proxy,final,3.0,4,4test,train,True,0.4211682321865695,1.0,direct,0.21789919946744044,0.15588623259291196,0.28220191322249494
2,bnci004,MMP_merge_then_adapt,TS,lda,pt,18,1,1,21552,0.05,no_leakage_v1_alpha005,gate_all_sources_proxy_source_only_final_training_only,mmd,,,,,merge_then_adapt,coral,near_nearest_proxy,main,,1,1train,target,False,,,,,,
2,bnci004,MMP_merge_then_adapt,TS,lda,pt,18,1,1,21552,0.05,no_leakage_v1_alpha005,gate_all_sources_proxy_source_only_final_training_only,mmd,,,,,merge_then_adapt,coral,near_nearest_proxy,final,,1,1train,target,False,,,,,,
2,bnci004,MMP_merge_then_adapt,TS,lda,pt,18,2,2,21583,0.05,no_leakage_v1_alpha005,gate_all_sources_proxy_source_only_final_training_only,mmd,,,,,merge_then_adapt,coral,near_nearest_proxy,main,0.0,0,0train,far,False,,2.0,direct,0.20947424893981711,0.1832082733274003,0.2380628661546432
2,bnci004,MMP_merge_then_adapt,TS,lda,pt,18,2,2,21583,0.05,no_leakage_v1_alpha005,gate_all_sources_proxy_source_only_final_training_only,mmd,,,,,merge_then_adapt,coral,near_nearest_proxy,anchor,0.0,0,0train,not_used,False,,2.0,direct,0.20947424893981711,0.1832082733274003,0.2380628661546432
2,bnci004,MMP_merge_then_adapt,TS,lda,pt,18,2,2,21583,0.05,no_leakage_v1_alpha005,gate_all_sources_proxy_source_only_final_training_only,mmd,,,,,merge_then_adapt,coral,near_nearest_proxy,final,0.0,0,0train,not_used,False,,2.0,direct,0.20947424893981711,0.1832082733274003,0.2380628661546432
2,bnci004,MMP_merge_then_adapt,TS,lda,pt,18,2,2,21583,0.05,no_leakage_v1_alpha005,gate_all_sources_proxy_source_only_final_training_only,mmd,,,,,merge_then_adapt,coral,near_nearest_proxy,main,1.0,1,1train,far,False,,2.0,direct,0.26290097483607405,0.2178515230127825,0.3102649102131831
2,bnci004,MMP_merge_then_adapt,TS,lda,pt,18,2,2,21583,0.05,no_leakage_v1_alpha005,gate_all_sources_proxy_source_only_final_training_only,mmd,,,,,merge_then_adapt,coral,near_nearest_proxy,anchor,1.0,1,1train,not_used,False,,2.0,direct,0.26290097483607405,0.2178515230127825,0.3102649102131831
2,bnci004,MMP_merge_then_adapt,TS,lda,pt,18,2,2,21583,0.05,no_leakage_v1_alpha005,gate_all_sources_proxy_source_only_final_training_only,mmd,,,,,merge_then_adapt,coral,near_nearest_proxy,final,1.0,1,1train,not_used,False,,2.0,direct,0.26290097483607405,0.2178515230127825,0.3102649102131831
2,bnci004,MMP_merge_then_adapt,TS,lda,pt,18,2,2,21583,0.05,no_leakage_v1_alpha005,gate_all_sources_proxy_source_only_final_training_only,mmd,,,,,merge_then_adapt,coral,near_nearest_proxy,main,2.0,3,3test,far,False,,2.0,direct,0.12882137335267493,0.10261343107774686,0.15736400576033777
2,bnci004,MMP_merge_then_adapt,TS,lda,pt,18,2,2,21583,0.05,no_leakage_v1_alpha005,gate_all_sources_proxy_source_only_final_training_only,mmd,,,,,merge_then_adapt,coral,near_nearest_proxy,anchor,2.0,3,3test,second_nearest_fallback_source,False,1.0,2.0,direct,0.12882137335267493,0.10261343107774686,0.15736400576033777
2,bnci004,MMP_merge_then_adapt,TS,lda,pt,18,2,2,21583,0.05,no_leakage_v1_alpha005,gate_all_sources_proxy_source_only_final_training_only,mmd,,,,,merge_then_adapt,coral,near_nearest_proxy,final,2.0,3,3test,not_used,False,,2.0,direct,0.12882137335267493,0.10261343107774686,0.15736400576033777
2,bnci004,MMP_merge_then_adapt,TS,lda,pt,18,2,2,21583,0.05,no_leakage_v1_alpha005,gate_all_sources_proxy_source_only_final_training_only,mmd,,,,,merge_then_adapt,coral,near_nearest_proxy,main,3.0,4,4test,nearest,True,1.0,2.0,direct,0.039031276562687164,0.02512067812551725,0.058928967171304164
2,bnci004,MMP_merge_then_adapt,TS,lda,pt,18,2,2,21583,0.05,no_leakage_v1_alpha005,gate_all_sources_proxy_source_only_final_training_only,mmd,,,,,merge_then_adapt,coral,near_nearest_proxy,anchor,3.0,4,4test,target,False,,2.0,direct,0.039031276562687164,0.02512067812551725,0.058928967171304164
2,bnci004,MMP_merge_then_adapt,TS,lda,pt,18,2,2,21583,0.05,no_leakage_v1_alpha005,gate_all_sources_proxy_source_only_final_training_only,mmd,,,,,merge_then_adapt,coral,near_nearest_proxy,final,3.0,4,4test,train,True,1.0,2.0,direct,0.039031276562687164,0.02512067812551725,0.058928967171304164
2,bnci004,MMP_merge_then_adapt,TS,lda,pt,18,2,2,21583,0.05,no_leakage_v1_alpha005,gate_all_sources_proxy_source_only_final_training_only,mmd,,,,,merge_then_adapt,coral,near_nearest_proxy,main,,2,2train,target,False,,,,,,
2,bnci004,MMP_merge_then_adapt,TS,lda,pt,18,2,2,21583,0.05,no_leakage_v1_alpha005,gate_all_sources_proxy_source_only_final_training_only,mmd,,,,,merge_then_adapt,coral,near_nearest_proxy,final,,2,2train,target,False,,,,,,
2,bnci004,MMP_merge_then_adapt,TS,lda,pt,18,3,3,21614,0.05,no_leakage_v1_alpha005,gate_all_sources_proxy_source_only_final_training_only,mmd,,,,,merge_then_adapt,coral,near_nearest_proxy,main,0.0,0,0train,near,False,0.3390374257465257,3.0,direct,0.14317788573796342,0.11537636663892059,0.18334415291575148
2,bnci004,MMP_merge_then_adapt,TS,lda,pt,18,3,3,21614,0.05,no_leakage_v1_alpha005,gate_all_sources_proxy_source_only_final_training_only,mmd,,,,,merge_then_adapt,coral,near_nearest_proxy,anchor,0.0,0,0train,proxy_source,False,0.5377103138473426,3.0,direct,0.14317788573796342,0.11537636663892059,0.18334415291575148
2,bnci004,MMP_merge_then_adapt,TS,lda,pt,18,3,3,21614,0.05,no_leakage_v1_alpha005,gate_all_sources_proxy_source_only_final_training_only,mmd,,,,,merge_then_adapt,coral,near_nearest_proxy,final,0.0,0,0train,train,False,0.3390374257465257,3.0,direct,0.14317788573796342,0.11537636663892059,0.18334415291575148
2,bnci004,MMP_merge_then_adapt,TS,lda,pt,18,3,3,21614,0.05,no_leakage_v1_alpha005,gate_all_sources_proxy_source_only_final_training_only,mmd,,,,,merge_then_adapt,coral,near_nearest_proxy,main,1.0,1,1train,far,False,,3.0,direct,0.4199084402654873,0.32338580656283467,0.520476136434949
2,bnci004,MMP_merge_then_adapt,TS,lda,pt,18,3,3,21614,0.05,no_leakage_v1_alpha005,gate_all_sources_proxy_source_only_final_training_only,mmd,,,,,merge_then_adapt,coral,near_nearest_proxy,anchor,1.0,1,1train,not_used,False,,3.0,direct,0.4199084402654873,0.32338580656283467,0.520476136434949
2,bnci004,MMP_merge_then_adapt,TS,lda,pt,18,3,3,21614,0.05,no_leakage_v1_alpha005,gate_all_sources_proxy_source_only_final_training_only,mmd,,,,,merge_then_adapt,coral,near_nearest_proxy,final,1.0,1,1train,not_used,False,,3.0,direct,0.4199084402654873,0.32338580656283467,0.520476136434949
2,bnci004,MMP_merge_then_adapt,TS,lda,pt,18,3,3,21614,0.05,no_leakage_v1_alpha005,gate_all_sources_proxy_source_only_final_training_only,mmd,,,,,merge_then_adapt,coral,near_nearest_proxy,main,2.0,2,2train,nearest,True,0.3694794073770001,3.0,direct,0.13138115519633542,0.09268687225929764,0.17895772700447582
2,bnci004,MMP_merge_then_adapt,TS,lda,pt,18,3,3,21614,0.05,no_leakage_v1_alpha005,gate_all_sources_proxy_source_only_final_training_only,mmd,,,,,merge_then_adapt,coral,near_nearest_proxy,anchor,2.0,2,2train,target,False,,3.0,direct,0.13138115519633542,0.09268687225929764,0.17895772700447582
2,bnci004,MMP_merge_then_adapt,TS,lda,pt,18,3,3,21614,0.05,no_leakage_v1_alpha005,gate_all_sources_proxy_source_only_final_training_only,mmd,,,,,merge_then_adapt,coral,near_nearest_proxy,final,2.0,2,2train,train,True,0.3694794073770001,3.0,direct,0.13138115519633542,0.09268687225929764,0.17895772700447582
2,bnci004,MMP_merge_then_adapt,TS,lda,pt,18,3,3,21614,0.05,no_leakage_v1_alpha005,gate_all_sources_proxy_source_only_final_training_only,mmd,,,,,merge_then_adapt,coral,near_nearest_proxy,main,3.0,4,4test,near,False,0.29148316687647424,3.0,direct,0.16653692176762916,0.12286268607280819,0.23841053381623187
2,bnci004,MMP_merge_then_adapt,TS,lda,pt,18,3,3,21614,0.05,no_leakage_v1_alpha005,gate_all_sources_proxy_source_only_final_training_only,mmd,,,,,merge_then_adapt,coral,near_nearest_proxy,anchor,3.0,4,4test,proxy_source,False,0.4622896861526575,3.0,direct,0.16653692176762916,0.12286268607280819,0.23841053381623187
2,bnci004,MMP_merge_then_adapt,TS,lda,pt,18,3,3,21614,0.05,no_leakage_v1_alpha005,gate_all_sources_proxy_source_only_final_training_only,mmd,,,,,merge_then_adapt,coral,near_nearest_proxy,final,3.0,4,4test,train,False,0.29148316687647424,3.0,direct,0.16653692176762916,0.12286268607280819,0.23841053381623187
2,bnci004,MMP_merge_then_adapt,TS,lda,pt,18,3,3,21614,0.05,no_leakage_v1_alpha005,gate_all_sources_proxy_source_only_final_training_only,mmd,,,,,merge_then_adapt,coral,near_nearest_proxy,main,,3,3test,target,False,,,,,,
2,bnci004,MMP_merge_then_adapt,TS,lda,pt,18,3,3,21614,0.05,no_leakage_v1_alpha005,gate_all_sources_proxy_source_only_final_training_only,mmd,,,,,merge_then_adapt,coral,near_nearest_proxy,final,,3,3test,target,False,,,,,,
2,bnci004,MMP_merge_then_adapt,TS,lda,pt,18,4,4,21645,0.05,no_leakage_v1_alpha005,gate_all_sources_proxy_source_only_final_training_only,mmd,,,,,merge_then_adapt,coral,near_nearest_proxy,main,0.0,0,0train,far,False,,4.0,direct,0.20003955344504576,0.174761996841155,0.22603896956990469
2,bnci004,MMP_merge_then_adapt,TS,lda,pt,18,4,4,21645,0.05,no_leakage_v1_alpha005,gate_all_sources_proxy_source_only_final_training_only,mmd,,,,,merge_then_adapt,coral,near_nearest_proxy,anchor,0.0,0,0train,not_used,False,,4.0,direct,0.20003955344504576,0.174761996841155,0.22603896956990469
2,bnci004,MMP_merge_then_adapt,TS,lda,pt,18,4,4,21645,0.05,no_leakage_v1_alpha005,gate_all_sources_proxy_source_only_final_training_only,mmd,,,,,merge_then_adapt,coral,near_nearest_proxy,final,0.0,0,0train,not_used,False,,4.0,direct,0.20003955344504576,0.174761996841155,0.22603896956990469
2,bnci004,MMP_merge_then_adapt,TS,lda,pt,18,4,4,21645,0.05,no_leakage_v1_alpha005,gate_all_sources_proxy_source_only_final_training_only,mmd,,,,,merge_then_adapt,coral,near_nearest_proxy,main,1.0,1,1train,far,False,,4.0,direct,0.1950221807394472,0.16022765725057597,0.23599794912059316
2,bnci004,MMP_merge_then_adapt,TS,lda,pt,18,4,4,21645,0.05,no_leakage_v1_alpha005,gate_all_sources_proxy_source_only_final_training_only,mmd,,,,,merge_then_adapt,coral,near_nearest_proxy,anchor,1.0,1,1train,not_used,False,,4.0,direct,0.1950221807394472,0.16022765725057597,0.23599794912059316
2,bnci004,MMP_merge_then_adapt,TS,lda,pt,18,4,4,21645,0.05,no_leakage_v1_alpha005,gate_all_sources_proxy_source_only_final_training_only,mmd,,,,,merge_then_adapt,coral,near_nearest_proxy,final,1.0,1,1train,not_used,False,,4.0,direct,0.1950221807394472,0.16022765725057597,0.23599794912059316
2,bnci004,MMP_merge_then_adapt,TS,lda,pt,18,4,4,21645,0.05,no_leakage_v1_alpha005,gate_all_sources_proxy_source_only_final_training_only,mmd,,,,,merge_then_adapt,coral,near_nearest_proxy,main,2.0,2,2train,nearest,True,1.0,4.0,direct,0.03728676018323352,0.022691516320374704,0.0582834834438083
2,bnci004,MMP_merge_then_adapt,TS,lda,pt,18,4,4,21645,0.05,no_leakage_v1_alpha005,gate_all_sources_proxy_source_only_final_training_only,mmd,,,,,merge_then_adapt,coral,near_nearest_proxy,anchor,2.0,2,2train,target,False,,4.0,direct,0.03728676018323352,0.022691516320374704,0.0582834834438083
2,bnci004,MMP_merge_then_adapt,TS,lda,pt,18,4,4,21645,0.05,no_leakage_v1_alpha005,gate_all_sources_proxy_source_only_final_training_only,mmd,,,,,merge_then_adapt,coral,near_nearest_proxy,final,2.0,2,2train,train,True,1.0,4.0,direct,0.03728676018323352,0.022691516320374704,0.0582834834438083
2,bnci004,MMP_merge_then_adapt,TS,lda,pt,18,4,4,21645,0.05,no_leakage_v1_alpha005,gate_all_sources_proxy_source_only_final_training_only,mmd,,,,,merge_then_adapt,coral,near_nearest_proxy,main,3.0,3,3test,far,False,,4.0,direct,0.12294891356102754,0.09179086338434651,0.15941454955694423
2,bnci004,MMP_merge_then_adapt,TS,lda,pt,18,4,4,21645,0.05,no_leakage_v1_alpha005,gate_all_sources_proxy_source_only_final_training_only,mmd,,,,,merge_then_adapt,coral,near_nearest_proxy,anchor,3.0,3,3test,second_nearest_fallback_source,False,1.0,4.0,direct,0.12294891356102754,0.09179086338434651,0.15941454955694423
2,bnci004,MMP_merge_then_adapt,TS,lda,pt,18,4,4,21645,0.05,no_leakage_v1_alpha005,gate_all_sources_proxy_source_only_final_training_only,mmd,,,,,merge_then_adapt,coral,near_nearest_proxy,final,3.0,3,3test,not_used,False,,4.0,direct,0.12294891356102754,0.09179086338434651,0.15941454955694423
2,bnci004,MMP_merge_then_adapt,TS,lda,pt,18,4,4,21645,0.05,no_leakage_v1_alpha005,gate_all_sources_proxy_source_only_final_training_only,mmd,,,,,merge_then_adapt,coral,near_nearest_proxy,main,,4,4test,target,False,,,,,,
2,bnci004,MMP_merge_then_adapt,TS,lda,pt,18,4,4,21645,0.05,no_leakage_v1_alpha005,gate_all_sources_proxy_source_only_final_training_only,mmd,,,,,merge_then_adapt,coral,near_nearest_proxy,final,,4,4test,target,False,,,,,,
2,bnci004,MMP_merge_then_adapt,TS,lda,coral,19,0,0,22518,0.05,no_leakage_v1_alpha005,gate_all_sources_proxy_source_only_final_training_only,mmd,,,,,merge_then_adapt,coral,near_nearest_proxy,main,0.0,1,1train,far,False,,0.0,direct,0.38637951167267204,0.32389841478793846,0.4568965475460984
2,bnci004,MMP_merge_then_adapt,TS,lda,coral,19,0,0,22518,0.05,no_leakage_v1_alpha005,gate_all_sources_proxy_source_only_final_training_only,mmd,,,,,merge_then_adapt,coral,near_nearest_proxy,anchor,0.0,1,1train,not_used,False,,0.0,direct,0.38637951167267204,0.32389841478793846,0.4568965475460984
2,bnci004,MMP_merge_then_adapt,TS,lda,coral,19,0,0,22518,0.05,no_leakage_v1_alpha005,gate_all_sources_proxy_source_only_final_training_only,mmd,,,,,merge_then_adapt,coral,near_nearest_proxy,final,0.0,1,1train,not_used,False,,0.0,direct,0.38637951167267204,0.32389841478793846,0.4568965475460984
2,bnci004,MMP_merge_then_adapt,TS,lda,coral,19,0,0,22518,0.05,no_leakage_v1_alpha005,gate_all_sources_proxy_source_only_final_training_only,mmd,,,,,merge_then_adapt,coral,near_nearest_proxy,main,1.0,2,2train,far,False,,0.0,direct,0.2256367370758294,0.19718025787988153,0.25943575457865
2,bnci004,MMP_merge_then_adapt,TS,lda,coral,19,0,0,22518,0.05,no_leakage_v1_alpha005,gate_all_sources_proxy_source_only_final_training_only,mmd,,,,,merge_then_adapt,coral,near_nearest_proxy,anchor,1.0,2,2train,second_nearest_fallback_source,False,1.0,0.0,direct,0.2256367370758294,0.19718025787988153,0.25943575457865
2,bnci004,MMP_merge_then_adapt,TS,lda,coral,19,0,0,22518,0.05,no_leakage_v1_alpha005,gate_all_sources_proxy_source_only_final_training_only,mmd,,,,,merge_then_adapt,coral,near_nearest_proxy,final,1.0,2,2train,not_used,False,,0.0,direct,0.2256367370758294,0.19718025787988153,0.25943575457865
2,bnci004,MMP_merge_then_adapt,TS,lda,coral,19,0,0,22518,0.05,no_leakage_v1_alpha005,gate_all_sources_proxy_source_only_final_training_only,mmd,,,,,merge_then_adapt,coral,near_nearest_proxy,main,2.0,3,3test,nearest,True,1.0,0.0,direct,0.14282574282852994,0.12117220334937895,0.172936130578321
2,bnci004,MMP_merge_then_adapt,TS,lda,coral,19,0,0,22518,0.05,no_leakage_v1_alpha005,gate_all_sources_proxy_source_only_final_training_only,mmd,,,,,merge_then_adapt,coral,near_nearest_proxy,anchor,2.0,3,3test,target,False,,0.0,direct,0.14282574282852994,0.12117220334937895,0.172936130578321
2,bnci004,MMP_merge_then_adapt,TS,lda,coral,19,0,0,22518,0.05,no_leakage_v1_alpha005,gate_all_sources_proxy_source_only_final_training_only,mmd,,,,,merge_then_adapt,coral,near_nearest_proxy,final,2.0,3,3test,train,True,1.0,0.0,direct,0.14282574282852994,0.12117220334937895,0.172936130578321
2,bnci004,MMP_merge_then_adapt,TS,lda,coral,19,0,0,22518,0.05,no_leakage_v1_alpha005,gate_all_sources_proxy_source_only_final_training_only,mmd,,,,,merge_then_adapt,coral,near_nearest_proxy,main,3.0,4,4test,far,False,,0.0,direct,0.25812039354721455,0.21976025554732576,0.2965574396277962
2,bnci004,MMP_merge_then_adapt,TS,lda,coral,19,0,0,22518,0.05,no_leakage_v1_alpha005,gate_all_sources_proxy_source_only_final_training_only,mmd,,,,,merge_then_adapt,coral,near_nearest_proxy,anchor,3.0,4,4test,not_used,False,,0.0,direct,0.25812039354721455,0.21976025554732576,0.2965574396277962
2,bnci004,MMP_merge_then_adapt,TS,lda,coral,19,0,0,22518,0.05,no_leakage_v1_alpha005,gate_all_sources_proxy_source_only_final_training_only,mmd,,,,,merge_then_adapt,coral,near_nearest_proxy,final,3.0,4,4test,not_used,False,,0.0,direct,0.25812039354721455,0.21976025554732576,0.2965574396277962
2,bnci004,MMP_merge_then_adapt,TS,lda,coral,19,0,0,22518,0.05,no_leakage_v1_alpha005,gate_all_sources_proxy_source_only_final_training_only,mmd,,,,,merge_then_adapt,coral,near_nearest_proxy,main,,0,0train,target,False,,,,,,
2,bnci004,MMP_merge_then_adapt,TS,lda,coral,19,0,0,22518,0.05,no_leakage_v1_alpha005,gate_all_sources_proxy_source_only_final_training_only,mmd,,,,,merge_then_adapt,coral,near_nearest_proxy,final,,0,0train,target,False,,,,,,
2,bnci004,MMP_merge_then_adapt,TS,lda,coral,19,1,1,22549,0.05,no_leakage_v1_alpha005,gate_all_sources_proxy_source_only_final_training_only,mmd,,,,,merge_then_adapt,coral,near_nearest_proxy,main,0.0,0,0train,far,False,,1.0,direct,0.38238495253147803,0.3215235639800281,0.44767070366789574
2,bnci004,MMP_merge_then_adapt,TS,lda,coral,19,1,1,22549,0.05,no_leakage_v1_alpha005,gate_all_sources_proxy_source_only_final_training_only,mmd,,,,,merge_then_adapt,coral,near_nearest_proxy,anchor,0.0,0,0train,not_used,False,,1.0,direct,0.38238495253147803,0.3215235639800281,0.44767070366789574
2,bnci004,MMP_merge_then_adapt,TS,lda,coral,19,1,1,22549,0.05,no_leakage_v1_alpha005,gate_all_sources_proxy_source_only_final_training_only,mmd,,,,,merge_then_adapt,coral,near_nearest_proxy,final,0.0,0,0train,not_used,False,,1.0,direct,0.38238495253147803,0.3215235639800281,0.44767070366789574
2,bnci004,MMP_merge_then_adapt,TS,lda,coral,19,1,1,22549,0.05,no_leakage_v1_alpha005,gate_all_sources_proxy_source_only_final_training_only,mmd,,,,,merge_then_adapt,coral,near_nearest_proxy,main,1.0,2,2train,near,False,0.43914972308364836,1.0,direct,0.28014631051683836,0.21966201797844223,0.3489166855065982
2,bnci004,MMP_merge_then_adapt,TS,lda,coral,19,1,1,22549,0.05,no_leakage_v1_alpha005,gate_all_sources_proxy_source_only_final_training_only,mmd,,,,,merge_then_adapt,coral,near_nearest_proxy,anchor,1.0,2,2train,proxy_source,False,1.0,1.0,direct,0.28014631051683836,0.21966201797844223,0.3489166855065982
2,bnci004,MMP_merge_then_adapt,TS,lda,coral,19,1,1,22549,0.05,no_leakage_v1_alpha005,gate_all_sources_proxy_source_only_final_training_only,mmd,,,,,merge_then_adapt,coral,near_nearest_proxy,final,1.0,2,2train,train,False,0.43914972308364836,1.0,direct,0.28014631051683836,0.21966201797844223,0.3489166855065982
2,bnci004,MMP_merge_then_adapt,TS,lda,coral,19,1,1,22549,0.05,no_leakage_v1_alpha005,gate_all_sources_proxy_source_only_final_training_only,mmd,,,,,merge_then_adapt,coral,near_nearest_proxy,main,2.0,3,3test,far,False,,1.0,direct,0.36065534384087145,0.28869269025898464,0.444145755025741
2,bnci004,MMP_merge_then_adapt,TS,lda,coral,19,1,1,22549,0.05,no_leakage_v1_alpha005,gate_all_sources_proxy_source_only_final_training_only,mmd,,,,,merge_then_adapt,coral,near_nearest_proxy,anchor,2.0,3,3test,not_used,False,,1.0,direct,0.36065534384087145,0.28869269025898464,0.444145755025741
2,bnci004,MMP_merge_then_adapt,TS,lda,coral,19,1,1,22549,0.05,no_leakage_v1_alpha005,gate_all_sources_proxy_source_only_final_training_only,mmd,,,,,merge_then_adapt,coral,near_nearest_proxy,final,2.0,3,3test,not_used,False,,1.0,direct,0.36065534384087145,0.28869269025898464,0.444145755025741
2,bnci004,MMP_merge_then_adapt,TS,lda,coral,19,1,1,22549,0.05,no_leakage_v1_alpha005,gate_all_sources_proxy_source_only_final_training_only,mmd,,,,,merge_then_adapt,coral,near_nearest_proxy,main,3.0,4,4test,nearest,True,0.5608502769163517,1.0,direct,0.21935632030394855,0.1710268826156877,0.2798152187761266
2,bnci004,MMP_merge_then_adapt,TS,lda,coral,19,1,1,22549,0.05,no_leakage_v1_alpha005,gate_all_sources_proxy_source_only_final_training_only,mmd,,,,,merge_then_adapt,coral,near_nearest_proxy,anchor,3.0,4,4test,target,False,,1.0,direct,0.21935632030394855,0.1710268826156877,0.2798152187761266
2,bnci004,MMP_merge_then_adapt,TS,lda,coral,19,1,1,22549,0.05,no_leakage_v1_alpha005,gate_all_sources_proxy_source_only_final_training_only,mmd,,,,,merge_then_adapt,coral,near_nearest_proxy,final,3.0,4,4test,train,True,0.5608502769163517,1.0,direct,0.21935632030394855,0.1710268826156877,0.2798152187761266
2,bnci004,MMP_merge_then_adapt,TS,lda,coral,19,1,1,22549,0.05,no_leakage_v1_alpha005,gate_all_sources_proxy_source_only_final_training_only,mmd,,,,,merge_then_adapt,coral,near_nearest_proxy,main,,1,1train,target,False,,,,,,
2,bnci004,MMP_merge_then_adapt,TS,lda,coral,19,1,1,22549,0.05,no_leakage_v1_alpha005,gate_all_sources_proxy_source_only_final_training_only,mmd,,,,,merge_then_adapt,coral,near_nearest_proxy,final,,1,1train,target,False,,,,,,
2,bnci004,MMP_merge_then_adapt,TS,lda,coral,19,2,2,22580,0.05,no_leakage_v1_alpha005,gate_all_sources_proxy_source_only_final_training_only,mmd,,,,,merge_then_adapt,coral,near_nearest_proxy,main,0.0,0,0train,far,False,,2.0,direct,0.2099560873973533,0.18354495317388914,0.24343554106987234
2,bnci004,MMP_merge_then_adapt,TS,lda,coral,19,2,2,22580,0.05,no_leakage_v1_alpha005,gate_all_sources_proxy_source_only_final_training_only,mmd,,,,,merge_then_adapt,coral,near_nearest_proxy,anchor,0.0,0,0train,not_used,False,,2.0,direct,0.2099560873973533,0.18354495317388914,0.24343554106987234
2,bnci004,MMP_merge_then_adapt,TS,lda,coral,19,2,2,22580,0.05,no_leakage_v1_alpha005,gate_all_sources_proxy_source_only_final_training_only,mmd,,,,,merge_then_adapt,coral,near_nearest_proxy,final,0.0,0,0train,not_used,False,,2.0,direct,0.2099560873973533,0.18354495317388914,0.24343554106987234
2,bnci004,MMP_merge_then_adapt,TS,lda,coral,19,2,2,22580,0.05,no_leakage_v1_alpha005,gate_all_sources_proxy_source_only_final_training_only,mmd,,,,,merge_then_adapt,coral,near_nearest_proxy,main,1.0,1,1train,far,False,,2.0,direct,0.26178692597315883,0.21887088059214457,0.3158862472547537
2,bnci004,MMP_merge_then_adapt,TS,lda,coral,19,2,2,22580,0.05,no_leakage_v1_alpha005,gate_all_sources_proxy_source_only_final_training_only,mmd,,,,,merge_then_adapt,coral,near_nearest_proxy,anchor,1.0,1,1train,not_used,False,,2.0,direct,0.26178692597315883,0.21887088059214457,0.3158862472547537
2,bnci004,MMP_merge_then_adapt,TS,lda,coral,19,2,2,22580,0.05,no_leakage_v1_alpha005,gate_all_sources_proxy_source_only_final_training_only,mmd,,,,,merge_then_adapt,coral,near_nearest_proxy,final,1.0,1,1train,not_used,False,,2.0,direct,0.26178692597315883,0.21887088059214457,0.3158862472547537
2,bnci004,MMP_merge_then_adapt,TS,lda,coral,19,2,2,22580,0.05,no_leakage_v1_alpha005,gate_all_sources_proxy_source_only_final_training_only,mmd,,,,,merge_then_adapt,coral,near_nearest_proxy,main,2.0,3,3test,far,False,,2.0,direct,0.12896030563367628,0.10283244298138006,0.15923368485298425
2,bnci004,MMP_merge_then_adapt,TS,lda,coral,19,2,2,22580,0.05,no_leakage_v1_alpha005,gate_all_sources_proxy_source_only_final_training_only,mmd,,,,,merge_then_adapt,coral,near_nearest_proxy,anchor,2.0,3,3test,second_nearest_fallback_source,False,1.0,2.0,direct,0.12896030563367628,0.10283244298138006,0.15923368485298425
2,bnci004,MMP_merge_then_adapt,TS,lda,coral,19,2,2,22580,0.05,no_leakage_v1_alpha005,gate_all_sources_proxy_source_only_final_training_only,mmd,,,,,merge_then_adapt,coral,near_nearest_proxy,final,2.0,3,3test,not_used,False,,2.0,direct,0.12896030563367628,0.10283244298138006,0.15923368485298425
2,bnci004,MMP_merge_then_adapt,TS,lda,coral,19,2,2,22580,0.05,no_leakage_v1_alpha005,gate_all_sources_proxy_source_only_final_training_only,mmd,,,,,merge_then_adapt,coral,near_nearest_proxy,main,3.0,4,4test,nearest,True,1.0,2.0,direct,0.038161008350041575,0.022113839829556624,0.056637942150683636
2,bnci004,MMP_merge_then_adapt,TS,lda,coral,19,2,2,22580,0.05,no_leakage_v1_alpha005,gate_all_sources_proxy_source_only_final_training_only,mmd,,,,,merge_then_adapt,coral,near_nearest_proxy,anchor,3.0,4,4test,target,False,,2.0,direct,0.038161008350041575,0.022113839829556624,0.056637942150683636
2,bnci004,MMP_merge_then_adapt,TS,lda,coral,19,2,2,22580,0.05,no_leakage_v1_alpha005,gate_all_sources_proxy_source_only_final_training_only,mmd,,,,,merge_then_adapt,coral,near_nearest_proxy,final,3.0,4,4test,train,True,1.0,2.0,direct,0.038161008350041575,0.022113839829556624,0.056637942150683636
2,bnci004,MMP_merge_then_adapt,TS,lda,coral,19,2,2,22580,0.05,no_leakage_v1_alpha005,gate_all_sources_proxy_source_only_final_training_only,mmd,,,,,merge_then_adapt,coral,near_nearest_proxy,main,,2,2train,target,False,,,,,,
2,bnci004,MMP_merge_then_adapt,TS,lda,coral,19,2,2,22580,0.05,no_leakage_v1_alpha005,gate_all_sources_proxy_source_only_final_training_only,mmd,,,,,merge_then_adapt,coral,near_nearest_proxy,final,,2,2train,target,False,,,,,,
2,bnci004,MMP_merge_then_adapt,TS,lda,coral,19,3,3,22611,0.05,no_leakage_v1_alpha005,gate_all_sources_proxy_source_only_final_training_only,mmd,,,,,merge_then_adapt,coral,near_nearest_proxy,main,0.0,0,0train,near,False,0.340480222661118,3.0,direct,0.14242339763138834,0.11686985000340705,0.16777802436120925
2,bnci004,MMP_merge_then_adapt,TS,lda,coral,19,3,3,22611,0.05,no_leakage_v1_alpha005,gate_all_sources_proxy_source_only_final_training_only,mmd,,,,,merge_then_adapt,coral,near_nearest_proxy,anchor,0.0,0,0train,proxy_source,False,0.5363517017632324,3.0,direct,0.14242339763138834,0.11686985000340705,0.16777802436120925
2,bnci004,MMP_merge_then_adapt,TS,lda,coral,19,3,3,22611,0.05,no_leakage_v1_alpha005,gate_all_sources_proxy_source_only_final_training_only,mmd,,,,,merge_then_adapt,coral,near_nearest_proxy,final,0.0,0,0train,train,False,0.340480222661118,3.0,direct,0.14242339763138834,0.11686985000340705,0.16777802436120925
2,bnci004,MMP_merge_then_adapt,TS,lda,coral,19,3,3,22611,0.05,no_leakage_v1_alpha005,gate_all_sources_proxy_source_only_final_training_only,mmd,,,,,merge_then_adapt,coral,near_nearest_proxy,main,1.0,1,1train,far,False,,3.0,direct,0.4196907934505613,0.3422187623793567,0.5175753364393427
2,bnci004,MMP_merge_then_adapt,TS,lda,coral,19,3,3,22611,0.05,no_leakage_v1_alpha005,gate_all_sources_proxy_source_only_final_training_only,mmd,,,,,merge_then_adapt,coral,near_nearest_proxy,anchor,1.0,1,1train,not_used,False,,3.0,direct,0.4196907934505613,0.3422187623793567,0.5175753364393427
2,bnci004,MMP_merge_then_adapt,TS,lda,coral,19,3,3,22611,0.05,no_leakage_v1_alpha005,gate_all_sources_proxy_source_only_final_training_only,mmd,,,,,merge_then_adapt,coral,near_nearest_proxy,final,1.0,1,1train,not_used,False,,3.0,direct,0.4196907934505613,0.3422187623793567,0.5175753364393427
2,bnci004,MMP_merge_then_adapt,TS,lda,coral,19,3,3,22611,0.05,no_leakage_v1_alpha005,gate_all_sources_proxy_source_only_final_training_only,mmd,,,,,merge_then_adapt,coral,near_nearest_proxy,main,2.0,2,2train,nearest,True,0.36519223945443946,3.0,direct,0.1327857500425363,0.09834736216132102,0.17283489905444713
2,bnci004,MMP_merge_then_adapt,TS,lda,coral,19,3,3,22611,0.05,no_leakage_v1_alpha005,gate_all_sources_proxy_source_only_final_training_only,mmd,,,,,merge_then_adapt,coral,near_nearest_proxy,anchor,2.0,2,2train,target,False,,3.0,direct,0.1327857500425363,0.09834736216132102,0.17283489905444713
2,bnci004,MMP_merge_then_adapt,TS,lda,coral,19,3,3,22611,0.05,no_leakage_v1_alpha005,gate_all_sources_proxy_source_only_final_training_only,mmd,,,,,merge_then_adapt,coral,near_nearest_proxy,final,2.0,2,2train,train,True,0.36519223945443946,3.0,direct,0.1327857500425363,0.09834736216132102,0.17283489905444713
2,bnci004,MMP_merge_then_adapt,TS,lda,coral,19,3,3,22611,0.05,no_leakage_v1_alpha005,gate_all_sources_proxy_source_only_final_training_only,mmd,,,,,merge_then_adapt,coral,near_nearest_proxy,main,3.0,4,4test,near,False,0.2943275378844426,3.0,direct,0.16475657235107805,0.11222391238132085,0.22823522124115625
2,bnci004,MMP_merge_then_adapt,TS,lda,coral,19,3,3,22611,0.05,no_leakage_v1_alpha005,gate_all_sources_proxy_source_only_final_training_only,mmd,,,,,merge_then_adapt,coral,near_nearest_proxy,anchor,3.0,4,4test,proxy_source,False,0.4636482982367675,3.0,direct,0.16475657235107805,0.11222391238132085,0.22823522124115625
2,bnci004,MMP_merge_then_adapt,TS,lda,coral,19,3,3,22611,0.05,no_leakage_v1_alpha005,gate_all_sources_proxy_source_only_final_training_only,mmd,,,,,merge_then_adapt,coral,near_nearest_proxy,final,3.0,4,4test,train,False,0.2943275378844426,3.0,direct,0.16475657235107805,0.11222391238132085,0.22823522124115625
2,bnci004,MMP_merge_then_adapt,TS,lda,coral,19,3,3,22611,0.05,no_leakage_v1_alpha005,gate_all_sources_proxy_source_only_final_training_only,mmd,,,,,merge_then_adapt,coral,near_nearest_proxy,main,,3,3test,target,False,,,,,,
2,bnci004,MMP_merge_then_adapt,TS,lda,coral,19,3,3,22611,0.05,no_leakage_v1_alpha005,gate_all_sources_proxy_source_only_final_training_only,mmd,,,,,merge_then_adapt,coral,near_nearest_proxy,final,,3,3test,target,False,,,,,,
2,bnci004,MMP_merge_then_adapt,TS,lda,coral,19,4,4,22642,0.05,no_leakage_v1_alpha005,gate_all_sources_proxy_source_only_final_training_only,mmd,,,,,merge_then_adapt,coral,near_nearest_proxy,main,0.0,0,0train,far,False,,4.0,direct,0.19925480423192735,0.17207479869652356,0.22198009013148642
2,bnci004,MMP_merge_then_adapt,TS,lda,coral,19,4,4,22642,0.05,no_leakage_v1_alpha005,gate_all_sources_proxy_source_only_final_training_only,mmd,,,,,merge_then_adapt,coral,near_nearest_proxy,anchor,0.0,0,0train,not_used,False,,4.0,direct,0.19925480423192735,0.17207479869652356,0.22198009013148642
2,bnci004,MMP_merge_then_adapt,TS,lda,coral,19,4,4,22642,0.05,no_leakage_v1_alpha005,gate_all_sources_proxy_source_only_final_training_only,mmd,,,,,merge_then_adapt,coral,near_nearest_proxy,final,0.0,0,0train,not_used,False,,4.0,direct,0.19925480423192735,0.17207479869652356,0.22198009013148642
2,bnci004,MMP_merge_then_adapt,TS,lda,coral,19,4,4,22642,0.05,no_leakage_v1_alpha005,gate_all_sources_proxy_source_only_final_training_only,mmd,,,,,merge_then_adapt,coral,near_nearest_proxy,main,1.0,1,1train,far,False,,4.0,direct,0.19366157481655427,0.1555879979143199,0.23125680024213588
2,bnci004,MMP_merge_then_adapt,TS,lda,coral,19,4,4,22642,0.05,no_leakage_v1_alpha005,gate_all_sources_proxy_source_only_final_training_only,mmd,,,,,merge_then_adapt,coral,near_nearest_proxy,anchor,1.0,1,1train,not_used,False,,4.0,direct,0.19366157481655427,0.1555879979143199,0.23125680024213588
2,bnci004,MMP_merge_then_adapt,TS,lda,coral,19,4,4,22642,0.05,no_leakage_v1_alpha005,gate_all_sources_proxy_source_only_final_training_only,mmd,,,,,merge_then_adapt,coral,near_nearest_proxy,final,1.0,1,1train,not_used,False,,4.0,direct,0.19366157481655427,0.1555879979143199,0.23125680024213588
2,bnci004,MMP_merge_then_adapt,TS,lda,coral,19,4,4,22642,0.05,no_leakage_v1_alpha005,gate_all_sources_proxy_source_only_final_training_only,mmd,,,,,merge_then_adapt,coral,near_nearest_proxy,main,2.0,2,2train,nearest,True,1.0,4.0,direct,0.03861074228250664,0.026296124852011264,0.056495902667345575
2,bnci004,MMP_merge_then_adapt,TS,lda,coral,19,4,4,22642,0.05,no_leakage_v1_alpha005,gate_all_sources_proxy_source_only_final_training_only,mmd,,,,,merge_then_adapt,coral,near_nearest_proxy,anchor,2.0,2,2train,target,False,,4.0,direct,0.03861074228250664,0.026296124852011264,0.056495902667345575
2,bnci004,MMP_merge_then_adapt,TS,lda,coral,19,4,4,22642,0.05,no_leakage_v1_alpha005,gate_all_sources_proxy_source_only_final_training_only,mmd,,,,,merge_then_adapt,coral,near_nearest_proxy,final,2.0,2,2train,train,True,1.0,4.0,direct,0.03861074228250664,0.026296124852011264,0.056495902667345575
2,bnci004,MMP_merge_then_adapt,TS,lda,coral,19,4,4,22642,0.05,no_leakage_v1_alpha005,gate_all_sources_proxy_source_only_final_training_only,mmd,,,,,merge_then_adapt,coral,near_nearest_proxy,main,3.0,3,3test,far,False,,4.0,direct,0.12202142845630971,0.09195493246772579,0.16008530030440915
2,bnci004,MMP_merge_then_adapt,TS,lda,coral,19,4,4,22642,0.05,no_leakage_v1_alpha005,gate_all_sources_proxy_source_only_final_training_only,mmd,,,,,merge_then_adapt,coral,near_nearest_proxy,anchor,3.0,3,3test,second_nearest_fallback_source,False,1.0,4.0,direct,0.12202142845630971,0.09195493246772579,0.16008530030440915
2,bnci004,MMP_merge_then_adapt,TS,lda,coral,19,4,4,22642,0.05,no_leakage_v1_alpha005,gate_all_sources_proxy_source_only_final_training_only,mmd,,,,,merge_then_adapt,coral,near_nearest_proxy,final,3.0,3,3test,not_used,False,,4.0,direct,0.12202142845630971,0.09195493246772579,0.16008530030440915
2,bnci004,MMP_merge_then_adapt,TS,lda,coral,19,4,4,22642,0.05,no_leakage_v1_alpha005,gate_all_sources_proxy_source_only_final_training_only,mmd,,,,,merge_then_adapt,coral,near_nearest_proxy,main,,4,4test,target,False,,,,,,
2,bnci004,MMP_merge_then_adapt,TS,lda,coral,19,4,4,22642,0.05,no_leakage_v1_alpha005,gate_all_sources_proxy_source_only_final_training_only,mmd,,,,,merge_then_adapt,coral,near_nearest_proxy,final,,4,4test,target,False,,,,,,
2,bnci004,MMP_merge_then_adapt,TS,svm_radial,none,20,0,0,23515,0.05,no_leakage_v1_alpha005,gate_all_sources_proxy_source_only_final_training_only,mmd,,,,,merge_then_adapt,coral,near_nearest_proxy,main,0.0,1,1train,far,False,,0.0,direct,0.3863349358985555,0.3162177672918061,0.45727497258710237
2,bnci004,MMP_merge_then_adapt,TS,svm_radial,none,20,0,0,23515,0.05,no_leakage_v1_alpha005,gate_all_sources_proxy_source_only_final_training_only,mmd,,,,,merge_then_adapt,coral,near_nearest_proxy,anchor,0.0,1,1train,not_used,False,,0.0,direct,0.3863349358985555,0.3162177672918061,0.45727497258710237
2,bnci004,MMP_merge_then_adapt,TS,svm_radial,none,20,0,0,23515,0.05,no_leakage_v1_alpha005,gate_all_sources_proxy_source_only_final_training_only,mmd,,,,,merge_then_adapt,coral,near_nearest_proxy,final,0.0,1,1train,not_used,False,,0.0,direct,0.3863349358985555,0.3162177672918061,0.45727497258710237
2,bnci004,MMP_merge_then_adapt,TS,svm_radial,none,20,0,0,23515,0.05,no_leakage_v1_alpha005,gate_all_sources_proxy_source_only_final_training_only,mmd,,,,,merge_then_adapt,coral,near_nearest_proxy,main,1.0,2,2train,far,False,,0.0,direct,0.22468338217059983,0.19164888025676183,0.2619738462053618
2,bnci004,MMP_merge_then_adapt,TS,svm_radial,none,20,0,0,23515,0.05,no_leakage_v1_alpha005,gate_all_sources_proxy_source_only_final_training_only,mmd,,,,,merge_then_adapt,coral,near_nearest_proxy,anchor,1.0,2,2train,second_nearest_fallback_source,False,1.0,0.0,direct,0.22468338217059983,0.19164888025676183,0.2619738462053618
2,bnci004,MMP_merge_then_adapt,TS,svm_radial,none,20,0,0,23515,0.05,no_leakage_v1_alpha005,gate_all_sources_proxy_source_only_final_training_only,mmd,,,,,merge_then_adapt,coral,near_nearest_proxy,final,1.0,2,2train,not_used,False,,0.0,direct,0.22468338217059983,0.19164888025676183,0.2619738462053618
2,bnci004,MMP_merge_then_adapt,TS,svm_radial,none,20,0,0,23515,0.05,no_leakage_v1_alpha005,gate_all_sources_proxy_source_only_final_training_only,mmd,,,,,merge_then_adapt,coral,near_nearest_proxy,main,2.0,3,3test,nearest,True,1.0,0.0,direct,0.14293921665585022,0.11541588698414527,0.1752733545047173
2,bnci004,MMP_merge_then_adapt,TS,svm_radial,none,20,0,0,23515,0.05,no_leakage_v1_alpha005,gate_all_sources_proxy_source_only_final_training_only,mmd,,,,,merge_then_adapt,coral,near_nearest_proxy,anchor,2.0,3,3test,target,False,,0.0,direct,0.14293921665585022,0.11541588698414527,0.1752733545047173
2,bnci004,MMP_merge_then_adapt,TS,svm_radial,none,20,0,0,23515,0.05,no_leakage_v1_alpha005,gate_all_sources_proxy_source_only_final_training_only,mmd,,,,,merge_then_adapt,coral,near_nearest_proxy,final,2.0,3,3test,train,True,1.0,0.0,direct,0.14293921665585022,0.11541588698414527,0.1752733545047173
2,bnci004,MMP_merge_then_adapt,TS,svm_radial,none,20,0,0,23515,0.05,no_leakage_v1_alpha005,gate_all_sources_proxy_source_only_final_training_only,mmd,,,,,merge_then_adapt,coral,near_nearest_proxy,main,3.0,4,4test,far,False,,0.0,direct,0.25752245244384114,0.22255780573654732,0.30281992172918376
2,bnci004,MMP_merge_then_adapt,TS,svm_radial,none,20,0,0,23515,0.05,no_leakage_v1_alpha005,gate_all_sources_proxy_source_only_final_training_only,mmd,,,,,merge_then_adapt,coral,near_nearest_proxy,anchor,3.0,4,4test,not_used,False,,0.0,direct,0.25752245244384114,0.22255780573654732,0.30281992172918376
2,bnci004,MMP_merge_then_adapt,TS,svm_radial,none,20,0,0,23515,0.05,no_leakage_v1_alpha005,gate_all_sources_proxy_source_only_final_training_only,mmd,,,,,merge_then_adapt,coral,near_nearest_proxy,final,3.0,4,4test,not_used,False,,0.0,direct,0.25752245244384114,0.22255780573654732,0.30281992172918376
2,bnci004,MMP_merge_then_adapt,TS,svm_radial,none,20,0,0,23515,0.05,no_leakage_v1_alpha005,gate_all_sources_proxy_source_only_final_training_only,mmd,,,,,merge_then_adapt,coral,near_nearest_proxy,main,,0,0train,target,False,,,,,,
2,bnci004,MMP_merge_then_adapt,TS,svm_radial,none,20,0,0,23515,0.05,no_leakage_v1_alpha005,gate_all_sources_proxy_source_only_final_training_only,mmd,,,,,merge_then_adapt,coral,near_nearest_proxy,final,,0,0train,target,False,,,,,,
2,bnci004,MMP_merge_then_adapt,TS,svm_radial,none,20,1,1,23546,0.05,no_leakage_v1_alpha005,gate_all_sources_proxy_source_only_final_training_only,mmd,,,,,merge_then_adapt,coral,near_nearest_proxy,main,0.0,0,0train,far,False,,1.0,direct,0.3885337208401213,0.32763275638006945,0.45266523187140967
2,bnci004,MMP_merge_then_adapt,TS,svm_radial,none,20,1,1,23546,0.05,no_leakage_v1_alpha005,gate_all_sources_proxy_source_only_final_training_only,mmd,,,,,merge_then_adapt,coral,near_nearest_proxy,anchor,0.0,0,0train,not_used,False,,1.0,direct,0.3885337208401213,0.32763275638006945,0.45266523187140967
2,bnci004,MMP_merge_then_adapt,TS,svm_radial,none,20,1,1,23546,0.05,no_leakage_v1_alpha005,gate_all_sources_proxy_source_only_final_training_only,mmd,,,,,merge_then_adapt,coral,near_nearest_proxy,final,0.0,0,0train,not_used,False,,1.0,direct,0.3885337208401213,0.32763275638006945,0.45266523187140967
2,bnci004,MMP_merge_then_adapt,TS,svm_radial,none,20,1,1,23546,0.05,no_leakage_v1_alpha005,gate_all_sources_proxy_source_only_final_training_only,mmd,,,,,merge_then_adapt,coral,near_nearest_proxy,main,1.0,2,2train,near,False,0.3242089810544704,1.0,direct,0.2807472069806593,0.223761625432498,0.36298634511710004
2,bnci004,MMP_merge_then_adapt,TS,svm_radial,none,20,1,1,23546,0.05,no_leakage_v1_alpha005,gate_all_sources_proxy_source_only_final_training_only,mmd,,,,,merge_then_adapt,coral,near_nearest_proxy,anchor,1.0,2,2train,proxy_source,False,0.5578446549701218,1.0,direct,0.2807472069806593,0.223761625432498,0.36298634511710004
2,bnci004,MMP_merge_then_adapt,TS,svm_radial,none,20,1,1,23546,0.05,no_leakage_v1_alpha005,gate_all_sources_proxy_source_only_final_training_only,mmd,,,,,merge_then_adapt,coral,near_nearest_proxy,final,1.0,2,2train,train,False,0.3242089810544704,1.0,direct,0.2807472069806593,0.223761625432498,0.36298634511710004
2,bnci004,MMP_merge_then_adapt,TS,svm_radial,none,20,1,1,23546,0.05,no_leakage_v1_alpha005,gate_all_sources_proxy_source_only_final_training_only,mmd,,,,,merge_then_adapt,coral,near_nearest_proxy,main,2.0,3,3test,near,False,0.25697249691780677,1.0,direct,0.3542045714514165,0.26879102305372665,0.44259138632205297
2,bnci004,MMP_merge_then_adapt,TS,svm_radial,none,20,1,1,23546,0.05,no_leakage_v1_alpha005,gate_all_sources_proxy_source_only_final_training_only,mmd,,,,,merge_then_adapt,coral,near_nearest_proxy,anchor,2.0,3,3test,proxy_source,False,0.4421553450298782,1.0,direct,0.3542045714514165,0.26879102305372665,0.44259138632205297
2,bnci004,MMP_merge_then_adapt,TS,svm_radial,none,20,1,1,23546,0.05,no_leakage_v1_alpha005,gate_all_sources_proxy_source_only_final_training_only,mmd,,,,,merge_then_adapt,coral,near_nearest_proxy,final,2.0,3,3test,train,False,0.25697249691780677,1.0,direct,0.3542045714514165,0.26879102305372665,0.44259138632205297
2,bnci004,MMP_merge_then_adapt,TS,svm_radial,none,20,1,1,23546,0.05,no_leakage_v1_alpha005,gate_all_sources_proxy_source_only_final_training_only,mmd,,,,,merge_then_adapt,coral,near_nearest_proxy,main,3.0,4,4test,nearest,True,0.4188185220277228,1.0,direct,0.21732723485787517,0.16674485146669357,0.27452919483845595
2,bnci004,MMP_merge_then_adapt,TS,svm_radial,none,20,1,1,23546,0.05,no_leakage_v1_alpha005,gate_all_sources_proxy_source_only_final_training_only,mmd,,,,,merge_then_adapt,coral,near_nearest_proxy,anchor,3.0,4,4test,target,False,,1.0,direct,0.21732723485787517,0.16674485146669357,0.27452919483845595
2,bnci004,MMP_merge_then_adapt,TS,svm_radial,none,20,1,1,23546,0.05,no_leakage_v1_alpha005,gate_all_sources_proxy_source_only_final_training_only,mmd,,,,,merge_then_adapt,coral,near_nearest_proxy,final,3.0,4,4test,train,True,0.4188185220277228,1.0,direct,0.21732723485787517,0.16674485146669357,0.27452919483845595
2,bnci004,MMP_merge_then_adapt,TS,svm_radial,none,20,1,1,23546,0.05,no_leakage_v1_alpha005,gate_all_sources_proxy_source_only_final_training_only,mmd,,,,,merge_then_adapt,coral,near_nearest_proxy,main,,1,1train,target,False,,,,,,
2,bnci004,MMP_merge_then_adapt,TS,svm_radial,none,20,1,1,23546,0.05,no_leakage_v1_alpha005,gate_all_sources_proxy_source_only_final_training_only,mmd,,,,,merge_then_adapt,coral,near_nearest_proxy,final,,1,1train,target,False,,,,,,
2,bnci004,MMP_merge_then_adapt,TS,svm_radial,none,20,2,2,23577,0.05,no_leakage_v1_alpha005,gate_all_sources_proxy_source_only_final_training_only,mmd,,,,,merge_then_adapt,coral,near_nearest_proxy,main,0.0,0,0train,far,False,,2.0,direct,0.210242683839179,0.18311223588396633,0.23891431381016012
2,bnci004,MMP_merge_then_adapt,TS,svm_radial,none,20,2,2,23577,0.05,no_leakage_v1_alpha005,gate_all_sources_proxy_source_only_final_training_only,mmd,,,,,merge_then_adapt,coral,near_nearest_proxy,anchor,0.0,0,0train,not_used,False,,2.0,direct,0.210242683839179,0.18311223588396633,0.23891431381016012
2,bnci004,MMP_merge_then_adapt,TS,svm_radial,none,20,2,2,23577,0.05,no_leakage_v1_alpha005,gate_all_sources_proxy_source_only_final_training_only,mmd,,,,,merge_then_adapt,coral,near_nearest_proxy,final,0.0,0,0train,not_used,False,,2.0,direct,0.210242683839179,0.18311223588396633,0.23891431381016012
2,bnci004,MMP_merge_then_adapt,TS,svm_radial,none,20,2,2,23577,0.05,no_leakage_v1_alpha005,gate_all_sources_proxy_source_only_final_training_only,mmd,,,,,merge_then_adapt,coral,near_nearest_proxy,main,1.0,1,1train,far,False,,2.0,direct,0.2609656312111437,0.2176031994082833,0.31679690758261064
2,bnci004,MMP_merge_then_adapt,TS,svm_radial,none,20,2,2,23577,0.05,no_leakage_v1_alpha005,gate_all_sources_proxy_source_only_final_training_only,mmd,,,,,merge_then_adapt,coral,near_nearest_proxy,anchor,1.0,1,1train,not_used,False,,2.0,direct,0.2609656312111437,0.2176031994082833,0.31679690758261064
2,bnci004,MMP_merge_then_adapt,TS,svm_radial,none,20,2,2,23577,0.05,no_leakage_v1_alpha005,gate_all_sources_proxy_source_only_final_training_only,mmd,,,,,merge_then_adapt,coral,near_nearest_proxy,final,1.0,1,1train,not_used,False,,2.0,direct,0.2609656312111437,0.2176031994082833,0.31679690758261064
2,bnci004,MMP_merge_then_adapt,TS,svm_radial,none,20,2,2,23577,0.05,no_leakage_v1_alpha005,gate_all_sources_proxy_source_only_final_training_only,mmd,,,,,merge_then_adapt,coral,near_nearest_proxy,main,2.0,3,3test,far,False,,2.0,direct,0.12960973006892781,0.1035580931100162,0.1620000241185879
2,bnci004,MMP_merge_then_adapt,TS,svm_radial,none,20,2,2,23577,0.05,no_leakage_v1_alpha005,gate_all_sources_proxy_source_only_final_training_only,mmd,,,,,merge_then_adapt,coral,near_nearest_proxy,anchor,2.0,3,3test,second_nearest_fallback_source,False,1.0,2.0,direct,0.12960973006892781,0.1035580931100162,0.1620000241185879
2,bnci004,MMP_merge_then_adapt,TS,svm_radial,none,20,2,2,23577,0.05,no_leakage_v1_alpha005,gate_all_sources_proxy_source_only_final_training_only,mmd,,,,,merge_then_adapt,coral,near_nearest_proxy,final,2.0,3,3test,not_used,False,,2.0,direct,0.12960973006892781,0.1035580931100162,0.1620000241185879
2,bnci004,MMP_merge_then_adapt,TS,svm_radial,none,20,2,2,23577,0.05,no_leakage_v1_alpha005,gate_all_sources_proxy_source_only_final_training_only,mmd,,,,,merge_then_adapt,coral,near_nearest_proxy,main,3.0,4,4test,nearest,True,1.0,2.0,direct,0.038443341003586554,0.023754662581925767,0.0614932474122347
2,bnci004,MMP_merge_then_adapt,TS,svm_radial,none,20,2,2,23577,0.05,no_leakage_v1_alpha005,gate_all_sources_proxy_source_only_final_training_only,mmd,,,,,merge_then_adapt,coral,near_nearest_proxy,anchor,3.0,4,4test,target,False,,2.0,direct,0.038443341003586554,0.023754662581925767,0.0614932474122347
2,bnci004,MMP_merge_then_adapt,TS,svm_radial,none,20,2,2,23577,0.05,no_leakage_v1_alpha005,gate_all_sources_proxy_source_only_final_training_only,mmd,,,,,merge_then_adapt,coral,near_nearest_proxy,final,3.0,4,4test,train,True,1.0,2.0,direct,0.038443341003586554,0.023754662581925767,0.0614932474122347
2,bnci004,MMP_merge_then_adapt,TS,svm_radial,none,20,2,2,23577,0.05,no_leakage_v1_alpha005,gate_all_sources_proxy_source_only_final_training_only,mmd,,,,,merge_then_adapt,coral,near_nearest_proxy,main,,2,2train,target,False,,,,,,
2,bnci004,MMP_merge_then_adapt,TS,svm_radial,none,20,2,2,23577,0.05,no_leakage_v1_alpha005,gate_all_sources_proxy_source_only_final_training_only,mmd,,,,,merge_then_adapt,coral,near_nearest_proxy,final,,2,2train,target,False,,,,,,
2,bnci004,MMP_merge_then_adapt,TS,svm_radial,none,20,3,3,23608,0.05,no_leakage_v1_alpha005,gate_all_sources_proxy_source_only_final_training_only,mmd,,,,,merge_then_adapt,coral,near_nearest_proxy,main,0.0,0,0train,near,False,0.33939989710153473,3.0,direct,0.142918859995985,0.11731098569935902,0.17440314658244108
2,bnci004,MMP_merge_then_adapt,TS,svm_radial,none,20,3,3,23608,0.05,no_leakage_v1_alpha005,gate_all_sources_proxy_source_only_final_training_only,mmd,,,,,merge_then_adapt,coral,near_nearest_proxy,anchor,0.0,0,0train,proxy_source,False,0.5393917526775833,3.0,direct,0.142918859995985,0.11731098569935902,0.17440314658244108
2,bnci004,MMP_merge_then_adapt,TS,svm_radial,none,20,3,3,23608,0.05,no_leakage_v1_alpha005,gate_all_sources_proxy_source_only_final_training_only,mmd,,,,,merge_then_adapt,coral,near_nearest_proxy,final,0.0,0,0train,train,False,0.33939989710153473,3.0,direct,0.142918859995985,0.11731098569935902,0.17440314658244108
2,bnci004,MMP_merge_then_adapt,TS,svm_radial,none,20,3,3,23608,0.05,no_leakage_v1_alpha005,gate_all_sources_proxy_source_only_final_training_only,mmd,,,,,merge_then_adapt,coral,near_nearest_proxy,main,1.0,1,1train,far,False,,3.0,direct,0.4085494477587953,0.32970252609927825,0.5046188298019146
2,bnci004,MMP_merge_then_adapt,TS,svm_radial,none,20,3,3,23608,0.05,no_leakage_v1_alpha005,gate_all_sources_proxy_source_only_final_training_only,mmd,,,,,merge_then_adapt,coral,near_nearest_proxy,anchor,1.0,1,1train,not_used,False,,3.0,direct,0.4085494477587953,0.32970252609927825,0.5046188298019146
2,bnci004,MMP_merge_then_adapt,TS,svm_radial,none,20,3,3,23608,0.05,no_leakage_v1_alpha005,gate_all_sources_proxy_source_only_final_training_only,mmd,,,,,merge_then_adapt,coral,near_nearest_proxy,final,1.0,1,1train,not_used,False,,3.0,direct,0.4085494477587953,0.32970252609927825,0.5046188298019146
2,bnci004,MMP_merge_then_adapt,TS,svm_radial,none,20,3,3,23608,0.05,no_leakage_v1_alpha005,gate_all_sources_proxy_source_only_final_training_only,mmd,,,,,merge_then_adapt,coral,near_nearest_proxy,main,2.0,2,2train,nearest,True,0.3707729207635696,3.0,direct,0.1308256679144415,0.09646172711060325,0.17189303444842322
2,bnci004,MMP_merge_then_adapt,TS,svm_radial,none,20,3,3,23608,0.05,no_leakage_v1_alpha005,gate_all_sources_proxy_source_only_final_training_only,mmd,,,,,merge_then_adapt,coral,near_nearest_proxy,anchor,2.0,2,2train,target,False,,3.0,direct,0.1308256679144415,0.09646172711060325,0.17189303444842322
2,bnci004,MMP_merge_then_adapt,TS,svm_radial,none,20,3,3,23608,0.05,no_leakage_v1_alpha005,gate_all_sources_proxy_source_only_final_training_only,mmd,,,,,merge_then_adapt,coral,near_nearest_proxy,final,2.0,2,2train,train,True,0.3707729207635696,3.0,direct,0.1308256679144415,0.09646172711060325,0.17189303444842322
2,bnci004,MMP_merge_then_adapt,TS,svm_radial,none,20,3,3,23608,0.05,no_leakage_v1_alpha005,gate_all_sources_proxy_source_only_final_training_only,mmd,,,,,merge_then_adapt,coral,near_nearest_proxy,main,3.0,4,4test,near,False,0.28982718213489556,3.0,direct,0.16736420508220043,0.11600235994712169,0.22802468549233929
2,bnci004,MMP_merge_then_adapt,TS,svm_radial,none,20,3,3,23608,0.05,no_leakage_v1_alpha005,gate_all_sources_proxy_source_only_final_training_only,mmd,,,,,merge_then_adapt,coral,near_nearest_proxy,anchor,3.0,4,4test,proxy_source,False,0.46060824732241673,3.0,direct,0.16736420508220043,0.11600235994712169,0.22802468549233929
2,bnci004,MMP_merge_then_adapt,TS,svm_radial,none,20,3,3,23608,0.05,no_leakage_v1_alpha005,gate_all_sources_proxy_source_only_final_training_only,mmd,,,,,merge_then_adapt,coral,near_nearest_proxy,final,3.0,4,4test,train,False,0.28982718213489556,3.0,direct,0.16736420508220043,0.11600235994712169,0.22802468549233929
2,bnci004,MMP_merge_then_adapt,TS,svm_radial,none,20,3,3,23608,0.05,no_leakage_v1_alpha005,gate_all_sources_proxy_source_only_final_training_only,mmd,,,,,merge_then_adapt,coral,near_nearest_proxy,main,,3,3test,target,False,,,,,,
2,bnci004,MMP_merge_then_adapt,TS,svm_radial,none,20,3,3,23608,0.05,no_leakage_v1_alpha005,gate_all_sources_proxy_source_only_final_training_only,mmd,,,,,merge_then_adapt,coral,near_nearest_proxy,final,,3,3test,target,False,,,,,,
2,bnci004,MMP_merge_then_adapt,TS,svm_radial,none,20,4,4,23639,0.05,no_leakage_v1_alpha005,gate_all_sources_proxy_source_only_final_training_only,mmd,,,,,merge_then_adapt,coral,near_nearest_proxy,main,0.0,0,0train,far,False,,4.0,direct,0.20070183036776093,0.17449785660408923,0.2274318100263029
2,bnci004,MMP_merge_then_adapt,TS,svm_radial,none,20,4,4,23639,0.05,no_leakage_v1_alpha005,gate_all_sources_proxy_source_only_final_training_only,mmd,,,,,merge_then_adapt,coral,near_nearest_proxy,anchor,0.0,0,0train,not_used,False,,4.0,direct,0.20070183036776093,0.17449785660408923,0.2274318100263029
2,bnci004,MMP_merge_then_adapt,TS,svm_radial,none,20,4,4,23639,0.05,no_leakage_v1_alpha005,gate_all_sources_proxy_source_only_final_training_only,mmd,,,,,merge_then_adapt,coral,near_nearest_proxy,final,0.0,0,0train,not_used,False,,4.0,direct,0.20070183036776093,0.17449785660408923,0.2274318100263029
2,bnci004,MMP_merge_then_adapt,TS,svm_radial,none,20,4,4,23639,0.05,no_leakage_v1_alpha005,gate_all_sources_proxy_source_only_final_training_only,mmd,,,,,merge_then_adapt,coral,near_nearest_proxy,main,1.0,1,1train,far,False,,4.0,direct,0.19362644402283816,0.15776064934135042,0.23772484943915786
2,bnci004,MMP_merge_then_adapt,TS,svm_radial,none,20,4,4,23639,0.05,no_leakage_v1_alpha005,gate_all_sources_proxy_source_only_final_training_only,mmd,,,,,merge_then_adapt,coral,near_nearest_proxy,anchor,1.0,1,1train,not_used,False,,4.0,direct,0.19362644402283816,0.15776064934135042,0.23772484943915786
2,bnci004,MMP_merge_then_adapt,TS,svm_radial,none,20,4,4,23639,0.05,no_leakage_v1_alpha005,gate_all_sources_proxy_source_only_final_training_only,mmd,,,,,merge_then_adapt,coral,near_nearest_proxy,final,1.0,1,1train,not_used,False,,4.0,direct,0.19362644402283816,0.15776064934135042,0.23772484943915786
2,bnci004,MMP_merge_then_adapt,TS,svm_radial,none,20,4,4,23639,0.05,no_leakage_v1_alpha005,gate_all_sources_proxy_source_only_final_training_only,mmd,,,,,merge_then_adapt,coral,near_nearest_proxy,main,2.0,2,2train,nearest,True,1.0,4.0,direct,0.03857547951291347,0.02465086373160792,0.055306608850562475
2,bnci004,MMP_merge_then_adapt,TS,svm_radial,none,20,4,4,23639,0.05,no_leakage_v1_alpha005,gate_all_sources_proxy_source_only_final_training_only,mmd,,,,,merge_then_adapt,coral,near_nearest_proxy,anchor,2.0,2,2train,target,False,,4.0,direct,0.03857547951291347,0.02465086373160792,0.055306608850562475
2,bnci004,MMP_merge_then_adapt,TS,svm_radial,none,20,4,4,23639,0.05,no_leakage_v1_alpha005,gate_all_sources_proxy_source_only_final_training_only,mmd,,,,,merge_then_adapt,coral,near_nearest_proxy,final,2.0,2,2train,train,True,1.0,4.0,direct,0.03857547951291347,0.02465086373160792,0.055306608850562475
2,bnci004,MMP_merge_then_adapt,TS,svm_radial,none,20,4,4,23639,0.05,no_leakage_v1_alpha005,gate_all_sources_proxy_source_only_final_training_only,mmd,,,,,merge_then_adapt,coral,near_nearest_proxy,main,3.0,3,3test,far,False,,4.0,direct,0.12241373222998791,0.0908434827221085,0.15515170252058327
2,bnci004,MMP_merge_then_adapt,TS,svm_radial,none,20,4,4,23639,0.05,no_leakage_v1_alpha005,gate_all_sources_proxy_source_only_final_training_only,mmd,,,,,merge_then_adapt,coral,near_nearest_proxy,anchor,3.0,3,3test,second_nearest_fallback_source,False,1.0,4.0,direct,0.12241373222998791,0.0908434827221085,0.15515170252058327
2,bnci004,MMP_merge_then_adapt,TS,svm_radial,none,20,4,4,23639,0.05,no_leakage_v1_alpha005,gate_all_sources_proxy_source_only_final_training_only,mmd,,,,,merge_then_adapt,coral,near_nearest_proxy,final,3.0,3,3test,not_used,False,,4.0,direct,0.12241373222998791,0.0908434827221085,0.15515170252058327
2,bnci004,MMP_merge_then_adapt,TS,svm_radial,none,20,4,4,23639,0.05,no_leakage_v1_alpha005,gate_all_sources_proxy_source_only_final_training_only,mmd,,,,,merge_then_adapt,coral,near_nearest_proxy,main,,4,4test,target,False,,,,,,
2,bnci004,MMP_merge_then_adapt,TS,svm_radial,none,20,4,4,23639,0.05,no_leakage_v1_alpha005,gate_all_sources_proxy_source_only_final_training_only,mmd,,,,,merge_then_adapt,coral,near_nearest_proxy,final,,4,4test,target,False,,,,,,
2,bnci004,MMP_merge_then_adapt,TS,svm_radial,sa,21,0,0,24512,0.05,no_leakage_v1_alpha005,gate_all_sources_proxy_source_only_final_training_only,mmd,,,,,merge_then_adapt,coral,near_nearest_proxy,main,0.0,1,1train,far,False,,0.0,direct,0.388330492812755,0.3266393868097481,0.4615901858282115
2,bnci004,MMP_merge_then_adapt,TS,svm_radial,sa,21,0,0,24512,0.05,no_leakage_v1_alpha005,gate_all_sources_proxy_source_only_final_training_only,mmd,,,,,merge_then_adapt,coral,near_nearest_proxy,anchor,0.0,1,1train,not_used,False,,0.0,direct,0.388330492812755,0.3266393868097481,0.4615901858282115
2,bnci004,MMP_merge_then_adapt,TS,svm_radial,sa,21,0,0,24512,0.05,no_leakage_v1_alpha005,gate_all_sources_proxy_source_only_final_training_only,mmd,,,,,merge_then_adapt,coral,near_nearest_proxy,final,0.0,1,1train,not_used,False,,0.0,direct,0.388330492812755,0.3266393868097481,0.4615901858282115
2,bnci004,MMP_merge_then_adapt,TS,svm_radial,sa,21,0,0,24512,0.05,no_leakage_v1_alpha005,gate_all_sources_proxy_source_only_final_training_only,mmd,,,,,merge_then_adapt,coral,near_nearest_proxy,main,1.0,2,2train,far,False,,0.0,direct,0.22364661307864153,0.18995078836070478,0.2634449558446659
2,bnci004,MMP_merge_then_adapt,TS,svm_radial,sa,21,0,0,24512,0.05,no_leakage_v1_alpha005,gate_all_sources_proxy_source_only_final_training_only,mmd,,,,,merge_then_adapt,coral,near_nearest_proxy,anchor,1.0,2,2train,second_nearest_fallback_source,False,1.0,0.0,direct,0.22364661307864153,0.18995078836070478,0.2634449558446659
2,bnci004,MMP_merge_then_adapt,TS,svm_radial,sa,21,0,0,24512,0.05,no_leakage_v1_alpha005,gate_all_sources_proxy_source_only_final_training_only,mmd,,,,,merge_then_adapt,coral,near_nearest_proxy,final,1.0,2,2train,not_used,False,,0.0,direct,0.22364661307864153,0.18995078836070478,0.2634449558446659
2,bnci004,MMP_merge_then_adapt,TS,svm_radial,sa,21,0,0,24512,0.05,no_leakage_v1_alpha005,gate_all_sources_proxy_source_only_final_training_only,mmd,,,,,merge_then_adapt,coral,near_nearest_proxy,main,2.0,3,3test,nearest,True,1.0,0.0,direct,0.14241722126288808,0.11748693204168485,0.17076553504690753
2,bnci004,MMP_merge_then_adapt,TS,svm_radial,sa,21,0,0,24512,0.05,no_leakage_v1_alpha005,gate_all_sources_proxy_source_only_final_training_only,mmd,,,,,merge_then_adapt,coral,near_nearest_proxy,anchor,2.0,3,3test,target,False,,0.0,direct,0.14241722126288808,0.11748693204168485,0.17076553504690753
2,bnci004,MMP_merge_then_adapt,TS,svm_radial,sa,21,0,0,24512,0.05,no_leakage_v1_alpha005,gate_all_sources_proxy_source_only_final_training_only,mmd,,,,,merge_then_adapt,coral,near_nearest_proxy,final,2.0,3,3test,train,True,1.0,0.0,direct,0.14241722126288808,0.11748693204168485,0.17076553504690753
2,bnci004,MMP_merge_then_adapt,TS,svm_radial,sa,21,0,0,24512,0.05,no_leakage_v1_alpha005,gate_all_sources_proxy_source_only_final_training_only,mmd,,,,,merge_then_adapt,coral,near_nearest_proxy,main,3.0,4,4test,far,False,,0.0,direct,0.25963343980411563,0.21876350197990618,0.29055152482122226
2,bnci004,MMP_merge_then_adapt,TS,svm_radial,sa,21,0,0,24512,0.05,no_leakage_v1_alpha005,gate_all_sources_proxy_source_only_final_training_only,mmd,,,,,merge_then_adapt,coral,near_nearest_proxy,anchor,3.0,4,4test,not_used,False,,0.0,direct,0.25963343980411563,0.21876350197990618,0.29055152482122226
2,bnci004,MMP_merge_then_adapt,TS,svm_radial,sa,21,0,0,24512,0.05,no_leakage_v1_alpha005,gate_all_sources_proxy_source_only_final_training_only,mmd,,,,,merge_then_adapt,coral,near_nearest_proxy,final,3.0,4,4test,not_used,False,,0.0,direct,0.25963343980411563,0.21876350197990618,0.29055152482122226
2,bnci004,MMP_merge_then_adapt,TS,svm_radial,sa,21,0,0,24512,0.05,no_leakage_v1_alpha005,gate_all_sources_proxy_source_only_final_training_only,mmd,,,,,merge_then_adapt,coral,near_nearest_proxy,main,,0,0train,target,False,,,,,,
2,bnci004,MMP_merge_then_adapt,TS,svm_radial,sa,21,0,0,24512,0.05,no_leakage_v1_alpha005,gate_all_sources_proxy_source_only_final_training_only,mmd,,,,,merge_then_adapt,coral,near_nearest_proxy,final,,0,0train,target,False,,,,,,
2,bnci004,MMP_merge_then_adapt,TS,svm_radial,sa,21,1,1,24543,0.05,no_leakage_v1_alpha005,gate_all_sources_proxy_source_only_final_training_only,mmd,,,,,merge_then_adapt,coral,near_nearest_proxy,main,0.0,0,0train,far,False,,1.0,direct,0.38578737399763724,0.3295544332490696,0.4444590516300096
2,bnci004,MMP_merge_then_adapt,TS,svm_radial,sa,21,1,1,24543,0.05,no_leakage_v1_alpha005,gate_all_sources_proxy_source_only_final_training_only,mmd,,,,,merge_then_adapt,coral,near_nearest_proxy,anchor,0.0,0,0train,not_used,False,,1.0,direct,0.38578737399763724,0.3295544332490696,0.4444590516300096
2,bnci004,MMP_merge_then_adapt,TS,svm_radial,sa,21,1,1,24543,0.05,no_leakage_v1_alpha005,gate_all_sources_proxy_source_only_final_training_only,mmd,,,,,merge_then_adapt,coral,near_nearest_proxy,final,0.0,0,0train,not_used,False,,1.0,direct,0.38578737399763724,0.3295544332490696,0.4444590516300096
2,bnci004,MMP_merge_then_adapt,TS,svm_radial,sa,21,1,1,24543,0.05,no_leakage_v1_alpha005,gate_all_sources_proxy_source_only_final_training_only,mmd,,,,,merge_then_adapt,coral,near_nearest_proxy,main,1.0,2,2train,near,False,0.3218794726513642,1.0,direct,0.286812248882909,0.23154915243909344,0.35696196653337214
2,bnci004,MMP_merge_then_adapt,TS,svm_radial,sa,21,1,1,24543,0.05,no_leakage_v1_alpha005,gate_all_sources_proxy_source_only_final_training_only,mmd,,,,,merge_then_adapt,coral,near_nearest_proxy,anchor,1.0,2,2train,proxy_source,False,0.5525055452240323,1.0,direct,0.286812248882909,0.23154915243909344,0.35696196653337214
2,bnci004,MMP_merge_then_adapt,TS,svm_radial,sa,21,1,1,24543,0.05,no_leakage_v1_alpha005,gate_all_sources_proxy_source_only_final_training_only,mmd,,,,,merge_then_adapt,coral,near_nearest_proxy,final,1.0,2,2train,train,False,0.3218794726513642,1.0,direct,0.286812248882909,0.23154915243909344,0.35696196653337214
2,bnci004,MMP_merge_then_adapt,TS,svm_radial,sa,21,1,1,24543,0.05,no_leakage_v1_alpha005,gate_all_sources_proxy_source_only_final_training_only,mmd,,,,,merge_then_adapt,coral,near_nearest_proxy,main,2.0,3,3test,near,False,0.26070196102609716,1.0,direct,0.35411715444922465,0.2834610603115609,0.43603314822117917
2,bnci004,MMP_merge_then_adapt,TS,svm_radial,sa,21,1,1,24543,0.05,no_leakage_v1_alpha005,gate_all_sources_proxy_source_only_final_training_only,mmd,,,,,merge_then_adapt,coral,near_nearest_proxy,anchor,2.0,3,3test,proxy_source,False,0.4474944547759677,1.0,direct,0.35411715444922465,0.2834610603115609,0.43603314822117917
2,bnci004,MMP_merge_then_adapt,TS,svm_radial,sa,21,1,1,24543,0.05,no_leakage_v1_alpha005,gate_all_sources_proxy_source_only_final_training_only,mmd,,,,,merge_then_adapt,coral,near_nearest_proxy,final,2.0,3,3test,train,False,0.26070196102609716,1.0,direct,0.35411715444922465,0.2834610603115609,0.43603314822117917
2,bnci004,MMP_merge_then_adapt,TS,svm_radial,sa,21,1,1,24543,0.05,no_leakage_v1_alpha005,gate_all_sources_proxy_source_only_final_training_only,mmd,,,,,merge_then_adapt,coral,near_nearest_proxy,main,3.0,4,4test,nearest,True,0.41741856632253876,1.0,direct,0.22116620421228275,0.1631610203912601,0.29671179170394824
2,bnci004,MMP_merge_then_adapt,TS,svm_radial,sa,21,1,1,24543,0.05,no_leakage_v1_alpha005,gate_all_sources_proxy_source_only_final_training_only,mmd,,,,,merge_then_adapt,coral,near_nearest_proxy,anchor,3.0,4,4test,target,False,,1.0,direct,0.22116620421228275,0.1631610203912601,0.29671179170394824
2,bnci004,MMP_merge_then_adapt,TS,svm_radial,sa,21,1,1,24543,0.05,no_leakage_v1_alpha005,gate_all_sources_proxy_source_only_final_training_only,mmd,,,,,merge_then_adapt,coral,near_nearest_proxy,final,3.0,4,4test,train,True,0.41741856632253876,1.0,direct,0.22116620421228275,0.1631610203912601,0.29671179170394824
2,bnci004,MMP_merge_then_adapt,TS,svm_radial,sa,21,1,1,24543,0.05,no_leakage_v1_alpha005,gate_all_sources_proxy_source_only_final_training_only,mmd,,,,,merge_then_adapt,coral,near_nearest_proxy,main,,1,1train,target,False,,,,,,
2,bnci004,MMP_merge_then_adapt,TS,svm_radial,sa,21,1,1,24543,0.05,no_leakage_v1_alpha005,gate_all_sources_proxy_source_only_final_training_only,mmd,,,,,merge_then_adapt,coral,near_nearest_proxy,final,,1,1train,target,False,,,,,,
2,bnci004,MMP_merge_then_adapt,TS,svm_radial,sa,21,2,2,24574,0.05,no_leakage_v1_alpha005,gate_all_sources_proxy_source_only_final_training_only,mmd,,,,,merge_then_adapt,coral,near_nearest_proxy,main,0.0,0,0train,far,False,,2.0,direct,0.21039000253239962,0.18257455056573288,0.24033271245013096
2,bnci004,MMP_merge_then_adapt,TS,svm_radial,sa,21,2,2,24574,0.05,no_leakage_v1_alpha005,gate_all_sources_proxy_source_only_final_training_only,mmd,,,,,merge_then_adapt,coral,near_nearest_proxy,anchor,0.0,0,0train,not_used,False,,2.0,direct,0.21039000253239962,0.18257455056573288,0.24033271245013096
2,bnci004,MMP_merge_then_adapt,TS,svm_radial,sa,21,2,2,24574,0.05,no_leakage_v1_alpha005,gate_all_sources_proxy_source_only_final_training_only,mmd,,,,,merge_then_adapt,coral,near_nearest_proxy,final,0.0,0,0train,not_used,False,,2.0,direct,0.21039000253239962,0.18257455056573288,0.24033271245013096
2,bnci004,MMP_merge_then_adapt,TS,svm_radial,sa,21,2,2,24574,0.05,no_leakage_v1_alpha005,gate_all_sources_proxy_source_only_final_training_only,mmd,,,,,merge_then_adapt,coral,near_nearest_proxy,main,1.0,1,1train,far,False,,2.0,direct,0.2623415266256378,0.21435776891231645,0.31371140266044245
2,bnci004,MMP_merge_then_adapt,TS,svm_radial,sa,21,2,2,24574,0.05,no_leakage_v1_alpha005,gate_all_sources_proxy_source_only_final_training_only,mmd,,,,,merge_then_adapt,coral,near_nearest_proxy,anchor,1.0,1,1train,not_used,False,,2.0,direct,0.2623415266256378,0.21435776891231645,0.31371140266044245
2,bnci004,MMP_merge_then_adapt,TS,svm_radial,sa,21,2,2,24574,0.05,no_leakage_v1_alpha005,gate_all_sources_proxy_source_only_final_training_only,mmd,,,,,merge_then_adapt,coral,near_nearest_proxy,final,1.0,1,1train,not_used,False,,2.0,direct,0.2623415266256378,0.21435776891231645,0.31371140266044245
2,bnci004,MMP_merge_then_adapt,TS,svm_radial,sa,21,2,2,24574,0.05,no_leakage_v1_alpha005,gate_all_sources_proxy_source_only_final_training_only,mmd,,,,,merge_then_adapt,coral,near_nearest_proxy,main,2.0,3,3test,far,False,,2.0,direct,0.12841690206016498,0.0994937880785593,0.15393815492580884
2,bnci004,MMP_merge_then_adapt,TS,svm_radial,sa,21,2,2,24574,0.05,no_leakage_v1_alpha005,gate_all_sources_proxy_source_only_final_training_only,mmd,,,,,merge_then_adapt,coral,near_nearest_proxy,anchor,2.0,3,3test,second_nearest_fallback_source,False,1.0,2.0,direct,0.12841690206016498,0.0994937880785593,0.15393815492580884
2,bnci004,MMP_merge_then_adapt,TS,svm_radial,sa,21,2,2,24574,0.05,no_leakage_v1_alpha005,gate_all_sources_proxy_source_only_final_training_only,mmd,,,,,merge_then_adapt,coral,near_nearest_proxy,final,2.0,3,3test,not_used,False,,2.0,direct,0.12841690206016498,0.0994937880785593,0.15393815492580884
2,bnci004,MMP_merge_then_adapt,TS,svm_radial,sa,21,2,2,24574,0.05,no_leakage_v1_alpha005,gate_all_sources_proxy_source_only_final_training_only,mmd,,,,,merge_then_adapt,coral,near_nearest_proxy,main,3.0,4,4test,nearest,True,1.0,2.0,direct,0.0383611864849426,0.023885421078804682,0.05573878465674377
2,bnci004,MMP_merge_then_adapt,TS,svm_radial,sa,21,2,2,24574,0.05,no_leakage_v1_alpha005,gate_all_sources_proxy_source_only_final_training_only,mmd,,,,,merge_then_adapt,coral,near_nearest_proxy,anchor,3.0,4,4test,target,False,,2.0,direct,0.0383611864849426,0.023885421078804682,0.05573878465674377
2,bnci004,MMP_merge_then_adapt,TS,svm_radial,sa,21,2,2,24574,0.05,no_leakage_v1_alpha005,gate_all_sources_proxy_source_only_final_training_only,mmd,,,,,merge_then_adapt,coral,near_nearest_proxy,final,3.0,4,4test,train,True,1.0,2.0,direct,0.0383611864849426,0.023885421078804682,0.05573878465674377
2,bnci004,MMP_merge_then_adapt,TS,svm_radial,sa,21,2,2,24574,0.05,no_leakage_v1_alpha005,gate_all_sources_proxy_source_only_final_training_only,mmd,,,,,merge_then_adapt,coral,near_nearest_proxy,main,,2,2train,target,False,,,,,,
2,bnci004,MMP_merge_then_adapt,TS,svm_radial,sa,21,2,2,24574,0.05,no_leakage_v1_alpha005,gate_all_sources_proxy_source_only_final_training_only,mmd,,,,,merge_then_adapt,coral,near_nearest_proxy,final,,2,2train,target,False,,,,,,
2,bnci004,MMP_merge_then_adapt,TS,svm_radial,sa,21,3,3,24605,0.05,no_leakage_v1_alpha005,gate_all_sources_proxy_source_only_final_training_only,mmd,,,,,merge_then_adapt,coral,near_nearest_proxy,main,0.0,0,0train,near,False,0.3432936719918868,3.0,direct,0.14263668664487078,0.11852648906606675,0.1701186104897678
2,bnci004,MMP_merge_then_adapt,TS,svm_radial,sa,21,3,3,24605,0.05,no_leakage_v1_alpha005,gate_all_sources_proxy_source_only_final_training_only,mmd,,,,,merge_then_adapt,coral,near_nearest_proxy,anchor,0.0,0,0train,proxy_source,False,0.5332380827332112,3.0,direct,0.14263668664487078,0.11852648906606675,0.1701186104897678
2,bnci004,MMP_merge_then_adapt,TS,svm_radial,sa,21,3,3,24605,0.05,no_leakage_v1_alpha005,gate_all_sources_proxy_source_only_final_training_only,mmd,,,,,merge_then_adapt,coral,near_nearest_proxy,final,0.0,0,0train,train,False,0.3432936719918868,3.0,direct,0.14263668664487078,0.11852648906606675,0.1701186104897678
2,bnci004,MMP_merge_then_adapt,TS,svm_radial,sa,21,3,3,24605,0.05,no_leakage_v1_alpha005,gate_all_sources_proxy_source_only_final_training_only,mmd,,,,,merge_then_adapt,coral,near_nearest_proxy,main,1.0,1,1train,far,False,,3.0,direct,0.4162985680635212,0.33221667721296183,0.5036068881856347
2,bnci004,MMP_merge_then_adapt,TS,svm_radial,sa,21,3,3,24605,0.05,no_leakage_v1_alpha005,gate_all_sources_proxy_source_only_final_training_only,mmd,,,,,merge_then_adapt,coral,near_nearest_proxy,anchor,1.0,1,1train,not_used,False,,3.0,direct,0.4162985680635212,0.33221667721296183,0.5036068881856347
2,bnci004,MMP_merge_then_adapt,TS,svm_radial,sa,21,3,3,24605,0.05,no_leakage_v1_alpha005,gate_all_sources_proxy_source_only_final_training_only,mmd,,,,,merge_then_adapt,coral,near_nearest_proxy,final,1.0,1,1train,not_used,False,,3.0,direct,0.4162985680635212,0.33221667721296183,0.5036068881856347
2,bnci004,MMP_merge_then_adapt,TS,svm_radial,sa,21,3,3,24605,0.05,no_leakage_v1_alpha005,gate_all_sources_proxy_source_only_final_training_only,mmd,,,,,merge_then_adapt,coral,near_nearest_proxy,main,2.0,2,2train,nearest,True,0.35620938731106544,3.0,direct,0.1374648191418884,0.10309638194440289,0.1813807486322994
2,bnci004,MMP_merge_then_adapt,TS,svm_radial,sa,21,3,3,24605,0.05,no_leakage_v1_alpha005,gate_all_sources_proxy_source_only_final_training_only,mmd,,,,,merge_then_adapt,coral,near_nearest_proxy,anchor,2.0,2,2train,target,False,,3.0,direct,0.1374648191418884,0.10309638194440289,0.1813807486322994
2,bnci004,MMP_merge_then_adapt,TS,svm_radial,sa,21,3,3,24605,0.05,no_leakage_v1_alpha005,gate_all_sources_proxy_source_only_final_training_only,mmd,,,,,merge_then_adapt,coral,near_nearest_proxy,final,2.0,2,2train,train,True,0.35620938731106544,3.0,direct,0.1374648191418884,0.10309638194440289,0.1813807486322994
2,bnci004,MMP_merge_then_adapt,TS,svm_radial,sa,21,3,3,24605,0.05,no_leakage_v1_alpha005,gate_all_sources_proxy_source_only_final_training_only,mmd,,,,,merge_then_adapt,coral,near_nearest_proxy,main,3.0,4,4test,near,False,0.3004969406970477,3.0,direct,0.16295112556627167,0.11841925604961805,0.22390917400268687
2,bnci004,MMP_merge_then_adapt,TS,svm_radial,sa,21,3,3,24605,0.05,no_leakage_v1_alpha005,gate_all_sources_proxy_source_only_final_training_only,mmd,,,,,merge_then_adapt,coral,near_nearest_proxy,anchor,3.0,4,4test,proxy_source,False,0.46676191726678873,3.0,direct,0.16295112556627167,0.11841925604961805,0.22390917400268687
2,bnci004,MMP_merge_then_adapt,TS,svm_radial,sa,21,3,3,24605,0.05,no_leakage_v1_alpha005,gate_all_sources_proxy_source_only_final_training_only,mmd,,,,,merge_then_adapt,coral,near_nearest_proxy,final,3.0,4,4test,train,False,0.3004969406970477,3.0,direct,0.16295112556627167,0.11841925604961805,0.22390917400268687
2,bnci004,MMP_merge_then_adapt,TS,svm_radial,sa,21,3,3,24605,0.05,no_leakage_v1_alpha005,gate_all_sources_proxy_source_only_final_training_only,mmd,,,,,merge_then_adapt,coral,near_nearest_proxy,main,,3,3test,target,False,,,,,,
2,bnci004,MMP_merge_then_adapt,TS,svm_radial,sa,21,3,3,24605,0.05,no_leakage_v1_alpha005,gate_all_sources_proxy_source_only_final_training_only,mmd,,,,,merge_then_adapt,coral,near_nearest_proxy,final,,3,3test,target,False,,,,,,
2,bnci004,MMP_merge_then_adapt,TS,svm_radial,sa,21,4,4,24636,0.05,no_leakage_v1_alpha005,gate_all_sources_proxy_source_only_final_training_only,mmd,,,,,merge_then_adapt,coral,near_nearest_proxy,main,0.0,0,0train,far,False,,4.0,direct,0.20073709696586203,0.17286258895916012,0.22884598246910273
2,bnci004,MMP_merge_then_adapt,TS,svm_radial,sa,21,4,4,24636,0.05,no_leakage_v1_alpha005,gate_all_sources_proxy_source_only_final_training_only,mmd,,,,,merge_then_adapt,coral,near_nearest_proxy,anchor,0.0,0,0train,not_used,False,,4.0,direct,0.20073709696586203,0.17286258895916012,0.22884598246910273
2,bnci004,MMP_merge_then_adapt,TS,svm_radial,sa,21,4,4,24636,0.05,no_leakage_v1_alpha005,gate_all_sources_proxy_source_only_final_training_only,mmd,,,,,merge_then_adapt,coral,near_nearest_proxy,final,0.0,0,0train,not_used,False,,4.0,direct,0.20073709696586203,0.17286258895916012,0.22884598246910273
2,bnci004,MMP_merge_then_adapt,TS,svm_radial,sa,21,4,4,24636,0.05,no_leakage_v1_alpha005,gate_all_sources_proxy_source_only_final_training_only,mmd,,,,,merge_then_adapt,coral,near_nearest_proxy,main,1.0,1,1train,far,False,,4.0,direct,0.19513580575316358,0.16389919854108526,0.23926598479717012
2,bnci004,MMP_merge_then_adapt,TS,svm_radial,sa,21,4,4,24636,0.05,no_leakage_v1_alpha005,gate_all_sources_proxy_source_only_final_training_only,mmd,,,,,merge_then_adapt,coral,near_nearest_proxy,anchor,1.0,1,1train,not_used,False,,4.0,direct,0.19513580575316358,0.16389919854108526,0.23926598479717012
2,bnci004,MMP_merge_then_adapt,TS,svm_radial,sa,21,4,4,24636,0.05,no_leakage_v1_alpha005,gate_all_sources_proxy_source_only_final_training_only,mmd,,,,,merge_then_adapt,coral,near_nearest_proxy,final,1.0,1,1train,not_used,False,,4.0,direct,0.19513580575316358,0.16389919854108526,0.23926598479717012
2,bnci004,MMP_merge_then_adapt,TS,svm_radial,sa,21,4,4,24636,0.05,no_leakage_v1_alpha005,gate_all_sources_proxy_source_only_final_training_only,mmd,,,,,merge_then_adapt,coral,near_nearest_proxy,main,2.0,2,2train,nearest,True,1.0,4.0,direct,0.038255899721241535,0.02349929398798866,0.054786416419680656
2,bnci004,MMP_merge_then_adapt,TS,svm_radial,sa,21,4,4,24636,0.05,no_leakage_v1_alpha005,gate_all_sources_proxy_source_only_final_training_only,mmd,,,,,merge_then_adapt,coral,near_nearest_proxy,anchor,2.0,2,2train,target,False,,4.0,direct,0.038255899721241535,0.02349929398798866,0.054786416419680656
2,bnci004,MMP_merge_then_adapt,TS,svm_radial,sa,21,4,4,24636,0.05,no_leakage_v1_alpha005,gate_all_sources_proxy_source_only_final_training_only,mmd,,,,,merge_then_adapt,coral,near_nearest_proxy,final,2.0,2,2train,train,True,1.0,4.0,direct,0.038255899721241535,0.02349929398798866,0.054786416419680656
2,bnci004,MMP_merge_then_adapt,TS,svm_radial,sa,21,4,4,24636,0.05,no_leakage_v1_alpha005,gate_all_sources_proxy_source_only_final_training_only,mmd,,,,,merge_then_adapt,coral,near_nearest_proxy,main,3.0,3,3test,far,False,,4.0,direct,0.1218159909175748,0.09382203842326128,0.15614503106890312
2,bnci004,MMP_merge_then_adapt,TS,svm_radial,sa,21,4,4,24636,0.05,no_leakage_v1_alpha005,gate_all_sources_proxy_source_only_final_training_only,mmd,,,,,merge_then_adapt,coral,near_nearest_proxy,anchor,3.0,3,3test,second_nearest_fallback_source,False,1.0,4.0,direct,0.1218159909175748,0.09382203842326128,0.15614503106890312
2,bnci004,MMP_merge_then_adapt,TS,svm_radial,sa,21,4,4,24636,0.05,no_leakage_v1_alpha005,gate_all_sources_proxy_source_only_final_training_only,mmd,,,,,merge_then_adapt,coral,near_nearest_proxy,final,3.0,3,3test,not_used,False,,4.0,direct,0.1218159909175748,0.09382203842326128,0.15614503106890312
2,bnci004,MMP_merge_then_adapt,TS,svm_radial,sa,21,4,4,24636,0.05,no_leakage_v1_alpha005,gate_all_sources_proxy_source_only_final_training_only,mmd,,,,,merge_then_adapt,coral,near_nearest_proxy,main,,4,4test,target,False,,,,,,
2,bnci004,MMP_merge_then_adapt,TS,svm_radial,sa,21,4,4,24636,0.05,no_leakage_v1_alpha005,gate_all_sources_proxy_source_only_final_training_only,mmd,,,,,merge_then_adapt,coral,near_nearest_proxy,final,,4,4test,target,False,,,,,,
2,bnci004,MMP_merge_then_adapt,TS,svm_radial,pt,22,0,0,25509,0.05,no_leakage_v1_alpha005,gate_all_sources_proxy_source_only_final_training_only,mmd,,,,,merge_then_adapt,coral,near_nearest_proxy,main,0.0,1,1train,far,False,,0.0,direct,0.384400331130729,0.32406571104413606,0.4478265722736659
2,bnci004,MMP_merge_then_adapt,TS,svm_radial,pt,22,0,0,25509,0.05,no_leakage_v1_alpha005,gate_all_sources_proxy_source_only_final_training_only,mmd,,,,,merge_then_adapt,coral,near_nearest_proxy,anchor,0.0,1,1train,not_used,False,,0.0,direct,0.384400331130729,0.32406571104413606,0.4478265722736659
2,bnci004,MMP_merge_then_adapt,TS,svm_radial,pt,22,0,0,25509,0.05,no_leakage_v1_alpha005,gate_all_sources_proxy_source_only_final_training_only,mmd,,,,,merge_then_adapt,coral,near_nearest_proxy,final,0.0,1,1train,not_used,False,,0.0,direct,0.384400331130729,0.32406571104413606,0.4478265722736659
2,bnci004,MMP_merge_then_adapt,TS,svm_radial,pt,22,0,0,25509,0.05,no_leakage_v1_alpha005,gate_all_sources_proxy_source_only_final_training_only,mmd,,,,,merge_then_adapt,coral,near_nearest_proxy,main,1.0,2,2train,far,False,,0.0,direct,0.22292262501757087,0.1926913767920497,0.2561265824587353
2,bnci004,MMP_merge_then_adapt,TS,svm_radial,pt,22,0,0,25509,0.05,no_leakage_v1_alpha005,gate_all_sources_proxy_source_only_final_training_only,mmd,,,,,merge_then_adapt,coral,near_nearest_proxy,anchor,1.0,2,2train,second_nearest_fallback_source,False,1.0,0.0,direct,0.22292262501757087,0.1926913767920497,0.2561265824587353
2,bnci004,MMP_merge_then_adapt,TS,svm_radial,pt,22,0,0,25509,0.05,no_leakage_v1_alpha005,gate_all_sources_proxy_source_only_final_training_only,mmd,,,,,merge_then_adapt,coral,near_nearest_proxy,final,1.0,2,2train,not_used,False,,0.0,direct,0.22292262501757087,0.1926913767920497,0.2561265824587353
2,bnci004,MMP_merge_then_adapt,TS,svm_radial,pt,22,0,0,25509,0.05,no_leakage_v1_alpha005,gate_all_sources_proxy_source_only_final_training_only,mmd,,,,,merge_then_adapt,coral,near_nearest_proxy,main,2.0,3,3test,nearest,True,1.0,0.0,direct,0.14381649747359262,0.11806889004206793,0.16965094485460033
2,bnci004,MMP_merge_then_adapt,TS,svm_radial,pt,22,0,0,25509,0.05,no_leakage_v1_alpha005,gate_all_sources_proxy_source_only_final_training_only,mmd,,,,,merge_then_adapt,coral,near_nearest_proxy,anchor,2.0,3,3test,target,False,,0.0,direct,0.14381649747359262,0.11806889004206793,0.16965094485460033
2,bnci004,MMP_merge_then_adapt,TS,svm_radial,pt,22,0,0,25509,0.05,no_leakage_v1_alpha005,gate_all_sources_proxy_source_only_final_training_only,mmd,,,,,merge_then_adapt,coral,near_nearest_proxy,final,2.0,3,3test,train,True,1.0,0.0,direct,0.14381649747359262,0.11806889004206793,0.16965094485460033
2,bnci004,MMP_merge_then_adapt,TS,svm_radial,pt,22,0,0,25509,0.05,no_leakage_v1_alpha005,gate_all_sources_proxy_source_only_final_training_only,mmd,,,,,merge_then_adapt,coral,near_nearest_proxy,main,3.0,4,4test,far,False,,0.0,direct,0.2599943918049357,0.22306342012535818,0.3085064655554463
2,bnci004,MMP_merge_then_adapt,TS,svm_radial,pt,22,0,0,25509,0.05,no_leakage_v1_alpha005,gate_all_sources_proxy_source_only_final_training_only,mmd,,,,,merge_then_adapt,coral,near_nearest_proxy,anchor,3.0,4,4test,not_used,False,,0.0,direct,0.2599943918049357,0.22306342012535818,0.3085064655554463
2,bnci004,MMP_merge_then_adapt,TS,svm_radial,pt,22,0,0,25509,0.05,no_leakage_v1_alpha005,gate_all_sources_proxy_source_only_final_training_only,mmd,,,,,merge_then_adapt,coral,near_nearest_proxy,final,3.0,4,4test,not_used,False,,0.0,direct,0.2599943918049357,0.22306342012535818,0.3085064655554463
2,bnci004,MMP_merge_then_adapt,TS,svm_radial,pt,22,0,0,25509,0.05,no_leakage_v1_alpha005,gate_all_sources_proxy_source_only_final_training_only,mmd,,,,,merge_then_adapt,coral,near_nearest_proxy,main,,0,0train,target,False,,,,,,
2,bnci004,MMP_merge_then_adapt,TS,svm_radial,pt,22,0,0,25509,0.05,no_leakage_v1_alpha005,gate_all_sources_proxy_source_only_final_training_only,mmd,,,,,merge_then_adapt,coral,near_nearest_proxy,final,,0,0train,target,False,,,,,,
2,bnci004,MMP_merge_then_adapt,TS,svm_radial,pt,22,1,1,25540,0.05,no_leakage_v1_alpha005,gate_all_sources_proxy_source_only_final_training_only,mmd,,,,,merge_then_adapt,coral,near_nearest_proxy,main,0.0,0,0train,far,False,,1.0,direct,0.38736819960934876,0.32923254925807616,0.45876454648648796
2,bnci004,MMP_merge_then_adapt,TS,svm_radial,pt,22,1,1,25540,0.05,no_leakage_v1_alpha005,gate_all_sources_proxy_source_only_final_training_only,mmd,,,,,merge_then_adapt,coral,near_nearest_proxy,anchor,0.0,0,0train,not_used,False,,1.0,direct,0.38736819960934876,0.32923254925807616,0.45876454648648796
2,bnci004,MMP_merge_then_adapt,TS,svm_radial,pt,22,1,1,25540,0.05,no_leakage_v1_alpha005,gate_all_sources_proxy_source_only_final_training_only,mmd,,,,,merge_then_adapt,coral,near_nearest_proxy,final,0.0,0,0train,not_used,False,,1.0,direct,0.38736819960934876,0.32923254925807616,0.45876454648648796
2,bnci004,MMP_merge_then_adapt,TS,svm_radial,pt,22,1,1,25540,0.05,no_leakage_v1_alpha005,gate_all_sources_proxy_source_only_final_training_only,mmd,,,,,merge_then_adapt,coral,near_nearest_proxy,main,1.0,2,2train,near,False,0.32426402130246995,1.0,direct,0.27988118180331667,0.22761193105795482,0.3459667183325551
2,bnci004,MMP_merge_then_adapt,TS,svm_radial,pt,22,1,1,25540,0.05,no_leakage_v1_alpha005,gate_all_sources_proxy_source_only_final_training_only,mmd,,,,,merge_then_adapt,coral,near_nearest_proxy,anchor,1.0,2,2train,proxy_source,False,0.5602446836922871,1.0,direct,0.27988118180331667,0.22761193105795482,0.3459667183325551
2,bnci004,MMP_merge_then_adapt,TS,svm_radial,pt,22,1,1,25540,0.05,no_leakage_v1_alpha005,gate_all_sources_proxy_source_only_final_training_only,mmd,,,,,merge_then_adapt,coral,near_nearest_proxy,final,1.0,2,2train,train,False,0.32426402130246995,1.0,direct,0.27988118180331667,0.22761193105795482,0.3459667183325551
2,bnci004,MMP_merge_then_adapt,TS,svm_radial,pt,22,1,1,25540,0.05,no_leakage_v1_alpha005,gate_all_sources_proxy_source_only_final_training_only,mmd,,,,,merge_then_adapt,coral,near_nearest_proxy,main,2.0,3,3test,near,False,0.2545259801758325,1.0,direct,0.3565666152185182,0.2791833529017188,0.43610033329280395
2,bnci004,MMP_merge_then_adapt,TS,svm_radial,pt,22,1,1,25540,0.05,no_leakage_v1_alpha005,gate_all_sources_proxy_source_only_final_training_only,mmd,,,,,merge_then_adapt,coral,near_nearest_proxy,anchor,2.0,3,3test,proxy_source,False,0.4397553163077129,1.0,direct,0.3565666152185182,0.2791833529017188,0.43610033329280395
2,bnci004,MMP_merge_then_adapt,TS,svm_radial,pt,22,1,1,25540,0.05,no_leakage_v1_alpha005,gate_all_sources_proxy_source_only_final_training_only,mmd,,,,,merge_then_adapt,coral,near_nearest_proxy,final,2.0,3,3test,train,False,0.2545259801758325,1.0,direct,0.3565666152185182,0.2791833529017188,0.43610033329280395
2,bnci004,MMP_merge_then_adapt,TS,svm_radial,pt,22,1,1,25540,0.05,no_leakage_v1_alpha005,gate_all_sources_proxy_source_only_final_training_only,mmd,,,,,merge_then_adapt,coral,near_nearest_proxy,main,3.0,4,4test,nearest,True,0.4212099985216974,1.0,direct,0.21546331015639203,0.16183902869775352,0.2813016675947738
2,bnci004,MMP_merge_then_adapt,TS,svm_radial,pt,22,1,1,25540,0.05,no_leakage_v1_alpha005,gate_all_sources_proxy_source_only_final_training_only,mmd,,,,,merge_then_adapt,coral,near_nearest_proxy,anchor,3.0,4,4test,target,False,,1.0,direct,0.21546331015639203,0.16183902869775352,0.2813016675947738
2,bnci004,MMP_merge_then_adapt,TS,svm_radial,pt,22,1,1,25540,0.05,no_leakage_v1_alpha005,gate_all_sources_proxy_source_only_final_training_only,mmd,,,,,merge_then_adapt,coral,near_nearest_proxy,final,3.0,4,4test,train,True,0.4212099985216974,1.0,direct,0.21546331015639203,0.16183902869775352,0.2813016675947738
2,bnci004,MMP_merge_then_adapt,TS,svm_radial,pt,22,1,1,25540,0.05,no_leakage_v1_alpha005,gate_all_sources_proxy_source_only_final_training_only,mmd,,,,,merge_then_adapt,coral,near_nearest_proxy,main,,1,1train,target,False,,,,,,
2,bnci004,MMP_merge_then_adapt,TS,svm_radial,pt,22,1,1,25540,0.05,no_leakage_v1_alpha005,gate_all_sources_proxy_source_only_final_training_only,mmd,,,,,merge_then_adapt,coral,near_nearest_proxy,final,,1,1train,target,False,,,,,,
2,bnci004,MMP_merge_then_adapt,TS,svm_radial,pt,22,2,2,25571,0.05,no_leakage_v1_alpha005,gate_all_sources_proxy_source_only_final_training_only,mmd,,,,,merge_then_adapt,coral,near_nearest_proxy,main,0.0,0,0train,far,False,,2.0,direct,0.20955840978656223,0.18168671172592157,0.24116665813642638
2,bnci004,MMP_merge_then_adapt,TS,svm_radial,pt,22,2,2,25571,0.05,no_leakage_v1_alpha005,gate_all_sources_proxy_source_only_final_training_only,mmd,,,,,merge_then_adapt,coral,near_nearest_proxy,anchor,0.0,0,0train,not_used,False,,2.0,direct,0.20955840978656223,0.18168671172592157,0.24116665813642638
2,bnci004,MMP_merge_then_adapt,TS,svm_radial,pt,22,2,2,25571,0.05,no_leakage_v1_alpha005,gate_all_sources_proxy_source_only_final_training_only,mmd,,,,,merge_then_adapt,coral,near_nearest_proxy,final,0.0,0,0train,not_used,False,,2.0,direct,0.20955840978656223,0.18168671172592157,0.24116665813642638
2,bnci004,MMP_merge_then_adapt,TS,svm_radial,pt,22,2,2,25571,0.05,no_leakage_v1_alpha005,gate_all_sources_proxy_source_only_final_training_only,mmd,,,,,merge_then_adapt,coral,near_nearest_proxy,main,1.0,1,1train,far,False,,2.0,direct,0.26447029024239,0.2251603447581076,0.3069900034384477
2,bnci004,MMP_merge_then_adapt,TS,svm_radial,pt,22,2,2,25571,0.05,no_leakage_v1_alpha005,gate_all_sources_proxy_source_only_final_training_only,mmd,,,,,merge_then_adapt,coral,near_nearest_proxy,anchor,1.0,1,1train,not_used,False,,2.0,direct,0.26447029024239,0.2251603447581076,0.3069900034384477
2,bnci004,MMP_merge_then_adapt,TS,svm_radial,pt,22,2,2,25571,0.05,no_leakage_v1_alpha005,gate_all_sources_proxy_source_only_final_training_only,mmd,,,,,merge_then_adapt,coral,near_nearest_proxy,final,1.0,1,1train,not_used,False,,2.0,direct,0.26447029024239,0.2251603447581076,0.3069900034384477
2,bnci004,MMP_merge_then_adapt,TS,svm_radial,pt,22,2,2,25571,0.05,no_leakage_v1_alpha005,gate_all_sources_proxy_source_only_final_training_only,mmd,,,,,merge_then_adapt,coral,near_nearest_proxy,main,2.0,3,3test,far,False,,2.0,direct,0.13014878830993903,0.0993540289283138,0.1696331919028769
2,bnci004,MMP_merge_then_adapt,TS,svm_radial,pt,22,2,2,25571,0.05,no_leakage_v1_alpha005,gate_all_sources_proxy_source_only_final_training_only,mmd,,,,,merge_then_adapt,coral,near_nearest_proxy,anchor,2.0,3,3test,second_nearest_fallback_source,False,1.0,2.0,direct,0.13014878830993903,0.0993540289283138,0.1696331919028769
2,bnci004,MMP_merge_then_adapt,TS,svm_radial,pt,22,2,2,25571,0.05,no_leakage_v1_alpha005,gate_all_sources_proxy_source_only_final_training_only,mmd,,,,,merge_then_adapt,coral,near_nearest_proxy,final,2.0,3,3test,not_used,False,,2.0,direct,0.13014878830993903,0.0993540289283138,0.1696331919028769
2,bnci004,MMP_merge_then_adapt,TS,svm_radial,pt,22,2,2,25571,0.05,no_leakage_v1_alpha005,gate_all_sources_proxy_source_only_final_training_only,mmd,,,,,merge_then_adapt,coral,near_nearest_proxy,main,3.0,4,4test,nearest,True,1.0,2.0,direct,0.039614955132478265,0.026275833824703117,0.059305294837511666
2,bnci004,MMP_merge_then_adapt,TS,svm_radial,pt,22,2,2,25571,0.05,no_leakage_v1_alpha005,gate_all_sources_proxy_source_only_final_training_only,mmd,,,,,merge_then_adapt,coral,near_nearest_proxy,anchor,3.0,4,4test,target,False,,2.0,direct,0.039614955132478265,0.026275833824703117,0.059305294837511666
2,bnci004,MMP_merge_then_adapt,TS,svm_radial,pt,22,2,2,25571,0.05,no_leakage_v1_alpha005,gate_all_sources_proxy_source_only_final_training_only,mmd,,,,,merge_then_adapt,coral,near_nearest_proxy,final,3.0,4,4test,train,True,1.0,2.0,direct,0.039614955132478265,0.026275833824703117,0.059305294837511666
2,bnci004,MMP_merge_then_adapt,TS,svm_radial,pt,22,2,2,25571,0.05,no_leakage_v1_alpha005,gate_all_sources_proxy_source_only_final_training_only,mmd,,,,,merge_then_adapt,coral,near_nearest_proxy,main,,2,2train,target,False,,,,,,
2,bnci004,MMP_merge_then_adapt,TS,svm_radial,pt,22,2,2,25571,0.05,no_leakage_v1_alpha005,gate_all_sources_proxy_source_only_final_training_only,mmd,,,,,merge_then_adapt,coral,near_nearest_proxy,final,,2,2train,target,False,,,,,,
2,bnci004,MMP_merge_then_adapt,TS,svm_radial,pt,22,3,3,25602,0.05,no_leakage_v1_alpha005,gate_all_sources_proxy_source_only_final_training_only,mmd,,,,,merge_then_adapt,coral,near_nearest_proxy,main,0.0,0,0train,near,False,0.33711217034889784,3.0,direct,0.14490114701376597,0.1158048487371744,0.17407647503033644
2,bnci004,MMP_merge_then_adapt,TS,svm_radial,pt,22,3,3,25602,0.05,no_leakage_v1_alpha005,gate_all_sources_proxy_source_only_final_training_only,mmd,,,,,merge_then_adapt,coral,near_nearest_proxy,anchor,0.0,0,0train,proxy_source,False,0.5329969715445511,3.0,direct,0.14490114701376597,0.1158048487371744,0.17407647503033644
2,bnci004,MMP_merge_then_adapt,TS,svm_radial,pt,22,3,3,25602,0.05,no_leakage_v1_alpha005,gate_all_sources_proxy_source_only_final_training_only,mmd,,,,,merge_then_adapt,coral,near_nearest_proxy,final,0.0,0,0train,train,False,0.33711217034889784,3.0,direct,0.14490114701376597,0.1158048487371744,0.17407647503033644
2,bnci004,MMP_merge_then_adapt,TS,svm_radial,pt,22,3,3,25602,0.05,no_leakage_v1_alpha005,gate_all_sources_proxy_source_only_final_training_only,mmd,,,,,merge_then_adapt,coral,near_nearest_proxy,main,1.0,1,1train,far,False,,3.0,direct,0.422552550441202,0.34034581555586707,0.5180792912397854
2,bnci004,MMP_merge_then_adapt,TS,svm_radial,pt,22,3,3,25602,0.05,no_leakage_v1_alpha005,gate_all_sources_proxy_source_only_final_training_only,mmd,,,,,merge_then_adapt,coral,near_nearest_proxy,anchor,1.0,1,1train,not_used,False,,3.0,direct,0.422552550441202,0.34034581555586707,0.5180792912397854
2,bnci004,MMP_merge_then_adapt,TS,svm_radial,pt,22,3,3,25602,0.05,no_leakage_v1_alpha005,gate_all_sources_proxy_source_only_final_training_only,mmd,,,,,merge_then_adapt,coral,near_nearest_proxy,final,1.0,1,1train,not_used,False,,3.0,direct,0.422552550441202,0.34034581555586707,0.5180792912397854
2,bnci004,MMP_merge_then_adapt,TS,svm_radial,pt,22,3,3,25602,0.05,no_leakage_v1_alpha005,gate_all_sources_proxy_source_only_final_training_only,mmd,,,,,merge_then_adapt,coral,near_nearest_proxy,main,2.0,2,2train,nearest,True,0.3675157864931321,3.0,direct,0.1329137728159932,0.09938720363502043,0.1811721662062147
2,bnci004,MMP_merge_then_adapt,TS,svm_radial,pt,22,3,3,25602,0.05,no_leakage_v1_alpha005,gate_all_sources_proxy_source_only_final_training_only,mmd,,,,,merge_then_adapt,coral,near_nearest_proxy,anchor,2.0,2,2train,target,False,,3.0,direct,0.1329137728159932,0.09938720363502043,0.1811721662062147
2,bnci004,MMP_merge_then_adapt,TS,svm_radial,pt,22,3,3,25602,0.05,no_leakage_v1_alpha005,gate_all_sources_proxy_source_only_final_training_only,mmd,,,,,merge_then_adapt,coral,near_nearest_proxy,final,2.0,2,2train,train,True,0.3675157864931321,3.0,direct,0.1329137728159932,0.09938720363502043,0.1811721662062147
2,bnci004,MMP_merge_then_adapt,TS,svm_radial,pt,22,3,3,25602,0.05,no_leakage_v1_alpha005,gate_all_sources_proxy_source_only_final_training_only,mmd,,,,,merge_then_adapt,coral,near_nearest_proxy,main,3.0,4,4test,near,False,0.29537204315797005,3.0,direct,0.16537781089139103,0.11436623567308074,0.2306564805778038
2,bnci004,MMP_merge_then_adapt,TS,svm_radial,pt,22,3,3,25602,0.05,no_leakage_v1_alpha005,gate_all_sources_proxy_source_only_final_training_only,mmd,,,,,merge_then_adapt,coral,near_nearest_proxy,anchor,3.0,4,4test,proxy_source,False,0.4670030284554489,3.0,direct,0.16537781089139103,0.11436623567308074,0.2306564805778038
2,bnci004,MMP_merge_then_adapt,TS,svm_radial,pt,22,3,3,25602,0.05,no_leakage_v1_alpha005,gate_all_sources_proxy_source_only_final_training_only,mmd,,,,,merge_then_adapt,coral,near_nearest_proxy,final,3.0,4,4test,train,False,0.29537204315797005,3.0,direct,0.16537781089139103,0.11436623567308074,0.2306564805778038
2,bnci004,MMP_merge_then_adapt,TS,svm_radial,pt,22,3,3,25602,0.05,no_leakage_v1_alpha005,gate_all_sources_proxy_source_only_final_training_only,mmd,,,,,merge_then_adapt,coral,near_nearest_proxy,main,,3,3test,target,False,,,,,,
2,bnci004,MMP_merge_then_adapt,TS,svm_radial,pt,22,3,3,25602,0.05,no_leakage_v1_alpha005,gate_all_sources_proxy_source_only_final_training_only,mmd,,,,,merge_then_adapt,coral,near_nearest_proxy,final,,3,3test,target,False,,,,,,
2,bnci004,MMP_merge_then_adapt,TS,svm_radial,pt,22,4,4,25633,0.05,no_leakage_v1_alpha005,gate_all_sources_proxy_source_only_final_training_only,mmd,,,,,merge_then_adapt,coral,near_nearest_proxy,main,0.0,0,0train,far,False,,4.0,direct,0.2016263769689245,0.17957077873166982,0.22733184325477737
2,bnci004,MMP_merge_then_adapt,TS,svm_radial,pt,22,4,4,25633,0.05,no_leakage_v1_alpha005,gate_all_sources_proxy_source_only_final_training_only,mmd,,,,,merge_then_adapt,coral,near_nearest_proxy,anchor,0.0,0,0train,not_used,False,,4.0,direct,0.2016263769689245,0.17957077873166982,0.22733184325477737
2,bnci004,MMP_merge_then_adapt,TS,svm_radial,pt,22,4,4,25633,0.05,no_leakage_v1_alpha005,gate_all_sources_proxy_source_only_final_training_only,mmd,,,,,merge_then_adapt,coral,near_nearest_proxy,final,0.0,0,0train,not_used,False,,4.0,direct,0.2016263769689245,0.17957077873166982,0.22733184325477737
2,bnci004,MMP_merge_then_adapt,TS,svm_radial,pt,22,4,4,25633,0.05,no_leakage_v1_alpha005,gate_all_sources_proxy_source_only_final_training_only,mmd,,,,,merge_then_adapt,coral,near_nearest_proxy,main,1.0,1,1train,far,False,,4.0,direct,0.1942122398230581,0.15281444556891635,0.23139977498299918
2,bnci004,MMP_merge_then_adapt,TS,svm_radial,pt,22,4,4,25633,0.05,no_leakage_v1_alpha005,gate_all_sources_proxy_source_only_final_training_only,mmd,,,,,merge_then_adapt,coral,near_nearest_proxy,anchor,1.0,1,1train,not_used,False,,4.0,direct,0.1942122398230581,0.15281444556891635,0.23139977498299918
2,bnci004,MMP_merge_then_adapt,TS,svm_radial,pt,22,4,4,25633,0.05,no_leakage_v1_alpha005,gate_all_sources_proxy_source_only_final_training_only,mmd,,,,,merge_then_adapt,coral,near_nearest_proxy,final,1.0,1,1train,not_used,False,,4.0,direct,0.1942122398230581,0.15281444556891635,0.23139977498299918
2,bnci004,MMP_merge_then_adapt,TS,svm_radial,pt,22,4,4,25633,0.05,no_leakage_v1_alpha005,gate_all_sources_proxy_source_only_final_training_only,mmd,,,,,merge_then_adapt,coral,near_nearest_proxy,main,2.0,2,2train,nearest,True,1.0,4.0,direct,0.03874314313326173,0.02508708326303943,0.059712800629068745
2,bnci004,MMP_merge_then_adapt,TS,svm_radial,pt,22,4,4,25633,0.05,no_leakage_v1_alpha005,gate_all_sources_proxy_source_only_final_training_only,mmd,,,,,merge_then_adapt,coral,near_nearest_proxy,anchor,2.0,2,2train,target,False,,4.0,direct,0.03874314313326173,0.02508708326303943,0.059712800629068745
2,bnci004,MMP_merge_then_adapt,TS,svm_radial,pt,22,4,4,25633,0.05,no_leakage_v1_alpha005,gate_all_sources_proxy_source_only_final_training_only,mmd,,,,,merge_then_adapt,coral,near_nearest_proxy,final,2.0,2,2train,train,True,1.0,4.0,direct,0.03874314313326173,0.02508708326303943,0.059712800629068745
2,bnci004,MMP_merge_then_adapt,TS,svm_radial,pt,22,4,4,25633,0.05,no_leakage_v1_alpha005,gate_all_sources_proxy_source_only_final_training_only,mmd,,,,,merge_then_adapt,coral,near_nearest_proxy,main,3.0,3,3test,far,False,,4.0,direct,0.12220889422786468,0.09383280140035173,0.15475285465577007
2,bnci004,MMP_merge_then_adapt,TS,svm_radial,pt,22,4,4,25633,0.05,no_leakage_v1_alpha005,gate_all_sources_proxy_source_only_final_training_only,mmd,,,,,merge_then_adapt,coral,near_nearest_proxy,anchor,3.0,3,3test,second_nearest_fallback_source,False,1.0,4.0,direct,0.12220889422786468,0.09383280140035173,0.15475285465577007
2,bnci004,MMP_merge_then_adapt,TS,svm_radial,pt,22,4,4,25633,0.05,no_leakage_v1_alpha005,gate_all_sources_proxy_source_only_final_training_only,mmd,,,,,merge_then_adapt,coral,near_nearest_proxy,final,3.0,3,3test,not_used,False,,4.0,direct,0.12220889422786468,0.09383280140035173,0.15475285465577007
2,bnci004,MMP_merge_then_adapt,TS,svm_radial,pt,22,4,4,25633,0.05,no_leakage_v1_alpha005,gate_all_sources_proxy_source_only_final_training_only,mmd,,,,,merge_then_adapt,coral,near_nearest_proxy,main,,4,4test,target,False,,,,,,
2,bnci004,MMP_merge_then_adapt,TS,svm_radial,pt,22,4,4,25633,0.05,no_leakage_v1_alpha005,gate_all_sources_proxy_source_only_final_training_only,mmd,,,,,merge_then_adapt,coral,near_nearest_proxy,final,,4,4test,target,False,,,,,,
2,bnci004,MMP_merge_then_adapt,TS,svm_radial,coral,23,0,0,26506,0.05,no_leakage_v1_alpha005,gate_all_sources_proxy_source_only_final_training_only,mmd,,,,,merge_then_adapt,coral,near_nearest_proxy,main,0.0,1,1train,far,False,,0.0,direct,0.38661776006194076,0.32125476927255403,0.4503814794449721
2,bnci004,MMP_merge_then_adapt,TS,svm_radial,coral,23,0,0,26506,0.05,no_leakage_v1_alpha005,gate_all_sources_proxy_source_only_final_training_only,mmd,,,,,merge_then_adapt,coral,near_nearest_proxy,anchor,0.0,1,1train,not_used,False,,0.0,direct,0.38661776006194076,0.32125476927255403,0.4503814794449721
2,bnci004,MMP_merge_then_adapt,TS,svm_radial,coral,23,0,0,26506,0.05,no_leakage_v1_alpha005,gate_all_sources_proxy_source_only_final_training_only,mmd,,,,,merge_then_adapt,coral,near_nearest_proxy,final,0.0,1,1train,not_used,False,,0.0,direct,0.38661776006194076,0.32125476927255403,0.4503814794449721
2,bnci004,MMP_merge_then_adapt,TS,svm_radial,coral,23,0,0,26506,0.05,no_leakage_v1_alpha005,gate_all_sources_proxy_source_only_final_training_only,mmd,,,,,merge_then_adapt,coral,near_nearest_proxy,main,1.0,2,2train,far,False,,0.0,direct,0.22612125982054238,0.1903428248416336,0.26630752358090753
2,bnci004,MMP_merge_then_adapt,TS,svm_radial,coral,23,0,0,26506,0.05,no_leakage_v1_alpha005,gate_all_sources_proxy_source_only_final_training_only,mmd,,,,,merge_then_adapt,coral,near_nearest_proxy,anchor,1.0,2,2train,second_nearest_fallback_source,False,1.0,0.0,direct,0.22612125982054238,0.1903428248416336,0.26630752358090753
2,bnci004,MMP_merge_then_adapt,TS,svm_radial,coral,23,0,0,26506,0.05,no_leakage_v1_alpha005,gate_all_sources_proxy_source_only_final_training_only,mmd,,,,,merge_then_adapt,coral,near_nearest_proxy,final,1.0,2,2train,not_used,False,,0.0,direct,0.22612125982054238,0.1903428248416336,0.26630752358090753
2,bnci004,MMP_merge_then_adapt,TS,svm_radial,coral,23,0,0,26506,0.05,no_leakage_v1_alpha005,gate_all_sources_proxy_source_only_final_training_only,mmd,,,,,merge_then_adapt,coral,near_nearest_proxy,main,2.0,3,3test,nearest,True,1.0,0.0,direct,0.14334467512210802,0.11797685501189384,0.16892444199246476
2,bnci004,MMP_merge_then_adapt,TS,svm_radial,coral,23,0,0,26506,0.05,no_leakage_v1_alpha005,gate_all_sources_proxy_source_only_final_training_only,mmd,,,,,merge_then_adapt,coral,near_nearest_proxy,anchor,2.0,3,3test,target,False,,0.0,direct,0.14334467512210802,0.11797685501189384,0.16892444199246476
2,bnci004,MMP_merge_then_adapt,TS,svm_radial,coral,23,0,0,26506,0.05,no_leakage_v1_alpha005,gate_all_sources_proxy_source_only_final_training_only,mmd,,,,,merge_then_adapt,coral,near_nearest_proxy,final,2.0,3,3test,train,True,1.0,0.0,direct,0.14334467512210802,0.11797685501189384,0.16892444199246476
2,bnci004,MMP_merge_then_adapt,TS,svm_radial,coral,23,0,0,26506,0.05,no_leakage_v1_alpha005,gate_all_sources_proxy_source_only_final_training_only,mmd,,,,,merge_then_adapt,coral,near_nearest_proxy,main,3.0,4,4test,far,False,,0.0,direct,0.2561594027493259,0.21843694500025956,0.29998951509053645
2,bnci004,MMP_merge_then_adapt,TS,svm_radial,coral,23,0,0,26506,0.05,no_leakage_v1_alpha005,gate_all_sources_proxy_source_only_final_training_only,mmd,,,,,merge_then_adapt,coral,near_nearest_proxy,anchor,3.0,4,4test,not_used,False,,0.0,direct,0.2561594027493259,0.21843694500025956,0.29998951509053645
2,bnci004,MMP_merge_then_adapt,TS,svm_radial,coral,23,0,0,26506,0.05,no_leakage_v1_alpha005,gate_all_sources_proxy_source_only_final_training_only,mmd,,,,,merge_then_adapt,coral,near_nearest_proxy,final,3.0,4,4test,not_used,False,,0.0,direct,0.2561594027493259,0.21843694500025956,0.29998951509053645
2,bnci004,MMP_merge_then_adapt,TS,svm_radial,coral,23,0,0,26506,0.05,no_leakage_v1_alpha005,gate_all_sources_proxy_source_only_final_training_only,mmd,,,,,merge_then_adapt,coral,near_nearest_proxy,main,,0,0train,target,False,,,,,,
2,bnci004,MMP_merge_then_adapt,TS,svm_radial,coral,23,0,0,26506,0.05,no_leakage_v1_alpha005,gate_all_sources_proxy_source_only_final_training_only,mmd,,,,,merge_then_adapt,coral,near_nearest_proxy,final,,0,0train,target,False,,,,,,
2,bnci004,MMP_merge_then_adapt,TS,svm_radial,coral,23,1,1,26537,0.05,no_leakage_v1_alpha005,gate_all_sources_proxy_source_only_final_training_only,mmd,,,,,merge_then_adapt,coral,near_nearest_proxy,main,0.0,0,0train,far,False,,1.0,direct,0.38982767017213305,0.3243489893685511,0.4463949584129529
2,bnci004,MMP_merge_then_adapt,TS,svm_radial,coral,23,1,1,26537,0.05,no_leakage_v1_alpha005,gate_all_sources_proxy_source_only_final_training_only,mmd,,,,,merge_then_adapt,coral,near_nearest_proxy,anchor,0.0,0,0train,not_used,False,,1.0,direct,0.38982767017213305,0.3243489893685511,0.4463949584129529
2,bnci004,MMP_merge_then_adapt,TS,svm_radial,coral,23,1,1,26537,0.05,no_leakage_v1_alpha005,gate_all_sources_proxy_source_only_final_training_only,mmd,,,,,merge_then_adapt,coral,near_nearest_proxy,final,0.0,0,0train,not_used,False,,1.0,direct,0.38982767017213305,0.3243489893685511,0.4463949584129529
2,bnci004,MMP_merge_then_adapt,TS,svm_radial,coral,23,1,1,26537,0.05,no_leakage_v1_alpha005,gate_all_sources_proxy_source_only_final_training_only,mmd,,,,,merge_then_adapt,coral,near_nearest_proxy,main,1.0,2,2train,near,False,0.4366398584009767,1.0,direct,0.27973998659355326,0.22048588889905135,0.3359708225348589
2,bnci004,MMP_merge_then_adapt,TS,svm_radial,coral,23,1,1,26537,0.05,no_leakage_v1_alpha005,gate_all_sources_proxy_source_only_final_training_only,mmd,,,,,merge_then_adapt,coral,near_nearest_proxy,anchor,1.0,2,2train,proxy_source,False,1.0,1.0,direct,0.27973998659355326,0.22048588889905135,0.3359708225348589
2,bnci004,MMP_merge_then_adapt,TS,svm_radial,coral,23,1,1,26537,0.05,no_leakage_v1_alpha005,gate_all_sources_proxy_source_only_final_training_only,mmd,,,,,merge_then_adapt,coral,near_nearest_proxy,final,1.0,2,2train,train,False,0.4366398584009767,1.0,direct,0.27973998659355326,0.22048588889905135,0.3359708225348589
2,bnci004,MMP_merge_then_adapt,TS,svm_radial,coral,23,1,1,26537,0.05,no_leakage_v1_alpha005,gate_all_sources_proxy_source_only_final_training_only,mmd,,,,,merge_then_adapt,coral,near_nearest_proxy,main,2.0,3,3test,far,False,,1.0,direct,0.3523904993343996,0.2747344038929328,0.4246042520559622
2,bnci004,MMP_merge_then_adapt,TS,svm_radial,coral,23,1,1,26537,0.05,no_leakage_v1_alpha005,gate_all_sources_proxy_source_only_final_training_only,mmd,,,,,merge_then_adapt,coral,near_nearest_proxy,anchor,2.0,3,3test,not_used,False,,1.0,direct,0.3523904993343996,0.2747344038929328,0.4246042520559622
2,bnci004,MMP_merge_then_adapt,TS,svm_radial,coral,23,1,1,26537,0.05,no_leakage_v1_alpha005,gate_all_sources_proxy_source_only_final_training_only,mmd,,,,,merge_then_adapt,coral,near_nearest_proxy,final,2.0,3,3test,not_used,False,,1.0,direct,0.3523904993343996,0.2747344038929328,0.4246042520559622
2,bnci004,MMP_merge_then_adapt,TS,svm_radial,coral,23,1,1,26537,0.05,no_leakage_v1_alpha005,gate_all_sources_proxy_source_only_final_training_only,mmd,,,,,merge_then_adapt,coral,near_nearest_proxy,main,3.0,4,4test,nearest,True,0.5633601415990234,1.0,direct,0.2168160158940658,0.1609558824451316,0.2699613285742327
2,bnci004,MMP_merge_then_adapt,TS,svm_radial,coral,23,1,1,26537,0.05,no_leakage_v1_alpha005,gate_all_sources_proxy_source_only_final_training_only,mmd,,,,,merge_then_adapt,coral,near_nearest_proxy,anchor,3.0,4,4test,target,False,,1.0,direct,0.2168160158940658,0.1609558824451316,0.2699613285742327
2,bnci004,MMP_merge_then_adapt,TS,svm_radial,coral,23,1,1,26537,0.05,no_leakage_v1_alpha005,gate_all_sources_proxy_source_only_final_training_only,mmd,,,,,merge_then_adapt,coral,near_nearest_proxy,final,3.0,4,4test,train,True,0.5633601415990234,1.0,direct,0.2168160158940658,0.1609558824451316,0.2699613285742327
2,bnci004,MMP_merge_then_adapt,TS,svm_radial,coral,23,1,1,26537,0.05,no_leakage_v1_alpha005,gate_all_sources_proxy_source_only_final_training_only,mmd,,,,,merge_then_adapt,coral,near_nearest_proxy,main,,1,1train,target,False,,,,,,
2,bnci004,MMP_merge_then_adapt,TS,svm_radial,coral,23,1,1,26537,0.05,no_leakage_v1_alpha005,gate_all_sources_proxy_source_only_final_training_only,mmd,,,,,merge_then_adapt,coral,near_nearest_proxy,final,,1,1train,target,False,,,,,,
2,bnci004,MMP_merge_then_adapt,TS,svm_radial,coral,23,2,2,26568,0.05,no_leakage_v1_alpha005,gate_all_sources_proxy_source_only_final_training_only,mmd,,,,,merge_then_adapt,coral,near_nearest_proxy,main,0.0,0,0train,far,False,,2.0,direct,0.2093071715425628,0.1829245074595164,0.24360549825723737
2,bnci004,MMP_merge_then_adapt,TS,svm_radial,coral,23,2,2,26568,0.05,no_leakage_v1_alpha005,gate_all_sources_proxy_source_only_final_training_only,mmd,,,,,merge_then_adapt,coral,near_nearest_proxy,anchor,0.0,0,0train,not_used,False,,2.0,direct,0.2093071715425628,0.1829245074595164,0.24360549825723737
2,bnci004,MMP_merge_then_adapt,TS,svm_radial,coral,23,2,2,26568,0.05,no_leakage_v1_alpha005,gate_all_sources_proxy_source_only_final_training_only,mmd,,,,,merge_then_adapt,coral,near_nearest_proxy,final,0.0,0,0train,not_used,False,,2.0,direct,0.2093071715425628,0.1829245074595164,0.24360549825723737
2,bnci004,MMP_merge_then_adapt,TS,svm_radial,coral,23,2,2,26568,0.05,no_leakage_v1_alpha005,gate_all_sources_proxy_source_only_final_training_only,mmd,,,,,merge_then_adapt,coral,near_nearest_proxy,main,1.0,1,1train,far,False,,2.0,direct,0.26255461148514225,0.22471865784868802,0.3033356121356094
2,bnci004,MMP_merge_then_adapt,TS,svm_radial,coral,23,2,2,26568,0.05,no_leakage_v1_alpha005,gate_all_sources_proxy_source_only_final_training_only,mmd,,,,,merge_then_adapt,coral,near_nearest_proxy,anchor,1.0,1,1train,not_used,False,,2.0,direct,0.26255461148514225,0.22471865784868802,0.3033356121356094
2,bnci004,MMP_merge_then_adapt,TS,svm_radial,coral,23,2,2,26568,0.05,no_leakage_v1_alpha005,gate_all_sources_proxy_source_only_final_training_only,mmd,,,,,merge_then_adapt,coral,near_nearest_proxy,final,1.0,1,1train,not_used,False,,2.0,direct,0.26255461148514225,0.22471865784868802,0.3033356121356094
2,bnci004,MMP_merge_then_adapt,TS,svm_radial,coral,23,2,2,26568,0.05,no_leakage_v1_alpha005,gate_all_sources_proxy_source_only_final_training_only,mmd,,,,,merge_then_adapt,coral,near_nearest_proxy,main,2.0,3,3test,far,False,,2.0,direct,0.12892772777099293,0.10163180451805999,0.1595729303818863
2,bnci004,MMP_merge_then_adapt,TS,svm_radial,coral,23,2,2,26568,0.05,no_leakage_v1_alpha005,gate_all_sources_proxy_source_only_final_training_only,mmd,,,,,merge_then_adapt,coral,near_nearest_proxy,anchor,2.0,3,3test,second_nearest_fallback_source,False,1.0,2.0,direct,0.12892772777099293,0.10163180451805999,0.1595729303818863
2,bnci004,MMP_merge_then_adapt,TS,svm_radial,coral,23,2,2,26568,0.05,no_leakage_v1_alpha005,gate_all_sources_proxy_source_only_final_training_only,mmd,,,,,merge_then_adapt,coral,near_nearest_proxy,final,2.0,3,3test,not_used,False,,2.0,direct,0.12892772777099293,0.10163180451805999,0.1595729303818863
2,bnci004,MMP_merge_then_adapt,TS,svm_radial,coral,23,2,2,26568,0.05,no_leakage_v1_alpha005,gate_all_sources_proxy_source_only_final_training_only,mmd,,,,,merge_then_adapt,coral,near_nearest_proxy,main,3.0,4,4test,nearest,True,1.0,2.0,direct,0.03709859849852181,0.023592596059473878,0.056613998752213984
2,bnci004,MMP_merge_then_adapt,TS,svm_radial,coral,23,2,2,26568,0.05,no_leakage_v1_alpha005,gate_all_sources_proxy_source_only_final_training_only,mmd,,,,,merge_then_adapt,coral,near_nearest_proxy,anchor,3.0,4,4test,target,False,,2.0,direct,0.03709859849852181,0.023592596059473878,0.056613998752213984
2,bnci004,MMP_merge_then_adapt,TS,svm_radial,coral,23,2,2,26568,0.05,no_leakage_v1_alpha005,gate_all_sources_proxy_source_only_final_training_only,mmd,,,,,merge_then_adapt,coral,near_nearest_proxy,final,3.0,4,4test,train,True,1.0,2.0,direct,0.03709859849852181,0.023592596059473878,0.056613998752213984
2,bnci004,MMP_merge_then_adapt,TS,svm_radial,coral,23,2,2,26568,0.05,no_leakage_v1_alpha005,gate_all_sources_proxy_source_only_final_training_only,mmd,,,,,merge_then_adapt,coral,near_nearest_proxy,main,,2,2train,target,False,,,,,,
2,bnci004,MMP_merge_then_adapt,TS,svm_radial,coral,23,2,2,26568,0.05,no_leakage_v1_alpha005,gate_all_sources_proxy_source_only_final_training_only,mmd,,,,,merge_then_adapt,coral,near_nearest_proxy,final,,2,2train,target,False,,,,,,
2,bnci004,MMP_merge_then_adapt,TS,svm_radial,coral,23,3,3,26599,0.05,no_leakage_v1_alpha005,gate_all_sources_proxy_source_only_final_training_only,mmd,,,,,merge_then_adapt,coral,near_nearest_proxy,main,0.0,0,0train,near,False,0.3416077008344812,3.0,direct,0.1437782765038077,0.11833312480686661,0.17379141886063726
2,bnci004,MMP_merge_then_adapt,TS,svm_radial,coral,23,3,3,26599,0.05,no_leakage_v1_alpha005,gate_all_sources_proxy_source_only_final_training_only,mmd,,,,,merge_then_adapt,coral,near_nearest_proxy,anchor,0.0,0,0train,proxy_source,False,0.5375168755624016,3.0,direct,0.1437782765038077,0.11833312480686661,0.17379141886063726
2,bnci004,MMP_merge_then_adapt,TS,svm_radial,coral,23,3,3,26599,0.05,no_leakage_v1_alpha005,gate_all_sources_proxy_source_only_final_training_only,mmd,,,,,merge_then_adapt,coral,near_nearest_proxy,final,0.0,0,0train,train,False,0.3416077008344812,3.0,direct,0.1437782765038077,0.11833312480686661,0.17379141886063726
2,bnci004,MMP_merge_then_adapt,TS,svm_radial,coral,23,3,3,26599,0.05,no_leakage_v1_alpha005,gate_all_sources_proxy_source_only_final_training_only,mmd,,,,,merge_then_adapt,coral,near_nearest_proxy,main,1.0,1,1train,far,False,,3.0,direct,0.4141952980859883,0.33488839724530184,0.5077416019421591
2,bnci004,MMP_merge_then_adapt,TS,svm_radial,coral,23,3,3,26599,0.05,no_leakage_v1_alpha005,gate_all_sources_proxy_source_only_final_training_only,mmd,,,,,merge_then_adapt,coral,near_nearest_proxy,anchor,1.0,1,1train,not_used,False,,3.0,direct,0.4141952980859883,0.33488839724530184,0.5077416019421591
2,bnci004,MMP_merge_then_adapt,TS,svm_radial,coral,23,3,3,26599,0.05,no_leakage_v1_alpha005,gate_all_sources_proxy_source_only_final_training_only,mmd,,,,,merge_then_adapt,coral,near_nearest_proxy,final,1.0,1,1train,not_used,False,,3.0,direct,0.4141952980859883,0.33488839724530184,0.5077416019421591
2,bnci004,MMP_merge_then_adapt,TS,svm_radial,coral,23,3,3,26599,0.05,no_leakage_v1_alpha005,gate_all_sources_proxy_source_only_final_training_only,mmd,,,,,merge_then_adapt,coral,near_nearest_proxy,main,2.0,2,2train,nearest,True,0.36447074247286004,3.0,direct,0.13475908455676872,0.09544024075999129,0.18450845295249452
2,bnci004,MMP_merge_then_adapt,TS,svm_radial,coral,23,3,3,26599,0.05,no_leakage_v1_alpha005,gate_all_sources_proxy_source_only_final_training_only,mmd,,,,,merge_then_adapt,coral,near_nearest_proxy,anchor,2.0,2,2train,target,False,,3.0,direct,0.13475908455676872,0.09544024075999129,0.18450845295249452
2,bnci004,MMP_merge_then_adapt,TS,svm_radial,coral,23,3,3,26599,0.05,no_leakage_v1_alpha005,gate_all_sources_proxy_source_only_final_training_only,mmd,,,,,merge_then_adapt,coral,near_nearest_proxy,final,2.0,2,2train,train,True,0.36447074247286004,3.0,direct,0.13475908455676872,0.09544024075999129,0.18450845295249452
2,bnci004,MMP_merge_then_adapt,TS,svm_radial,coral,23,3,3,26599,0.05,no_leakage_v1_alpha005,gate_all_sources_proxy_source_only_final_training_only,mmd,,,,,merge_then_adapt,coral,near_nearest_proxy,main,3.0,4,4test,near,False,0.29392155669265885,3.0,direct,0.16710517835176175,0.11738604041632349,0.22893362887017293
2,bnci004,MMP_merge_then_adapt,TS,svm_radial,coral,23,3,3,26599,0.05,no_leakage_v1_alpha005,gate_all_sources_proxy_source_only_final_training_only,mmd,,,,,merge_then_adapt,coral,near_nearest_proxy,anchor,3.0,4,4test,proxy_source,False,0.46248312443759837,3.0,direct,0.16710517835176175,0.11738604041632349,0.22893362887017293
2,bnci004,MMP_merge_then_adapt,TS,svm_radial,coral,23,3,3,26599,0.05,no_leakage_v1_alpha005,gate_all_sources_proxy_source_only_final_training_only,mmd,,,,,merge_then_adapt,coral,near_nearest_proxy,final,3.0,4,4test,train,False,0.29392155669265885,3.0,direct,0.16710517835176175,0.11738604041632349,0.22893362887017293
2,bnci004,MMP_merge_then_adapt,TS,svm_radial,coral,23,3,3,26599,0.05,no_leakage_v1_alpha005,gate_all_sources_proxy_source_only_final_training_only,mmd,,,,,merge_then_adapt,coral,near_nearest_proxy,main,,3,3test,target,False,,,,,,
2,bnci004,MMP_merge_then_adapt,TS,svm_radial,coral,23,3,3,26599,0.05,no_leakage_v1_alpha005,gate_all_sources_proxy_source_only_final_training_only,mmd,,,,,merge_then_adapt,coral,near_nearest_proxy,final,,3,3test,target,False,,,,,,
2,bnci004,MMP_merge_then_adapt,TS,svm_radial,coral,23,4,4,26630,0.05,no_leakage_v1_alpha005,gate_all_sources_proxy_source_only_final_training_only,mmd,,,,,merge_then_adapt,coral,near_nearest_proxy,main,0.0,0,0train,far,False,,4.0,direct,0.2014736398431486,0.17554527582053914,0.23015735142106025
2,bnci004,MMP_merge_then_adapt,TS,svm_radial,coral,23,4,4,26630,0.05,no_leakage_v1_alpha005,gate_all_sources_proxy_source_only_final_training_only,mmd,,,,,merge_then_adapt,coral,near_nearest_proxy,anchor,0.0,0,0train,not_used,False,,4.0,direct,0.2014736398431486,0.17554527582053914,0.23015735142106025
2,bnci004,MMP_merge_then_adapt,TS,svm_radial,coral,23,4,4,26630,0.05,no_leakage_v1_alpha005,gate_all_sources_proxy_source_only_final_training_only,mmd,,,,,merge_then_adapt,coral,near_nearest_proxy,final,0.0,0,0train,not_used,False,,4.0,direct,0.2014736398431486,0.17554527582053914,0.23015735142106025
2,bnci004,MMP_merge_then_adapt,TS,svm_radial,coral,23,4,4,26630,0.05,no_leakage_v1_alpha005,gate_all_sources_proxy_source_only_final_training_only,mmd,,,,,merge_then_adapt,coral,near_nearest_proxy,main,1.0,1,1train,far,False,,4.0,direct,0.19545678998586832,0.15871084129618954,0.2356843926048793
2,bnci004,MMP_merge_then_adapt,TS,svm_radial,coral,23,4,4,26630,0.05,no_leakage_v1_alpha005,gate_all_sources_proxy_source_only_final_training_only,mmd,,,,,merge_then_adapt,coral,near_nearest_proxy,anchor,1.0,1,1train,not_used,False,,4.0,direct,0.19545678998586832,0.15871084129618954,0.2356843926048793
2,bnci004,MMP_merge_then_adapt,TS,svm_radial,coral,23,4,4,26630,0.05,no_leakage_v1_alpha005,gate_all_sources_proxy_source_only_final_training_only,mmd,,,,,merge_then_adapt,coral,near_nearest_proxy,final,1.0,1,1train,not_used,False,,4.0,direct,0.19545678998586832,0.15871084129618954,0.2356843926048793
2,bnci004,MMP_merge_then_adapt,TS,svm_radial,coral,23,4,4,26630,0.05,no_leakage_v1_alpha005,gate_all_sources_proxy_source_only_final_training_only,mmd,,,,,merge_then_adapt,coral,near_nearest_proxy,main,2.0,2,2train,nearest,True,1.0,4.0,direct,0.03890628720863031,0.026042831057933733,0.05423498839944416
2,bnci004,MMP_merge_then_adapt,TS,svm_radial,coral,23,4,4,26630,0.05,no_leakage_v1_alpha005,gate_all_sources_proxy_source_only_final_training_only,mmd,,,,,merge_then_adapt,coral,near_nearest_proxy,anchor,2.0,2,2train,target,False,,4.0,direct,0.03890628720863031,0.026042831057933733,0.05423498839944416
2,bnci004,MMP_merge_then_adapt,TS,svm_radial,coral,23,4,4,26630,0.05,no_leakage_v1_alpha005,gate_all_sources_proxy_source_only_final_training_only,mmd,,,,,merge_then_adapt,coral,near_nearest_proxy,final,2.0,2,2train,train,True,1.0,4.0,direct,0.03890628720863031,0.026042831057933733,0.05423498839944416
2,bnci004,MMP_merge_then_adapt,TS,svm_radial,coral,23,4,4,26630,0.05,no_leakage_v1_alpha005,gate_all_sources_proxy_source_only_final_training_only,mmd,,,,,merge_then_adapt,coral,near_nearest_proxy,main,3.0,3,3test,far,False,,4.0,direct,0.12316084303748977,0.09574077147337877,0.1543433352208989
2,bnci004,MMP_merge_then_adapt,TS,svm_radial,coral,23,4,4,26630,0.05,no_leakage_v1_alpha005,gate_all_sources_proxy_source_only_final_training_only,mmd,,,,,merge_then_adapt,coral,near_nearest_proxy,anchor,3.0,3,3test,second_nearest_fallback_source,False,1.0,4.0,direct,0.12316084303748977,0.09574077147337877,0.1543433352208989
2,bnci004,MMP_merge_then_adapt,TS,svm_radial,coral,23,4,4,26630,0.05,no_leakage_v1_alpha005,gate_all_sources_proxy_source_only_final_training_only,mmd,,,,,merge_then_adapt,coral,near_nearest_proxy,final,3.0,3,3test,not_used,False,,4.0,direct,0.12316084303748977,0.09574077147337877,0.1543433352208989
2,bnci004,MMP_merge_then_adapt,TS,svm_radial,coral,23,4,4,26630,0.05,no_leakage_v1_alpha005,gate_all_sources_proxy_source_only_final_training_only,mmd,,,,,merge_then_adapt,coral,near_nearest_proxy,main,,4,4test,target,False,,,,,,
2,bnci004,MMP_merge_then_adapt,TS,svm_radial,coral,23,4,4,26630,0.05,no_leakage_v1_alpha005,gate_all_sources_proxy_source_only_final_training_only,mmd,,,,,merge_then_adapt,coral,near_nearest_proxy,final,,4,4test,target,False,,,,,,
