subject,dataset,pipeline,feature,classifier,da,method_row,pair_id,target_id,seed_used,ci_alpha,code_protocol_version,feature_fit_protocol,dist_type,partition_mode,proxy_direction,borrowed_local_idx,borrowed_abs_idx,combiner,harmonize,score_mode,stage,local_idx,session_abs_idx,session_label,role,is_best,weight,dist_to_session,dist_est_method,dist_est,dist_lwr,dist_upr
3,bnci004,MMP_moe,CSP,lda,none,0,0,0,3956,0.05,no_leakage_v1_alpha005,gate_all_sources_proxy_source_only_final_training_only,mmd,,,,,moe,coral,near_nearest_proxy,main,0.0,1,1train,nearest,True,0.31911008704925,0.0,direct,0.06887253523917444,0.03947161638878324,0.10405279893256897
3,bnci004,MMP_moe,CSP,lda,none,0,0,0,3956,0.05,no_leakage_v1_alpha005,gate_all_sources_proxy_source_only_final_training_only,mmd,,,,,moe,coral,near_nearest_proxy,anchor,0.0,1,1train,target,False,,0.0,direct,0.06887253523917444,0.03947161638878324,0.10405279893256897
3,bnci004,MMP_moe,CSP,lda,none,0,0,0,3956,0.05,no_leakage_v1_alpha005,gate_all_sources_proxy_source_only_final_training_only,mmd,,,,,moe,coral,near_nearest_proxy,final,0.0,1,1train,train,True,0.31911008704925,0.0,direct,0.06887253523917444,0.03947161638878324,0.10405279893256897
3,bnci004,MMP_moe,CSP,lda,none,0,0,0,3956,0.05,no_leakage_v1_alpha005,gate_all_sources_proxy_source_only_final_training_only,mmd,,,,,moe,coral,near_nearest_proxy,main,1.0,2,2train,near,False,0.19010019342520162,0.0,direct,0.11561297928934922,0.0819237883105274,0.14696817684142713
3,bnci004,MMP_moe,CSP,lda,none,0,0,0,3956,0.05,no_leakage_v1_alpha005,gate_all_sources_proxy_source_only_final_training_only,mmd,,,,,moe,coral,near_nearest_proxy,anchor,1.0,2,2train,proxy_source,False,0.27919372839784146,0.0,direct,0.11561297928934922,0.0819237883105274,0.14696817684142713
3,bnci004,MMP_moe,CSP,lda,none,0,0,0,3956,0.05,no_leakage_v1_alpha005,gate_all_sources_proxy_source_only_final_training_only,mmd,,,,,moe,coral,near_nearest_proxy,final,1.0,2,2train,train,False,0.19010019342520162,0.0,direct,0.11561297928934922,0.0819237883105274,0.14696817684142713
3,bnci004,MMP_moe,CSP,lda,none,0,0,0,3956,0.05,no_leakage_v1_alpha005,gate_all_sources_proxy_source_only_final_training_only,mmd,,,,,moe,coral,near_nearest_proxy,main,2.0,3,3test,near,False,0.21205638132670443,0.0,direct,0.10364237865268855,0.0697531936030142,0.1467284689874498
3,bnci004,MMP_moe,CSP,lda,none,0,0,0,3956,0.05,no_leakage_v1_alpha005,gate_all_sources_proxy_source_only_final_training_only,mmd,,,,,moe,coral,near_nearest_proxy,anchor,2.0,3,3test,proxy_source,False,0.3114400394150689,0.0,direct,0.10364237865268855,0.0697531936030142,0.1467284689874498
3,bnci004,MMP_moe,CSP,lda,none,0,0,0,3956,0.05,no_leakage_v1_alpha005,gate_all_sources_proxy_source_only_final_training_only,mmd,,,,,moe,coral,near_nearest_proxy,final,2.0,3,3test,train,False,0.21205638132670443,0.0,direct,0.10364237865268855,0.0697531936030142,0.1467284689874498
3,bnci004,MMP_moe,CSP,lda,none,0,0,0,3956,0.05,no_leakage_v1_alpha005,gate_all_sources_proxy_source_only_final_training_only,mmd,,,,,moe,coral,near_nearest_proxy,main,3.0,4,4test,near,False,0.278733338198844,0.0,direct,0.0788494165579347,0.042842827843673534,0.12139749131521273
3,bnci004,MMP_moe,CSP,lda,none,0,0,0,3956,0.05,no_leakage_v1_alpha005,gate_all_sources_proxy_source_only_final_training_only,mmd,,,,,moe,coral,near_nearest_proxy,anchor,3.0,4,4test,proxy_source,False,0.4093662321870897,0.0,direct,0.0788494165579347,0.042842827843673534,0.12139749131521273
3,bnci004,MMP_moe,CSP,lda,none,0,0,0,3956,0.05,no_leakage_v1_alpha005,gate_all_sources_proxy_source_only_final_training_only,mmd,,,,,moe,coral,near_nearest_proxy,final,3.0,4,4test,train,False,0.278733338198844,0.0,direct,0.0788494165579347,0.042842827843673534,0.12139749131521273
3,bnci004,MMP_moe,CSP,lda,none,0,0,0,3956,0.05,no_leakage_v1_alpha005,gate_all_sources_proxy_source_only_final_training_only,mmd,,,,,moe,coral,near_nearest_proxy,main,,0,0train,target,False,,,,,,
3,bnci004,MMP_moe,CSP,lda,none,0,0,0,3956,0.05,no_leakage_v1_alpha005,gate_all_sources_proxy_source_only_final_training_only,mmd,,,,,moe,coral,near_nearest_proxy,final,,0,0train,target,False,,,,,,
3,bnci004,MMP_moe,CSP,lda,none,0,1,1,3987,0.05,no_leakage_v1_alpha005,gate_all_sources_proxy_source_only_final_training_only,mmd,,,,,moe,coral,near_nearest_proxy,main,0.0,0,0train,nearest,True,0.5975758142770708,1.0,direct,0.06138279654010507,0.029800246519060592,0.10132888038437325
3,bnci004,MMP_moe,CSP,lda,none,0,1,1,3987,0.05,no_leakage_v1_alpha005,gate_all_sources_proxy_source_only_final_training_only,mmd,,,,,moe,coral,near_nearest_proxy,anchor,0.0,0,0train,target,False,,1.0,direct,0.06138279654010507,0.029800246519060592,0.10132888038437325
3,bnci004,MMP_moe,CSP,lda,none,0,1,1,3987,0.05,no_leakage_v1_alpha005,gate_all_sources_proxy_source_only_final_training_only,mmd,,,,,moe,coral,near_nearest_proxy,final,0.0,0,0train,train,True,0.5975758142770708,1.0,direct,0.06138279654010507,0.029800246519060592,0.10132888038437325
3,bnci004,MMP_moe,CSP,lda,none,0,1,1,3987,0.05,no_leakage_v1_alpha005,gate_all_sources_proxy_source_only_final_training_only,mmd,,,,,moe,coral,near_nearest_proxy,main,1.0,2,2train,far,False,,1.0,direct,0.15991017796325738,0.11526361669843038,0.21506170165663122
3,bnci004,MMP_moe,CSP,lda,none,0,1,1,3987,0.05,no_leakage_v1_alpha005,gate_all_sources_proxy_source_only_final_training_only,mmd,,,,,moe,coral,near_nearest_proxy,anchor,1.0,2,2train,not_used,False,,1.0,direct,0.15991017796325738,0.11526361669843038,0.21506170165663122
3,bnci004,MMP_moe,CSP,lda,none,0,1,1,3987,0.05,no_leakage_v1_alpha005,gate_all_sources_proxy_source_only_final_training_only,mmd,,,,,moe,coral,near_nearest_proxy,final,1.0,2,2train,not_used,False,,1.0,direct,0.15991017796325738,0.11526361669843038,0.21506170165663122
3,bnci004,MMP_moe,CSP,lda,none,0,1,1,3987,0.05,no_leakage_v1_alpha005,gate_all_sources_proxy_source_only_final_training_only,mmd,,,,,moe,coral,near_nearest_proxy,main,2.0,3,3test,far,False,,1.0,direct,0.1598562685536915,0.1109893095352104,0.2115316514092356
3,bnci004,MMP_moe,CSP,lda,none,0,1,1,3987,0.05,no_leakage_v1_alpha005,gate_all_sources_proxy_source_only_final_training_only,mmd,,,,,moe,coral,near_nearest_proxy,anchor,2.0,3,3test,not_used,False,,1.0,direct,0.1598562685536915,0.1109893095352104,0.2115316514092356
3,bnci004,MMP_moe,CSP,lda,none,0,1,1,3987,0.05,no_leakage_v1_alpha005,gate_all_sources_proxy_source_only_final_training_only,mmd,,,,,moe,coral,near_nearest_proxy,final,2.0,3,3test,not_used,False,,1.0,direct,0.1598562685536915,0.1109893095352104,0.2115316514092356
3,bnci004,MMP_moe,CSP,lda,none,0,1,1,3987,0.05,no_leakage_v1_alpha005,gate_all_sources_proxy_source_only_final_training_only,mmd,,,,,moe,coral,near_nearest_proxy,main,3.0,4,4test,near,False,0.4024241857229291,1.0,direct,0.09115026153507755,0.05306711578565778,0.14546379099860038
3,bnci004,MMP_moe,CSP,lda,none,0,1,1,3987,0.05,no_leakage_v1_alpha005,gate_all_sources_proxy_source_only_final_training_only,mmd,,,,,moe,coral,near_nearest_proxy,anchor,3.0,4,4test,proxy_source,False,1.0,1.0,direct,0.09115026153507755,0.05306711578565778,0.14546379099860038
3,bnci004,MMP_moe,CSP,lda,none,0,1,1,3987,0.05,no_leakage_v1_alpha005,gate_all_sources_proxy_source_only_final_training_only,mmd,,,,,moe,coral,near_nearest_proxy,final,3.0,4,4test,train,False,0.4024241857229291,1.0,direct,0.09115026153507755,0.05306711578565778,0.14546379099860038
3,bnci004,MMP_moe,CSP,lda,none,0,1,1,3987,0.05,no_leakage_v1_alpha005,gate_all_sources_proxy_source_only_final_training_only,mmd,,,,,moe,coral,near_nearest_proxy,main,,1,1train,target,False,,,,,,
3,bnci004,MMP_moe,CSP,lda,none,0,1,1,3987,0.05,no_leakage_v1_alpha005,gate_all_sources_proxy_source_only_final_training_only,mmd,,,,,moe,coral,near_nearest_proxy,final,,1,1train,target,False,,,,,,
3,bnci004,MMP_moe,CSP,lda,none,0,2,2,4018,0.05,no_leakage_v1_alpha005,gate_all_sources_proxy_source_only_final_training_only,mmd,,,,,moe,coral,near_nearest_proxy,main,0.0,0,0train,near,False,0.21981779457845954,2.0,direct,0.08736160587149833,0.05942552342885348,0.12099560932303492
3,bnci004,MMP_moe,CSP,lda,none,0,2,2,4018,0.05,no_leakage_v1_alpha005,gate_all_sources_proxy_source_only_final_training_only,mmd,,,,,moe,coral,near_nearest_proxy,anchor,0.0,0,0train,proxy_source,False,0.46642589735130574,2.0,direct,0.08736160587149833,0.05942552342885348,0.12099560932303492
3,bnci004,MMP_moe,CSP,lda,none,0,2,2,4018,0.05,no_leakage_v1_alpha005,gate_all_sources_proxy_source_only_final_training_only,mmd,,,,,moe,coral,near_nearest_proxy,final,0.0,0,0train,train,False,0.21981779457845954,2.0,direct,0.08736160587149833,0.05942552342885348,0.12099560932303492
3,bnci004,MMP_moe,CSP,lda,none,0,2,2,4018,0.05,no_leakage_v1_alpha005,gate_all_sources_proxy_source_only_final_training_only,mmd,,,,,moe,coral,near_nearest_proxy,main,1.0,1,1train,far,False,,2.0,direct,0.1466401981232067,0.10498703960792899,0.19169303290754647
3,bnci004,MMP_moe,CSP,lda,none,0,2,2,4018,0.05,no_leakage_v1_alpha005,gate_all_sources_proxy_source_only_final_training_only,mmd,,,,,moe,coral,near_nearest_proxy,anchor,1.0,1,1train,not_used,False,,2.0,direct,0.1466401981232067,0.10498703960792899,0.19169303290754647
3,bnci004,MMP_moe,CSP,lda,none,0,2,2,4018,0.05,no_leakage_v1_alpha005,gate_all_sources_proxy_source_only_final_training_only,mmd,,,,,moe,coral,near_nearest_proxy,final,1.0,1,1train,not_used,False,,2.0,direct,0.1466401981232067,0.10498703960792899,0.19169303290754647
3,bnci004,MMP_moe,CSP,lda,none,0,2,2,4018,0.05,no_leakage_v1_alpha005,gate_all_sources_proxy_source_only_final_training_only,mmd,,,,,moe,coral,near_nearest_proxy,main,2.0,3,3test,nearest,True,0.5287187186073081,2.0,direct,0.03632049699916923,0.01857401578252979,0.06320239675370638
3,bnci004,MMP_moe,CSP,lda,none,0,2,2,4018,0.05,no_leakage_v1_alpha005,gate_all_sources_proxy_source_only_final_training_only,mmd,,,,,moe,coral,near_nearest_proxy,anchor,2.0,3,3test,target,False,,2.0,direct,0.03632049699916923,0.01857401578252979,0.06320239675370638
3,bnci004,MMP_moe,CSP,lda,none,0,2,2,4018,0.05,no_leakage_v1_alpha005,gate_all_sources_proxy_source_only_final_training_only,mmd,,,,,moe,coral,near_nearest_proxy,final,2.0,3,3test,train,True,0.5287187186073081,2.0,direct,0.03632049699916923,0.01857401578252979,0.06320239675370638
3,bnci004,MMP_moe,CSP,lda,none,0,2,2,4018,0.05,no_leakage_v1_alpha005,gate_all_sources_proxy_source_only_final_training_only,mmd,,,,,moe,coral,near_nearest_proxy,main,3.0,4,4test,near,False,0.25146348681423236,2.0,direct,0.07636736502424987,0.04525865661362003,0.11780232073782464
3,bnci004,MMP_moe,CSP,lda,none,0,2,2,4018,0.05,no_leakage_v1_alpha005,gate_all_sources_proxy_source_only_final_training_only,mmd,,,,,moe,coral,near_nearest_proxy,anchor,3.0,4,4test,proxy_source,False,0.5335741026486943,2.0,direct,0.07636736502424987,0.04525865661362003,0.11780232073782464
3,bnci004,MMP_moe,CSP,lda,none,0,2,2,4018,0.05,no_leakage_v1_alpha005,gate_all_sources_proxy_source_only_final_training_only,mmd,,,,,moe,coral,near_nearest_proxy,final,3.0,4,4test,train,False,0.25146348681423236,2.0,direct,0.07636736502424987,0.04525865661362003,0.11780232073782464
3,bnci004,MMP_moe,CSP,lda,none,0,2,2,4018,0.05,no_leakage_v1_alpha005,gate_all_sources_proxy_source_only_final_training_only,mmd,,,,,moe,coral,near_nearest_proxy,main,,2,2train,target,False,,,,,,
3,bnci004,MMP_moe,CSP,lda,none,0,2,2,4018,0.05,no_leakage_v1_alpha005,gate_all_sources_proxy_source_only_final_training_only,mmd,,,,,moe,coral,near_nearest_proxy,final,,2,2train,target,False,,,,,,
3,bnci004,MMP_moe,CSP,lda,none,0,3,3,4049,0.05,no_leakage_v1_alpha005,gate_all_sources_proxy_source_only_final_training_only,mmd,,,,,moe,coral,near_nearest_proxy,main,0.0,0,0train,far,False,,3.0,direct,0.11404093265098045,0.08350822156859262,0.14442450567495715
3,bnci004,MMP_moe,CSP,lda,none,0,3,3,4049,0.05,no_leakage_v1_alpha005,gate_all_sources_proxy_source_only_final_training_only,mmd,,,,,moe,coral,near_nearest_proxy,anchor,0.0,0,0train,not_used,False,,3.0,direct,0.11404093265098045,0.08350822156859262,0.14442450567495715
3,bnci004,MMP_moe,CSP,lda,none,0,3,3,4049,0.05,no_leakage_v1_alpha005,gate_all_sources_proxy_source_only_final_training_only,mmd,,,,,moe,coral,near_nearest_proxy,final,0.0,0,0train,not_used,False,,3.0,direct,0.11404093265098045,0.08350822156859262,0.14442450567495715
3,bnci004,MMP_moe,CSP,lda,none,0,3,3,4049,0.05,no_leakage_v1_alpha005,gate_all_sources_proxy_source_only_final_training_only,mmd,,,,,moe,coral,near_nearest_proxy,main,1.0,1,1train,far,False,,3.0,direct,0.13413557704502485,0.1046705243710442,0.16642906202191934
3,bnci004,MMP_moe,CSP,lda,none,0,3,3,4049,0.05,no_leakage_v1_alpha005,gate_all_sources_proxy_source_only_final_training_only,mmd,,,,,moe,coral,near_nearest_proxy,anchor,1.0,1,1train,not_used,False,,3.0,direct,0.13413557704502485,0.1046705243710442,0.16642906202191934
3,bnci004,MMP_moe,CSP,lda,none,0,3,3,4049,0.05,no_leakage_v1_alpha005,gate_all_sources_proxy_source_only_final_training_only,mmd,,,,,moe,coral,near_nearest_proxy,final,1.0,1,1train,not_used,False,,3.0,direct,0.13413557704502485,0.1046705243710442,0.16642906202191934
3,bnci004,MMP_moe,CSP,lda,none,0,3,3,4049,0.05,no_leakage_v1_alpha005,gate_all_sources_proxy_source_only_final_training_only,mmd,,,,,moe,coral,near_nearest_proxy,main,2.0,2,2train,nearest,True,0.7164733243715234,3.0,direct,0.03835097029571622,0.018541001341126732,0.06427985811178889
3,bnci004,MMP_moe,CSP,lda,none,0,3,3,4049,0.05,no_leakage_v1_alpha005,gate_all_sources_proxy_source_only_final_training_only,mmd,,,,,moe,coral,near_nearest_proxy,anchor,2.0,2,2train,target,False,,3.0,direct,0.03835097029571622,0.018541001341126732,0.06427985811178889
3,bnci004,MMP_moe,CSP,lda,none,0,3,3,4049,0.05,no_leakage_v1_alpha005,gate_all_sources_proxy_source_only_final_training_only,mmd,,,,,moe,coral,near_nearest_proxy,final,2.0,2,2train,train,True,0.7164733243715234,3.0,direct,0.03835097029571622,0.018541001341126732,0.06427985811178889
3,bnci004,MMP_moe,CSP,lda,none,0,3,3,4049,0.05,no_leakage_v1_alpha005,gate_all_sources_proxy_source_only_final_training_only,mmd,,,,,moe,coral,near_nearest_proxy,main,3.0,4,4test,near,False,0.2835266756284765,3.0,direct,0.09691462034881031,0.06141410995296614,0.14221887029277794
3,bnci004,MMP_moe,CSP,lda,none,0,3,3,4049,0.05,no_leakage_v1_alpha005,gate_all_sources_proxy_source_only_final_training_only,mmd,,,,,moe,coral,near_nearest_proxy,anchor,3.0,4,4test,proxy_source,False,1.0,3.0,direct,0.09691462034881031,0.06141410995296614,0.14221887029277794
3,bnci004,MMP_moe,CSP,lda,none,0,3,3,4049,0.05,no_leakage_v1_alpha005,gate_all_sources_proxy_source_only_final_training_only,mmd,,,,,moe,coral,near_nearest_proxy,final,3.0,4,4test,train,False,0.2835266756284765,3.0,direct,0.09691462034881031,0.06141410995296614,0.14221887029277794
3,bnci004,MMP_moe,CSP,lda,none,0,3,3,4049,0.05,no_leakage_v1_alpha005,gate_all_sources_proxy_source_only_final_training_only,mmd,,,,,moe,coral,near_nearest_proxy,main,,3,3test,target,False,,,,,,
3,bnci004,MMP_moe,CSP,lda,none,0,3,3,4049,0.05,no_leakage_v1_alpha005,gate_all_sources_proxy_source_only_final_training_only,mmd,,,,,moe,coral,near_nearest_proxy,final,,3,3test,target,False,,,,,,
3,bnci004,MMP_moe,CSP,lda,none,0,4,4,4080,0.05,no_leakage_v1_alpha005,gate_all_sources_proxy_source_only_final_training_only,mmd,,,,,moe,coral,near_nearest_proxy,main,0.0,0,0train,nearest,True,0.3449037628492222,4.0,direct,0.0681680241834301,0.03739690578567707,0.11558547909622681
3,bnci004,MMP_moe,CSP,lda,none,0,4,4,4080,0.05,no_leakage_v1_alpha005,gate_all_sources_proxy_source_only_final_training_only,mmd,,,,,moe,coral,near_nearest_proxy,anchor,0.0,0,0train,target,False,,4.0,direct,0.0681680241834301,0.03739690578567707,0.11558547909622681
3,bnci004,MMP_moe,CSP,lda,none,0,4,4,4080,0.05,no_leakage_v1_alpha005,gate_all_sources_proxy_source_only_final_training_only,mmd,,,,,moe,coral,near_nearest_proxy,final,0.0,0,0train,train,True,0.3449037628492222,4.0,direct,0.0681680241834301,0.03739690578567707,0.11558547909622681
3,bnci004,MMP_moe,CSP,lda,none,0,4,4,4080,0.05,no_leakage_v1_alpha005,gate_all_sources_proxy_source_only_final_training_only,mmd,,,,,moe,coral,near_nearest_proxy,main,1.0,1,1train,near,False,0.2076670467202382,4.0,direct,0.11321750684523328,0.07237355662249198,0.16503410216018602
3,bnci004,MMP_moe,CSP,lda,none,0,4,4,4080,0.05,no_leakage_v1_alpha005,gate_all_sources_proxy_source_only_final_training_only,mmd,,,,,moe,coral,near_nearest_proxy,anchor,1.0,1,1train,proxy_source,False,0.31700235010270905,4.0,direct,0.11321750684523328,0.07237355662249198,0.16503410216018602
3,bnci004,MMP_moe,CSP,lda,none,0,4,4,4080,0.05,no_leakage_v1_alpha005,gate_all_sources_proxy_source_only_final_training_only,mmd,,,,,moe,coral,near_nearest_proxy,final,1.0,1,1train,train,False,0.2076670467202382,4.0,direct,0.11321750684523328,0.07237355662249198,0.16503410216018602
3,bnci004,MMP_moe,CSP,lda,none,0,4,4,4080,0.05,no_leakage_v1_alpha005,gate_all_sources_proxy_source_only_final_training_only,mmd,,,,,moe,coral,near_nearest_proxy,main,2.0,2,2train,near,False,0.24371545568687122,4.0,direct,0.09647114570106244,0.0559032160118441,0.14460162469304766
3,bnci004,MMP_moe,CSP,lda,none,0,4,4,4080,0.05,no_leakage_v1_alpha005,gate_all_sources_proxy_source_only_final_training_only,mmd,,,,,moe,coral,near_nearest_proxy,anchor,2.0,2,2train,proxy_source,False,0.37203000393784486,4.0,direct,0.09647114570106244,0.0559032160118441,0.14460162469304766
3,bnci004,MMP_moe,CSP,lda,none,0,4,4,4080,0.05,no_leakage_v1_alpha005,gate_all_sources_proxy_source_only_final_training_only,mmd,,,,,moe,coral,near_nearest_proxy,final,2.0,2,2train,train,False,0.24371545568687122,4.0,direct,0.09647114570106244,0.0559032160118441,0.14460162469304766
3,bnci004,MMP_moe,CSP,lda,none,0,4,4,4080,0.05,no_leakage_v1_alpha005,gate_all_sources_proxy_source_only_final_training_only,mmd,,,,,moe,coral,near_nearest_proxy,main,3.0,3,3test,near,False,0.2037137347436684,4.0,direct,0.11541464922075256,0.06968632977416128,0.18524247516890163
3,bnci004,MMP_moe,CSP,lda,none,0,4,4,4080,0.05,no_leakage_v1_alpha005,gate_all_sources_proxy_source_only_final_training_only,mmd,,,,,moe,coral,near_nearest_proxy,anchor,3.0,3,3test,proxy_source,False,0.3109676459594461,4.0,direct,0.11541464922075256,0.06968632977416128,0.18524247516890163
3,bnci004,MMP_moe,CSP,lda,none,0,4,4,4080,0.05,no_leakage_v1_alpha005,gate_all_sources_proxy_source_only_final_training_only,mmd,,,,,moe,coral,near_nearest_proxy,final,3.0,3,3test,train,False,0.2037137347436684,4.0,direct,0.11541464922075256,0.06968632977416128,0.18524247516890163
3,bnci004,MMP_moe,CSP,lda,none,0,4,4,4080,0.05,no_leakage_v1_alpha005,gate_all_sources_proxy_source_only_final_training_only,mmd,,,,,moe,coral,near_nearest_proxy,main,,4,4test,target,False,,,,,,
3,bnci004,MMP_moe,CSP,lda,none,0,4,4,4080,0.05,no_leakage_v1_alpha005,gate_all_sources_proxy_source_only_final_training_only,mmd,,,,,moe,coral,near_nearest_proxy,final,,4,4test,target,False,,,,,,
3,bnci004,MMP_moe,CSP,lda,sa,1,0,0,4953,0.05,no_leakage_v1_alpha005,gate_all_sources_proxy_source_only_final_training_only,mmd,,,,,moe,coral,near_nearest_proxy,main,0.0,1,1train,nearest,True,0.316476596849102,0.0,direct,0.06978391707848272,0.03798291854397175,0.10764203218360122
3,bnci004,MMP_moe,CSP,lda,sa,1,0,0,4953,0.05,no_leakage_v1_alpha005,gate_all_sources_proxy_source_only_final_training_only,mmd,,,,,moe,coral,near_nearest_proxy,anchor,0.0,1,1train,target,False,,0.0,direct,0.06978391707848272,0.03798291854397175,0.10764203218360122
3,bnci004,MMP_moe,CSP,lda,sa,1,0,0,4953,0.05,no_leakage_v1_alpha005,gate_all_sources_proxy_source_only_final_training_only,mmd,,,,,moe,coral,near_nearest_proxy,final,0.0,1,1train,train,True,0.316476596849102,0.0,direct,0.06978391707848272,0.03798291854397175,0.10764203218360122
3,bnci004,MMP_moe,CSP,lda,sa,1,0,0,4953,0.05,no_leakage_v1_alpha005,gate_all_sources_proxy_source_only_final_training_only,mmd,,,,,moe,coral,near_nearest_proxy,main,1.0,2,2train,near,False,0.19327473290749295,0.0,direct,0.1142679100440546,0.07931876701698078,0.15289161531543763
3,bnci004,MMP_moe,CSP,lda,sa,1,0,0,4953,0.05,no_leakage_v1_alpha005,gate_all_sources_proxy_source_only_final_training_only,mmd,,,,,moe,coral,near_nearest_proxy,anchor,1.0,2,2train,proxy_source,False,0.2827624219105555,0.0,direct,0.1142679100440546,0.07931876701698078,0.15289161531543763
3,bnci004,MMP_moe,CSP,lda,sa,1,0,0,4953,0.05,no_leakage_v1_alpha005,gate_all_sources_proxy_source_only_final_training_only,mmd,,,,,moe,coral,near_nearest_proxy,final,1.0,2,2train,train,False,0.19327473290749295,0.0,direct,0.1142679100440546,0.07931876701698078,0.15289161531543763
3,bnci004,MMP_moe,CSP,lda,sa,1,0,0,4953,0.05,no_leakage_v1_alpha005,gate_all_sources_proxy_source_only_final_training_only,mmd,,,,,moe,coral,near_nearest_proxy,main,2.0,3,3test,near,False,0.2098747021216954,0.0,direct,0.10522984890712021,0.07156913061683581,0.14345009845117068
3,bnci004,MMP_moe,CSP,lda,sa,1,0,0,4953,0.05,no_leakage_v1_alpha005,gate_all_sources_proxy_source_only_final_training_only,mmd,,,,,moe,coral,near_nearest_proxy,anchor,2.0,3,3test,proxy_source,False,0.3070483046435828,0.0,direct,0.10522984890712021,0.07156913061683581,0.14345009845117068
3,bnci004,MMP_moe,CSP,lda,sa,1,0,0,4953,0.05,no_leakage_v1_alpha005,gate_all_sources_proxy_source_only_final_training_only,mmd,,,,,moe,coral,near_nearest_proxy,final,2.0,3,3test,train,False,0.2098747021216954,0.0,direct,0.10522984890712021,0.07156913061683581,0.14345009845117068
3,bnci004,MMP_moe,CSP,lda,sa,1,0,0,4953,0.05,no_leakage_v1_alpha005,gate_all_sources_proxy_source_only_final_training_only,mmd,,,,,moe,coral,near_nearest_proxy,main,3.0,4,4test,near,False,0.2803739681217097,0.0,direct,0.07876984030428892,0.04574412663416505,0.12833760043168665
3,bnci004,MMP_moe,CSP,lda,sa,1,0,0,4953,0.05,no_leakage_v1_alpha005,gate_all_sources_proxy_source_only_final_training_only,mmd,,,,,moe,coral,near_nearest_proxy,anchor,3.0,4,4test,proxy_source,False,0.41018927344586176,0.0,direct,0.07876984030428892,0.04574412663416505,0.12833760043168665
3,bnci004,MMP_moe,CSP,lda,sa,1,0,0,4953,0.05,no_leakage_v1_alpha005,gate_all_sources_proxy_source_only_final_training_only,mmd,,,,,moe,coral,near_nearest_proxy,final,3.0,4,4test,train,False,0.2803739681217097,0.0,direct,0.07876984030428892,0.04574412663416505,0.12833760043168665
3,bnci004,MMP_moe,CSP,lda,sa,1,0,0,4953,0.05,no_leakage_v1_alpha005,gate_all_sources_proxy_source_only_final_training_only,mmd,,,,,moe,coral,near_nearest_proxy,main,,0,0train,target,False,,,,,,
3,bnci004,MMP_moe,CSP,lda,sa,1,0,0,4953,0.05,no_leakage_v1_alpha005,gate_all_sources_proxy_source_only_final_training_only,mmd,,,,,moe,coral,near_nearest_proxy,final,,0,0train,target,False,,,,,,
3,bnci004,MMP_moe,CSP,lda,sa,1,1,1,4984,0.05,no_leakage_v1_alpha005,gate_all_sources_proxy_source_only_final_training_only,mmd,,,,,moe,coral,near_nearest_proxy,main,0.0,0,0train,nearest,True,0.4016417532886115,1.0,direct,0.06376681427592894,0.0321529359535429,0.11309560775108621
3,bnci004,MMP_moe,CSP,lda,sa,1,1,1,4984,0.05,no_leakage_v1_alpha005,gate_all_sources_proxy_source_only_final_training_only,mmd,,,,,moe,coral,near_nearest_proxy,anchor,0.0,0,0train,target,False,,1.0,direct,0.06376681427592894,0.0321529359535429,0.11309560775108621
3,bnci004,MMP_moe,CSP,lda,sa,1,1,1,4984,0.05,no_leakage_v1_alpha005,gate_all_sources_proxy_source_only_final_training_only,mmd,,,,,moe,coral,near_nearest_proxy,final,0.0,0,0train,train,True,0.4016417532886115,1.0,direct,0.06376681427592894,0.0321529359535429,0.11309560775108621
3,bnci004,MMP_moe,CSP,lda,sa,1,1,1,4984,0.05,no_leakage_v1_alpha005,gate_all_sources_proxy_source_only_final_training_only,mmd,,,,,moe,coral,near_nearest_proxy,main,1.0,2,2train,near,False,0.1582149570029199,1.0,direct,0.16187887036329301,0.1106966968767024,0.21797738081608403
3,bnci004,MMP_moe,CSP,lda,sa,1,1,1,4984,0.05,no_leakage_v1_alpha005,gate_all_sources_proxy_source_only_final_training_only,mmd,,,,,moe,coral,near_nearest_proxy,anchor,1.0,2,2train,proxy_source,False,0.2644151022777383,1.0,direct,0.16187887036329301,0.1106966968767024,0.21797738081608403
3,bnci004,MMP_moe,CSP,lda,sa,1,1,1,4984,0.05,no_leakage_v1_alpha005,gate_all_sources_proxy_source_only_final_training_only,mmd,,,,,moe,coral,near_nearest_proxy,final,1.0,2,2train,train,False,0.1582149570029199,1.0,direct,0.16187887036329301,0.1106966968767024,0.21797738081608403
3,bnci004,MMP_moe,CSP,lda,sa,1,1,1,4984,0.05,no_leakage_v1_alpha005,gate_all_sources_proxy_source_only_final_training_only,mmd,,,,,moe,coral,near_nearest_proxy,main,2.0,3,3test,near,False,0.1643957280504026,1.0,direct,0.15579268778557462,0.10674744619689973,0.2071606228639823
3,bnci004,MMP_moe,CSP,lda,sa,1,1,1,4984,0.05,no_leakage_v1_alpha005,gate_all_sources_proxy_source_only_final_training_only,mmd,,,,,moe,coral,near_nearest_proxy,anchor,2.0,3,3test,proxy_source,False,0.2747446516429431,1.0,direct,0.15579268778557462,0.10674744619689973,0.2071606228639823
3,bnci004,MMP_moe,CSP,lda,sa,1,1,1,4984,0.05,no_leakage_v1_alpha005,gate_all_sources_proxy_source_only_final_training_only,mmd,,,,,moe,coral,near_nearest_proxy,final,2.0,3,3test,train,False,0.1643957280504026,1.0,direct,0.15579268778557462,0.10674744619689973,0.2071606228639823
3,bnci004,MMP_moe,CSP,lda,sa,1,1,1,4984,0.05,no_leakage_v1_alpha005,gate_all_sources_proxy_source_only_final_training_only,mmd,,,,,moe,coral,near_nearest_proxy,main,3.0,4,4test,near,False,0.27574756165806585,1.0,direct,0.09288038968541802,0.05357633544457797,0.14831795172370957
3,bnci004,MMP_moe,CSP,lda,sa,1,1,1,4984,0.05,no_leakage_v1_alpha005,gate_all_sources_proxy_source_only_final_training_only,mmd,,,,,moe,coral,near_nearest_proxy,anchor,3.0,4,4test,proxy_source,False,0.46084024607931867,1.0,direct,0.09288038968541802,0.05357633544457797,0.14831795172370957
3,bnci004,MMP_moe,CSP,lda,sa,1,1,1,4984,0.05,no_leakage_v1_alpha005,gate_all_sources_proxy_source_only_final_training_only,mmd,,,,,moe,coral,near_nearest_proxy,final,3.0,4,4test,train,False,0.27574756165806585,1.0,direct,0.09288038968541802,0.05357633544457797,0.14831795172370957
3,bnci004,MMP_moe,CSP,lda,sa,1,1,1,4984,0.05,no_leakage_v1_alpha005,gate_all_sources_proxy_source_only_final_training_only,mmd,,,,,moe,coral,near_nearest_proxy,main,,1,1train,target,False,,,,,,
3,bnci004,MMP_moe,CSP,lda,sa,1,1,1,4984,0.05,no_leakage_v1_alpha005,gate_all_sources_proxy_source_only_final_training_only,mmd,,,,,moe,coral,near_nearest_proxy,final,,1,1train,target,False,,,,,,
3,bnci004,MMP_moe,CSP,lda,sa,1,2,2,5015,0.05,no_leakage_v1_alpha005,gate_all_sources_proxy_source_only_final_training_only,mmd,,,,,moe,coral,near_nearest_proxy,main,0.0,0,0train,near,False,0.2181189264022227,2.0,direct,0.08803290441430202,0.05974697497939155,0.11835432638707812
3,bnci004,MMP_moe,CSP,lda,sa,1,2,2,5015,0.05,no_leakage_v1_alpha005,gate_all_sources_proxy_source_only_final_training_only,mmd,,,,,moe,coral,near_nearest_proxy,anchor,0.0,0,0train,proxy_source,False,0.4605700681540982,2.0,direct,0.08803290441430202,0.05974697497939155,0.11835432638707812
3,bnci004,MMP_moe,CSP,lda,sa,1,2,2,5015,0.05,no_leakage_v1_alpha005,gate_all_sources_proxy_source_only_final_training_only,mmd,,,,,moe,coral,near_nearest_proxy,final,0.0,0,0train,train,False,0.2181189264022227,2.0,direct,0.08803290441430202,0.05974697497939155,0.11835432638707812
3,bnci004,MMP_moe,CSP,lda,sa,1,2,2,5015,0.05,no_leakage_v1_alpha005,gate_all_sources_proxy_source_only_final_training_only,mmd,,,,,moe,coral,near_nearest_proxy,main,1.0,1,1train,far,False,,2.0,direct,0.1451100787419975,0.10097049332316972,0.19170292329262603
3,bnci004,MMP_moe,CSP,lda,sa,1,2,2,5015,0.05,no_leakage_v1_alpha005,gate_all_sources_proxy_source_only_final_training_only,mmd,,,,,moe,coral,near_nearest_proxy,anchor,1.0,1,1train,not_used,False,,2.0,direct,0.1451100787419975,0.10097049332316972,0.19170292329262603
3,bnci004,MMP_moe,CSP,lda,sa,1,2,2,5015,0.05,no_leakage_v1_alpha005,gate_all_sources_proxy_source_only_final_training_only,mmd,,,,,moe,coral,near_nearest_proxy,final,1.0,1,1train,not_used,False,,2.0,direct,0.1451100787419975,0.10097049332316972,0.19170292329262603
3,bnci004,MMP_moe,CSP,lda,sa,1,2,2,5015,0.05,no_leakage_v1_alpha005,gate_all_sources_proxy_source_only_final_training_only,mmd,,,,,moe,coral,near_nearest_proxy,main,2.0,3,3test,nearest,True,0.5264153242167614,2.0,direct,0.0364756370477785,0.01831012306235601,0.060026487428931824
3,bnci004,MMP_moe,CSP,lda,sa,1,2,2,5015,0.05,no_leakage_v1_alpha005,gate_all_sources_proxy_source_only_final_training_only,mmd,,,,,moe,coral,near_nearest_proxy,anchor,2.0,3,3test,target,False,,2.0,direct,0.0364756370477785,0.01831012306235601,0.060026487428931824
3,bnci004,MMP_moe,CSP,lda,sa,1,2,2,5015,0.05,no_leakage_v1_alpha005,gate_all_sources_proxy_source_only_final_training_only,mmd,,,,,moe,coral,near_nearest_proxy,final,2.0,3,3test,train,True,0.5264153242167614,2.0,direct,0.0364756370477785,0.01831012306235601,0.060026487428931824
3,bnci004,MMP_moe,CSP,lda,sa,1,2,2,5015,0.05,no_leakage_v1_alpha005,gate_all_sources_proxy_source_only_final_training_only,mmd,,,,,moe,coral,near_nearest_proxy,main,3.0,4,4test,near,False,0.2554657493810159,2.0,direct,0.07516312969006159,0.0481837883521723,0.11068943878038558
3,bnci004,MMP_moe,CSP,lda,sa,1,2,2,5015,0.05,no_leakage_v1_alpha005,gate_all_sources_proxy_source_only_final_training_only,mmd,,,,,moe,coral,near_nearest_proxy,anchor,3.0,4,4test,proxy_source,False,0.5394299318459017,2.0,direct,0.07516312969006159,0.0481837883521723,0.11068943878038558
3,bnci004,MMP_moe,CSP,lda,sa,1,2,2,5015,0.05,no_leakage_v1_alpha005,gate_all_sources_proxy_source_only_final_training_only,mmd,,,,,moe,coral,near_nearest_proxy,final,3.0,4,4test,train,False,0.2554657493810159,2.0,direct,0.07516312969006159,0.0481837883521723,0.11068943878038558
3,bnci004,MMP_moe,CSP,lda,sa,1,2,2,5015,0.05,no_leakage_v1_alpha005,gate_all_sources_proxy_source_only_final_training_only,mmd,,,,,moe,coral,near_nearest_proxy,main,,2,2train,target,False,,,,,,
3,bnci004,MMP_moe,CSP,lda,sa,1,2,2,5015,0.05,no_leakage_v1_alpha005,gate_all_sources_proxy_source_only_final_training_only,mmd,,,,,moe,coral,near_nearest_proxy,final,,2,2train,target,False,,,,,,
3,bnci004,MMP_moe,CSP,lda,sa,1,3,3,5046,0.05,no_leakage_v1_alpha005,gate_all_sources_proxy_source_only_final_training_only,mmd,,,,,moe,coral,near_nearest_proxy,main,0.0,0,0train,far,False,,3.0,direct,0.11648345812319842,0.08966755627934819,0.14940818098592137
3,bnci004,MMP_moe,CSP,lda,sa,1,3,3,5046,0.05,no_leakage_v1_alpha005,gate_all_sources_proxy_source_only_final_training_only,mmd,,,,,moe,coral,near_nearest_proxy,anchor,0.0,0,0train,not_used,False,,3.0,direct,0.11648345812319842,0.08966755627934819,0.14940818098592137
3,bnci004,MMP_moe,CSP,lda,sa,1,3,3,5046,0.05,no_leakage_v1_alpha005,gate_all_sources_proxy_source_only_final_training_only,mmd,,,,,moe,coral,near_nearest_proxy,final,0.0,0,0train,not_used,False,,3.0,direct,0.11648345812319842,0.08966755627934819,0.14940818098592137
3,bnci004,MMP_moe,CSP,lda,sa,1,3,3,5046,0.05,no_leakage_v1_alpha005,gate_all_sources_proxy_source_only_final_training_only,mmd,,,,,moe,coral,near_nearest_proxy,main,1.0,1,1train,far,False,,3.0,direct,0.13472610994046708,0.10052100583732193,0.17660353550370778
3,bnci004,MMP_moe,CSP,lda,sa,1,3,3,5046,0.05,no_leakage_v1_alpha005,gate_all_sources_proxy_source_only_final_training_only,mmd,,,,,moe,coral,near_nearest_proxy,anchor,1.0,1,1train,not_used,False,,3.0,direct,0.13472610994046708,0.10052100583732193,0.17660353550370778
3,bnci004,MMP_moe,CSP,lda,sa,1,3,3,5046,0.05,no_leakage_v1_alpha005,gate_all_sources_proxy_source_only_final_training_only,mmd,,,,,moe,coral,near_nearest_proxy,final,1.0,1,1train,not_used,False,,3.0,direct,0.13472610994046708,0.10052100583732193,0.17660353550370778
3,bnci004,MMP_moe,CSP,lda,sa,1,3,3,5046,0.05,no_leakage_v1_alpha005,gate_all_sources_proxy_source_only_final_training_only,mmd,,,,,moe,coral,near_nearest_proxy,main,2.0,2,2train,nearest,True,0.7206370659214164,3.0,direct,0.03737367576942623,0.019446866703749736,0.06364955216409075
3,bnci004,MMP_moe,CSP,lda,sa,1,3,3,5046,0.05,no_leakage_v1_alpha005,gate_all_sources_proxy_source_only_final_training_only,mmd,,,,,moe,coral,near_nearest_proxy,anchor,2.0,2,2train,target,False,,3.0,direct,0.03737367576942623,0.019446866703749736,0.06364955216409075
3,bnci004,MMP_moe,CSP,lda,sa,1,3,3,5046,0.05,no_leakage_v1_alpha005,gate_all_sources_proxy_source_only_final_training_only,mmd,,,,,moe,coral,near_nearest_proxy,final,2.0,2,2train,train,True,0.7206370659214164,3.0,direct,0.03737367576942623,0.019446866703749736,0.06364955216409075
3,bnci004,MMP_moe,CSP,lda,sa,1,3,3,5046,0.05,no_leakage_v1_alpha005,gate_all_sources_proxy_source_only_final_training_only,mmd,,,,,moe,coral,near_nearest_proxy,main,3.0,4,4test,near,False,0.27936293407858365,3.0,direct,0.09640970235419019,0.06322532526336307,0.13246071551539468
3,bnci004,MMP_moe,CSP,lda,sa,1,3,3,5046,0.05,no_leakage_v1_alpha005,gate_all_sources_proxy_source_only_final_training_only,mmd,,,,,moe,coral,near_nearest_proxy,anchor,3.0,4,4test,proxy_source,False,1.0,3.0,direct,0.09640970235419019,0.06322532526336307,0.13246071551539468
3,bnci004,MMP_moe,CSP,lda,sa,1,3,3,5046,0.05,no_leakage_v1_alpha005,gate_all_sources_proxy_source_only_final_training_only,mmd,,,,,moe,coral,near_nearest_proxy,final,3.0,4,4test,train,False,0.27936293407858365,3.0,direct,0.09640970235419019,0.06322532526336307,0.13246071551539468
3,bnci004,MMP_moe,CSP,lda,sa,1,3,3,5046,0.05,no_leakage_v1_alpha005,gate_all_sources_proxy_source_only_final_training_only,mmd,,,,,moe,coral,near_nearest_proxy,main,,3,3test,target,False,,,,,,
3,bnci004,MMP_moe,CSP,lda,sa,1,3,3,5046,0.05,no_leakage_v1_alpha005,gate_all_sources_proxy_source_only_final_training_only,mmd,,,,,moe,coral,near_nearest_proxy,final,,3,3test,target,False,,,,,,
3,bnci004,MMP_moe,CSP,lda,sa,1,4,4,5077,0.05,no_leakage_v1_alpha005,gate_all_sources_proxy_source_only_final_training_only,mmd,,,,,moe,coral,near_nearest_proxy,main,0.0,0,0train,nearest,True,0.3540593195012148,4.0,direct,0.06520089606838672,0.035863889743276804,0.10688197351226124
3,bnci004,MMP_moe,CSP,lda,sa,1,4,4,5077,0.05,no_leakage_v1_alpha005,gate_all_sources_proxy_source_only_final_training_only,mmd,,,,,moe,coral,near_nearest_proxy,anchor,0.0,0,0train,target,False,,4.0,direct,0.06520089606838672,0.035863889743276804,0.10688197351226124
3,bnci004,MMP_moe,CSP,lda,sa,1,4,4,5077,0.05,no_leakage_v1_alpha005,gate_all_sources_proxy_source_only_final_training_only,mmd,,,,,moe,coral,near_nearest_proxy,final,0.0,0,0train,train,True,0.3540593195012148,4.0,direct,0.06520089606838672,0.035863889743276804,0.10688197351226124
3,bnci004,MMP_moe,CSP,lda,sa,1,4,4,5077,0.05,no_leakage_v1_alpha005,gate_all_sources_proxy_source_only_final_training_only,mmd,,,,,moe,coral,near_nearest_proxy,main,1.0,1,1train,near,False,0.20329830956111367,4.0,direct,0.11355301332160231,0.07624268688750695,0.1610104331021747
3,bnci004,MMP_moe,CSP,lda,sa,1,4,4,5077,0.05,no_leakage_v1_alpha005,gate_all_sources_proxy_source_only_final_training_only,mmd,,,,,moe,coral,near_nearest_proxy,anchor,1.0,1,1train,proxy_source,False,0.3147321661241864,4.0,direct,0.11355301332160231,0.07624268688750695,0.1610104331021747
3,bnci004,MMP_moe,CSP,lda,sa,1,4,4,5077,0.05,no_leakage_v1_alpha005,gate_all_sources_proxy_source_only_final_training_only,mmd,,,,,moe,coral,near_nearest_proxy,final,1.0,1,1train,train,False,0.20329830956111367,4.0,direct,0.11355301332160231,0.07624268688750695,0.1610104331021747
3,bnci004,MMP_moe,CSP,lda,sa,1,4,4,5077,0.05,no_leakage_v1_alpha005,gate_all_sources_proxy_source_only_final_training_only,mmd,,,,,moe,coral,near_nearest_proxy,main,2.0,2,2train,near,False,0.23098738626812204,4.0,direct,0.09994098958277871,0.05480322779661596,0.15803187055056805
3,bnci004,MMP_moe,CSP,lda,sa,1,4,4,5077,0.05,no_leakage_v1_alpha005,gate_all_sources_proxy_source_only_final_training_only,mmd,,,,,moe,coral,near_nearest_proxy,anchor,2.0,2,2train,proxy_source,False,0.35759845020096465,4.0,direct,0.09994098958277871,0.05480322779661596,0.15803187055056805
3,bnci004,MMP_moe,CSP,lda,sa,1,4,4,5077,0.05,no_leakage_v1_alpha005,gate_all_sources_proxy_source_only_final_training_only,mmd,,,,,moe,coral,near_nearest_proxy,final,2.0,2,2train,train,False,0.23098738626812204,4.0,direct,0.09994098958277871,0.05480322779661596,0.15803187055056805
3,bnci004,MMP_moe,CSP,lda,sa,1,4,4,5077,0.05,no_leakage_v1_alpha005,gate_all_sources_proxy_source_only_final_training_only,mmd,,,,,moe,coral,near_nearest_proxy,main,3.0,3,3test,near,False,0.2116549846695494,4.0,direct,0.1090696131405522,0.0601951198274211,0.1600915626658075
3,bnci004,MMP_moe,CSP,lda,sa,1,4,4,5077,0.05,no_leakage_v1_alpha005,gate_all_sources_proxy_source_only_final_training_only,mmd,,,,,moe,coral,near_nearest_proxy,anchor,3.0,3,3test,proxy_source,False,0.3276693836748489,4.0,direct,0.1090696131405522,0.0601951198274211,0.1600915626658075
3,bnci004,MMP_moe,CSP,lda,sa,1,4,4,5077,0.05,no_leakage_v1_alpha005,gate_all_sources_proxy_source_only_final_training_only,mmd,,,,,moe,coral,near_nearest_proxy,final,3.0,3,3test,train,False,0.2116549846695494,4.0,direct,0.1090696131405522,0.0601951198274211,0.1600915626658075
3,bnci004,MMP_moe,CSP,lda,sa,1,4,4,5077,0.05,no_leakage_v1_alpha005,gate_all_sources_proxy_source_only_final_training_only,mmd,,,,,moe,coral,near_nearest_proxy,main,,4,4test,target,False,,,,,,
3,bnci004,MMP_moe,CSP,lda,sa,1,4,4,5077,0.05,no_leakage_v1_alpha005,gate_all_sources_proxy_source_only_final_training_only,mmd,,,,,moe,coral,near_nearest_proxy,final,,4,4test,target,False,,,,,,
3,bnci004,MMP_moe,CSP,lda,pt,2,0,0,5950,0.05,no_leakage_v1_alpha005,gate_all_sources_proxy_source_only_final_training_only,mmd,,,,,moe,coral,near_nearest_proxy,main,0.0,1,1train,nearest,True,0.32348058615777403,0.0,direct,0.06858349161383429,0.0354441973334703,0.10823617052668065
3,bnci004,MMP_moe,CSP,lda,pt,2,0,0,5950,0.05,no_leakage_v1_alpha005,gate_all_sources_proxy_source_only_final_training_only,mmd,,,,,moe,coral,near_nearest_proxy,anchor,0.0,1,1train,target,False,,0.0,direct,0.06858349161383429,0.0354441973334703,0.10823617052668065
3,bnci004,MMP_moe,CSP,lda,pt,2,0,0,5950,0.05,no_leakage_v1_alpha005,gate_all_sources_proxy_source_only_final_training_only,mmd,,,,,moe,coral,near_nearest_proxy,final,0.0,1,1train,train,True,0.32348058615777403,0.0,direct,0.06858349161383429,0.0354441973334703,0.10823617052668065
3,bnci004,MMP_moe,CSP,lda,pt,2,0,0,5950,0.05,no_leakage_v1_alpha005,gate_all_sources_proxy_source_only_final_training_only,mmd,,,,,moe,coral,near_nearest_proxy,main,1.0,2,2train,near,False,0.18987493399626312,0.0,direct,0.11684302507290763,0.07663231422195073,0.15541580019105955
3,bnci004,MMP_moe,CSP,lda,pt,2,0,0,5950,0.05,no_leakage_v1_alpha005,gate_all_sources_proxy_source_only_final_training_only,mmd,,,,,moe,coral,near_nearest_proxy,anchor,1.0,2,2train,proxy_source,False,0.28066442752601434,0.0,direct,0.11684302507290763,0.07663231422195073,0.15541580019105955
3,bnci004,MMP_moe,CSP,lda,pt,2,0,0,5950,0.05,no_leakage_v1_alpha005,gate_all_sources_proxy_source_only_final_training_only,mmd,,,,,moe,coral,near_nearest_proxy,final,1.0,2,2train,train,False,0.18987493399626312,0.0,direct,0.11684302507290763,0.07663231422195073,0.15541580019105955
3,bnci004,MMP_moe,CSP,lda,pt,2,0,0,5950,0.05,no_leakage_v1_alpha005,gate_all_sources_proxy_source_only_final_training_only,mmd,,,,,moe,coral,near_nearest_proxy,main,2.0,3,3test,near,False,0.21111064221406747,0.0,direct,0.10508963548809426,0.07375310710089598,0.14529478220446218
3,bnci004,MMP_moe,CSP,lda,pt,2,0,0,5950,0.05,no_leakage_v1_alpha005,gate_all_sources_proxy_source_only_final_training_only,mmd,,,,,moe,coral,near_nearest_proxy,anchor,2.0,3,3test,proxy_source,False,0.3120540784115643,0.0,direct,0.10508963548809426,0.07375310710089598,0.14529478220446218
3,bnci004,MMP_moe,CSP,lda,pt,2,0,0,5950,0.05,no_leakage_v1_alpha005,gate_all_sources_proxy_source_only_final_training_only,mmd,,,,,moe,coral,near_nearest_proxy,final,2.0,3,3test,train,False,0.21111064221406747,0.0,direct,0.10508963548809426,0.07375310710089598,0.14529478220446218
3,bnci004,MMP_moe,CSP,lda,pt,2,0,0,5950,0.05,no_leakage_v1_alpha005,gate_all_sources_proxy_source_only_final_training_only,mmd,,,,,moe,coral,near_nearest_proxy,main,3.0,4,4test,near,False,0.2755338376318954,0.0,direct,0.08051815415998932,0.04649488496619254,0.12664311301169298
3,bnci004,MMP_moe,CSP,lda,pt,2,0,0,5950,0.05,no_leakage_v1_alpha005,gate_all_sources_proxy_source_only_final_training_only,mmd,,,,,moe,coral,near_nearest_proxy,anchor,3.0,4,4test,proxy_source,False,0.4072814940624215,0.0,direct,0.08051815415998932,0.04649488496619254,0.12664311301169298
3,bnci004,MMP_moe,CSP,lda,pt,2,0,0,5950,0.05,no_leakage_v1_alpha005,gate_all_sources_proxy_source_only_final_training_only,mmd,,,,,moe,coral,near_nearest_proxy,final,3.0,4,4test,train,False,0.2755338376318954,0.0,direct,0.08051815415998932,0.04649488496619254,0.12664311301169298
3,bnci004,MMP_moe,CSP,lda,pt,2,0,0,5950,0.05,no_leakage_v1_alpha005,gate_all_sources_proxy_source_only_final_training_only,mmd,,,,,moe,coral,near_nearest_proxy,main,,0,0train,target,False,,,,,,
3,bnci004,MMP_moe,CSP,lda,pt,2,0,0,5950,0.05,no_leakage_v1_alpha005,gate_all_sources_proxy_source_only_final_training_only,mmd,,,,,moe,coral,near_nearest_proxy,final,,0,0train,target,False,,,,,,
3,bnci004,MMP_moe,CSP,lda,pt,2,1,1,5981,0.05,no_leakage_v1_alpha005,gate_all_sources_proxy_source_only_final_training_only,mmd,,,,,moe,coral,near_nearest_proxy,main,0.0,0,0train,nearest,True,0.5896074955569025,1.0,direct,0.0637072385523894,0.0300214045911846,0.1049659981185406
3,bnci004,MMP_moe,CSP,lda,pt,2,1,1,5981,0.05,no_leakage_v1_alpha005,gate_all_sources_proxy_source_only_final_training_only,mmd,,,,,moe,coral,near_nearest_proxy,anchor,0.0,0,0train,target,False,,1.0,direct,0.0637072385523894,0.0300214045911846,0.1049659981185406
3,bnci004,MMP_moe,CSP,lda,pt,2,1,1,5981,0.05,no_leakage_v1_alpha005,gate_all_sources_proxy_source_only_final_training_only,mmd,,,,,moe,coral,near_nearest_proxy,final,0.0,0,0train,train,True,0.5896074955569025,1.0,direct,0.0637072385523894,0.0300214045911846,0.1049659981185406
3,bnci004,MMP_moe,CSP,lda,pt,2,1,1,5981,0.05,no_leakage_v1_alpha005,gate_all_sources_proxy_source_only_final_training_only,mmd,,,,,moe,coral,near_nearest_proxy,main,1.0,2,2train,far,False,,1.0,direct,0.15895334450768467,0.10682134860300747,0.21865232557992345
3,bnci004,MMP_moe,CSP,lda,pt,2,1,1,5981,0.05,no_leakage_v1_alpha005,gate_all_sources_proxy_source_only_final_training_only,mmd,,,,,moe,coral,near_nearest_proxy,anchor,1.0,2,2train,not_used,False,,1.0,direct,0.15895334450768467,0.10682134860300747,0.21865232557992345
3,bnci004,MMP_moe,CSP,lda,pt,2,1,1,5981,0.05,no_leakage_v1_alpha005,gate_all_sources_proxy_source_only_final_training_only,mmd,,,,,moe,coral,near_nearest_proxy,final,1.0,2,2train,not_used,False,,1.0,direct,0.15895334450768467,0.10682134860300747,0.21865232557992345
3,bnci004,MMP_moe,CSP,lda,pt,2,1,1,5981,0.05,no_leakage_v1_alpha005,gate_all_sources_proxy_source_only_final_training_only,mmd,,,,,moe,coral,near_nearest_proxy,main,2.0,3,3test,far,False,,1.0,direct,0.16094436691773822,0.11235198618424456,0.21148944624803634
3,bnci004,MMP_moe,CSP,lda,pt,2,1,1,5981,0.05,no_leakage_v1_alpha005,gate_all_sources_proxy_source_only_final_training_only,mmd,,,,,moe,coral,near_nearest_proxy,anchor,2.0,3,3test,not_used,False,,1.0,direct,0.16094436691773822,0.11235198618424456,0.21148944624803634
3,bnci004,MMP_moe,CSP,lda,pt,2,1,1,5981,0.05,no_leakage_v1_alpha005,gate_all_sources_proxy_source_only_final_training_only,mmd,,,,,moe,coral,near_nearest_proxy,final,2.0,3,3test,not_used,False,,1.0,direct,0.16094436691773822,0.11235198618424456,0.21148944624803634
3,bnci004,MMP_moe,CSP,lda,pt,2,1,1,5981,0.05,no_leakage_v1_alpha005,gate_all_sources_proxy_source_only_final_training_only,mmd,,,,,moe,coral,near_nearest_proxy,main,3.0,4,4test,near,False,0.41039250444309755,1.0,direct,0.09152809610322633,0.05275986670055095,0.14342887717601158
3,bnci004,MMP_moe,CSP,lda,pt,2,1,1,5981,0.05,no_leakage_v1_alpha005,gate_all_sources_proxy_source_only_final_training_only,mmd,,,,,moe,coral,near_nearest_proxy,anchor,3.0,4,4test,proxy_source,False,1.0,1.0,direct,0.09152809610322633,0.05275986670055095,0.14342887717601158
3,bnci004,MMP_moe,CSP,lda,pt,2,1,1,5981,0.05,no_leakage_v1_alpha005,gate_all_sources_proxy_source_only_final_training_only,mmd,,,,,moe,coral,near_nearest_proxy,final,3.0,4,4test,train,False,0.41039250444309755,1.0,direct,0.09152809610322633,0.05275986670055095,0.14342887717601158
3,bnci004,MMP_moe,CSP,lda,pt,2,1,1,5981,0.05,no_leakage_v1_alpha005,gate_all_sources_proxy_source_only_final_training_only,mmd,,,,,moe,coral,near_nearest_proxy,main,,1,1train,target,False,,,,,,
3,bnci004,MMP_moe,CSP,lda,pt,2,1,1,5981,0.05,no_leakage_v1_alpha005,gate_all_sources_proxy_source_only_final_training_only,mmd,,,,,moe,coral,near_nearest_proxy,final,,1,1train,target,False,,,,,,
3,bnci004,MMP_moe,CSP,lda,pt,2,2,2,6012,0.05,no_leakage_v1_alpha005,gate_all_sources_proxy_source_only_final_training_only,mmd,,,,,moe,coral,near_nearest_proxy,main,0.0,0,0train,near,False,0.21347219848010904,2.0,direct,0.08775839797248441,0.06250894268818974,0.12602044293433337
3,bnci004,MMP_moe,CSP,lda,pt,2,2,2,6012,0.05,no_leakage_v1_alpha005,gate_all_sources_proxy_source_only_final_training_only,mmd,,,,,moe,coral,near_nearest_proxy,anchor,0.0,0,0train,proxy_source,False,0.4563091674484892,2.0,direct,0.08775839797248441,0.06250894268818974,0.12602044293433337
3,bnci004,MMP_moe,CSP,lda,pt,2,2,2,6012,0.05,no_leakage_v1_alpha005,gate_all_sources_proxy_source_only_final_training_only,mmd,,,,,moe,coral,near_nearest_proxy,final,0.0,0,0train,train,False,0.21347219848010904,2.0,direct,0.08775839797248441,0.06250894268818974,0.12602044293433337
3,bnci004,MMP_moe,CSP,lda,pt,2,2,2,6012,0.05,no_leakage_v1_alpha005,gate_all_sources_proxy_source_only_final_training_only,mmd,,,,,moe,coral,near_nearest_proxy,main,1.0,1,1train,far,False,,2.0,direct,0.14739769233883135,0.10195934199847151,0.20454143050083617
3,bnci004,MMP_moe,CSP,lda,pt,2,2,2,6012,0.05,no_leakage_v1_alpha005,gate_all_sources_proxy_source_only_final_training_only,mmd,,,,,moe,coral,near_nearest_proxy,anchor,1.0,1,1train,not_used,False,,2.0,direct,0.14739769233883135,0.10195934199847151,0.20454143050083617
3,bnci004,MMP_moe,CSP,lda,pt,2,2,2,6012,0.05,no_leakage_v1_alpha005,gate_all_sources_proxy_source_only_final_training_only,mmd,,,,,moe,coral,near_nearest_proxy,final,1.0,1,1train,not_used,False,,2.0,direct,0.14739769233883135,0.10195934199847151,0.20454143050083617
3,bnci004,MMP_moe,CSP,lda,pt,2,2,2,6012,0.05,no_leakage_v1_alpha005,gate_all_sources_proxy_source_only_final_training_only,mmd,,,,,moe,coral,near_nearest_proxy,main,2.0,3,3test,nearest,True,0.5321763976959613,2.0,direct,0.035201973494476804,0.018214994046368418,0.06600465664375463
3,bnci004,MMP_moe,CSP,lda,pt,2,2,2,6012,0.05,no_leakage_v1_alpha005,gate_all_sources_proxy_source_only_final_training_only,mmd,,,,,moe,coral,near_nearest_proxy,anchor,2.0,3,3test,target,False,,2.0,direct,0.035201973494476804,0.018214994046368418,0.06600465664375463
3,bnci004,MMP_moe,CSP,lda,pt,2,2,2,6012,0.05,no_leakage_v1_alpha005,gate_all_sources_proxy_source_only_final_training_only,mmd,,,,,moe,coral,near_nearest_proxy,final,2.0,3,3test,train,True,0.5321763976959613,2.0,direct,0.035201973494476804,0.018214994046368418,0.06600465664375463
3,bnci004,MMP_moe,CSP,lda,pt,2,2,2,6012,0.05,no_leakage_v1_alpha005,gate_all_sources_proxy_source_only_final_training_only,mmd,,,,,moe,coral,near_nearest_proxy,main,3.0,4,4test,near,False,0.25435140382392973,2.0,direct,0.0736537600714069,0.04181181948086937,0.11378383482418943
3,bnci004,MMP_moe,CSP,lda,pt,2,2,2,6012,0.05,no_leakage_v1_alpha005,gate_all_sources_proxy_source_only_final_training_only,mmd,,,,,moe,coral,near_nearest_proxy,anchor,3.0,4,4test,proxy_source,False,0.5436908325515107,2.0,direct,0.0736537600714069,0.04181181948086937,0.11378383482418943
3,bnci004,MMP_moe,CSP,lda,pt,2,2,2,6012,0.05,no_leakage_v1_alpha005,gate_all_sources_proxy_source_only_final_training_only,mmd,,,,,moe,coral,near_nearest_proxy,final,3.0,4,4test,train,False,0.25435140382392973,2.0,direct,0.0736537600714069,0.04181181948086937,0.11378383482418943
3,bnci004,MMP_moe,CSP,lda,pt,2,2,2,6012,0.05,no_leakage_v1_alpha005,gate_all_sources_proxy_source_only_final_training_only,mmd,,,,,moe,coral,near_nearest_proxy,main,,2,2train,target,False,,,,,,
3,bnci004,MMP_moe,CSP,lda,pt,2,2,2,6012,0.05,no_leakage_v1_alpha005,gate_all_sources_proxy_source_only_final_training_only,mmd,,,,,moe,coral,near_nearest_proxy,final,,2,2train,target,False,,,,,,
3,bnci004,MMP_moe,CSP,lda,pt,2,3,3,6043,0.05,no_leakage_v1_alpha005,gate_all_sources_proxy_source_only_final_training_only,mmd,,,,,moe,coral,near_nearest_proxy,main,0.0,0,0train,far,False,,3.0,direct,0.11176165831172309,0.08354546399201847,0.15384204832624787
3,bnci004,MMP_moe,CSP,lda,pt,2,3,3,6043,0.05,no_leakage_v1_alpha005,gate_all_sources_proxy_source_only_final_training_only,mmd,,,,,moe,coral,near_nearest_proxy,anchor,0.0,0,0train,not_used,False,,3.0,direct,0.11176165831172309,0.08354546399201847,0.15384204832624787
3,bnci004,MMP_moe,CSP,lda,pt,2,3,3,6043,0.05,no_leakage_v1_alpha005,gate_all_sources_proxy_source_only_final_training_only,mmd,,,,,moe,coral,near_nearest_proxy,final,0.0,0,0train,not_used,False,,3.0,direct,0.11176165831172309,0.08354546399201847,0.15384204832624787
3,bnci004,MMP_moe,CSP,lda,pt,2,3,3,6043,0.05,no_leakage_v1_alpha005,gate_all_sources_proxy_source_only_final_training_only,mmd,,,,,moe,coral,near_nearest_proxy,main,1.0,1,1train,far,False,,3.0,direct,0.13393153382029166,0.09969133166878678,0.16953155146260443
3,bnci004,MMP_moe,CSP,lda,pt,2,3,3,6043,0.05,no_leakage_v1_alpha005,gate_all_sources_proxy_source_only_final_training_only,mmd,,,,,moe,coral,near_nearest_proxy,anchor,1.0,1,1train,not_used,False,,3.0,direct,0.13393153382029166,0.09969133166878678,0.16953155146260443
3,bnci004,MMP_moe,CSP,lda,pt,2,3,3,6043,0.05,no_leakage_v1_alpha005,gate_all_sources_proxy_source_only_final_training_only,mmd,,,,,moe,coral,near_nearest_proxy,final,1.0,1,1train,not_used,False,,3.0,direct,0.13393153382029166,0.09969133166878678,0.16953155146260443
3,bnci004,MMP_moe,CSP,lda,pt,2,3,3,6043,0.05,no_leakage_v1_alpha005,gate_all_sources_proxy_source_only_final_training_only,mmd,,,,,moe,coral,near_nearest_proxy,main,2.0,2,2train,nearest,True,1.0,3.0,direct,0.03748718679421036,0.020583684925355988,0.05967664170132144
3,bnci004,MMP_moe,CSP,lda,pt,2,3,3,6043,0.05,no_leakage_v1_alpha005,gate_all_sources_proxy_source_only_final_training_only,mmd,,,,,moe,coral,near_nearest_proxy,anchor,2.0,2,2train,target,False,,3.0,direct,0.03748718679421036,0.020583684925355988,0.05967664170132144
3,bnci004,MMP_moe,CSP,lda,pt,2,3,3,6043,0.05,no_leakage_v1_alpha005,gate_all_sources_proxy_source_only_final_training_only,mmd,,,,,moe,coral,near_nearest_proxy,final,2.0,2,2train,train,True,1.0,3.0,direct,0.03748718679421036,0.020583684925355988,0.05967664170132144
3,bnci004,MMP_moe,CSP,lda,pt,2,3,3,6043,0.05,no_leakage_v1_alpha005,gate_all_sources_proxy_source_only_final_training_only,mmd,,,,,moe,coral,near_nearest_proxy,main,3.0,4,4test,far,False,,3.0,direct,0.09682083410583772,0.05996901875200418,0.13937308298037523
3,bnci004,MMP_moe,CSP,lda,pt,2,3,3,6043,0.05,no_leakage_v1_alpha005,gate_all_sources_proxy_source_only_final_training_only,mmd,,,,,moe,coral,near_nearest_proxy,anchor,3.0,4,4test,second_nearest_fallback_source,False,1.0,3.0,direct,0.09682083410583772,0.05996901875200418,0.13937308298037523
3,bnci004,MMP_moe,CSP,lda,pt,2,3,3,6043,0.05,no_leakage_v1_alpha005,gate_all_sources_proxy_source_only_final_training_only,mmd,,,,,moe,coral,near_nearest_proxy,final,3.0,4,4test,not_used,False,,3.0,direct,0.09682083410583772,0.05996901875200418,0.13937308298037523
3,bnci004,MMP_moe,CSP,lda,pt,2,3,3,6043,0.05,no_leakage_v1_alpha005,gate_all_sources_proxy_source_only_final_training_only,mmd,,,,,moe,coral,near_nearest_proxy,main,,3,3test,target,False,,,,,,
3,bnci004,MMP_moe,CSP,lda,pt,2,3,3,6043,0.05,no_leakage_v1_alpha005,gate_all_sources_proxy_source_only_final_training_only,mmd,,,,,moe,coral,near_nearest_proxy,final,,3,3test,target,False,,,,,,
3,bnci004,MMP_moe,CSP,lda,pt,2,4,4,6074,0.05,no_leakage_v1_alpha005,gate_all_sources_proxy_source_only_final_training_only,mmd,,,,,moe,coral,near_nearest_proxy,main,0.0,0,0train,nearest,True,0.34286404163295847,4.0,direct,0.06807866394410667,0.038062927765650914,0.1092893867604869
3,bnci004,MMP_moe,CSP,lda,pt,2,4,4,6074,0.05,no_leakage_v1_alpha005,gate_all_sources_proxy_source_only_final_training_only,mmd,,,,,moe,coral,near_nearest_proxy,anchor,0.0,0,0train,target,False,,4.0,direct,0.06807866394410667,0.038062927765650914,0.1092893867604869
3,bnci004,MMP_moe,CSP,lda,pt,2,4,4,6074,0.05,no_leakage_v1_alpha005,gate_all_sources_proxy_source_only_final_training_only,mmd,,,,,moe,coral,near_nearest_proxy,final,0.0,0,0train,train,True,0.34286404163295847,4.0,direct,0.06807866394410667,0.038062927765650914,0.1092893867604869
3,bnci004,MMP_moe,CSP,lda,pt,2,4,4,6074,0.05,no_leakage_v1_alpha005,gate_all_sources_proxy_source_only_final_training_only,mmd,,,,,moe,coral,near_nearest_proxy,main,1.0,1,1train,near,False,0.21474766265112807,4.0,direct,0.10869433313995021,0.07192828799499205,0.14882888257069088
3,bnci004,MMP_moe,CSP,lda,pt,2,4,4,6074,0.05,no_leakage_v1_alpha005,gate_all_sources_proxy_source_only_final_training_only,mmd,,,,,moe,coral,near_nearest_proxy,anchor,1.0,1,1train,proxy_source,False,0.32679335214704747,4.0,direct,0.10869433313995021,0.07192828799499205,0.14882888257069088
3,bnci004,MMP_moe,CSP,lda,pt,2,4,4,6074,0.05,no_leakage_v1_alpha005,gate_all_sources_proxy_source_only_final_training_only,mmd,,,,,moe,coral,near_nearest_proxy,final,1.0,1,1train,train,False,0.21474766265112807,4.0,direct,0.10869433313995021,0.07192828799499205,0.14882888257069088
3,bnci004,MMP_moe,CSP,lda,pt,2,4,4,6074,0.05,no_leakage_v1_alpha005,gate_all_sources_proxy_source_only_final_training_only,mmd,,,,,moe,coral,near_nearest_proxy,main,2.0,2,2train,near,False,0.24234010506765652,4.0,direct,0.09631846279124277,0.05612394493685877,0.13925245146103324
3,bnci004,MMP_moe,CSP,lda,pt,2,4,4,6074,0.05,no_leakage_v1_alpha005,gate_all_sources_proxy_source_only_final_training_only,mmd,,,,,moe,coral,near_nearest_proxy,anchor,2.0,2,2train,proxy_source,False,0.36878229228219794,4.0,direct,0.09631846279124277,0.05612394493685877,0.13925245146103324
3,bnci004,MMP_moe,CSP,lda,pt,2,4,4,6074,0.05,no_leakage_v1_alpha005,gate_all_sources_proxy_source_only_final_training_only,mmd,,,,,moe,coral,near_nearest_proxy,final,2.0,2,2train,train,False,0.24234010506765652,4.0,direct,0.09631846279124277,0.05612394493685877,0.13925245146103324
3,bnci004,MMP_moe,CSP,lda,pt,2,4,4,6074,0.05,no_leakage_v1_alpha005,gate_all_sources_proxy_source_only_final_training_only,mmd,,,,,moe,coral,near_nearest_proxy,main,3.0,3,3test,near,False,0.20004819064825682,4.0,direct,0.11668122870324375,0.07164499809475261,0.17154734946276978
3,bnci004,MMP_moe,CSP,lda,pt,2,4,4,6074,0.05,no_leakage_v1_alpha005,gate_all_sources_proxy_source_only_final_training_only,mmd,,,,,moe,coral,near_nearest_proxy,anchor,3.0,3,3test,proxy_source,False,0.3044243555707546,4.0,direct,0.11668122870324375,0.07164499809475261,0.17154734946276978
3,bnci004,MMP_moe,CSP,lda,pt,2,4,4,6074,0.05,no_leakage_v1_alpha005,gate_all_sources_proxy_source_only_final_training_only,mmd,,,,,moe,coral,near_nearest_proxy,final,3.0,3,3test,train,False,0.20004819064825682,4.0,direct,0.11668122870324375,0.07164499809475261,0.17154734946276978
3,bnci004,MMP_moe,CSP,lda,pt,2,4,4,6074,0.05,no_leakage_v1_alpha005,gate_all_sources_proxy_source_only_final_training_only,mmd,,,,,moe,coral,near_nearest_proxy,main,,4,4test,target,False,,,,,,
3,bnci004,MMP_moe,CSP,lda,pt,2,4,4,6074,0.05,no_leakage_v1_alpha005,gate_all_sources_proxy_source_only_final_training_only,mmd,,,,,moe,coral,near_nearest_proxy,final,,4,4test,target,False,,,,,,
3,bnci004,MMP_moe,CSP,lda,coral,3,0,0,6947,0.05,no_leakage_v1_alpha005,gate_all_sources_proxy_source_only_final_training_only,mmd,,,,,moe,coral,near_nearest_proxy,main,0.0,1,1train,nearest,True,0.3239029211506173,0.0,direct,0.06651695658875618,0.03762940674029158,0.0990737664545713
3,bnci004,MMP_moe,CSP,lda,coral,3,0,0,6947,0.05,no_leakage_v1_alpha005,gate_all_sources_proxy_source_only_final_training_only,mmd,,,,,moe,coral,near_nearest_proxy,anchor,0.0,1,1train,target,False,,0.0,direct,0.06651695658875618,0.03762940674029158,0.0990737664545713
3,bnci004,MMP_moe,CSP,lda,coral,3,0,0,6947,0.05,no_leakage_v1_alpha005,gate_all_sources_proxy_source_only_final_training_only,mmd,,,,,moe,coral,near_nearest_proxy,final,0.0,1,1train,train,True,0.3239029211506173,0.0,direct,0.06651695658875618,0.03762940674029158,0.0990737664545713
3,bnci004,MMP_moe,CSP,lda,coral,3,0,0,6947,0.05,no_leakage_v1_alpha005,gate_all_sources_proxy_source_only_final_training_only,mmd,,,,,moe,coral,near_nearest_proxy,main,1.0,2,2train,near,False,0.18995391514136298,0.0,direct,0.11342314517770853,0.08264108370970968,0.15283424261770717
3,bnci004,MMP_moe,CSP,lda,coral,3,0,0,6947,0.05,no_leakage_v1_alpha005,gate_all_sources_proxy_source_only_final_training_only,mmd,,,,,moe,coral,near_nearest_proxy,anchor,1.0,2,2train,proxy_source,False,0.2809565683446473,0.0,direct,0.11342314517770853,0.08264108370970968,0.15283424261770717
3,bnci004,MMP_moe,CSP,lda,coral,3,0,0,6947,0.05,no_leakage_v1_alpha005,gate_all_sources_proxy_source_only_final_training_only,mmd,,,,,moe,coral,near_nearest_proxy,final,1.0,2,2train,train,False,0.18995391514136298,0.0,direct,0.11342314517770853,0.08264108370970968,0.15283424261770717
3,bnci004,MMP_moe,CSP,lda,coral,3,0,0,6947,0.05,no_leakage_v1_alpha005,gate_all_sources_proxy_source_only_final_training_only,mmd,,,,,moe,coral,near_nearest_proxy,main,2.0,3,3test,near,False,0.20844553146048883,0.0,direct,0.10336106440650916,0.07349523574166111,0.14360642660297748
3,bnci004,MMP_moe,CSP,lda,coral,3,0,0,6947,0.05,no_leakage_v1_alpha005,gate_all_sources_proxy_source_only_final_training_only,mmd,,,,,moe,coral,near_nearest_proxy,anchor,2.0,3,3test,proxy_source,False,0.30830710260608185,0.0,direct,0.10336106440650916,0.07349523574166111,0.14360642660297748
3,bnci004,MMP_moe,CSP,lda,coral,3,0,0,6947,0.05,no_leakage_v1_alpha005,gate_all_sources_proxy_source_only_final_training_only,mmd,,,,,moe,coral,near_nearest_proxy,final,2.0,3,3test,train,False,0.20844553146048883,0.0,direct,0.10336106440650916,0.07349523574166111,0.14360642660297748
3,bnci004,MMP_moe,CSP,lda,coral,3,0,0,6947,0.05,no_leakage_v1_alpha005,gate_all_sources_proxy_source_only_final_training_only,mmd,,,,,moe,coral,near_nearest_proxy,main,3.0,4,4test,near,False,0.27769763224753086,0.0,direct,0.07758468293756005,0.046604667088092584,0.11906643473011552
3,bnci004,MMP_moe,CSP,lda,coral,3,0,0,6947,0.05,no_leakage_v1_alpha005,gate_all_sources_proxy_source_only_final_training_only,mmd,,,,,moe,coral,near_nearest_proxy,anchor,3.0,4,4test,proxy_source,False,0.4107363290492708,0.0,direct,0.07758468293756005,0.046604667088092584,0.11906643473011552
3,bnci004,MMP_moe,CSP,lda,coral,3,0,0,6947,0.05,no_leakage_v1_alpha005,gate_all_sources_proxy_source_only_final_training_only,mmd,,,,,moe,coral,near_nearest_proxy,final,3.0,4,4test,train,False,0.27769763224753086,0.0,direct,0.07758468293756005,0.046604667088092584,0.11906643473011552
3,bnci004,MMP_moe,CSP,lda,coral,3,0,0,6947,0.05,no_leakage_v1_alpha005,gate_all_sources_proxy_source_only_final_training_only,mmd,,,,,moe,coral,near_nearest_proxy,main,,0,0train,target,False,,,,,,
3,bnci004,MMP_moe,CSP,lda,coral,3,0,0,6947,0.05,no_leakage_v1_alpha005,gate_all_sources_proxy_source_only_final_training_only,mmd,,,,,moe,coral,near_nearest_proxy,final,,0,0train,target,False,,,,,,
3,bnci004,MMP_moe,CSP,lda,coral,3,1,1,6978,0.05,no_leakage_v1_alpha005,gate_all_sources_proxy_source_only_final_training_only,mmd,,,,,moe,coral,near_nearest_proxy,main,0.0,0,0train,nearest,True,0.6078246964631775,1.0,direct,0.06015066085163321,0.03393716731144745,0.09754916437626902
3,bnci004,MMP_moe,CSP,lda,coral,3,1,1,6978,0.05,no_leakage_v1_alpha005,gate_all_sources_proxy_source_only_final_training_only,mmd,,,,,moe,coral,near_nearest_proxy,anchor,0.0,0,0train,target,False,,1.0,direct,0.06015066085163321,0.03393716731144745,0.09754916437626902
3,bnci004,MMP_moe,CSP,lda,coral,3,1,1,6978,0.05,no_leakage_v1_alpha005,gate_all_sources_proxy_source_only_final_training_only,mmd,,,,,moe,coral,near_nearest_proxy,final,0.0,0,0train,train,True,0.6078246964631775,1.0,direct,0.06015066085163321,0.03393716731144745,0.09754916437626902
3,bnci004,MMP_moe,CSP,lda,coral,3,1,1,6978,0.05,no_leakage_v1_alpha005,gate_all_sources_proxy_source_only_final_training_only,mmd,,,,,moe,coral,near_nearest_proxy,main,1.0,2,2train,far,False,,1.0,direct,0.16198831321468382,0.10372051084425132,0.2258099398040326
3,bnci004,MMP_moe,CSP,lda,coral,3,1,1,6978,0.05,no_leakage_v1_alpha005,gate_all_sources_proxy_source_only_final_training_only,mmd,,,,,moe,coral,near_nearest_proxy,anchor,1.0,2,2train,not_used,False,,1.0,direct,0.16198831321468382,0.10372051084425132,0.2258099398040326
3,bnci004,MMP_moe,CSP,lda,coral,3,1,1,6978,0.05,no_leakage_v1_alpha005,gate_all_sources_proxy_source_only_final_training_only,mmd,,,,,moe,coral,near_nearest_proxy,final,1.0,2,2train,not_used,False,,1.0,direct,0.16198831321468382,0.10372051084425132,0.2258099398040326
3,bnci004,MMP_moe,CSP,lda,coral,3,1,1,6978,0.05,no_leakage_v1_alpha005,gate_all_sources_proxy_source_only_final_training_only,mmd,,,,,moe,coral,near_nearest_proxy,main,2.0,3,3test,far,False,,1.0,direct,0.15736948536281856,0.11340087621633865,0.2085770805206877
3,bnci004,MMP_moe,CSP,lda,coral,3,1,1,6978,0.05,no_leakage_v1_alpha005,gate_all_sources_proxy_source_only_final_training_only,mmd,,,,,moe,coral,near_nearest_proxy,anchor,2.0,3,3test,not_used,False,,1.0,direct,0.15736948536281856,0.11340087621633865,0.2085770805206877
3,bnci004,MMP_moe,CSP,lda,coral,3,1,1,6978,0.05,no_leakage_v1_alpha005,gate_all_sources_proxy_source_only_final_training_only,mmd,,,,,moe,coral,near_nearest_proxy,final,2.0,3,3test,not_used,False,,1.0,direct,0.15736948536281856,0.11340087621633865,0.2085770805206877
3,bnci004,MMP_moe,CSP,lda,coral,3,1,1,6978,0.05,no_leakage_v1_alpha005,gate_all_sources_proxy_source_only_final_training_only,mmd,,,,,moe,coral,near_nearest_proxy,main,3.0,4,4test,near,False,0.39217530353682256,1.0,direct,0.09322686179845988,0.05304647745880442,0.143451050899948
3,bnci004,MMP_moe,CSP,lda,coral,3,1,1,6978,0.05,no_leakage_v1_alpha005,gate_all_sources_proxy_source_only_final_training_only,mmd,,,,,moe,coral,near_nearest_proxy,anchor,3.0,4,4test,proxy_source,False,1.0,1.0,direct,0.09322686179845988,0.05304647745880442,0.143451050899948
3,bnci004,MMP_moe,CSP,lda,coral,3,1,1,6978,0.05,no_leakage_v1_alpha005,gate_all_sources_proxy_source_only_final_training_only,mmd,,,,,moe,coral,near_nearest_proxy,final,3.0,4,4test,train,False,0.39217530353682256,1.0,direct,0.09322686179845988,0.05304647745880442,0.143451050899948
3,bnci004,MMP_moe,CSP,lda,coral,3,1,1,6978,0.05,no_leakage_v1_alpha005,gate_all_sources_proxy_source_only_final_training_only,mmd,,,,,moe,coral,near_nearest_proxy,main,,1,1train,target,False,,,,,,
3,bnci004,MMP_moe,CSP,lda,coral,3,1,1,6978,0.05,no_leakage_v1_alpha005,gate_all_sources_proxy_source_only_final_training_only,mmd,,,,,moe,coral,near_nearest_proxy,final,,1,1train,target,False,,,,,,
3,bnci004,MMP_moe,CSP,lda,coral,3,2,2,7009,0.05,no_leakage_v1_alpha005,gate_all_sources_proxy_source_only_final_training_only,mmd,,,,,moe,coral,near_nearest_proxy,main,0.0,0,0train,near,False,0.22074051017496205,2.0,direct,0.08733232662421725,0.05558595295979316,0.12151401345466918
3,bnci004,MMP_moe,CSP,lda,coral,3,2,2,7009,0.05,no_leakage_v1_alpha005,gate_all_sources_proxy_source_only_final_training_only,mmd,,,,,moe,coral,near_nearest_proxy,anchor,0.0,0,0train,proxy_source,False,0.45923794828273506,2.0,direct,0.08733232662421725,0.05558595295979316,0.12151401345466918
3,bnci004,MMP_moe,CSP,lda,coral,3,2,2,7009,0.05,no_leakage_v1_alpha005,gate_all_sources_proxy_source_only_final_training_only,mmd,,,,,moe,coral,near_nearest_proxy,final,0.0,0,0train,train,False,0.22074051017496205,2.0,direct,0.08733232662421725,0.05558595295979316,0.12151401345466918
3,bnci004,MMP_moe,CSP,lda,coral,3,2,2,7009,0.05,no_leakage_v1_alpha005,gate_all_sources_proxy_source_only_final_training_only,mmd,,,,,moe,coral,near_nearest_proxy,main,1.0,1,1train,far,False,,2.0,direct,0.14601594769909396,0.11270700163797374,0.1965923319909634
3,bnci004,MMP_moe,CSP,lda,coral,3,2,2,7009,0.05,no_leakage_v1_alpha005,gate_all_sources_proxy_source_only_final_training_only,mmd,,,,,moe,coral,near_nearest_proxy,anchor,1.0,1,1train,not_used,False,,2.0,direct,0.14601594769909396,0.11270700163797374,0.1965923319909634
3,bnci004,MMP_moe,CSP,lda,coral,3,2,2,7009,0.05,no_leakage_v1_alpha005,gate_all_sources_proxy_source_only_final_training_only,mmd,,,,,moe,coral,near_nearest_proxy,final,1.0,1,1train,not_used,False,,2.0,direct,0.14601594769909396,0.11270700163797374,0.1965923319909634
3,bnci004,MMP_moe,CSP,lda,coral,3,2,2,7009,0.05,no_leakage_v1_alpha005,gate_all_sources_proxy_source_only_final_training_only,mmd,,,,,moe,coral,near_nearest_proxy,main,2.0,3,3test,nearest,True,0.5193330363912769,2.0,direct,0.03711969466688393,0.019776289358669746,0.061115771625237895
3,bnci004,MMP_moe,CSP,lda,coral,3,2,2,7009,0.05,no_leakage_v1_alpha005,gate_all_sources_proxy_source_only_final_training_only,mmd,,,,,moe,coral,near_nearest_proxy,anchor,2.0,3,3test,target,False,,2.0,direct,0.03711969466688393,0.019776289358669746,0.061115771625237895
3,bnci004,MMP_moe,CSP,lda,coral,3,2,2,7009,0.05,no_leakage_v1_alpha005,gate_all_sources_proxy_source_only_final_training_only,mmd,,,,,moe,coral,near_nearest_proxy,final,2.0,3,3test,train,True,0.5193330363912769,2.0,direct,0.03711969466688393,0.019776289358669746,0.061115771625237895
3,bnci004,MMP_moe,CSP,lda,coral,3,2,2,7009,0.05,no_leakage_v1_alpha005,gate_all_sources_proxy_source_only_final_training_only,mmd,,,,,moe,coral,near_nearest_proxy,main,3.0,4,4test,near,False,0.25992645343376103,2.0,direct,0.07416614543531087,0.04577147642179511,0.10811818076773647
3,bnci004,MMP_moe,CSP,lda,coral,3,2,2,7009,0.05,no_leakage_v1_alpha005,gate_all_sources_proxy_source_only_final_training_only,mmd,,,,,moe,coral,near_nearest_proxy,anchor,3.0,4,4test,proxy_source,False,0.540762051717265,2.0,direct,0.07416614543531087,0.04577147642179511,0.10811818076773647
3,bnci004,MMP_moe,CSP,lda,coral,3,2,2,7009,0.05,no_leakage_v1_alpha005,gate_all_sources_proxy_source_only_final_training_only,mmd,,,,,moe,coral,near_nearest_proxy,final,3.0,4,4test,train,False,0.25992645343376103,2.0,direct,0.07416614543531087,0.04577147642179511,0.10811818076773647
3,bnci004,MMP_moe,CSP,lda,coral,3,2,2,7009,0.05,no_leakage_v1_alpha005,gate_all_sources_proxy_source_only_final_training_only,mmd,,,,,moe,coral,near_nearest_proxy,main,,2,2train,target,False,,,,,,
3,bnci004,MMP_moe,CSP,lda,coral,3,2,2,7009,0.05,no_leakage_v1_alpha005,gate_all_sources_proxy_source_only_final_training_only,mmd,,,,,moe,coral,near_nearest_proxy,final,,2,2train,target,False,,,,,,
3,bnci004,MMP_moe,CSP,lda,coral,3,3,3,7040,0.05,no_leakage_v1_alpha005,gate_all_sources_proxy_source_only_final_training_only,mmd,,,,,moe,coral,near_nearest_proxy,main,0.0,0,0train,far,False,,3.0,direct,0.11543796383078724,0.08466895271908982,0.15692821659398465
3,bnci004,MMP_moe,CSP,lda,coral,3,3,3,7040,0.05,no_leakage_v1_alpha005,gate_all_sources_proxy_source_only_final_training_only,mmd,,,,,moe,coral,near_nearest_proxy,anchor,0.0,0,0train,not_used,False,,3.0,direct,0.11543796383078724,0.08466895271908982,0.15692821659398465
3,bnci004,MMP_moe,CSP,lda,coral,3,3,3,7040,0.05,no_leakage_v1_alpha005,gate_all_sources_proxy_source_only_final_training_only,mmd,,,,,moe,coral,near_nearest_proxy,final,0.0,0,0train,not_used,False,,3.0,direct,0.11543796383078724,0.08466895271908982,0.15692821659398465
3,bnci004,MMP_moe,CSP,lda,coral,3,3,3,7040,0.05,no_leakage_v1_alpha005,gate_all_sources_proxy_source_only_final_training_only,mmd,,,,,moe,coral,near_nearest_proxy,main,1.0,1,1train,far,False,,3.0,direct,0.13310718743389974,0.10046347226615693,0.16625283390717413
3,bnci004,MMP_moe,CSP,lda,coral,3,3,3,7040,0.05,no_leakage_v1_alpha005,gate_all_sources_proxy_source_only_final_training_only,mmd,,,,,moe,coral,near_nearest_proxy,anchor,1.0,1,1train,not_used,False,,3.0,direct,0.13310718743389974,0.10046347226615693,0.16625283390717413
3,bnci004,MMP_moe,CSP,lda,coral,3,3,3,7040,0.05,no_leakage_v1_alpha005,gate_all_sources_proxy_source_only_final_training_only,mmd,,,,,moe,coral,near_nearest_proxy,final,1.0,1,1train,not_used,False,,3.0,direct,0.13310718743389974,0.10046347226615693,0.16625283390717413
3,bnci004,MMP_moe,CSP,lda,coral,3,3,3,7040,0.05,no_leakage_v1_alpha005,gate_all_sources_proxy_source_only_final_training_only,mmd,,,,,moe,coral,near_nearest_proxy,main,2.0,2,2train,nearest,True,0.7214134299678053,3.0,direct,0.037009223089306625,0.01723237270080763,0.062488376858491096
3,bnci004,MMP_moe,CSP,lda,coral,3,3,3,7040,0.05,no_leakage_v1_alpha005,gate_all_sources_proxy_source_only_final_training_only,mmd,,,,,moe,coral,near_nearest_proxy,anchor,2.0,2,2train,target,False,,3.0,direct,0.037009223089306625,0.01723237270080763,0.062488376858491096
3,bnci004,MMP_moe,CSP,lda,coral,3,3,3,7040,0.05,no_leakage_v1_alpha005,gate_all_sources_proxy_source_only_final_training_only,mmd,,,,,moe,coral,near_nearest_proxy,final,2.0,2,2train,train,True,0.7214134299678053,3.0,direct,0.037009223089306625,0.01723237270080763,0.062488376858491096
3,bnci004,MMP_moe,CSP,lda,coral,3,3,3,7040,0.05,no_leakage_v1_alpha005,gate_all_sources_proxy_source_only_final_training_only,mmd,,,,,moe,coral,near_nearest_proxy,main,3.0,4,4test,near,False,0.2785865700321945,3.0,direct,0.09583876707723149,0.06079861484660309,0.13652636656509978
3,bnci004,MMP_moe,CSP,lda,coral,3,3,3,7040,0.05,no_leakage_v1_alpha005,gate_all_sources_proxy_source_only_final_training_only,mmd,,,,,moe,coral,near_nearest_proxy,anchor,3.0,4,4test,proxy_source,False,1.0,3.0,direct,0.09583876707723149,0.06079861484660309,0.13652636656509978
3,bnci004,MMP_moe,CSP,lda,coral,3,3,3,7040,0.05,no_leakage_v1_alpha005,gate_all_sources_proxy_source_only_final_training_only,mmd,,,,,moe,coral,near_nearest_proxy,final,3.0,4,4test,train,False,0.2785865700321945,3.0,direct,0.09583876707723149,0.06079861484660309,0.13652636656509978
3,bnci004,MMP_moe,CSP,lda,coral,3,3,3,7040,0.05,no_leakage_v1_alpha005,gate_all_sources_proxy_source_only_final_training_only,mmd,,,,,moe,coral,near_nearest_proxy,main,,3,3test,target,False,,,,,,
3,bnci004,MMP_moe,CSP,lda,coral,3,3,3,7040,0.05,no_leakage_v1_alpha005,gate_all_sources_proxy_source_only_final_training_only,mmd,,,,,moe,coral,near_nearest_proxy,final,,3,3test,target,False,,,,,,
3,bnci004,MMP_moe,CSP,lda,coral,3,4,4,7071,0.05,no_leakage_v1_alpha005,gate_all_sources_proxy_source_only_final_training_only,mmd,,,,,moe,coral,near_nearest_proxy,main,0.0,0,0train,nearest,True,0.3481408750234568,4.0,direct,0.06651035449047185,0.03420911725119717,0.11084296487466913
3,bnci004,MMP_moe,CSP,lda,coral,3,4,4,7071,0.05,no_leakage_v1_alpha005,gate_all_sources_proxy_source_only_final_training_only,mmd,,,,,moe,coral,near_nearest_proxy,anchor,0.0,0,0train,target,False,,4.0,direct,0.06651035449047185,0.03420911725119717,0.11084296487466913
3,bnci004,MMP_moe,CSP,lda,coral,3,4,4,7071,0.05,no_leakage_v1_alpha005,gate_all_sources_proxy_source_only_final_training_only,mmd,,,,,moe,coral,near_nearest_proxy,final,0.0,0,0train,train,True,0.3481408750234568,4.0,direct,0.06651035449047185,0.03420911725119717,0.11084296487466913
3,bnci004,MMP_moe,CSP,lda,coral,3,4,4,7071,0.05,no_leakage_v1_alpha005,gate_all_sources_proxy_source_only_final_training_only,mmd,,,,,moe,coral,near_nearest_proxy,main,1.0,1,1train,near,False,0.21427578614590248,4.0,direct,0.10806217208208263,0.07141877773041279,0.15245064717879842
3,bnci004,MMP_moe,CSP,lda,coral,3,4,4,7071,0.05,no_leakage_v1_alpha005,gate_all_sources_proxy_source_only_final_training_only,mmd,,,,,moe,coral,near_nearest_proxy,anchor,1.0,1,1train,proxy_source,False,0.32871486788439624,4.0,direct,0.10806217208208263,0.07141877773041279,0.15245064717879842
3,bnci004,MMP_moe,CSP,lda,coral,3,4,4,7071,0.05,no_leakage_v1_alpha005,gate_all_sources_proxy_source_only_final_training_only,mmd,,,,,moe,coral,near_nearest_proxy,final,1.0,1,1train,train,False,0.21427578614590248,4.0,direct,0.10806217208208263,0.07141877773041279,0.15245064717879842
3,bnci004,MMP_moe,CSP,lda,coral,3,4,4,7071,0.05,no_leakage_v1_alpha005,gate_all_sources_proxy_source_only_final_training_only,mmd,,,,,moe,coral,near_nearest_proxy,main,2.0,2,2train,near,False,0.23520949925823456,4.0,direct,0.09844451867306243,0.057030300128461414,0.1535232079077881
3,bnci004,MMP_moe,CSP,lda,coral,3,4,4,7071,0.05,no_leakage_v1_alpha005,gate_all_sources_proxy_source_only_final_training_only,mmd,,,,,moe,coral,near_nearest_proxy,anchor,2.0,2,2train,proxy_source,False,0.3608287285488233,4.0,direct,0.09844451867306243,0.057030300128461414,0.1535232079077881
3,bnci004,MMP_moe,CSP,lda,coral,3,4,4,7071,0.05,no_leakage_v1_alpha005,gate_all_sources_proxy_source_only_final_training_only,mmd,,,,,moe,coral,near_nearest_proxy,final,2.0,2,2train,train,False,0.23520949925823456,4.0,direct,0.09844451867306243,0.057030300128461414,0.1535232079077881
3,bnci004,MMP_moe,CSP,lda,coral,3,4,4,7071,0.05,no_leakage_v1_alpha005,gate_all_sources_proxy_source_only_final_training_only,mmd,,,,,moe,coral,near_nearest_proxy,main,3.0,3,3test,near,False,0.20237383957240607,4.0,direct,0.11441754935515813,0.06997506203169428,0.17945275324535284
3,bnci004,MMP_moe,CSP,lda,coral,3,4,4,7071,0.05,no_leakage_v1_alpha005,gate_all_sources_proxy_source_only_final_training_only,mmd,,,,,moe,coral,near_nearest_proxy,anchor,3.0,3,3test,proxy_source,False,0.3104564035667805,4.0,direct,0.11441754935515813,0.06997506203169428,0.17945275324535284
3,bnci004,MMP_moe,CSP,lda,coral,3,4,4,7071,0.05,no_leakage_v1_alpha005,gate_all_sources_proxy_source_only_final_training_only,mmd,,,,,moe,coral,near_nearest_proxy,final,3.0,3,3test,train,False,0.20237383957240607,4.0,direct,0.11441754935515813,0.06997506203169428,0.17945275324535284
3,bnci004,MMP_moe,CSP,lda,coral,3,4,4,7071,0.05,no_leakage_v1_alpha005,gate_all_sources_proxy_source_only_final_training_only,mmd,,,,,moe,coral,near_nearest_proxy,main,,4,4test,target,False,,,,,,
3,bnci004,MMP_moe,CSP,lda,coral,3,4,4,7071,0.05,no_leakage_v1_alpha005,gate_all_sources_proxy_source_only_final_training_only,mmd,,,,,moe,coral,near_nearest_proxy,final,,4,4test,target,False,,,,,,
3,bnci004,MMP_moe,CSP,svm_radial,none,4,0,0,7944,0.05,no_leakage_v1_alpha005,gate_all_sources_proxy_source_only_final_training_only,mmd,,,,,moe,coral,near_nearest_proxy,main,0.0,1,1train,nearest,True,0.31337908789933566,0.0,direct,0.06946372654781502,0.03673649332410855,0.11196720549149851
3,bnci004,MMP_moe,CSP,svm_radial,none,4,0,0,7944,0.05,no_leakage_v1_alpha005,gate_all_sources_proxy_source_only_final_training_only,mmd,,,,,moe,coral,near_nearest_proxy,anchor,0.0,1,1train,target,False,,0.0,direct,0.06946372654781502,0.03673649332410855,0.11196720549149851
3,bnci004,MMP_moe,CSP,svm_radial,none,4,0,0,7944,0.05,no_leakage_v1_alpha005,gate_all_sources_proxy_source_only_final_training_only,mmd,,,,,moe,coral,near_nearest_proxy,final,0.0,1,1train,train,True,0.31337908789933566,0.0,direct,0.06946372654781502,0.03673649332410855,0.11196720549149851
3,bnci004,MMP_moe,CSP,svm_radial,none,4,0,0,7944,0.05,no_leakage_v1_alpha005,gate_all_sources_proxy_source_only_final_training_only,mmd,,,,,moe,coral,near_nearest_proxy,main,1.0,2,2train,near,False,0.1927532531373582,0.0,direct,0.11293505836690261,0.08107777475530177,0.15152645895463748
3,bnci004,MMP_moe,CSP,svm_radial,none,4,0,0,7944,0.05,no_leakage_v1_alpha005,gate_all_sources_proxy_source_only_final_training_only,mmd,,,,,moe,coral,near_nearest_proxy,anchor,1.0,2,2train,proxy_source,False,0.2807273267393565,0.0,direct,0.11293505836690261,0.08107777475530177,0.15152645895463748
3,bnci004,MMP_moe,CSP,svm_radial,none,4,0,0,7944,0.05,no_leakage_v1_alpha005,gate_all_sources_proxy_source_only_final_training_only,mmd,,,,,moe,coral,near_nearest_proxy,final,1.0,2,2train,train,False,0.1927532531373582,0.0,direct,0.11293505836690261,0.08107777475530177,0.15152645895463748
3,bnci004,MMP_moe,CSP,svm_radial,none,4,0,0,7944,0.05,no_leakage_v1_alpha005,gate_all_sources_proxy_source_only_final_training_only,mmd,,,,,moe,coral,near_nearest_proxy,main,2.0,3,3test,near,False,0.21091748562413598,0.0,direct,0.10320899504765559,0.0672324743799613,0.13432883112520533
3,bnci004,MMP_moe,CSP,svm_radial,none,4,0,0,7944,0.05,no_leakage_v1_alpha005,gate_all_sources_proxy_source_only_final_training_only,mmd,,,,,moe,coral,near_nearest_proxy,anchor,2.0,3,3test,proxy_source,False,0.307181855237776,0.0,direct,0.10320899504765559,0.0672324743799613,0.13432883112520533
3,bnci004,MMP_moe,CSP,svm_radial,none,4,0,0,7944,0.05,no_leakage_v1_alpha005,gate_all_sources_proxy_source_only_final_training_only,mmd,,,,,moe,coral,near_nearest_proxy,final,2.0,3,3test,train,False,0.21091748562413598,0.0,direct,0.10320899504765559,0.0672324743799613,0.13432883112520533
3,bnci004,MMP_moe,CSP,svm_radial,none,4,0,0,7944,0.05,no_leakage_v1_alpha005,gate_all_sources_proxy_source_only_final_training_only,mmd,,,,,moe,coral,near_nearest_proxy,main,3.0,4,4test,near,False,0.2829501733391701,0.0,direct,0.07693407443318284,0.04244647824424635,0.13276269457824288
3,bnci004,MMP_moe,CSP,svm_radial,none,4,0,0,7944,0.05,no_leakage_v1_alpha005,gate_all_sources_proxy_source_only_final_training_only,mmd,,,,,moe,coral,near_nearest_proxy,anchor,3.0,4,4test,proxy_source,False,0.41209081802286746,0.0,direct,0.07693407443318284,0.04244647824424635,0.13276269457824288
3,bnci004,MMP_moe,CSP,svm_radial,none,4,0,0,7944,0.05,no_leakage_v1_alpha005,gate_all_sources_proxy_source_only_final_training_only,mmd,,,,,moe,coral,near_nearest_proxy,final,3.0,4,4test,train,False,0.2829501733391701,0.0,direct,0.07693407443318284,0.04244647824424635,0.13276269457824288
3,bnci004,MMP_moe,CSP,svm_radial,none,4,0,0,7944,0.05,no_leakage_v1_alpha005,gate_all_sources_proxy_source_only_final_training_only,mmd,,,,,moe,coral,near_nearest_proxy,main,,0,0train,target,False,,,,,,
3,bnci004,MMP_moe,CSP,svm_radial,none,4,0,0,7944,0.05,no_leakage_v1_alpha005,gate_all_sources_proxy_source_only_final_training_only,mmd,,,,,moe,coral,near_nearest_proxy,final,,0,0train,target,False,,,,,,
3,bnci004,MMP_moe,CSP,svm_radial,none,4,1,1,7975,0.05,no_leakage_v1_alpha005,gate_all_sources_proxy_source_only_final_training_only,mmd,,,,,moe,coral,near_nearest_proxy,main,0.0,0,0train,nearest,True,0.601228558177834,1.0,direct,0.06079390608665495,0.03085294396960543,0.10079089112809607
3,bnci004,MMP_moe,CSP,svm_radial,none,4,1,1,7975,0.05,no_leakage_v1_alpha005,gate_all_sources_proxy_source_only_final_training_only,mmd,,,,,moe,coral,near_nearest_proxy,anchor,0.0,0,0train,target,False,,1.0,direct,0.06079390608665495,0.03085294396960543,0.10079089112809607
3,bnci004,MMP_moe,CSP,svm_radial,none,4,1,1,7975,0.05,no_leakage_v1_alpha005,gate_all_sources_proxy_source_only_final_training_only,mmd,,,,,moe,coral,near_nearest_proxy,final,0.0,0,0train,train,True,0.601228558177834,1.0,direct,0.06079390608665495,0.03085294396960543,0.10079089112809607
3,bnci004,MMP_moe,CSP,svm_radial,none,4,1,1,7975,0.05,no_leakage_v1_alpha005,gate_all_sources_proxy_source_only_final_training_only,mmd,,,,,moe,coral,near_nearest_proxy,main,1.0,2,2train,far,False,,1.0,direct,0.1633595192302189,0.10643672972886234,0.2255094655535198
3,bnci004,MMP_moe,CSP,svm_radial,none,4,1,1,7975,0.05,no_leakage_v1_alpha005,gate_all_sources_proxy_source_only_final_training_only,mmd,,,,,moe,coral,near_nearest_proxy,anchor,1.0,2,2train,not_used,False,,1.0,direct,0.1633595192302189,0.10643672972886234,0.2255094655535198
3,bnci004,MMP_moe,CSP,svm_radial,none,4,1,1,7975,0.05,no_leakage_v1_alpha005,gate_all_sources_proxy_source_only_final_training_only,mmd,,,,,moe,coral,near_nearest_proxy,final,1.0,2,2train,not_used,False,,1.0,direct,0.1633595192302189,0.10643672972886234,0.2255094655535198
3,bnci004,MMP_moe,CSP,svm_radial,none,4,1,1,7975,0.05,no_leakage_v1_alpha005,gate_all_sources_proxy_source_only_final_training_only,mmd,,,,,moe,coral,near_nearest_proxy,main,2.0,3,3test,far,False,,1.0,direct,0.15535226237250355,0.1110387617207778,0.21398727994942207
3,bnci004,MMP_moe,CSP,svm_radial,none,4,1,1,7975,0.05,no_leakage_v1_alpha005,gate_all_sources_proxy_source_only_final_training_only,mmd,,,,,moe,coral,near_nearest_proxy,anchor,2.0,3,3test,not_used,False,,1.0,direct,0.15535226237250355,0.1110387617207778,0.21398727994942207
3,bnci004,MMP_moe,CSP,svm_radial,none,4,1,1,7975,0.05,no_leakage_v1_alpha005,gate_all_sources_proxy_source_only_final_training_only,mmd,,,,,moe,coral,near_nearest_proxy,final,2.0,3,3test,not_used,False,,1.0,direct,0.15535226237250355,0.1110387617207778,0.21398727994942207
3,bnci004,MMP_moe,CSP,svm_radial,none,4,1,1,7975,0.05,no_leakage_v1_alpha005,gate_all_sources_proxy_source_only_final_training_only,mmd,,,,,moe,coral,near_nearest_proxy,main,3.0,4,4test,near,False,0.3987714418221659,1.0,direct,0.09165961030854053,0.0533824364132135,0.1454131654479908
3,bnci004,MMP_moe,CSP,svm_radial,none,4,1,1,7975,0.05,no_leakage_v1_alpha005,gate_all_sources_proxy_source_only_final_training_only,mmd,,,,,moe,coral,near_nearest_proxy,anchor,3.0,4,4test,proxy_source,False,1.0,1.0,direct,0.09165961030854053,0.0533824364132135,0.1454131654479908
3,bnci004,MMP_moe,CSP,svm_radial,none,4,1,1,7975,0.05,no_leakage_v1_alpha005,gate_all_sources_proxy_source_only_final_training_only,mmd,,,,,moe,coral,near_nearest_proxy,final,3.0,4,4test,train,False,0.3987714418221659,1.0,direct,0.09165961030854053,0.0533824364132135,0.1454131654479908
3,bnci004,MMP_moe,CSP,svm_radial,none,4,1,1,7975,0.05,no_leakage_v1_alpha005,gate_all_sources_proxy_source_only_final_training_only,mmd,,,,,moe,coral,near_nearest_proxy,main,,1,1train,target,False,,,,,,
3,bnci004,MMP_moe,CSP,svm_radial,none,4,1,1,7975,0.05,no_leakage_v1_alpha005,gate_all_sources_proxy_source_only_final_training_only,mmd,,,,,moe,coral,near_nearest_proxy,final,,1,1train,target,False,,,,,,
3,bnci004,MMP_moe,CSP,svm_radial,none,4,2,2,8006,0.05,no_leakage_v1_alpha005,gate_all_sources_proxy_source_only_final_training_only,mmd,,,,,moe,coral,near_nearest_proxy,main,0.0,0,0train,near,False,0.221076810347232,2.0,direct,0.08923305666564656,0.05902764888464428,0.12242202647969808
3,bnci004,MMP_moe,CSP,svm_radial,none,4,2,2,8006,0.05,no_leakage_v1_alpha005,gate_all_sources_proxy_source_only_final_training_only,mmd,,,,,moe,coral,near_nearest_proxy,anchor,0.0,0,0train,proxy_source,False,0.46532449672701953,2.0,direct,0.08923305666564656,0.05902764888464428,0.12242202647969808
3,bnci004,MMP_moe,CSP,svm_radial,none,4,2,2,8006,0.05,no_leakage_v1_alpha005,gate_all_sources_proxy_source_only_final_training_only,mmd,,,,,moe,coral,near_nearest_proxy,final,0.0,0,0train,train,False,0.221076810347232,2.0,direct,0.08923305666564656,0.05902764888464428,0.12242202647969808
3,bnci004,MMP_moe,CSP,svm_radial,none,4,2,2,8006,0.05,no_leakage_v1_alpha005,gate_all_sources_proxy_source_only_final_training_only,mmd,,,,,moe,coral,near_nearest_proxy,main,1.0,1,1train,far,False,,2.0,direct,0.1436105300505762,0.10713998758607313,0.18834034025234717
3,bnci004,MMP_moe,CSP,svm_radial,none,4,2,2,8006,0.05,no_leakage_v1_alpha005,gate_all_sources_proxy_source_only_final_training_only,mmd,,,,,moe,coral,near_nearest_proxy,anchor,1.0,1,1train,not_used,False,,2.0,direct,0.1436105300505762,0.10713998758607313,0.18834034025234717
3,bnci004,MMP_moe,CSP,svm_radial,none,4,2,2,8006,0.05,no_leakage_v1_alpha005,gate_all_sources_proxy_source_only_final_training_only,mmd,,,,,moe,coral,near_nearest_proxy,final,1.0,1,1train,not_used,False,,2.0,direct,0.1436105300505762,0.10713998758607313,0.18834034025234717
3,bnci004,MMP_moe,CSP,svm_radial,none,4,2,2,8006,0.05,no_leakage_v1_alpha005,gate_all_sources_proxy_source_only_final_training_only,mmd,,,,,moe,coral,near_nearest_proxy,main,2.0,3,3test,nearest,True,0.5248975459013375,2.0,direct,0.0375826785217003,0.01726777971199461,0.0602782242858922
3,bnci004,MMP_moe,CSP,svm_radial,none,4,2,2,8006,0.05,no_leakage_v1_alpha005,gate_all_sources_proxy_source_only_final_training_only,mmd,,,,,moe,coral,near_nearest_proxy,anchor,2.0,3,3test,target,False,,2.0,direct,0.0375826785217003,0.01726777971199461,0.0602782242858922
3,bnci004,MMP_moe,CSP,svm_radial,none,4,2,2,8006,0.05,no_leakage_v1_alpha005,gate_all_sources_proxy_source_only_final_training_only,mmd,,,,,moe,coral,near_nearest_proxy,final,2.0,3,3test,train,True,0.5248975459013375,2.0,direct,0.0375826785217003,0.01726777971199461,0.0602782242858922
3,bnci004,MMP_moe,CSP,svm_radial,none,4,2,2,8006,0.05,no_leakage_v1_alpha005,gate_all_sources_proxy_source_only_final_training_only,mmd,,,,,moe,coral,near_nearest_proxy,main,3.0,4,4test,near,False,0.2540256437514305,2.0,direct,0.07765879973773497,0.044576137584228945,0.11602634451863839
3,bnci004,MMP_moe,CSP,svm_radial,none,4,2,2,8006,0.05,no_leakage_v1_alpha005,gate_all_sources_proxy_source_only_final_training_only,mmd,,,,,moe,coral,near_nearest_proxy,anchor,3.0,4,4test,proxy_source,False,0.5346755032729805,2.0,direct,0.07765879973773497,0.044576137584228945,0.11602634451863839
3,bnci004,MMP_moe,CSP,svm_radial,none,4,2,2,8006,0.05,no_leakage_v1_alpha005,gate_all_sources_proxy_source_only_final_training_only,mmd,,,,,moe,coral,near_nearest_proxy,final,3.0,4,4test,train,False,0.2540256437514305,2.0,direct,0.07765879973773497,0.044576137584228945,0.11602634451863839
3,bnci004,MMP_moe,CSP,svm_radial,none,4,2,2,8006,0.05,no_leakage_v1_alpha005,gate_all_sources_proxy_source_only_final_training_only,mmd,,,,,moe,coral,near_nearest_proxy,main,,2,2train,target,False,,,,,,
3,bnci004,MMP_moe,CSP,svm_radial,none,4,2,2,8006,0.05,no_leakage_v1_alpha005,gate_all_sources_proxy_source_only_final_training_only,mmd,,,,,moe,coral,near_nearest_proxy,final,,2,2train,target,False,,,,,,
3,bnci004,MMP_moe,CSP,svm_radial,none,4,3,3,8037,0.05,no_leakage_v1_alpha005,gate_all_sources_proxy_source_only_final_training_only,mmd,,,,,moe,coral,near_nearest_proxy,main,0.0,0,0train,far,False,,3.0,direct,0.11275975990481872,0.08642207427916243,0.14753867641985388
3,bnci004,MMP_moe,CSP,svm_radial,none,4,3,3,8037,0.05,no_leakage_v1_alpha005,gate_all_sources_proxy_source_only_final_training_only,mmd,,,,,moe,coral,near_nearest_proxy,anchor,0.0,0,0train,not_used,False,,3.0,direct,0.11275975990481872,0.08642207427916243,0.14753867641985388
3,bnci004,MMP_moe,CSP,svm_radial,none,4,3,3,8037,0.05,no_leakage_v1_alpha005,gate_all_sources_proxy_source_only_final_training_only,mmd,,,,,moe,coral,near_nearest_proxy,final,0.0,0,0train,not_used,False,,3.0,direct,0.11275975990481872,0.08642207427916243,0.14753867641985388
3,bnci004,MMP_moe,CSP,svm_radial,none,4,3,3,8037,0.05,no_leakage_v1_alpha005,gate_all_sources_proxy_source_only_final_training_only,mmd,,,,,moe,coral,near_nearest_proxy,main,1.0,1,1train,far,False,,3.0,direct,0.1337963097198271,0.10299700809337022,0.1711819008266727
3,bnci004,MMP_moe,CSP,svm_radial,none,4,3,3,8037,0.05,no_leakage_v1_alpha005,gate_all_sources_proxy_source_only_final_training_only,mmd,,,,,moe,coral,near_nearest_proxy,anchor,1.0,1,1train,not_used,False,,3.0,direct,0.1337963097198271,0.10299700809337022,0.1711819008266727
3,bnci004,MMP_moe,CSP,svm_radial,none,4,3,3,8037,0.05,no_leakage_v1_alpha005,gate_all_sources_proxy_source_only_final_training_only,mmd,,,,,moe,coral,near_nearest_proxy,final,1.0,1,1train,not_used,False,,3.0,direct,0.1337963097198271,0.10299700809337022,0.1711819008266727
3,bnci004,MMP_moe,CSP,svm_radial,none,4,3,3,8037,0.05,no_leakage_v1_alpha005,gate_all_sources_proxy_source_only_final_training_only,mmd,,,,,moe,coral,near_nearest_proxy,main,2.0,2,2train,nearest,True,0.7171262261547664,3.0,direct,0.03802161008402702,0.018658173185986403,0.0664058319945231
3,bnci004,MMP_moe,CSP,svm_radial,none,4,3,3,8037,0.05,no_leakage_v1_alpha005,gate_all_sources_proxy_source_only_final_training_only,mmd,,,,,moe,coral,near_nearest_proxy,anchor,2.0,2,2train,target,False,,3.0,direct,0.03802161008402702,0.018658173185986403,0.0664058319945231
3,bnci004,MMP_moe,CSP,svm_radial,none,4,3,3,8037,0.05,no_leakage_v1_alpha005,gate_all_sources_proxy_source_only_final_training_only,mmd,,,,,moe,coral,near_nearest_proxy,final,2.0,2,2train,train,True,0.7171262261547664,3.0,direct,0.03802161008402702,0.018658173185986403,0.0664058319945231
3,bnci004,MMP_moe,CSP,svm_radial,none,4,3,3,8037,0.05,no_leakage_v1_alpha005,gate_all_sources_proxy_source_only_final_training_only,mmd,,,,,moe,coral,near_nearest_proxy,main,3.0,4,4test,near,False,0.28287377384523354,3.0,direct,0.09639185575138132,0.06330414565227381,0.13850586635659842
3,bnci004,MMP_moe,CSP,svm_radial,none,4,3,3,8037,0.05,no_leakage_v1_alpha005,gate_all_sources_proxy_source_only_final_training_only,mmd,,,,,moe,coral,near_nearest_proxy,anchor,3.0,4,4test,proxy_source,False,1.0,3.0,direct,0.09639185575138132,0.06330414565227381,0.13850586635659842
3,bnci004,MMP_moe,CSP,svm_radial,none,4,3,3,8037,0.05,no_leakage_v1_alpha005,gate_all_sources_proxy_source_only_final_training_only,mmd,,,,,moe,coral,near_nearest_proxy,final,3.0,4,4test,train,False,0.28287377384523354,3.0,direct,0.09639185575138132,0.06330414565227381,0.13850586635659842
3,bnci004,MMP_moe,CSP,svm_radial,none,4,3,3,8037,0.05,no_leakage_v1_alpha005,gate_all_sources_proxy_source_only_final_training_only,mmd,,,,,moe,coral,near_nearest_proxy,main,,3,3test,target,False,,,,,,
3,bnci004,MMP_moe,CSP,svm_radial,none,4,3,3,8037,0.05,no_leakage_v1_alpha005,gate_all_sources_proxy_source_only_final_training_only,mmd,,,,,moe,coral,near_nearest_proxy,final,,3,3test,target,False,,,,,,
3,bnci004,MMP_moe,CSP,svm_radial,none,4,4,4,8068,0.05,no_leakage_v1_alpha005,gate_all_sources_proxy_source_only_final_training_only,mmd,,,,,moe,coral,near_nearest_proxy,main,0.0,0,0train,nearest,True,0.3421926806744226,4.0,direct,0.06895688404264894,0.03758168310967445,0.11111962162700754
3,bnci004,MMP_moe,CSP,svm_radial,none,4,4,4,8068,0.05,no_leakage_v1_alpha005,gate_all_sources_proxy_source_only_final_training_only,mmd,,,,,moe,coral,near_nearest_proxy,anchor,0.0,0,0train,target,False,,4.0,direct,0.06895688404264894,0.03758168310967445,0.11111962162700754
3,bnci004,MMP_moe,CSP,svm_radial,none,4,4,4,8068,0.05,no_leakage_v1_alpha005,gate_all_sources_proxy_source_only_final_training_only,mmd,,,,,moe,coral,near_nearest_proxy,final,0.0,0,0train,train,True,0.3421926806744226,4.0,direct,0.06895688404264894,0.03758168310967445,0.11111962162700754
3,bnci004,MMP_moe,CSP,svm_radial,none,4,4,4,8068,0.05,no_leakage_v1_alpha005,gate_all_sources_proxy_source_only_final_training_only,mmd,,,,,moe,coral,near_nearest_proxy,main,1.0,1,1train,near,False,0.20846170994635807,4.0,direct,0.11319428751952597,0.07255520594003333,0.15956067011505595
3,bnci004,MMP_moe,CSP,svm_radial,none,4,4,4,8068,0.05,no_leakage_v1_alpha005,gate_all_sources_proxy_source_only_final_training_only,mmd,,,,,moe,coral,near_nearest_proxy,anchor,1.0,1,1train,proxy_source,False,0.31690390760638726,4.0,direct,0.11319428751952597,0.07255520594003333,0.15956067011505595
3,bnci004,MMP_moe,CSP,svm_radial,none,4,4,4,8068,0.05,no_leakage_v1_alpha005,gate_all_sources_proxy_source_only_final_training_only,mmd,,,,,moe,coral,near_nearest_proxy,final,1.0,1,1train,train,False,0.20846170994635807,4.0,direct,0.11319428751952597,0.07255520594003333,0.15956067011505595
3,bnci004,MMP_moe,CSP,svm_radial,none,4,4,4,8068,0.05,no_leakage_v1_alpha005,gate_all_sources_proxy_source_only_final_training_only,mmd,,,,,moe,coral,near_nearest_proxy,main,2.0,2,2train,near,False,0.23744738665079557,4.0,direct,0.09937631270503737,0.057835678138566375,0.15285735610778187
3,bnci004,MMP_moe,CSP,svm_radial,none,4,4,4,8068,0.05,no_leakage_v1_alpha005,gate_all_sources_proxy_source_only_final_training_only,mmd,,,,,moe,coral,near_nearest_proxy,anchor,2.0,2,2train,proxy_source,False,0.36096799119572054,4.0,direct,0.09937631270503737,0.057835678138566375,0.15285735610778187
3,bnci004,MMP_moe,CSP,svm_radial,none,4,4,4,8068,0.05,no_leakage_v1_alpha005,gate_all_sources_proxy_source_only_final_training_only,mmd,,,,,moe,coral,near_nearest_proxy,final,2.0,2,2train,train,False,0.23744738665079557,4.0,direct,0.09937631270503737,0.057835678138566375,0.15285735610778187
3,bnci004,MMP_moe,CSP,svm_radial,none,4,4,4,8068,0.05,no_leakage_v1_alpha005,gate_all_sources_proxy_source_only_final_training_only,mmd,,,,,moe,coral,near_nearest_proxy,main,3.0,3,3test,near,False,0.21189822272842382,4.0,direct,0.11135851444214151,0.0683367071844181,0.16848408025839612
3,bnci004,MMP_moe,CSP,svm_radial,none,4,4,4,8068,0.05,no_leakage_v1_alpha005,gate_all_sources_proxy_source_only_final_training_only,mmd,,,,,moe,coral,near_nearest_proxy,anchor,3.0,3,3test,proxy_source,False,0.32212810119789226,4.0,direct,0.11135851444214151,0.0683367071844181,0.16848408025839612
3,bnci004,MMP_moe,CSP,svm_radial,none,4,4,4,8068,0.05,no_leakage_v1_alpha005,gate_all_sources_proxy_source_only_final_training_only,mmd,,,,,moe,coral,near_nearest_proxy,final,3.0,3,3test,train,False,0.21189822272842382,4.0,direct,0.11135851444214151,0.0683367071844181,0.16848408025839612
3,bnci004,MMP_moe,CSP,svm_radial,none,4,4,4,8068,0.05,no_leakage_v1_alpha005,gate_all_sources_proxy_source_only_final_training_only,mmd,,,,,moe,coral,near_nearest_proxy,main,,4,4test,target,False,,,,,,
3,bnci004,MMP_moe,CSP,svm_radial,none,4,4,4,8068,0.05,no_leakage_v1_alpha005,gate_all_sources_proxy_source_only_final_training_only,mmd,,,,,moe,coral,near_nearest_proxy,final,,4,4test,target,False,,,,,,
3,bnci004,MMP_moe,CSP,svm_radial,sa,5,0,0,8941,0.05,no_leakage_v1_alpha005,gate_all_sources_proxy_source_only_final_training_only,mmd,,,,,moe,coral,near_nearest_proxy,main,0.0,1,1train,nearest,True,0.32277926066855517,0.0,direct,0.06627262471031456,0.036840884725644604,0.10471659055698612
3,bnci004,MMP_moe,CSP,svm_radial,sa,5,0,0,8941,0.05,no_leakage_v1_alpha005,gate_all_sources_proxy_source_only_final_training_only,mmd,,,,,moe,coral,near_nearest_proxy,anchor,0.0,1,1train,target,False,,0.0,direct,0.06627262471031456,0.036840884725644604,0.10471659055698612
3,bnci004,MMP_moe,CSP,svm_radial,sa,5,0,0,8941,0.05,no_leakage_v1_alpha005,gate_all_sources_proxy_source_only_final_training_only,mmd,,,,,moe,coral,near_nearest_proxy,final,0.0,1,1train,train,True,0.32277926066855517,0.0,direct,0.06627262471031456,0.036840884725644604,0.10471659055698612
3,bnci004,MMP_moe,CSP,svm_radial,sa,5,0,0,8941,0.05,no_leakage_v1_alpha005,gate_all_sources_proxy_source_only_final_training_only,mmd,,,,,moe,coral,near_nearest_proxy,main,1.0,2,2train,near,False,0.19138804109727628,0.0,direct,0.11177062096009906,0.07404251604892406,0.14630143973902113
3,bnci004,MMP_moe,CSP,svm_radial,sa,5,0,0,8941,0.05,no_leakage_v1_alpha005,gate_all_sources_proxy_source_only_final_training_only,mmd,,,,,moe,coral,near_nearest_proxy,anchor,1.0,2,2train,proxy_source,False,0.28260806260336224,0.0,direct,0.11177062096009906,0.07404251604892406,0.14630143973902113
3,bnci004,MMP_moe,CSP,svm_radial,sa,5,0,0,8941,0.05,no_leakage_v1_alpha005,gate_all_sources_proxy_source_only_final_training_only,mmd,,,,,moe,coral,near_nearest_proxy,final,1.0,2,2train,train,False,0.19138804109727628,0.0,direct,0.11177062096009906,0.07404251604892406,0.14630143973902113
3,bnci004,MMP_moe,CSP,svm_radial,sa,5,0,0,8941,0.05,no_leakage_v1_alpha005,gate_all_sources_proxy_source_only_final_training_only,mmd,,,,,moe,coral,near_nearest_proxy,main,2.0,3,3test,near,False,0.2071467377409707,0.0,direct,0.10326759027135736,0.07418586502819167,0.14150422838061658
3,bnci004,MMP_moe,CSP,svm_radial,sa,5,0,0,8941,0.05,no_leakage_v1_alpha005,gate_all_sources_proxy_source_only_final_training_only,mmd,,,,,moe,coral,near_nearest_proxy,anchor,2.0,3,3test,proxy_source,False,0.3058777230382324,0.0,direct,0.10326759027135736,0.07418586502819167,0.14150422838061658
3,bnci004,MMP_moe,CSP,svm_radial,sa,5,0,0,8941,0.05,no_leakage_v1_alpha005,gate_all_sources_proxy_source_only_final_training_only,mmd,,,,,moe,coral,near_nearest_proxy,final,2.0,3,3test,train,False,0.2071467377409707,0.0,direct,0.10326759027135736,0.07418586502819167,0.14150422838061658
3,bnci004,MMP_moe,CSP,svm_radial,sa,5,0,0,8941,0.05,no_leakage_v1_alpha005,gate_all_sources_proxy_source_only_final_training_only,mmd,,,,,moe,coral,near_nearest_proxy,main,3.0,4,4test,near,False,0.278685960493198,0.0,direct,0.07675834427397443,0.045050543921501,0.11589150742343561
3,bnci004,MMP_moe,CSP,svm_radial,sa,5,0,0,8941,0.05,no_leakage_v1_alpha005,gate_all_sources_proxy_source_only_final_training_only,mmd,,,,,moe,coral,near_nearest_proxy,anchor,3.0,4,4test,proxy_source,False,0.41151421435840535,0.0,direct,0.07675834427397443,0.045050543921501,0.11589150742343561
3,bnci004,MMP_moe,CSP,svm_radial,sa,5,0,0,8941,0.05,no_leakage_v1_alpha005,gate_all_sources_proxy_source_only_final_training_only,mmd,,,,,moe,coral,near_nearest_proxy,final,3.0,4,4test,train,False,0.278685960493198,0.0,direct,0.07675834427397443,0.045050543921501,0.11589150742343561
3,bnci004,MMP_moe,CSP,svm_radial,sa,5,0,0,8941,0.05,no_leakage_v1_alpha005,gate_all_sources_proxy_source_only_final_training_only,mmd,,,,,moe,coral,near_nearest_proxy,main,,0,0train,target,False,,,,,,
3,bnci004,MMP_moe,CSP,svm_radial,sa,5,0,0,8941,0.05,no_leakage_v1_alpha005,gate_all_sources_proxy_source_only_final_training_only,mmd,,,,,moe,coral,near_nearest_proxy,final,,0,0train,target,False,,,,,,
3,bnci004,MMP_moe,CSP,svm_radial,sa,5,1,1,8972,0.05,no_leakage_v1_alpha005,gate_all_sources_proxy_source_only_final_training_only,mmd,,,,,moe,coral,near_nearest_proxy,main,0.0,0,0train,nearest,True,0.6138217601013145,1.0,direct,0.06012932166180287,0.03375317528893377,0.10254958419037896
3,bnci004,MMP_moe,CSP,svm_radial,sa,5,1,1,8972,0.05,no_leakage_v1_alpha005,gate_all_sources_proxy_source_only_final_training_only,mmd,,,,,moe,coral,near_nearest_proxy,anchor,0.0,0,0train,target,False,,1.0,direct,0.06012932166180287,0.03375317528893377,0.10254958419037896
3,bnci004,MMP_moe,CSP,svm_radial,sa,5,1,1,8972,0.05,no_leakage_v1_alpha005,gate_all_sources_proxy_source_only_final_training_only,mmd,,,,,moe,coral,near_nearest_proxy,final,0.0,0,0train,train,True,0.6138217601013145,1.0,direct,0.06012932166180287,0.03375317528893377,0.10254958419037896
3,bnci004,MMP_moe,CSP,svm_radial,sa,5,1,1,8972,0.05,no_leakage_v1_alpha005,gate_all_sources_proxy_source_only_final_training_only,mmd,,,,,moe,coral,near_nearest_proxy,main,1.0,2,2train,far,False,,1.0,direct,0.16124839955196002,0.10767821646868642,0.21313981499667162
3,bnci004,MMP_moe,CSP,svm_radial,sa,5,1,1,8972,0.05,no_leakage_v1_alpha005,gate_all_sources_proxy_source_only_final_training_only,mmd,,,,,moe,coral,near_nearest_proxy,anchor,1.0,2,2train,not_used,False,,1.0,direct,0.16124839955196002,0.10767821646868642,0.21313981499667162
3,bnci004,MMP_moe,CSP,svm_radial,sa,5,1,1,8972,0.05,no_leakage_v1_alpha005,gate_all_sources_proxy_source_only_final_training_only,mmd,,,,,moe,coral,near_nearest_proxy,final,1.0,2,2train,not_used,False,,1.0,direct,0.16124839955196002,0.10767821646868642,0.21313981499667162
3,bnci004,MMP_moe,CSP,svm_radial,sa,5,1,1,8972,0.05,no_leakage_v1_alpha005,gate_all_sources_proxy_source_only_final_training_only,mmd,,,,,moe,coral,near_nearest_proxy,main,2.0,3,3test,far,False,,1.0,direct,0.15703928262833575,0.10888186394261352,0.20824246200178662
3,bnci004,MMP_moe,CSP,svm_radial,sa,5,1,1,8972,0.05,no_leakage_v1_alpha005,gate_all_sources_proxy_source_only_final_training_only,mmd,,,,,moe,coral,near_nearest_proxy,anchor,2.0,3,3test,not_used,False,,1.0,direct,0.15703928262833575,0.10888186394261352,0.20824246200178662
3,bnci004,MMP_moe,CSP,svm_radial,sa,5,1,1,8972,0.05,no_leakage_v1_alpha005,gate_all_sources_proxy_source_only_final_training_only,mmd,,,,,moe,coral,near_nearest_proxy,final,2.0,3,3test,not_used,False,,1.0,direct,0.15703928262833575,0.10888186394261352,0.20824246200178662
3,bnci004,MMP_moe,CSP,svm_radial,sa,5,1,1,8972,0.05,no_leakage_v1_alpha005,gate_all_sources_proxy_source_only_final_training_only,mmd,,,,,moe,coral,near_nearest_proxy,main,3.0,4,4test,near,False,0.3861782398986855,1.0,direct,0.0955748146486691,0.049741485232333175,0.14712826432154472
3,bnci004,MMP_moe,CSP,svm_radial,sa,5,1,1,8972,0.05,no_leakage_v1_alpha005,gate_all_sources_proxy_source_only_final_training_only,mmd,,,,,moe,coral,near_nearest_proxy,anchor,3.0,4,4test,proxy_source,False,1.0,1.0,direct,0.0955748146486691,0.049741485232333175,0.14712826432154472
3,bnci004,MMP_moe,CSP,svm_radial,sa,5,1,1,8972,0.05,no_leakage_v1_alpha005,gate_all_sources_proxy_source_only_final_training_only,mmd,,,,,moe,coral,near_nearest_proxy,final,3.0,4,4test,train,False,0.3861782398986855,1.0,direct,0.0955748146486691,0.049741485232333175,0.14712826432154472
3,bnci004,MMP_moe,CSP,svm_radial,sa,5,1,1,8972,0.05,no_leakage_v1_alpha005,gate_all_sources_proxy_source_only_final_training_only,mmd,,,,,moe,coral,near_nearest_proxy,main,,1,1train,target,False,,,,,,
3,bnci004,MMP_moe,CSP,svm_radial,sa,5,1,1,8972,0.05,no_leakage_v1_alpha005,gate_all_sources_proxy_source_only_final_training_only,mmd,,,,,moe,coral,near_nearest_proxy,final,,1,1train,target,False,,,,,,
3,bnci004,MMP_moe,CSP,svm_radial,sa,5,2,2,9003,0.05,no_leakage_v1_alpha005,gate_all_sources_proxy_source_only_final_training_only,mmd,,,,,moe,coral,near_nearest_proxy,main,0.0,0,0train,near,False,0.21727925307558005,2.0,direct,0.08839694592572257,0.057779195424439676,0.1224597029135025
3,bnci004,MMP_moe,CSP,svm_radial,sa,5,2,2,9003,0.05,no_leakage_v1_alpha005,gate_all_sources_proxy_source_only_final_training_only,mmd,,,,,moe,coral,near_nearest_proxy,anchor,0.0,0,0train,proxy_source,False,0.4600280930862841,2.0,direct,0.08839694592572257,0.057779195424439676,0.1224597029135025
3,bnci004,MMP_moe,CSP,svm_radial,sa,5,2,2,9003,0.05,no_leakage_v1_alpha005,gate_all_sources_proxy_source_only_final_training_only,mmd,,,,,moe,coral,near_nearest_proxy,final,0.0,0,0train,train,False,0.21727925307558005,2.0,direct,0.08839694592572257,0.057779195424439676,0.1224597029135025
3,bnci004,MMP_moe,CSP,svm_radial,sa,5,2,2,9003,0.05,no_leakage_v1_alpha005,gate_all_sources_proxy_source_only_final_training_only,mmd,,,,,moe,coral,near_nearest_proxy,main,1.0,1,1train,far,False,,2.0,direct,0.1440120727804797,0.10298415535844813,0.1909175655910956
3,bnci004,MMP_moe,CSP,svm_radial,sa,5,2,2,9003,0.05,no_leakage_v1_alpha005,gate_all_sources_proxy_source_only_final_training_only,mmd,,,,,moe,coral,near_nearest_proxy,anchor,1.0,1,1train,not_used,False,,2.0,direct,0.1440120727804797,0.10298415535844813,0.1909175655910956
3,bnci004,MMP_moe,CSP,svm_radial,sa,5,2,2,9003,0.05,no_leakage_v1_alpha005,gate_all_sources_proxy_source_only_final_training_only,mmd,,,,,moe,coral,near_nearest_proxy,final,1.0,1,1train,not_used,False,,2.0,direct,0.1440120727804797,0.10298415535844813,0.1909175655910956
3,bnci004,MMP_moe,CSP,svm_radial,sa,5,2,2,9003,0.05,no_leakage_v1_alpha005,gate_all_sources_proxy_source_only_final_training_only,mmd,,,,,moe,coral,near_nearest_proxy,main,2.0,3,3test,nearest,True,0.527682642992791,2.0,direct,0.0363978467674858,0.017364943058662635,0.06175960394975608
3,bnci004,MMP_moe,CSP,svm_radial,sa,5,2,2,9003,0.05,no_leakage_v1_alpha005,gate_all_sources_proxy_source_only_final_training_only,mmd,,,,,moe,coral,near_nearest_proxy,anchor,2.0,3,3test,target,False,,2.0,direct,0.0363978467674858,0.017364943058662635,0.06175960394975608
3,bnci004,MMP_moe,CSP,svm_radial,sa,5,2,2,9003,0.05,no_leakage_v1_alpha005,gate_all_sources_proxy_source_only_final_training_only,mmd,,,,,moe,coral,near_nearest_proxy,final,2.0,3,3test,train,True,0.527682642992791,2.0,direct,0.0363978467674858,0.017364943058662635,0.06175960394975608
3,bnci004,MMP_moe,CSP,svm_radial,sa,5,2,2,9003,0.05,no_leakage_v1_alpha005,gate_all_sources_proxy_source_only_final_training_only,mmd,,,,,moe,coral,near_nearest_proxy,main,3.0,4,4test,near,False,0.255038103931629,2.0,direct,0.0753094707416801,0.04745086965862481,0.10882076634662761
3,bnci004,MMP_moe,CSP,svm_radial,sa,5,2,2,9003,0.05,no_leakage_v1_alpha005,gate_all_sources_proxy_source_only_final_training_only,mmd,,,,,moe,coral,near_nearest_proxy,anchor,3.0,4,4test,proxy_source,False,0.539971906913716,2.0,direct,0.0753094707416801,0.04745086965862481,0.10882076634662761
3,bnci004,MMP_moe,CSP,svm_radial,sa,5,2,2,9003,0.05,no_leakage_v1_alpha005,gate_all_sources_proxy_source_only_final_training_only,mmd,,,,,moe,coral,near_nearest_proxy,final,3.0,4,4test,train,False,0.255038103931629,2.0,direct,0.0753094707416801,0.04745086965862481,0.10882076634662761
3,bnci004,MMP_moe,CSP,svm_radial,sa,5,2,2,9003,0.05,no_leakage_v1_alpha005,gate_all_sources_proxy_source_only_final_training_only,mmd,,,,,moe,coral,near_nearest_proxy,main,,2,2train,target,False,,,,,,
3,bnci004,MMP_moe,CSP,svm_radial,sa,5,2,2,9003,0.05,no_leakage_v1_alpha005,gate_all_sources_proxy_source_only_final_training_only,mmd,,,,,moe,coral,near_nearest_proxy,final,,2,2train,target,False,,,,,,
3,bnci004,MMP_moe,CSP,svm_radial,sa,5,3,3,9034,0.05,no_leakage_v1_alpha005,gate_all_sources_proxy_source_only_final_training_only,mmd,,,,,moe,coral,near_nearest_proxy,main,0.0,0,0train,far,False,,3.0,direct,0.11380205055082322,0.08346933600621445,0.14448886720178372
3,bnci004,MMP_moe,CSP,svm_radial,sa,5,3,3,9034,0.05,no_leakage_v1_alpha005,gate_all_sources_proxy_source_only_final_training_only,mmd,,,,,moe,coral,near_nearest_proxy,anchor,0.0,0,0train,not_used,False,,3.0,direct,0.11380205055082322,0.08346933600621445,0.14448886720178372
3,bnci004,MMP_moe,CSP,svm_radial,sa,5,3,3,9034,0.05,no_leakage_v1_alpha005,gate_all_sources_proxy_source_only_final_training_only,mmd,,,,,moe,coral,near_nearest_proxy,final,0.0,0,0train,not_used,False,,3.0,direct,0.11380205055082322,0.08346933600621445,0.14448886720178372
3,bnci004,MMP_moe,CSP,svm_radial,sa,5,3,3,9034,0.05,no_leakage_v1_alpha005,gate_all_sources_proxy_source_only_final_training_only,mmd,,,,,moe,coral,near_nearest_proxy,main,1.0,1,1train,far,False,,3.0,direct,0.1339715113216777,0.10088263474717693,0.17661074797734533
3,bnci004,MMP_moe,CSP,svm_radial,sa,5,3,3,9034,0.05,no_leakage_v1_alpha005,gate_all_sources_proxy_source_only_final_training_only,mmd,,,,,moe,coral,near_nearest_proxy,anchor,1.0,1,1train,not_used,False,,3.0,direct,0.1339715113216777,0.10088263474717693,0.17661074797734533
3,bnci004,MMP_moe,CSP,svm_radial,sa,5,3,3,9034,0.05,no_leakage_v1_alpha005,gate_all_sources_proxy_source_only_final_training_only,mmd,,,,,moe,coral,near_nearest_proxy,final,1.0,1,1train,not_used,False,,3.0,direct,0.1339715113216777,0.10088263474717693,0.17661074797734533
3,bnci004,MMP_moe,CSP,svm_radial,sa,5,3,3,9034,0.05,no_leakage_v1_alpha005,gate_all_sources_proxy_source_only_final_training_only,mmd,,,,,moe,coral,near_nearest_proxy,main,2.0,2,2train,nearest,True,0.714610928941362,3.0,direct,0.038192369699193714,0.01799056584277719,0.06727525135971023
3,bnci004,MMP_moe,CSP,svm_radial,sa,5,3,3,9034,0.05,no_leakage_v1_alpha005,gate_all_sources_proxy_source_only_final_training_only,mmd,,,,,moe,coral,near_nearest_proxy,anchor,2.0,2,2train,target,False,,3.0,direct,0.038192369699193714,0.01799056584277719,0.06727525135971023
3,bnci004,MMP_moe,CSP,svm_radial,sa,5,3,3,9034,0.05,no_leakage_v1_alpha005,gate_all_sources_proxy_source_only_final_training_only,mmd,,,,,moe,coral,near_nearest_proxy,final,2.0,2,2train,train,True,0.714610928941362,3.0,direct,0.038192369699193714,0.01799056584277719,0.06727525135971023
3,bnci004,MMP_moe,CSP,svm_radial,sa,5,3,3,9034,0.05,no_leakage_v1_alpha005,gate_all_sources_proxy_source_only_final_training_only,mmd,,,,,moe,coral,near_nearest_proxy,main,3.0,4,4test,near,False,0.28538907105863803,3.0,direct,0.09563475542293208,0.0640723157084056,0.13645179522840178
3,bnci004,MMP_moe,CSP,svm_radial,sa,5,3,3,9034,0.05,no_leakage_v1_alpha005,gate_all_sources_proxy_source_only_final_training_only,mmd,,,,,moe,coral,near_nearest_proxy,anchor,3.0,4,4test,proxy_source,False,1.0,3.0,direct,0.09563475542293208,0.0640723157084056,0.13645179522840178
3,bnci004,MMP_moe,CSP,svm_radial,sa,5,3,3,9034,0.05,no_leakage_v1_alpha005,gate_all_sources_proxy_source_only_final_training_only,mmd,,,,,moe,coral,near_nearest_proxy,final,3.0,4,4test,train,False,0.28538907105863803,3.0,direct,0.09563475542293208,0.0640723157084056,0.13645179522840178
3,bnci004,MMP_moe,CSP,svm_radial,sa,5,3,3,9034,0.05,no_leakage_v1_alpha005,gate_all_sources_proxy_source_only_final_training_only,mmd,,,,,moe,coral,near_nearest_proxy,main,,3,3test,target,False,,,,,,
3,bnci004,MMP_moe,CSP,svm_radial,sa,5,3,3,9034,0.05,no_leakage_v1_alpha005,gate_all_sources_proxy_source_only_final_training_only,mmd,,,,,moe,coral,near_nearest_proxy,final,,3,3test,target,False,,,,,,
3,bnci004,MMP_moe,CSP,svm_radial,sa,5,4,4,9065,0.05,no_leakage_v1_alpha005,gate_all_sources_proxy_source_only_final_training_only,mmd,,,,,moe,coral,near_nearest_proxy,main,0.0,0,0train,nearest,True,0.35879874182902594,4.0,direct,0.06358308112107043,0.034333352044686724,0.10624524804683894
3,bnci004,MMP_moe,CSP,svm_radial,sa,5,4,4,9065,0.05,no_leakage_v1_alpha005,gate_all_sources_proxy_source_only_final_training_only,mmd,,,,,moe,coral,near_nearest_proxy,anchor,0.0,0,0train,target,False,,4.0,direct,0.06358308112107043,0.034333352044686724,0.10624524804683894
3,bnci004,MMP_moe,CSP,svm_radial,sa,5,4,4,9065,0.05,no_leakage_v1_alpha005,gate_all_sources_proxy_source_only_final_training_only,mmd,,,,,moe,coral,near_nearest_proxy,final,0.0,0,0train,train,True,0.35879874182902594,4.0,direct,0.06358308112107043,0.034333352044686724,0.10624524804683894
3,bnci004,MMP_moe,CSP,svm_radial,sa,5,4,4,9065,0.05,no_leakage_v1_alpha005,gate_all_sources_proxy_source_only_final_training_only,mmd,,,,,moe,coral,near_nearest_proxy,main,1.0,1,1train,near,False,0.20560067945152027,4.0,direct,0.11096112506425207,0.07147963461527707,0.15340005213933788
3,bnci004,MMP_moe,CSP,svm_radial,sa,5,4,4,9065,0.05,no_leakage_v1_alpha005,gate_all_sources_proxy_source_only_final_training_only,mmd,,,,,moe,coral,near_nearest_proxy,anchor,1.0,1,1train,proxy_source,False,0.3206492140049694,4.0,direct,0.11096112506425207,0.07147963461527707,0.15340005213933788
3,bnci004,MMP_moe,CSP,svm_radial,sa,5,4,4,9065,0.05,no_leakage_v1_alpha005,gate_all_sources_proxy_source_only_final_training_only,mmd,,,,,moe,coral,near_nearest_proxy,final,1.0,1,1train,train,False,0.20560067945152027,4.0,direct,0.11096112506425207,0.07147963461527707,0.15340005213933788
3,bnci004,MMP_moe,CSP,svm_radial,sa,5,4,4,9065,0.05,no_leakage_v1_alpha005,gate_all_sources_proxy_source_only_final_training_only,mmd,,,,,moe,coral,near_nearest_proxy,main,2.0,2,2train,near,False,0.23084827589929238,4.0,direct,0.0988253317874956,0.05528215431369459,0.14928097036231522
3,bnci004,MMP_moe,CSP,svm_radial,sa,5,4,4,9065,0.05,no_leakage_v1_alpha005,gate_all_sources_proxy_source_only_final_training_only,mmd,,,,,moe,coral,near_nearest_proxy,anchor,2.0,2,2train,proxy_source,False,0.3600246770534838,4.0,direct,0.0988253317874956,0.05528215431369459,0.14928097036231522
3,bnci004,MMP_moe,CSP,svm_radial,sa,5,4,4,9065,0.05,no_leakage_v1_alpha005,gate_all_sources_proxy_source_only_final_training_only,mmd,,,,,moe,coral,near_nearest_proxy,final,2.0,2,2train,train,False,0.23084827589929238,4.0,direct,0.0988253317874956,0.05528215431369459,0.14928097036231522
3,bnci004,MMP_moe,CSP,svm_radial,sa,5,4,4,9065,0.05,no_leakage_v1_alpha005,gate_all_sources_proxy_source_only_final_training_only,mmd,,,,,moe,coral,near_nearest_proxy,main,3.0,3,3test,near,False,0.20475230282016135,4.0,direct,0.11142088875224886,0.07135567392955301,0.17321030229887077
3,bnci004,MMP_moe,CSP,svm_radial,sa,5,4,4,9065,0.05,no_leakage_v1_alpha005,gate_all_sources_proxy_source_only_final_training_only,mmd,,,,,moe,coral,near_nearest_proxy,anchor,3.0,3,3test,proxy_source,False,0.3193261089415469,4.0,direct,0.11142088875224886,0.07135567392955301,0.17321030229887077
3,bnci004,MMP_moe,CSP,svm_radial,sa,5,4,4,9065,0.05,no_leakage_v1_alpha005,gate_all_sources_proxy_source_only_final_training_only,mmd,,,,,moe,coral,near_nearest_proxy,final,3.0,3,3test,train,False,0.20475230282016135,4.0,direct,0.11142088875224886,0.07135567392955301,0.17321030229887077
3,bnci004,MMP_moe,CSP,svm_radial,sa,5,4,4,9065,0.05,no_leakage_v1_alpha005,gate_all_sources_proxy_source_only_final_training_only,mmd,,,,,moe,coral,near_nearest_proxy,main,,4,4test,target,False,,,,,,
3,bnci004,MMP_moe,CSP,svm_radial,sa,5,4,4,9065,0.05,no_leakage_v1_alpha005,gate_all_sources_proxy_source_only_final_training_only,mmd,,,,,moe,coral,near_nearest_proxy,final,,4,4test,target,False,,,,,,
3,bnci004,MMP_moe,CSP,svm_radial,pt,6,0,0,9938,0.05,no_leakage_v1_alpha005,gate_all_sources_proxy_source_only_final_training_only,mmd,,,,,moe,coral,near_nearest_proxy,main,0.0,1,1train,nearest,True,0.3178847930363345,0.0,direct,0.06786531160091629,0.037807695896635046,0.11171292918436986
3,bnci004,MMP_moe,CSP,svm_radial,pt,6,0,0,9938,0.05,no_leakage_v1_alpha005,gate_all_sources_proxy_source_only_final_training_only,mmd,,,,,moe,coral,near_nearest_proxy,anchor,0.0,1,1train,target,False,,0.0,direct,0.06786531160091629,0.037807695896635046,0.11171292918436986
3,bnci004,MMP_moe,CSP,svm_radial,pt,6,0,0,9938,0.05,no_leakage_v1_alpha005,gate_all_sources_proxy_source_only_final_training_only,mmd,,,,,moe,coral,near_nearest_proxy,final,0.0,1,1train,train,True,0.3178847930363345,0.0,direct,0.06786531160091629,0.037807695896635046,0.11171292918436986
3,bnci004,MMP_moe,CSP,svm_radial,pt,6,0,0,9938,0.05,no_leakage_v1_alpha005,gate_all_sources_proxy_source_only_final_training_only,mmd,,,,,moe,coral,near_nearest_proxy,main,1.0,2,2train,near,False,0.18668630039232786,0.0,direct,0.11556006887360687,0.07673260514476257,0.15308327476456882
3,bnci004,MMP_moe,CSP,svm_radial,pt,6,0,0,9938,0.05,no_leakage_v1_alpha005,gate_all_sources_proxy_source_only_final_training_only,mmd,,,,,moe,coral,near_nearest_proxy,anchor,1.0,2,2train,proxy_source,False,0.2736873456074,0.0,direct,0.11556006887360687,0.07673260514476257,0.15308327476456882
3,bnci004,MMP_moe,CSP,svm_radial,pt,6,0,0,9938,0.05,no_leakage_v1_alpha005,gate_all_sources_proxy_source_only_final_training_only,mmd,,,,,moe,coral,near_nearest_proxy,final,1.0,2,2train,train,False,0.18668630039232786,0.0,direct,0.11556006887360687,0.07673260514476257,0.15308327476456882
3,bnci004,MMP_moe,CSP,svm_radial,pt,6,0,0,9938,0.05,no_leakage_v1_alpha005,gate_all_sources_proxy_source_only_final_training_only,mmd,,,,,moe,coral,near_nearest_proxy,main,2.0,3,3test,near,False,0.21094408656959504,0.0,direct,0.10227097532877527,0.07677980430874276,0.13679161472467866
3,bnci004,MMP_moe,CSP,svm_radial,pt,6,0,0,9938,0.05,no_leakage_v1_alpha005,gate_all_sources_proxy_source_only_final_training_only,mmd,,,,,moe,coral,near_nearest_proxy,anchor,2.0,3,3test,proxy_source,False,0.3092499396232219,0.0,direct,0.10227097532877527,0.07677980430874276,0.13679161472467866
3,bnci004,MMP_moe,CSP,svm_radial,pt,6,0,0,9938,0.05,no_leakage_v1_alpha005,gate_all_sources_proxy_source_only_final_training_only,mmd,,,,,moe,coral,near_nearest_proxy,final,2.0,3,3test,train,False,0.21094408656959504,0.0,direct,0.10227097532877527,0.07677980430874276,0.13679161472467866
3,bnci004,MMP_moe,CSP,svm_radial,pt,6,0,0,9938,0.05,no_leakage_v1_alpha005,gate_all_sources_proxy_source_only_final_training_only,mmd,,,,,moe,coral,near_nearest_proxy,main,3.0,4,4test,near,False,0.2844848200017425,0.0,direct,0.07583316372537739,0.0463577414780963,0.12038072299165709
3,bnci004,MMP_moe,CSP,svm_radial,pt,6,0,0,9938,0.05,no_leakage_v1_alpha005,gate_all_sources_proxy_source_only_final_training_only,mmd,,,,,moe,coral,near_nearest_proxy,anchor,3.0,4,4test,proxy_source,False,0.4170627147693782,0.0,direct,0.07583316372537739,0.0463577414780963,0.12038072299165709
3,bnci004,MMP_moe,CSP,svm_radial,pt,6,0,0,9938,0.05,no_leakage_v1_alpha005,gate_all_sources_proxy_source_only_final_training_only,mmd,,,,,moe,coral,near_nearest_proxy,final,3.0,4,4test,train,False,0.2844848200017425,0.0,direct,0.07583316372537739,0.0463577414780963,0.12038072299165709
3,bnci004,MMP_moe,CSP,svm_radial,pt,6,0,0,9938,0.05,no_leakage_v1_alpha005,gate_all_sources_proxy_source_only_final_training_only,mmd,,,,,moe,coral,near_nearest_proxy,main,,0,0train,target,False,,,,,,
3,bnci004,MMP_moe,CSP,svm_radial,pt,6,0,0,9938,0.05,no_leakage_v1_alpha005,gate_all_sources_proxy_source_only_final_training_only,mmd,,,,,moe,coral,near_nearest_proxy,final,,0,0train,target,False,,,,,,
3,bnci004,MMP_moe,CSP,svm_radial,pt,6,1,1,9969,0.05,no_leakage_v1_alpha005,gate_all_sources_proxy_source_only_final_training_only,mmd,,,,,moe,coral,near_nearest_proxy,main,0.0,0,0train,nearest,True,0.6138004534801789,1.0,direct,0.058343763257422306,0.02982494773041259,0.09900832461137317
3,bnci004,MMP_moe,CSP,svm_radial,pt,6,1,1,9969,0.05,no_leakage_v1_alpha005,gate_all_sources_proxy_source_only_final_training_only,mmd,,,,,moe,coral,near_nearest_proxy,anchor,0.0,0,0train,target,False,,1.0,direct,0.058343763257422306,0.02982494773041259,0.09900832461137317
3,bnci004,MMP_moe,CSP,svm_radial,pt,6,1,1,9969,0.05,no_leakage_v1_alpha005,gate_all_sources_proxy_source_only_final_training_only,mmd,,,,,moe,coral,near_nearest_proxy,final,0.0,0,0train,train,True,0.6138004534801789,1.0,direct,0.058343763257422306,0.02982494773041259,0.09900832461137317
3,bnci004,MMP_moe,CSP,svm_radial,pt,6,1,1,9969,0.05,no_leakage_v1_alpha005,gate_all_sources_proxy_source_only_final_training_only,mmd,,,,,moe,coral,near_nearest_proxy,main,1.0,2,2train,far,False,,1.0,direct,0.16204065275539592,0.1043332480371577,0.22469045731738713
3,bnci004,MMP_moe,CSP,svm_radial,pt,6,1,1,9969,0.05,no_leakage_v1_alpha005,gate_all_sources_proxy_source_only_final_training_only,mmd,,,,,moe,coral,near_nearest_proxy,anchor,1.0,2,2train,not_used,False,,1.0,direct,0.16204065275539592,0.1043332480371577,0.22469045731738713
3,bnci004,MMP_moe,CSP,svm_radial,pt,6,1,1,9969,0.05,no_leakage_v1_alpha005,gate_all_sources_proxy_source_only_final_training_only,mmd,,,,,moe,coral,near_nearest_proxy,final,1.0,2,2train,not_used,False,,1.0,direct,0.16204065275539592,0.1043332480371577,0.22469045731738713
3,bnci004,MMP_moe,CSP,svm_radial,pt,6,1,1,9969,0.05,no_leakage_v1_alpha005,gate_all_sources_proxy_source_only_final_training_only,mmd,,,,,moe,coral,near_nearest_proxy,main,2.0,3,3test,far,False,,1.0,direct,0.1581246573830234,0.11869390301848712,0.20750165526058936
3,bnci004,MMP_moe,CSP,svm_radial,pt,6,1,1,9969,0.05,no_leakage_v1_alpha005,gate_all_sources_proxy_source_only_final_training_only,mmd,,,,,moe,coral,near_nearest_proxy,anchor,2.0,3,3test,not_used,False,,1.0,direct,0.1581246573830234,0.11869390301848712,0.20750165526058936
3,bnci004,MMP_moe,CSP,svm_radial,pt,6,1,1,9969,0.05,no_leakage_v1_alpha005,gate_all_sources_proxy_source_only_final_training_only,mmd,,,,,moe,coral,near_nearest_proxy,final,2.0,3,3test,not_used,False,,1.0,direct,0.1581246573830234,0.11869390301848712,0.20750165526058936
3,bnci004,MMP_moe,CSP,svm_radial,pt,6,1,1,9969,0.05,no_leakage_v1_alpha005,gate_all_sources_proxy_source_only_final_training_only,mmd,,,,,moe,coral,near_nearest_proxy,main,3.0,4,4test,near,False,0.386199546519821,1.0,direct,0.09272837389055556,0.05210994025238442,0.1331111822036398
3,bnci004,MMP_moe,CSP,svm_radial,pt,6,1,1,9969,0.05,no_leakage_v1_alpha005,gate_all_sources_proxy_source_only_final_training_only,mmd,,,,,moe,coral,near_nearest_proxy,anchor,3.0,4,4test,proxy_source,False,1.0,1.0,direct,0.09272837389055556,0.05210994025238442,0.1331111822036398
3,bnci004,MMP_moe,CSP,svm_radial,pt,6,1,1,9969,0.05,no_leakage_v1_alpha005,gate_all_sources_proxy_source_only_final_training_only,mmd,,,,,moe,coral,near_nearest_proxy,final,3.0,4,4test,train,False,0.386199546519821,1.0,direct,0.09272837389055556,0.05210994025238442,0.1331111822036398
3,bnci004,MMP_moe,CSP,svm_radial,pt,6,1,1,9969,0.05,no_leakage_v1_alpha005,gate_all_sources_proxy_source_only_final_training_only,mmd,,,,,moe,coral,near_nearest_proxy,main,,1,1train,target,False,,,,,,
3,bnci004,MMP_moe,CSP,svm_radial,pt,6,1,1,9969,0.05,no_leakage_v1_alpha005,gate_all_sources_proxy_source_only_final_training_only,mmd,,,,,moe,coral,near_nearest_proxy,final,,1,1train,target,False,,,,,,
3,bnci004,MMP_moe,CSP,svm_radial,pt,6,2,2,10000,0.05,no_leakage_v1_alpha005,gate_all_sources_proxy_source_only_final_training_only,mmd,,,,,moe,coral,near_nearest_proxy,main,0.0,0,0train,near,False,0.22434700715732608,2.0,direct,0.08967003185851166,0.05942824620102175,0.12415406693386756
3,bnci004,MMP_moe,CSP,svm_radial,pt,6,2,2,10000,0.05,no_leakage_v1_alpha005,gate_all_sources_proxy_source_only_final_training_only,mmd,,,,,moe,coral,near_nearest_proxy,anchor,0.0,0,0train,proxy_source,False,0.46225659601949387,2.0,direct,0.08967003185851166,0.05942824620102175,0.12415406693386756
3,bnci004,MMP_moe,CSP,svm_radial,pt,6,2,2,10000,0.05,no_leakage_v1_alpha005,gate_all_sources_proxy_source_only_final_training_only,mmd,,,,,moe,coral,near_nearest_proxy,final,0.0,0,0train,train,False,0.22434700715732608,2.0,direct,0.08967003185851166,0.05942824620102175,0.12415406693386756
3,bnci004,MMP_moe,CSP,svm_radial,pt,6,2,2,10000,0.05,no_leakage_v1_alpha005,gate_all_sources_proxy_source_only_final_training_only,mmd,,,,,moe,coral,near_nearest_proxy,main,1.0,1,1train,far,False,,2.0,direct,0.14583603436772657,0.10250309727637667,0.19896461510207206
3,bnci004,MMP_moe,CSP,svm_radial,pt,6,2,2,10000,0.05,no_leakage_v1_alpha005,gate_all_sources_proxy_source_only_final_training_only,mmd,,,,,moe,coral,near_nearest_proxy,anchor,1.0,1,1train,not_used,False,,2.0,direct,0.14583603436772657,0.10250309727637667,0.19896461510207206
3,bnci004,MMP_moe,CSP,svm_radial,pt,6,2,2,10000,0.05,no_leakage_v1_alpha005,gate_all_sources_proxy_source_only_final_training_only,mmd,,,,,moe,coral,near_nearest_proxy,final,1.0,1,1train,not_used,False,,2.0,direct,0.14583603436772657,0.10250309727637667,0.19896461510207206
3,bnci004,MMP_moe,CSP,svm_radial,pt,6,2,2,10000,0.05,no_leakage_v1_alpha005,gate_all_sources_proxy_source_only_final_training_only,mmd,,,,,moe,coral,near_nearest_proxy,main,2.0,3,3test,nearest,True,0.5146699709875743,2.0,direct,0.03908701515573954,0.01948979685521311,0.06489263207759027
3,bnci004,MMP_moe,CSP,svm_radial,pt,6,2,2,10000,0.05,no_leakage_v1_alpha005,gate_all_sources_proxy_source_only_final_training_only,mmd,,,,,moe,coral,near_nearest_proxy,anchor,2.0,3,3test,target,False,,2.0,direct,0.03908701515573954,0.01948979685521311,0.06489263207759027
3,bnci004,MMP_moe,CSP,svm_radial,pt,6,2,2,10000,0.05,no_leakage_v1_alpha005,gate_all_sources_proxy_source_only_final_training_only,mmd,,,,,moe,coral,near_nearest_proxy,final,2.0,3,3test,train,True,0.5146699709875743,2.0,direct,0.03908701515573954,0.01948979685521311,0.06489263207759027
3,bnci004,MMP_moe,CSP,svm_radial,pt,6,2,2,10000,0.05,no_leakage_v1_alpha005,gate_all_sources_proxy_source_only_final_training_only,mmd,,,,,moe,coral,near_nearest_proxy,main,3.0,4,4test,near,False,0.2609830218550996,2.0,direct,0.07708228106238164,0.047071738250065054,0.10675715212861961
3,bnci004,MMP_moe,CSP,svm_radial,pt,6,2,2,10000,0.05,no_leakage_v1_alpha005,gate_all_sources_proxy_source_only_final_training_only,mmd,,,,,moe,coral,near_nearest_proxy,anchor,3.0,4,4test,proxy_source,False,0.5377434039805061,2.0,direct,0.07708228106238164,0.047071738250065054,0.10675715212861961
3,bnci004,MMP_moe,CSP,svm_radial,pt,6,2,2,10000,0.05,no_leakage_v1_alpha005,gate_all_sources_proxy_source_only_final_training_only,mmd,,,,,moe,coral,near_nearest_proxy,final,3.0,4,4test,train,False,0.2609830218550996,2.0,direct,0.07708228106238164,0.047071738250065054,0.10675715212861961
3,bnci004,MMP_moe,CSP,svm_radial,pt,6,2,2,10000,0.05,no_leakage_v1_alpha005,gate_all_sources_proxy_source_only_final_training_only,mmd,,,,,moe,coral,near_nearest_proxy,main,,2,2train,target,False,,,,,,
3,bnci004,MMP_moe,CSP,svm_radial,pt,6,2,2,10000,0.05,no_leakage_v1_alpha005,gate_all_sources_proxy_source_only_final_training_only,mmd,,,,,moe,coral,near_nearest_proxy,final,,2,2train,target,False,,,,,,
3,bnci004,MMP_moe,CSP,svm_radial,pt,6,3,3,10031,0.05,no_leakage_v1_alpha005,gate_all_sources_proxy_source_only_final_training_only,mmd,,,,,moe,coral,near_nearest_proxy,main,0.0,0,0train,far,False,,3.0,direct,0.11533619005123892,0.08235375617849319,0.15435979908787828
3,bnci004,MMP_moe,CSP,svm_radial,pt,6,3,3,10031,0.05,no_leakage_v1_alpha005,gate_all_sources_proxy_source_only_final_training_only,mmd,,,,,moe,coral,near_nearest_proxy,anchor,0.0,0,0train,not_used,False,,3.0,direct,0.11533619005123892,0.08235375617849319,0.15435979908787828
3,bnci004,MMP_moe,CSP,svm_radial,pt,6,3,3,10031,0.05,no_leakage_v1_alpha005,gate_all_sources_proxy_source_only_final_training_only,mmd,,,,,moe,coral,near_nearest_proxy,final,0.0,0,0train,not_used,False,,3.0,direct,0.11533619005123892,0.08235375617849319,0.15435979908787828
3,bnci004,MMP_moe,CSP,svm_radial,pt,6,3,3,10031,0.05,no_leakage_v1_alpha005,gate_all_sources_proxy_source_only_final_training_only,mmd,,,,,moe,coral,near_nearest_proxy,main,1.0,1,1train,far,False,,3.0,direct,0.13538127689257964,0.10134041079522844,0.16977314732047957
3,bnci004,MMP_moe,CSP,svm_radial,pt,6,3,3,10031,0.05,no_leakage_v1_alpha005,gate_all_sources_proxy_source_only_final_training_only,mmd,,,,,moe,coral,near_nearest_proxy,anchor,1.0,1,1train,not_used,False,,3.0,direct,0.13538127689257964,0.10134041079522844,0.16977314732047957
3,bnci004,MMP_moe,CSP,svm_radial,pt,6,3,3,10031,0.05,no_leakage_v1_alpha005,gate_all_sources_proxy_source_only_final_training_only,mmd,,,,,moe,coral,near_nearest_proxy,final,1.0,1,1train,not_used,False,,3.0,direct,0.13538127689257964,0.10134041079522844,0.16977314732047957
3,bnci004,MMP_moe,CSP,svm_radial,pt,6,3,3,10031,0.05,no_leakage_v1_alpha005,gate_all_sources_proxy_source_only_final_training_only,mmd,,,,,moe,coral,near_nearest_proxy,main,2.0,2,2train,nearest,True,0.723236877638663,3.0,direct,0.037204378494877496,0.01995073016942625,0.06306075422074055
3,bnci004,MMP_moe,CSP,svm_radial,pt,6,3,3,10031,0.05,no_leakage_v1_alpha005,gate_all_sources_proxy_source_only_final_training_only,mmd,,,,,moe,coral,near_nearest_proxy,anchor,2.0,2,2train,target,False,,3.0,direct,0.037204378494877496,0.01995073016942625,0.06306075422074055
3,bnci004,MMP_moe,CSP,svm_radial,pt,6,3,3,10031,0.05,no_leakage_v1_alpha005,gate_all_sources_proxy_source_only_final_training_only,mmd,,,,,moe,coral,near_nearest_proxy,final,2.0,2,2train,train,True,0.723236877638663,3.0,direct,0.037204378494877496,0.01995073016942625,0.06306075422074055
3,bnci004,MMP_moe,CSP,svm_radial,pt,6,3,3,10031,0.05,no_leakage_v1_alpha005,gate_all_sources_proxy_source_only_final_training_only,mmd,,,,,moe,coral,near_nearest_proxy,main,3.0,4,4test,near,False,0.2767631223613371,3.0,direct,0.09722402602376645,0.05894394591510862,0.13968989624141132
3,bnci004,MMP_moe,CSP,svm_radial,pt,6,3,3,10031,0.05,no_leakage_v1_alpha005,gate_all_sources_proxy_source_only_final_training_only,mmd,,,,,moe,coral,near_nearest_proxy,anchor,3.0,4,4test,proxy_source,False,1.0,3.0,direct,0.09722402602376645,0.05894394591510862,0.13968989624141132
3,bnci004,MMP_moe,CSP,svm_radial,pt,6,3,3,10031,0.05,no_leakage_v1_alpha005,gate_all_sources_proxy_source_only_final_training_only,mmd,,,,,moe,coral,near_nearest_proxy,final,3.0,4,4test,train,False,0.2767631223613371,3.0,direct,0.09722402602376645,0.05894394591510862,0.13968989624141132
3,bnci004,MMP_moe,CSP,svm_radial,pt,6,3,3,10031,0.05,no_leakage_v1_alpha005,gate_all_sources_proxy_source_only_final_training_only,mmd,,,,,moe,coral,near_nearest_proxy,main,,3,3test,target,False,,,,,,
3,bnci004,MMP_moe,CSP,svm_radial,pt,6,3,3,10031,0.05,no_leakage_v1_alpha005,gate_all_sources_proxy_source_only_final_training_only,mmd,,,,,moe,coral,near_nearest_proxy,final,,3,3test,target,False,,,,,,
3,bnci004,MMP_moe,CSP,svm_radial,pt,6,4,4,10062,0.05,no_leakage_v1_alpha005,gate_all_sources_proxy_source_only_final_training_only,mmd,,,,,moe,coral,near_nearest_proxy,main,0.0,0,0train,nearest,True,0.3463700900832101,4.0,direct,0.06756442149217558,0.036083754025379215,0.12025952882960364
3,bnci004,MMP_moe,CSP,svm_radial,pt,6,4,4,10062,0.05,no_leakage_v1_alpha005,gate_all_sources_proxy_source_only_final_training_only,mmd,,,,,moe,coral,near_nearest_proxy,anchor,0.0,0,0train,target,False,,4.0,direct,0.06756442149217558,0.036083754025379215,0.12025952882960364
3,bnci004,MMP_moe,CSP,svm_radial,pt,6,4,4,10062,0.05,no_leakage_v1_alpha005,gate_all_sources_proxy_source_only_final_training_only,mmd,,,,,moe,coral,near_nearest_proxy,final,0.0,0,0train,train,True,0.3463700900832101,4.0,direct,0.06756442149217558,0.036083754025379215,0.12025952882960364
3,bnci004,MMP_moe,CSP,svm_radial,pt,6,4,4,10062,0.05,no_leakage_v1_alpha005,gate_all_sources_proxy_source_only_final_training_only,mmd,,,,,moe,coral,near_nearest_proxy,main,1.0,1,1train,near,False,0.2100943490399806,4.0,direct,0.11139010231042641,0.07419674606449941,0.16008287455445958
3,bnci004,MMP_moe,CSP,svm_radial,pt,6,4,4,10062,0.05,no_leakage_v1_alpha005,gate_all_sources_proxy_source_only_final_training_only,mmd,,,,,moe,coral,near_nearest_proxy,anchor,1.0,1,1train,proxy_source,False,0.32142707341334265,4.0,direct,0.11139010231042641,0.07419674606449941,0.16008287455445958
3,bnci004,MMP_moe,CSP,svm_radial,pt,6,4,4,10062,0.05,no_leakage_v1_alpha005,gate_all_sources_proxy_source_only_final_training_only,mmd,,,,,moe,coral,near_nearest_proxy,final,1.0,1,1train,train,False,0.2100943490399806,4.0,direct,0.11139010231042641,0.07419674606449941,0.16008287455445958
3,bnci004,MMP_moe,CSP,svm_radial,pt,6,4,4,10062,0.05,no_leakage_v1_alpha005,gate_all_sources_proxy_source_only_final_training_only,mmd,,,,,moe,coral,near_nearest_proxy,main,2.0,2,2train,near,False,0.24122733875845304,4.0,direct,0.09701387919737225,0.05691132303278494,0.14818856394402843
3,bnci004,MMP_moe,CSP,svm_radial,pt,6,4,4,10062,0.05,no_leakage_v1_alpha005,gate_all_sources_proxy_source_only_final_training_only,mmd,,,,,moe,coral,near_nearest_proxy,anchor,2.0,2,2train,proxy_source,False,0.3690579869412071,4.0,direct,0.09701387919737225,0.05691132303278494,0.14818856394402843
3,bnci004,MMP_moe,CSP,svm_radial,pt,6,4,4,10062,0.05,no_leakage_v1_alpha005,gate_all_sources_proxy_source_only_final_training_only,mmd,,,,,moe,coral,near_nearest_proxy,final,2.0,2,2train,train,False,0.24122733875845304,4.0,direct,0.09701387919737225,0.05691132303278494,0.14818856394402843
3,bnci004,MMP_moe,CSP,svm_radial,pt,6,4,4,10062,0.05,no_leakage_v1_alpha005,gate_all_sources_proxy_source_only_final_training_only,mmd,,,,,moe,coral,near_nearest_proxy,main,3.0,3,3test,near,False,0.20230822211835633,4.0,direct,0.11567715130649348,0.07126179514736988,0.16883020861606612
3,bnci004,MMP_moe,CSP,svm_radial,pt,6,4,4,10062,0.05,no_leakage_v1_alpha005,gate_all_sources_proxy_source_only_final_training_only,mmd,,,,,moe,coral,near_nearest_proxy,anchor,3.0,3,3test,proxy_source,False,0.30951493964545024,4.0,direct,0.11567715130649348,0.07126179514736988,0.16883020861606612
3,bnci004,MMP_moe,CSP,svm_radial,pt,6,4,4,10062,0.05,no_leakage_v1_alpha005,gate_all_sources_proxy_source_only_final_training_only,mmd,,,,,moe,coral,near_nearest_proxy,final,3.0,3,3test,train,False,0.20230822211835633,4.0,direct,0.11567715130649348,0.07126179514736988,0.16883020861606612
3,bnci004,MMP_moe,CSP,svm_radial,pt,6,4,4,10062,0.05,no_leakage_v1_alpha005,gate_all_sources_proxy_source_only_final_training_only,mmd,,,,,moe,coral,near_nearest_proxy,main,,4,4test,target,False,,,,,,
3,bnci004,MMP_moe,CSP,svm_radial,pt,6,4,4,10062,0.05,no_leakage_v1_alpha005,gate_all_sources_proxy_source_only_final_training_only,mmd,,,,,moe,coral,near_nearest_proxy,final,,4,4test,target,False,,,,,,
3,bnci004,MMP_moe,CSP,svm_radial,coral,7,0,0,10935,0.05,no_leakage_v1_alpha005,gate_all_sources_proxy_source_only_final_training_only,mmd,,,,,moe,coral,near_nearest_proxy,main,0.0,1,1train,nearest,True,0.32021137627828716,0.0,direct,0.0675966902075344,0.03927345365523577,0.10927317216357274
3,bnci004,MMP_moe,CSP,svm_radial,coral,7,0,0,10935,0.05,no_leakage_v1_alpha005,gate_all_sources_proxy_source_only_final_training_only,mmd,,,,,moe,coral,near_nearest_proxy,anchor,0.0,1,1train,target,False,,0.0,direct,0.0675966902075344,0.03927345365523577,0.10927317216357274
3,bnci004,MMP_moe,CSP,svm_radial,coral,7,0,0,10935,0.05,no_leakage_v1_alpha005,gate_all_sources_proxy_source_only_final_training_only,mmd,,,,,moe,coral,near_nearest_proxy,final,0.0,1,1train,train,True,0.32021137627828716,0.0,direct,0.0675966902075344,0.03927345365523577,0.10927317216357274
3,bnci004,MMP_moe,CSP,svm_radial,coral,7,0,0,10935,0.05,no_leakage_v1_alpha005,gate_all_sources_proxy_source_only_final_training_only,mmd,,,,,moe,coral,near_nearest_proxy,main,1.0,2,2train,near,False,0.1914945050493216,0.0,direct,0.11303383308313637,0.07420398904369852,0.1589841585666399
3,bnci004,MMP_moe,CSP,svm_radial,coral,7,0,0,10935,0.05,no_leakage_v1_alpha005,gate_all_sources_proxy_source_only_final_training_only,mmd,,,,,moe,coral,near_nearest_proxy,anchor,1.0,2,2train,proxy_source,False,0.28169713108896377,0.0,direct,0.11303383308313637,0.07420398904369852,0.1589841585666399
3,bnci004,MMP_moe,CSP,svm_radial,coral,7,0,0,10935,0.05,no_leakage_v1_alpha005,gate_all_sources_proxy_source_only_final_training_only,mmd,,,,,moe,coral,near_nearest_proxy,final,1.0,2,2train,train,False,0.1914945050493216,0.0,direct,0.11303383308313637,0.07420398904369852,0.1589841585666399
3,bnci004,MMP_moe,CSP,svm_radial,coral,7,0,0,10935,0.05,no_leakage_v1_alpha005,gate_all_sources_proxy_source_only_final_training_only,mmd,,,,,moe,coral,near_nearest_proxy,main,2.0,3,3test,near,False,0.20579404096157036,0.0,direct,0.10517964232302013,0.07349646514872993,0.142693778835017
3,bnci004,MMP_moe,CSP,svm_radial,coral,7,0,0,10935,0.05,no_leakage_v1_alpha005,gate_all_sources_proxy_source_only_final_training_only,mmd,,,,,moe,coral,near_nearest_proxy,anchor,2.0,3,3test,proxy_source,False,0.3027323991314937,0.0,direct,0.10517964232302013,0.07349646514872993,0.142693778835017
3,bnci004,MMP_moe,CSP,svm_radial,coral,7,0,0,10935,0.05,no_leakage_v1_alpha005,gate_all_sources_proxy_source_only_final_training_only,mmd,,,,,moe,coral,near_nearest_proxy,final,2.0,3,3test,train,False,0.20579404096157036,0.0,direct,0.10517964232302013,0.07349646514872993,0.142693778835017
3,bnci004,MMP_moe,CSP,svm_radial,coral,7,0,0,10935,0.05,no_leakage_v1_alpha005,gate_all_sources_proxy_source_only_final_training_only,mmd,,,,,moe,coral,near_nearest_proxy,main,3.0,4,4test,near,False,0.28250007771082086,0.0,direct,0.07662039277974002,0.04754926156214048,0.11730214390244688
3,bnci004,MMP_moe,CSP,svm_radial,coral,7,0,0,10935,0.05,no_leakage_v1_alpha005,gate_all_sources_proxy_source_only_final_training_only,mmd,,,,,moe,coral,near_nearest_proxy,anchor,3.0,4,4test,proxy_source,False,0.4155704697795425,0.0,direct,0.07662039277974002,0.04754926156214048,0.11730214390244688
3,bnci004,MMP_moe,CSP,svm_radial,coral,7,0,0,10935,0.05,no_leakage_v1_alpha005,gate_all_sources_proxy_source_only_final_training_only,mmd,,,,,moe,coral,near_nearest_proxy,final,3.0,4,4test,train,False,0.28250007771082086,0.0,direct,0.07662039277974002,0.04754926156214048,0.11730214390244688
3,bnci004,MMP_moe,CSP,svm_radial,coral,7,0,0,10935,0.05,no_leakage_v1_alpha005,gate_all_sources_proxy_source_only_final_training_only,mmd,,,,,moe,coral,near_nearest_proxy,main,,0,0train,target,False,,,,,,
3,bnci004,MMP_moe,CSP,svm_radial,coral,7,0,0,10935,0.05,no_leakage_v1_alpha005,gate_all_sources_proxy_source_only_final_training_only,mmd,,,,,moe,coral,near_nearest_proxy,final,,0,0train,target,False,,,,,,
3,bnci004,MMP_moe,CSP,svm_radial,coral,7,1,1,10966,0.05,no_leakage_v1_alpha005,gate_all_sources_proxy_source_only_final_training_only,mmd,,,,,moe,coral,near_nearest_proxy,main,0.0,0,0train,nearest,True,0.6045117032809519,1.0,direct,0.0607227730950478,0.030858389387184118,0.10150223678100997
3,bnci004,MMP_moe,CSP,svm_radial,coral,7,1,1,10966,0.05,no_leakage_v1_alpha005,gate_all_sources_proxy_source_only_final_training_only,mmd,,,,,moe,coral,near_nearest_proxy,anchor,0.0,0,0train,target,False,,1.0,direct,0.0607227730950478,0.030858389387184118,0.10150223678100997
3,bnci004,MMP_moe,CSP,svm_radial,coral,7,1,1,10966,0.05,no_leakage_v1_alpha005,gate_all_sources_proxy_source_only_final_training_only,mmd,,,,,moe,coral,near_nearest_proxy,final,0.0,0,0train,train,True,0.6045117032809519,1.0,direct,0.0607227730950478,0.030858389387184118,0.10150223678100997
3,bnci004,MMP_moe,CSP,svm_radial,coral,7,1,1,10966,0.05,no_leakage_v1_alpha005,gate_all_sources_proxy_source_only_final_training_only,mmd,,,,,moe,coral,near_nearest_proxy,main,1.0,2,2train,far,False,,1.0,direct,0.16266565524501672,0.11304381314612776,0.22281365317806107
3,bnci004,MMP_moe,CSP,svm_radial,coral,7,1,1,10966,0.05,no_leakage_v1_alpha005,gate_all_sources_proxy_source_only_final_training_only,mmd,,,,,moe,coral,near_nearest_proxy,anchor,1.0,2,2train,not_used,False,,1.0,direct,0.16266565524501672,0.11304381314612776,0.22281365317806107
3,bnci004,MMP_moe,CSP,svm_radial,coral,7,1,1,10966,0.05,no_leakage_v1_alpha005,gate_all_sources_proxy_source_only_final_training_only,mmd,,,,,moe,coral,near_nearest_proxy,final,1.0,2,2train,not_used,False,,1.0,direct,0.16266565524501672,0.11304381314612776,0.22281365317806107
3,bnci004,MMP_moe,CSP,svm_radial,coral,7,1,1,10966,0.05,no_leakage_v1_alpha005,gate_all_sources_proxy_source_only_final_training_only,mmd,,,,,moe,coral,near_nearest_proxy,main,2.0,3,3test,far,False,,1.0,direct,0.1600154750419822,0.11508092689951109,0.21110029235244065
3,bnci004,MMP_moe,CSP,svm_radial,coral,7,1,1,10966,0.05,no_leakage_v1_alpha005,gate_all_sources_proxy_source_only_final_training_only,mmd,,,,,moe,coral,near_nearest_proxy,anchor,2.0,3,3test,not_used,False,,1.0,direct,0.1600154750419822,0.11508092689951109,0.21110029235244065
3,bnci004,MMP_moe,CSP,svm_radial,coral,7,1,1,10966,0.05,no_leakage_v1_alpha005,gate_all_sources_proxy_source_only_final_training_only,mmd,,,,,moe,coral,near_nearest_proxy,final,2.0,3,3test,not_used,False,,1.0,direct,0.1600154750419822,0.11508092689951109,0.21110029235244065
3,bnci004,MMP_moe,CSP,svm_radial,coral,7,1,1,10966,0.05,no_leakage_v1_alpha005,gate_all_sources_proxy_source_only_final_training_only,mmd,,,,,moe,coral,near_nearest_proxy,main,3.0,4,4test,near,False,0.39548829671904795,1.0,direct,0.09281649120735842,0.04768132190812608,0.14548686754631115
3,bnci004,MMP_moe,CSP,svm_radial,coral,7,1,1,10966,0.05,no_leakage_v1_alpha005,gate_all_sources_proxy_source_only_final_training_only,mmd,,,,,moe,coral,near_nearest_proxy,anchor,3.0,4,4test,proxy_source,False,1.0,1.0,direct,0.09281649120735842,0.04768132190812608,0.14548686754631115
3,bnci004,MMP_moe,CSP,svm_radial,coral,7,1,1,10966,0.05,no_leakage_v1_alpha005,gate_all_sources_proxy_source_only_final_training_only,mmd,,,,,moe,coral,near_nearest_proxy,final,3.0,4,4test,train,False,0.39548829671904795,1.0,direct,0.09281649120735842,0.04768132190812608,0.14548686754631115
3,bnci004,MMP_moe,CSP,svm_radial,coral,7,1,1,10966,0.05,no_leakage_v1_alpha005,gate_all_sources_proxy_source_only_final_training_only,mmd,,,,,moe,coral,near_nearest_proxy,main,,1,1train,target,False,,,,,,
3,bnci004,MMP_moe,CSP,svm_radial,coral,7,1,1,10966,0.05,no_leakage_v1_alpha005,gate_all_sources_proxy_source_only_final_training_only,mmd,,,,,moe,coral,near_nearest_proxy,final,,1,1train,target,False,,,,,,
3,bnci004,MMP_moe,CSP,svm_radial,coral,7,2,2,10997,0.05,no_leakage_v1_alpha005,gate_all_sources_proxy_source_only_final_training_only,mmd,,,,,moe,coral,near_nearest_proxy,main,0.0,0,0train,near,False,0.21583162586670535,2.0,direct,0.08993165165365032,0.05693233066619285,0.12567577785953754
3,bnci004,MMP_moe,CSP,svm_radial,coral,7,2,2,10997,0.05,no_leakage_v1_alpha005,gate_all_sources_proxy_source_only_final_training_only,mmd,,,,,moe,coral,near_nearest_proxy,anchor,0.0,0,0train,proxy_source,False,0.4591772688635581,2.0,direct,0.08993165165365032,0.05693233066619285,0.12567577785953754
3,bnci004,MMP_moe,CSP,svm_radial,coral,7,2,2,10997,0.05,no_leakage_v1_alpha005,gate_all_sources_proxy_source_only_final_training_only,mmd,,,,,moe,coral,near_nearest_proxy,final,0.0,0,0train,train,False,0.21583162586670535,2.0,direct,0.08993165165365032,0.05693233066619285,0.12567577785953754
3,bnci004,MMP_moe,CSP,svm_radial,coral,7,2,2,10997,0.05,no_leakage_v1_alpha005,gate_all_sources_proxy_source_only_final_training_only,mmd,,,,,moe,coral,near_nearest_proxy,main,1.0,1,1train,far,False,,2.0,direct,0.14951019127137238,0.10372401931065856,0.19975783115690784
3,bnci004,MMP_moe,CSP,svm_radial,coral,7,2,2,10997,0.05,no_leakage_v1_alpha005,gate_all_sources_proxy_source_only_final_training_only,mmd,,,,,moe,coral,near_nearest_proxy,anchor,1.0,1,1train,not_used,False,,2.0,direct,0.14951019127137238,0.10372401931065856,0.19975783115690784
3,bnci004,MMP_moe,CSP,svm_radial,coral,7,2,2,10997,0.05,no_leakage_v1_alpha005,gate_all_sources_proxy_source_only_final_training_only,mmd,,,,,moe,coral,near_nearest_proxy,final,1.0,1,1train,not_used,False,,2.0,direct,0.14951019127137238,0.10372401931065856,0.19975783115690784
3,bnci004,MMP_moe,CSP,svm_radial,coral,7,2,2,10997,0.05,no_leakage_v1_alpha005,gate_all_sources_proxy_source_only_final_training_only,mmd,,,,,moe,coral,near_nearest_proxy,main,2.0,3,3test,nearest,True,0.5299601254198005,2.0,direct,0.036624982774714966,0.01876880432533412,0.058779310336386656
3,bnci004,MMP_moe,CSP,svm_radial,coral,7,2,2,10997,0.05,no_leakage_v1_alpha005,gate_all_sources_proxy_source_only_final_training_only,mmd,,,,,moe,coral,near_nearest_proxy,anchor,2.0,3,3test,target,False,,2.0,direct,0.036624982774714966,0.01876880432533412,0.058779310336386656
3,bnci004,MMP_moe,CSP,svm_radial,coral,7,2,2,10997,0.05,no_leakage_v1_alpha005,gate_all_sources_proxy_source_only_final_training_only,mmd,,,,,moe,coral,near_nearest_proxy,final,2.0,3,3test,train,True,0.5299601254198005,2.0,direct,0.036624982774714966,0.01876880432533412,0.058779310336386656
3,bnci004,MMP_moe,CSP,svm_radial,coral,7,2,2,10997,0.05,no_leakage_v1_alpha005,gate_all_sources_proxy_source_only_final_training_only,mmd,,,,,moe,coral,near_nearest_proxy,main,3.0,4,4test,near,False,0.25420824871349407,2.0,direct,0.0763549425122661,0.04849823687190184,0.1121734489123195
3,bnci004,MMP_moe,CSP,svm_radial,coral,7,2,2,10997,0.05,no_leakage_v1_alpha005,gate_all_sources_proxy_source_only_final_training_only,mmd,,,,,moe,coral,near_nearest_proxy,anchor,3.0,4,4test,proxy_source,False,0.5408227311364419,2.0,direct,0.0763549425122661,0.04849823687190184,0.1121734489123195
3,bnci004,MMP_moe,CSP,svm_radial,coral,7,2,2,10997,0.05,no_leakage_v1_alpha005,gate_all_sources_proxy_source_only_final_training_only,mmd,,,,,moe,coral,near_nearest_proxy,final,3.0,4,4test,train,False,0.25420824871349407,2.0,direct,0.0763549425122661,0.04849823687190184,0.1121734489123195
3,bnci004,MMP_moe,CSP,svm_radial,coral,7,2,2,10997,0.05,no_leakage_v1_alpha005,gate_all_sources_proxy_source_only_final_training_only,mmd,,,,,moe,coral,near_nearest_proxy,main,,2,2train,target,False,,,,,,
3,bnci004,MMP_moe,CSP,svm_radial,coral,7,2,2,10997,0.05,no_leakage_v1_alpha005,gate_all_sources_proxy_source_only_final_training_only,mmd,,,,,moe,coral,near_nearest_proxy,final,,2,2train,target,False,,,,,,
3,bnci004,MMP_moe,CSP,svm_radial,coral,7,3,3,11028,0.05,no_leakage_v1_alpha005,gate_all_sources_proxy_source_only_final_training_only,mmd,,,,,moe,coral,near_nearest_proxy,main,0.0,0,0train,far,False,,3.0,direct,0.11685856396232168,0.082516764444002,0.15976687835594033
3,bnci004,MMP_moe,CSP,svm_radial,coral,7,3,3,11028,0.05,no_leakage_v1_alpha005,gate_all_sources_proxy_source_only_final_training_only,mmd,,,,,moe,coral,near_nearest_proxy,anchor,0.0,0,0train,not_used,False,,3.0,direct,0.11685856396232168,0.082516764444002,0.15976687835594033
3,bnci004,MMP_moe,CSP,svm_radial,coral,7,3,3,11028,0.05,no_leakage_v1_alpha005,gate_all_sources_proxy_source_only_final_training_only,mmd,,,,,moe,coral,near_nearest_proxy,final,0.0,0,0train,not_used,False,,3.0,direct,0.11685856396232168,0.082516764444002,0.15976687835594033
3,bnci004,MMP_moe,CSP,svm_radial,coral,7,3,3,11028,0.05,no_leakage_v1_alpha005,gate_all_sources_proxy_source_only_final_training_only,mmd,,,,,moe,coral,near_nearest_proxy,main,1.0,1,1train,far,False,,3.0,direct,0.13573026725142012,0.10465819922582323,0.1719600311480777
3,bnci004,MMP_moe,CSP,svm_radial,coral,7,3,3,11028,0.05,no_leakage_v1_alpha005,gate_all_sources_proxy_source_only_final_training_only,mmd,,,,,moe,coral,near_nearest_proxy,anchor,1.0,1,1train,not_used,False,,3.0,direct,0.13573026725142012,0.10465819922582323,0.1719600311480777
3,bnci004,MMP_moe,CSP,svm_radial,coral,7,3,3,11028,0.05,no_leakage_v1_alpha005,gate_all_sources_proxy_source_only_final_training_only,mmd,,,,,moe,coral,near_nearest_proxy,final,1.0,1,1train,not_used,False,,3.0,direct,0.13573026725142012,0.10465819922582323,0.1719600311480777
3,bnci004,MMP_moe,CSP,svm_radial,coral,7,3,3,11028,0.05,no_leakage_v1_alpha005,gate_all_sources_proxy_source_only_final_training_only,mmd,,,,,moe,coral,near_nearest_proxy,main,2.0,2,2train,nearest,True,0.7131312038421651,3.0,direct,0.03910377873118649,0.018846900962920816,0.06916691015908079
3,bnci004,MMP_moe,CSP,svm_radial,coral,7,3,3,11028,0.05,no_leakage_v1_alpha005,gate_all_sources_proxy_source_only_final_training_only,mmd,,,,,moe,coral,near_nearest_proxy,anchor,2.0,2,2train,target,False,,3.0,direct,0.03910377873118649,0.018846900962920816,0.06916691015908079
3,bnci004,MMP_moe,CSP,svm_radial,coral,7,3,3,11028,0.05,no_leakage_v1_alpha005,gate_all_sources_proxy_source_only_final_training_only,mmd,,,,,moe,coral,near_nearest_proxy,final,2.0,2,2train,train,True,0.7131312038421651,3.0,direct,0.03910377873118649,0.018846900962920816,0.06916691015908079
3,bnci004,MMP_moe,CSP,svm_radial,coral,7,3,3,11028,0.05,no_leakage_v1_alpha005,gate_all_sources_proxy_source_only_final_training_only,mmd,,,,,moe,coral,near_nearest_proxy,main,3.0,4,4test,near,False,0.2868687961578349,3.0,direct,0.09721012336389911,0.06371014453146336,0.13407450321209685
3,bnci004,MMP_moe,CSP,svm_radial,coral,7,3,3,11028,0.05,no_leakage_v1_alpha005,gate_all_sources_proxy_source_only_final_training_only,mmd,,,,,moe,coral,near_nearest_proxy,anchor,3.0,4,4test,proxy_source,False,1.0,3.0,direct,0.09721012336389911,0.06371014453146336,0.13407450321209685
3,bnci004,MMP_moe,CSP,svm_radial,coral,7,3,3,11028,0.05,no_leakage_v1_alpha005,gate_all_sources_proxy_source_only_final_training_only,mmd,,,,,moe,coral,near_nearest_proxy,final,3.0,4,4test,train,False,0.2868687961578349,3.0,direct,0.09721012336389911,0.06371014453146336,0.13407450321209685
3,bnci004,MMP_moe,CSP,svm_radial,coral,7,3,3,11028,0.05,no_leakage_v1_alpha005,gate_all_sources_proxy_source_only_final_training_only,mmd,,,,,moe,coral,near_nearest_proxy,main,,3,3test,target,False,,,,,,
3,bnci004,MMP_moe,CSP,svm_radial,coral,7,3,3,11028,0.05,no_leakage_v1_alpha005,gate_all_sources_proxy_source_only_final_training_only,mmd,,,,,moe,coral,near_nearest_proxy,final,,3,3test,target,False,,,,,,
3,bnci004,MMP_moe,CSP,svm_radial,coral,7,4,4,11059,0.05,no_leakage_v1_alpha005,gate_all_sources_proxy_source_only_final_training_only,mmd,,,,,moe,coral,near_nearest_proxy,main,0.0,0,0train,nearest,True,0.35764259851954755,4.0,direct,0.06481730605611512,0.03449823279216895,0.09991122453304403
3,bnci004,MMP_moe,CSP,svm_radial,coral,7,4,4,11059,0.05,no_leakage_v1_alpha005,gate_all_sources_proxy_source_only_final_training_only,mmd,,,,,moe,coral,near_nearest_proxy,anchor,0.0,0,0train,target,False,,4.0,direct,0.06481730605611512,0.03449823279216895,0.09991122453304403
3,bnci004,MMP_moe,CSP,svm_radial,coral,7,4,4,11059,0.05,no_leakage_v1_alpha005,gate_all_sources_proxy_source_only_final_training_only,mmd,,,,,moe,coral,near_nearest_proxy,final,0.0,0,0train,train,True,0.35764259851954755,4.0,direct,0.06481730605611512,0.03449823279216895,0.09991122453304403
3,bnci004,MMP_moe,CSP,svm_radial,coral,7,4,4,11059,0.05,no_leakage_v1_alpha005,gate_all_sources_proxy_source_only_final_training_only,mmd,,,,,moe,coral,near_nearest_proxy,main,1.0,1,1train,near,False,0.20787739402201838,4.0,direct,0.11151563469039313,0.07339570623827528,0.15809455417484938
3,bnci004,MMP_moe,CSP,svm_radial,coral,7,4,4,11059,0.05,no_leakage_v1_alpha005,gate_all_sources_proxy_source_only_final_training_only,mmd,,,,,moe,coral,near_nearest_proxy,anchor,1.0,1,1train,proxy_source,False,0.32361640660311475,4.0,direct,0.11151563469039313,0.07339570623827528,0.15809455417484938
3,bnci004,MMP_moe,CSP,svm_radial,coral,7,4,4,11059,0.05,no_leakage_v1_alpha005,gate_all_sources_proxy_source_only_final_training_only,mmd,,,,,moe,coral,near_nearest_proxy,final,1.0,1,1train,train,False,0.20787739402201838,4.0,direct,0.11151563469039313,0.07339570623827528,0.15809455417484938
3,bnci004,MMP_moe,CSP,svm_radial,coral,7,4,4,11059,0.05,no_leakage_v1_alpha005,gate_all_sources_proxy_source_only_final_training_only,mmd,,,,,moe,coral,near_nearest_proxy,main,2.0,2,2train,near,False,0.22956831087971277,4.0,direct,0.10097891016578474,0.06020789590703975,0.15293834105529075
3,bnci004,MMP_moe,CSP,svm_radial,coral,7,4,4,11059,0.05,no_leakage_v1_alpha005,gate_all_sources_proxy_source_only_final_training_only,mmd,,,,,moe,coral,near_nearest_proxy,anchor,2.0,2,2train,proxy_source,False,0.3573840829896605,4.0,direct,0.10097891016578474,0.06020789590703975,0.15293834105529075
3,bnci004,MMP_moe,CSP,svm_radial,coral,7,4,4,11059,0.05,no_leakage_v1_alpha005,gate_all_sources_proxy_source_only_final_training_only,mmd,,,,,moe,coral,near_nearest_proxy,final,2.0,2,2train,train,False,0.22956831087971277,4.0,direct,0.10097891016578474,0.06020789590703975,0.15293834105529075
3,bnci004,MMP_moe,CSP,svm_radial,coral,7,4,4,11059,0.05,no_leakage_v1_alpha005,gate_all_sources_proxy_source_only_final_training_only,mmd,,,,,moe,coral,near_nearest_proxy,main,3.0,3,3test,near,False,0.20491169657872144,4.0,direct,0.11312962063608718,0.06847985303268464,0.17640794587044137
3,bnci004,MMP_moe,CSP,svm_radial,coral,7,4,4,11059,0.05,no_leakage_v1_alpha005,gate_all_sources_proxy_source_only_final_training_only,mmd,,,,,moe,coral,near_nearest_proxy,anchor,3.0,3,3test,proxy_source,False,0.3189995104072247,4.0,direct,0.11312962063608718,0.06847985303268464,0.17640794587044137
3,bnci004,MMP_moe,CSP,svm_radial,coral,7,4,4,11059,0.05,no_leakage_v1_alpha005,gate_all_sources_proxy_source_only_final_training_only,mmd,,,,,moe,coral,near_nearest_proxy,final,3.0,3,3test,train,False,0.20491169657872144,4.0,direct,0.11312962063608718,0.06847985303268464,0.17640794587044137
3,bnci004,MMP_moe,CSP,svm_radial,coral,7,4,4,11059,0.05,no_leakage_v1_alpha005,gate_all_sources_proxy_source_only_final_training_only,mmd,,,,,moe,coral,near_nearest_proxy,main,,4,4test,target,False,,,,,,
3,bnci004,MMP_moe,CSP,svm_radial,coral,7,4,4,11059,0.05,no_leakage_v1_alpha005,gate_all_sources_proxy_source_only_final_training_only,mmd,,,,,moe,coral,near_nearest_proxy,final,,4,4test,target,False,,,,,,
3,bnci004,MMP_moe,logvar,lda,none,8,0,0,11932,0.05,no_leakage_v1_alpha005,gate_all_sources_proxy_source_only_final_training_only,mmd,,,,,moe,coral,near_nearest_proxy,main,0.0,1,1train,nearest,True,0.42838897551482413,0.0,direct,0.03182825816273658,0.013751423090317672,0.06649445891036991
3,bnci004,MMP_moe,logvar,lda,none,8,0,0,11932,0.05,no_leakage_v1_alpha005,gate_all_sources_proxy_source_only_final_training_only,mmd,,,,,moe,coral,near_nearest_proxy,anchor,0.0,1,1train,target,False,,0.0,direct,0.03182825816273658,0.013751423090317672,0.06649445891036991
3,bnci004,MMP_moe,logvar,lda,none,8,0,0,11932,0.05,no_leakage_v1_alpha005,gate_all_sources_proxy_source_only_final_training_only,mmd,,,,,moe,coral,near_nearest_proxy,final,0.0,1,1train,train,True,0.42838897551482413,0.0,direct,0.03182825816273658,0.013751423090317672,0.06649445891036991
3,bnci004,MMP_moe,logvar,lda,none,8,0,0,11932,0.05,no_leakage_v1_alpha005,gate_all_sources_proxy_source_only_final_training_only,mmd,,,,,moe,coral,near_nearest_proxy,main,1.0,2,2train,near,False,0.1651161938048006,0.0,direct,0.0825790485193545,0.057411622381429904,0.11202660414715071
3,bnci004,MMP_moe,logvar,lda,none,8,0,0,11932,0.05,no_leakage_v1_alpha005,gate_all_sources_proxy_source_only_final_training_only,mmd,,,,,moe,coral,near_nearest_proxy,anchor,1.0,2,2train,proxy_source,False,0.2888611078722865,0.0,direct,0.0825790485193545,0.057411622381429904,0.11202660414715071
3,bnci004,MMP_moe,logvar,lda,none,8,0,0,11932,0.05,no_leakage_v1_alpha005,gate_all_sources_proxy_source_only_final_training_only,mmd,,,,,moe,coral,near_nearest_proxy,final,1.0,2,2train,train,False,0.1651161938048006,0.0,direct,0.0825790485193545,0.057411622381429904,0.11202660414715071
3,bnci004,MMP_moe,logvar,lda,none,8,0,0,11932,0.05,no_leakage_v1_alpha005,gate_all_sources_proxy_source_only_final_training_only,mmd,,,,,moe,coral,near_nearest_proxy,main,2.0,3,3test,near,False,0.14974441945281727,0.0,direct,0.09105617158313137,0.05989232370809612,0.12896391351364506
3,bnci004,MMP_moe,logvar,lda,none,8,0,0,11932,0.05,no_leakage_v1_alpha005,gate_all_sources_proxy_source_only_final_training_only,mmd,,,,,moe,coral,near_nearest_proxy,anchor,2.0,3,3test,proxy_source,False,0.26196908918557904,0.0,direct,0.09105617158313137,0.05989232370809612,0.12896391351364506
3,bnci004,MMP_moe,logvar,lda,none,8,0,0,11932,0.05,no_leakage_v1_alpha005,gate_all_sources_proxy_source_only_final_training_only,mmd,,,,,moe,coral,near_nearest_proxy,final,2.0,3,3test,train,False,0.14974441945281727,0.0,direct,0.09105617158313137,0.05989232370809612,0.12896391351364506
3,bnci004,MMP_moe,logvar,lda,none,8,0,0,11932,0.05,no_leakage_v1_alpha005,gate_all_sources_proxy_source_only_final_training_only,mmd,,,,,moe,coral,near_nearest_proxy,main,3.0,4,4test,near,False,0.2567504112275581,0.0,direct,0.053106230600096664,0.024537349980444333,0.08913458959047828
3,bnci004,MMP_moe,logvar,lda,none,8,0,0,11932,0.05,no_leakage_v1_alpha005,gate_all_sources_proxy_source_only_final_training_only,mmd,,,,,moe,coral,near_nearest_proxy,anchor,3.0,4,4test,proxy_source,False,0.44916980294213454,0.0,direct,0.053106230600096664,0.024537349980444333,0.08913458959047828
3,bnci004,MMP_moe,logvar,lda,none,8,0,0,11932,0.05,no_leakage_v1_alpha005,gate_all_sources_proxy_source_only_final_training_only,mmd,,,,,moe,coral,near_nearest_proxy,final,3.0,4,4test,train,False,0.2567504112275581,0.0,direct,0.053106230600096664,0.024537349980444333,0.08913458959047828
3,bnci004,MMP_moe,logvar,lda,none,8,0,0,11932,0.05,no_leakage_v1_alpha005,gate_all_sources_proxy_source_only_final_training_only,mmd,,,,,moe,coral,near_nearest_proxy,main,,0,0train,target,False,,,,,,
3,bnci004,MMP_moe,logvar,lda,none,8,0,0,11932,0.05,no_leakage_v1_alpha005,gate_all_sources_proxy_source_only_final_training_only,mmd,,,,,moe,coral,near_nearest_proxy,final,,0,0train,target,False,,,,,,
3,bnci004,MMP_moe,logvar,lda,none,8,1,1,11963,0.05,no_leakage_v1_alpha005,gate_all_sources_proxy_source_only_final_training_only,mmd,,,,,moe,coral,near_nearest_proxy,main,0.0,0,0train,nearest,True,0.6626239765571387,1.0,direct,0.032261401274712984,0.015529166215321846,0.057254929272375285
3,bnci004,MMP_moe,logvar,lda,none,8,1,1,11963,0.05,no_leakage_v1_alpha005,gate_all_sources_proxy_source_only_final_training_only,mmd,,,,,moe,coral,near_nearest_proxy,anchor,0.0,0,0train,target,False,,1.0,direct,0.032261401274712984,0.015529166215321846,0.057254929272375285
3,bnci004,MMP_moe,logvar,lda,none,8,1,1,11963,0.05,no_leakage_v1_alpha005,gate_all_sources_proxy_source_only_final_training_only,mmd,,,,,moe,coral,near_nearest_proxy,final,0.0,0,0train,train,True,0.6626239765571387,1.0,direct,0.032261401274712984,0.015529166215321846,0.057254929272375285
3,bnci004,MMP_moe,logvar,lda,none,8,1,1,11963,0.05,no_leakage_v1_alpha005,gate_all_sources_proxy_source_only_final_training_only,mmd,,,,,moe,coral,near_nearest_proxy,main,1.0,2,2train,far,False,,1.0,direct,0.11639134603355376,0.07866340332697783,0.1691658825655494
3,bnci004,MMP_moe,logvar,lda,none,8,1,1,11963,0.05,no_leakage_v1_alpha005,gate_all_sources_proxy_source_only_final_training_only,mmd,,,,,moe,coral,near_nearest_proxy,anchor,1.0,2,2train,not_used,False,,1.0,direct,0.11639134603355376,0.07866340332697783,0.1691658825655494
3,bnci004,MMP_moe,logvar,lda,none,8,1,1,11963,0.05,no_leakage_v1_alpha005,gate_all_sources_proxy_source_only_final_training_only,mmd,,,,,moe,coral,near_nearest_proxy,final,1.0,2,2train,not_used,False,,1.0,direct,0.11639134603355376,0.07866340332697783,0.1691658825655494
3,bnci004,MMP_moe,logvar,lda,none,8,1,1,11963,0.05,no_leakage_v1_alpha005,gate_all_sources_proxy_source_only_final_training_only,mmd,,,,,moe,coral,near_nearest_proxy,main,2.0,3,3test,far,False,,1.0,direct,0.10691131583932266,0.06722006500163627,0.16274273897227476
3,bnci004,MMP_moe,logvar,lda,none,8,1,1,11963,0.05,no_leakage_v1_alpha005,gate_all_sources_proxy_source_only_final_training_only,mmd,,,,,moe,coral,near_nearest_proxy,anchor,2.0,3,3test,not_used,False,,1.0,direct,0.10691131583932266,0.06722006500163627,0.16274273897227476
3,bnci004,MMP_moe,logvar,lda,none,8,1,1,11963,0.05,no_leakage_v1_alpha005,gate_all_sources_proxy_source_only_final_training_only,mmd,,,,,moe,coral,near_nearest_proxy,final,2.0,3,3test,not_used,False,,1.0,direct,0.10691131583932266,0.06722006500163627,0.16274273897227476
3,bnci004,MMP_moe,logvar,lda,none,8,1,1,11963,0.05,no_leakage_v1_alpha005,gate_all_sources_proxy_source_only_final_training_only,mmd,,,,,moe,coral,near_nearest_proxy,main,3.0,4,4test,near,False,0.33737602344286133,1.0,direct,0.06336402638147019,0.03441368206746103,0.10087288242855204
3,bnci004,MMP_moe,logvar,lda,none,8,1,1,11963,0.05,no_leakage_v1_alpha005,gate_all_sources_proxy_source_only_final_training_only,mmd,,,,,moe,coral,near_nearest_proxy,anchor,3.0,4,4test,proxy_source,False,1.0,1.0,direct,0.06336402638147019,0.03441368206746103,0.10087288242855204
3,bnci004,MMP_moe,logvar,lda,none,8,1,1,11963,0.05,no_leakage_v1_alpha005,gate_all_sources_proxy_source_only_final_training_only,mmd,,,,,moe,coral,near_nearest_proxy,final,3.0,4,4test,train,False,0.33737602344286133,1.0,direct,0.06336402638147019,0.03441368206746103,0.10087288242855204
3,bnci004,MMP_moe,logvar,lda,none,8,1,1,11963,0.05,no_leakage_v1_alpha005,gate_all_sources_proxy_source_only_final_training_only,mmd,,,,,moe,coral,near_nearest_proxy,main,,1,1train,target,False,,,,,,
3,bnci004,MMP_moe,logvar,lda,none,8,1,1,11963,0.05,no_leakage_v1_alpha005,gate_all_sources_proxy_source_only_final_training_only,mmd,,,,,moe,coral,near_nearest_proxy,final,,1,1train,target,False,,,,,,
3,bnci004,MMP_moe,logvar,lda,none,8,2,2,11994,0.05,no_leakage_v1_alpha005,gate_all_sources_proxy_source_only_final_training_only,mmd,,,,,moe,coral,near_nearest_proxy,main,0.0,0,0train,near,False,0.21318663342453673,2.0,direct,0.09897052436258182,0.07359141921988939,0.1351006855460722
3,bnci004,MMP_moe,logvar,lda,none,8,2,2,11994,0.05,no_leakage_v1_alpha005,gate_all_sources_proxy_source_only_final_training_only,mmd,,,,,moe,coral,near_nearest_proxy,anchor,0.0,0,0train,proxy_source,False,0.4080741248594477,2.0,direct,0.09897052436258182,0.07359141921988939,0.1351006855460722
3,bnci004,MMP_moe,logvar,lda,none,8,2,2,11994,0.05,no_leakage_v1_alpha005,gate_all_sources_proxy_source_only_final_training_only,mmd,,,,,moe,coral,near_nearest_proxy,final,0.0,0,0train,train,False,0.21318663342453673,2.0,direct,0.09897052436258182,0.07359141921988939,0.1351006855460722
3,bnci004,MMP_moe,logvar,lda,none,8,2,2,11994,0.05,no_leakage_v1_alpha005,gate_all_sources_proxy_source_only_final_training_only,mmd,,,,,moe,coral,near_nearest_proxy,main,1.0,1,1train,far,False,,2.0,direct,0.12990112829798126,0.08973352345553343,0.1689547360804407
3,bnci004,MMP_moe,logvar,lda,none,8,2,2,11994,0.05,no_leakage_v1_alpha005,gate_all_sources_proxy_source_only_final_training_only,mmd,,,,,moe,coral,near_nearest_proxy,anchor,1.0,1,1train,not_used,False,,2.0,direct,0.12990112829798126,0.08973352345553343,0.1689547360804407
3,bnci004,MMP_moe,logvar,lda,none,8,2,2,11994,0.05,no_leakage_v1_alpha005,gate_all_sources_proxy_source_only_final_training_only,mmd,,,,,moe,coral,near_nearest_proxy,final,1.0,1,1train,not_used,False,,2.0,direct,0.12990112829798126,0.08973352345553343,0.1689547360804407
3,bnci004,MMP_moe,logvar,lda,none,8,2,2,11994,0.05,no_leakage_v1_alpha005,gate_all_sources_proxy_source_only_final_training_only,mmd,,,,,moe,coral,near_nearest_proxy,main,2.0,3,3test,nearest,True,0.47757865437323627,2.0,direct,0.04417896049560408,0.024321729512622566,0.0748134011751396
3,bnci004,MMP_moe,logvar,lda,none,8,2,2,11994,0.05,no_leakage_v1_alpha005,gate_all_sources_proxy_source_only_final_training_only,mmd,,,,,moe,coral,near_nearest_proxy,anchor,2.0,3,3test,target,False,,2.0,direct,0.04417896049560408,0.024321729512622566,0.0748134011751396
3,bnci004,MMP_moe,logvar,lda,none,8,2,2,11994,0.05,no_leakage_v1_alpha005,gate_all_sources_proxy_source_only_final_training_only,mmd,,,,,moe,coral,near_nearest_proxy,final,2.0,3,3test,train,True,0.47757865437323627,2.0,direct,0.04417896049560408,0.024321729512622566,0.0748134011751396
3,bnci004,MMP_moe,logvar,lda,none,8,2,2,11994,0.05,no_leakage_v1_alpha005,gate_all_sources_proxy_source_only_final_training_only,mmd,,,,,moe,coral,near_nearest_proxy,main,3.0,4,4test,near,False,0.3092347122022271,2.0,direct,0.06823004021373633,0.03464194334536337,0.10270183148848054
3,bnci004,MMP_moe,logvar,lda,none,8,2,2,11994,0.05,no_leakage_v1_alpha005,gate_all_sources_proxy_source_only_final_training_only,mmd,,,,,moe,coral,near_nearest_proxy,anchor,3.0,4,4test,proxy_source,False,0.5919258751405522,2.0,direct,0.06823004021373633,0.03464194334536337,0.10270183148848054
3,bnci004,MMP_moe,logvar,lda,none,8,2,2,11994,0.05,no_leakage_v1_alpha005,gate_all_sources_proxy_source_only_final_training_only,mmd,,,,,moe,coral,near_nearest_proxy,final,3.0,4,4test,train,False,0.3092347122022271,2.0,direct,0.06823004021373633,0.03464194334536337,0.10270183148848054
3,bnci004,MMP_moe,logvar,lda,none,8,2,2,11994,0.05,no_leakage_v1_alpha005,gate_all_sources_proxy_source_only_final_training_only,mmd,,,,,moe,coral,near_nearest_proxy,main,,2,2train,target,False,,,,,,
3,bnci004,MMP_moe,logvar,lda,none,8,2,2,11994,0.05,no_leakage_v1_alpha005,gate_all_sources_proxy_source_only_final_training_only,mmd,,,,,moe,coral,near_nearest_proxy,final,,2,2train,target,False,,,,,,
3,bnci004,MMP_moe,logvar,lda,none,8,3,3,12025,0.05,no_leakage_v1_alpha005,gate_all_sources_proxy_source_only_final_training_only,mmd,,,,,moe,coral,near_nearest_proxy,main,0.0,0,0train,near,False,0.20095299610245154,3.0,direct,0.10002244961256011,0.07041813284813482,0.13180245336431862
3,bnci004,MMP_moe,logvar,lda,none,8,3,3,12025,0.05,no_leakage_v1_alpha005,gate_all_sources_proxy_source_only_final_training_only,mmd,,,,,moe,coral,near_nearest_proxy,anchor,0.0,0,0train,proxy_source,False,0.3363719325086624,3.0,direct,0.10002244961256011,0.07041813284813482,0.13180245336431862
3,bnci004,MMP_moe,logvar,lda,none,8,3,3,12025,0.05,no_leakage_v1_alpha005,gate_all_sources_proxy_source_only_final_training_only,mmd,,,,,moe,coral,near_nearest_proxy,final,0.0,0,0train,train,False,0.20095299610245154,3.0,direct,0.10002244961256011,0.07041813284813482,0.13180245336431862
3,bnci004,MMP_moe,logvar,lda,none,8,3,3,12025,0.05,no_leakage_v1_alpha005,gate_all_sources_proxy_source_only_final_training_only,mmd,,,,,moe,coral,near_nearest_proxy,main,1.0,1,1train,near,False,0.20252621617799554,3.0,direct,0.09924546921997063,0.06638353013078441,0.1368299904693602
3,bnci004,MMP_moe,logvar,lda,none,8,3,3,12025,0.05,no_leakage_v1_alpha005,gate_all_sources_proxy_source_only_final_training_only,mmd,,,,,moe,coral,near_nearest_proxy,anchor,1.0,1,1train,proxy_source,False,0.33900531985463833,3.0,direct,0.09924546921997063,0.06638353013078441,0.1368299904693602
3,bnci004,MMP_moe,logvar,lda,none,8,3,3,12025,0.05,no_leakage_v1_alpha005,gate_all_sources_proxy_source_only_final_training_only,mmd,,,,,moe,coral,near_nearest_proxy,final,1.0,1,1train,train,False,0.20252621617799554,3.0,direct,0.09924546921997063,0.06638353013078441,0.1368299904693602
3,bnci004,MMP_moe,logvar,lda,none,8,3,3,12025,0.05,no_leakage_v1_alpha005,gate_all_sources_proxy_source_only_final_training_only,mmd,,,,,moe,coral,near_nearest_proxy,main,2.0,2,2train,nearest,True,0.402586908474367,3.0,direct,0.04992613736350007,0.02853160426467645,0.08051012967282409
3,bnci004,MMP_moe,logvar,lda,none,8,3,3,12025,0.05,no_leakage_v1_alpha005,gate_all_sources_proxy_source_only_final_training_only,mmd,,,,,moe,coral,near_nearest_proxy,anchor,2.0,2,2train,target,False,,3.0,direct,0.04992613736350007,0.02853160426467645,0.08051012967282409
3,bnci004,MMP_moe,logvar,lda,none,8,3,3,12025,0.05,no_leakage_v1_alpha005,gate_all_sources_proxy_source_only_final_training_only,mmd,,,,,moe,coral,near_nearest_proxy,final,2.0,2,2train,train,True,0.402586908474367,3.0,direct,0.04992613736350007,0.02853160426467645,0.08051012967282409
3,bnci004,MMP_moe,logvar,lda,none,8,3,3,12025,0.05,no_leakage_v1_alpha005,gate_all_sources_proxy_source_only_final_training_only,mmd,,,,,moe,coral,near_nearest_proxy,main,3.0,4,4test,near,False,0.19393387924518585,3.0,direct,0.10364263337843925,0.0671167153320403,0.1453871545190372
3,bnci004,MMP_moe,logvar,lda,none,8,3,3,12025,0.05,no_leakage_v1_alpha005,gate_all_sources_proxy_source_only_final_training_only,mmd,,,,,moe,coral,near_nearest_proxy,anchor,3.0,4,4test,proxy_source,False,0.32462274763669924,3.0,direct,0.10364263337843925,0.0671167153320403,0.1453871545190372
3,bnci004,MMP_moe,logvar,lda,none,8,3,3,12025,0.05,no_leakage_v1_alpha005,gate_all_sources_proxy_source_only_final_training_only,mmd,,,,,moe,coral,near_nearest_proxy,final,3.0,4,4test,train,False,0.19393387924518585,3.0,direct,0.10364263337843925,0.0671167153320403,0.1453871545190372
3,bnci004,MMP_moe,logvar,lda,none,8,3,3,12025,0.05,no_leakage_v1_alpha005,gate_all_sources_proxy_source_only_final_training_only,mmd,,,,,moe,coral,near_nearest_proxy,main,,3,3test,target,False,,,,,,
3,bnci004,MMP_moe,logvar,lda,none,8,3,3,12025,0.05,no_leakage_v1_alpha005,gate_all_sources_proxy_source_only_final_training_only,mmd,,,,,moe,coral,near_nearest_proxy,final,,3,3test,target,False,,,,,,
3,bnci004,MMP_moe,logvar,lda,none,8,4,4,12056,0.05,no_leakage_v1_alpha005,gate_all_sources_proxy_source_only_final_training_only,mmd,,,,,moe,coral,near_nearest_proxy,main,0.0,0,0train,nearest,True,0.3433489594589893,4.0,direct,0.05356251641307685,0.028355221430246387,0.0851018893797696
3,bnci004,MMP_moe,logvar,lda,none,8,4,4,12056,0.05,no_leakage_v1_alpha005,gate_all_sources_proxy_source_only_final_training_only,mmd,,,,,moe,coral,near_nearest_proxy,anchor,0.0,0,0train,target,False,,4.0,direct,0.05356251641307685,0.028355221430246387,0.0851018893797696
3,bnci004,MMP_moe,logvar,lda,none,8,4,4,12056,0.05,no_leakage_v1_alpha005,gate_all_sources_proxy_source_only_final_training_only,mmd,,,,,moe,coral,near_nearest_proxy,final,0.0,0,0train,train,True,0.3433489594589893,4.0,direct,0.05356251641307685,0.028355221430246387,0.0851018893797696
3,bnci004,MMP_moe,logvar,lda,none,8,4,4,12056,0.05,no_leakage_v1_alpha005,gate_all_sources_proxy_source_only_final_training_only,mmd,,,,,moe,coral,near_nearest_proxy,main,1.0,1,1train,near,False,0.275142634654177,4.0,direct,0.06684061343628114,0.040254730998007054,0.09663469225905483
3,bnci004,MMP_moe,logvar,lda,none,8,4,4,12056,0.05,no_leakage_v1_alpha005,gate_all_sources_proxy_source_only_final_training_only,mmd,,,,,moe,coral,near_nearest_proxy,anchor,1.0,1,1train,proxy_source,False,0.41900890681219155,4.0,direct,0.06684061343628114,0.040254730998007054,0.09663469225905483
3,bnci004,MMP_moe,logvar,lda,none,8,4,4,12056,0.05,no_leakage_v1_alpha005,gate_all_sources_proxy_source_only_final_training_only,mmd,,,,,moe,coral,near_nearest_proxy,final,1.0,1,1train,train,False,0.275142634654177,4.0,direct,0.06684061343628114,0.040254730998007054,0.09663469225905483
3,bnci004,MMP_moe,logvar,lda,none,8,4,4,12056,0.05,no_leakage_v1_alpha005,gate_all_sources_proxy_source_only_final_training_only,mmd,,,,,moe,coral,near_nearest_proxy,main,2.0,2,2train,near,False,0.23101338770957583,4.0,direct,0.079609007920905,0.038441188872581314,0.1365020974714141
3,bnci004,MMP_moe,logvar,lda,none,8,4,4,12056,0.05,no_leakage_v1_alpha005,gate_all_sources_proxy_source_only_final_training_only,mmd,,,,,moe,coral,near_nearest_proxy,anchor,2.0,2,2train,proxy_source,False,0.35180540872857724,4.0,direct,0.079609007920905,0.038441188872581314,0.1365020974714141
3,bnci004,MMP_moe,logvar,lda,none,8,4,4,12056,0.05,no_leakage_v1_alpha005,gate_all_sources_proxy_source_only_final_training_only,mmd,,,,,moe,coral,near_nearest_proxy,final,2.0,2,2train,train,False,0.23101338770957583,4.0,direct,0.079609007920905,0.038441188872581314,0.1365020974714141
3,bnci004,MMP_moe,logvar,lda,none,8,4,4,12056,0.05,no_leakage_v1_alpha005,gate_all_sources_proxy_source_only_final_training_only,mmd,,,,,moe,coral,near_nearest_proxy,main,3.0,3,3test,near,False,0.15049501817725788,4.0,direct,0.1222022320281389,0.07595518901221462,0.17000333434466758
3,bnci004,MMP_moe,logvar,lda,none,8,4,4,12056,0.05,no_leakage_v1_alpha005,gate_all_sources_proxy_source_only_final_training_only,mmd,,,,,moe,coral,near_nearest_proxy,anchor,3.0,3,3test,proxy_source,False,0.22918568445923115,4.0,direct,0.1222022320281389,0.07595518901221462,0.17000333434466758
3,bnci004,MMP_moe,logvar,lda,none,8,4,4,12056,0.05,no_leakage_v1_alpha005,gate_all_sources_proxy_source_only_final_training_only,mmd,,,,,moe,coral,near_nearest_proxy,final,3.0,3,3test,train,False,0.15049501817725788,4.0,direct,0.1222022320281389,0.07595518901221462,0.17000333434466758
3,bnci004,MMP_moe,logvar,lda,none,8,4,4,12056,0.05,no_leakage_v1_alpha005,gate_all_sources_proxy_source_only_final_training_only,mmd,,,,,moe,coral,near_nearest_proxy,main,,4,4test,target,False,,,,,,
3,bnci004,MMP_moe,logvar,lda,none,8,4,4,12056,0.05,no_leakage_v1_alpha005,gate_all_sources_proxy_source_only_final_training_only,mmd,,,,,moe,coral,near_nearest_proxy,final,,4,4test,target,False,,,,,,
3,bnci004,MMP_moe,logvar,lda,sa,9,0,0,12929,0.05,no_leakage_v1_alpha005,gate_all_sources_proxy_source_only_final_training_only,mmd,,,,,moe,coral,near_nearest_proxy,main,0.0,1,1train,nearest,True,0.4311464636188715,0.0,direct,0.0317307561460322,0.013602109831895123,0.060367048657996476
3,bnci004,MMP_moe,logvar,lda,sa,9,0,0,12929,0.05,no_leakage_v1_alpha005,gate_all_sources_proxy_source_only_final_training_only,mmd,,,,,moe,coral,near_nearest_proxy,anchor,0.0,1,1train,target,False,,0.0,direct,0.0317307561460322,0.013602109831895123,0.060367048657996476
3,bnci004,MMP_moe,logvar,lda,sa,9,0,0,12929,0.05,no_leakage_v1_alpha005,gate_all_sources_proxy_source_only_final_training_only,mmd,,,,,moe,coral,near_nearest_proxy,final,0.0,1,1train,train,True,0.4311464636188715,0.0,direct,0.0317307561460322,0.013602109831895123,0.060367048657996476
3,bnci004,MMP_moe,logvar,lda,sa,9,0,0,12929,0.05,no_leakage_v1_alpha005,gate_all_sources_proxy_source_only_final_training_only,mmd,,,,,moe,coral,near_nearest_proxy,main,1.0,2,2train,near,False,0.16473681981155458,0.0,direct,0.08304682417451154,0.05760650163904817,0.11753537531571367
3,bnci004,MMP_moe,logvar,lda,sa,9,0,0,12929,0.05,no_leakage_v1_alpha005,gate_all_sources_proxy_source_only_final_training_only,mmd,,,,,moe,coral,near_nearest_proxy,anchor,1.0,2,2train,proxy_source,False,0.2895944373653008,0.0,direct,0.08304682417451154,0.05760650163904817,0.11753537531571367
3,bnci004,MMP_moe,logvar,lda,sa,9,0,0,12929,0.05,no_leakage_v1_alpha005,gate_all_sources_proxy_source_only_final_training_only,mmd,,,,,moe,coral,near_nearest_proxy,final,1.0,2,2train,train,False,0.16473681981155458,0.0,direct,0.08304682417451154,0.05760650163904817,0.11753537531571367
3,bnci004,MMP_moe,logvar,lda,sa,9,0,0,12929,0.05,no_leakage_v1_alpha005,gate_all_sources_proxy_source_only_final_training_only,mmd,,,,,moe,coral,near_nearest_proxy,main,2.0,3,3test,near,False,0.15330441023602254,0.0,direct,0.08923997112219599,0.05902925557645497,0.13725122262877631
3,bnci004,MMP_moe,logvar,lda,sa,9,0,0,12929,0.05,no_leakage_v1_alpha005,gate_all_sources_proxy_source_only_final_training_only,mmd,,,,,moe,coral,near_nearest_proxy,anchor,2.0,3,3test,proxy_source,False,0.2694971560013463,0.0,direct,0.08923997112219599,0.05902925557645497,0.13725122262877631
3,bnci004,MMP_moe,logvar,lda,sa,9,0,0,12929,0.05,no_leakage_v1_alpha005,gate_all_sources_proxy_source_only_final_training_only,mmd,,,,,moe,coral,near_nearest_proxy,final,2.0,3,3test,train,False,0.15330441023602254,0.0,direct,0.08923997112219599,0.05902925557645497,0.13725122262877631
3,bnci004,MMP_moe,logvar,lda,sa,9,0,0,12929,0.05,no_leakage_v1_alpha005,gate_all_sources_proxy_source_only_final_training_only,mmd,,,,,moe,coral,near_nearest_proxy,main,3.0,4,4test,near,False,0.2508123063335514,0.0,direct,0.054545902609252274,0.027255784634404277,0.09016732275260322
3,bnci004,MMP_moe,logvar,lda,sa,9,0,0,12929,0.05,no_leakage_v1_alpha005,gate_all_sources_proxy_source_only_final_training_only,mmd,,,,,moe,coral,near_nearest_proxy,anchor,3.0,4,4test,proxy_source,False,0.44090840663335285,0.0,direct,0.054545902609252274,0.027255784634404277,0.09016732275260322
3,bnci004,MMP_moe,logvar,lda,sa,9,0,0,12929,0.05,no_leakage_v1_alpha005,gate_all_sources_proxy_source_only_final_training_only,mmd,,,,,moe,coral,near_nearest_proxy,final,3.0,4,4test,train,False,0.2508123063335514,0.0,direct,0.054545902609252274,0.027255784634404277,0.09016732275260322
3,bnci004,MMP_moe,logvar,lda,sa,9,0,0,12929,0.05,no_leakage_v1_alpha005,gate_all_sources_proxy_source_only_final_training_only,mmd,,,,,moe,coral,near_nearest_proxy,main,,0,0train,target,False,,,,,,
3,bnci004,MMP_moe,logvar,lda,sa,9,0,0,12929,0.05,no_leakage_v1_alpha005,gate_all_sources_proxy_source_only_final_training_only,mmd,,,,,moe,coral,near_nearest_proxy,final,,0,0train,target,False,,,,,,
3,bnci004,MMP_moe,logvar,lda,sa,9,1,1,12960,0.05,no_leakage_v1_alpha005,gate_all_sources_proxy_source_only_final_training_only,mmd,,,,,moe,coral,near_nearest_proxy,main,0.0,0,0train,nearest,True,0.6643687744139327,1.0,direct,0.03191125937678312,0.013503910963138618,0.05732754017556199
3,bnci004,MMP_moe,logvar,lda,sa,9,1,1,12960,0.05,no_leakage_v1_alpha005,gate_all_sources_proxy_source_only_final_training_only,mmd,,,,,moe,coral,near_nearest_proxy,anchor,0.0,0,0train,target,False,,1.0,direct,0.03191125937678312,0.013503910963138618,0.05732754017556199
3,bnci004,MMP_moe,logvar,lda,sa,9,1,1,12960,0.05,no_leakage_v1_alpha005,gate_all_sources_proxy_source_only_final_training_only,mmd,,,,,moe,coral,near_nearest_proxy,final,0.0,0,0train,train,True,0.6643687744139327,1.0,direct,0.03191125937678312,0.013503910963138618,0.05732754017556199
3,bnci004,MMP_moe,logvar,lda,sa,9,1,1,12960,0.05,no_leakage_v1_alpha005,gate_all_sources_proxy_source_only_final_training_only,mmd,,,,,moe,coral,near_nearest_proxy,main,1.0,2,2train,far,False,,1.0,direct,0.1124260467999128,0.07183952756426522,0.15680788163548323
3,bnci004,MMP_moe,logvar,lda,sa,9,1,1,12960,0.05,no_leakage_v1_alpha005,gate_all_sources_proxy_source_only_final_training_only,mmd,,,,,moe,coral,near_nearest_proxy,anchor,1.0,2,2train,not_used,False,,1.0,direct,0.1124260467999128,0.07183952756426522,0.15680788163548323
3,bnci004,MMP_moe,logvar,lda,sa,9,1,1,12960,0.05,no_leakage_v1_alpha005,gate_all_sources_proxy_source_only_final_training_only,mmd,,,,,moe,coral,near_nearest_proxy,final,1.0,2,2train,not_used,False,,1.0,direct,0.1124260467999128,0.07183952756426522,0.15680788163548323
3,bnci004,MMP_moe,logvar,lda,sa,9,1,1,12960,0.05,no_leakage_v1_alpha005,gate_all_sources_proxy_source_only_final_training_only,mmd,,,,,moe,coral,near_nearest_proxy,main,2.0,3,3test,far,False,,1.0,direct,0.11198602993187375,0.07211232969121037,0.1691909212568927
3,bnci004,MMP_moe,logvar,lda,sa,9,1,1,12960,0.05,no_leakage_v1_alpha005,gate_all_sources_proxy_source_only_final_training_only,mmd,,,,,moe,coral,near_nearest_proxy,anchor,2.0,3,3test,not_used,False,,1.0,direct,0.11198602993187375,0.07211232969121037,0.1691909212568927
3,bnci004,MMP_moe,logvar,lda,sa,9,1,1,12960,0.05,no_leakage_v1_alpha005,gate_all_sources_proxy_source_only_final_training_only,mmd,,,,,moe,coral,near_nearest_proxy,final,2.0,3,3test,not_used,False,,1.0,direct,0.11198602993187375,0.07211232969121037,0.1691909212568927
3,bnci004,MMP_moe,logvar,lda,sa,9,1,1,12960,0.05,no_leakage_v1_alpha005,gate_all_sources_proxy_source_only_final_training_only,mmd,,,,,moe,coral,near_nearest_proxy,main,3.0,4,4test,near,False,0.33563122558606734,1.0,direct,0.0631680588797619,0.038214914385235554,0.10132900349000293
3,bnci004,MMP_moe,logvar,lda,sa,9,1,1,12960,0.05,no_leakage_v1_alpha005,gate_all_sources_proxy_source_only_final_training_only,mmd,,,,,moe,coral,near_nearest_proxy,anchor,3.0,4,4test,proxy_source,False,1.0,1.0,direct,0.0631680588797619,0.038214914385235554,0.10132900349000293
3,bnci004,MMP_moe,logvar,lda,sa,9,1,1,12960,0.05,no_leakage_v1_alpha005,gate_all_sources_proxy_source_only_final_training_only,mmd,,,,,moe,coral,near_nearest_proxy,final,3.0,4,4test,train,False,0.33563122558606734,1.0,direct,0.0631680588797619,0.038214914385235554,0.10132900349000293
3,bnci004,MMP_moe,logvar,lda,sa,9,1,1,12960,0.05,no_leakage_v1_alpha005,gate_all_sources_proxy_source_only_final_training_only,mmd,,,,,moe,coral,near_nearest_proxy,main,,1,1train,target,False,,,,,,
3,bnci004,MMP_moe,logvar,lda,sa,9,1,1,12960,0.05,no_leakage_v1_alpha005,gate_all_sources_proxy_source_only_final_training_only,mmd,,,,,moe,coral,near_nearest_proxy,final,,1,1train,target,False,,,,,,
3,bnci004,MMP_moe,logvar,lda,sa,9,2,2,12991,0.05,no_leakage_v1_alpha005,gate_all_sources_proxy_source_only_final_training_only,mmd,,,,,moe,coral,near_nearest_proxy,main,0.0,0,0train,near,False,0.21235805166633157,2.0,direct,0.09930888124002576,0.06778359042150536,0.13248359865021464
3,bnci004,MMP_moe,logvar,lda,sa,9,2,2,12991,0.05,no_leakage_v1_alpha005,gate_all_sources_proxy_source_only_final_training_only,mmd,,,,,moe,coral,near_nearest_proxy,anchor,0.0,0,0train,proxy_source,False,0.4046306904071886,2.0,direct,0.09930888124002576,0.06778359042150536,0.13248359865021464
3,bnci004,MMP_moe,logvar,lda,sa,9,2,2,12991,0.05,no_leakage_v1_alpha005,gate_all_sources_proxy_source_only_final_training_only,mmd,,,,,moe,coral,near_nearest_proxy,final,0.0,0,0train,train,False,0.21235805166633157,2.0,direct,0.09930888124002576,0.06778359042150536,0.13248359865021464
3,bnci004,MMP_moe,logvar,lda,sa,9,2,2,12991,0.05,no_leakage_v1_alpha005,gate_all_sources_proxy_source_only_final_training_only,mmd,,,,,moe,coral,near_nearest_proxy,main,1.0,1,1train,far,False,,2.0,direct,0.12918877691514113,0.08853174325643877,0.1668498649526194
3,bnci004,MMP_moe,logvar,lda,sa,9,2,2,12991,0.05,no_leakage_v1_alpha005,gate_all_sources_proxy_source_only_final_training_only,mmd,,,,,moe,coral,near_nearest_proxy,anchor,1.0,1,1train,not_used,False,,2.0,direct,0.12918877691514113,0.08853174325643877,0.1668498649526194
3,bnci004,MMP_moe,logvar,lda,sa,9,2,2,12991,0.05,no_leakage_v1_alpha005,gate_all_sources_proxy_source_only_final_training_only,mmd,,,,,moe,coral,near_nearest_proxy,final,1.0,1,1train,not_used,False,,2.0,direct,0.12918877691514113,0.08853174325643877,0.1668498649526194
3,bnci004,MMP_moe,logvar,lda,sa,9,2,2,12991,0.05,no_leakage_v1_alpha005,gate_all_sources_proxy_source_only_final_training_only,mmd,,,,,moe,coral,near_nearest_proxy,main,2.0,3,3test,nearest,True,0.47518056168050155,2.0,direct,0.04438055638514204,0.026445557293392805,0.07667577096343585
3,bnci004,MMP_moe,logvar,lda,sa,9,2,2,12991,0.05,no_leakage_v1_alpha005,gate_all_sources_proxy_source_only_final_training_only,mmd,,,,,moe,coral,near_nearest_proxy,anchor,2.0,3,3test,target,False,,2.0,direct,0.04438055638514204,0.026445557293392805,0.07667577096343585
3,bnci004,MMP_moe,logvar,lda,sa,9,2,2,12991,0.05,no_leakage_v1_alpha005,gate_all_sources_proxy_source_only_final_training_only,mmd,,,,,moe,coral,near_nearest_proxy,final,2.0,3,3test,train,True,0.47518056168050155,2.0,direct,0.04438055638514204,0.026445557293392805,0.07667577096343585
3,bnci004,MMP_moe,logvar,lda,sa,9,2,2,12991,0.05,no_leakage_v1_alpha005,gate_all_sources_proxy_source_only_final_training_only,mmd,,,,,moe,coral,near_nearest_proxy,main,3.0,4,4test,near,False,0.31246138665316686,2.0,direct,0.06749294898754572,0.041340438408541055,0.100136578002858
3,bnci004,MMP_moe,logvar,lda,sa,9,2,2,12991,0.05,no_leakage_v1_alpha005,gate_all_sources_proxy_source_only_final_training_only,mmd,,,,,moe,coral,near_nearest_proxy,anchor,3.0,4,4test,proxy_source,False,0.5953693095928114,2.0,direct,0.06749294898754572,0.041340438408541055,0.100136578002858
3,bnci004,MMP_moe,logvar,lda,sa,9,2,2,12991,0.05,no_leakage_v1_alpha005,gate_all_sources_proxy_source_only_final_training_only,mmd,,,,,moe,coral,near_nearest_proxy,final,3.0,4,4test,train,False,0.31246138665316686,2.0,direct,0.06749294898754572,0.041340438408541055,0.100136578002858
3,bnci004,MMP_moe,logvar,lda,sa,9,2,2,12991,0.05,no_leakage_v1_alpha005,gate_all_sources_proxy_source_only_final_training_only,mmd,,,,,moe,coral,near_nearest_proxy,main,,2,2train,target,False,,,,,,
3,bnci004,MMP_moe,logvar,lda,sa,9,2,2,12991,0.05,no_leakage_v1_alpha005,gate_all_sources_proxy_source_only_final_training_only,mmd,,,,,moe,coral,near_nearest_proxy,final,,2,2train,target,False,,,,,,
3,bnci004,MMP_moe,logvar,lda,sa,9,3,3,13022,0.05,no_leakage_v1_alpha005,gate_all_sources_proxy_source_only_final_training_only,mmd,,,,,moe,coral,near_nearest_proxy,main,0.0,0,0train,far,False,,3.0,direct,0.10036734856066,0.07285230790579832,0.13555047788532182
3,bnci004,MMP_moe,logvar,lda,sa,9,3,3,13022,0.05,no_leakage_v1_alpha005,gate_all_sources_proxy_source_only_final_training_only,mmd,,,,,moe,coral,near_nearest_proxy,anchor,0.0,0,0train,not_used,False,,3.0,direct,0.10036734856066,0.07285230790579832,0.13555047788532182
3,bnci004,MMP_moe,logvar,lda,sa,9,3,3,13022,0.05,no_leakage_v1_alpha005,gate_all_sources_proxy_source_only_final_training_only,mmd,,,,,moe,coral,near_nearest_proxy,final,0.0,0,0train,not_used,False,,3.0,direct,0.10036734856066,0.07285230790579832,0.13555047788532182
3,bnci004,MMP_moe,logvar,lda,sa,9,3,3,13022,0.05,no_leakage_v1_alpha005,gate_all_sources_proxy_source_only_final_training_only,mmd,,,,,moe,coral,near_nearest_proxy,main,1.0,1,1train,far,False,,3.0,direct,0.1002233405870277,0.07146744251860684,0.13790488831326944
3,bnci004,MMP_moe,logvar,lda,sa,9,3,3,13022,0.05,no_leakage_v1_alpha005,gate_all_sources_proxy_source_only_final_training_only,mmd,,,,,moe,coral,near_nearest_proxy,anchor,1.0,1,1train,not_used,False,,3.0,direct,0.1002233405870277,0.07146744251860684,0.13790488831326944
3,bnci004,MMP_moe,logvar,lda,sa,9,3,3,13022,0.05,no_leakage_v1_alpha005,gate_all_sources_proxy_source_only_final_training_only,mmd,,,,,moe,coral,near_nearest_proxy,final,1.0,1,1train,not_used,False,,3.0,direct,0.1002233405870277,0.07146744251860684,0.13790488831326944
3,bnci004,MMP_moe,logvar,lda,sa,9,3,3,13022,0.05,no_leakage_v1_alpha005,gate_all_sources_proxy_source_only_final_training_only,mmd,,,,,moe,coral,near_nearest_proxy,main,2.0,2,2train,nearest,True,0.6799825558839399,3.0,direct,0.04756295911963329,0.027717966299128528,0.06931576955809017
3,bnci004,MMP_moe,logvar,lda,sa,9,3,3,13022,0.05,no_leakage_v1_alpha005,gate_all_sources_proxy_source_only_final_training_only,mmd,,,,,moe,coral,near_nearest_proxy,anchor,2.0,2,2train,target,False,,3.0,direct,0.04756295911963329,0.027717966299128528,0.06931576955809017
3,bnci004,MMP_moe,logvar,lda,sa,9,3,3,13022,0.05,no_leakage_v1_alpha005,gate_all_sources_proxy_source_only_final_training_only,mmd,,,,,moe,coral,near_nearest_proxy,final,2.0,2,2train,train,True,0.6799825558839399,3.0,direct,0.04756295911963329,0.027717966299128528,0.06931576955809017
3,bnci004,MMP_moe,logvar,lda,sa,9,3,3,13022,0.05,no_leakage_v1_alpha005,gate_all_sources_proxy_source_only_final_training_only,mmd,,,,,moe,coral,near_nearest_proxy,main,3.0,4,4test,near,False,0.3200174441160601,3.0,direct,0.10106431092223156,0.06617836861606931,0.13713414699575324
3,bnci004,MMP_moe,logvar,lda,sa,9,3,3,13022,0.05,no_leakage_v1_alpha005,gate_all_sources_proxy_source_only_final_training_only,mmd,,,,,moe,coral,near_nearest_proxy,anchor,3.0,4,4test,proxy_source,False,1.0,3.0,direct,0.10106431092223156,0.06617836861606931,0.13713414699575324
3,bnci004,MMP_moe,logvar,lda,sa,9,3,3,13022,0.05,no_leakage_v1_alpha005,gate_all_sources_proxy_source_only_final_training_only,mmd,,,,,moe,coral,near_nearest_proxy,final,3.0,4,4test,train,False,0.3200174441160601,3.0,direct,0.10106431092223156,0.06617836861606931,0.13713414699575324
3,bnci004,MMP_moe,logvar,lda,sa,9,3,3,13022,0.05,no_leakage_v1_alpha005,gate_all_sources_proxy_source_only_final_training_only,mmd,,,,,moe,coral,near_nearest_proxy,main,,3,3test,target,False,,,,,,
3,bnci004,MMP_moe,logvar,lda,sa,9,3,3,13022,0.05,no_leakage_v1_alpha005,gate_all_sources_proxy_source_only_final_training_only,mmd,,,,,moe,coral,near_nearest_proxy,final,,3,3test,target,False,,,,,,
3,bnci004,MMP_moe,logvar,lda,sa,9,4,4,13053,0.05,no_leakage_v1_alpha005,gate_all_sources_proxy_source_only_final_training_only,mmd,,,,,moe,coral,near_nearest_proxy,main,0.0,0,0train,nearest,True,0.34801588313587317,4.0,direct,0.05361363145598337,0.030384997601565898,0.08449236165175161
3,bnci004,MMP_moe,logvar,lda,sa,9,4,4,13053,0.05,no_leakage_v1_alpha005,gate_all_sources_proxy_source_only_final_training_only,mmd,,,,,moe,coral,near_nearest_proxy,anchor,0.0,0,0train,target,False,,4.0,direct,0.05361363145598337,0.030384997601565898,0.08449236165175161
3,bnci004,MMP_moe,logvar,lda,sa,9,4,4,13053,0.05,no_leakage_v1_alpha005,gate_all_sources_proxy_source_only_final_training_only,mmd,,,,,moe,coral,near_nearest_proxy,final,0.0,0,0train,train,True,0.34801588313587317,4.0,direct,0.05361363145598337,0.030384997601565898,0.08449236165175161
3,bnci004,MMP_moe,logvar,lda,sa,9,4,4,13053,0.05,no_leakage_v1_alpha005,gate_all_sources_proxy_source_only_final_training_only,mmd,,,,,moe,coral,near_nearest_proxy,main,1.0,1,1train,near,False,0.2764014302794628,4.0,direct,0.06750495789715348,0.04018792551254913,0.105442970636669
3,bnci004,MMP_moe,logvar,lda,sa,9,4,4,13053,0.05,no_leakage_v1_alpha005,gate_all_sources_proxy_source_only_final_training_only,mmd,,,,,moe,coral,near_nearest_proxy,anchor,1.0,1,1train,proxy_source,False,0.4239389014703018,4.0,direct,0.06750495789715348,0.04018792551254913,0.105442970636669
3,bnci004,MMP_moe,logvar,lda,sa,9,4,4,13053,0.05,no_leakage_v1_alpha005,gate_all_sources_proxy_source_only_final_training_only,mmd,,,,,moe,coral,near_nearest_proxy,final,1.0,1,1train,train,False,0.2764014302794628,4.0,direct,0.06750495789715348,0.04018792551254913,0.105442970636669
3,bnci004,MMP_moe,logvar,lda,sa,9,4,4,13053,0.05,no_leakage_v1_alpha005,gate_all_sources_proxy_source_only_final_training_only,mmd,,,,,moe,coral,near_nearest_proxy,main,2.0,2,2train,near,False,0.22980848568933962,4.0,direct,0.08119157763345491,0.04262860174887983,0.13193313717158328
3,bnci004,MMP_moe,logvar,lda,sa,9,4,4,13053,0.05,no_leakage_v1_alpha005,gate_all_sources_proxy_source_only_final_training_only,mmd,,,,,moe,coral,near_nearest_proxy,anchor,2.0,2,2train,proxy_source,False,0.3524755891211865,4.0,direct,0.08119157763345491,0.04262860174887983,0.13193313717158328
3,bnci004,MMP_moe,logvar,lda,sa,9,4,4,13053,0.05,no_leakage_v1_alpha005,gate_all_sources_proxy_source_only_final_training_only,mmd,,,,,moe,coral,near_nearest_proxy,final,2.0,2,2train,train,False,0.22980848568933962,4.0,direct,0.08119157763345491,0.04262860174887983,0.13193313717158328
3,bnci004,MMP_moe,logvar,lda,sa,9,4,4,13053,0.05,no_leakage_v1_alpha005,gate_all_sources_proxy_source_only_final_training_only,mmd,,,,,moe,coral,near_nearest_proxy,main,3.0,3,3test,near,False,0.14577420089532445,4.0,direct,0.12799656884660707,0.07286624276228507,0.19088194842079004
3,bnci004,MMP_moe,logvar,lda,sa,9,4,4,13053,0.05,no_leakage_v1_alpha005,gate_all_sources_proxy_source_only_final_training_only,mmd,,,,,moe,coral,near_nearest_proxy,anchor,3.0,3,3test,proxy_source,False,0.2235855094085117,4.0,direct,0.12799656884660707,0.07286624276228507,0.19088194842079004
3,bnci004,MMP_moe,logvar,lda,sa,9,4,4,13053,0.05,no_leakage_v1_alpha005,gate_all_sources_proxy_source_only_final_training_only,mmd,,,,,moe,coral,near_nearest_proxy,final,3.0,3,3test,train,False,0.14577420089532445,4.0,direct,0.12799656884660707,0.07286624276228507,0.19088194842079004
3,bnci004,MMP_moe,logvar,lda,sa,9,4,4,13053,0.05,no_leakage_v1_alpha005,gate_all_sources_proxy_source_only_final_training_only,mmd,,,,,moe,coral,near_nearest_proxy,main,,4,4test,target,False,,,,,,
3,bnci004,MMP_moe,logvar,lda,sa,9,4,4,13053,0.05,no_leakage_v1_alpha005,gate_all_sources_proxy_source_only_final_training_only,mmd,,,,,moe,coral,near_nearest_proxy,final,,4,4test,target,False,,,,,,
3,bnci004,MMP_moe,logvar,lda,pt,10,0,0,13926,0.05,no_leakage_v1_alpha005,gate_all_sources_proxy_source_only_final_training_only,mmd,,,,,moe,coral,near_nearest_proxy,main,0.0,1,1train,nearest,True,0.434209150817816,0.0,direct,0.03150431307767423,0.013842082836810507,0.059537046301753015
3,bnci004,MMP_moe,logvar,lda,pt,10,0,0,13926,0.05,no_leakage_v1_alpha005,gate_all_sources_proxy_source_only_final_training_only,mmd,,,,,moe,coral,near_nearest_proxy,anchor,0.0,1,1train,target,False,,0.0,direct,0.03150431307767423,0.013842082836810507,0.059537046301753015
3,bnci004,MMP_moe,logvar,lda,pt,10,0,0,13926,0.05,no_leakage_v1_alpha005,gate_all_sources_proxy_source_only_final_training_only,mmd,,,,,moe,coral,near_nearest_proxy,final,0.0,1,1train,train,True,0.434209150817816,0.0,direct,0.03150431307767423,0.013842082836810507,0.059537046301753015
3,bnci004,MMP_moe,logvar,lda,pt,10,0,0,13926,0.05,no_leakage_v1_alpha005,gate_all_sources_proxy_source_only_final_training_only,mmd,,,,,moe,coral,near_nearest_proxy,main,1.0,2,2train,near,False,0.16452456011699343,0.0,direct,0.08314704323426597,0.05623206757070641,0.1180410677288404
3,bnci004,MMP_moe,logvar,lda,pt,10,0,0,13926,0.05,no_leakage_v1_alpha005,gate_all_sources_proxy_source_only_final_training_only,mmd,,,,,moe,coral,near_nearest_proxy,anchor,1.0,2,2train,proxy_source,False,0.29078688768968886,0.0,direct,0.08314704323426597,0.05623206757070641,0.1180410677288404
3,bnci004,MMP_moe,logvar,lda,pt,10,0,0,13926,0.05,no_leakage_v1_alpha005,gate_all_sources_proxy_source_only_final_training_only,mmd,,,,,moe,coral,near_nearest_proxy,final,1.0,2,2train,train,False,0.16452456011699343,0.0,direct,0.08314704323426597,0.05623206757070641,0.1180410677288404
3,bnci004,MMP_moe,logvar,lda,pt,10,0,0,13926,0.05,no_leakage_v1_alpha005,gate_all_sources_proxy_source_only_final_training_only,mmd,,,,,moe,coral,near_nearest_proxy,main,2.0,3,3test,near,False,0.15219165044484215,0.0,direct,0.08988497730375673,0.05844738958185331,0.13400144381638576
3,bnci004,MMP_moe,logvar,lda,pt,10,0,0,13926,0.05,no_leakage_v1_alpha005,gate_all_sources_proxy_source_only_final_training_only,mmd,,,,,moe,coral,near_nearest_proxy,anchor,2.0,3,3test,proxy_source,False,0.26898923986633194,0.0,direct,0.08988497730375673,0.05844738958185331,0.13400144381638576
3,bnci004,MMP_moe,logvar,lda,pt,10,0,0,13926,0.05,no_leakage_v1_alpha005,gate_all_sources_proxy_source_only_final_training_only,mmd,,,,,moe,coral,near_nearest_proxy,final,2.0,3,3test,train,False,0.15219165044484215,0.0,direct,0.08988497730375673,0.05844738958185331,0.13400144381638576
3,bnci004,MMP_moe,logvar,lda,pt,10,0,0,13926,0.05,no_leakage_v1_alpha005,gate_all_sources_proxy_source_only_final_training_only,mmd,,,,,moe,coral,near_nearest_proxy,main,3.0,4,4test,near,False,0.24907463862034848,0.0,direct,0.0549218749802902,0.02753275549178653,0.09214663012782776
3,bnci004,MMP_moe,logvar,lda,pt,10,0,0,13926,0.05,no_leakage_v1_alpha005,gate_all_sources_proxy_source_only_final_training_only,mmd,,,,,moe,coral,near_nearest_proxy,anchor,3.0,4,4test,proxy_source,False,0.44022387244397926,0.0,direct,0.0549218749802902,0.02753275549178653,0.09214663012782776
3,bnci004,MMP_moe,logvar,lda,pt,10,0,0,13926,0.05,no_leakage_v1_alpha005,gate_all_sources_proxy_source_only_final_training_only,mmd,,,,,moe,coral,near_nearest_proxy,final,3.0,4,4test,train,False,0.24907463862034848,0.0,direct,0.0549218749802902,0.02753275549178653,0.09214663012782776
3,bnci004,MMP_moe,logvar,lda,pt,10,0,0,13926,0.05,no_leakage_v1_alpha005,gate_all_sources_proxy_source_only_final_training_only,mmd,,,,,moe,coral,near_nearest_proxy,main,,0,0train,target,False,,,,,,
3,bnci004,MMP_moe,logvar,lda,pt,10,0,0,13926,0.05,no_leakage_v1_alpha005,gate_all_sources_proxy_source_only_final_training_only,mmd,,,,,moe,coral,near_nearest_proxy,final,,0,0train,target,False,,,,,,
3,bnci004,MMP_moe,logvar,lda,pt,10,1,1,13957,0.05,no_leakage_v1_alpha005,gate_all_sources_proxy_source_only_final_training_only,mmd,,,,,moe,coral,near_nearest_proxy,main,0.0,0,0train,nearest,True,0.6821787102365274,1.0,direct,0.03042781980005752,0.012343205502545853,0.05346200488772295
3,bnci004,MMP_moe,logvar,lda,pt,10,1,1,13957,0.05,no_leakage_v1_alpha005,gate_all_sources_proxy_source_only_final_training_only,mmd,,,,,moe,coral,near_nearest_proxy,anchor,0.0,0,0train,target,False,,1.0,direct,0.03042781980005752,0.012343205502545853,0.05346200488772295
3,bnci004,MMP_moe,logvar,lda,pt,10,1,1,13957,0.05,no_leakage_v1_alpha005,gate_all_sources_proxy_source_only_final_training_only,mmd,,,,,moe,coral,near_nearest_proxy,final,0.0,0,0train,train,True,0.6821787102365274,1.0,direct,0.03042781980005752,0.012343205502545853,0.05346200488772295
3,bnci004,MMP_moe,logvar,lda,pt,10,1,1,13957,0.05,no_leakage_v1_alpha005,gate_all_sources_proxy_source_only_final_training_only,mmd,,,,,moe,coral,near_nearest_proxy,main,1.0,2,2train,far,False,,1.0,direct,0.11819041259100378,0.07489066654673823,0.17110494676867502
3,bnci004,MMP_moe,logvar,lda,pt,10,1,1,13957,0.05,no_leakage_v1_alpha005,gate_all_sources_proxy_source_only_final_training_only,mmd,,,,,moe,coral,near_nearest_proxy,anchor,1.0,2,2train,not_used,False,,1.0,direct,0.11819041259100378,0.07489066654673823,0.17110494676867502
3,bnci004,MMP_moe,logvar,lda,pt,10,1,1,13957,0.05,no_leakage_v1_alpha005,gate_all_sources_proxy_source_only_final_training_only,mmd,,,,,moe,coral,near_nearest_proxy,final,1.0,2,2train,not_used,False,,1.0,direct,0.11819041259100378,0.07489066654673823,0.17110494676867502
3,bnci004,MMP_moe,logvar,lda,pt,10,1,1,13957,0.05,no_leakage_v1_alpha005,gate_all_sources_proxy_source_only_final_training_only,mmd,,,,,moe,coral,near_nearest_proxy,main,2.0,3,3test,far,False,,1.0,direct,0.1049089356737911,0.06625882917060631,0.1557966769175976
3,bnci004,MMP_moe,logvar,lda,pt,10,1,1,13957,0.05,no_leakage_v1_alpha005,gate_all_sources_proxy_source_only_final_training_only,mmd,,,,,moe,coral,near_nearest_proxy,anchor,2.0,3,3test,not_used,False,,1.0,direct,0.1049089356737911,0.06625882917060631,0.1557966769175976
3,bnci004,MMP_moe,logvar,lda,pt,10,1,1,13957,0.05,no_leakage_v1_alpha005,gate_all_sources_proxy_source_only_final_training_only,mmd,,,,,moe,coral,near_nearest_proxy,final,2.0,3,3test,not_used,False,,1.0,direct,0.1049089356737911,0.06625882917060631,0.1557966769175976
3,bnci004,MMP_moe,logvar,lda,pt,10,1,1,13957,0.05,no_leakage_v1_alpha005,gate_all_sources_proxy_source_only_final_training_only,mmd,,,,,moe,coral,near_nearest_proxy,main,3.0,4,4test,near,False,0.31782128976347257,1.0,direct,0.06531209800130536,0.03503820726792113,0.1078960888267649
3,bnci004,MMP_moe,logvar,lda,pt,10,1,1,13957,0.05,no_leakage_v1_alpha005,gate_all_sources_proxy_source_only_final_training_only,mmd,,,,,moe,coral,near_nearest_proxy,anchor,3.0,4,4test,proxy_source,False,1.0,1.0,direct,0.06531209800130536,0.03503820726792113,0.1078960888267649
3,bnci004,MMP_moe,logvar,lda,pt,10,1,1,13957,0.05,no_leakage_v1_alpha005,gate_all_sources_proxy_source_only_final_training_only,mmd,,,,,moe,coral,near_nearest_proxy,final,3.0,4,4test,train,False,0.31782128976347257,1.0,direct,0.06531209800130536,0.03503820726792113,0.1078960888267649
3,bnci004,MMP_moe,logvar,lda,pt,10,1,1,13957,0.05,no_leakage_v1_alpha005,gate_all_sources_proxy_source_only_final_training_only,mmd,,,,,moe,coral,near_nearest_proxy,main,,1,1train,target,False,,,,,,
3,bnci004,MMP_moe,logvar,lda,pt,10,1,1,13957,0.05,no_leakage_v1_alpha005,gate_all_sources_proxy_source_only_final_training_only,mmd,,,,,moe,coral,near_nearest_proxy,final,,1,1train,target,False,,,,,,
3,bnci004,MMP_moe,logvar,lda,pt,10,2,2,13988,0.05,no_leakage_v1_alpha005,gate_all_sources_proxy_source_only_final_training_only,mmd,,,,,moe,coral,near_nearest_proxy,main,0.0,0,0train,near,False,0.2109760216173323,2.0,direct,0.10119829133573549,0.07063767492201345,0.13102083979082066
3,bnci004,MMP_moe,logvar,lda,pt,10,2,2,13988,0.05,no_leakage_v1_alpha005,gate_all_sources_proxy_source_only_final_training_only,mmd,,,,,moe,coral,near_nearest_proxy,anchor,0.0,0,0train,proxy_source,False,0.4020228845929105,2.0,direct,0.10119829133573549,0.07063767492201345,0.13102083979082066
3,bnci004,MMP_moe,logvar,lda,pt,10,2,2,13988,0.05,no_leakage_v1_alpha005,gate_all_sources_proxy_source_only_final_training_only,mmd,,,,,moe,coral,near_nearest_proxy,final,0.0,0,0train,train,False,0.2109760216173323,2.0,direct,0.10119829133573549,0.07063767492201345,0.13102083979082066
3,bnci004,MMP_moe,logvar,lda,pt,10,2,2,13988,0.05,no_leakage_v1_alpha005,gate_all_sources_proxy_source_only_final_training_only,mmd,,,,,moe,coral,near_nearest_proxy,main,1.0,1,1train,far,False,,2.0,direct,0.13163304815624308,0.09026038998594602,0.17869450540663423
3,bnci004,MMP_moe,logvar,lda,pt,10,2,2,13988,0.05,no_leakage_v1_alpha005,gate_all_sources_proxy_source_only_final_training_only,mmd,,,,,moe,coral,near_nearest_proxy,anchor,1.0,1,1train,not_used,False,,2.0,direct,0.13163304815624308,0.09026038998594602,0.17869450540663423
3,bnci004,MMP_moe,logvar,lda,pt,10,2,2,13988,0.05,no_leakage_v1_alpha005,gate_all_sources_proxy_source_only_final_training_only,mmd,,,,,moe,coral,near_nearest_proxy,final,1.0,1,1train,not_used,False,,2.0,direct,0.13163304815624308,0.09026038998594602,0.17869450540663423
3,bnci004,MMP_moe,logvar,lda,pt,10,2,2,13988,0.05,no_leakage_v1_alpha005,gate_all_sources_proxy_source_only_final_training_only,mmd,,,,,moe,coral,near_nearest_proxy,main,2.0,3,3test,nearest,True,0.4752139002460836,2.0,direct,0.044927449831645684,0.02529748051588829,0.08084907089967393
3,bnci004,MMP_moe,logvar,lda,pt,10,2,2,13988,0.05,no_leakage_v1_alpha005,gate_all_sources_proxy_source_only_final_training_only,mmd,,,,,moe,coral,near_nearest_proxy,anchor,2.0,3,3test,target,False,,2.0,direct,0.044927449831645684,0.02529748051588829,0.08084907089967393
3,bnci004,MMP_moe,logvar,lda,pt,10,2,2,13988,0.05,no_leakage_v1_alpha005,gate_all_sources_proxy_source_only_final_training_only,mmd,,,,,moe,coral,near_nearest_proxy,final,2.0,3,3test,train,True,0.4752139002460836,2.0,direct,0.044927449831645684,0.02529748051588829,0.08084907089967393
3,bnci004,MMP_moe,logvar,lda,pt,10,2,2,13988,0.05,no_leakage_v1_alpha005,gate_all_sources_proxy_source_only_final_training_only,mmd,,,,,moe,coral,near_nearest_proxy,main,3.0,4,4test,near,False,0.313810078136584,2.0,direct,0.06803576925638477,0.038812691712085644,0.10551636252917514
3,bnci004,MMP_moe,logvar,lda,pt,10,2,2,13988,0.05,no_leakage_v1_alpha005,gate_all_sources_proxy_source_only_final_training_only,mmd,,,,,moe,coral,near_nearest_proxy,anchor,3.0,4,4test,proxy_source,False,0.5979771154070895,2.0,direct,0.06803576925638477,0.038812691712085644,0.10551636252917514
3,bnci004,MMP_moe,logvar,lda,pt,10,2,2,13988,0.05,no_leakage_v1_alpha005,gate_all_sources_proxy_source_only_final_training_only,mmd,,,,,moe,coral,near_nearest_proxy,final,3.0,4,4test,train,False,0.313810078136584,2.0,direct,0.06803576925638477,0.038812691712085644,0.10551636252917514
3,bnci004,MMP_moe,logvar,lda,pt,10,2,2,13988,0.05,no_leakage_v1_alpha005,gate_all_sources_proxy_source_only_final_training_only,mmd,,,,,moe,coral,near_nearest_proxy,main,,2,2train,target,False,,,,,,
3,bnci004,MMP_moe,logvar,lda,pt,10,2,2,13988,0.05,no_leakage_v1_alpha005,gate_all_sources_proxy_source_only_final_training_only,mmd,,,,,moe,coral,near_nearest_proxy,final,,2,2train,target,False,,,,,,
3,bnci004,MMP_moe,logvar,lda,pt,10,3,3,14019,0.05,no_leakage_v1_alpha005,gate_all_sources_proxy_source_only_final_training_only,mmd,,,,,moe,coral,near_nearest_proxy,main,0.0,0,0train,near,False,0.19638587949980232,3.0,direct,0.10126315824869973,0.06925036197445009,0.14287594696366937
3,bnci004,MMP_moe,logvar,lda,pt,10,3,3,14019,0.05,no_leakage_v1_alpha005,gate_all_sources_proxy_source_only_final_training_only,mmd,,,,,moe,coral,near_nearest_proxy,anchor,0.0,0,0train,proxy_source,False,0.3337447810199976,3.0,direct,0.10126315824869973,0.06925036197445009,0.14287594696366937
3,bnci004,MMP_moe,logvar,lda,pt,10,3,3,14019,0.05,no_leakage_v1_alpha005,gate_all_sources_proxy_source_only_final_training_only,mmd,,,,,moe,coral,near_nearest_proxy,final,0.0,0,0train,train,False,0.19638587949980232,3.0,direct,0.10126315824869973,0.06925036197445009,0.14287594696366937
3,bnci004,MMP_moe,logvar,lda,pt,10,3,3,14019,0.05,no_leakage_v1_alpha005,gate_all_sources_proxy_source_only_final_training_only,mmd,,,,,moe,coral,near_nearest_proxy,main,1.0,1,1train,near,False,0.19551006348438013,3.0,direct,0.10171678590347027,0.07035424135566486,0.14295421816247023
3,bnci004,MMP_moe,logvar,lda,pt,10,3,3,14019,0.05,no_leakage_v1_alpha005,gate_all_sources_proxy_source_only_final_training_only,mmd,,,,,moe,coral,near_nearest_proxy,anchor,1.0,1,1train,proxy_source,False,0.3322563897719844,3.0,direct,0.10171678590347027,0.07035424135566486,0.14295421816247023
3,bnci004,MMP_moe,logvar,lda,pt,10,3,3,14019,0.05,no_leakage_v1_alpha005,gate_all_sources_proxy_source_only_final_training_only,mmd,,,,,moe,coral,near_nearest_proxy,final,1.0,1,1train,train,False,0.19551006348438013,3.0,direct,0.10171678590347027,0.07035424135566486,0.14295421816247023
3,bnci004,MMP_moe,logvar,lda,pt,10,3,3,14019,0.05,no_leakage_v1_alpha005,gate_all_sources_proxy_source_only_final_training_only,mmd,,,,,moe,coral,near_nearest_proxy,main,2.0,2,2train,nearest,True,0.4115686876073274,3.0,direct,0.048318639900428624,0.02901041160477241,0.07214306526844992
3,bnci004,MMP_moe,logvar,lda,pt,10,3,3,14019,0.05,no_leakage_v1_alpha005,gate_all_sources_proxy_source_only_final_training_only,mmd,,,,,moe,coral,near_nearest_proxy,anchor,2.0,2,2train,target,False,,3.0,direct,0.048318639900428624,0.02901041160477241,0.07214306526844992
3,bnci004,MMP_moe,logvar,lda,pt,10,3,3,14019,0.05,no_leakage_v1_alpha005,gate_all_sources_proxy_source_only_final_training_only,mmd,,,,,moe,coral,near_nearest_proxy,final,2.0,2,2train,train,True,0.4115686876073274,3.0,direct,0.048318639900428624,0.02901041160477241,0.07214306526844992
3,bnci004,MMP_moe,logvar,lda,pt,10,3,3,14019,0.05,no_leakage_v1_alpha005,gate_all_sources_proxy_source_only_final_training_only,mmd,,,,,moe,coral,near_nearest_proxy,main,3.0,4,4test,near,False,0.19653536940849012,3.0,direct,0.10118613409871845,0.06988188931933083,0.1435364227802177
3,bnci004,MMP_moe,logvar,lda,pt,10,3,3,14019,0.05,no_leakage_v1_alpha005,gate_all_sources_proxy_source_only_final_training_only,mmd,,,,,moe,coral,near_nearest_proxy,anchor,3.0,4,4test,proxy_source,False,0.333998829208018,3.0,direct,0.10118613409871845,0.06988188931933083,0.1435364227802177
3,bnci004,MMP_moe,logvar,lda,pt,10,3,3,14019,0.05,no_leakage_v1_alpha005,gate_all_sources_proxy_source_only_final_training_only,mmd,,,,,moe,coral,near_nearest_proxy,final,3.0,4,4test,train,False,0.19653536940849012,3.0,direct,0.10118613409871845,0.06988188931933083,0.1435364227802177
3,bnci004,MMP_moe,logvar,lda,pt,10,3,3,14019,0.05,no_leakage_v1_alpha005,gate_all_sources_proxy_source_only_final_training_only,mmd,,,,,moe,coral,near_nearest_proxy,main,,3,3test,target,False,,,,,,
3,bnci004,MMP_moe,logvar,lda,pt,10,3,3,14019,0.05,no_leakage_v1_alpha005,gate_all_sources_proxy_source_only_final_training_only,mmd,,,,,moe,coral,near_nearest_proxy,final,,3,3test,target,False,,,,,,
3,bnci004,MMP_moe,logvar,lda,pt,10,4,4,14050,0.05,no_leakage_v1_alpha005,gate_all_sources_proxy_source_only_final_training_only,mmd,,,,,moe,coral,near_nearest_proxy,main,0.0,0,0train,nearest,True,0.3434858049812826,4.0,direct,0.053604627246613364,0.027517722592025035,0.0853854370487525
3,bnci004,MMP_moe,logvar,lda,pt,10,4,4,14050,0.05,no_leakage_v1_alpha005,gate_all_sources_proxy_source_only_final_training_only,mmd,,,,,moe,coral,near_nearest_proxy,anchor,0.0,0,0train,target,False,,4.0,direct,0.053604627246613364,0.027517722592025035,0.0853854370487525
3,bnci004,MMP_moe,logvar,lda,pt,10,4,4,14050,0.05,no_leakage_v1_alpha005,gate_all_sources_proxy_source_only_final_training_only,mmd,,,,,moe,coral,near_nearest_proxy,final,0.0,0,0train,train,True,0.3434858049812826,4.0,direct,0.053604627246613364,0.027517722592025035,0.0853854370487525
3,bnci004,MMP_moe,logvar,lda,pt,10,4,4,14050,0.05,no_leakage_v1_alpha005,gate_all_sources_proxy_source_only_final_training_only,mmd,,,,,moe,coral,near_nearest_proxy,main,1.0,1,1train,near,False,0.2784938879152898,4.0,direct,0.06611453368068972,0.041013930051552586,0.10090970991799911
3,bnci004,MMP_moe,logvar,lda,pt,10,4,4,14050,0.05,no_leakage_v1_alpha005,gate_all_sources_proxy_source_only_final_training_only,mmd,,,,,moe,coral,near_nearest_proxy,anchor,1.0,1,1train,proxy_source,False,0.42420086272064506,4.0,direct,0.06611453368068972,0.041013930051552586,0.10090970991799911
3,bnci004,MMP_moe,logvar,lda,pt,10,4,4,14050,0.05,no_leakage_v1_alpha005,gate_all_sources_proxy_source_only_final_training_only,mmd,,,,,moe,coral,near_nearest_proxy,final,1.0,1,1train,train,False,0.2784938879152898,4.0,direct,0.06611453368068972,0.041013930051552586,0.10090970991799911
3,bnci004,MMP_moe,logvar,lda,pt,10,4,4,14050,0.05,no_leakage_v1_alpha005,gate_all_sources_proxy_source_only_final_training_only,mmd,,,,,moe,coral,near_nearest_proxy,main,2.0,2,2train,near,False,0.23594266677035486,4.0,direct,0.07803817908688761,0.038619619560293784,0.12181027410356948
3,bnci004,MMP_moe,logvar,lda,pt,10,4,4,14050,0.05,no_leakage_v1_alpha005,gate_all_sources_proxy_source_only_final_training_only,mmd,,,,,moe,coral,near_nearest_proxy,anchor,2.0,2,2train,proxy_source,False,0.3593869996422972,4.0,direct,0.07803817908688761,0.038619619560293784,0.12181027410356948
3,bnci004,MMP_moe,logvar,lda,pt,10,4,4,14050,0.05,no_leakage_v1_alpha005,gate_all_sources_proxy_source_only_final_training_only,mmd,,,,,moe,coral,near_nearest_proxy,final,2.0,2,2train,train,False,0.23594266677035486,4.0,direct,0.07803817908688761,0.038619619560293784,0.12181027410356948
3,bnci004,MMP_moe,logvar,lda,pt,10,4,4,14050,0.05,no_leakage_v1_alpha005,gate_all_sources_proxy_source_only_final_training_only,mmd,,,,,moe,coral,near_nearest_proxy,main,3.0,3,3test,near,False,0.14207764033307285,4.0,direct,0.12959555004942702,0.08171713723071569,0.1843827572432304
3,bnci004,MMP_moe,logvar,lda,pt,10,4,4,14050,0.05,no_leakage_v1_alpha005,gate_all_sources_proxy_source_only_final_training_only,mmd,,,,,moe,coral,near_nearest_proxy,anchor,3.0,3,3test,proxy_source,False,0.21641213763705774,4.0,direct,0.12959555004942702,0.08171713723071569,0.1843827572432304
3,bnci004,MMP_moe,logvar,lda,pt,10,4,4,14050,0.05,no_leakage_v1_alpha005,gate_all_sources_proxy_source_only_final_training_only,mmd,,,,,moe,coral,near_nearest_proxy,final,3.0,3,3test,train,False,0.14207764033307285,4.0,direct,0.12959555004942702,0.08171713723071569,0.1843827572432304
3,bnci004,MMP_moe,logvar,lda,pt,10,4,4,14050,0.05,no_leakage_v1_alpha005,gate_all_sources_proxy_source_only_final_training_only,mmd,,,,,moe,coral,near_nearest_proxy,main,,4,4test,target,False,,,,,,
3,bnci004,MMP_moe,logvar,lda,pt,10,4,4,14050,0.05,no_leakage_v1_alpha005,gate_all_sources_proxy_source_only_final_training_only,mmd,,,,,moe,coral,near_nearest_proxy,final,,4,4test,target,False,,,,,,
3,bnci004,MMP_moe,logvar,lda,coral,11,0,0,14923,0.05,no_leakage_v1_alpha005,gate_all_sources_proxy_source_only_final_training_only,mmd,,,,,moe,coral,near_nearest_proxy,main,0.0,1,1train,nearest,True,0.6516545493259565,0.0,direct,0.028199540171697884,0.013185465620171765,0.05127742391514503
3,bnci004,MMP_moe,logvar,lda,coral,11,0,0,14923,0.05,no_leakage_v1_alpha005,gate_all_sources_proxy_source_only_final_training_only,mmd,,,,,moe,coral,near_nearest_proxy,anchor,0.0,1,1train,target,False,,0.0,direct,0.028199540171697884,0.013185465620171765,0.05127742391514503
3,bnci004,MMP_moe,logvar,lda,coral,11,0,0,14923,0.05,no_leakage_v1_alpha005,gate_all_sources_proxy_source_only_final_training_only,mmd,,,,,moe,coral,near_nearest_proxy,final,0.0,1,1train,train,True,0.6516545493259565,0.0,direct,0.028199540171697884,0.013185465620171765,0.05127742391514503
3,bnci004,MMP_moe,logvar,lda,coral,11,0,0,14923,0.05,no_leakage_v1_alpha005,gate_all_sources_proxy_source_only_final_training_only,mmd,,,,,moe,coral,near_nearest_proxy,main,1.0,2,2train,far,False,,0.0,direct,0.08544760844749494,0.060079272557685824,0.11894925250230103
3,bnci004,MMP_moe,logvar,lda,coral,11,0,0,14923,0.05,no_leakage_v1_alpha005,gate_all_sources_proxy_source_only_final_training_only,mmd,,,,,moe,coral,near_nearest_proxy,anchor,1.0,2,2train,not_used,False,,0.0,direct,0.08544760844749494,0.060079272557685824,0.11894925250230103
3,bnci004,MMP_moe,logvar,lda,coral,11,0,0,14923,0.05,no_leakage_v1_alpha005,gate_all_sources_proxy_source_only_final_training_only,mmd,,,,,moe,coral,near_nearest_proxy,final,1.0,2,2train,not_used,False,,0.0,direct,0.08544760844749494,0.060079272557685824,0.11894925250230103
3,bnci004,MMP_moe,logvar,lda,coral,11,0,0,14923,0.05,no_leakage_v1_alpha005,gate_all_sources_proxy_source_only_final_training_only,mmd,,,,,moe,coral,near_nearest_proxy,main,2.0,3,3test,far,False,,0.0,direct,0.085363058692584,0.055865606721447275,0.132785991846708
3,bnci004,MMP_moe,logvar,lda,coral,11,0,0,14923,0.05,no_leakage_v1_alpha005,gate_all_sources_proxy_source_only_final_training_only,mmd,,,,,moe,coral,near_nearest_proxy,anchor,2.0,3,3test,not_used,False,,0.0,direct,0.085363058692584,0.055865606721447275,0.132785991846708
3,bnci004,MMP_moe,logvar,lda,coral,11,0,0,14923,0.05,no_leakage_v1_alpha005,gate_all_sources_proxy_source_only_final_training_only,mmd,,,,,moe,coral,near_nearest_proxy,final,2.0,3,3test,not_used,False,,0.0,direct,0.085363058692584,0.055865606721447275,0.132785991846708
3,bnci004,MMP_moe,logvar,lda,coral,11,0,0,14923,0.05,no_leakage_v1_alpha005,gate_all_sources_proxy_source_only_final_training_only,mmd,,,,,moe,coral,near_nearest_proxy,main,3.0,4,4test,near,False,0.34834545067404354,0.0,direct,0.05275413218495335,0.026379521949455306,0.0874426044041035
3,bnci004,MMP_moe,logvar,lda,coral,11,0,0,14923,0.05,no_leakage_v1_alpha005,gate_all_sources_proxy_source_only_final_training_only,mmd,,,,,moe,coral,near_nearest_proxy,anchor,3.0,4,4test,proxy_source,False,1.0,0.0,direct,0.05275413218495335,0.026379521949455306,0.0874426044041035
3,bnci004,MMP_moe,logvar,lda,coral,11,0,0,14923,0.05,no_leakage_v1_alpha005,gate_all_sources_proxy_source_only_final_training_only,mmd,,,,,moe,coral,near_nearest_proxy,final,3.0,4,4test,train,False,0.34834545067404354,0.0,direct,0.05275413218495335,0.026379521949455306,0.0874426044041035
3,bnci004,MMP_moe,logvar,lda,coral,11,0,0,14923,0.05,no_leakage_v1_alpha005,gate_all_sources_proxy_source_only_final_training_only,mmd,,,,,moe,coral,near_nearest_proxy,main,,0,0train,target,False,,,,,,
3,bnci004,MMP_moe,logvar,lda,coral,11,0,0,14923,0.05,no_leakage_v1_alpha005,gate_all_sources_proxy_source_only_final_training_only,mmd,,,,,moe,coral,near_nearest_proxy,final,,0,0train,target,False,,,,,,
3,bnci004,MMP_moe,logvar,lda,coral,11,1,1,14954,0.05,no_leakage_v1_alpha005,gate_all_sources_proxy_source_only_final_training_only,mmd,,,,,moe,coral,near_nearest_proxy,main,0.0,0,0train,nearest,True,0.6674487697655651,1.0,direct,0.03215011592592702,0.01566715074700923,0.06410318645117614
3,bnci004,MMP_moe,logvar,lda,coral,11,1,1,14954,0.05,no_leakage_v1_alpha005,gate_all_sources_proxy_source_only_final_training_only,mmd,,,,,moe,coral,near_nearest_proxy,anchor,0.0,0,0train,target,False,,1.0,direct,0.03215011592592702,0.01566715074700923,0.06410318645117614
3,bnci004,MMP_moe,logvar,lda,coral,11,1,1,14954,0.05,no_leakage_v1_alpha005,gate_all_sources_proxy_source_only_final_training_only,mmd,,,,,moe,coral,near_nearest_proxy,final,0.0,0,0train,train,True,0.6674487697655651,1.0,direct,0.03215011592592702,0.01566715074700923,0.06410318645117614
3,bnci004,MMP_moe,logvar,lda,coral,11,1,1,14954,0.05,no_leakage_v1_alpha005,gate_all_sources_proxy_source_only_final_training_only,mmd,,,,,moe,coral,near_nearest_proxy,main,1.0,2,2train,far,False,,1.0,direct,0.11641514001945406,0.07591297313532847,0.17193395059815803
3,bnci004,MMP_moe,logvar,lda,coral,11,1,1,14954,0.05,no_leakage_v1_alpha005,gate_all_sources_proxy_source_only_final_training_only,mmd,,,,,moe,coral,near_nearest_proxy,anchor,1.0,2,2train,not_used,False,,1.0,direct,0.11641514001945406,0.07591297313532847,0.17193395059815803
3,bnci004,MMP_moe,logvar,lda,coral,11,1,1,14954,0.05,no_leakage_v1_alpha005,gate_all_sources_proxy_source_only_final_training_only,mmd,,,,,moe,coral,near_nearest_proxy,final,1.0,2,2train,not_used,False,,1.0,direct,0.11641514001945406,0.07591297313532847,0.17193395059815803
3,bnci004,MMP_moe,logvar,lda,coral,11,1,1,14954,0.05,no_leakage_v1_alpha005,gate_all_sources_proxy_source_only_final_training_only,mmd,,,,,moe,coral,near_nearest_proxy,main,2.0,3,3test,far,False,,1.0,direct,0.10857832676178952,0.06892994630692777,0.15931684597434093
3,bnci004,MMP_moe,logvar,lda,coral,11,1,1,14954,0.05,no_leakage_v1_alpha005,gate_all_sources_proxy_source_only_final_training_only,mmd,,,,,moe,coral,near_nearest_proxy,anchor,2.0,3,3test,not_used,False,,1.0,direct,0.10857832676178952,0.06892994630692777,0.15931684597434093
3,bnci004,MMP_moe,logvar,lda,coral,11,1,1,14954,0.05,no_leakage_v1_alpha005,gate_all_sources_proxy_source_only_final_training_only,mmd,,,,,moe,coral,near_nearest_proxy,final,2.0,3,3test,not_used,False,,1.0,direct,0.10857832676178952,0.06892994630692777,0.15931684597434093
3,bnci004,MMP_moe,logvar,lda,coral,11,1,1,14954,0.05,no_leakage_v1_alpha005,gate_all_sources_proxy_source_only_final_training_only,mmd,,,,,moe,coral,near_nearest_proxy,main,3.0,4,4test,near,False,0.33255123023443484,1.0,direct,0.06452807347906125,0.04012272562977637,0.09688896942823934
3,bnci004,MMP_moe,logvar,lda,coral,11,1,1,14954,0.05,no_leakage_v1_alpha005,gate_all_sources_proxy_source_only_final_training_only,mmd,,,,,moe,coral,near_nearest_proxy,anchor,3.0,4,4test,proxy_source,False,1.0,1.0,direct,0.06452807347906125,0.04012272562977637,0.09688896942823934
3,bnci004,MMP_moe,logvar,lda,coral,11,1,1,14954,0.05,no_leakage_v1_alpha005,gate_all_sources_proxy_source_only_final_training_only,mmd,,,,,moe,coral,near_nearest_proxy,final,3.0,4,4test,train,False,0.33255123023443484,1.0,direct,0.06452807347906125,0.04012272562977637,0.09688896942823934
3,bnci004,MMP_moe,logvar,lda,coral,11,1,1,14954,0.05,no_leakage_v1_alpha005,gate_all_sources_proxy_source_only_final_training_only,mmd,,,,,moe,coral,near_nearest_proxy,main,,1,1train,target,False,,,,,,
3,bnci004,MMP_moe,logvar,lda,coral,11,1,1,14954,0.05,no_leakage_v1_alpha005,gate_all_sources_proxy_source_only_final_training_only,mmd,,,,,moe,coral,near_nearest_proxy,final,,1,1train,target,False,,,,,,
3,bnci004,MMP_moe,logvar,lda,coral,11,2,2,14985,0.05,no_leakage_v1_alpha005,gate_all_sources_proxy_source_only_final_training_only,mmd,,,,,moe,coral,near_nearest_proxy,main,0.0,0,0train,far,False,,2.0,direct,0.09887735132712881,0.0744744199379106,0.12907844682735153
3,bnci004,MMP_moe,logvar,lda,coral,11,2,2,14985,0.05,no_leakage_v1_alpha005,gate_all_sources_proxy_source_only_final_training_only,mmd,,,,,moe,coral,near_nearest_proxy,anchor,0.0,0,0train,not_used,False,,2.0,direct,0.09887735132712881,0.0744744199379106,0.12907844682735153
3,bnci004,MMP_moe,logvar,lda,coral,11,2,2,14985,0.05,no_leakage_v1_alpha005,gate_all_sources_proxy_source_only_final_training_only,mmd,,,,,moe,coral,near_nearest_proxy,final,0.0,0,0train,not_used,False,,2.0,direct,0.09887735132712881,0.0744744199379106,0.12907844682735153
3,bnci004,MMP_moe,logvar,lda,coral,11,2,2,14985,0.05,no_leakage_v1_alpha005,gate_all_sources_proxy_source_only_final_training_only,mmd,,,,,moe,coral,near_nearest_proxy,main,1.0,1,1train,far,False,,2.0,direct,0.13235773504296877,0.10057368658708693,0.17245500872834787
3,bnci004,MMP_moe,logvar,lda,coral,11,2,2,14985,0.05,no_leakage_v1_alpha005,gate_all_sources_proxy_source_only_final_training_only,mmd,,,,,moe,coral,near_nearest_proxy,anchor,1.0,1,1train,not_used,False,,2.0,direct,0.13235773504296877,0.10057368658708693,0.17245500872834787
3,bnci004,MMP_moe,logvar,lda,coral,11,2,2,14985,0.05,no_leakage_v1_alpha005,gate_all_sources_proxy_source_only_final_training_only,mmd,,,,,moe,coral,near_nearest_proxy,final,1.0,1,1train,not_used,False,,2.0,direct,0.13235773504296877,0.10057368658708693,0.17245500872834787
3,bnci004,MMP_moe,logvar,lda,coral,11,2,2,14985,0.05,no_leakage_v1_alpha005,gate_all_sources_proxy_source_only_final_training_only,mmd,,,,,moe,coral,near_nearest_proxy,main,2.0,3,3test,nearest,True,0.6057635718187359,2.0,direct,0.04344737273727135,0.025555616094344556,0.06991691368426427
3,bnci004,MMP_moe,logvar,lda,coral,11,2,2,14985,0.05,no_leakage_v1_alpha005,gate_all_sources_proxy_source_only_final_training_only,mmd,,,,,moe,coral,near_nearest_proxy,anchor,2.0,3,3test,target,False,,2.0,direct,0.04344737273727135,0.025555616094344556,0.06991691368426427
3,bnci004,MMP_moe,logvar,lda,coral,11,2,2,14985,0.05,no_leakage_v1_alpha005,gate_all_sources_proxy_source_only_final_training_only,mmd,,,,,moe,coral,near_nearest_proxy,final,2.0,3,3test,train,True,0.6057635718187359,2.0,direct,0.04344737273727135,0.025555616094344556,0.06991691368426427
3,bnci004,MMP_moe,logvar,lda,coral,11,2,2,14985,0.05,no_leakage_v1_alpha005,gate_all_sources_proxy_source_only_final_training_only,mmd,,,,,moe,coral,near_nearest_proxy,main,3.0,4,4test,near,False,0.3942364281812641,2.0,direct,0.06675955173404724,0.039067073941030046,0.10030500394976653
3,bnci004,MMP_moe,logvar,lda,coral,11,2,2,14985,0.05,no_leakage_v1_alpha005,gate_all_sources_proxy_source_only_final_training_only,mmd,,,,,moe,coral,near_nearest_proxy,anchor,3.0,4,4test,proxy_source,False,1.0,2.0,direct,0.06675955173404724,0.039067073941030046,0.10030500394976653
3,bnci004,MMP_moe,logvar,lda,coral,11,2,2,14985,0.05,no_leakage_v1_alpha005,gate_all_sources_proxy_source_only_final_training_only,mmd,,,,,moe,coral,near_nearest_proxy,final,3.0,4,4test,train,False,0.3942364281812641,2.0,direct,0.06675955173404724,0.039067073941030046,0.10030500394976653
3,bnci004,MMP_moe,logvar,lda,coral,11,2,2,14985,0.05,no_leakage_v1_alpha005,gate_all_sources_proxy_source_only_final_training_only,mmd,,,,,moe,coral,near_nearest_proxy,main,,2,2train,target,False,,,,,,
3,bnci004,MMP_moe,logvar,lda,coral,11,2,2,14985,0.05,no_leakage_v1_alpha005,gate_all_sources_proxy_source_only_final_training_only,mmd,,,,,moe,coral,near_nearest_proxy,final,,2,2train,target,False,,,,,,
3,bnci004,MMP_moe,logvar,lda,coral,11,3,3,15016,0.05,no_leakage_v1_alpha005,gate_all_sources_proxy_source_only_final_training_only,mmd,,,,,moe,coral,near_nearest_proxy,main,0.0,0,0train,near,False,0.1992404836285322,3.0,direct,0.10061505930662537,0.07018053682306291,0.1385867347761732
3,bnci004,MMP_moe,logvar,lda,coral,11,3,3,15016,0.05,no_leakage_v1_alpha005,gate_all_sources_proxy_source_only_final_training_only,mmd,,,,,moe,coral,near_nearest_proxy,anchor,0.0,0,0train,proxy_source,False,0.33355039736448877,3.0,direct,0.10061505930662537,0.07018053682306291,0.1385867347761732
3,bnci004,MMP_moe,logvar,lda,coral,11,3,3,15016,0.05,no_leakage_v1_alpha005,gate_all_sources_proxy_source_only_final_training_only,mmd,,,,,moe,coral,near_nearest_proxy,final,0.0,0,0train,train,False,0.1992404836285322,3.0,direct,0.10061505930662537,0.07018053682306291,0.1385867347761732
3,bnci004,MMP_moe,logvar,lda,coral,11,3,3,15016,0.05,no_leakage_v1_alpha005,gate_all_sources_proxy_source_only_final_training_only,mmd,,,,,moe,coral,near_nearest_proxy,main,1.0,1,1train,near,False,0.20062134844704435,3.0,direct,0.09992252494999121,0.07014124678131377,0.13302404399580364
3,bnci004,MMP_moe,logvar,lda,coral,11,3,3,15016,0.05,no_leakage_v1_alpha005,gate_all_sources_proxy_source_only_final_training_only,mmd,,,,,moe,coral,near_nearest_proxy,anchor,1.0,1,1train,proxy_source,False,0.3358621163511788,3.0,direct,0.09992252494999121,0.07014124678131377,0.13302404399580364
3,bnci004,MMP_moe,logvar,lda,coral,11,3,3,15016,0.05,no_leakage_v1_alpha005,gate_all_sources_proxy_source_only_final_training_only,mmd,,,,,moe,coral,near_nearest_proxy,final,1.0,1,1train,train,False,0.20062134844704435,3.0,direct,0.09992252494999121,0.07014124678131377,0.13302404399580364
3,bnci004,MMP_moe,logvar,lda,coral,11,3,3,15016,0.05,no_leakage_v1_alpha005,gate_all_sources_proxy_source_only_final_training_only,mmd,,,,,moe,coral,near_nearest_proxy,main,2.0,2,2train,nearest,True,0.40266752729779787,3.0,direct,0.049783973850705515,0.028228879457813383,0.08673207693872512
3,bnci004,MMP_moe,logvar,lda,coral,11,3,3,15016,0.05,no_leakage_v1_alpha005,gate_all_sources_proxy_source_only_final_training_only,mmd,,,,,moe,coral,near_nearest_proxy,anchor,2.0,2,2train,target,False,,3.0,direct,0.049783973850705515,0.028228879457813383,0.08673207693872512
3,bnci004,MMP_moe,logvar,lda,coral,11,3,3,15016,0.05,no_leakage_v1_alpha005,gate_all_sources_proxy_source_only_final_training_only,mmd,,,,,moe,coral,near_nearest_proxy,final,2.0,2,2train,train,True,0.40266752729779787,3.0,direct,0.049783973850705515,0.028228879457813383,0.08673207693872512
3,bnci004,MMP_moe,logvar,lda,coral,11,3,3,15016,0.05,no_leakage_v1_alpha005,gate_all_sources_proxy_source_only_final_training_only,mmd,,,,,moe,coral,near_nearest_proxy,main,3.0,4,4test,near,False,0.19747064062662562,3.0,direct,0.10151683704876553,0.06767462363253227,0.14203980914567832
3,bnci004,MMP_moe,logvar,lda,coral,11,3,3,15016,0.05,no_leakage_v1_alpha005,gate_all_sources_proxy_source_only_final_training_only,mmd,,,,,moe,coral,near_nearest_proxy,anchor,3.0,4,4test,proxy_source,False,0.3305874862843324,3.0,direct,0.10151683704876553,0.06767462363253227,0.14203980914567832
3,bnci004,MMP_moe,logvar,lda,coral,11,3,3,15016,0.05,no_leakage_v1_alpha005,gate_all_sources_proxy_source_only_final_training_only,mmd,,,,,moe,coral,near_nearest_proxy,final,3.0,4,4test,train,False,0.19747064062662562,3.0,direct,0.10151683704876553,0.06767462363253227,0.14203980914567832
3,bnci004,MMP_moe,logvar,lda,coral,11,3,3,15016,0.05,no_leakage_v1_alpha005,gate_all_sources_proxy_source_only_final_training_only,mmd,,,,,moe,coral,near_nearest_proxy,main,,3,3test,target,False,,,,,,
3,bnci004,MMP_moe,logvar,lda,coral,11,3,3,15016,0.05,no_leakage_v1_alpha005,gate_all_sources_proxy_source_only_final_training_only,mmd,,,,,moe,coral,near_nearest_proxy,final,,3,3test,target,False,,,,,,
3,bnci004,MMP_moe,logvar,lda,coral,11,4,4,15047,0.05,no_leakage_v1_alpha005,gate_all_sources_proxy_source_only_final_training_only,mmd,,,,,moe,coral,near_nearest_proxy,main,0.0,0,0train,nearest,True,0.3433206712969092,4.0,direct,0.0541729978925081,0.02757455266797778,0.08564385374098324
3,bnci004,MMP_moe,logvar,lda,coral,11,4,4,15047,0.05,no_leakage_v1_alpha005,gate_all_sources_proxy_source_only_final_training_only,mmd,,,,,moe,coral,near_nearest_proxy,anchor,0.0,0,0train,target,False,,4.0,direct,0.0541729978925081,0.02757455266797778,0.08564385374098324
3,bnci004,MMP_moe,logvar,lda,coral,11,4,4,15047,0.05,no_leakage_v1_alpha005,gate_all_sources_proxy_source_only_final_training_only,mmd,,,,,moe,coral,near_nearest_proxy,final,0.0,0,0train,train,True,0.3433206712969092,4.0,direct,0.0541729978925081,0.02757455266797778,0.08564385374098324
3,bnci004,MMP_moe,logvar,lda,coral,11,4,4,15047,0.05,no_leakage_v1_alpha005,gate_all_sources_proxy_source_only_final_training_only,mmd,,,,,moe,coral,near_nearest_proxy,main,1.0,1,1train,near,False,0.28106734971738334,4.0,direct,0.06617194161699963,0.042374911192763313,0.10537245096863641
3,bnci004,MMP_moe,logvar,lda,coral,11,4,4,15047,0.05,no_leakage_v1_alpha005,gate_all_sources_proxy_source_only_final_training_only,mmd,,,,,moe,coral,near_nearest_proxy,anchor,1.0,1,1train,proxy_source,False,0.4280130916751674,4.0,direct,0.06617194161699963,0.042374911192763313,0.10537245096863641
3,bnci004,MMP_moe,logvar,lda,coral,11,4,4,15047,0.05,no_leakage_v1_alpha005,gate_all_sources_proxy_source_only_final_training_only,mmd,,,,,moe,coral,near_nearest_proxy,final,1.0,1,1train,train,False,0.28106734971738334,4.0,direct,0.06617194161699963,0.042374911192763313,0.10537245096863641
3,bnci004,MMP_moe,logvar,lda,coral,11,4,4,15047,0.05,no_leakage_v1_alpha005,gate_all_sources_proxy_source_only_final_training_only,mmd,,,,,moe,coral,near_nearest_proxy,main,2.0,2,2train,near,False,0.23306621245911754,4.0,direct,0.07980058568267681,0.042067319757163324,0.130483788093628
3,bnci004,MMP_moe,logvar,lda,coral,11,4,4,15047,0.05,no_leakage_v1_alpha005,gate_all_sources_proxy_source_only_final_training_only,mmd,,,,,moe,coral,near_nearest_proxy,anchor,2.0,2,2train,proxy_source,False,0.3549163225823048,4.0,direct,0.07980058568267681,0.042067319757163324,0.130483788093628
3,bnci004,MMP_moe,logvar,lda,coral,11,4,4,15047,0.05,no_leakage_v1_alpha005,gate_all_sources_proxy_source_only_final_training_only,mmd,,,,,moe,coral,near_nearest_proxy,final,2.0,2,2train,train,False,0.23306621245911754,4.0,direct,0.07980058568267681,0.042067319757163324,0.130483788093628
3,bnci004,MMP_moe,logvar,lda,coral,11,4,4,15047,0.05,no_leakage_v1_alpha005,gate_all_sources_proxy_source_only_final_training_only,mmd,,,,,moe,coral,near_nearest_proxy,main,3.0,3,3test,near,False,0.14254576652658982,4.0,direct,0.13047676708138045,0.07748117820203029,0.2090499985726116
3,bnci004,MMP_moe,logvar,lda,coral,11,4,4,15047,0.05,no_leakage_v1_alpha005,gate_all_sources_proxy_source_only_final_training_only,mmd,,,,,moe,coral,near_nearest_proxy,anchor,3.0,3,3test,proxy_source,False,0.21707058574252774,4.0,direct,0.13047676708138045,0.07748117820203029,0.2090499985726116
3,bnci004,MMP_moe,logvar,lda,coral,11,4,4,15047,0.05,no_leakage_v1_alpha005,gate_all_sources_proxy_source_only_final_training_only,mmd,,,,,moe,coral,near_nearest_proxy,final,3.0,3,3test,train,False,0.14254576652658982,4.0,direct,0.13047676708138045,0.07748117820203029,0.2090499985726116
3,bnci004,MMP_moe,logvar,lda,coral,11,4,4,15047,0.05,no_leakage_v1_alpha005,gate_all_sources_proxy_source_only_final_training_only,mmd,,,,,moe,coral,near_nearest_proxy,main,,4,4test,target,False,,,,,,
3,bnci004,MMP_moe,logvar,lda,coral,11,4,4,15047,0.05,no_leakage_v1_alpha005,gate_all_sources_proxy_source_only_final_training_only,mmd,,,,,moe,coral,near_nearest_proxy,final,,4,4test,target,False,,,,,,
3,bnci004,MMP_moe,logvar,svm_radial,none,12,0,0,15920,0.05,no_leakage_v1_alpha005,gate_all_sources_proxy_source_only_final_training_only,mmd,,,,,moe,coral,near_nearest_proxy,main,0.0,1,1train,nearest,True,0.6411143433273757,0.0,direct,0.03046985222460485,0.012830401542626903,0.05950100512959322
3,bnci004,MMP_moe,logvar,svm_radial,none,12,0,0,15920,0.05,no_leakage_v1_alpha005,gate_all_sources_proxy_source_only_final_training_only,mmd,,,,,moe,coral,near_nearest_proxy,anchor,0.0,1,1train,target,False,,0.0,direct,0.03046985222460485,0.012830401542626903,0.05950100512959322
3,bnci004,MMP_moe,logvar,svm_radial,none,12,0,0,15920,0.05,no_leakage_v1_alpha005,gate_all_sources_proxy_source_only_final_training_only,mmd,,,,,moe,coral,near_nearest_proxy,final,0.0,1,1train,train,True,0.6411143433273757,0.0,direct,0.03046985222460485,0.012830401542626903,0.05950100512959322
3,bnci004,MMP_moe,logvar,svm_radial,none,12,0,0,15920,0.05,no_leakage_v1_alpha005,gate_all_sources_proxy_source_only_final_training_only,mmd,,,,,moe,coral,near_nearest_proxy,main,1.0,2,2train,far,False,,0.0,direct,0.08293998948124887,0.05958826820896036,0.10867807404610812
3,bnci004,MMP_moe,logvar,svm_radial,none,12,0,0,15920,0.05,no_leakage_v1_alpha005,gate_all_sources_proxy_source_only_final_training_only,mmd,,,,,moe,coral,near_nearest_proxy,anchor,1.0,2,2train,not_used,False,,0.0,direct,0.08293998948124887,0.05958826820896036,0.10867807404610812
3,bnci004,MMP_moe,logvar,svm_radial,none,12,0,0,15920,0.05,no_leakage_v1_alpha005,gate_all_sources_proxy_source_only_final_training_only,mmd,,,,,moe,coral,near_nearest_proxy,final,1.0,2,2train,not_used,False,,0.0,direct,0.08293998948124887,0.05958826820896036,0.10867807404610812
3,bnci004,MMP_moe,logvar,svm_radial,none,12,0,0,15920,0.05,no_leakage_v1_alpha005,gate_all_sources_proxy_source_only_final_training_only,mmd,,,,,moe,coral,near_nearest_proxy,main,2.0,3,3test,far,False,,0.0,direct,0.08985850056132855,0.06425150199587686,0.1272473911550639
3,bnci004,MMP_moe,logvar,svm_radial,none,12,0,0,15920,0.05,no_leakage_v1_alpha005,gate_all_sources_proxy_source_only_final_training_only,mmd,,,,,moe,coral,near_nearest_proxy,anchor,2.0,3,3test,not_used,False,,0.0,direct,0.08985850056132855,0.06425150199587686,0.1272473911550639
3,bnci004,MMP_moe,logvar,svm_radial,none,12,0,0,15920,0.05,no_leakage_v1_alpha005,gate_all_sources_proxy_source_only_final_training_only,mmd,,,,,moe,coral,near_nearest_proxy,final,2.0,3,3test,not_used,False,,0.0,direct,0.08985850056132855,0.06425150199587686,0.1272473911550639
3,bnci004,MMP_moe,logvar,svm_radial,none,12,0,0,15920,0.05,no_leakage_v1_alpha005,gate_all_sources_proxy_source_only_final_training_only,mmd,,,,,moe,coral,near_nearest_proxy,main,3.0,4,4test,near,False,0.3588856566726242,0.0,direct,0.05443221584853185,0.024017998496767192,0.09645022086460373
3,bnci004,MMP_moe,logvar,svm_radial,none,12,0,0,15920,0.05,no_leakage_v1_alpha005,gate_all_sources_proxy_source_only_final_training_only,mmd,,,,,moe,coral,near_nearest_proxy,anchor,3.0,4,4test,proxy_source,False,1.0,0.0,direct,0.05443221584853185,0.024017998496767192,0.09645022086460373
3,bnci004,MMP_moe,logvar,svm_radial,none,12,0,0,15920,0.05,no_leakage_v1_alpha005,gate_all_sources_proxy_source_only_final_training_only,mmd,,,,,moe,coral,near_nearest_proxy,final,3.0,4,4test,train,False,0.3588856566726242,0.0,direct,0.05443221584853185,0.024017998496767192,0.09645022086460373
3,bnci004,MMP_moe,logvar,svm_radial,none,12,0,0,15920,0.05,no_leakage_v1_alpha005,gate_all_sources_proxy_source_only_final_training_only,mmd,,,,,moe,coral,near_nearest_proxy,main,,0,0train,target,False,,,,,,
3,bnci004,MMP_moe,logvar,svm_radial,none,12,0,0,15920,0.05,no_leakage_v1_alpha005,gate_all_sources_proxy_source_only_final_training_only,mmd,,,,,moe,coral,near_nearest_proxy,final,,0,0train,target,False,,,,,,
3,bnci004,MMP_moe,logvar,svm_radial,none,12,1,1,15951,0.05,no_leakage_v1_alpha005,gate_all_sources_proxy_source_only_final_training_only,mmd,,,,,moe,coral,near_nearest_proxy,main,0.0,0,0train,nearest,True,0.6450232300928587,1.0,direct,0.03341381572518375,0.014737094780136328,0.06598470681118562
3,bnci004,MMP_moe,logvar,svm_radial,none,12,1,1,15951,0.05,no_leakage_v1_alpha005,gate_all_sources_proxy_source_only_final_training_only,mmd,,,,,moe,coral,near_nearest_proxy,anchor,0.0,0,0train,target,False,,1.0,direct,0.03341381572518375,0.014737094780136328,0.06598470681118562
3,bnci004,MMP_moe,logvar,svm_radial,none,12,1,1,15951,0.05,no_leakage_v1_alpha005,gate_all_sources_proxy_source_only_final_training_only,mmd,,,,,moe,coral,near_nearest_proxy,final,0.0,0,0train,train,True,0.6450232300928587,1.0,direct,0.03341381572518375,0.014737094780136328,0.06598470681118562
3,bnci004,MMP_moe,logvar,svm_radial,none,12,1,1,15951,0.05,no_leakage_v1_alpha005,gate_all_sources_proxy_source_only_final_training_only,mmd,,,,,moe,coral,near_nearest_proxy,main,1.0,2,2train,far,False,,1.0,direct,0.11259645981979549,0.07559375878752876,0.1510558286743644
3,bnci004,MMP_moe,logvar,svm_radial,none,12,1,1,15951,0.05,no_leakage_v1_alpha005,gate_all_sources_proxy_source_only_final_training_only,mmd,,,,,moe,coral,near_nearest_proxy,anchor,1.0,2,2train,not_used,False,,1.0,direct,0.11259645981979549,0.07559375878752876,0.1510558286743644
3,bnci004,MMP_moe,logvar,svm_radial,none,12,1,1,15951,0.05,no_leakage_v1_alpha005,gate_all_sources_proxy_source_only_final_training_only,mmd,,,,,moe,coral,near_nearest_proxy,final,1.0,2,2train,not_used,False,,1.0,direct,0.11259645981979549,0.07559375878752876,0.1510558286743644
3,bnci004,MMP_moe,logvar,svm_radial,none,12,1,1,15951,0.05,no_leakage_v1_alpha005,gate_all_sources_proxy_source_only_final_training_only,mmd,,,,,moe,coral,near_nearest_proxy,main,2.0,3,3test,far,False,,1.0,direct,0.1075454276260683,0.0676414341374334,0.1617203919734476
3,bnci004,MMP_moe,logvar,svm_radial,none,12,1,1,15951,0.05,no_leakage_v1_alpha005,gate_all_sources_proxy_source_only_final_training_only,mmd,,,,,moe,coral,near_nearest_proxy,anchor,2.0,3,3test,not_used,False,,1.0,direct,0.1075454276260683,0.0676414341374334,0.1617203919734476
3,bnci004,MMP_moe,logvar,svm_radial,none,12,1,1,15951,0.05,no_leakage_v1_alpha005,gate_all_sources_proxy_source_only_final_training_only,mmd,,,,,moe,coral,near_nearest_proxy,final,2.0,3,3test,not_used,False,,1.0,direct,0.1075454276260683,0.0676414341374334,0.1617203919734476
3,bnci004,MMP_moe,logvar,svm_radial,none,12,1,1,15951,0.05,no_leakage_v1_alpha005,gate_all_sources_proxy_source_only_final_training_only,mmd,,,,,moe,coral,near_nearest_proxy,main,3.0,4,4test,near,False,0.35497676990714133,1.0,direct,0.06071658548497082,0.037880256152753665,0.0997971247486635
3,bnci004,MMP_moe,logvar,svm_radial,none,12,1,1,15951,0.05,no_leakage_v1_alpha005,gate_all_sources_proxy_source_only_final_training_only,mmd,,,,,moe,coral,near_nearest_proxy,anchor,3.0,4,4test,proxy_source,False,1.0,1.0,direct,0.06071658548497082,0.037880256152753665,0.0997971247486635
3,bnci004,MMP_moe,logvar,svm_radial,none,12,1,1,15951,0.05,no_leakage_v1_alpha005,gate_all_sources_proxy_source_only_final_training_only,mmd,,,,,moe,coral,near_nearest_proxy,final,3.0,4,4test,train,False,0.35497676990714133,1.0,direct,0.06071658548497082,0.037880256152753665,0.0997971247486635
3,bnci004,MMP_moe,logvar,svm_radial,none,12,1,1,15951,0.05,no_leakage_v1_alpha005,gate_all_sources_proxy_source_only_final_training_only,mmd,,,,,moe,coral,near_nearest_proxy,main,,1,1train,target,False,,,,,,
3,bnci004,MMP_moe,logvar,svm_radial,none,12,1,1,15951,0.05,no_leakage_v1_alpha005,gate_all_sources_proxy_source_only_final_training_only,mmd,,,,,moe,coral,near_nearest_proxy,final,,1,1train,target,False,,,,,,
3,bnci004,MMP_moe,logvar,svm_radial,none,12,2,2,15982,0.05,no_leakage_v1_alpha005,gate_all_sources_proxy_source_only_final_training_only,mmd,,,,,moe,coral,near_nearest_proxy,main,0.0,0,0train,far,False,,2.0,direct,0.10024311573948257,0.07354535156036422,0.1343249398648816
3,bnci004,MMP_moe,logvar,svm_radial,none,12,2,2,15982,0.05,no_leakage_v1_alpha005,gate_all_sources_proxy_source_only_final_training_only,mmd,,,,,moe,coral,near_nearest_proxy,anchor,0.0,0,0train,not_used,False,,2.0,direct,0.10024311573948257,0.07354535156036422,0.1343249398648816
3,bnci004,MMP_moe,logvar,svm_radial,none,12,2,2,15982,0.05,no_leakage_v1_alpha005,gate_all_sources_proxy_source_only_final_training_only,mmd,,,,,moe,coral,near_nearest_proxy,final,0.0,0,0train,not_used,False,,2.0,direct,0.10024311573948257,0.07354535156036422,0.1343249398648816
3,bnci004,MMP_moe,logvar,svm_radial,none,12,2,2,15982,0.05,no_leakage_v1_alpha005,gate_all_sources_proxy_source_only_final_training_only,mmd,,,,,moe,coral,near_nearest_proxy,main,1.0,1,1train,far,False,,2.0,direct,0.1297811312058954,0.09749575628621444,0.17815823040890458
3,bnci004,MMP_moe,logvar,svm_radial,none,12,2,2,15982,0.05,no_leakage_v1_alpha005,gate_all_sources_proxy_source_only_final_training_only,mmd,,,,,moe,coral,near_nearest_proxy,anchor,1.0,1,1train,not_used,False,,2.0,direct,0.1297811312058954,0.09749575628621444,0.17815823040890458
3,bnci004,MMP_moe,logvar,svm_radial,none,12,2,2,15982,0.05,no_leakage_v1_alpha005,gate_all_sources_proxy_source_only_final_training_only,mmd,,,,,moe,coral,near_nearest_proxy,final,1.0,1,1train,not_used,False,,2.0,direct,0.1297811312058954,0.09749575628621444,0.17815823040890458
3,bnci004,MMP_moe,logvar,svm_radial,none,12,2,2,15982,0.05,no_leakage_v1_alpha005,gate_all_sources_proxy_source_only_final_training_only,mmd,,,,,moe,coral,near_nearest_proxy,main,2.0,3,3test,nearest,True,0.6075776016134646,2.0,direct,0.044316160944414304,0.02445052387505781,0.0713272267505929
3,bnci004,MMP_moe,logvar,svm_radial,none,12,2,2,15982,0.05,no_leakage_v1_alpha005,gate_all_sources_proxy_source_only_final_training_only,mmd,,,,,moe,coral,near_nearest_proxy,anchor,2.0,3,3test,target,False,,2.0,direct,0.044316160944414304,0.02445052387505781,0.0713272267505929
3,bnci004,MMP_moe,logvar,svm_radial,none,12,2,2,15982,0.05,no_leakage_v1_alpha005,gate_all_sources_proxy_source_only_final_training_only,mmd,,,,,moe,coral,near_nearest_proxy,final,2.0,3,3test,train,True,0.6075776016134646,2.0,direct,0.044316160944414304,0.02445052387505781,0.0713272267505929
3,bnci004,MMP_moe,logvar,svm_radial,none,12,2,2,15982,0.05,no_leakage_v1_alpha005,gate_all_sources_proxy_source_only_final_training_only,mmd,,,,,moe,coral,near_nearest_proxy,main,3.0,4,4test,near,False,0.3924223983865353,2.0,direct,0.06861413121481658,0.036312623646706996,0.1044937535047399
3,bnci004,MMP_moe,logvar,svm_radial,none,12,2,2,15982,0.05,no_leakage_v1_alpha005,gate_all_sources_proxy_source_only_final_training_only,mmd,,,,,moe,coral,near_nearest_proxy,anchor,3.0,4,4test,proxy_source,False,1.0,2.0,direct,0.06861413121481658,0.036312623646706996,0.1044937535047399
3,bnci004,MMP_moe,logvar,svm_radial,none,12,2,2,15982,0.05,no_leakage_v1_alpha005,gate_all_sources_proxy_source_only_final_training_only,mmd,,,,,moe,coral,near_nearest_proxy,final,3.0,4,4test,train,False,0.3924223983865353,2.0,direct,0.06861413121481658,0.036312623646706996,0.1044937535047399
3,bnci004,MMP_moe,logvar,svm_radial,none,12,2,2,15982,0.05,no_leakage_v1_alpha005,gate_all_sources_proxy_source_only_final_training_only,mmd,,,,,moe,coral,near_nearest_proxy,main,,2,2train,target,False,,,,,,
3,bnci004,MMP_moe,logvar,svm_radial,none,12,2,2,15982,0.05,no_leakage_v1_alpha005,gate_all_sources_proxy_source_only_final_training_only,mmd,,,,,moe,coral,near_nearest_proxy,final,,2,2train,target,False,,,,,,
3,bnci004,MMP_moe,logvar,svm_radial,none,12,3,3,16013,0.05,no_leakage_v1_alpha005,gate_all_sources_proxy_source_only_final_training_only,mmd,,,,,moe,coral,near_nearest_proxy,main,0.0,0,0train,near,False,0.2035846052267606,3.0,direct,0.0976941526190151,0.06594528225568207,0.13478222719530894
3,bnci004,MMP_moe,logvar,svm_radial,none,12,3,3,16013,0.05,no_leakage_v1_alpha005,gate_all_sources_proxy_source_only_final_training_only,mmd,,,,,moe,coral,near_nearest_proxy,anchor,0.0,0,0train,proxy_source,False,0.3416165438377569,3.0,direct,0.0976941526190151,0.06594528225568207,0.13478222719530894
3,bnci004,MMP_moe,logvar,svm_radial,none,12,3,3,16013,0.05,no_leakage_v1_alpha005,gate_all_sources_proxy_source_only_final_training_only,mmd,,,,,moe,coral,near_nearest_proxy,final,0.0,0,0train,train,False,0.2035846052267606,3.0,direct,0.0976941526190151,0.06594528225568207,0.13478222719530894
3,bnci004,MMP_moe,logvar,svm_radial,none,12,3,3,16013,0.05,no_leakage_v1_alpha005,gate_all_sources_proxy_source_only_final_training_only,mmd,,,,,moe,coral,near_nearest_proxy,main,1.0,1,1train,near,False,0.19840447515979914,3.0,direct,0.10024486926525279,0.06578360664844346,0.14647680693844325
3,bnci004,MMP_moe,logvar,svm_radial,none,12,3,3,16013,0.05,no_leakage_v1_alpha005,gate_all_sources_proxy_source_only_final_training_only,mmd,,,,,moe,coral,near_nearest_proxy,anchor,1.0,1,1train,proxy_source,False,0.33292424547789634,3.0,direct,0.10024486926525279,0.06578360664844346,0.14647680693844325
3,bnci004,MMP_moe,logvar,svm_radial,none,12,3,3,16013,0.05,no_leakage_v1_alpha005,gate_all_sources_proxy_source_only_final_training_only,mmd,,,,,moe,coral,near_nearest_proxy,final,1.0,1,1train,train,False,0.19840447515979914,3.0,direct,0.10024486926525279,0.06578360664844346,0.14647680693844325
3,bnci004,MMP_moe,logvar,svm_radial,none,12,3,3,16013,0.05,no_leakage_v1_alpha005,gate_all_sources_proxy_source_only_final_training_only,mmd,,,,,moe,coral,near_nearest_proxy,main,2.0,2,2train,nearest,True,0.4040551931716501,3.0,direct,0.04922304021685475,0.027677410772808754,0.07448390604280182
3,bnci004,MMP_moe,logvar,svm_radial,none,12,3,3,16013,0.05,no_leakage_v1_alpha005,gate_all_sources_proxy_source_only_final_training_only,mmd,,,,,moe,coral,near_nearest_proxy,anchor,2.0,2,2train,target,False,,3.0,direct,0.04922304021685475,0.027677410772808754,0.07448390604280182
3,bnci004,MMP_moe,logvar,svm_radial,none,12,3,3,16013,0.05,no_leakage_v1_alpha005,gate_all_sources_proxy_source_only_final_training_only,mmd,,,,,moe,coral,near_nearest_proxy,final,2.0,2,2train,train,True,0.4040551931716501,3.0,direct,0.04922304021685475,0.027677410772808754,0.07448390604280182
3,bnci004,MMP_moe,logvar,svm_radial,none,12,3,3,16013,0.05,no_leakage_v1_alpha005,gate_all_sources_proxy_source_only_final_training_only,mmd,,,,,moe,coral,near_nearest_proxy,main,3.0,4,4test,near,False,0.19395572644179024,3.0,direct,0.10254420164672451,0.06958077789868106,0.14283528132852225
3,bnci004,MMP_moe,logvar,svm_radial,none,12,3,3,16013,0.05,no_leakage_v1_alpha005,gate_all_sources_proxy_source_only_final_training_only,mmd,,,,,moe,coral,near_nearest_proxy,anchor,3.0,4,4test,proxy_source,False,0.3254592106843467,3.0,direct,0.10254420164672451,0.06958077789868106,0.14283528132852225
3,bnci004,MMP_moe,logvar,svm_radial,none,12,3,3,16013,0.05,no_leakage_v1_alpha005,gate_all_sources_proxy_source_only_final_training_only,mmd,,,,,moe,coral,near_nearest_proxy,final,3.0,4,4test,train,False,0.19395572644179024,3.0,direct,0.10254420164672451,0.06958077789868106,0.14283528132852225
3,bnci004,MMP_moe,logvar,svm_radial,none,12,3,3,16013,0.05,no_leakage_v1_alpha005,gate_all_sources_proxy_source_only_final_training_only,mmd,,,,,moe,coral,near_nearest_proxy,main,,3,3test,target,False,,,,,,
3,bnci004,MMP_moe,logvar,svm_radial,none,12,3,3,16013,0.05,no_leakage_v1_alpha005,gate_all_sources_proxy_source_only_final_training_only,mmd,,,,,moe,coral,near_nearest_proxy,final,,3,3test,target,False,,,,,,
3,bnci004,MMP_moe,logvar,svm_radial,none,12,4,4,16044,0.05,no_leakage_v1_alpha005,gate_all_sources_proxy_source_only_final_training_only,mmd,,,,,moe,coral,near_nearest_proxy,main,0.0,0,0train,nearest,True,0.3425540027525006,4.0,direct,0.053384240173642794,0.029560867841684765,0.08480346186328513
3,bnci004,MMP_moe,logvar,svm_radial,none,12,4,4,16044,0.05,no_leakage_v1_alpha005,gate_all_sources_proxy_source_only_final_training_only,mmd,,,,,moe,coral,near_nearest_proxy,anchor,0.0,0,0train,target,False,,4.0,direct,0.053384240173642794,0.029560867841684765,0.08480346186328513
3,bnci004,MMP_moe,logvar,svm_radial,none,12,4,4,16044,0.05,no_leakage_v1_alpha005,gate_all_sources_proxy_source_only_final_training_only,mmd,,,,,moe,coral,near_nearest_proxy,final,0.0,0,0train,train,True,0.3425540027525006,4.0,direct,0.053384240173642794,0.029560867841684765,0.08480346186328513
3,bnci004,MMP_moe,logvar,svm_radial,none,12,4,4,16044,0.05,no_leakage_v1_alpha005,gate_all_sources_proxy_source_only_final_training_only,mmd,,,,,moe,coral,near_nearest_proxy,main,1.0,1,1train,near,False,0.27329039315066156,4.0,direct,0.06691436975946083,0.03880952671723589,0.09749264470657462
3,bnci004,MMP_moe,logvar,svm_radial,none,12,4,4,16044,0.05,no_leakage_v1_alpha005,gate_all_sources_proxy_source_only_final_training_only,mmd,,,,,moe,coral,near_nearest_proxy,anchor,1.0,1,1train,proxy_source,False,0.4156849297050017,4.0,direct,0.06691436975946083,0.03880952671723589,0.09749264470657462
3,bnci004,MMP_moe,logvar,svm_radial,none,12,4,4,16044,0.05,no_leakage_v1_alpha005,gate_all_sources_proxy_source_only_final_training_only,mmd,,,,,moe,coral,near_nearest_proxy,final,1.0,1,1train,train,False,0.27329039315066156,4.0,direct,0.06691436975946083,0.03880952671723589,0.09749264470657462
3,bnci004,MMP_moe,logvar,svm_radial,none,12,4,4,16044,0.05,no_leakage_v1_alpha005,gate_all_sources_proxy_source_only_final_training_only,mmd,,,,,moe,coral,near_nearest_proxy,main,2.0,2,2train,near,False,0.24235101907160733,4.0,direct,0.07545701861877706,0.040914657382327496,0.11722758673273097
3,bnci004,MMP_moe,logvar,svm_radial,none,12,4,4,16044,0.05,no_leakage_v1_alpha005,gate_all_sources_proxy_source_only_final_training_only,mmd,,,,,moe,coral,near_nearest_proxy,anchor,2.0,2,2train,proxy_source,False,0.36862498225899587,4.0,direct,0.07545701861877706,0.040914657382327496,0.11722758673273097
3,bnci004,MMP_moe,logvar,svm_radial,none,12,4,4,16044,0.05,no_leakage_v1_alpha005,gate_all_sources_proxy_source_only_final_training_only,mmd,,,,,moe,coral,near_nearest_proxy,final,2.0,2,2train,train,False,0.24235101907160733,4.0,direct,0.07545701861877706,0.040914657382327496,0.11722758673273097
3,bnci004,MMP_moe,logvar,svm_radial,none,12,4,4,16044,0.05,no_leakage_v1_alpha005,gate_all_sources_proxy_source_only_final_training_only,mmd,,,,,moe,coral,near_nearest_proxy,main,3.0,3,3test,near,False,0.1418045850252305,4.0,direct,0.12896046980107292,0.07848187956381526,0.19534748885015837
3,bnci004,MMP_moe,logvar,svm_radial,none,12,4,4,16044,0.05,no_leakage_v1_alpha005,gate_all_sources_proxy_source_only_final_training_only,mmd,,,,,moe,coral,near_nearest_proxy,anchor,3.0,3,3test,proxy_source,False,0.21569008803600234,4.0,direct,0.12896046980107292,0.07848187956381526,0.19534748885015837
3,bnci004,MMP_moe,logvar,svm_radial,none,12,4,4,16044,0.05,no_leakage_v1_alpha005,gate_all_sources_proxy_source_only_final_training_only,mmd,,,,,moe,coral,near_nearest_proxy,final,3.0,3,3test,train,False,0.1418045850252305,4.0,direct,0.12896046980107292,0.07848187956381526,0.19534748885015837
3,bnci004,MMP_moe,logvar,svm_radial,none,12,4,4,16044,0.05,no_leakage_v1_alpha005,gate_all_sources_proxy_source_only_final_training_only,mmd,,,,,moe,coral,near_nearest_proxy,main,,4,4test,target,False,,,,,,
3,bnci004,MMP_moe,logvar,svm_radial,none,12,4,4,16044,0.05,no_leakage_v1_alpha005,gate_all_sources_proxy_source_only_final_training_only,mmd,,,,,moe,coral,near_nearest_proxy,final,,4,4test,target,False,,,,,,
3,bnci004,MMP_moe,logvar,svm_radial,sa,13,0,0,16917,0.05,no_leakage_v1_alpha005,gate_all_sources_proxy_source_only_final_training_only,mmd,,,,,moe,coral,near_nearest_proxy,main,0.0,1,1train,nearest,True,0.5282851261377638,0.0,direct,0.029403138466716498,0.012403183111734628,0.060146805215771815
3,bnci004,MMP_moe,logvar,svm_radial,sa,13,0,0,16917,0.05,no_leakage_v1_alpha005,gate_all_sources_proxy_source_only_final_training_only,mmd,,,,,moe,coral,near_nearest_proxy,anchor,0.0,1,1train,target,False,,0.0,direct,0.029403138466716498,0.012403183111734628,0.060146805215771815
3,bnci004,MMP_moe,logvar,svm_radial,sa,13,0,0,16917,0.05,no_leakage_v1_alpha005,gate_all_sources_proxy_source_only_final_training_only,mmd,,,,,moe,coral,near_nearest_proxy,final,0.0,1,1train,train,True,0.5282851261377638,0.0,direct,0.029403138466716498,0.012403183111734628,0.060146805215771815
3,bnci004,MMP_moe,logvar,svm_radial,sa,13,0,0,16917,0.05,no_leakage_v1_alpha005,gate_all_sources_proxy_source_only_final_training_only,mmd,,,,,moe,coral,near_nearest_proxy,main,1.0,2,2train,near,False,0.1824288474416257,0.0,direct,0.08514874038758949,0.059513127677614755,0.11571802901605054
3,bnci004,MMP_moe,logvar,svm_radial,sa,13,0,0,16917,0.05,no_leakage_v1_alpha005,gate_all_sources_proxy_source_only_final_training_only,mmd,,,,,moe,coral,near_nearest_proxy,anchor,1.0,2,2train,proxy_source,False,0.3867354148661079,0.0,direct,0.08514874038758949,0.059513127677614755,0.11571802901605054
3,bnci004,MMP_moe,logvar,svm_radial,sa,13,0,0,16917,0.05,no_leakage_v1_alpha005,gate_all_sources_proxy_source_only_final_training_only,mmd,,,,,moe,coral,near_nearest_proxy,final,1.0,2,2train,train,False,0.1824288474416257,0.0,direct,0.08514874038758949,0.059513127677614755,0.11571802901605054
3,bnci004,MMP_moe,logvar,svm_radial,sa,13,0,0,16917,0.05,no_leakage_v1_alpha005,gate_all_sources_proxy_source_only_final_training_only,mmd,,,,,moe,coral,near_nearest_proxy,main,2.0,3,3test,far,False,,0.0,direct,0.08993843939993576,0.060890138330962844,0.12695844683903051
3,bnci004,MMP_moe,logvar,svm_radial,sa,13,0,0,16917,0.05,no_leakage_v1_alpha005,gate_all_sources_proxy_source_only_final_training_only,mmd,,,,,moe,coral,near_nearest_proxy,anchor,2.0,3,3test,not_used,False,,0.0,direct,0.08993843939993576,0.060890138330962844,0.12695844683903051
3,bnci004,MMP_moe,logvar,svm_radial,sa,13,0,0,16917,0.05,no_leakage_v1_alpha005,gate_all_sources_proxy_source_only_final_training_only,mmd,,,,,moe,coral,near_nearest_proxy,final,2.0,3,3test,not_used,False,,0.0,direct,0.08993843939993576,0.060890138330962844,0.12695844683903051
3,bnci004,MMP_moe,logvar,svm_radial,sa,13,0,0,16917,0.05,no_leakage_v1_alpha005,gate_all_sources_proxy_source_only_final_training_only,mmd,,,,,moe,coral,near_nearest_proxy,main,3.0,4,4test,near,False,0.2892860264206106,0.0,direct,0.053695921317160694,0.02753625643877589,0.08743890586438126
3,bnci004,MMP_moe,logvar,svm_radial,sa,13,0,0,16917,0.05,no_leakage_v1_alpha005,gate_all_sources_proxy_source_only_final_training_only,mmd,,,,,moe,coral,near_nearest_proxy,anchor,3.0,4,4test,proxy_source,False,0.6132645851338921,0.0,direct,0.053695921317160694,0.02753625643877589,0.08743890586438126
3,bnci004,MMP_moe,logvar,svm_radial,sa,13,0,0,16917,0.05,no_leakage_v1_alpha005,gate_all_sources_proxy_source_only_final_training_only,mmd,,,,,moe,coral,near_nearest_proxy,final,3.0,4,4test,train,False,0.2892860264206106,0.0,direct,0.053695921317160694,0.02753625643877589,0.08743890586438126
3,bnci004,MMP_moe,logvar,svm_radial,sa,13,0,0,16917,0.05,no_leakage_v1_alpha005,gate_all_sources_proxy_source_only_final_training_only,mmd,,,,,moe,coral,near_nearest_proxy,main,,0,0train,target,False,,,,,,
3,bnci004,MMP_moe,logvar,svm_radial,sa,13,0,0,16917,0.05,no_leakage_v1_alpha005,gate_all_sources_proxy_source_only_final_training_only,mmd,,,,,moe,coral,near_nearest_proxy,final,,0,0train,target,False,,,,,,
3,bnci004,MMP_moe,logvar,svm_radial,sa,13,1,1,16948,0.05,no_leakage_v1_alpha005,gate_all_sources_proxy_source_only_final_training_only,mmd,,,,,moe,coral,near_nearest_proxy,main,0.0,0,0train,nearest,True,0.664028529459927,1.0,direct,0.031206118987375697,0.011845398489629847,0.05700559350633137
3,bnci004,MMP_moe,logvar,svm_radial,sa,13,1,1,16948,0.05,no_leakage_v1_alpha005,gate_all_sources_proxy_source_only_final_training_only,mmd,,,,,moe,coral,near_nearest_proxy,anchor,0.0,0,0train,target,False,,1.0,direct,0.031206118987375697,0.011845398489629847,0.05700559350633137
3,bnci004,MMP_moe,logvar,svm_radial,sa,13,1,1,16948,0.05,no_leakage_v1_alpha005,gate_all_sources_proxy_source_only_final_training_only,mmd,,,,,moe,coral,near_nearest_proxy,final,0.0,0,0train,train,True,0.664028529459927,1.0,direct,0.031206118987375697,0.011845398489629847,0.05700559350633137
3,bnci004,MMP_moe,logvar,svm_radial,sa,13,1,1,16948,0.05,no_leakage_v1_alpha005,gate_all_sources_proxy_source_only_final_training_only,mmd,,,,,moe,coral,near_nearest_proxy,main,1.0,2,2train,far,False,,1.0,direct,0.11758259119363597,0.08035628424496068,0.16256969169892208
3,bnci004,MMP_moe,logvar,svm_radial,sa,13,1,1,16948,0.05,no_leakage_v1_alpha005,gate_all_sources_proxy_source_only_final_training_only,mmd,,,,,moe,coral,near_nearest_proxy,anchor,1.0,2,2train,not_used,False,,1.0,direct,0.11758259119363597,0.08035628424496068,0.16256969169892208
3,bnci004,MMP_moe,logvar,svm_radial,sa,13,1,1,16948,0.05,no_leakage_v1_alpha005,gate_all_sources_proxy_source_only_final_training_only,mmd,,,,,moe,coral,near_nearest_proxy,final,1.0,2,2train,not_used,False,,1.0,direct,0.11758259119363597,0.08035628424496068,0.16256969169892208
3,bnci004,MMP_moe,logvar,svm_radial,sa,13,1,1,16948,0.05,no_leakage_v1_alpha005,gate_all_sources_proxy_source_only_final_training_only,mmd,,,,,moe,coral,near_nearest_proxy,main,2.0,3,3test,far,False,,1.0,direct,0.10826007421572767,0.06618657049771384,0.15766143761838933
3,bnci004,MMP_moe,logvar,svm_radial,sa,13,1,1,16948,0.05,no_leakage_v1_alpha005,gate_all_sources_proxy_source_only_final_training_only,mmd,,,,,moe,coral,near_nearest_proxy,anchor,2.0,3,3test,not_used,False,,1.0,direct,0.10826007421572767,0.06618657049771384,0.15766143761838933
3,bnci004,MMP_moe,logvar,svm_radial,sa,13,1,1,16948,0.05,no_leakage_v1_alpha005,gate_all_sources_proxy_source_only_final_training_only,mmd,,,,,moe,coral,near_nearest_proxy,final,2.0,3,3test,not_used,False,,1.0,direct,0.10826007421572767,0.06618657049771384,0.15766143761838933
3,bnci004,MMP_moe,logvar,svm_radial,sa,13,1,1,16948,0.05,no_leakage_v1_alpha005,gate_all_sources_proxy_source_only_final_training_only,mmd,,,,,moe,coral,near_nearest_proxy,main,3.0,4,4test,near,False,0.335971470540073,1.0,direct,0.06167809821794343,0.03377308168894751,0.09956278553560974
3,bnci004,MMP_moe,logvar,svm_radial,sa,13,1,1,16948,0.05,no_leakage_v1_alpha005,gate_all_sources_proxy_source_only_final_training_only,mmd,,,,,moe,coral,near_nearest_proxy,anchor,3.0,4,4test,proxy_source,False,1.0,1.0,direct,0.06167809821794343,0.03377308168894751,0.09956278553560974
3,bnci004,MMP_moe,logvar,svm_radial,sa,13,1,1,16948,0.05,no_leakage_v1_alpha005,gate_all_sources_proxy_source_only_final_training_only,mmd,,,,,moe,coral,near_nearest_proxy,final,3.0,4,4test,train,False,0.335971470540073,1.0,direct,0.06167809821794343,0.03377308168894751,0.09956278553560974
3,bnci004,MMP_moe,logvar,svm_radial,sa,13,1,1,16948,0.05,no_leakage_v1_alpha005,gate_all_sources_proxy_source_only_final_training_only,mmd,,,,,moe,coral,near_nearest_proxy,main,,1,1train,target,False,,,,,,
3,bnci004,MMP_moe,logvar,svm_radial,sa,13,1,1,16948,0.05,no_leakage_v1_alpha005,gate_all_sources_proxy_source_only_final_training_only,mmd,,,,,moe,coral,near_nearest_proxy,final,,1,1train,target,False,,,,,,
3,bnci004,MMP_moe,logvar,svm_radial,sa,13,2,2,16979,0.05,no_leakage_v1_alpha005,gate_all_sources_proxy_source_only_final_training_only,mmd,,,,,moe,coral,near_nearest_proxy,main,0.0,0,0train,near,False,0.21559890214855507,2.0,direct,0.09944405223920999,0.0729304779973632,0.12989306165346276
3,bnci004,MMP_moe,logvar,svm_radial,sa,13,2,2,16979,0.05,no_leakage_v1_alpha005,gate_all_sources_proxy_source_only_final_training_only,mmd,,,,,moe,coral,near_nearest_proxy,anchor,0.0,0,0train,proxy_source,False,0.40751813469638726,2.0,direct,0.09944405223920999,0.0729304779973632,0.12989306165346276
3,bnci004,MMP_moe,logvar,svm_radial,sa,13,2,2,16979,0.05,no_leakage_v1_alpha005,gate_all_sources_proxy_source_only_final_training_only,mmd,,,,,moe,coral,near_nearest_proxy,final,0.0,0,0train,train,False,0.21559890214855507,2.0,direct,0.09944405223920999,0.0729304779973632,0.12989306165346276
3,bnci004,MMP_moe,logvar,svm_radial,sa,13,2,2,16979,0.05,no_leakage_v1_alpha005,gate_all_sources_proxy_source_only_final_training_only,mmd,,,,,moe,coral,near_nearest_proxy,main,1.0,1,1train,far,False,,2.0,direct,0.1303967429634575,0.09881972422390939,0.16500634888716437
3,bnci004,MMP_moe,logvar,svm_radial,sa,13,2,2,16979,0.05,no_leakage_v1_alpha005,gate_all_sources_proxy_source_only_final_training_only,mmd,,,,,moe,coral,near_nearest_proxy,anchor,1.0,1,1train,not_used,False,,2.0,direct,0.1303967429634575,0.09881972422390939,0.16500634888716437
3,bnci004,MMP_moe,logvar,svm_radial,sa,13,2,2,16979,0.05,no_leakage_v1_alpha005,gate_all_sources_proxy_source_only_final_training_only,mmd,,,,,moe,coral,near_nearest_proxy,final,1.0,1,1train,not_used,False,,2.0,direct,0.1303967429634575,0.09881972422390939,0.16500634888716437
3,bnci004,MMP_moe,logvar,svm_radial,sa,13,2,2,16979,0.05,no_leakage_v1_alpha005,gate_all_sources_proxy_source_only_final_training_only,mmd,,,,,moe,coral,near_nearest_proxy,main,2.0,3,3test,nearest,True,0.47094648362291297,2.0,direct,0.04552486086203075,0.0252822497271147,0.07392684862863476
3,bnci004,MMP_moe,logvar,svm_radial,sa,13,2,2,16979,0.05,no_leakage_v1_alpha005,gate_all_sources_proxy_source_only_final_training_only,mmd,,,,,moe,coral,near_nearest_proxy,anchor,2.0,3,3test,target,False,,2.0,direct,0.04552486086203075,0.0252822497271147,0.07392684862863476
3,bnci004,MMP_moe,logvar,svm_radial,sa,13,2,2,16979,0.05,no_leakage_v1_alpha005,gate_all_sources_proxy_source_only_final_training_only,mmd,,,,,moe,coral,near_nearest_proxy,final,2.0,3,3test,train,True,0.47094648362291297,2.0,direct,0.04552486086203075,0.0252822497271147,0.07392684862863476
3,bnci004,MMP_moe,logvar,svm_radial,sa,13,2,2,16979,0.05,no_leakage_v1_alpha005,gate_all_sources_proxy_source_only_final_training_only,mmd,,,,,moe,coral,near_nearest_proxy,main,3.0,4,4test,near,False,0.31345461422853194,2.0,direct,0.06839883561782197,0.040308188670254694,0.10410046484557428
3,bnci004,MMP_moe,logvar,svm_radial,sa,13,2,2,16979,0.05,no_leakage_v1_alpha005,gate_all_sources_proxy_source_only_final_training_only,mmd,,,,,moe,coral,near_nearest_proxy,anchor,3.0,4,4test,proxy_source,False,0.5924818653036127,2.0,direct,0.06839883561782197,0.040308188670254694,0.10410046484557428
3,bnci004,MMP_moe,logvar,svm_radial,sa,13,2,2,16979,0.05,no_leakage_v1_alpha005,gate_all_sources_proxy_source_only_final_training_only,mmd,,,,,moe,coral,near_nearest_proxy,final,3.0,4,4test,train,False,0.31345461422853194,2.0,direct,0.06839883561782197,0.040308188670254694,0.10410046484557428
3,bnci004,MMP_moe,logvar,svm_radial,sa,13,2,2,16979,0.05,no_leakage_v1_alpha005,gate_all_sources_proxy_source_only_final_training_only,mmd,,,,,moe,coral,near_nearest_proxy,main,,2,2train,target,False,,,,,,
3,bnci004,MMP_moe,logvar,svm_radial,sa,13,2,2,16979,0.05,no_leakage_v1_alpha005,gate_all_sources_proxy_source_only_final_training_only,mmd,,,,,moe,coral,near_nearest_proxy,final,,2,2train,target,False,,,,,,
3,bnci004,MMP_moe,logvar,svm_radial,sa,13,3,3,17010,0.05,no_leakage_v1_alpha005,gate_all_sources_proxy_source_only_final_training_only,mmd,,,,,moe,coral,near_nearest_proxy,main,0.0,0,0train,near,False,0.20146700503639073,3.0,direct,0.10023897620100403,0.07051953012405657,0.13584455006322932
3,bnci004,MMP_moe,logvar,svm_radial,sa,13,3,3,17010,0.05,no_leakage_v1_alpha005,gate_all_sources_proxy_source_only_final_training_only,mmd,,,,,moe,coral,near_nearest_proxy,anchor,0.0,0,0train,proxy_source,False,0.3365041985714696,3.0,direct,0.10023897620100403,0.07051953012405657,0.13584455006322932
3,bnci004,MMP_moe,logvar,svm_radial,sa,13,3,3,17010,0.05,no_leakage_v1_alpha005,gate_all_sources_proxy_source_only_final_training_only,mmd,,,,,moe,coral,near_nearest_proxy,final,0.0,0,0train,train,False,0.20146700503639073,3.0,direct,0.10023897620100403,0.07051953012405657,0.13584455006322932
3,bnci004,MMP_moe,logvar,svm_radial,sa,13,3,3,17010,0.05,no_leakage_v1_alpha005,gate_all_sources_proxy_source_only_final_training_only,mmd,,,,,moe,coral,near_nearest_proxy,main,1.0,1,1train,near,False,0.20024052872242262,3.0,direct,0.10085294759484549,0.0673478329977646,0.13805982938890043
3,bnci004,MMP_moe,logvar,svm_radial,sa,13,3,3,17010,0.05,no_leakage_v1_alpha005,gate_all_sources_proxy_source_only_final_training_only,mmd,,,,,moe,coral,near_nearest_proxy,anchor,1.0,1,1train,proxy_source,False,0.3344556525625379,3.0,direct,0.10085294759484549,0.0673478329977646,0.13805982938890043
3,bnci004,MMP_moe,logvar,svm_radial,sa,13,3,3,17010,0.05,no_leakage_v1_alpha005,gate_all_sources_proxy_source_only_final_training_only,mmd,,,,,moe,coral,near_nearest_proxy,final,1.0,1,1train,train,False,0.20024052872242262,3.0,direct,0.10085294759484549,0.0673478329977646,0.13805982938890043
3,bnci004,MMP_moe,logvar,svm_radial,sa,13,3,3,17010,0.05,no_leakage_v1_alpha005,gate_all_sources_proxy_source_only_final_training_only,mmd,,,,,moe,coral,near_nearest_proxy,main,2.0,2,2train,nearest,True,0.401294230824875,3.0,direct,0.05032378973999627,0.030044712354827533,0.08419763154609733
3,bnci004,MMP_moe,logvar,svm_radial,sa,13,3,3,17010,0.05,no_leakage_v1_alpha005,gate_all_sources_proxy_source_only_final_training_only,mmd,,,,,moe,coral,near_nearest_proxy,anchor,2.0,2,2train,target,False,,3.0,direct,0.05032378973999627,0.030044712354827533,0.08419763154609733
3,bnci004,MMP_moe,logvar,svm_radial,sa,13,3,3,17010,0.05,no_leakage_v1_alpha005,gate_all_sources_proxy_source_only_final_training_only,mmd,,,,,moe,coral,near_nearest_proxy,final,2.0,2,2train,train,True,0.401294230824875,3.0,direct,0.05032378973999627,0.030044712354827533,0.08419763154609733
3,bnci004,MMP_moe,logvar,svm_radial,sa,13,3,3,17010,0.05,no_leakage_v1_alpha005,gate_all_sources_proxy_source_only_final_training_only,mmd,,,,,moe,coral,near_nearest_proxy,main,3.0,4,4test,near,False,0.19699823541631162,3.0,direct,0.10251285118987315,0.06907300504333626,0.14104317132046099
3,bnci004,MMP_moe,logvar,svm_radial,sa,13,3,3,17010,0.05,no_leakage_v1_alpha005,gate_all_sources_proxy_source_only_final_training_only,mmd,,,,,moe,coral,near_nearest_proxy,anchor,3.0,4,4test,proxy_source,False,0.3290401488659924,3.0,direct,0.10251285118987315,0.06907300504333626,0.14104317132046099
3,bnci004,MMP_moe,logvar,svm_radial,sa,13,3,3,17010,0.05,no_leakage_v1_alpha005,gate_all_sources_proxy_source_only_final_training_only,mmd,,,,,moe,coral,near_nearest_proxy,final,3.0,4,4test,train,False,0.19699823541631162,3.0,direct,0.10251285118987315,0.06907300504333626,0.14104317132046099
3,bnci004,MMP_moe,logvar,svm_radial,sa,13,3,3,17010,0.05,no_leakage_v1_alpha005,gate_all_sources_proxy_source_only_final_training_only,mmd,,,,,moe,coral,near_nearest_proxy,main,,3,3test,target,False,,,,,,
3,bnci004,MMP_moe,logvar,svm_radial,sa,13,3,3,17010,0.05,no_leakage_v1_alpha005,gate_all_sources_proxy_source_only_final_training_only,mmd,,,,,moe,coral,near_nearest_proxy,final,,3,3test,target,False,,,,,,
3,bnci004,MMP_moe,logvar,svm_radial,sa,13,4,4,17041,0.05,no_leakage_v1_alpha005,gate_all_sources_proxy_source_only_final_training_only,mmd,,,,,moe,coral,near_nearest_proxy,main,0.0,0,0train,nearest,True,0.34406567603369753,4.0,direct,0.05468994297513021,0.029634427969013968,0.0959304270147802
3,bnci004,MMP_moe,logvar,svm_radial,sa,13,4,4,17041,0.05,no_leakage_v1_alpha005,gate_all_sources_proxy_source_only_final_training_only,mmd,,,,,moe,coral,near_nearest_proxy,anchor,0.0,0,0train,target,False,,4.0,direct,0.05468994297513021,0.029634427969013968,0.0959304270147802
3,bnci004,MMP_moe,logvar,svm_radial,sa,13,4,4,17041,0.05,no_leakage_v1_alpha005,gate_all_sources_proxy_source_only_final_training_only,mmd,,,,,moe,coral,near_nearest_proxy,final,0.0,0,0train,train,True,0.34406567603369753,4.0,direct,0.05468994297513021,0.029634427969013968,0.0959304270147802
3,bnci004,MMP_moe,logvar,svm_radial,sa,13,4,4,17041,0.05,no_leakage_v1_alpha005,gate_all_sources_proxy_source_only_final_training_only,mmd,,,,,moe,coral,near_nearest_proxy,main,1.0,1,1train,near,False,0.27657560837437645,4.0,direct,0.06803564422275177,0.04164242796177094,0.10544757227035358
3,bnci004,MMP_moe,logvar,svm_radial,sa,13,4,4,17041,0.05,no_leakage_v1_alpha005,gate_all_sources_proxy_source_only_final_training_only,mmd,,,,,moe,coral,near_nearest_proxy,anchor,1.0,1,1train,proxy_source,False,0.42165137311610645,4.0,direct,0.06803564422275177,0.04164242796177094,0.10544757227035358
3,bnci004,MMP_moe,logvar,svm_radial,sa,13,4,4,17041,0.05,no_leakage_v1_alpha005,gate_all_sources_proxy_source_only_final_training_only,mmd,,,,,moe,coral,near_nearest_proxy,final,1.0,1,1train,train,False,0.27657560837437645,4.0,direct,0.06803564422275177,0.04164242796177094,0.10544757227035358
3,bnci004,MMP_moe,logvar,svm_radial,sa,13,4,4,17041,0.05,no_leakage_v1_alpha005,gate_all_sources_proxy_source_only_final_training_only,mmd,,,,,moe,coral,near_nearest_proxy,main,2.0,2,2train,near,False,0.23586839568510604,4.0,direct,0.07977770970378079,0.043391365245311765,0.12344721678709658
3,bnci004,MMP_moe,logvar,svm_radial,sa,13,4,4,17041,0.05,no_leakage_v1_alpha005,gate_all_sources_proxy_source_only_final_training_only,mmd,,,,,moe,coral,near_nearest_proxy,anchor,2.0,2,2train,proxy_source,False,0.3595914820539615,4.0,direct,0.07977770970378079,0.043391365245311765,0.12344721678709658
3,bnci004,MMP_moe,logvar,svm_radial,sa,13,4,4,17041,0.05,no_leakage_v1_alpha005,gate_all_sources_proxy_source_only_final_training_only,mmd,,,,,moe,coral,near_nearest_proxy,final,2.0,2,2train,train,False,0.23586839568510604,4.0,direct,0.07977770970378079,0.043391365245311765,0.12344721678709658
3,bnci004,MMP_moe,logvar,svm_radial,sa,13,4,4,17041,0.05,no_leakage_v1_alpha005,gate_all_sources_proxy_source_only_final_training_only,mmd,,,,,moe,coral,near_nearest_proxy,main,3.0,3,3test,near,False,0.14349031990682004,4.0,direct,0.13113869137345407,0.08428876077921335,0.18764879282568037
3,bnci004,MMP_moe,logvar,svm_radial,sa,13,4,4,17041,0.05,no_leakage_v1_alpha005,gate_all_sources_proxy_source_only_final_training_only,mmd,,,,,moe,coral,near_nearest_proxy,anchor,3.0,3,3test,proxy_source,False,0.2187571448299321,4.0,direct,0.13113869137345407,0.08428876077921335,0.18764879282568037
3,bnci004,MMP_moe,logvar,svm_radial,sa,13,4,4,17041,0.05,no_leakage_v1_alpha005,gate_all_sources_proxy_source_only_final_training_only,mmd,,,,,moe,coral,near_nearest_proxy,final,3.0,3,3test,train,False,0.14349031990682004,4.0,direct,0.13113869137345407,0.08428876077921335,0.18764879282568037
3,bnci004,MMP_moe,logvar,svm_radial,sa,13,4,4,17041,0.05,no_leakage_v1_alpha005,gate_all_sources_proxy_source_only_final_training_only,mmd,,,,,moe,coral,near_nearest_proxy,main,,4,4test,target,False,,,,,,
3,bnci004,MMP_moe,logvar,svm_radial,sa,13,4,4,17041,0.05,no_leakage_v1_alpha005,gate_all_sources_proxy_source_only_final_training_only,mmd,,,,,moe,coral,near_nearest_proxy,final,,4,4test,target,False,,,,,,
3,bnci004,MMP_moe,logvar,svm_radial,pt,14,0,0,17914,0.05,no_leakage_v1_alpha005,gate_all_sources_proxy_source_only_final_training_only,mmd,,,,,moe,coral,near_nearest_proxy,main,0.0,1,1train,nearest,True,0.43632485580099883,0.0,direct,0.03042049925340002,0.012483062242139048,0.06296037123030687
3,bnci004,MMP_moe,logvar,svm_radial,pt,14,0,0,17914,0.05,no_leakage_v1_alpha005,gate_all_sources_proxy_source_only_final_training_only,mmd,,,,,moe,coral,near_nearest_proxy,anchor,0.0,1,1train,target,False,,0.0,direct,0.03042049925340002,0.012483062242139048,0.06296037123030687
3,bnci004,MMP_moe,logvar,svm_radial,pt,14,0,0,17914,0.05,no_leakage_v1_alpha005,gate_all_sources_proxy_source_only_final_training_only,mmd,,,,,moe,coral,near_nearest_proxy,final,0.0,1,1train,train,True,0.43632485580099883,0.0,direct,0.03042049925340002,0.012483062242139048,0.06296037123030687
3,bnci004,MMP_moe,logvar,svm_radial,pt,14,0,0,17914,0.05,no_leakage_v1_alpha005,gate_all_sources_proxy_source_only_final_training_only,mmd,,,,,moe,coral,near_nearest_proxy,main,1.0,2,2train,near,False,0.15815263236387478,0.0,direct,0.08392840463014341,0.05924359260030274,0.11855864597677764
3,bnci004,MMP_moe,logvar,svm_radial,pt,14,0,0,17914,0.05,no_leakage_v1_alpha005,gate_all_sources_proxy_source_only_final_training_only,mmd,,,,,moe,coral,near_nearest_proxy,anchor,1.0,2,2train,proxy_source,False,0.2805740753188865,0.0,direct,0.08392840463014341,0.05924359260030274,0.11855864597677764
3,bnci004,MMP_moe,logvar,svm_radial,pt,14,0,0,17914,0.05,no_leakage_v1_alpha005,gate_all_sources_proxy_source_only_final_training_only,mmd,,,,,moe,coral,near_nearest_proxy,final,1.0,2,2train,train,False,0.15815263236387478,0.0,direct,0.08392840463014341,0.05924359260030274,0.11855864597677764
3,bnci004,MMP_moe,logvar,svm_radial,pt,14,0,0,17914,0.05,no_leakage_v1_alpha005,gate_all_sources_proxy_source_only_final_training_only,mmd,,,,,moe,coral,near_nearest_proxy,main,2.0,3,3test,near,False,0.14660992225415043,0.0,direct,0.09053623016086103,0.05913949034028707,0.12964950364755026
3,bnci004,MMP_moe,logvar,svm_radial,pt,14,0,0,17914,0.05,no_leakage_v1_alpha005,gate_all_sources_proxy_source_only_final_training_only,mmd,,,,,moe,coral,near_nearest_proxy,anchor,2.0,3,3test,proxy_source,False,0.2600964824561981,0.0,direct,0.09053623016086103,0.05913949034028707,0.12964950364755026
3,bnci004,MMP_moe,logvar,svm_radial,pt,14,0,0,17914,0.05,no_leakage_v1_alpha005,gate_all_sources_proxy_source_only_final_training_only,mmd,,,,,moe,coral,near_nearest_proxy,final,2.0,3,3test,train,False,0.14660992225415043,0.0,direct,0.09053623016086103,0.05913949034028707,0.12964950364755026
3,bnci004,MMP_moe,logvar,svm_radial,pt,14,0,0,17914,0.05,no_leakage_v1_alpha005,gate_all_sources_proxy_source_only_final_training_only,mmd,,,,,moe,coral,near_nearest_proxy,main,3.0,4,4test,near,False,0.25891258958097596,0.0,direct,0.051265940307816005,0.02516196988925232,0.08298234577252248
3,bnci004,MMP_moe,logvar,svm_radial,pt,14,0,0,17914,0.05,no_leakage_v1_alpha005,gate_all_sources_proxy_source_only_final_training_only,mmd,,,,,moe,coral,near_nearest_proxy,anchor,3.0,4,4test,proxy_source,False,0.45932944222491545,0.0,direct,0.051265940307816005,0.02516196988925232,0.08298234577252248
3,bnci004,MMP_moe,logvar,svm_radial,pt,14,0,0,17914,0.05,no_leakage_v1_alpha005,gate_all_sources_proxy_source_only_final_training_only,mmd,,,,,moe,coral,near_nearest_proxy,final,3.0,4,4test,train,False,0.25891258958097596,0.0,direct,0.051265940307816005,0.02516196988925232,0.08298234577252248
3,bnci004,MMP_moe,logvar,svm_radial,pt,14,0,0,17914,0.05,no_leakage_v1_alpha005,gate_all_sources_proxy_source_only_final_training_only,mmd,,,,,moe,coral,near_nearest_proxy,main,,0,0train,target,False,,,,,,
3,bnci004,MMP_moe,logvar,svm_radial,pt,14,0,0,17914,0.05,no_leakage_v1_alpha005,gate_all_sources_proxy_source_only_final_training_only,mmd,,,,,moe,coral,near_nearest_proxy,final,,0,0train,target,False,,,,,,
3,bnci004,MMP_moe,logvar,svm_radial,pt,14,1,1,17945,0.05,no_leakage_v1_alpha005,gate_all_sources_proxy_source_only_final_training_only,mmd,,,,,moe,coral,near_nearest_proxy,main,0.0,0,0train,nearest,True,0.6665454641928389,1.0,direct,0.0318102740790279,0.012896610994305484,0.05944396021304502
3,bnci004,MMP_moe,logvar,svm_radial,pt,14,1,1,17945,0.05,no_leakage_v1_alpha005,gate_all_sources_proxy_source_only_final_training_only,mmd,,,,,moe,coral,near_nearest_proxy,anchor,0.0,0,0train,target,False,,1.0,direct,0.0318102740790279,0.012896610994305484,0.05944396021304502
3,bnci004,MMP_moe,logvar,svm_radial,pt,14,1,1,17945,0.05,no_leakage_v1_alpha005,gate_all_sources_proxy_source_only_final_training_only,mmd,,,,,moe,coral,near_nearest_proxy,final,0.0,0,0train,train,True,0.6665454641928389,1.0,direct,0.0318102740790279,0.012896610994305484,0.05944396021304502
3,bnci004,MMP_moe,logvar,svm_radial,pt,14,1,1,17945,0.05,no_leakage_v1_alpha005,gate_all_sources_proxy_source_only_final_training_only,mmd,,,,,moe,coral,near_nearest_proxy,main,1.0,2,2train,far,False,,1.0,direct,0.11584987326975202,0.07542318938225495,0.1579448356173678
3,bnci004,MMP_moe,logvar,svm_radial,pt,14,1,1,17945,0.05,no_leakage_v1_alpha005,gate_all_sources_proxy_source_only_final_training_only,mmd,,,,,moe,coral,near_nearest_proxy,anchor,1.0,2,2train,not_used,False,,1.0,direct,0.11584987326975202,0.07542318938225495,0.1579448356173678
3,bnci004,MMP_moe,logvar,svm_radial,pt,14,1,1,17945,0.05,no_leakage_v1_alpha005,gate_all_sources_proxy_source_only_final_training_only,mmd,,,,,moe,coral,near_nearest_proxy,final,1.0,2,2train,not_used,False,,1.0,direct,0.11584987326975202,0.07542318938225495,0.1579448356173678
3,bnci004,MMP_moe,logvar,svm_radial,pt,14,1,1,17945,0.05,no_leakage_v1_alpha005,gate_all_sources_proxy_source_only_final_training_only,mmd,,,,,moe,coral,near_nearest_proxy,main,2.0,3,3test,far,False,,1.0,direct,0.10802713297637118,0.06469582932891461,0.15736209212458427
3,bnci004,MMP_moe,logvar,svm_radial,pt,14,1,1,17945,0.05,no_leakage_v1_alpha005,gate_all_sources_proxy_source_only_final_training_only,mmd,,,,,moe,coral,near_nearest_proxy,anchor,2.0,3,3test,not_used,False,,1.0,direct,0.10802713297637118,0.06469582932891461,0.15736209212458427
3,bnci004,MMP_moe,logvar,svm_radial,pt,14,1,1,17945,0.05,no_leakage_v1_alpha005,gate_all_sources_proxy_source_only_final_training_only,mmd,,,,,moe,coral,near_nearest_proxy,final,2.0,3,3test,not_used,False,,1.0,direct,0.10802713297637118,0.06469582932891461,0.15736209212458427
3,bnci004,MMP_moe,logvar,svm_radial,pt,14,1,1,17945,0.05,no_leakage_v1_alpha005,gate_all_sources_proxy_source_only_final_training_only,mmd,,,,,moe,coral,near_nearest_proxy,main,3.0,4,4test,near,False,0.3334545358071611,1.0,direct,0.06358686032478349,0.03609410216918962,0.10173128234417042
3,bnci004,MMP_moe,logvar,svm_radial,pt,14,1,1,17945,0.05,no_leakage_v1_alpha005,gate_all_sources_proxy_source_only_final_training_only,mmd,,,,,moe,coral,near_nearest_proxy,anchor,3.0,4,4test,proxy_source,False,1.0,1.0,direct,0.06358686032478349,0.03609410216918962,0.10173128234417042
3,bnci004,MMP_moe,logvar,svm_radial,pt,14,1,1,17945,0.05,no_leakage_v1_alpha005,gate_all_sources_proxy_source_only_final_training_only,mmd,,,,,moe,coral,near_nearest_proxy,final,3.0,4,4test,train,False,0.3334545358071611,1.0,direct,0.06358686032478349,0.03609410216918962,0.10173128234417042
3,bnci004,MMP_moe,logvar,svm_radial,pt,14,1,1,17945,0.05,no_leakage_v1_alpha005,gate_all_sources_proxy_source_only_final_training_only,mmd,,,,,moe,coral,near_nearest_proxy,main,,1,1train,target,False,,,,,,
3,bnci004,MMP_moe,logvar,svm_radial,pt,14,1,1,17945,0.05,no_leakage_v1_alpha005,gate_all_sources_proxy_source_only_final_training_only,mmd,,,,,moe,coral,near_nearest_proxy,final,,1,1train,target,False,,,,,,
3,bnci004,MMP_moe,logvar,svm_radial,pt,14,2,2,17976,0.05,no_leakage_v1_alpha005,gate_all_sources_proxy_source_only_final_training_only,mmd,,,,,moe,coral,near_nearest_proxy,main,0.0,0,0train,near,False,0.21089463616704468,2.0,direct,0.10034331731796108,0.07034430959319204,0.13528431765510734
3,bnci004,MMP_moe,logvar,svm_radial,pt,14,2,2,17976,0.05,no_leakage_v1_alpha005,gate_all_sources_proxy_source_only_final_training_only,mmd,,,,,moe,coral,near_nearest_proxy,anchor,0.0,0,0train,proxy_source,False,0.4053356082633104,2.0,direct,0.10034331731796108,0.07034430959319204,0.13528431765510734
3,bnci004,MMP_moe,logvar,svm_radial,pt,14,2,2,17976,0.05,no_leakage_v1_alpha005,gate_all_sources_proxy_source_only_final_training_only,mmd,,,,,moe,coral,near_nearest_proxy,final,0.0,0,0train,train,False,0.21089463616704468,2.0,direct,0.10034331731796108,0.07034430959319204,0.13528431765510734
3,bnci004,MMP_moe,logvar,svm_radial,pt,14,2,2,17976,0.05,no_leakage_v1_alpha005,gate_all_sources_proxy_source_only_final_training_only,mmd,,,,,moe,coral,near_nearest_proxy,main,1.0,1,1train,far,False,,2.0,direct,0.13161155441198186,0.09840295817038928,0.17862142086088253
3,bnci004,MMP_moe,logvar,svm_radial,pt,14,2,2,17976,0.05,no_leakage_v1_alpha005,gate_all_sources_proxy_source_only_final_training_only,mmd,,,,,moe,coral,near_nearest_proxy,anchor,1.0,1,1train,not_used,False,,2.0,direct,0.13161155441198186,0.09840295817038928,0.17862142086088253
3,bnci004,MMP_moe,logvar,svm_radial,pt,14,2,2,17976,0.05,no_leakage_v1_alpha005,gate_all_sources_proxy_source_only_final_training_only,mmd,,,,,moe,coral,near_nearest_proxy,final,1.0,1,1train,not_used,False,,2.0,direct,0.13161155441198186,0.09840295817038928,0.17862142086088253
3,bnci004,MMP_moe,logvar,svm_radial,pt,14,2,2,17976,0.05,no_leakage_v1_alpha005,gate_all_sources_proxy_source_only_final_training_only,mmd,,,,,moe,coral,near_nearest_proxy,main,2.0,3,3test,nearest,True,0.4797036532994525,2.0,direct,0.04411389916044388,0.025945969328165452,0.07594896488747954
3,bnci004,MMP_moe,logvar,svm_radial,pt,14,2,2,17976,0.05,no_leakage_v1_alpha005,gate_all_sources_proxy_source_only_final_training_only,mmd,,,,,moe,coral,near_nearest_proxy,anchor,2.0,3,3test,target,False,,2.0,direct,0.04411389916044388,0.025945969328165452,0.07594896488747954
3,bnci004,MMP_moe,logvar,svm_radial,pt,14,2,2,17976,0.05,no_leakage_v1_alpha005,gate_all_sources_proxy_source_only_final_training_only,mmd,,,,,moe,coral,near_nearest_proxy,final,2.0,3,3test,train,True,0.4797036532994525,2.0,direct,0.04411389916044388,0.025945969328165452,0.07594896488747954
3,bnci004,MMP_moe,logvar,svm_radial,pt,14,2,2,17976,0.05,no_leakage_v1_alpha005,gate_all_sources_proxy_source_only_final_training_only,mmd,,,,,moe,coral,near_nearest_proxy,main,3.0,4,4test,near,False,0.30940171053350285,2.0,direct,0.06839577213067766,0.04161442358051035,0.10067111023419935
3,bnci004,MMP_moe,logvar,svm_radial,pt,14,2,2,17976,0.05,no_leakage_v1_alpha005,gate_all_sources_proxy_source_only_final_training_only,mmd,,,,,moe,coral,near_nearest_proxy,anchor,3.0,4,4test,proxy_source,False,0.5946643917366895,2.0,direct,0.06839577213067766,0.04161442358051035,0.10067111023419935
3,bnci004,MMP_moe,logvar,svm_radial,pt,14,2,2,17976,0.05,no_leakage_v1_alpha005,gate_all_sources_proxy_source_only_final_training_only,mmd,,,,,moe,coral,near_nearest_proxy,final,3.0,4,4test,train,False,0.30940171053350285,2.0,direct,0.06839577213067766,0.04161442358051035,0.10067111023419935
3,bnci004,MMP_moe,logvar,svm_radial,pt,14,2,2,17976,0.05,no_leakage_v1_alpha005,gate_all_sources_proxy_source_only_final_training_only,mmd,,,,,moe,coral,near_nearest_proxy,main,,2,2train,target,False,,,,,,
3,bnci004,MMP_moe,logvar,svm_radial,pt,14,2,2,17976,0.05,no_leakage_v1_alpha005,gate_all_sources_proxy_source_only_final_training_only,mmd,,,,,moe,coral,near_nearest_proxy,final,,2,2train,target,False,,,,,,
3,bnci004,MMP_moe,logvar,svm_radial,pt,14,3,3,18007,0.05,no_leakage_v1_alpha005,gate_all_sources_proxy_source_only_final_training_only,mmd,,,,,moe,coral,near_nearest_proxy,main,0.0,0,0train,near,False,0.19116621274082118,3.0,direct,0.10384176974725783,0.07461818944779776,0.14317340635635314
3,bnci004,MMP_moe,logvar,svm_radial,pt,14,3,3,18007,0.05,no_leakage_v1_alpha005,gate_all_sources_proxy_source_only_final_training_only,mmd,,,,,moe,coral,near_nearest_proxy,anchor,0.0,0,0train,proxy_source,False,0.3253202748341033,3.0,direct,0.10384176974725783,0.07461818944779776,0.14317340635635314
3,bnci004,MMP_moe,logvar,svm_radial,pt,14,3,3,18007,0.05,no_leakage_v1_alpha005,gate_all_sources_proxy_source_only_final_training_only,mmd,,,,,moe,coral,near_nearest_proxy,final,0.0,0,0train,train,False,0.19116621274082118,3.0,direct,0.10384176974725783,0.07461818944779776,0.14317340635635314
3,bnci004,MMP_moe,logvar,svm_radial,pt,14,3,3,18007,0.05,no_leakage_v1_alpha005,gate_all_sources_proxy_source_only_final_training_only,mmd,,,,,moe,coral,near_nearest_proxy,main,1.0,1,1train,near,False,0.2037459745425387,3.0,direct,0.09743026978420768,0.06799990416942618,0.13947881973747916
3,bnci004,MMP_moe,logvar,svm_radial,pt,14,3,3,18007,0.05,no_leakage_v1_alpha005,gate_all_sources_proxy_source_only_final_training_only,mmd,,,,,moe,coral,near_nearest_proxy,anchor,1.0,1,1train,proxy_source,False,0.3467280932346841,3.0,direct,0.09743026978420768,0.06799990416942618,0.13947881973747916
3,bnci004,MMP_moe,logvar,svm_radial,pt,14,3,3,18007,0.05,no_leakage_v1_alpha005,gate_all_sources_proxy_source_only_final_training_only,mmd,,,,,moe,coral,near_nearest_proxy,final,1.0,1,1train,train,False,0.2037459745425387,3.0,direct,0.09743026978420768,0.06799990416942618,0.13947881973747916
3,bnci004,MMP_moe,logvar,svm_radial,pt,14,3,3,18007,0.05,no_leakage_v1_alpha005,gate_all_sources_proxy_source_only_final_training_only,mmd,,,,,moe,coral,near_nearest_proxy,main,2.0,2,2train,nearest,True,0.41237534968176764,3.0,direct,0.04813773823549274,0.02748722640607882,0.0752141317355267
3,bnci004,MMP_moe,logvar,svm_radial,pt,14,3,3,18007,0.05,no_leakage_v1_alpha005,gate_all_sources_proxy_source_only_final_training_only,mmd,,,,,moe,coral,near_nearest_proxy,anchor,2.0,2,2train,target,False,,3.0,direct,0.04813773823549274,0.02748722640607882,0.0752141317355267
3,bnci004,MMP_moe,logvar,svm_radial,pt,14,3,3,18007,0.05,no_leakage_v1_alpha005,gate_all_sources_proxy_source_only_final_training_only,mmd,,,,,moe,coral,near_nearest_proxy,final,2.0,2,2train,train,True,0.41237534968176764,3.0,direct,0.04813773823549274,0.02748722640607882,0.0752141317355267
3,bnci004,MMP_moe,logvar,svm_radial,pt,14,3,3,18007,0.05,no_leakage_v1_alpha005,gate_all_sources_proxy_source_only_final_training_only,mmd,,,,,moe,coral,near_nearest_proxy,main,3.0,4,4test,near,False,0.19271246303487244,3.0,direct,0.10300857551203216,0.06993123219478005,0.14392714686565963
3,bnci004,MMP_moe,logvar,svm_radial,pt,14,3,3,18007,0.05,no_leakage_v1_alpha005,gate_all_sources_proxy_source_only_final_training_only,mmd,,,,,moe,coral,near_nearest_proxy,anchor,3.0,4,4test,proxy_source,False,0.32795163193121263,3.0,direct,0.10300857551203216,0.06993123219478005,0.14392714686565963
3,bnci004,MMP_moe,logvar,svm_radial,pt,14,3,3,18007,0.05,no_leakage_v1_alpha005,gate_all_sources_proxy_source_only_final_training_only,mmd,,,,,moe,coral,near_nearest_proxy,final,3.0,4,4test,train,False,0.19271246303487244,3.0,direct,0.10300857551203216,0.06993123219478005,0.14392714686565963
3,bnci004,MMP_moe,logvar,svm_radial,pt,14,3,3,18007,0.05,no_leakage_v1_alpha005,gate_all_sources_proxy_source_only_final_training_only,mmd,,,,,moe,coral,near_nearest_proxy,main,,3,3test,target,False,,,,,,
3,bnci004,MMP_moe,logvar,svm_radial,pt,14,3,3,18007,0.05,no_leakage_v1_alpha005,gate_all_sources_proxy_source_only_final_training_only,mmd,,,,,moe,coral,near_nearest_proxy,final,,3,3test,target,False,,,,,,
3,bnci004,MMP_moe,logvar,svm_radial,pt,14,4,4,18038,0.05,no_leakage_v1_alpha005,gate_all_sources_proxy_source_only_final_training_only,mmd,,,,,moe,coral,near_nearest_proxy,main,0.0,0,0train,nearest,True,0.34544402113104383,4.0,direct,0.05467536950221036,0.026586124495286623,0.08870225129419648
3,bnci004,MMP_moe,logvar,svm_radial,pt,14,4,4,18038,0.05,no_leakage_v1_alpha005,gate_all_sources_proxy_source_only_final_training_only,mmd,,,,,moe,coral,near_nearest_proxy,anchor,0.0,0,0train,target,False,,4.0,direct,0.05467536950221036,0.026586124495286623,0.08870225129419648
3,bnci004,MMP_moe,logvar,svm_radial,pt,14,4,4,18038,0.05,no_leakage_v1_alpha005,gate_all_sources_proxy_source_only_final_training_only,mmd,,,,,moe,coral,near_nearest_proxy,final,0.0,0,0train,train,True,0.34544402113104383,4.0,direct,0.05467536950221036,0.026586124495286623,0.08870225129419648
3,bnci004,MMP_moe,logvar,svm_radial,pt,14,4,4,18038,0.05,no_leakage_v1_alpha005,gate_all_sources_proxy_source_only_final_training_only,mmd,,,,,moe,coral,near_nearest_proxy,main,1.0,1,1train,near,False,0.27415202906788,4.0,direct,0.06889371147052405,0.04376408533042244,0.1035990113032368
3,bnci004,MMP_moe,logvar,svm_radial,pt,14,4,4,18038,0.05,no_leakage_v1_alpha005,gate_all_sources_proxy_source_only_final_training_only,mmd,,,,,moe,coral,near_nearest_proxy,anchor,1.0,1,1train,proxy_source,False,0.4188366433404254,4.0,direct,0.06889371147052405,0.04376408533042244,0.1035990113032368
3,bnci004,MMP_moe,logvar,svm_radial,pt,14,4,4,18038,0.05,no_leakage_v1_alpha005,gate_all_sources_proxy_source_only_final_training_only,mmd,,,,,moe,coral,near_nearest_proxy,final,1.0,1,1train,train,False,0.27415202906788,4.0,direct,0.06889371147052405,0.04376408533042244,0.1035990113032368
3,bnci004,MMP_moe,logvar,svm_radial,pt,14,4,4,18038,0.05,no_leakage_v1_alpha005,gate_all_sources_proxy_source_only_final_training_only,mmd,,,,,moe,coral,near_nearest_proxy,main,2.0,2,2train,near,False,0.23451478678768187,4.0,direct,0.08053816429069455,0.04278363615610174,0.13246992034200128
3,bnci004,MMP_moe,logvar,svm_radial,pt,14,4,4,18038,0.05,no_leakage_v1_alpha005,gate_all_sources_proxy_source_only_final_training_only,mmd,,,,,moe,coral,near_nearest_proxy,anchor,2.0,2,2train,proxy_source,False,0.3582807190806096,4.0,direct,0.08053816429069455,0.04278363615610174,0.13246992034200128
3,bnci004,MMP_moe,logvar,svm_radial,pt,14,4,4,18038,0.05,no_leakage_v1_alpha005,gate_all_sources_proxy_source_only_final_training_only,mmd,,,,,moe,coral,near_nearest_proxy,final,2.0,2,2train,train,False,0.23451478678768187,4.0,direct,0.08053816429069455,0.04278363615610174,0.13246992034200128
3,bnci004,MMP_moe,logvar,svm_radial,pt,14,4,4,18038,0.05,no_leakage_v1_alpha005,gate_all_sources_proxy_source_only_final_training_only,mmd,,,,,moe,coral,near_nearest_proxy,main,3.0,3,3test,near,False,0.1458891630133942,4.0,direct,0.12946457887892077,0.07576976818614199,0.19242325011968653
3,bnci004,MMP_moe,logvar,svm_radial,pt,14,4,4,18038,0.05,no_leakage_v1_alpha005,gate_all_sources_proxy_source_only_final_training_only,mmd,,,,,moe,coral,near_nearest_proxy,anchor,3.0,3,3test,proxy_source,False,0.22288263757896498,4.0,direct,0.12946457887892077,0.07576976818614199,0.19242325011968653
3,bnci004,MMP_moe,logvar,svm_radial,pt,14,4,4,18038,0.05,no_leakage_v1_alpha005,gate_all_sources_proxy_source_only_final_training_only,mmd,,,,,moe,coral,near_nearest_proxy,final,3.0,3,3test,train,False,0.1458891630133942,4.0,direct,0.12946457887892077,0.07576976818614199,0.19242325011968653
3,bnci004,MMP_moe,logvar,svm_radial,pt,14,4,4,18038,0.05,no_leakage_v1_alpha005,gate_all_sources_proxy_source_only_final_training_only,mmd,,,,,moe,coral,near_nearest_proxy,main,,4,4test,target,False,,,,,,
3,bnci004,MMP_moe,logvar,svm_radial,pt,14,4,4,18038,0.05,no_leakage_v1_alpha005,gate_all_sources_proxy_source_only_final_training_only,mmd,,,,,moe,coral,near_nearest_proxy,final,,4,4test,target,False,,,,,,
3,bnci004,MMP_moe,logvar,svm_radial,coral,15,0,0,18911,0.05,no_leakage_v1_alpha005,gate_all_sources_proxy_source_only_final_training_only,mmd,,,,,moe,coral,near_nearest_proxy,main,0.0,1,1train,nearest,True,0.425028827437454,0.0,direct,0.03198832944590289,0.013038693022176636,0.06002145849997702
3,bnci004,MMP_moe,logvar,svm_radial,coral,15,0,0,18911,0.05,no_leakage_v1_alpha005,gate_all_sources_proxy_source_only_final_training_only,mmd,,,,,moe,coral,near_nearest_proxy,anchor,0.0,1,1train,target,False,,0.0,direct,0.03198832944590289,0.013038693022176636,0.06002145849997702
3,bnci004,MMP_moe,logvar,svm_radial,coral,15,0,0,18911,0.05,no_leakage_v1_alpha005,gate_all_sources_proxy_source_only_final_training_only,mmd,,,,,moe,coral,near_nearest_proxy,final,0.0,1,1train,train,True,0.425028827437454,0.0,direct,0.03198832944590289,0.013038693022176636,0.06002145849997702
3,bnci004,MMP_moe,logvar,svm_radial,coral,15,0,0,18911,0.05,no_leakage_v1_alpha005,gate_all_sources_proxy_source_only_final_training_only,mmd,,,,,moe,coral,near_nearest_proxy,main,1.0,2,2train,near,False,0.15932355562149134,0.0,direct,0.0853372108619505,0.05857780618739296,0.12024921947564456
3,bnci004,MMP_moe,logvar,svm_radial,coral,15,0,0,18911,0.05,no_leakage_v1_alpha005,gate_all_sources_proxy_source_only_final_training_only,mmd,,,,,moe,coral,near_nearest_proxy,anchor,1.0,2,2train,proxy_source,False,0.27709833679385015,0.0,direct,0.0853372108619505,0.05857780618739296,0.12024921947564456
3,bnci004,MMP_moe,logvar,svm_radial,coral,15,0,0,18911,0.05,no_leakage_v1_alpha005,gate_all_sources_proxy_source_only_final_training_only,mmd,,,,,moe,coral,near_nearest_proxy,final,1.0,2,2train,train,False,0.15932355562149134,0.0,direct,0.0853372108619505,0.05857780618739296,0.12024921947564456
3,bnci004,MMP_moe,logvar,svm_radial,coral,15,0,0,18911,0.05,no_leakage_v1_alpha005,gate_all_sources_proxy_source_only_final_training_only,mmd,,,,,moe,coral,near_nearest_proxy,main,2.0,3,3test,near,False,0.15469378313728938,0.0,direct,0.08789126631580825,0.057874535814493096,0.12696908682962904
3,bnci004,MMP_moe,logvar,svm_radial,coral,15,0,0,18911,0.05,no_leakage_v1_alpha005,gate_all_sources_proxy_source_only_final_training_only,mmd,,,,,moe,coral,near_nearest_proxy,anchor,2.0,3,3test,proxy_source,False,0.2690461548669409,0.0,direct,0.08789126631580825,0.057874535814493096,0.12696908682962904
3,bnci004,MMP_moe,logvar,svm_radial,coral,15,0,0,18911,0.05,no_leakage_v1_alpha005,gate_all_sources_proxy_source_only_final_training_only,mmd,,,,,moe,coral,near_nearest_proxy,final,2.0,3,3test,train,False,0.15469378313728938,0.0,direct,0.08789126631580825,0.057874535814493096,0.12696908682962904
3,bnci004,MMP_moe,logvar,svm_radial,coral,15,0,0,18911,0.05,no_leakage_v1_alpha005,gate_all_sources_proxy_source_only_final_training_only,mmd,,,,,moe,coral,near_nearest_proxy,main,3.0,4,4test,near,False,0.2609538338037654,0.0,direct,0.0521016535104553,0.028436400724976458,0.08608152293076955
3,bnci004,MMP_moe,logvar,svm_radial,coral,15,0,0,18911,0.05,no_leakage_v1_alpha005,gate_all_sources_proxy_source_only_final_training_only,mmd,,,,,moe,coral,near_nearest_proxy,anchor,3.0,4,4test,proxy_source,False,0.4538555083392089,0.0,direct,0.0521016535104553,0.028436400724976458,0.08608152293076955
3,bnci004,MMP_moe,logvar,svm_radial,coral,15,0,0,18911,0.05,no_leakage_v1_alpha005,gate_all_sources_proxy_source_only_final_training_only,mmd,,,,,moe,coral,near_nearest_proxy,final,3.0,4,4test,train,False,0.2609538338037654,0.0,direct,0.0521016535104553,0.028436400724976458,0.08608152293076955
3,bnci004,MMP_moe,logvar,svm_radial,coral,15,0,0,18911,0.05,no_leakage_v1_alpha005,gate_all_sources_proxy_source_only_final_training_only,mmd,,,,,moe,coral,near_nearest_proxy,main,,0,0train,target,False,,,,,,
3,bnci004,MMP_moe,logvar,svm_radial,coral,15,0,0,18911,0.05,no_leakage_v1_alpha005,gate_all_sources_proxy_source_only_final_training_only,mmd,,,,,moe,coral,near_nearest_proxy,final,,0,0train,target,False,,,,,,
3,bnci004,MMP_moe,logvar,svm_radial,coral,15,1,1,18942,0.05,no_leakage_v1_alpha005,gate_all_sources_proxy_source_only_final_training_only,mmd,,,,,moe,coral,near_nearest_proxy,main,0.0,0,0train,nearest,True,0.5568229503649557,1.0,direct,0.0315615181307815,0.012217796882232086,0.06504842396955919
3,bnci004,MMP_moe,logvar,svm_radial,coral,15,1,1,18942,0.05,no_leakage_v1_alpha005,gate_all_sources_proxy_source_only_final_training_only,mmd,,,,,moe,coral,near_nearest_proxy,anchor,0.0,0,0train,target,False,,1.0,direct,0.0315615181307815,0.012217796882232086,0.06504842396955919
3,bnci004,MMP_moe,logvar,svm_radial,coral,15,1,1,18942,0.05,no_leakage_v1_alpha005,gate_all_sources_proxy_source_only_final_training_only,mmd,,,,,moe,coral,near_nearest_proxy,final,0.0,0,0train,train,True,0.5568229503649557,1.0,direct,0.0315615181307815,0.012217796882232086,0.06504842396955919
3,bnci004,MMP_moe,logvar,svm_radial,coral,15,1,1,18942,0.05,no_leakage_v1_alpha005,gate_all_sources_proxy_source_only_final_training_only,mmd,,,,,moe,coral,near_nearest_proxy,main,1.0,2,2train,far,False,,1.0,direct,0.1133749248254537,0.074563089429232,0.1655657026989399
3,bnci004,MMP_moe,logvar,svm_radial,coral,15,1,1,18942,0.05,no_leakage_v1_alpha005,gate_all_sources_proxy_source_only_final_training_only,mmd,,,,,moe,coral,near_nearest_proxy,anchor,1.0,2,2train,not_used,False,,1.0,direct,0.1133749248254537,0.074563089429232,0.1655657026989399
3,bnci004,MMP_moe,logvar,svm_radial,coral,15,1,1,18942,0.05,no_leakage_v1_alpha005,gate_all_sources_proxy_source_only_final_training_only,mmd,,,,,moe,coral,near_nearest_proxy,final,1.0,2,2train,not_used,False,,1.0,direct,0.1133749248254537,0.074563089429232,0.1655657026989399
3,bnci004,MMP_moe,logvar,svm_radial,coral,15,1,1,18942,0.05,no_leakage_v1_alpha005,gate_all_sources_proxy_source_only_final_training_only,mmd,,,,,moe,coral,near_nearest_proxy,main,2.0,3,3test,near,False,0.16518758112169024,1.0,direct,0.10639158924423757,0.06392424097846533,0.153157193027845
3,bnci004,MMP_moe,logvar,svm_radial,coral,15,1,1,18942,0.05,no_leakage_v1_alpha005,gate_all_sources_proxy_source_only_final_training_only,mmd,,,,,moe,coral,near_nearest_proxy,anchor,2.0,3,3test,proxy_source,False,0.37273496282743424,1.0,direct,0.10639158924423757,0.06392424097846533,0.153157193027845
3,bnci004,MMP_moe,logvar,svm_radial,coral,15,1,1,18942,0.05,no_leakage_v1_alpha005,gate_all_sources_proxy_source_only_final_training_only,mmd,,,,,moe,coral,near_nearest_proxy,final,2.0,3,3test,train,False,0.16518758112169024,1.0,direct,0.10639158924423757,0.06392424097846533,0.153157193027845
3,bnci004,MMP_moe,logvar,svm_radial,coral,15,1,1,18942,0.05,no_leakage_v1_alpha005,gate_all_sources_proxy_source_only_final_training_only,mmd,,,,,moe,coral,near_nearest_proxy,main,3.0,4,4test,near,False,0.27798946851335415,1.0,direct,0.06321986430293995,0.0359751828004018,0.10051154634561407
3,bnci004,MMP_moe,logvar,svm_radial,coral,15,1,1,18942,0.05,no_leakage_v1_alpha005,gate_all_sources_proxy_source_only_final_training_only,mmd,,,,,moe,coral,near_nearest_proxy,anchor,3.0,4,4test,proxy_source,False,0.6272650371725659,1.0,direct,0.06321986430293995,0.0359751828004018,0.10051154634561407
3,bnci004,MMP_moe,logvar,svm_radial,coral,15,1,1,18942,0.05,no_leakage_v1_alpha005,gate_all_sources_proxy_source_only_final_training_only,mmd,,,,,moe,coral,near_nearest_proxy,final,3.0,4,4test,train,False,0.27798946851335415,1.0,direct,0.06321986430293995,0.0359751828004018,0.10051154634561407
3,bnci004,MMP_moe,logvar,svm_radial,coral,15,1,1,18942,0.05,no_leakage_v1_alpha005,gate_all_sources_proxy_source_only_final_training_only,mmd,,,,,moe,coral,near_nearest_proxy,main,,1,1train,target,False,,,,,,
3,bnci004,MMP_moe,logvar,svm_radial,coral,15,1,1,18942,0.05,no_leakage_v1_alpha005,gate_all_sources_proxy_source_only_final_training_only,mmd,,,,,moe,coral,near_nearest_proxy,final,,1,1train,target,False,,,,,,
3,bnci004,MMP_moe,logvar,svm_radial,coral,15,2,2,18973,0.05,no_leakage_v1_alpha005,gate_all_sources_proxy_source_only_final_training_only,mmd,,,,,moe,coral,near_nearest_proxy,main,0.0,0,0train,far,False,,2.0,direct,0.10202472258851204,0.0783950812125019,0.13571626516322405
3,bnci004,MMP_moe,logvar,svm_radial,coral,15,2,2,18973,0.05,no_leakage_v1_alpha005,gate_all_sources_proxy_source_only_final_training_only,mmd,,,,,moe,coral,near_nearest_proxy,anchor,0.0,0,0train,not_used,False,,2.0,direct,0.10202472258851204,0.0783950812125019,0.13571626516322405
3,bnci004,MMP_moe,logvar,svm_radial,coral,15,2,2,18973,0.05,no_leakage_v1_alpha005,gate_all_sources_proxy_source_only_final_training_only,mmd,,,,,moe,coral,near_nearest_proxy,final,0.0,0,0train,not_used,False,,2.0,direct,0.10202472258851204,0.0783950812125019,0.13571626516322405
3,bnci004,MMP_moe,logvar,svm_radial,coral,15,2,2,18973,0.05,no_leakage_v1_alpha005,gate_all_sources_proxy_source_only_final_training_only,mmd,,,,,moe,coral,near_nearest_proxy,main,1.0,1,1train,far,False,,2.0,direct,0.1308261135458722,0.09593331614268569,0.17024504278376462
3,bnci004,MMP_moe,logvar,svm_radial,coral,15,2,2,18973,0.05,no_leakage_v1_alpha005,gate_all_sources_proxy_source_only_final_training_only,mmd,,,,,moe,coral,near_nearest_proxy,anchor,1.0,1,1train,not_used,False,,2.0,direct,0.1308261135458722,0.09593331614268569,0.17024504278376462
3,bnci004,MMP_moe,logvar,svm_radial,coral,15,2,2,18973,0.05,no_leakage_v1_alpha005,gate_all_sources_proxy_source_only_final_training_only,mmd,,,,,moe,coral,near_nearest_proxy,final,1.0,1,1train,not_used,False,,2.0,direct,0.1308261135458722,0.09593331614268569,0.17024504278376462
3,bnci004,MMP_moe,logvar,svm_radial,coral,15,2,2,18973,0.05,no_leakage_v1_alpha005,gate_all_sources_proxy_source_only_final_training_only,mmd,,,,,moe,coral,near_nearest_proxy,main,2.0,3,3test,nearest,True,0.6061780560223833,2.0,direct,0.0437577642940338,0.02458144880048047,0.06634081583105014
3,bnci004,MMP_moe,logvar,svm_radial,coral,15,2,2,18973,0.05,no_leakage_v1_alpha005,gate_all_sources_proxy_source_only_final_training_only,mmd,,,,,moe,coral,near_nearest_proxy,anchor,2.0,3,3test,target,False,,2.0,direct,0.0437577642940338,0.02458144880048047,0.06634081583105014
3,bnci004,MMP_moe,logvar,svm_radial,coral,15,2,2,18973,0.05,no_leakage_v1_alpha005,gate_all_sources_proxy_source_only_final_training_only,mmd,,,,,moe,coral,near_nearest_proxy,final,2.0,3,3test,train,True,0.6061780560223833,2.0,direct,0.0437577642940338,0.02458144880048047,0.06634081583105014
3,bnci004,MMP_moe,logvar,svm_radial,coral,15,2,2,18973,0.05,no_leakage_v1_alpha005,gate_all_sources_proxy_source_only_final_training_only,mmd,,,,,moe,coral,near_nearest_proxy,main,3.0,4,4test,near,False,0.3938219439776167,2.0,direct,0.06735330333259108,0.03595778425648383,0.10464724650231629
3,bnci004,MMP_moe,logvar,svm_radial,coral,15,2,2,18973,0.05,no_leakage_v1_alpha005,gate_all_sources_proxy_source_only_final_training_only,mmd,,,,,moe,coral,near_nearest_proxy,anchor,3.0,4,4test,proxy_source,False,1.0,2.0,direct,0.06735330333259108,0.03595778425648383,0.10464724650231629
3,bnci004,MMP_moe,logvar,svm_radial,coral,15,2,2,18973,0.05,no_leakage_v1_alpha005,gate_all_sources_proxy_source_only_final_training_only,mmd,,,,,moe,coral,near_nearest_proxy,final,3.0,4,4test,train,False,0.3938219439776167,2.0,direct,0.06735330333259108,0.03595778425648383,0.10464724650231629
3,bnci004,MMP_moe,logvar,svm_radial,coral,15,2,2,18973,0.05,no_leakage_v1_alpha005,gate_all_sources_proxy_source_only_final_training_only,mmd,,,,,moe,coral,near_nearest_proxy,main,,2,2train,target,False,,,,,,
3,bnci004,MMP_moe,logvar,svm_radial,coral,15,2,2,18973,0.05,no_leakage_v1_alpha005,gate_all_sources_proxy_source_only_final_training_only,mmd,,,,,moe,coral,near_nearest_proxy,final,,2,2train,target,False,,,,,,
3,bnci004,MMP_moe,logvar,svm_radial,coral,15,3,3,19004,0.05,no_leakage_v1_alpha005,gate_all_sources_proxy_source_only_final_training_only,mmd,,,,,moe,coral,near_nearest_proxy,main,0.0,0,0train,near,False,0.19806787310848867,3.0,direct,0.10043352972035023,0.07190746610165977,0.14270139083343214
3,bnci004,MMP_moe,logvar,svm_radial,coral,15,3,3,19004,0.05,no_leakage_v1_alpha005,gate_all_sources_proxy_source_only_final_training_only,mmd,,,,,moe,coral,near_nearest_proxy,anchor,0.0,0,0train,proxy_source,False,0.33355338924640304,3.0,direct,0.10043352972035023,0.07190746610165977,0.14270139083343214
3,bnci004,MMP_moe,logvar,svm_radial,coral,15,3,3,19004,0.05,no_leakage_v1_alpha005,gate_all_sources_proxy_source_only_final_training_only,mmd,,,,,moe,coral,near_nearest_proxy,final,0.0,0,0train,train,False,0.19806787310848867,3.0,direct,0.10043352972035023,0.07190746610165977,0.14270139083343214
3,bnci004,MMP_moe,logvar,svm_radial,coral,15,3,3,19004,0.05,no_leakage_v1_alpha005,gate_all_sources_proxy_source_only_final_training_only,mmd,,,,,moe,coral,near_nearest_proxy,main,1.0,1,1train,near,False,0.19940547940195644,3.0,direct,0.09975981774694645,0.06866975374250005,0.1340537858842324
3,bnci004,MMP_moe,logvar,svm_radial,coral,15,3,3,19004,0.05,no_leakage_v1_alpha005,gate_all_sources_proxy_source_only_final_training_only,mmd,,,,,moe,coral,near_nearest_proxy,anchor,1.0,1,1train,proxy_source,False,0.3358059661315959,3.0,direct,0.09975981774694645,0.06866975374250005,0.1340537858842324
3,bnci004,MMP_moe,logvar,svm_radial,coral,15,3,3,19004,0.05,no_leakage_v1_alpha005,gate_all_sources_proxy_source_only_final_training_only,mmd,,,,,moe,coral,near_nearest_proxy,final,1.0,1,1train,train,False,0.19940547940195644,3.0,direct,0.09975981774694645,0.06866975374250005,0.1340537858842324
3,bnci004,MMP_moe,logvar,svm_radial,coral,15,3,3,19004,0.05,no_leakage_v1_alpha005,gate_all_sources_proxy_source_only_final_training_only,mmd,,,,,moe,coral,near_nearest_proxy,main,2.0,2,2train,nearest,True,0.4061883959387033,3.0,direct,0.04897345098693325,0.026849523961706753,0.07848780659771024
3,bnci004,MMP_moe,logvar,svm_radial,coral,15,3,3,19004,0.05,no_leakage_v1_alpha005,gate_all_sources_proxy_source_only_final_training_only,mmd,,,,,moe,coral,near_nearest_proxy,anchor,2.0,2,2train,target,False,,3.0,direct,0.04897345098693325,0.026849523961706753,0.07848780659771024
3,bnci004,MMP_moe,logvar,svm_radial,coral,15,3,3,19004,0.05,no_leakage_v1_alpha005,gate_all_sources_proxy_source_only_final_training_only,mmd,,,,,moe,coral,near_nearest_proxy,final,2.0,2,2train,train,True,0.4061883959387033,3.0,direct,0.04897345098693325,0.026849523961706753,0.07848780659771024
3,bnci004,MMP_moe,logvar,svm_radial,coral,15,3,3,19004,0.05,no_leakage_v1_alpha005,gate_all_sources_proxy_source_only_final_training_only,mmd,,,,,moe,coral,near_nearest_proxy,main,3.0,4,4test,near,False,0.1963382515508516,3.0,direct,0.10131829734134773,0.06262158759606844,0.15028562410255447
3,bnci004,MMP_moe,logvar,svm_radial,coral,15,3,3,19004,0.05,no_leakage_v1_alpha005,gate_all_sources_proxy_source_only_final_training_only,mmd,,,,,moe,coral,near_nearest_proxy,anchor,3.0,4,4test,proxy_source,False,0.33064064462200105,3.0,direct,0.10131829734134773,0.06262158759606844,0.15028562410255447
3,bnci004,MMP_moe,logvar,svm_radial,coral,15,3,3,19004,0.05,no_leakage_v1_alpha005,gate_all_sources_proxy_source_only_final_training_only,mmd,,,,,moe,coral,near_nearest_proxy,final,3.0,4,4test,train,False,0.1963382515508516,3.0,direct,0.10131829734134773,0.06262158759606844,0.15028562410255447
3,bnci004,MMP_moe,logvar,svm_radial,coral,15,3,3,19004,0.05,no_leakage_v1_alpha005,gate_all_sources_proxy_source_only_final_training_only,mmd,,,,,moe,coral,near_nearest_proxy,main,,3,3test,target,False,,,,,,
3,bnci004,MMP_moe,logvar,svm_radial,coral,15,3,3,19004,0.05,no_leakage_v1_alpha005,gate_all_sources_proxy_source_only_final_training_only,mmd,,,,,moe,coral,near_nearest_proxy,final,,3,3test,target,False,,,,,,
3,bnci004,MMP_moe,logvar,svm_radial,coral,15,4,4,19035,0.05,no_leakage_v1_alpha005,gate_all_sources_proxy_source_only_final_training_only,mmd,,,,,moe,coral,near_nearest_proxy,main,0.0,0,0train,nearest,True,0.33876062053426725,4.0,direct,0.05481554769255009,0.029132006960598363,0.08818682979053237
3,bnci004,MMP_moe,logvar,svm_radial,coral,15,4,4,19035,0.05,no_leakage_v1_alpha005,gate_all_sources_proxy_source_only_final_training_only,mmd,,,,,moe,coral,near_nearest_proxy,anchor,0.0,0,0train,target,False,,4.0,direct,0.05481554769255009,0.029132006960598363,0.08818682979053237
3,bnci004,MMP_moe,logvar,svm_radial,coral,15,4,4,19035,0.05,no_leakage_v1_alpha005,gate_all_sources_proxy_source_only_final_training_only,mmd,,,,,moe,coral,near_nearest_proxy,final,0.0,0,0train,train,True,0.33876062053426725,4.0,direct,0.05481554769255009,0.029132006960598363,0.08818682979053237
3,bnci004,MMP_moe,logvar,svm_radial,coral,15,4,4,19035,0.05,no_leakage_v1_alpha005,gate_all_sources_proxy_source_only_final_training_only,mmd,,,,,moe,coral,near_nearest_proxy,main,1.0,1,1train,near,False,0.2858546915967236,4.0,direct,0.06496098333547788,0.03854326774001145,0.10584655722794024
3,bnci004,MMP_moe,logvar,svm_radial,coral,15,4,4,19035,0.05,no_leakage_v1_alpha005,gate_all_sources_proxy_source_only_final_training_only,mmd,,,,,moe,coral,near_nearest_proxy,anchor,1.0,1,1train,proxy_source,False,0.43230137295768456,4.0,direct,0.06496098333547788,0.03854326774001145,0.10584655722794024
3,bnci004,MMP_moe,logvar,svm_radial,coral,15,4,4,19035,0.05,no_leakage_v1_alpha005,gate_all_sources_proxy_source_only_final_training_only,mmd,,,,,moe,coral,near_nearest_proxy,final,1.0,1,1train,train,False,0.2858546915967236,4.0,direct,0.06496098333547788,0.03854326774001145,0.10584655722794024
3,bnci004,MMP_moe,logvar,svm_radial,coral,15,4,4,19035,0.05,no_leakage_v1_alpha005,gate_all_sources_proxy_source_only_final_training_only,mmd,,,,,moe,coral,near_nearest_proxy,main,2.0,2,2train,near,False,0.23150262101384375,4.0,direct,0.08021272557489995,0.04620482179393289,0.12396467378605815
3,bnci004,MMP_moe,logvar,svm_radial,coral,15,4,4,19035,0.05,no_leakage_v1_alpha005,gate_all_sources_proxy_source_only_final_training_only,mmd,,,,,moe,coral,near_nearest_proxy,anchor,2.0,2,2train,proxy_source,False,0.35010410481132104,4.0,direct,0.08021272557489995,0.04620482179393289,0.12396467378605815
3,bnci004,MMP_moe,logvar,svm_radial,coral,15,4,4,19035,0.05,no_leakage_v1_alpha005,gate_all_sources_proxy_source_only_final_training_only,mmd,,,,,moe,coral,near_nearest_proxy,final,2.0,2,2train,train,False,0.23150262101384375,4.0,direct,0.08021272557489995,0.04620482179393289,0.12396467378605815
3,bnci004,MMP_moe,logvar,svm_radial,coral,15,4,4,19035,0.05,no_leakage_v1_alpha005,gate_all_sources_proxy_source_only_final_training_only,mmd,,,,,moe,coral,near_nearest_proxy,main,3.0,3,3test,near,False,0.1438820668551654,4.0,direct,0.12906086377324666,0.08071957472206738,0.18377281069671542
3,bnci004,MMP_moe,logvar,svm_radial,coral,15,4,4,19035,0.05,no_leakage_v1_alpha005,gate_all_sources_proxy_source_only_final_training_only,mmd,,,,,moe,coral,near_nearest_proxy,anchor,3.0,3,3test,proxy_source,False,0.21759452223099454,4.0,direct,0.12906086377324666,0.08071957472206738,0.18377281069671542
3,bnci004,MMP_moe,logvar,svm_radial,coral,15,4,4,19035,0.05,no_leakage_v1_alpha005,gate_all_sources_proxy_source_only_final_training_only,mmd,,,,,moe,coral,near_nearest_proxy,final,3.0,3,3test,train,False,0.1438820668551654,4.0,direct,0.12906086377324666,0.08071957472206738,0.18377281069671542
3,bnci004,MMP_moe,logvar,svm_radial,coral,15,4,4,19035,0.05,no_leakage_v1_alpha005,gate_all_sources_proxy_source_only_final_training_only,mmd,,,,,moe,coral,near_nearest_proxy,main,,4,4test,target,False,,,,,,
3,bnci004,MMP_moe,logvar,svm_radial,coral,15,4,4,19035,0.05,no_leakage_v1_alpha005,gate_all_sources_proxy_source_only_final_training_only,mmd,,,,,moe,coral,near_nearest_proxy,final,,4,4test,target,False,,,,,,
3,bnci004,MMP_moe,TS,lda,none,16,0,0,19908,0.05,no_leakage_v1_alpha005,gate_all_sources_proxy_source_only_final_training_only,mmd,,,,,moe,coral,near_nearest_proxy,main,0.0,1,1train,nearest,True,0.3618804738740522,0.0,direct,0.03767242413911231,0.020000153353177157,0.0649335247835665
3,bnci004,MMP_moe,TS,lda,none,16,0,0,19908,0.05,no_leakage_v1_alpha005,gate_all_sources_proxy_source_only_final_training_only,mmd,,,,,moe,coral,near_nearest_proxy,anchor,0.0,1,1train,target,False,,0.0,direct,0.03767242413911231,0.020000153353177157,0.0649335247835665
3,bnci004,MMP_moe,TS,lda,none,16,0,0,19908,0.05,no_leakage_v1_alpha005,gate_all_sources_proxy_source_only_final_training_only,mmd,,,,,moe,coral,near_nearest_proxy,final,0.0,1,1train,train,True,0.3618804738740522,0.0,direct,0.03767242413911231,0.020000153353177157,0.0649335247835665
3,bnci004,MMP_moe,TS,lda,none,16,0,0,19908,0.05,no_leakage_v1_alpha005,gate_all_sources_proxy_source_only_final_training_only,mmd,,,,,moe,coral,near_nearest_proxy,main,1.0,2,2train,near,False,0.21599003365866107,0.0,direct,0.06311893358668302,0.044861574929330475,0.08512591710836183
3,bnci004,MMP_moe,TS,lda,none,16,0,0,19908,0.05,no_leakage_v1_alpha005,gate_all_sources_proxy_source_only_final_training_only,mmd,,,,,moe,coral,near_nearest_proxy,anchor,1.0,2,2train,proxy_source,False,0.3384789601564871,0.0,direct,0.06311893358668302,0.044861574929330475,0.08512591710836183
3,bnci004,MMP_moe,TS,lda,none,16,0,0,19908,0.05,no_leakage_v1_alpha005,gate_all_sources_proxy_source_only_final_training_only,mmd,,,,,moe,coral,near_nearest_proxy,final,1.0,2,2train,train,False,0.21599003365866107,0.0,direct,0.06311893358668302,0.044861574929330475,0.08512591710836183
3,bnci004,MMP_moe,TS,lda,none,16,0,0,19908,0.05,no_leakage_v1_alpha005,gate_all_sources_proxy_source_only_final_training_only,mmd,,,,,moe,coral,near_nearest_proxy,main,2.0,3,3test,near,False,0.14535223713895354,0.0,direct,0.09379374886848152,0.062044464636305786,0.13584908316549654
3,bnci004,MMP_moe,TS,lda,none,16,0,0,19908,0.05,no_leakage_v1_alpha005,gate_all_sources_proxy_source_only_final_training_only,mmd,,,,,moe,coral,near_nearest_proxy,anchor,2.0,3,3test,proxy_source,False,0.22778214924936319,0.0,direct,0.09379374886848152,0.062044464636305786,0.13584908316549654
3,bnci004,MMP_moe,TS,lda,none,16,0,0,19908,0.05,no_leakage_v1_alpha005,gate_all_sources_proxy_source_only_final_training_only,mmd,,,,,moe,coral,near_nearest_proxy,final,2.0,3,3test,train,False,0.14535223713895354,0.0,direct,0.09379374886848152,0.062044464636305786,0.13584908316549654
3,bnci004,MMP_moe,TS,lda,none,16,0,0,19908,0.05,no_leakage_v1_alpha005,gate_all_sources_proxy_source_only_final_training_only,mmd,,,,,moe,coral,near_nearest_proxy,main,3.0,4,4test,near,False,0.27677725532833314,0.0,direct,0.04925621430305876,0.02716008289598234,0.07925186284044787
3,bnci004,MMP_moe,TS,lda,none,16,0,0,19908,0.05,no_leakage_v1_alpha005,gate_all_sources_proxy_source_only_final_training_only,mmd,,,,,moe,coral,near_nearest_proxy,anchor,3.0,4,4test,proxy_source,False,0.43373889059414983,0.0,direct,0.04925621430305876,0.02716008289598234,0.07925186284044787
3,bnci004,MMP_moe,TS,lda,none,16,0,0,19908,0.05,no_leakage_v1_alpha005,gate_all_sources_proxy_source_only_final_training_only,mmd,,,,,moe,coral,near_nearest_proxy,final,3.0,4,4test,train,False,0.27677725532833314,0.0,direct,0.04925621430305876,0.02716008289598234,0.07925186284044787
3,bnci004,MMP_moe,TS,lda,none,16,0,0,19908,0.05,no_leakage_v1_alpha005,gate_all_sources_proxy_source_only_final_training_only,mmd,,,,,moe,coral,near_nearest_proxy,main,,0,0train,target,False,,,,,,
3,bnci004,MMP_moe,TS,lda,none,16,0,0,19908,0.05,no_leakage_v1_alpha005,gate_all_sources_proxy_source_only_final_training_only,mmd,,,,,moe,coral,near_nearest_proxy,final,,0,0train,target,False,,,,,,
3,bnci004,MMP_moe,TS,lda,none,16,1,1,19939,0.05,no_leakage_v1_alpha005,gate_all_sources_proxy_source_only_final_training_only,mmd,,,,,moe,coral,near_nearest_proxy,main,0.0,0,0train,nearest,True,0.4151855422984848,1.0,direct,0.03762989352079396,0.01677687937062399,0.06940242041935786
3,bnci004,MMP_moe,TS,lda,none,16,1,1,19939,0.05,no_leakage_v1_alpha005,gate_all_sources_proxy_source_only_final_training_only,mmd,,,,,moe,coral,near_nearest_proxy,anchor,0.0,0,0train,target,False,,1.0,direct,0.03762989352079396,0.01677687937062399,0.06940242041935786
3,bnci004,MMP_moe,TS,lda,none,16,1,1,19939,0.05,no_leakage_v1_alpha005,gate_all_sources_proxy_source_only_final_training_only,mmd,,,,,moe,coral,near_nearest_proxy,final,0.0,0,0train,train,True,0.4151855422984848,1.0,direct,0.03762989352079396,0.01677687937062399,0.06940242041935786
3,bnci004,MMP_moe,TS,lda,none,16,1,1,19939,0.05,no_leakage_v1_alpha005,gate_all_sources_proxy_source_only_final_training_only,mmd,,,,,moe,coral,near_nearest_proxy,main,1.0,2,2train,near,False,0.16036399260475137,1.0,direct,0.09742612612622034,0.06515264273123045,0.1431526338084559
3,bnci004,MMP_moe,TS,lda,none,16,1,1,19939,0.05,no_leakage_v1_alpha005,gate_all_sources_proxy_source_only_final_training_only,mmd,,,,,moe,coral,near_nearest_proxy,anchor,1.0,2,2train,proxy_source,False,0.27421345435786054,1.0,direct,0.09742612612622034,0.06515264273123045,0.1431526338084559
3,bnci004,MMP_moe,TS,lda,none,16,1,1,19939,0.05,no_leakage_v1_alpha005,gate_all_sources_proxy_source_only_final_training_only,mmd,,,,,moe,coral,near_nearest_proxy,final,1.0,2,2train,train,False,0.16036399260475137,1.0,direct,0.09742612612622034,0.06515264273123045,0.1431526338084559
3,bnci004,MMP_moe,TS,lda,none,16,1,1,19939,0.05,no_leakage_v1_alpha005,gate_all_sources_proxy_source_only_final_training_only,mmd,,,,,moe,coral,near_nearest_proxy,main,2.0,3,3test,near,False,0.14523466799915805,1.0,direct,0.10757526363491912,0.06404513164818987,0.16308544411076253
3,bnci004,MMP_moe,TS,lda,none,16,1,1,19939,0.05,no_leakage_v1_alpha005,gate_all_sources_proxy_source_only_final_training_only,mmd,,,,,moe,coral,near_nearest_proxy,anchor,2.0,3,3test,proxy_source,False,0.248343155827527,1.0,direct,0.10757526363491912,0.06404513164818987,0.16308544411076253
3,bnci004,MMP_moe,TS,lda,none,16,1,1,19939,0.05,no_leakage_v1_alpha005,gate_all_sources_proxy_source_only_final_training_only,mmd,,,,,moe,coral,near_nearest_proxy,final,2.0,3,3test,train,False,0.14523466799915805,1.0,direct,0.10757526363491912,0.06404513164818987,0.16308544411076253
3,bnci004,MMP_moe,TS,lda,none,16,1,1,19939,0.05,no_leakage_v1_alpha005,gate_all_sources_proxy_source_only_final_training_only,mmd,,,,,moe,coral,near_nearest_proxy,main,3.0,4,4test,near,False,0.27921579709760574,1.0,direct,0.05595501357807757,0.033702211511811915,0.09097393663817038
3,bnci004,MMP_moe,TS,lda,none,16,1,1,19939,0.05,no_leakage_v1_alpha005,gate_all_sources_proxy_source_only_final_training_only,mmd,,,,,moe,coral,near_nearest_proxy,anchor,3.0,4,4test,proxy_source,False,0.4774433898146126,1.0,direct,0.05595501357807757,0.033702211511811915,0.09097393663817038
3,bnci004,MMP_moe,TS,lda,none,16,1,1,19939,0.05,no_leakage_v1_alpha005,gate_all_sources_proxy_source_only_final_training_only,mmd,,,,,moe,coral,near_nearest_proxy,final,3.0,4,4test,train,False,0.27921579709760574,1.0,direct,0.05595501357807757,0.033702211511811915,0.09097393663817038
3,bnci004,MMP_moe,TS,lda,none,16,1,1,19939,0.05,no_leakage_v1_alpha005,gate_all_sources_proxy_source_only_final_training_only,mmd,,,,,moe,coral,near_nearest_proxy,main,,1,1train,target,False,,,,,,
3,bnci004,MMP_moe,TS,lda,none,16,1,1,19939,0.05,no_leakage_v1_alpha005,gate_all_sources_proxy_source_only_final_training_only,mmd,,,,,moe,coral,near_nearest_proxy,final,,1,1train,target,False,,,,,,
3,bnci004,MMP_moe,TS,lda,none,16,2,2,19970,0.05,no_leakage_v1_alpha005,gate_all_sources_proxy_source_only_final_training_only,mmd,,,,,moe,coral,near_nearest_proxy,main,0.0,0,0train,near,False,0.231525522594185,2.0,direct,0.07281435480774064,0.054510339352016726,0.09163461803466474
3,bnci004,MMP_moe,TS,lda,none,16,2,2,19970,0.05,no_leakage_v1_alpha005,gate_all_sources_proxy_source_only_final_training_only,mmd,,,,,moe,coral,near_nearest_proxy,anchor,0.0,0,0train,proxy_source,False,0.32901754091463953,2.0,direct,0.07281435480774064,0.054510339352016726,0.09163461803466474
3,bnci004,MMP_moe,TS,lda,none,16,2,2,19970,0.05,no_leakage_v1_alpha005,gate_all_sources_proxy_source_only_final_training_only,mmd,,,,,moe,coral,near_nearest_proxy,final,0.0,0,0train,train,False,0.231525522594185,2.0,direct,0.07281435480774064,0.054510339352016726,0.09163461803466474
3,bnci004,MMP_moe,TS,lda,none,16,2,2,19970,0.05,no_leakage_v1_alpha005,gate_all_sources_proxy_source_only_final_training_only,mmd,,,,,moe,coral,near_nearest_proxy,main,1.0,1,1train,near,False,0.17935390994333164,2.0,direct,0.09399535101386845,0.06928430198051876,0.1266247856523662
3,bnci004,MMP_moe,TS,lda,none,16,2,2,19970,0.05,no_leakage_v1_alpha005,gate_all_sources_proxy_source_only_final_training_only,mmd,,,,,moe,coral,near_nearest_proxy,anchor,1.0,1,1train,proxy_source,False,0.2548772236502569,2.0,direct,0.09399535101386845,0.06928430198051876,0.1266247856523662
3,bnci004,MMP_moe,TS,lda,none,16,2,2,19970,0.05,no_leakage_v1_alpha005,gate_all_sources_proxy_source_only_final_training_only,mmd,,,,,moe,coral,near_nearest_proxy,final,1.0,1,1train,train,False,0.17935390994333164,2.0,direct,0.09399535101386845,0.06928430198051876,0.1266247856523662
3,bnci004,MMP_moe,TS,lda,none,16,2,2,19970,0.05,no_leakage_v1_alpha005,gate_all_sources_proxy_source_only_final_training_only,mmd,,,,,moe,coral,near_nearest_proxy,main,2.0,3,3test,nearest,True,0.29631252500834887,2.0,direct,0.05689370289609981,0.03411595182028248,0.09233176524521772
3,bnci004,MMP_moe,TS,lda,none,16,2,2,19970,0.05,no_leakage_v1_alpha005,gate_all_sources_proxy_source_only_final_training_only,mmd,,,,,moe,coral,near_nearest_proxy,anchor,2.0,3,3test,target,False,,2.0,direct,0.05689370289609981,0.03411595182028248,0.09233176524521772
3,bnci004,MMP_moe,TS,lda,none,16,2,2,19970,0.05,no_leakage_v1_alpha005,gate_all_sources_proxy_source_only_final_training_only,mmd,,,,,moe,coral,near_nearest_proxy,final,2.0,3,3test,train,True,0.29631252500834887,2.0,direct,0.05689370289609981,0.03411595182028248,0.09233176524521772
3,bnci004,MMP_moe,TS,lda,none,16,2,2,19970,0.05,no_leakage_v1_alpha005,gate_all_sources_proxy_source_only_final_training_only,mmd,,,,,moe,coral,near_nearest_proxy,main,3.0,4,4test,near,False,0.2928080424541345,2.0,direct,0.057574648993261125,0.04120223501629648,0.08256013707940138
3,bnci004,MMP_moe,TS,lda,none,16,2,2,19970,0.05,no_leakage_v1_alpha005,gate_all_sources_proxy_source_only_final_training_only,mmd,,,,,moe,coral,near_nearest_proxy,anchor,3.0,4,4test,proxy_source,False,0.41610523543510347,2.0,direct,0.057574648993261125,0.04120223501629648,0.08256013707940138
3,bnci004,MMP_moe,TS,lda,none,16,2,2,19970,0.05,no_leakage_v1_alpha005,gate_all_sources_proxy_source_only_final_training_only,mmd,,,,,moe,coral,near_nearest_proxy,final,3.0,4,4test,train,False,0.2928080424541345,2.0,direct,0.057574648993261125,0.04120223501629648,0.08256013707940138
3,bnci004,MMP_moe,TS,lda,none,16,2,2,19970,0.05,no_leakage_v1_alpha005,gate_all_sources_proxy_source_only_final_training_only,mmd,,,,,moe,coral,near_nearest_proxy,main,,2,2train,target,False,,,,,,
3,bnci004,MMP_moe,TS,lda,none,16,2,2,19970,0.05,no_leakage_v1_alpha005,gate_all_sources_proxy_source_only_final_training_only,mmd,,,,,moe,coral,near_nearest_proxy,final,,2,2train,target,False,,,,,,
3,bnci004,MMP_moe,TS,lda,none,16,3,3,20001,0.05,no_leakage_v1_alpha005,gate_all_sources_proxy_source_only_final_training_only,mmd,,,,,moe,coral,near_nearest_proxy,main,0.0,0,0train,near,False,0.22619729391045076,3.0,direct,0.074991249683344,0.05607884449337028,0.10100578663583516
3,bnci004,MMP_moe,TS,lda,none,16,3,3,20001,0.05,no_leakage_v1_alpha005,gate_all_sources_proxy_source_only_final_training_only,mmd,,,,,moe,coral,near_nearest_proxy,anchor,0.0,0,0train,proxy_source,False,0.33586905543274365,3.0,direct,0.074991249683344,0.05607884449337028,0.10100578663583516
3,bnci004,MMP_moe,TS,lda,none,16,3,3,20001,0.05,no_leakage_v1_alpha005,gate_all_sources_proxy_source_only_final_training_only,mmd,,,,,moe,coral,near_nearest_proxy,final,0.0,0,0train,train,False,0.22619729391045076,3.0,direct,0.074991249683344,0.05607884449337028,0.10100578663583516
3,bnci004,MMP_moe,TS,lda,none,16,3,3,20001,0.05,no_leakage_v1_alpha005,gate_all_sources_proxy_source_only_final_training_only,mmd,,,,,moe,coral,near_nearest_proxy,main,1.0,1,1train,near,False,0.2168349148281625,3.0,direct,0.07822922392898375,0.06004072377941865,0.10347006303055474
3,bnci004,MMP_moe,TS,lda,none,16,3,3,20001,0.05,no_leakage_v1_alpha005,gate_all_sources_proxy_source_only_final_training_only,mmd,,,,,moe,coral,near_nearest_proxy,anchor,1.0,1,1train,proxy_source,False,0.32196732670465233,3.0,direct,0.07822922392898375,0.06004072377941865,0.10347006303055474
3,bnci004,MMP_moe,TS,lda,none,16,3,3,20001,0.05,no_leakage_v1_alpha005,gate_all_sources_proxy_source_only_final_training_only,mmd,,,,,moe,coral,near_nearest_proxy,final,1.0,1,1train,train,False,0.2168349148281625,3.0,direct,0.07822922392898375,0.06004072377941865,0.10347006303055474
3,bnci004,MMP_moe,TS,lda,none,16,3,3,20001,0.05,no_leakage_v1_alpha005,gate_all_sources_proxy_source_only_final_training_only,mmd,,,,,moe,coral,near_nearest_proxy,main,2.0,2,2train,nearest,True,0.3265313066158731,3.0,direct,0.051948211603726445,0.03147777298902178,0.07354848563993496
3,bnci004,MMP_moe,TS,lda,none,16,3,3,20001,0.05,no_leakage_v1_alpha005,gate_all_sources_proxy_source_only_final_training_only,mmd,,,,,moe,coral,near_nearest_proxy,anchor,2.0,2,2train,target,False,,3.0,direct,0.051948211603726445,0.03147777298902178,0.07354848563993496
3,bnci004,MMP_moe,TS,lda,none,16,3,3,20001,0.05,no_leakage_v1_alpha005,gate_all_sources_proxy_source_only_final_training_only,mmd,,,,,moe,coral,near_nearest_proxy,final,2.0,2,2train,train,True,0.3265313066158731,3.0,direct,0.051948211603726445,0.03147777298902178,0.07354848563993496
3,bnci004,MMP_moe,TS,lda,none,16,3,3,20001,0.05,no_leakage_v1_alpha005,gate_all_sources_proxy_source_only_final_training_only,mmd,,,,,moe,coral,near_nearest_proxy,main,3.0,4,4test,near,False,0.23043648464551364,3.0,direct,0.07361166584466412,0.05008704123975505,0.09993646866303064
3,bnci004,MMP_moe,TS,lda,none,16,3,3,20001,0.05,no_leakage_v1_alpha005,gate_all_sources_proxy_source_only_final_training_only,mmd,,,,,moe,coral,near_nearest_proxy,anchor,3.0,4,4test,proxy_source,False,0.3421636178626041,3.0,direct,0.07361166584466412,0.05008704123975505,0.09993646866303064
3,bnci004,MMP_moe,TS,lda,none,16,3,3,20001,0.05,no_leakage_v1_alpha005,gate_all_sources_proxy_source_only_final_training_only,mmd,,,,,moe,coral,near_nearest_proxy,final,3.0,4,4test,train,False,0.23043648464551364,3.0,direct,0.07361166584466412,0.05008704123975505,0.09993646866303064
3,bnci004,MMP_moe,TS,lda,none,16,3,3,20001,0.05,no_leakage_v1_alpha005,gate_all_sources_proxy_source_only_final_training_only,mmd,,,,,moe,coral,near_nearest_proxy,main,,3,3test,target,False,,,,,,
3,bnci004,MMP_moe,TS,lda,none,16,3,3,20001,0.05,no_leakage_v1_alpha005,gate_all_sources_proxy_source_only_final_training_only,mmd,,,,,moe,coral,near_nearest_proxy,final,,3,3test,target,False,,,,,,
3,bnci004,MMP_moe,TS,lda,none,16,4,4,20032,0.05,no_leakage_v1_alpha005,gate_all_sources_proxy_source_only_final_training_only,mmd,,,,,moe,coral,near_nearest_proxy,main,0.0,0,0train,nearest,True,0.4021319719705741,4.0,direct,0.04691041435159434,0.028358400017364695,0.07114360041764345
3,bnci004,MMP_moe,TS,lda,none,16,4,4,20032,0.05,no_leakage_v1_alpha005,gate_all_sources_proxy_source_only_final_training_only,mmd,,,,,moe,coral,near_nearest_proxy,anchor,0.0,0,0train,target,False,,4.0,direct,0.04691041435159434,0.028358400017364695,0.07114360041764345
3,bnci004,MMP_moe,TS,lda,none,16,4,4,20032,0.05,no_leakage_v1_alpha005,gate_all_sources_proxy_source_only_final_training_only,mmd,,,,,moe,coral,near_nearest_proxy,final,0.0,0,0train,train,True,0.4021319719705741,4.0,direct,0.04691041435159434,0.028358400017364695,0.07114360041764345
3,bnci004,MMP_moe,TS,lda,none,16,4,4,20032,0.05,no_leakage_v1_alpha005,gate_all_sources_proxy_source_only_final_training_only,mmd,,,,,moe,coral,near_nearest_proxy,main,1.0,1,1train,near,False,0.3305315303523265,4.0,direct,0.05707246449225836,0.03831268257467626,0.08394152011643073
3,bnci004,MMP_moe,TS,lda,none,16,4,4,20032,0.05,no_leakage_v1_alpha005,gate_all_sources_proxy_source_only_final_training_only,mmd,,,,,moe,coral,near_nearest_proxy,anchor,1.0,1,1train,proxy_source,False,0.5528503195625948,4.0,direct,0.05707246449225836,0.03831268257467626,0.08394152011643073
3,bnci004,MMP_moe,TS,lda,none,16,4,4,20032,0.05,no_leakage_v1_alpha005,gate_all_sources_proxy_source_only_final_training_only,mmd,,,,,moe,coral,near_nearest_proxy,final,1.0,1,1train,train,False,0.3305315303523265,4.0,direct,0.05707246449225836,0.03831268257467626,0.08394152011643073
3,bnci004,MMP_moe,TS,lda,none,16,4,4,20032,0.05,no_leakage_v1_alpha005,gate_all_sources_proxy_source_only_final_training_only,mmd,,,,,moe,coral,near_nearest_proxy,main,2.0,2,2train,near,False,0.26733649767709944,4.0,direct,0.07056392370121785,0.04221353570248885,0.11032866302238048
3,bnci004,MMP_moe,TS,lda,none,16,4,4,20032,0.05,no_leakage_v1_alpha005,gate_all_sources_proxy_source_only_final_training_only,mmd,,,,,moe,coral,near_nearest_proxy,anchor,2.0,2,2train,proxy_source,False,0.4471496804374052,4.0,direct,0.07056392370121785,0.04221353570248885,0.11032866302238048
3,bnci004,MMP_moe,TS,lda,none,16,4,4,20032,0.05,no_leakage_v1_alpha005,gate_all_sources_proxy_source_only_final_training_only,mmd,,,,,moe,coral,near_nearest_proxy,final,2.0,2,2train,train,False,0.26733649767709944,4.0,direct,0.07056392370121785,0.04221353570248885,0.11032866302238048
3,bnci004,MMP_moe,TS,lda,none,16,4,4,20032,0.05,no_leakage_v1_alpha005,gate_all_sources_proxy_source_only_final_training_only,mmd,,,,,moe,coral,near_nearest_proxy,main,3.0,3,3test,far,False,,4.0,direct,0.12089309358115685,0.07306169662429347,0.1768708788998598
3,bnci004,MMP_moe,TS,lda,none,16,4,4,20032,0.05,no_leakage_v1_alpha005,gate_all_sources_proxy_source_only_final_training_only,mmd,,,,,moe,coral,near_nearest_proxy,anchor,3.0,3,3test,not_used,False,,4.0,direct,0.12089309358115685,0.07306169662429347,0.1768708788998598
3,bnci004,MMP_moe,TS,lda,none,16,4,4,20032,0.05,no_leakage_v1_alpha005,gate_all_sources_proxy_source_only_final_training_only,mmd,,,,,moe,coral,near_nearest_proxy,final,3.0,3,3test,not_used,False,,4.0,direct,0.12089309358115685,0.07306169662429347,0.1768708788998598
3,bnci004,MMP_moe,TS,lda,none,16,4,4,20032,0.05,no_leakage_v1_alpha005,gate_all_sources_proxy_source_only_final_training_only,mmd,,,,,moe,coral,near_nearest_proxy,main,,4,4test,target,False,,,,,,
3,bnci004,MMP_moe,TS,lda,none,16,4,4,20032,0.05,no_leakage_v1_alpha005,gate_all_sources_proxy_source_only_final_training_only,mmd,,,,,moe,coral,near_nearest_proxy,final,,4,4test,target,False,,,,,,
3,bnci004,MMP_moe,TS,lda,sa,17,0,0,20905,0.05,no_leakage_v1_alpha005,gate_all_sources_proxy_source_only_final_training_only,mmd,,,,,moe,coral,near_nearest_proxy,main,0.0,1,1train,nearest,True,0.36524740314505005,0.0,direct,0.03761919086106127,0.020167490037265156,0.06708524190495241
3,bnci004,MMP_moe,TS,lda,sa,17,0,0,20905,0.05,no_leakage_v1_alpha005,gate_all_sources_proxy_source_only_final_training_only,mmd,,,,,moe,coral,near_nearest_proxy,anchor,0.0,1,1train,target,False,,0.0,direct,0.03761919086106127,0.020167490037265156,0.06708524190495241
3,bnci004,MMP_moe,TS,lda,sa,17,0,0,20905,0.05,no_leakage_v1_alpha005,gate_all_sources_proxy_source_only_final_training_only,mmd,,,,,moe,coral,near_nearest_proxy,final,0.0,1,1train,train,True,0.36524740314505005,0.0,direct,0.03761919086106127,0.020167490037265156,0.06708524190495241
3,bnci004,MMP_moe,TS,lda,sa,17,0,0,20905,0.05,no_leakage_v1_alpha005,gate_all_sources_proxy_source_only_final_training_only,mmd,,,,,moe,coral,near_nearest_proxy,main,1.0,2,2train,near,False,0.21749734873562673,0.0,direct,0.06317529662017579,0.04430139028457278,0.08285595485546235
3,bnci004,MMP_moe,TS,lda,sa,17,0,0,20905,0.05,no_leakage_v1_alpha005,gate_all_sources_proxy_source_only_final_training_only,mmd,,,,,moe,coral,near_nearest_proxy,anchor,1.0,2,2train,proxy_source,False,0.3426490097295782,0.0,direct,0.06317529662017579,0.04430139028457278,0.08285595485546235
3,bnci004,MMP_moe,TS,lda,sa,17,0,0,20905,0.05,no_leakage_v1_alpha005,gate_all_sources_proxy_source_only_final_training_only,mmd,,,,,moe,coral,near_nearest_proxy,final,1.0,2,2train,train,False,0.21749734873562673,0.0,direct,0.06317529662017579,0.04430139028457278,0.08285595485546235
3,bnci004,MMP_moe,TS,lda,sa,17,0,0,20905,0.05,no_leakage_v1_alpha005,gate_all_sources_proxy_source_only_final_training_only,mmd,,,,,moe,coral,near_nearest_proxy,main,2.0,3,3test,near,False,0.1461815137549101,0.0,direct,0.09399636440588223,0.06122651313354118,0.12992001453152766
3,bnci004,MMP_moe,TS,lda,sa,17,0,0,20905,0.05,no_leakage_v1_alpha005,gate_all_sources_proxy_source_only_final_training_only,mmd,,,,,moe,coral,near_nearest_proxy,anchor,2.0,3,3test,proxy_source,False,0.23029683451348634,0.0,direct,0.09399636440588223,0.06122651313354118,0.12992001453152766
3,bnci004,MMP_moe,TS,lda,sa,17,0,0,20905,0.05,no_leakage_v1_alpha005,gate_all_sources_proxy_source_only_final_training_only,mmd,,,,,moe,coral,near_nearest_proxy,final,2.0,3,3test,train,False,0.1461815137549101,0.0,direct,0.09399636440588223,0.06122651313354118,0.12992001453152766
3,bnci004,MMP_moe,TS,lda,sa,17,0,0,20905,0.05,no_leakage_v1_alpha005,gate_all_sources_proxy_source_only_final_training_only,mmd,,,,,moe,coral,near_nearest_proxy,main,3.0,4,4test,near,False,0.271073734364413,0.0,direct,0.0506888134193693,0.03090648253093786,0.07872740101057286
3,bnci004,MMP_moe,TS,lda,sa,17,0,0,20905,0.05,no_leakage_v1_alpha005,gate_all_sources_proxy_source_only_final_training_only,mmd,,,,,moe,coral,near_nearest_proxy,anchor,3.0,4,4test,proxy_source,False,0.42705415575693545,0.0,direct,0.0506888134193693,0.03090648253093786,0.07872740101057286
3,bnci004,MMP_moe,TS,lda,sa,17,0,0,20905,0.05,no_leakage_v1_alpha005,gate_all_sources_proxy_source_only_final_training_only,mmd,,,,,moe,coral,near_nearest_proxy,final,3.0,4,4test,train,False,0.271073734364413,0.0,direct,0.0506888134193693,0.03090648253093786,0.07872740101057286
3,bnci004,MMP_moe,TS,lda,sa,17,0,0,20905,0.05,no_leakage_v1_alpha005,gate_all_sources_proxy_source_only_final_training_only,mmd,,,,,moe,coral,near_nearest_proxy,main,,0,0train,target,False,,,,,,
3,bnci004,MMP_moe,TS,lda,sa,17,0,0,20905,0.05,no_leakage_v1_alpha005,gate_all_sources_proxy_source_only_final_training_only,mmd,,,,,moe,coral,near_nearest_proxy,final,,0,0train,target,False,,,,,,
3,bnci004,MMP_moe,TS,lda,sa,17,1,1,20936,0.05,no_leakage_v1_alpha005,gate_all_sources_proxy_source_only_final_training_only,mmd,,,,,moe,coral,near_nearest_proxy,main,0.0,0,0train,nearest,True,0.6048448391449565,1.0,direct,0.03639442942515675,0.01631588920647401,0.0612577150515954
3,bnci004,MMP_moe,TS,lda,sa,17,1,1,20936,0.05,no_leakage_v1_alpha005,gate_all_sources_proxy_source_only_final_training_only,mmd,,,,,moe,coral,near_nearest_proxy,anchor,0.0,0,0train,target,False,,1.0,direct,0.03639442942515675,0.01631588920647401,0.0612577150515954
3,bnci004,MMP_moe,TS,lda,sa,17,1,1,20936,0.05,no_leakage_v1_alpha005,gate_all_sources_proxy_source_only_final_training_only,mmd,,,,,moe,coral,near_nearest_proxy,final,0.0,0,0train,train,True,0.6048448391449565,1.0,direct,0.03639442942515675,0.01631588920647401,0.0612577150515954
3,bnci004,MMP_moe,TS,lda,sa,17,1,1,20936,0.05,no_leakage_v1_alpha005,gate_all_sources_proxy_source_only_final_training_only,mmd,,,,,moe,coral,near_nearest_proxy,main,1.0,2,2train,far,False,,1.0,direct,0.09736161900016546,0.06558611366424583,0.1337545006855778
3,bnci004,MMP_moe,TS,lda,sa,17,1,1,20936,0.05,no_leakage_v1_alpha005,gate_all_sources_proxy_source_only_final_training_only,mmd,,,,,moe,coral,near_nearest_proxy,anchor,1.0,2,2train,not_used,False,,1.0,direct,0.09736161900016546,0.06558611366424583,0.1337545006855778
3,bnci004,MMP_moe,TS,lda,sa,17,1,1,20936,0.05,no_leakage_v1_alpha005,gate_all_sources_proxy_source_only_final_training_only,mmd,,,,,moe,coral,near_nearest_proxy,final,1.0,2,2train,not_used,False,,1.0,direct,0.09736161900016546,0.06558611366424583,0.1337545006855778
3,bnci004,MMP_moe,TS,lda,sa,17,1,1,20936,0.05,no_leakage_v1_alpha005,gate_all_sources_proxy_source_only_final_training_only,mmd,,,,,moe,coral,near_nearest_proxy,main,2.0,3,3test,far,False,,1.0,direct,0.10802574689042625,0.06908062685677682,0.15315415481252026
3,bnci004,MMP_moe,TS,lda,sa,17,1,1,20936,0.05,no_leakage_v1_alpha005,gate_all_sources_proxy_source_only_final_training_only,mmd,,,,,moe,coral,near_nearest_proxy,anchor,2.0,3,3test,not_used,False,,1.0,direct,0.10802574689042625,0.06908062685677682,0.15315415481252026
3,bnci004,MMP_moe,TS,lda,sa,17,1,1,20936,0.05,no_leakage_v1_alpha005,gate_all_sources_proxy_source_only_final_training_only,mmd,,,,,moe,coral,near_nearest_proxy,final,2.0,3,3test,not_used,False,,1.0,direct,0.10802574689042625,0.06908062685677682,0.15315415481252026
3,bnci004,MMP_moe,TS,lda,sa,17,1,1,20936,0.05,no_leakage_v1_alpha005,gate_all_sources_proxy_source_only_final_training_only,mmd,,,,,moe,coral,near_nearest_proxy,main,3.0,4,4test,near,False,0.39515516085504354,1.0,direct,0.055707718592051716,0.03507522570211928,0.08636465526269195
3,bnci004,MMP_moe,TS,lda,sa,17,1,1,20936,0.05,no_leakage_v1_alpha005,gate_all_sources_proxy_source_only_final_training_only,mmd,,,,,moe,coral,near_nearest_proxy,anchor,3.0,4,4test,proxy_source,False,1.0,1.0,direct,0.055707718592051716,0.03507522570211928,0.08636465526269195
3,bnci004,MMP_moe,TS,lda,sa,17,1,1,20936,0.05,no_leakage_v1_alpha005,gate_all_sources_proxy_source_only_final_training_only,mmd,,,,,moe,coral,near_nearest_proxy,final,3.0,4,4test,train,False,0.39515516085504354,1.0,direct,0.055707718592051716,0.03507522570211928,0.08636465526269195
3,bnci004,MMP_moe,TS,lda,sa,17,1,1,20936,0.05,no_leakage_v1_alpha005,gate_all_sources_proxy_source_only_final_training_only,mmd,,,,,moe,coral,near_nearest_proxy,main,,1,1train,target,False,,,,,,
3,bnci004,MMP_moe,TS,lda,sa,17,1,1,20936,0.05,no_leakage_v1_alpha005,gate_all_sources_proxy_source_only_final_training_only,mmd,,,,,moe,coral,near_nearest_proxy,final,,1,1train,target,False,,,,,,
3,bnci004,MMP_moe,TS,lda,sa,17,2,2,20967,0.05,no_leakage_v1_alpha005,gate_all_sources_proxy_source_only_final_training_only,mmd,,,,,moe,coral,near_nearest_proxy,main,0.0,0,0train,near,False,0.22888505564453296,2.0,direct,0.07302677418452111,0.05662659607241187,0.10000712553766983
3,bnci004,MMP_moe,TS,lda,sa,17,2,2,20967,0.05,no_leakage_v1_alpha005,gate_all_sources_proxy_source_only_final_training_only,mmd,,,,,moe,coral,near_nearest_proxy,anchor,0.0,0,0train,proxy_source,False,0.3312588575784987,2.0,direct,0.07302677418452111,0.05662659607241187,0.10000712553766983
3,bnci004,MMP_moe,TS,lda,sa,17,2,2,20967,0.05,no_leakage_v1_alpha005,gate_all_sources_proxy_source_only_final_training_only,mmd,,,,,moe,coral,near_nearest_proxy,final,0.0,0,0train,train,False,0.22888505564453296,2.0,direct,0.07302677418452111,0.05662659607241187,0.10000712553766983
3,bnci004,MMP_moe,TS,lda,sa,17,2,2,20967,0.05,no_leakage_v1_alpha005,gate_all_sources_proxy_source_only_final_training_only,mmd,,,,,moe,coral,near_nearest_proxy,main,1.0,1,1train,near,False,0.17668971539068895,2.0,direct,0.09459967396034377,0.06776710538729287,0.12851263471119076
3,bnci004,MMP_moe,TS,lda,sa,17,2,2,20967,0.05,no_leakage_v1_alpha005,gate_all_sources_proxy_source_only_final_training_only,mmd,,,,,moe,coral,near_nearest_proxy,anchor,1.0,1,1train,proxy_source,False,0.2557180201274872,2.0,direct,0.09459967396034377,0.06776710538729287,0.12851263471119076
3,bnci004,MMP_moe,TS,lda,sa,17,2,2,20967,0.05,no_leakage_v1_alpha005,gate_all_sources_proxy_source_only_final_training_only,mmd,,,,,moe,coral,near_nearest_proxy,final,1.0,1,1train,train,False,0.17668971539068895,2.0,direct,0.09459967396034377,0.06776710538729287,0.12851263471119076
3,bnci004,MMP_moe,TS,lda,sa,17,2,2,20967,0.05,no_leakage_v1_alpha005,gate_all_sources_proxy_source_only_final_training_only,mmd,,,,,moe,coral,near_nearest_proxy,main,2.0,3,3test,nearest,True,0.3090447231579495,2.0,direct,0.05408491347886454,0.03381323081800617,0.08630900320596922
3,bnci004,MMP_moe,TS,lda,sa,17,2,2,20967,0.05,no_leakage_v1_alpha005,gate_all_sources_proxy_source_only_final_training_only,mmd,,,,,moe,coral,near_nearest_proxy,anchor,2.0,3,3test,target,False,,2.0,direct,0.05408491347886454,0.03381323081800617,0.08630900320596922
3,bnci004,MMP_moe,TS,lda,sa,17,2,2,20967,0.05,no_leakage_v1_alpha005,gate_all_sources_proxy_source_only_final_training_only,mmd,,,,,moe,coral,near_nearest_proxy,final,2.0,3,3test,train,True,0.3090447231579495,2.0,direct,0.05408491347886454,0.03381323081800617,0.08630900320596922
3,bnci004,MMP_moe,TS,lda,sa,17,2,2,20967,0.05,no_leakage_v1_alpha005,gate_all_sources_proxy_source_only_final_training_only,mmd,,,,,moe,coral,near_nearest_proxy,main,3.0,4,4test,near,False,0.28538050580682867,2.0,direct,0.05856980570575027,0.03637765368725018,0.08794114265038311
3,bnci004,MMP_moe,TS,lda,sa,17,2,2,20967,0.05,no_leakage_v1_alpha005,gate_all_sources_proxy_source_only_final_training_only,mmd,,,,,moe,coral,near_nearest_proxy,anchor,3.0,4,4test,proxy_source,False,0.4130231222940142,2.0,direct,0.05856980570575027,0.03637765368725018,0.08794114265038311
3,bnci004,MMP_moe,TS,lda,sa,17,2,2,20967,0.05,no_leakage_v1_alpha005,gate_all_sources_proxy_source_only_final_training_only,mmd,,,,,moe,coral,near_nearest_proxy,final,3.0,4,4test,train,False,0.28538050580682867,2.0,direct,0.05856980570575027,0.03637765368725018,0.08794114265038311
3,bnci004,MMP_moe,TS,lda,sa,17,2,2,20967,0.05,no_leakage_v1_alpha005,gate_all_sources_proxy_source_only_final_training_only,mmd,,,,,moe,coral,near_nearest_proxy,main,,2,2train,target,False,,,,,,
3,bnci004,MMP_moe,TS,lda,sa,17,2,2,20967,0.05,no_leakage_v1_alpha005,gate_all_sources_proxy_source_only_final_training_only,mmd,,,,,moe,coral,near_nearest_proxy,final,,2,2train,target,False,,,,,,
3,bnci004,MMP_moe,TS,lda,sa,17,3,3,20998,0.05,no_leakage_v1_alpha005,gate_all_sources_proxy_source_only_final_training_only,mmd,,,,,moe,coral,near_nearest_proxy,main,0.0,0,0train,near,False,0.22563212871477092,3.0,direct,0.07447885305251839,0.0540173705148456,0.10188214042390582
3,bnci004,MMP_moe,TS,lda,sa,17,3,3,20998,0.05,no_leakage_v1_alpha005,gate_all_sources_proxy_source_only_final_training_only,mmd,,,,,moe,coral,near_nearest_proxy,anchor,0.0,0,0train,proxy_source,False,0.3348191733819339,3.0,direct,0.07447885305251839,0.0540173705148456,0.10188214042390582
3,bnci004,MMP_moe,TS,lda,sa,17,3,3,20998,0.05,no_leakage_v1_alpha005,gate_all_sources_proxy_source_only_final_training_only,mmd,,,,,moe,coral,near_nearest_proxy,final,0.0,0,0train,train,False,0.22563212871477092,3.0,direct,0.07447885305251839,0.0540173705148456,0.10188214042390582
3,bnci004,MMP_moe,TS,lda,sa,17,3,3,20998,0.05,no_leakage_v1_alpha005,gate_all_sources_proxy_source_only_final_training_only,mmd,,,,,moe,coral,near_nearest_proxy,main,1.0,1,1train,near,False,0.21671778467684755,3.0,direct,0.07754246426003485,0.05518412740278023,0.10473365641987047
3,bnci004,MMP_moe,TS,lda,sa,17,3,3,20998,0.05,no_leakage_v1_alpha005,gate_all_sources_proxy_source_only_final_training_only,mmd,,,,,moe,coral,near_nearest_proxy,anchor,1.0,1,1train,proxy_source,False,0.3215910337591733,3.0,direct,0.07754246426003485,0.05518412740278023,0.10473365641987047
3,bnci004,MMP_moe,TS,lda,sa,17,3,3,20998,0.05,no_leakage_v1_alpha005,gate_all_sources_proxy_source_only_final_training_only,mmd,,,,,moe,coral,near_nearest_proxy,final,1.0,1,1train,train,False,0.21671778467684755,3.0,direct,0.07754246426003485,0.05518412740278023,0.10473365641987047
3,bnci004,MMP_moe,TS,lda,sa,17,3,3,20998,0.05,no_leakage_v1_alpha005,gate_all_sources_proxy_source_only_final_training_only,mmd,,,,,moe,coral,near_nearest_proxy,main,2.0,2,2train,nearest,True,0.32610750323611676,3.0,direct,0.05153123284910262,0.03392344506166758,0.07198227065466939
3,bnci004,MMP_moe,TS,lda,sa,17,3,3,20998,0.05,no_leakage_v1_alpha005,gate_all_sources_proxy_source_only_final_training_only,mmd,,,,,moe,coral,near_nearest_proxy,anchor,2.0,2,2train,target,False,,3.0,direct,0.05153123284910262,0.03392344506166758,0.07198227065466939
3,bnci004,MMP_moe,TS,lda,sa,17,3,3,20998,0.05,no_leakage_v1_alpha005,gate_all_sources_proxy_source_only_final_training_only,mmd,,,,,moe,coral,near_nearest_proxy,final,2.0,2,2train,train,True,0.32610750323611676,3.0,direct,0.05153123284910262,0.03392344506166758,0.07198227065466939
3,bnci004,MMP_moe,TS,lda,sa,17,3,3,20998,0.05,no_leakage_v1_alpha005,gate_all_sources_proxy_source_only_final_training_only,mmd,,,,,moe,coral,near_nearest_proxy,main,3.0,4,4test,near,False,0.2315425833722647,3.0,direct,0.07257764858311867,0.05302755215876949,0.09930660858398052
3,bnci004,MMP_moe,TS,lda,sa,17,3,3,20998,0.05,no_leakage_v1_alpha005,gate_all_sources_proxy_source_only_final_training_only,mmd,,,,,moe,coral,near_nearest_proxy,anchor,3.0,4,4test,proxy_source,False,0.34358979285889274,3.0,direct,0.07257764858311867,0.05302755215876949,0.09930660858398052
3,bnci004,MMP_moe,TS,lda,sa,17,3,3,20998,0.05,no_leakage_v1_alpha005,gate_all_sources_proxy_source_only_final_training_only,mmd,,,,,moe,coral,near_nearest_proxy,final,3.0,4,4test,train,False,0.2315425833722647,3.0,direct,0.07257764858311867,0.05302755215876949,0.09930660858398052
3,bnci004,MMP_moe,TS,lda,sa,17,3,3,20998,0.05,no_leakage_v1_alpha005,gate_all_sources_proxy_source_only_final_training_only,mmd,,,,,moe,coral,near_nearest_proxy,main,,3,3test,target,False,,,,,,
3,bnci004,MMP_moe,TS,lda,sa,17,3,3,20998,0.05,no_leakage_v1_alpha005,gate_all_sources_proxy_source_only_final_training_only,mmd,,,,,moe,coral,near_nearest_proxy,final,,3,3test,target,False,,,,,,
3,bnci004,MMP_moe,TS,lda,sa,17,4,4,21029,0.05,no_leakage_v1_alpha005,gate_all_sources_proxy_source_only_final_training_only,mmd,,,,,moe,coral,near_nearest_proxy,main,0.0,0,0train,nearest,True,0.39891749582082997,4.0,direct,0.04688126909271025,0.02749277645169838,0.07273988160273856
3,bnci004,MMP_moe,TS,lda,sa,17,4,4,21029,0.05,no_leakage_v1_alpha005,gate_all_sources_proxy_source_only_final_training_only,mmd,,,,,moe,coral,near_nearest_proxy,anchor,0.0,0,0train,target,False,,4.0,direct,0.04688126909271025,0.02749277645169838,0.07273988160273856
3,bnci004,MMP_moe,TS,lda,sa,17,4,4,21029,0.05,no_leakage_v1_alpha005,gate_all_sources_proxy_source_only_final_training_only,mmd,,,,,moe,coral,near_nearest_proxy,final,0.0,0,0train,train,True,0.39891749582082997,4.0,direct,0.04688126909271025,0.02749277645169838,0.07273988160273856
3,bnci004,MMP_moe,TS,lda,sa,17,4,4,21029,0.05,no_leakage_v1_alpha005,gate_all_sources_proxy_source_only_final_training_only,mmd,,,,,moe,coral,near_nearest_proxy,main,1.0,1,1train,near,False,0.33567500297059444,4.0,direct,0.05571407326835595,0.03756211627862242,0.08219578854070723
3,bnci004,MMP_moe,TS,lda,sa,17,4,4,21029,0.05,no_leakage_v1_alpha005,gate_all_sources_proxy_source_only_final_training_only,mmd,,,,,moe,coral,near_nearest_proxy,anchor,1.0,1,1train,proxy_source,False,0.5584507960832891,4.0,direct,0.05571407326835595,0.03756211627862242,0.08219578854070723
3,bnci004,MMP_moe,TS,lda,sa,17,4,4,21029,0.05,no_leakage_v1_alpha005,gate_all_sources_proxy_source_only_final_training_only,mmd,,,,,moe,coral,near_nearest_proxy,final,1.0,1,1train,train,False,0.33567500297059444,4.0,direct,0.05571407326835595,0.03756211627862242,0.08219578854070723
3,bnci004,MMP_moe,TS,lda,sa,17,4,4,21029,0.05,no_leakage_v1_alpha005,gate_all_sources_proxy_source_only_final_training_only,mmd,,,,,moe,coral,near_nearest_proxy,main,2.0,2,2train,near,False,0.26540750120857554,4.0,direct,0.07046482067085144,0.04060022559721754,0.11931897447248732
3,bnci004,MMP_moe,TS,lda,sa,17,4,4,21029,0.05,no_leakage_v1_alpha005,gate_all_sources_proxy_source_only_final_training_only,mmd,,,,,moe,coral,near_nearest_proxy,anchor,2.0,2,2train,proxy_source,False,0.4415492039167108,4.0,direct,0.07046482067085144,0.04060022559721754,0.11931897447248732
3,bnci004,MMP_moe,TS,lda,sa,17,4,4,21029,0.05,no_leakage_v1_alpha005,gate_all_sources_proxy_source_only_final_training_only,mmd,,,,,moe,coral,near_nearest_proxy,final,2.0,2,2train,train,False,0.26540750120857554,4.0,direct,0.07046482067085144,0.04060022559721754,0.11931897447248732
3,bnci004,MMP_moe,TS,lda,sa,17,4,4,21029,0.05,no_leakage_v1_alpha005,gate_all_sources_proxy_source_only_final_training_only,mmd,,,,,moe,coral,near_nearest_proxy,main,3.0,3,3test,far,False,,4.0,direct,0.12016692135468787,0.07517518004205813,0.17952059327692457
3,bnci004,MMP_moe,TS,lda,sa,17,4,4,21029,0.05,no_leakage_v1_alpha005,gate_all_sources_proxy_source_only_final_training_only,mmd,,,,,moe,coral,near_nearest_proxy,anchor,3.0,3,3test,not_used,False,,4.0,direct,0.12016692135468787,0.07517518004205813,0.17952059327692457
3,bnci004,MMP_moe,TS,lda,sa,17,4,4,21029,0.05,no_leakage_v1_alpha005,gate_all_sources_proxy_source_only_final_training_only,mmd,,,,,moe,coral,near_nearest_proxy,final,3.0,3,3test,not_used,False,,4.0,direct,0.12016692135468787,0.07517518004205813,0.17952059327692457
3,bnci004,MMP_moe,TS,lda,sa,17,4,4,21029,0.05,no_leakage_v1_alpha005,gate_all_sources_proxy_source_only_final_training_only,mmd,,,,,moe,coral,near_nearest_proxy,main,,4,4test,target,False,,,,,,
3,bnci004,MMP_moe,TS,lda,sa,17,4,4,21029,0.05,no_leakage_v1_alpha005,gate_all_sources_proxy_source_only_final_training_only,mmd,,,,,moe,coral,near_nearest_proxy,final,,4,4test,target,False,,,,,,
3,bnci004,MMP_moe,TS,lda,pt,18,0,0,21902,0.05,no_leakage_v1_alpha005,gate_all_sources_proxy_source_only_final_training_only,mmd,,,,,moe,coral,near_nearest_proxy,main,0.0,1,1train,nearest,True,0.3663493982776098,0.0,direct,0.03731891111566725,0.01988682238800596,0.06331154672569313
3,bnci004,MMP_moe,TS,lda,pt,18,0,0,21902,0.05,no_leakage_v1_alpha005,gate_all_sources_proxy_source_only_final_training_only,mmd,,,,,moe,coral,near_nearest_proxy,anchor,0.0,1,1train,target,False,,0.0,direct,0.03731891111566725,0.01988682238800596,0.06331154672569313
3,bnci004,MMP_moe,TS,lda,pt,18,0,0,21902,0.05,no_leakage_v1_alpha005,gate_all_sources_proxy_source_only_final_training_only,mmd,,,,,moe,coral,near_nearest_proxy,final,0.0,1,1train,train,True,0.3663493982776098,0.0,direct,0.03731891111566725,0.01988682238800596,0.06331154672569313
3,bnci004,MMP_moe,TS,lda,pt,18,0,0,21902,0.05,no_leakage_v1_alpha005,gate_all_sources_proxy_source_only_final_training_only,mmd,,,,,moe,coral,near_nearest_proxy,main,1.0,2,2train,near,False,0.2108320032643052,0.0,direct,0.06484744221614115,0.0448286660552799,0.08782837524047515
3,bnci004,MMP_moe,TS,lda,pt,18,0,0,21902,0.05,no_leakage_v1_alpha005,gate_all_sources_proxy_source_only_final_training_only,mmd,,,,,moe,coral,near_nearest_proxy,anchor,1.0,2,2train,proxy_source,False,0.3327259576353613,0.0,direct,0.06484744221614115,0.0448286660552799,0.08782837524047515
3,bnci004,MMP_moe,TS,lda,pt,18,0,0,21902,0.05,no_leakage_v1_alpha005,gate_all_sources_proxy_source_only_final_training_only,mmd,,,,,moe,coral,near_nearest_proxy,final,1.0,2,2train,train,False,0.2108320032643052,0.0,direct,0.06484744221614115,0.0448286660552799,0.08782837524047515
3,bnci004,MMP_moe,TS,lda,pt,18,0,0,21902,0.05,no_leakage_v1_alpha005,gate_all_sources_proxy_source_only_final_training_only,mmd,,,,,moe,coral,near_nearest_proxy,main,2.0,3,3test,near,False,0.14518848007719634,0.0,direct,0.09416712527914849,0.06231674097098592,0.1408748212224845
3,bnci004,MMP_moe,TS,lda,pt,18,0,0,21902,0.05,no_leakage_v1_alpha005,gate_all_sources_proxy_source_only_final_training_only,mmd,,,,,moe,coral,near_nearest_proxy,anchor,2.0,3,3test,proxy_source,False,0.22913018575622704,0.0,direct,0.09416712527914849,0.06231674097098592,0.1408748212224845
3,bnci004,MMP_moe,TS,lda,pt,18,0,0,21902,0.05,no_leakage_v1_alpha005,gate_all_sources_proxy_source_only_final_training_only,mmd,,,,,moe,coral,near_nearest_proxy,final,2.0,3,3test,train,False,0.14518848007719634,0.0,direct,0.09416712527914849,0.06231674097098592,0.1408748212224845
3,bnci004,MMP_moe,TS,lda,pt,18,0,0,21902,0.05,no_leakage_v1_alpha005,gate_all_sources_proxy_source_only_final_training_only,mmd,,,,,moe,coral,near_nearest_proxy,main,3.0,4,4test,near,False,0.27763011838088875,0.0,direct,0.049244834928620376,0.027441259673519063,0.09021626699767527
3,bnci004,MMP_moe,TS,lda,pt,18,0,0,21902,0.05,no_leakage_v1_alpha005,gate_all_sources_proxy_source_only_final_training_only,mmd,,,,,moe,coral,near_nearest_proxy,anchor,3.0,4,4test,proxy_source,False,0.4381438566084116,0.0,direct,0.049244834928620376,0.027441259673519063,0.09021626699767527
3,bnci004,MMP_moe,TS,lda,pt,18,0,0,21902,0.05,no_leakage_v1_alpha005,gate_all_sources_proxy_source_only_final_training_only,mmd,,,,,moe,coral,near_nearest_proxy,final,3.0,4,4test,train,False,0.27763011838088875,0.0,direct,0.049244834928620376,0.027441259673519063,0.09021626699767527
3,bnci004,MMP_moe,TS,lda,pt,18,0,0,21902,0.05,no_leakage_v1_alpha005,gate_all_sources_proxy_source_only_final_training_only,mmd,,,,,moe,coral,near_nearest_proxy,main,,0,0train,target,False,,,,,,
3,bnci004,MMP_moe,TS,lda,pt,18,0,0,21902,0.05,no_leakage_v1_alpha005,gate_all_sources_proxy_source_only_final_training_only,mmd,,,,,moe,coral,near_nearest_proxy,final,,0,0train,target,False,,,,,,
3,bnci004,MMP_moe,TS,lda,pt,18,1,1,21933,0.05,no_leakage_v1_alpha005,gate_all_sources_proxy_source_only_final_training_only,mmd,,,,,moe,coral,near_nearest_proxy,main,0.0,0,0train,nearest,True,0.49655941414729626,1.0,direct,0.036390276344157375,0.017753314153229546,0.06610526224860831
3,bnci004,MMP_moe,TS,lda,pt,18,1,1,21933,0.05,no_leakage_v1_alpha005,gate_all_sources_proxy_source_only_final_training_only,mmd,,,,,moe,coral,near_nearest_proxy,anchor,0.0,0,0train,target,False,,1.0,direct,0.036390276344157375,0.017753314153229546,0.06610526224860831
3,bnci004,MMP_moe,TS,lda,pt,18,1,1,21933,0.05,no_leakage_v1_alpha005,gate_all_sources_proxy_source_only_final_training_only,mmd,,,,,moe,coral,near_nearest_proxy,final,0.0,0,0train,train,True,0.49655941414729626,1.0,direct,0.036390276344157375,0.017753314153229546,0.06610526224860831
3,bnci004,MMP_moe,TS,lda,pt,18,1,1,21933,0.05,no_leakage_v1_alpha005,gate_all_sources_proxy_source_only_final_training_only,mmd,,,,,moe,coral,near_nearest_proxy,main,1.0,2,2train,far,False,,1.0,direct,0.09813333824640326,0.0706432023234888,0.13515072154030805
3,bnci004,MMP_moe,TS,lda,pt,18,1,1,21933,0.05,no_leakage_v1_alpha005,gate_all_sources_proxy_source_only_final_training_only,mmd,,,,,moe,coral,near_nearest_proxy,anchor,1.0,2,2train,not_used,False,,1.0,direct,0.09813333824640326,0.0706432023234888,0.13515072154030805
3,bnci004,MMP_moe,TS,lda,pt,18,1,1,21933,0.05,no_leakage_v1_alpha005,gate_all_sources_proxy_source_only_final_training_only,mmd,,,,,moe,coral,near_nearest_proxy,final,1.0,2,2train,not_used,False,,1.0,direct,0.09813333824640326,0.0706432023234888,0.13515072154030805
3,bnci004,MMP_moe,TS,lda,pt,18,1,1,21933,0.05,no_leakage_v1_alpha005,gate_all_sources_proxy_source_only_final_training_only,mmd,,,,,moe,coral,near_nearest_proxy,main,2.0,3,3test,near,False,0.16861632308255764,1.0,direct,0.10716792962183462,0.06427205578547944,0.16727135181852762
3,bnci004,MMP_moe,TS,lda,pt,18,1,1,21933,0.05,no_leakage_v1_alpha005,gate_all_sources_proxy_source_only_final_training_only,mmd,,,,,moe,coral,near_nearest_proxy,anchor,2.0,3,3test,proxy_source,False,0.3349279494361054,1.0,direct,0.10716792962183462,0.06427205578547944,0.16727135181852762
3,bnci004,MMP_moe,TS,lda,pt,18,1,1,21933,0.05,no_leakage_v1_alpha005,gate_all_sources_proxy_source_only_final_training_only,mmd,,,,,moe,coral,near_nearest_proxy,final,2.0,3,3test,train,False,0.16861632308255764,1.0,direct,0.10716792962183462,0.06427205578547944,0.16727135181852762
3,bnci004,MMP_moe,TS,lda,pt,18,1,1,21933,0.05,no_leakage_v1_alpha005,gate_all_sources_proxy_source_only_final_training_only,mmd,,,,,moe,coral,near_nearest_proxy,main,3.0,4,4test,near,False,0.3348242627701461,1.0,direct,0.05396889666167752,0.03242941049192513,0.08754052312489627
3,bnci004,MMP_moe,TS,lda,pt,18,1,1,21933,0.05,no_leakage_v1_alpha005,gate_all_sources_proxy_source_only_final_training_only,mmd,,,,,moe,coral,near_nearest_proxy,anchor,3.0,4,4test,proxy_source,False,0.6650720505638946,1.0,direct,0.05396889666167752,0.03242941049192513,0.08754052312489627
3,bnci004,MMP_moe,TS,lda,pt,18,1,1,21933,0.05,no_leakage_v1_alpha005,gate_all_sources_proxy_source_only_final_training_only,mmd,,,,,moe,coral,near_nearest_proxy,final,3.0,4,4test,train,False,0.3348242627701461,1.0,direct,0.05396889666167752,0.03242941049192513,0.08754052312489627
3,bnci004,MMP_moe,TS,lda,pt,18,1,1,21933,0.05,no_leakage_v1_alpha005,gate_all_sources_proxy_source_only_final_training_only,mmd,,,,,moe,coral,near_nearest_proxy,main,,1,1train,target,False,,,,,,
3,bnci004,MMP_moe,TS,lda,pt,18,1,1,21933,0.05,no_leakage_v1_alpha005,gate_all_sources_proxy_source_only_final_training_only,mmd,,,,,moe,coral,near_nearest_proxy,final,,1,1train,target,False,,,,,,
3,bnci004,MMP_moe,TS,lda,pt,18,2,2,21964,0.05,no_leakage_v1_alpha005,gate_all_sources_proxy_source_only_final_training_only,mmd,,,,,moe,coral,near_nearest_proxy,main,0.0,0,0train,near,False,0.23145599134812692,2.0,direct,0.07256421480543633,0.05428460845180423,0.09294071184814942
3,bnci004,MMP_moe,TS,lda,pt,18,2,2,21964,0.05,no_leakage_v1_alpha005,gate_all_sources_proxy_source_only_final_training_only,mmd,,,,,moe,coral,near_nearest_proxy,anchor,0.0,0,0train,proxy_source,False,0.3314668707262385,2.0,direct,0.07256421480543633,0.05428460845180423,0.09294071184814942
3,bnci004,MMP_moe,TS,lda,pt,18,2,2,21964,0.05,no_leakage_v1_alpha005,gate_all_sources_proxy_source_only_final_training_only,mmd,,,,,moe,coral,near_nearest_proxy,final,0.0,0,0train,train,False,0.23145599134812692,2.0,direct,0.07256421480543633,0.05428460845180423,0.09294071184814942
3,bnci004,MMP_moe,TS,lda,pt,18,2,2,21964,0.05,no_leakage_v1_alpha005,gate_all_sources_proxy_source_only_final_training_only,mmd,,,,,moe,coral,near_nearest_proxy,main,1.0,1,1train,near,False,0.17655931767126515,2.0,direct,0.09512654099703635,0.0701716258176364,0.12967467508961913
3,bnci004,MMP_moe,TS,lda,pt,18,2,2,21964,0.05,no_leakage_v1_alpha005,gate_all_sources_proxy_source_only_final_training_only,mmd,,,,,moe,coral,near_nearest_proxy,anchor,1.0,1,1train,proxy_source,False,0.25284964189166464,2.0,direct,0.09512654099703635,0.0701716258176364,0.12967467508961913
3,bnci004,MMP_moe,TS,lda,pt,18,2,2,21964,0.05,no_leakage_v1_alpha005,gate_all_sources_proxy_source_only_final_training_only,mmd,,,,,moe,coral,near_nearest_proxy,final,1.0,1,1train,train,False,0.17655931767126515,2.0,direct,0.09512654099703635,0.0701716258176364,0.12967467508961913
3,bnci004,MMP_moe,TS,lda,pt,18,2,2,21964,0.05,no_leakage_v1_alpha005,gate_all_sources_proxy_source_only_final_training_only,mmd,,,,,moe,coral,near_nearest_proxy,main,2.0,3,3test,nearest,True,0.3017220971706445,2.0,direct,0.05566497172590561,0.035555349491452996,0.08945825043223614
3,bnci004,MMP_moe,TS,lda,pt,18,2,2,21964,0.05,no_leakage_v1_alpha005,gate_all_sources_proxy_source_only_final_training_only,mmd,,,,,moe,coral,near_nearest_proxy,anchor,2.0,3,3test,target,False,,2.0,direct,0.05566497172590561,0.035555349491452996,0.08945825043223614
3,bnci004,MMP_moe,TS,lda,pt,18,2,2,21964,0.05,no_leakage_v1_alpha005,gate_all_sources_proxy_source_only_final_training_only,mmd,,,,,moe,coral,near_nearest_proxy,final,2.0,3,3test,train,True,0.3017220971706445,2.0,direct,0.05566497172590561,0.035555349491452996,0.08945825043223614
3,bnci004,MMP_moe,TS,lda,pt,18,2,2,21964,0.05,no_leakage_v1_alpha005,gate_all_sources_proxy_source_only_final_training_only,mmd,,,,,moe,coral,near_nearest_proxy,main,3.0,4,4test,near,False,0.29026259380996344,2.0,direct,0.05786265204597548,0.039245084920335904,0.08164004170471467
3,bnci004,MMP_moe,TS,lda,pt,18,2,2,21964,0.05,no_leakage_v1_alpha005,gate_all_sources_proxy_source_only_final_training_only,mmd,,,,,moe,coral,near_nearest_proxy,anchor,3.0,4,4test,proxy_source,False,0.4156834873820968,2.0,direct,0.05786265204597548,0.039245084920335904,0.08164004170471467
3,bnci004,MMP_moe,TS,lda,pt,18,2,2,21964,0.05,no_leakage_v1_alpha005,gate_all_sources_proxy_source_only_final_training_only,mmd,,,,,moe,coral,near_nearest_proxy,final,3.0,4,4test,train,False,0.29026259380996344,2.0,direct,0.05786265204597548,0.039245084920335904,0.08164004170471467
3,bnci004,MMP_moe,TS,lda,pt,18,2,2,21964,0.05,no_leakage_v1_alpha005,gate_all_sources_proxy_source_only_final_training_only,mmd,,,,,moe,coral,near_nearest_proxy,main,,2,2train,target,False,,,,,,
3,bnci004,MMP_moe,TS,lda,pt,18,2,2,21964,0.05,no_leakage_v1_alpha005,gate_all_sources_proxy_source_only_final_training_only,mmd,,,,,moe,coral,near_nearest_proxy,final,,2,2train,target,False,,,,,,
3,bnci004,MMP_moe,TS,lda,pt,18,3,3,21995,0.05,no_leakage_v1_alpha005,gate_all_sources_proxy_source_only_final_training_only,mmd,,,,,moe,coral,near_nearest_proxy,main,0.0,0,0train,near,False,0.2219201701158258,3.0,direct,0.07549957462256886,0.05344637617329712,0.10454887384453684
3,bnci004,MMP_moe,TS,lda,pt,18,3,3,21995,0.05,no_leakage_v1_alpha005,gate_all_sources_proxy_source_only_final_training_only,mmd,,,,,moe,coral,near_nearest_proxy,anchor,0.0,0,0train,proxy_source,False,0.3319867308817639,3.0,direct,0.07549957462256886,0.05344637617329712,0.10454887384453684
3,bnci004,MMP_moe,TS,lda,pt,18,3,3,21995,0.05,no_leakage_v1_alpha005,gate_all_sources_proxy_source_only_final_training_only,mmd,,,,,moe,coral,near_nearest_proxy,final,0.0,0,0train,train,False,0.2219201701158258,3.0,direct,0.07549957462256886,0.05344637617329712,0.10454887384453684
3,bnci004,MMP_moe,TS,lda,pt,18,3,3,21995,0.05,no_leakage_v1_alpha005,gate_all_sources_proxy_source_only_final_training_only,mmd,,,,,moe,coral,near_nearest_proxy,main,1.0,1,1train,near,False,0.2135555475205248,3.0,direct,0.07845680902728716,0.05827845854928342,0.10174479504140839
3,bnci004,MMP_moe,TS,lda,pt,18,3,3,21995,0.05,no_leakage_v1_alpha005,gate_all_sources_proxy_source_only_final_training_only,mmd,,,,,moe,coral,near_nearest_proxy,anchor,1.0,1,1train,proxy_source,False,0.3194734757367973,3.0,direct,0.07845680902728716,0.05827845854928342,0.10174479504140839
3,bnci004,MMP_moe,TS,lda,pt,18,3,3,21995,0.05,no_leakage_v1_alpha005,gate_all_sources_proxy_source_only_final_training_only,mmd,,,,,moe,coral,near_nearest_proxy,final,1.0,1,1train,train,False,0.2135555475205248,3.0,direct,0.07845680902728716,0.05827845854928342,0.10174479504140839
3,bnci004,MMP_moe,TS,lda,pt,18,3,3,21995,0.05,no_leakage_v1_alpha005,gate_all_sources_proxy_source_only_final_training_only,mmd,,,,,moe,coral,near_nearest_proxy,main,2.0,2,2train,nearest,True,0.33153903613436264,3.0,direct,0.05053633810486422,0.03255979172888505,0.07457432456393989
3,bnci004,MMP_moe,TS,lda,pt,18,3,3,21995,0.05,no_leakage_v1_alpha005,gate_all_sources_proxy_source_only_final_training_only,mmd,,,,,moe,coral,near_nearest_proxy,anchor,2.0,2,2train,target,False,,3.0,direct,0.05053633810486422,0.03255979172888505,0.07457432456393989
3,bnci004,MMP_moe,TS,lda,pt,18,3,3,21995,0.05,no_leakage_v1_alpha005,gate_all_sources_proxy_source_only_final_training_only,mmd,,,,,moe,coral,near_nearest_proxy,final,2.0,2,2train,train,True,0.33153903613436264,3.0,direct,0.05053633810486422,0.03255979172888505,0.07457432456393989
3,bnci004,MMP_moe,TS,lda,pt,18,3,3,21995,0.05,no_leakage_v1_alpha005,gate_all_sources_proxy_source_only_final_training_only,mmd,,,,,moe,coral,near_nearest_proxy,main,3.0,4,4test,near,False,0.23298524622928674,3.0,direct,0.07191385570547226,0.04639507709643788,0.1018559060466634
3,bnci004,MMP_moe,TS,lda,pt,18,3,3,21995,0.05,no_leakage_v1_alpha005,gate_all_sources_proxy_source_only_final_training_only,mmd,,,,,moe,coral,near_nearest_proxy,anchor,3.0,4,4test,proxy_source,False,0.348539793381439,3.0,direct,0.07191385570547226,0.04639507709643788,0.1018559060466634
3,bnci004,MMP_moe,TS,lda,pt,18,3,3,21995,0.05,no_leakage_v1_alpha005,gate_all_sources_proxy_source_only_final_training_only,mmd,,,,,moe,coral,near_nearest_proxy,final,3.0,4,4test,train,False,0.23298524622928674,3.0,direct,0.07191385570547226,0.04639507709643788,0.1018559060466634
3,bnci004,MMP_moe,TS,lda,pt,18,3,3,21995,0.05,no_leakage_v1_alpha005,gate_all_sources_proxy_source_only_final_training_only,mmd,,,,,moe,coral,near_nearest_proxy,main,,3,3test,target,False,,,,,,
3,bnci004,MMP_moe,TS,lda,pt,18,3,3,21995,0.05,no_leakage_v1_alpha005,gate_all_sources_proxy_source_only_final_training_only,mmd,,,,,moe,coral,near_nearest_proxy,final,,3,3test,target,False,,,,,,
3,bnci004,MMP_moe,TS,lda,pt,18,4,4,22026,0.05,no_leakage_v1_alpha005,gate_all_sources_proxy_source_only_final_training_only,mmd,,,,,moe,coral,near_nearest_proxy,main,0.0,0,0train,nearest,True,0.3337647989618332,4.0,direct,0.04862512239011277,0.0290772976170031,0.07886064211783912
3,bnci004,MMP_moe,TS,lda,pt,18,4,4,22026,0.05,no_leakage_v1_alpha005,gate_all_sources_proxy_source_only_final_training_only,mmd,,,,,moe,coral,near_nearest_proxy,anchor,0.0,0,0train,target,False,,4.0,direct,0.04862512239011277,0.0290772976170031,0.07886064211783912
3,bnci004,MMP_moe,TS,lda,pt,18,4,4,22026,0.05,no_leakage_v1_alpha005,gate_all_sources_proxy_source_only_final_training_only,mmd,,,,,moe,coral,near_nearest_proxy,final,0.0,0,0train,train,True,0.3337647989618332,4.0,direct,0.04862512239011277,0.0290772976170031,0.07886064211783912
3,bnci004,MMP_moe,TS,lda,pt,18,4,4,22026,0.05,no_leakage_v1_alpha005,gate_all_sources_proxy_source_only_final_training_only,mmd,,,,,moe,coral,near_nearest_proxy,main,1.0,1,1train,near,False,0.288432575846845,4.0,direct,0.05626756784875539,0.037771120075035546,0.08064598964704904
3,bnci004,MMP_moe,TS,lda,pt,18,4,4,22026,0.05,no_leakage_v1_alpha005,gate_all_sources_proxy_source_only_final_training_only,mmd,,,,,moe,coral,near_nearest_proxy,anchor,1.0,1,1train,proxy_source,False,0.43292905478034244,4.0,direct,0.05626756784875539,0.037771120075035546,0.08064598964704904
3,bnci004,MMP_moe,TS,lda,pt,18,4,4,22026,0.05,no_leakage_v1_alpha005,gate_all_sources_proxy_source_only_final_training_only,mmd,,,,,moe,coral,near_nearest_proxy,final,1.0,1,1train,train,False,0.288432575846845,4.0,direct,0.05626756784875539,0.037771120075035546,0.08064598964704904
3,bnci004,MMP_moe,TS,lda,pt,18,4,4,22026,0.05,no_leakage_v1_alpha005,gate_all_sources_proxy_source_only_final_training_only,mmd,,,,,moe,coral,near_nearest_proxy,main,2.0,2,2train,near,False,0.23718301348004361,4.0,direct,0.06842585623097978,0.04135373577557349,0.10183149298642119
3,bnci004,MMP_moe,TS,lda,pt,18,4,4,22026,0.05,no_leakage_v1_alpha005,gate_all_sources_proxy_source_only_final_training_only,mmd,,,,,moe,coral,near_nearest_proxy,anchor,2.0,2,2train,proxy_source,False,0.35600492605381867,4.0,direct,0.06842585623097978,0.04135373577557349,0.10183149298642119
3,bnci004,MMP_moe,TS,lda,pt,18,4,4,22026,0.05,no_leakage_v1_alpha005,gate_all_sources_proxy_source_only_final_training_only,mmd,,,,,moe,coral,near_nearest_proxy,final,2.0,2,2train,train,False,0.23718301348004361,4.0,direct,0.06842585623097978,0.04135373577557349,0.10183149298642119
3,bnci004,MMP_moe,TS,lda,pt,18,4,4,22026,0.05,no_leakage_v1_alpha005,gate_all_sources_proxy_source_only_final_training_only,mmd,,,,,moe,coral,near_nearest_proxy,main,3.0,3,3test,near,False,0.14061961171127826,4.0,direct,0.11541453675423638,0.07584634642506678,0.16043743637216995
3,bnci004,MMP_moe,TS,lda,pt,18,4,4,22026,0.05,no_leakage_v1_alpha005,gate_all_sources_proxy_source_only_final_training_only,mmd,,,,,moe,coral,near_nearest_proxy,anchor,3.0,3,3test,proxy_source,False,0.21106601916583892,4.0,direct,0.11541453675423638,0.07584634642506678,0.16043743637216995
3,bnci004,MMP_moe,TS,lda,pt,18,4,4,22026,0.05,no_leakage_v1_alpha005,gate_all_sources_proxy_source_only_final_training_only,mmd,,,,,moe,coral,near_nearest_proxy,final,3.0,3,3test,train,False,0.14061961171127826,4.0,direct,0.11541453675423638,0.07584634642506678,0.16043743637216995
3,bnci004,MMP_moe,TS,lda,pt,18,4,4,22026,0.05,no_leakage_v1_alpha005,gate_all_sources_proxy_source_only_final_training_only,mmd,,,,,moe,coral,near_nearest_proxy,main,,4,4test,target,False,,,,,,
3,bnci004,MMP_moe,TS,lda,pt,18,4,4,22026,0.05,no_leakage_v1_alpha005,gate_all_sources_proxy_source_only_final_training_only,mmd,,,,,moe,coral,near_nearest_proxy,final,,4,4test,target,False,,,,,,
3,bnci004,MMP_moe,TS,lda,coral,19,0,0,22899,0.05,no_leakage_v1_alpha005,gate_all_sources_proxy_source_only_final_training_only,mmd,,,,,moe,coral,near_nearest_proxy,main,0.0,1,1train,nearest,True,0.36503375028082097,0.0,direct,0.03721118627997258,0.019252842316944345,0.06961736124572267
3,bnci004,MMP_moe,TS,lda,coral,19,0,0,22899,0.05,no_leakage_v1_alpha005,gate_all_sources_proxy_source_only_final_training_only,mmd,,,,,moe,coral,near_nearest_proxy,anchor,0.0,1,1train,target,False,,0.0,direct,0.03721118627997258,0.019252842316944345,0.06961736124572267
3,bnci004,MMP_moe,TS,lda,coral,19,0,0,22899,0.05,no_leakage_v1_alpha005,gate_all_sources_proxy_source_only_final_training_only,mmd,,,,,moe,coral,near_nearest_proxy,final,0.0,1,1train,train,True,0.36503375028082097,0.0,direct,0.03721118627997258,0.019252842316944345,0.06961736124572267
3,bnci004,MMP_moe,TS,lda,coral,19,0,0,22899,0.05,no_leakage_v1_alpha005,gate_all_sources_proxy_source_only_final_training_only,mmd,,,,,moe,coral,near_nearest_proxy,main,1.0,2,2train,near,False,0.21288483590942012,0.0,direct,0.06380675716550616,0.044968601737601976,0.0866463124045872
3,bnci004,MMP_moe,TS,lda,coral,19,0,0,22899,0.05,no_leakage_v1_alpha005,gate_all_sources_proxy_source_only_final_training_only,mmd,,,,,moe,coral,near_nearest_proxy,anchor,1.0,2,2train,proxy_source,False,0.3352695296853506,0.0,direct,0.06380675716550616,0.044968601737601976,0.0866463124045872
3,bnci004,MMP_moe,TS,lda,coral,19,0,0,22899,0.05,no_leakage_v1_alpha005,gate_all_sources_proxy_source_only_final_training_only,mmd,,,,,moe,coral,near_nearest_proxy,final,1.0,2,2train,train,False,0.21288483590942012,0.0,direct,0.06380675716550616,0.044968601737601976,0.0866463124045872
3,bnci004,MMP_moe,TS,lda,coral,19,0,0,22899,0.05,no_leakage_v1_alpha005,gate_all_sources_proxy_source_only_final_training_only,mmd,,,,,moe,coral,near_nearest_proxy,main,2.0,3,3test,near,False,0.14283912777149715,0.0,direct,0.095096919777675,0.06150463092235285,0.13185681940830457
3,bnci004,MMP_moe,TS,lda,coral,19,0,0,22899,0.05,no_leakage_v1_alpha005,gate_all_sources_proxy_source_only_final_training_only,mmd,,,,,moe,coral,near_nearest_proxy,anchor,2.0,3,3test,proxy_source,False,0.22495546469543745,0.0,direct,0.095096919777675,0.06150463092235285,0.13185681940830457
3,bnci004,MMP_moe,TS,lda,coral,19,0,0,22899,0.05,no_leakage_v1_alpha005,gate_all_sources_proxy_source_only_final_training_only,mmd,,,,,moe,coral,near_nearest_proxy,final,2.0,3,3test,train,False,0.14283912777149715,0.0,direct,0.095096919777675,0.06150463092235285,0.13185681940830457
3,bnci004,MMP_moe,TS,lda,coral,19,0,0,22899,0.05,no_leakage_v1_alpha005,gate_all_sources_proxy_source_only_final_training_only,mmd,,,,,moe,coral,near_nearest_proxy,main,3.0,4,4test,near,False,0.2792422860382619,0.0,direct,0.048643867174829165,0.027623787835933965,0.07609820670057847
3,bnci004,MMP_moe,TS,lda,coral,19,0,0,22899,0.05,no_leakage_v1_alpha005,gate_all_sources_proxy_source_only_final_training_only,mmd,,,,,moe,coral,near_nearest_proxy,anchor,3.0,4,4test,proxy_source,False,0.43977500561921185,0.0,direct,0.048643867174829165,0.027623787835933965,0.07609820670057847
3,bnci004,MMP_moe,TS,lda,coral,19,0,0,22899,0.05,no_leakage_v1_alpha005,gate_all_sources_proxy_source_only_final_training_only,mmd,,,,,moe,coral,near_nearest_proxy,final,3.0,4,4test,train,False,0.2792422860382619,0.0,direct,0.048643867174829165,0.027623787835933965,0.07609820670057847
3,bnci004,MMP_moe,TS,lda,coral,19,0,0,22899,0.05,no_leakage_v1_alpha005,gate_all_sources_proxy_source_only_final_training_only,mmd,,,,,moe,coral,near_nearest_proxy,main,,0,0train,target,False,,,,,,
3,bnci004,MMP_moe,TS,lda,coral,19,0,0,22899,0.05,no_leakage_v1_alpha005,gate_all_sources_proxy_source_only_final_training_only,mmd,,,,,moe,coral,near_nearest_proxy,final,,0,0train,target,False,,,,,,
3,bnci004,MMP_moe,TS,lda,coral,19,1,1,22930,0.05,no_leakage_v1_alpha005,gate_all_sources_proxy_source_only_final_training_only,mmd,,,,,moe,coral,near_nearest_proxy,main,0.0,0,0train,nearest,True,0.48814679646637865,1.0,direct,0.037401943571534216,0.016931317208049742,0.06251261293729099
3,bnci004,MMP_moe,TS,lda,coral,19,1,1,22930,0.05,no_leakage_v1_alpha005,gate_all_sources_proxy_source_only_final_training_only,mmd,,,,,moe,coral,near_nearest_proxy,anchor,0.0,0,0train,target,False,,1.0,direct,0.037401943571534216,0.016931317208049742,0.06251261293729099
3,bnci004,MMP_moe,TS,lda,coral,19,1,1,22930,0.05,no_leakage_v1_alpha005,gate_all_sources_proxy_source_only_final_training_only,mmd,,,,,moe,coral,near_nearest_proxy,final,0.0,0,0train,train,True,0.48814679646637865,1.0,direct,0.037401943571534216,0.016931317208049742,0.06251261293729099
3,bnci004,MMP_moe,TS,lda,coral,19,1,1,22930,0.05,no_leakage_v1_alpha005,gate_all_sources_proxy_source_only_final_training_only,mmd,,,,,moe,coral,near_nearest_proxy,main,1.0,2,2train,near,False,0.18954311524025513,1.0,direct,0.09632603915261757,0.06038054234494985,0.1368989902089975
3,bnci004,MMP_moe,TS,lda,coral,19,1,1,22930,0.05,no_leakage_v1_alpha005,gate_all_sources_proxy_source_only_final_training_only,mmd,,,,,moe,coral,near_nearest_proxy,anchor,1.0,2,2train,proxy_source,False,0.37030756852106894,1.0,direct,0.09632603915261757,0.06038054234494985,0.1368989902089975
3,bnci004,MMP_moe,TS,lda,coral,19,1,1,22930,0.05,no_leakage_v1_alpha005,gate_all_sources_proxy_source_only_final_training_only,mmd,,,,,moe,coral,near_nearest_proxy,final,1.0,2,2train,train,False,0.18954311524025513,1.0,direct,0.09632603915261757,0.06038054234494985,0.1368989902089975
3,bnci004,MMP_moe,TS,lda,coral,19,1,1,22930,0.05,no_leakage_v1_alpha005,gate_all_sources_proxy_source_only_final_training_only,mmd,,,,,moe,coral,near_nearest_proxy,main,2.0,3,3test,far,False,,1.0,direct,0.10404918567577362,0.07051542617955726,0.14694965252884867
3,bnci004,MMP_moe,TS,lda,coral,19,1,1,22930,0.05,no_leakage_v1_alpha005,gate_all_sources_proxy_source_only_final_training_only,mmd,,,,,moe,coral,near_nearest_proxy,anchor,2.0,3,3test,not_used,False,,1.0,direct,0.10404918567577362,0.07051542617955726,0.14694965252884867
3,bnci004,MMP_moe,TS,lda,coral,19,1,1,22930,0.05,no_leakage_v1_alpha005,gate_all_sources_proxy_source_only_final_training_only,mmd,,,,,moe,coral,near_nearest_proxy,final,2.0,3,3test,not_used,False,,1.0,direct,0.10404918567577362,0.07051542617955726,0.14694965252884867
3,bnci004,MMP_moe,TS,lda,coral,19,1,1,22930,0.05,no_leakage_v1_alpha005,gate_all_sources_proxy_source_only_final_training_only,mmd,,,,,moe,coral,near_nearest_proxy,main,3.0,4,4test,near,False,0.3223100882933662,1.0,direct,0.05664670587707647,0.03499834691555644,0.0821218006469407
3,bnci004,MMP_moe,TS,lda,coral,19,1,1,22930,0.05,no_leakage_v1_alpha005,gate_all_sources_proxy_source_only_final_training_only,mmd,,,,,moe,coral,near_nearest_proxy,anchor,3.0,4,4test,proxy_source,False,0.6296924314789312,1.0,direct,0.05664670587707647,0.03499834691555644,0.0821218006469407
3,bnci004,MMP_moe,TS,lda,coral,19,1,1,22930,0.05,no_leakage_v1_alpha005,gate_all_sources_proxy_source_only_final_training_only,mmd,,,,,moe,coral,near_nearest_proxy,final,3.0,4,4test,train,False,0.3223100882933662,1.0,direct,0.05664670587707647,0.03499834691555644,0.0821218006469407
3,bnci004,MMP_moe,TS,lda,coral,19,1,1,22930,0.05,no_leakage_v1_alpha005,gate_all_sources_proxy_source_only_final_training_only,mmd,,,,,moe,coral,near_nearest_proxy,main,,1,1train,target,False,,,,,,
3,bnci004,MMP_moe,TS,lda,coral,19,1,1,22930,0.05,no_leakage_v1_alpha005,gate_all_sources_proxy_source_only_final_training_only,mmd,,,,,moe,coral,near_nearest_proxy,final,,1,1train,target,False,,,,,,
3,bnci004,MMP_moe,TS,lda,coral,19,2,2,22961,0.05,no_leakage_v1_alpha005,gate_all_sources_proxy_source_only_final_training_only,mmd,,,,,moe,coral,near_nearest_proxy,main,0.0,0,0train,near,False,0.22992959651184636,2.0,direct,0.07309058314012555,0.05602217082846806,0.09305550461771453
3,bnci004,MMP_moe,TS,lda,coral,19,2,2,22961,0.05,no_leakage_v1_alpha005,gate_all_sources_proxy_source_only_final_training_only,mmd,,,,,moe,coral,near_nearest_proxy,anchor,0.0,0,0train,proxy_source,False,0.3297960777438393,2.0,direct,0.07309058314012555,0.05602217082846806,0.09305550461771453
3,bnci004,MMP_moe,TS,lda,coral,19,2,2,22961,0.05,no_leakage_v1_alpha005,gate_all_sources_proxy_source_only_final_training_only,mmd,,,,,moe,coral,near_nearest_proxy,final,0.0,0,0train,train,False,0.22992959651184636,2.0,direct,0.07309058314012555,0.05602217082846806,0.09305550461771453
3,bnci004,MMP_moe,TS,lda,coral,19,2,2,22961,0.05,no_leakage_v1_alpha005,gate_all_sources_proxy_source_only_final_training_only,mmd,,,,,moe,coral,near_nearest_proxy,main,1.0,1,1train,near,False,0.17569038969278694,2.0,direct,0.095655445689534,0.07123397726365782,0.12939805276357147
3,bnci004,MMP_moe,TS,lda,coral,19,2,2,22961,0.05,no_leakage_v1_alpha005,gate_all_sources_proxy_source_only_final_training_only,mmd,,,,,moe,coral,near_nearest_proxy,anchor,1.0,1,1train,proxy_source,False,0.25199888268834725,2.0,direct,0.095655445689534,0.07123397726365782,0.12939805276357147
3,bnci004,MMP_moe,TS,lda,coral,19,2,2,22961,0.05,no_leakage_v1_alpha005,gate_all_sources_proxy_source_only_final_training_only,mmd,,,,,moe,coral,near_nearest_proxy,final,1.0,1,1train,train,False,0.17569038969278694,2.0,direct,0.095655445689534,0.07123397726365782,0.12939805276357147
3,bnci004,MMP_moe,TS,lda,coral,19,2,2,22961,0.05,no_leakage_v1_alpha005,gate_all_sources_proxy_source_only_final_training_only,mmd,,,,,moe,coral,near_nearest_proxy,main,2.0,3,3test,nearest,True,0.3028128227454593,2.0,direct,0.05549836118110819,0.035117756845325636,0.07802375179006665
3,bnci004,MMP_moe,TS,lda,coral,19,2,2,22961,0.05,no_leakage_v1_alpha005,gate_all_sources_proxy_source_only_final_training_only,mmd,,,,,moe,coral,near_nearest_proxy,anchor,2.0,3,3test,target,False,,2.0,direct,0.05549836118110819,0.035117756845325636,0.07802375179006665
3,bnci004,MMP_moe,TS,lda,coral,19,2,2,22961,0.05,no_leakage_v1_alpha005,gate_all_sources_proxy_source_only_final_training_only,mmd,,,,,moe,coral,near_nearest_proxy,final,2.0,3,3test,train,True,0.3028128227454593,2.0,direct,0.05549836118110819,0.035117756845325636,0.07802375179006665
3,bnci004,MMP_moe,TS,lda,coral,19,2,2,22961,0.05,no_leakage_v1_alpha005,gate_all_sources_proxy_source_only_final_training_only,mmd,,,,,moe,coral,near_nearest_proxy,main,3.0,4,4test,near,False,0.29156719104990747,2.0,direct,0.057638949677823924,0.037606613077461694,0.08205429432602879
3,bnci004,MMP_moe,TS,lda,coral,19,2,2,22961,0.05,no_leakage_v1_alpha005,gate_all_sources_proxy_source_only_final_training_only,mmd,,,,,moe,coral,near_nearest_proxy,anchor,3.0,4,4test,proxy_source,False,0.4182050395678136,2.0,direct,0.057638949677823924,0.037606613077461694,0.08205429432602879
3,bnci004,MMP_moe,TS,lda,coral,19,2,2,22961,0.05,no_leakage_v1_alpha005,gate_all_sources_proxy_source_only_final_training_only,mmd,,,,,moe,coral,near_nearest_proxy,final,3.0,4,4test,train,False,0.29156719104990747,2.0,direct,0.057638949677823924,0.037606613077461694,0.08205429432602879
3,bnci004,MMP_moe,TS,lda,coral,19,2,2,22961,0.05,no_leakage_v1_alpha005,gate_all_sources_proxy_source_only_final_training_only,mmd,,,,,moe,coral,near_nearest_proxy,main,,2,2train,target,False,,,,,,
3,bnci004,MMP_moe,TS,lda,coral,19,2,2,22961,0.05,no_leakage_v1_alpha005,gate_all_sources_proxy_source_only_final_training_only,mmd,,,,,moe,coral,near_nearest_proxy,final,,2,2train,target,False,,,,,,
3,bnci004,MMP_moe,TS,lda,coral,19,3,3,22992,0.05,no_leakage_v1_alpha005,gate_all_sources_proxy_source_only_final_training_only,mmd,,,,,moe,coral,near_nearest_proxy,main,0.0,0,0train,near,False,0.22543121001843508,3.0,direct,0.07589449333524993,0.05405247742347701,0.10591728379981454
3,bnci004,MMP_moe,TS,lda,coral,19,3,3,22992,0.05,no_leakage_v1_alpha005,gate_all_sources_proxy_source_only_final_training_only,mmd,,,,,moe,coral,near_nearest_proxy,anchor,0.0,0,0train,proxy_source,False,0.333617422823945,3.0,direct,0.07589449333524993,0.05405247742347701,0.10591728379981454
3,bnci004,MMP_moe,TS,lda,coral,19,3,3,22992,0.05,no_leakage_v1_alpha005,gate_all_sources_proxy_source_only_final_training_only,mmd,,,,,moe,coral,near_nearest_proxy,final,0.0,0,0train,train,False,0.22543121001843508,3.0,direct,0.07589449333524993,0.05405247742347701,0.10591728379981454
3,bnci004,MMP_moe,TS,lda,coral,19,3,3,22992,0.05,no_leakage_v1_alpha005,gate_all_sources_proxy_source_only_final_training_only,mmd,,,,,moe,coral,near_nearest_proxy,main,1.0,1,1train,near,False,0.21732465922837596,3.0,direct,0.07872551432312715,0.056227814811458304,0.10925468757185199
3,bnci004,MMP_moe,TS,lda,coral,19,3,3,22992,0.05,no_leakage_v1_alpha005,gate_all_sources_proxy_source_only_final_training_only,mmd,,,,,moe,coral,near_nearest_proxy,anchor,1.0,1,1train,proxy_source,False,0.32162047447615516,3.0,direct,0.07872551432312715,0.056227814811458304,0.10925468757185199
3,bnci004,MMP_moe,TS,lda,coral,19,3,3,22992,0.05,no_leakage_v1_alpha005,gate_all_sources_proxy_source_only_final_training_only,mmd,,,,,moe,coral,near_nearest_proxy,final,1.0,1,1train,train,False,0.21732465922837596,3.0,direct,0.07872551432312715,0.056227814811458304,0.10925468757185199
3,bnci004,MMP_moe,TS,lda,coral,19,3,3,22992,0.05,no_leakage_v1_alpha005,gate_all_sources_proxy_source_only_final_training_only,mmd,,,,,moe,coral,near_nearest_proxy,main,2.0,2,2train,nearest,True,0.32428226286791223,3.0,direct,0.052759248883795566,0.034256907943374985,0.0813405760455058
3,bnci004,MMP_moe,TS,lda,coral,19,3,3,22992,0.05,no_leakage_v1_alpha005,gate_all_sources_proxy_source_only_final_training_only,mmd,,,,,moe,coral,near_nearest_proxy,anchor,2.0,2,2train,target,False,,3.0,direct,0.052759248883795566,0.034256907943374985,0.0813405760455058
3,bnci004,MMP_moe,TS,lda,coral,19,3,3,22992,0.05,no_leakage_v1_alpha005,gate_all_sources_proxy_source_only_final_training_only,mmd,,,,,moe,coral,near_nearest_proxy,final,2.0,2,2train,train,True,0.32428226286791223,3.0,direct,0.052759248883795566,0.034256907943374985,0.0813405760455058
3,bnci004,MMP_moe,TS,lda,coral,19,3,3,22992,0.05,no_leakage_v1_alpha005,gate_all_sources_proxy_source_only_final_training_only,mmd,,,,,moe,coral,near_nearest_proxy,main,3.0,4,4test,near,False,0.23296186788527676,3.0,direct,0.07344111759985107,0.05060120596259832,0.09784825049374692
3,bnci004,MMP_moe,TS,lda,coral,19,3,3,22992,0.05,no_leakage_v1_alpha005,gate_all_sources_proxy_source_only_final_training_only,mmd,,,,,moe,coral,near_nearest_proxy,anchor,3.0,4,4test,proxy_source,False,0.3447621026998998,3.0,direct,0.07344111759985107,0.05060120596259832,0.09784825049374692
3,bnci004,MMP_moe,TS,lda,coral,19,3,3,22992,0.05,no_leakage_v1_alpha005,gate_all_sources_proxy_source_only_final_training_only,mmd,,,,,moe,coral,near_nearest_proxy,final,3.0,4,4test,train,False,0.23296186788527676,3.0,direct,0.07344111759985107,0.05060120596259832,0.09784825049374692
3,bnci004,MMP_moe,TS,lda,coral,19,3,3,22992,0.05,no_leakage_v1_alpha005,gate_all_sources_proxy_source_only_final_training_only,mmd,,,,,moe,coral,near_nearest_proxy,main,,3,3test,target,False,,,,,,
3,bnci004,MMP_moe,TS,lda,coral,19,3,3,22992,0.05,no_leakage_v1_alpha005,gate_all_sources_proxy_source_only_final_training_only,mmd,,,,,moe,coral,near_nearest_proxy,final,,3,3test,target,False,,,,,,
3,bnci004,MMP_moe,TS,lda,coral,19,4,4,23023,0.05,no_leakage_v1_alpha005,gate_all_sources_proxy_source_only_final_training_only,mmd,,,,,moe,coral,near_nearest_proxy,main,0.0,0,0train,nearest,True,0.33545437900718844,4.0,direct,0.04815256598027577,0.029043959642139086,0.07687154070535826
3,bnci004,MMP_moe,TS,lda,coral,19,4,4,23023,0.05,no_leakage_v1_alpha005,gate_all_sources_proxy_source_only_final_training_only,mmd,,,,,moe,coral,near_nearest_proxy,anchor,0.0,0,0train,target,False,,4.0,direct,0.04815256598027577,0.029043959642139086,0.07687154070535826
3,bnci004,MMP_moe,TS,lda,coral,19,4,4,23023,0.05,no_leakage_v1_alpha005,gate_all_sources_proxy_source_only_final_training_only,mmd,,,,,moe,coral,near_nearest_proxy,final,0.0,0,0train,train,True,0.33545437900718844,4.0,direct,0.04815256598027577,0.029043959642139086,0.07687154070535826
3,bnci004,MMP_moe,TS,lda,coral,19,4,4,23023,0.05,no_leakage_v1_alpha005,gate_all_sources_proxy_source_only_final_training_only,mmd,,,,,moe,coral,near_nearest_proxy,main,1.0,1,1train,near,False,0.2930733642062019,4.0,direct,0.05511599985649277,0.037430451586642564,0.07736599099015065
3,bnci004,MMP_moe,TS,lda,coral,19,4,4,23023,0.05,no_leakage_v1_alpha005,gate_all_sources_proxy_source_only_final_training_only,mmd,,,,,moe,coral,near_nearest_proxy,anchor,1.0,1,1train,proxy_source,False,0.4410131598916549,4.0,direct,0.05511599985649277,0.037430451586642564,0.07736599099015065
3,bnci004,MMP_moe,TS,lda,coral,19,4,4,23023,0.05,no_leakage_v1_alpha005,gate_all_sources_proxy_source_only_final_training_only,mmd,,,,,moe,coral,near_nearest_proxy,final,1.0,1,1train,train,False,0.2930733642062019,4.0,direct,0.05511599985649277,0.037430451586642564,0.07736599099015065
3,bnci004,MMP_moe,TS,lda,coral,19,4,4,23023,0.05,no_leakage_v1_alpha005,gate_all_sources_proxy_source_only_final_training_only,mmd,,,,,moe,coral,near_nearest_proxy,main,2.0,2,2train,near,False,0.23354106085702026,4.0,direct,0.06916595725204638,0.0375336515659163,0.10799772676608514
3,bnci004,MMP_moe,TS,lda,coral,19,4,4,23023,0.05,no_leakage_v1_alpha005,gate_all_sources_proxy_source_only_final_training_only,mmd,,,,,moe,coral,near_nearest_proxy,anchor,2.0,2,2train,proxy_source,False,0.3514296889175446,4.0,direct,0.06916595725204638,0.0375336515659163,0.10799772676608514
3,bnci004,MMP_moe,TS,lda,coral,19,4,4,23023,0.05,no_leakage_v1_alpha005,gate_all_sources_proxy_source_only_final_training_only,mmd,,,,,moe,coral,near_nearest_proxy,final,2.0,2,2train,train,False,0.23354106085702026,4.0,direct,0.06916595725204638,0.0375336515659163,0.10799772676608514
3,bnci004,MMP_moe,TS,lda,coral,19,4,4,23023,0.05,no_leakage_v1_alpha005,gate_all_sources_proxy_source_only_final_training_only,mmd,,,,,moe,coral,near_nearest_proxy,main,3.0,3,3test,near,False,0.1379311959295894,4.0,direct,0.11711046607574525,0.0753370333388771,0.15956725120292492
3,bnci004,MMP_moe,TS,lda,coral,19,4,4,23023,0.05,no_leakage_v1_alpha005,gate_all_sources_proxy_source_only_final_training_only,mmd,,,,,moe,coral,near_nearest_proxy,anchor,3.0,3,3test,proxy_source,False,0.20755715119080054,4.0,direct,0.11711046607574525,0.0753370333388771,0.15956725120292492
3,bnci004,MMP_moe,TS,lda,coral,19,4,4,23023,0.05,no_leakage_v1_alpha005,gate_all_sources_proxy_source_only_final_training_only,mmd,,,,,moe,coral,near_nearest_proxy,final,3.0,3,3test,train,False,0.1379311959295894,4.0,direct,0.11711046607574525,0.0753370333388771,0.15956725120292492
3,bnci004,MMP_moe,TS,lda,coral,19,4,4,23023,0.05,no_leakage_v1_alpha005,gate_all_sources_proxy_source_only_final_training_only,mmd,,,,,moe,coral,near_nearest_proxy,main,,4,4test,target,False,,,,,,
3,bnci004,MMP_moe,TS,lda,coral,19,4,4,23023,0.05,no_leakage_v1_alpha005,gate_all_sources_proxy_source_only_final_training_only,mmd,,,,,moe,coral,near_nearest_proxy,final,,4,4test,target,False,,,,,,
3,bnci004,MMP_moe,TS,svm_radial,none,20,0,0,23896,0.05,no_leakage_v1_alpha005,gate_all_sources_proxy_source_only_final_training_only,mmd,,,,,moe,coral,near_nearest_proxy,main,0.0,1,1train,nearest,True,0.35880074660650296,0.0,direct,0.03820002714474242,0.017378889868448946,0.06862159280913405
3,bnci004,MMP_moe,TS,svm_radial,none,20,0,0,23896,0.05,no_leakage_v1_alpha005,gate_all_sources_proxy_source_only_final_training_only,mmd,,,,,moe,coral,near_nearest_proxy,anchor,0.0,1,1train,target,False,,0.0,direct,0.03820002714474242,0.017378889868448946,0.06862159280913405
3,bnci004,MMP_moe,TS,svm_radial,none,20,0,0,23896,0.05,no_leakage_v1_alpha005,gate_all_sources_proxy_source_only_final_training_only,mmd,,,,,moe,coral,near_nearest_proxy,final,0.0,1,1train,train,True,0.35880074660650296,0.0,direct,0.03820002714474242,0.017378889868448946,0.06862159280913405
3,bnci004,MMP_moe,TS,svm_radial,none,20,0,0,23896,0.05,no_leakage_v1_alpha005,gate_all_sources_proxy_source_only_final_training_only,mmd,,,,,moe,coral,near_nearest_proxy,main,1.0,2,2train,near,False,0.21664090008316522,0.0,direct,0.06326755665484736,0.04183280377435697,0.08924734249140141
3,bnci004,MMP_moe,TS,svm_radial,none,20,0,0,23896,0.05,no_leakage_v1_alpha005,gate_all_sources_proxy_source_only_final_training_only,mmd,,,,,moe,coral,near_nearest_proxy,anchor,1.0,2,2train,proxy_source,False,0.337868297470108,0.0,direct,0.06326755665484736,0.04183280377435697,0.08924734249140141
3,bnci004,MMP_moe,TS,svm_radial,none,20,0,0,23896,0.05,no_leakage_v1_alpha005,gate_all_sources_proxy_source_only_final_training_only,mmd,,,,,moe,coral,near_nearest_proxy,final,1.0,2,2train,train,False,0.21664090008316522,0.0,direct,0.06326755665484736,0.04183280377435697,0.08924734249140141
3,bnci004,MMP_moe,TS,svm_radial,none,20,0,0,23896,0.05,no_leakage_v1_alpha005,gate_all_sources_proxy_source_only_final_training_only,mmd,,,,,moe,coral,near_nearest_proxy,main,2.0,3,3test,near,False,0.14442298218646377,0.0,direct,0.09490465042461455,0.0587686872174153,0.14698038861844326
3,bnci004,MMP_moe,TS,svm_radial,none,20,0,0,23896,0.05,no_leakage_v1_alpha005,gate_all_sources_proxy_source_only_final_training_only,mmd,,,,,moe,coral,near_nearest_proxy,anchor,2.0,3,3test,proxy_source,False,0.2252388495808696,0.0,direct,0.09490465042461455,0.0587686872174153,0.14698038861844326
3,bnci004,MMP_moe,TS,svm_radial,none,20,0,0,23896,0.05,no_leakage_v1_alpha005,gate_all_sources_proxy_source_only_final_training_only,mmd,,,,,moe,coral,near_nearest_proxy,final,2.0,3,3test,train,False,0.14442298218646377,0.0,direct,0.09490465042461455,0.0587686872174153,0.14698038861844326
3,bnci004,MMP_moe,TS,svm_radial,none,20,0,0,23896,0.05,no_leakage_v1_alpha005,gate_all_sources_proxy_source_only_final_training_only,mmd,,,,,moe,coral,near_nearest_proxy,main,3.0,4,4test,near,False,0.2801353711238681,0.0,direct,0.04892733420385248,0.02664875275818645,0.07913826050799638
3,bnci004,MMP_moe,TS,svm_radial,none,20,0,0,23896,0.05,no_leakage_v1_alpha005,gate_all_sources_proxy_source_only_final_training_only,mmd,,,,,moe,coral,near_nearest_proxy,anchor,3.0,4,4test,proxy_source,False,0.43689285294902247,0.0,direct,0.04892733420385248,0.02664875275818645,0.07913826050799638
3,bnci004,MMP_moe,TS,svm_radial,none,20,0,0,23896,0.05,no_leakage_v1_alpha005,gate_all_sources_proxy_source_only_final_training_only,mmd,,,,,moe,coral,near_nearest_proxy,final,3.0,4,4test,train,False,0.2801353711238681,0.0,direct,0.04892733420385248,0.02664875275818645,0.07913826050799638
3,bnci004,MMP_moe,TS,svm_radial,none,20,0,0,23896,0.05,no_leakage_v1_alpha005,gate_all_sources_proxy_source_only_final_training_only,mmd,,,,,moe,coral,near_nearest_proxy,main,,0,0train,target,False,,,,,,
3,bnci004,MMP_moe,TS,svm_radial,none,20,0,0,23896,0.05,no_leakage_v1_alpha005,gate_all_sources_proxy_source_only_final_training_only,mmd,,,,,moe,coral,near_nearest_proxy,final,,0,0train,target,False,,,,,,
3,bnci004,MMP_moe,TS,svm_radial,none,20,1,1,23927,0.05,no_leakage_v1_alpha005,gate_all_sources_proxy_source_only_final_training_only,mmd,,,,,moe,coral,near_nearest_proxy,main,0.0,0,0train,nearest,True,0.48729195567055544,1.0,direct,0.0368219654441073,0.018022647456570236,0.06900300795697877
3,bnci004,MMP_moe,TS,svm_radial,none,20,1,1,23927,0.05,no_leakage_v1_alpha005,gate_all_sources_proxy_source_only_final_training_only,mmd,,,,,moe,coral,near_nearest_proxy,anchor,0.0,0,0train,target,False,,1.0,direct,0.0368219654441073,0.018022647456570236,0.06900300795697877
3,bnci004,MMP_moe,TS,svm_radial,none,20,1,1,23927,0.05,no_leakage_v1_alpha005,gate_all_sources_proxy_source_only_final_training_only,mmd,,,,,moe,coral,near_nearest_proxy,final,0.0,0,0train,train,True,0.48729195567055544,1.0,direct,0.0368219654441073,0.018022647456570236,0.06900300795697877
3,bnci004,MMP_moe,TS,svm_radial,none,20,1,1,23927,0.05,no_leakage_v1_alpha005,gate_all_sources_proxy_source_only_final_training_only,mmd,,,,,moe,coral,near_nearest_proxy,main,1.0,2,2train,near,False,0.1908196216225054,1.0,direct,0.09403301333823867,0.06453920421575288,0.1349460219659186
3,bnci004,MMP_moe,TS,svm_radial,none,20,1,1,23927,0.05,no_leakage_v1_alpha005,gate_all_sources_proxy_source_only_final_training_only,mmd,,,,,moe,coral,near_nearest_proxy,anchor,1.0,2,2train,proxy_source,False,0.3721798862588018,1.0,direct,0.09403301333823867,0.06453920421575288,0.1349460219659186
3,bnci004,MMP_moe,TS,svm_radial,none,20,1,1,23927,0.05,no_leakage_v1_alpha005,gate_all_sources_proxy_source_only_final_training_only,mmd,,,,,moe,coral,near_nearest_proxy,final,1.0,2,2train,train,False,0.1908196216225054,1.0,direct,0.09403301333823867,0.06453920421575288,0.1349460219659186
3,bnci004,MMP_moe,TS,svm_radial,none,20,1,1,23927,0.05,no_leakage_v1_alpha005,gate_all_sources_proxy_source_only_final_training_only,mmd,,,,,moe,coral,near_nearest_proxy,main,2.0,3,3test,far,False,,1.0,direct,0.10620209496854073,0.07128874767315961,0.15410149104734877
3,bnci004,MMP_moe,TS,svm_radial,none,20,1,1,23927,0.05,no_leakage_v1_alpha005,gate_all_sources_proxy_source_only_final_training_only,mmd,,,,,moe,coral,near_nearest_proxy,anchor,2.0,3,3test,not_used,False,,1.0,direct,0.10620209496854073,0.07128874767315961,0.15410149104734877
3,bnci004,MMP_moe,TS,svm_radial,none,20,1,1,23927,0.05,no_leakage_v1_alpha005,gate_all_sources_proxy_source_only_final_training_only,mmd,,,,,moe,coral,near_nearest_proxy,final,2.0,3,3test,not_used,False,,1.0,direct,0.10620209496854073,0.07128874767315961,0.15410149104734877
3,bnci004,MMP_moe,TS,svm_radial,none,20,1,1,23927,0.05,no_leakage_v1_alpha005,gate_all_sources_proxy_source_only_final_training_only,mmd,,,,,moe,coral,near_nearest_proxy,main,3.0,4,4test,near,False,0.32188842270693924,1.0,direct,0.055743579733409286,0.03712248688910905,0.08488397648238437
3,bnci004,MMP_moe,TS,svm_radial,none,20,1,1,23927,0.05,no_leakage_v1_alpha005,gate_all_sources_proxy_source_only_final_training_only,mmd,,,,,moe,coral,near_nearest_proxy,anchor,3.0,4,4test,proxy_source,False,0.6278201137411983,1.0,direct,0.055743579733409286,0.03712248688910905,0.08488397648238437
3,bnci004,MMP_moe,TS,svm_radial,none,20,1,1,23927,0.05,no_leakage_v1_alpha005,gate_all_sources_proxy_source_only_final_training_only,mmd,,,,,moe,coral,near_nearest_proxy,final,3.0,4,4test,train,False,0.32188842270693924,1.0,direct,0.055743579733409286,0.03712248688910905,0.08488397648238437
3,bnci004,MMP_moe,TS,svm_radial,none,20,1,1,23927,0.05,no_leakage_v1_alpha005,gate_all_sources_proxy_source_only_final_training_only,mmd,,,,,moe,coral,near_nearest_proxy,main,,1,1train,target,False,,,,,,
3,bnci004,MMP_moe,TS,svm_radial,none,20,1,1,23927,0.05,no_leakage_v1_alpha005,gate_all_sources_proxy_source_only_final_training_only,mmd,,,,,moe,coral,near_nearest_proxy,final,,1,1train,target,False,,,,,,
3,bnci004,MMP_moe,TS,svm_radial,none,20,2,2,23958,0.05,no_leakage_v1_alpha005,gate_all_sources_proxy_source_only_final_training_only,mmd,,,,,moe,coral,near_nearest_proxy,main,0.0,0,0train,near,False,0.23026925685017577,2.0,direct,0.07326915326592,0.05463407545890901,0.09286079645342882
3,bnci004,MMP_moe,TS,svm_radial,none,20,2,2,23958,0.05,no_leakage_v1_alpha005,gate_all_sources_proxy_source_only_final_training_only,mmd,,,,,moe,coral,near_nearest_proxy,anchor,0.0,0,0train,proxy_source,False,0.3277403195690868,2.0,direct,0.07326915326592,0.05463407545890901,0.09286079645342882
3,bnci004,MMP_moe,TS,svm_radial,none,20,2,2,23958,0.05,no_leakage_v1_alpha005,gate_all_sources_proxy_source_only_final_training_only,mmd,,,,,moe,coral,near_nearest_proxy,final,0.0,0,0train,train,False,0.23026925685017577,2.0,direct,0.07326915326592,0.05463407545890901,0.09286079645342882
3,bnci004,MMP_moe,TS,svm_radial,none,20,2,2,23958,0.05,no_leakage_v1_alpha005,gate_all_sources_proxy_source_only_final_training_only,mmd,,,,,moe,coral,near_nearest_proxy,main,1.0,1,1train,near,False,0.17828899072787596,2.0,direct,0.09463111201634739,0.07172610107324517,0.12931862790316936
3,bnci004,MMP_moe,TS,svm_radial,none,20,2,2,23958,0.05,no_leakage_v1_alpha005,gate_all_sources_proxy_source_only_final_training_only,mmd,,,,,moe,coral,near_nearest_proxy,anchor,1.0,1,1train,proxy_source,False,0.2537572387912078,2.0,direct,0.09463111201634739,0.07172610107324517,0.12931862790316936
3,bnci004,MMP_moe,TS,svm_radial,none,20,2,2,23958,0.05,no_leakage_v1_alpha005,gate_all_sources_proxy_source_only_final_training_only,mmd,,,,,moe,coral,near_nearest_proxy,final,1.0,1,1train,train,False,0.17828899072787596,2.0,direct,0.09463111201634739,0.07172610107324517,0.12931862790316936
3,bnci004,MMP_moe,TS,svm_radial,none,20,2,2,23958,0.05,no_leakage_v1_alpha005,gate_all_sources_proxy_source_only_final_training_only,mmd,,,,,moe,coral,near_nearest_proxy,main,2.0,3,3test,nearest,True,0.29740333092695453,2.0,direct,0.056729580956357176,0.036177272491932304,0.08980974007937878
3,bnci004,MMP_moe,TS,svm_radial,none,20,2,2,23958,0.05,no_leakage_v1_alpha005,gate_all_sources_proxy_source_only_final_training_only,mmd,,,,,moe,coral,near_nearest_proxy,anchor,2.0,3,3test,target,False,,2.0,direct,0.056729580956357176,0.036177272491932304,0.08980974007937878
3,bnci004,MMP_moe,TS,svm_radial,none,20,2,2,23958,0.05,no_leakage_v1_alpha005,gate_all_sources_proxy_source_only_final_training_only,mmd,,,,,moe,coral,near_nearest_proxy,final,2.0,3,3test,train,True,0.29740333092695453,2.0,direct,0.056729580956357176,0.036177272491932304,0.08980974007937878
3,bnci004,MMP_moe,TS,svm_radial,none,20,2,2,23958,0.05,no_leakage_v1_alpha005,gate_all_sources_proxy_source_only_final_training_only,mmd,,,,,moe,coral,near_nearest_proxy,main,3.0,4,4test,near,False,0.2940384214949936,2.0,direct,0.057378792940186024,0.03796764521795117,0.08169660144832636
3,bnci004,MMP_moe,TS,svm_radial,none,20,2,2,23958,0.05,no_leakage_v1_alpha005,gate_all_sources_proxy_source_only_final_training_only,mmd,,,,,moe,coral,near_nearest_proxy,anchor,3.0,4,4test,proxy_source,False,0.4185024416397055,2.0,direct,0.057378792940186024,0.03796764521795117,0.08169660144832636
3,bnci004,MMP_moe,TS,svm_radial,none,20,2,2,23958,0.05,no_leakage_v1_alpha005,gate_all_sources_proxy_source_only_final_training_only,mmd,,,,,moe,coral,near_nearest_proxy,final,3.0,4,4test,train,False,0.2940384214949936,2.0,direct,0.057378792940186024,0.03796764521795117,0.08169660144832636
3,bnci004,MMP_moe,TS,svm_radial,none,20,2,2,23958,0.05,no_leakage_v1_alpha005,gate_all_sources_proxy_source_only_final_training_only,mmd,,,,,moe,coral,near_nearest_proxy,main,,2,2train,target,False,,,,,,
3,bnci004,MMP_moe,TS,svm_radial,none,20,2,2,23958,0.05,no_leakage_v1_alpha005,gate_all_sources_proxy_source_only_final_training_only,mmd,,,,,moe,coral,near_nearest_proxy,final,,2,2train,target,False,,,,,,
3,bnci004,MMP_moe,TS,svm_radial,none,20,3,3,23989,0.05,no_leakage_v1_alpha005,gate_all_sources_proxy_source_only_final_training_only,mmd,,,,,moe,coral,near_nearest_proxy,main,0.0,0,0train,near,False,0.22325979255866185,3.0,direct,0.07529554761571693,0.05416247149832188,0.10149590064809304
3,bnci004,MMP_moe,TS,svm_radial,none,20,3,3,23989,0.05,no_leakage_v1_alpha005,gate_all_sources_proxy_source_only_final_training_only,mmd,,,,,moe,coral,near_nearest_proxy,anchor,0.0,0,0train,proxy_source,False,0.33202718015839394,3.0,direct,0.07529554761571693,0.05416247149832188,0.10149590064809304
3,bnci004,MMP_moe,TS,svm_radial,none,20,3,3,23989,0.05,no_leakage_v1_alpha005,gate_all_sources_proxy_source_only_final_training_only,mmd,,,,,moe,coral,near_nearest_proxy,final,0.0,0,0train,train,False,0.22325979255866185,3.0,direct,0.07529554761571693,0.05416247149832188,0.10149590064809304
3,bnci004,MMP_moe,TS,svm_radial,none,20,3,3,23989,0.05,no_leakage_v1_alpha005,gate_all_sources_proxy_source_only_final_training_only,mmd,,,,,moe,coral,near_nearest_proxy,main,1.0,1,1train,near,False,0.2133177103999631,3.0,direct,0.07880488803221691,0.057333576485265436,0.1067137298106668
3,bnci004,MMP_moe,TS,svm_radial,none,20,3,3,23989,0.05,no_leakage_v1_alpha005,gate_all_sources_proxy_source_only_final_training_only,mmd,,,,,moe,coral,near_nearest_proxy,anchor,1.0,1,1train,proxy_source,False,0.31724152858081095,3.0,direct,0.07880488803221691,0.057333576485265436,0.1067137298106668
3,bnci004,MMP_moe,TS,svm_radial,none,20,3,3,23989,0.05,no_leakage_v1_alpha005,gate_all_sources_proxy_source_only_final_training_only,mmd,,,,,moe,coral,near_nearest_proxy,final,1.0,1,1train,train,False,0.2133177103999631,3.0,direct,0.07880488803221691,0.057333576485265436,0.1067137298106668
3,bnci004,MMP_moe,TS,svm_radial,none,20,3,3,23989,0.05,no_leakage_v1_alpha005,gate_all_sources_proxy_source_only_final_training_only,mmd,,,,,moe,coral,near_nearest_proxy,main,2.0,2,2train,nearest,True,0.3275857944757549,3.0,direct,0.05131591265175586,0.034327340278871125,0.0731545625516495
3,bnci004,MMP_moe,TS,svm_radial,none,20,3,3,23989,0.05,no_leakage_v1_alpha005,gate_all_sources_proxy_source_only_final_training_only,mmd,,,,,moe,coral,near_nearest_proxy,anchor,2.0,2,2train,target,False,,3.0,direct,0.05131591265175586,0.034327340278871125,0.0731545625516495
3,bnci004,MMP_moe,TS,svm_radial,none,20,3,3,23989,0.05,no_leakage_v1_alpha005,gate_all_sources_proxy_source_only_final_training_only,mmd,,,,,moe,coral,near_nearest_proxy,final,2.0,2,2train,train,True,0.3275857944757549,3.0,direct,0.05131591265175586,0.034327340278871125,0.0731545625516495
3,bnci004,MMP_moe,TS,svm_radial,none,20,3,3,23989,0.05,no_leakage_v1_alpha005,gate_all_sources_proxy_source_only_final_training_only,mmd,,,,,moe,coral,near_nearest_proxy,main,3.0,4,4test,near,False,0.2358367025656202,3.0,direct,0.07128006617073689,0.04992039309774863,0.09653022229919557
3,bnci004,MMP_moe,TS,svm_radial,none,20,3,3,23989,0.05,no_leakage_v1_alpha005,gate_all_sources_proxy_source_only_final_training_only,mmd,,,,,moe,coral,near_nearest_proxy,anchor,3.0,4,4test,proxy_source,False,0.35073129126079516,3.0,direct,0.07128006617073689,0.04992039309774863,0.09653022229919557
3,bnci004,MMP_moe,TS,svm_radial,none,20,3,3,23989,0.05,no_leakage_v1_alpha005,gate_all_sources_proxy_source_only_final_training_only,mmd,,,,,moe,coral,near_nearest_proxy,final,3.0,4,4test,train,False,0.2358367025656202,3.0,direct,0.07128006617073689,0.04992039309774863,0.09653022229919557
3,bnci004,MMP_moe,TS,svm_radial,none,20,3,3,23989,0.05,no_leakage_v1_alpha005,gate_all_sources_proxy_source_only_final_training_only,mmd,,,,,moe,coral,near_nearest_proxy,main,,3,3test,target,False,,,,,,
3,bnci004,MMP_moe,TS,svm_radial,none,20,3,3,23989,0.05,no_leakage_v1_alpha005,gate_all_sources_proxy_source_only_final_training_only,mmd,,,,,moe,coral,near_nearest_proxy,final,,3,3test,target,False,,,,,,
3,bnci004,MMP_moe,TS,svm_radial,none,20,4,4,24020,0.05,no_leakage_v1_alpha005,gate_all_sources_proxy_source_only_final_training_only,mmd,,,,,moe,coral,near_nearest_proxy,main,0.0,0,0train,nearest,True,0.3330979522649437,4.0,direct,0.048829705010973355,0.03001141415739754,0.07517399077693525
3,bnci004,MMP_moe,TS,svm_radial,none,20,4,4,24020,0.05,no_leakage_v1_alpha005,gate_all_sources_proxy_source_only_final_training_only,mmd,,,,,moe,coral,near_nearest_proxy,anchor,0.0,0,0train,target,False,,4.0,direct,0.048829705010973355,0.03001141415739754,0.07517399077693525
3,bnci004,MMP_moe,TS,svm_radial,none,20,4,4,24020,0.05,no_leakage_v1_alpha005,gate_all_sources_proxy_source_only_final_training_only,mmd,,,,,moe,coral,near_nearest_proxy,final,0.0,0,0train,train,True,0.3330979522649437,4.0,direct,0.048829705010973355,0.03001141415739754,0.07517399077693525
3,bnci004,MMP_moe,TS,svm_radial,none,20,4,4,24020,0.05,no_leakage_v1_alpha005,gate_all_sources_proxy_source_only_final_training_only,mmd,,,,,moe,coral,near_nearest_proxy,main,1.0,1,1train,near,False,0.2913984848655456,4.0,direct,0.055817436579427594,0.03869678833089832,0.08248644068826372
3,bnci004,MMP_moe,TS,svm_radial,none,20,4,4,24020,0.05,no_leakage_v1_alpha005,gate_all_sources_proxy_source_only_final_training_only,mmd,,,,,moe,coral,near_nearest_proxy,anchor,1.0,1,1train,proxy_source,False,0.4369434549724325,4.0,direct,0.055817436579427594,0.03869678833089832,0.08248644068826372
3,bnci004,MMP_moe,TS,svm_radial,none,20,4,4,24020,0.05,no_leakage_v1_alpha005,gate_all_sources_proxy_source_only_final_training_only,mmd,,,,,moe,coral,near_nearest_proxy,final,1.0,1,1train,train,False,0.2913984848655456,4.0,direct,0.055817436579427594,0.03869678833089832,0.08248644068826372
3,bnci004,MMP_moe,TS,svm_radial,none,20,4,4,24020,0.05,no_leakage_v1_alpha005,gate_all_sources_proxy_source_only_final_training_only,mmd,,,,,moe,coral,near_nearest_proxy,main,2.0,2,2train,near,False,0.23449796442821857,4.0,direct,0.0693616824713342,0.046550159199029315,0.10438422836542652
3,bnci004,MMP_moe,TS,svm_radial,none,20,4,4,24020,0.05,no_leakage_v1_alpha005,gate_all_sources_proxy_source_only_final_training_only,mmd,,,,,moe,coral,near_nearest_proxy,anchor,2.0,2,2train,proxy_source,False,0.35162279861731477,4.0,direct,0.0693616824713342,0.046550159199029315,0.10438422836542652
3,bnci004,MMP_moe,TS,svm_radial,none,20,4,4,24020,0.05,no_leakage_v1_alpha005,gate_all_sources_proxy_source_only_final_training_only,mmd,,,,,moe,coral,near_nearest_proxy,final,2.0,2,2train,train,False,0.23449796442821857,4.0,direct,0.0693616824713342,0.046550159199029315,0.10438422836542652
3,bnci004,MMP_moe,TS,svm_radial,none,20,4,4,24020,0.05,no_leakage_v1_alpha005,gate_all_sources_proxy_source_only_final_training_only,mmd,,,,,moe,coral,near_nearest_proxy,main,3.0,3,3test,near,False,0.1410055984412921,4.0,direct,0.11535192234216414,0.07158146399211938,0.16637512755590073
3,bnci004,MMP_moe,TS,svm_radial,none,20,4,4,24020,0.05,no_leakage_v1_alpha005,gate_all_sources_proxy_source_only_final_training_only,mmd,,,,,moe,coral,near_nearest_proxy,anchor,3.0,3,3test,proxy_source,False,0.21143374641025262,4.0,direct,0.11535192234216414,0.07158146399211938,0.16637512755590073
3,bnci004,MMP_moe,TS,svm_radial,none,20,4,4,24020,0.05,no_leakage_v1_alpha005,gate_all_sources_proxy_source_only_final_training_only,mmd,,,,,moe,coral,near_nearest_proxy,final,3.0,3,3test,train,False,0.1410055984412921,4.0,direct,0.11535192234216414,0.07158146399211938,0.16637512755590073
3,bnci004,MMP_moe,TS,svm_radial,none,20,4,4,24020,0.05,no_leakage_v1_alpha005,gate_all_sources_proxy_source_only_final_training_only,mmd,,,,,moe,coral,near_nearest_proxy,main,,4,4test,target,False,,,,,,
3,bnci004,MMP_moe,TS,svm_radial,none,20,4,4,24020,0.05,no_leakage_v1_alpha005,gate_all_sources_proxy_source_only_final_training_only,mmd,,,,,moe,coral,near_nearest_proxy,final,,4,4test,target,False,,,,,,
3,bnci004,MMP_moe,TS,svm_radial,sa,21,0,0,24893,0.05,no_leakage_v1_alpha005,gate_all_sources_proxy_source_only_final_training_only,mmd,,,,,moe,coral,near_nearest_proxy,main,0.0,1,1train,nearest,True,0.37114520980166016,0.0,direct,0.03631792304988204,0.019550636824064445,0.0696495450704086
3,bnci004,MMP_moe,TS,svm_radial,sa,21,0,0,24893,0.05,no_leakage_v1_alpha005,gate_all_sources_proxy_source_only_final_training_only,mmd,,,,,moe,coral,near_nearest_proxy,anchor,0.0,1,1train,target,False,,0.0,direct,0.03631792304988204,0.019550636824064445,0.0696495450704086
3,bnci004,MMP_moe,TS,svm_radial,sa,21,0,0,24893,0.05,no_leakage_v1_alpha005,gate_all_sources_proxy_source_only_final_training_only,mmd,,,,,moe,coral,near_nearest_proxy,final,0.0,1,1train,train,True,0.37114520980166016,0.0,direct,0.03631792304988204,0.019550636824064445,0.0696495450704086
3,bnci004,MMP_moe,TS,svm_radial,sa,21,0,0,24893,0.05,no_leakage_v1_alpha005,gate_all_sources_proxy_source_only_final_training_only,mmd,,,,,moe,coral,near_nearest_proxy,main,1.0,2,2train,near,False,0.21293353401063791,0.0,direct,0.06330323424262238,0.04378637327961079,0.08987953274366664
3,bnci004,MMP_moe,TS,svm_radial,sa,21,0,0,24893,0.05,no_leakage_v1_alpha005,gate_all_sources_proxy_source_only_final_training_only,mmd,,,,,moe,coral,near_nearest_proxy,anchor,1.0,2,2train,proxy_source,False,0.33860525089342003,0.0,direct,0.06330323424262238,0.04378637327961079,0.08987953274366664
3,bnci004,MMP_moe,TS,svm_radial,sa,21,0,0,24893,0.05,no_leakage_v1_alpha005,gate_all_sources_proxy_source_only_final_training_only,mmd,,,,,moe,coral,near_nearest_proxy,final,1.0,2,2train,train,False,0.21293353401063791,0.0,direct,0.06330323424262238,0.04378637327961079,0.08987953274366664
3,bnci004,MMP_moe,TS,svm_radial,sa,21,0,0,24893,0.05,no_leakage_v1_alpha005,gate_all_sources_proxy_source_only_final_training_only,mmd,,,,,moe,coral,near_nearest_proxy,main,2.0,3,3test,near,False,0.1442730491593806,0.0,direct,0.09343013210442869,0.05783257497181227,0.1417475624395609
3,bnci004,MMP_moe,TS,svm_radial,sa,21,0,0,24893,0.05,no_leakage_v1_alpha005,gate_all_sources_proxy_source_only_final_training_only,mmd,,,,,moe,coral,near_nearest_proxy,anchor,2.0,3,3test,proxy_source,False,0.22942188150284595,0.0,direct,0.09343013210442869,0.05783257497181227,0.1417475624395609
3,bnci004,MMP_moe,TS,svm_radial,sa,21,0,0,24893,0.05,no_leakage_v1_alpha005,gate_all_sources_proxy_source_only_final_training_only,mmd,,,,,moe,coral,near_nearest_proxy,final,2.0,3,3test,train,False,0.1442730491593806,0.0,direct,0.09343013210442869,0.05783257497181227,0.1417475624395609
3,bnci004,MMP_moe,TS,svm_radial,sa,21,0,0,24893,0.05,no_leakage_v1_alpha005,gate_all_sources_proxy_source_only_final_training_only,mmd,,,,,moe,coral,near_nearest_proxy,main,3.0,4,4test,near,False,0.2716482070283214,0.0,direct,0.04962051034449299,0.02689571182465989,0.0856948344828866
3,bnci004,MMP_moe,TS,svm_radial,sa,21,0,0,24893,0.05,no_leakage_v1_alpha005,gate_all_sources_proxy_source_only_final_training_only,mmd,,,,,moe,coral,near_nearest_proxy,anchor,3.0,4,4test,proxy_source,False,0.43197286760373393,0.0,direct,0.04962051034449299,0.02689571182465989,0.0856948344828866
3,bnci004,MMP_moe,TS,svm_radial,sa,21,0,0,24893,0.05,no_leakage_v1_alpha005,gate_all_sources_proxy_source_only_final_training_only,mmd,,,,,moe,coral,near_nearest_proxy,final,3.0,4,4test,train,False,0.2716482070283214,0.0,direct,0.04962051034449299,0.02689571182465989,0.0856948344828866
3,bnci004,MMP_moe,TS,svm_radial,sa,21,0,0,24893,0.05,no_leakage_v1_alpha005,gate_all_sources_proxy_source_only_final_training_only,mmd,,,,,moe,coral,near_nearest_proxy,main,,0,0train,target,False,,,,,,
3,bnci004,MMP_moe,TS,svm_radial,sa,21,0,0,24893,0.05,no_leakage_v1_alpha005,gate_all_sources_proxy_source_only_final_training_only,mmd,,,,,moe,coral,near_nearest_proxy,final,,0,0train,target,False,,,,,,
3,bnci004,MMP_moe,TS,svm_radial,sa,21,1,1,24924,0.05,no_leakage_v1_alpha005,gate_all_sources_proxy_source_only_final_training_only,mmd,,,,,moe,coral,near_nearest_proxy,main,0.0,0,0train,nearest,True,0.49726515583631814,1.0,direct,0.03656953124527083,0.017293770384037822,0.06356989039183268
3,bnci004,MMP_moe,TS,svm_radial,sa,21,1,1,24924,0.05,no_leakage_v1_alpha005,gate_all_sources_proxy_source_only_final_training_only,mmd,,,,,moe,coral,near_nearest_proxy,anchor,0.0,0,0train,target,False,,1.0,direct,0.03656953124527083,0.017293770384037822,0.06356989039183268
3,bnci004,MMP_moe,TS,svm_radial,sa,21,1,1,24924,0.05,no_leakage_v1_alpha005,gate_all_sources_proxy_source_only_final_training_only,mmd,,,,,moe,coral,near_nearest_proxy,final,0.0,0,0train,train,True,0.49726515583631814,1.0,direct,0.03656953124527083,0.017293770384037822,0.06356989039183268
3,bnci004,MMP_moe,TS,svm_radial,sa,21,1,1,24924,0.05,no_leakage_v1_alpha005,gate_all_sources_proxy_source_only_final_training_only,mmd,,,,,moe,coral,near_nearest_proxy,main,1.0,2,2train,near,False,0.18779200356870845,1.0,direct,0.09683619526450978,0.06320026752981045,0.13528197914519252
3,bnci004,MMP_moe,TS,svm_radial,sa,21,1,1,24924,0.05,no_leakage_v1_alpha005,gate_all_sources_proxy_source_only_final_training_only,mmd,,,,,moe,coral,near_nearest_proxy,anchor,1.0,2,2train,proxy_source,False,0.3735408550825783,1.0,direct,0.09683619526450978,0.06320026752981045,0.13528197914519252
3,bnci004,MMP_moe,TS,svm_radial,sa,21,1,1,24924,0.05,no_leakage_v1_alpha005,gate_all_sources_proxy_source_only_final_training_only,mmd,,,,,moe,coral,near_nearest_proxy,final,1.0,2,2train,train,False,0.18779200356870845,1.0,direct,0.09683619526450978,0.06320026752981045,0.13528197914519252
3,bnci004,MMP_moe,TS,svm_radial,sa,21,1,1,24924,0.05,no_leakage_v1_alpha005,gate_all_sources_proxy_source_only_final_training_only,mmd,,,,,moe,coral,near_nearest_proxy,main,2.0,3,3test,far,False,,1.0,direct,0.10865543410855541,0.07513221959042875,0.1454994050365634
3,bnci004,MMP_moe,TS,svm_radial,sa,21,1,1,24924,0.05,no_leakage_v1_alpha005,gate_all_sources_proxy_source_only_final_training_only,mmd,,,,,moe,coral,near_nearest_proxy,anchor,2.0,3,3test,not_used,False,,1.0,direct,0.10865543410855541,0.07513221959042875,0.1454994050365634
3,bnci004,MMP_moe,TS,svm_radial,sa,21,1,1,24924,0.05,no_leakage_v1_alpha005,gate_all_sources_proxy_source_only_final_training_only,mmd,,,,,moe,coral,near_nearest_proxy,final,2.0,3,3test,not_used,False,,1.0,direct,0.10865543410855541,0.07513221959042875,0.1454994050365634
3,bnci004,MMP_moe,TS,svm_radial,sa,21,1,1,24924,0.05,no_leakage_v1_alpha005,gate_all_sources_proxy_source_only_final_training_only,mmd,,,,,moe,coral,near_nearest_proxy,main,3.0,4,4test,near,False,0.3149428405949734,1.0,direct,0.05774043296714389,0.03463903713018332,0.09405650980393507
3,bnci004,MMP_moe,TS,svm_radial,sa,21,1,1,24924,0.05,no_leakage_v1_alpha005,gate_all_sources_proxy_source_only_final_training_only,mmd,,,,,moe,coral,near_nearest_proxy,anchor,3.0,4,4test,proxy_source,False,0.6264591449174217,1.0,direct,0.05774043296714389,0.03463903713018332,0.09405650980393507
3,bnci004,MMP_moe,TS,svm_radial,sa,21,1,1,24924,0.05,no_leakage_v1_alpha005,gate_all_sources_proxy_source_only_final_training_only,mmd,,,,,moe,coral,near_nearest_proxy,final,3.0,4,4test,train,False,0.3149428405949734,1.0,direct,0.05774043296714389,0.03463903713018332,0.09405650980393507
3,bnci004,MMP_moe,TS,svm_radial,sa,21,1,1,24924,0.05,no_leakage_v1_alpha005,gate_all_sources_proxy_source_only_final_training_only,mmd,,,,,moe,coral,near_nearest_proxy,main,,1,1train,target,False,,,,,,
3,bnci004,MMP_moe,TS,svm_radial,sa,21,1,1,24924,0.05,no_leakage_v1_alpha005,gate_all_sources_proxy_source_only_final_training_only,mmd,,,,,moe,coral,near_nearest_proxy,final,,1,1train,target,False,,,,,,
3,bnci004,MMP_moe,TS,svm_radial,sa,21,2,2,24955,0.05,no_leakage_v1_alpha005,gate_all_sources_proxy_source_only_final_training_only,mmd,,,,,moe,coral,near_nearest_proxy,main,0.0,0,0train,near,False,0.23391598196750765,2.0,direct,0.07178836398558867,0.05511486365593294,0.09450762091405257
3,bnci004,MMP_moe,TS,svm_radial,sa,21,2,2,24955,0.05,no_leakage_v1_alpha005,gate_all_sources_proxy_source_only_final_training_only,mmd,,,,,moe,coral,near_nearest_proxy,anchor,0.0,0,0train,proxy_source,False,0.3325662049345985,2.0,direct,0.07178836398558867,0.05511486365593294,0.09450762091405257
3,bnci004,MMP_moe,TS,svm_radial,sa,21,2,2,24955,0.05,no_leakage_v1_alpha005,gate_all_sources_proxy_source_only_final_training_only,mmd,,,,,moe,coral,near_nearest_proxy,final,0.0,0,0train,train,False,0.23391598196750765,2.0,direct,0.07178836398558867,0.05511486365593294,0.09450762091405257
3,bnci004,MMP_moe,TS,svm_radial,sa,21,2,2,24955,0.05,no_leakage_v1_alpha005,gate_all_sources_proxy_source_only_final_training_only,mmd,,,,,moe,coral,near_nearest_proxy,main,1.0,1,1train,near,False,0.17640075745519604,2.0,direct,0.09519518744141148,0.06622847907201819,0.1196156162956433
3,bnci004,MMP_moe,TS,svm_radial,sa,21,2,2,24955,0.05,no_leakage_v1_alpha005,gate_all_sources_proxy_source_only_final_training_only,mmd,,,,,moe,coral,near_nearest_proxy,anchor,1.0,1,1train,proxy_source,False,0.25079487925973365,2.0,direct,0.09519518744141148,0.06622847907201819,0.1196156162956433
3,bnci004,MMP_moe,TS,svm_radial,sa,21,2,2,24955,0.05,no_leakage_v1_alpha005,gate_all_sources_proxy_source_only_final_training_only,mmd,,,,,moe,coral,near_nearest_proxy,final,1.0,1,1train,train,False,0.17640075745519604,2.0,direct,0.09519518744141148,0.06622847907201819,0.1196156162956433
3,bnci004,MMP_moe,TS,svm_radial,sa,21,2,2,24955,0.05,no_leakage_v1_alpha005,gate_all_sources_proxy_source_only_final_training_only,mmd,,,,,moe,coral,near_nearest_proxy,main,2.0,3,3test,near,False,0.29304992410676983,2.0,direct,0.0573021357121033,0.0378476679726556,0.08835601084767822
3,bnci004,MMP_moe,TS,svm_radial,sa,21,2,2,24955,0.05,no_leakage_v1_alpha005,gate_all_sources_proxy_source_only_final_training_only,mmd,,,,,moe,coral,near_nearest_proxy,anchor,2.0,3,3test,proxy_source,False,0.41663891580566786,2.0,direct,0.0573021357121033,0.0378476679726556,0.08835601084767822
3,bnci004,MMP_moe,TS,svm_radial,sa,21,2,2,24955,0.05,no_leakage_v1_alpha005,gate_all_sources_proxy_source_only_final_training_only,mmd,,,,,moe,coral,near_nearest_proxy,final,2.0,3,3test,train,False,0.29304992410676983,2.0,direct,0.0573021357121033,0.0378476679726556,0.08835601084767822
3,bnci004,MMP_moe,TS,svm_radial,sa,21,2,2,24955,0.05,no_leakage_v1_alpha005,gate_all_sources_proxy_source_only_final_training_only,mmd,,,,,moe,coral,near_nearest_proxy,main,3.0,4,4test,nearest,True,0.2966333364705264,2.0,direct,0.05660989805791376,0.03708982761240339,0.07900690999675465
3,bnci004,MMP_moe,TS,svm_radial,sa,21,2,2,24955,0.05,no_leakage_v1_alpha005,gate_all_sources_proxy_source_only_final_training_only,mmd,,,,,moe,coral,near_nearest_proxy,anchor,3.0,4,4test,target,False,,2.0,direct,0.05660989805791376,0.03708982761240339,0.07900690999675465
3,bnci004,MMP_moe,TS,svm_radial,sa,21,2,2,24955,0.05,no_leakage_v1_alpha005,gate_all_sources_proxy_source_only_final_training_only,mmd,,,,,moe,coral,near_nearest_proxy,final,3.0,4,4test,train,True,0.2966333364705264,2.0,direct,0.05660989805791376,0.03708982761240339,0.07900690999675465
3,bnci004,MMP_moe,TS,svm_radial,sa,21,2,2,24955,0.05,no_leakage_v1_alpha005,gate_all_sources_proxy_source_only_final_training_only,mmd,,,,,moe,coral,near_nearest_proxy,main,,2,2train,target,False,,,,,,
3,bnci004,MMP_moe,TS,svm_radial,sa,21,2,2,24955,0.05,no_leakage_v1_alpha005,gate_all_sources_proxy_source_only_final_training_only,mmd,,,,,moe,coral,near_nearest_proxy,final,,2,2train,target,False,,,,,,
3,bnci004,MMP_moe,TS,svm_radial,sa,21,3,3,24986,0.05,no_leakage_v1_alpha005,gate_all_sources_proxy_source_only_final_training_only,mmd,,,,,moe,coral,near_nearest_proxy,main,0.0,0,0train,near,False,0.2284979706526678,3.0,direct,0.07471749481720662,0.05335553106033756,0.10334521400541684
3,bnci004,MMP_moe,TS,svm_radial,sa,21,3,3,24986,0.05,no_leakage_v1_alpha005,gate_all_sources_proxy_source_only_final_training_only,mmd,,,,,moe,coral,near_nearest_proxy,anchor,0.0,0,0train,proxy_source,False,0.3380515775144255,3.0,direct,0.07471749481720662,0.05335553106033756,0.10334521400541684
3,bnci004,MMP_moe,TS,svm_radial,sa,21,3,3,24986,0.05,no_leakage_v1_alpha005,gate_all_sources_proxy_source_only_final_training_only,mmd,,,,,moe,coral,near_nearest_proxy,final,0.0,0,0train,train,False,0.2284979706526678,3.0,direct,0.07471749481720662,0.05335553106033756,0.10334521400541684
3,bnci004,MMP_moe,TS,svm_radial,sa,21,3,3,24986,0.05,no_leakage_v1_alpha005,gate_all_sources_proxy_source_only_final_training_only,mmd,,,,,moe,coral,near_nearest_proxy,main,1.0,1,1train,near,False,0.22037702505585774,3.0,direct,0.07747088905751943,0.05676857362975783,0.10256704826124192
3,bnci004,MMP_moe,TS,svm_radial,sa,21,3,3,24986,0.05,no_leakage_v1_alpha005,gate_all_sources_proxy_source_only_final_training_only,mmd,,,,,moe,coral,near_nearest_proxy,anchor,1.0,1,1train,proxy_source,False,0.32603703549434115,3.0,direct,0.07747088905751943,0.05676857362975783,0.10256704826124192
3,bnci004,MMP_moe,TS,svm_radial,sa,21,3,3,24986,0.05,no_leakage_v1_alpha005,gate_all_sources_proxy_source_only_final_training_only,mmd,,,,,moe,coral,near_nearest_proxy,final,1.0,1,1train,train,False,0.22037702505585774,3.0,direct,0.07747088905751943,0.05676857362975783,0.10256704826124192
3,bnci004,MMP_moe,TS,svm_radial,sa,21,3,3,24986,0.05,no_leakage_v1_alpha005,gate_all_sources_proxy_source_only_final_training_only,mmd,,,,,moe,coral,near_nearest_proxy,main,2.0,2,2train,nearest,True,0.3240736448185419,3.0,direct,0.05268154518355933,0.034603466835312666,0.07815102217349211
3,bnci004,MMP_moe,TS,svm_radial,sa,21,3,3,24986,0.05,no_leakage_v1_alpha005,gate_all_sources_proxy_source_only_final_training_only,mmd,,,,,moe,coral,near_nearest_proxy,anchor,2.0,2,2train,target,False,,3.0,direct,0.05268154518355933,0.034603466835312666,0.07815102217349211
3,bnci004,MMP_moe,TS,svm_radial,sa,21,3,3,24986,0.05,no_leakage_v1_alpha005,gate_all_sources_proxy_source_only_final_training_only,mmd,,,,,moe,coral,near_nearest_proxy,final,2.0,2,2train,train,True,0.3240736448185419,3.0,direct,0.05268154518355933,0.034603466835312666,0.07815102217349211
3,bnci004,MMP_moe,TS,svm_radial,sa,21,3,3,24986,0.05,no_leakage_v1_alpha005,gate_all_sources_proxy_source_only_final_training_only,mmd,,,,,moe,coral,near_nearest_proxy,main,3.0,4,4test,near,False,0.22705135947293256,3.0,direct,0.07519354838581979,0.052362809302783433,0.10124673396304955
3,bnci004,MMP_moe,TS,svm_radial,sa,21,3,3,24986,0.05,no_leakage_v1_alpha005,gate_all_sources_proxy_source_only_final_training_only,mmd,,,,,moe,coral,near_nearest_proxy,anchor,3.0,4,4test,proxy_source,False,0.33591138699123324,3.0,direct,0.07519354838581979,0.052362809302783433,0.10124673396304955
3,bnci004,MMP_moe,TS,svm_radial,sa,21,3,3,24986,0.05,no_leakage_v1_alpha005,gate_all_sources_proxy_source_only_final_training_only,mmd,,,,,moe,coral,near_nearest_proxy,final,3.0,4,4test,train,False,0.22705135947293256,3.0,direct,0.07519354838581979,0.052362809302783433,0.10124673396304955
3,bnci004,MMP_moe,TS,svm_radial,sa,21,3,3,24986,0.05,no_leakage_v1_alpha005,gate_all_sources_proxy_source_only_final_training_only,mmd,,,,,moe,coral,near_nearest_proxy,main,,3,3test,target,False,,,,,,
3,bnci004,MMP_moe,TS,svm_radial,sa,21,3,3,24986,0.05,no_leakage_v1_alpha005,gate_all_sources_proxy_source_only_final_training_only,mmd,,,,,moe,coral,near_nearest_proxy,final,,3,3test,target,False,,,,,,
3,bnci004,MMP_moe,TS,svm_radial,sa,21,4,4,25017,0.05,no_leakage_v1_alpha005,gate_all_sources_proxy_source_only_final_training_only,mmd,,,,,moe,coral,near_nearest_proxy,main,0.0,0,0train,nearest,True,0.3990505734510856,4.0,direct,0.046453013185680306,0.029277434346020696,0.07186915565445323
3,bnci004,MMP_moe,TS,svm_radial,sa,21,4,4,25017,0.05,no_leakage_v1_alpha005,gate_all_sources_proxy_source_only_final_training_only,mmd,,,,,moe,coral,near_nearest_proxy,anchor,0.0,0,0train,target,False,,4.0,direct,0.046453013185680306,0.029277434346020696,0.07186915565445323
3,bnci004,MMP_moe,TS,svm_radial,sa,21,4,4,25017,0.05,no_leakage_v1_alpha005,gate_all_sources_proxy_source_only_final_training_only,mmd,,,,,moe,coral,near_nearest_proxy,final,0.0,0,0train,train,True,0.3990505734510856,4.0,direct,0.046453013185680306,0.029277434346020696,0.07186915565445323
3,bnci004,MMP_moe,TS,svm_radial,sa,21,4,4,25017,0.05,no_leakage_v1_alpha005,gate_all_sources_proxy_source_only_final_training_only,mmd,,,,,moe,coral,near_nearest_proxy,main,1.0,1,1train,near,False,0.32699166680837066,4.0,direct,0.05669004898539718,0.03732651119802457,0.0829113140979963
3,bnci004,MMP_moe,TS,svm_radial,sa,21,4,4,25017,0.05,no_leakage_v1_alpha005,gate_all_sources_proxy_source_only_final_training_only,mmd,,,,,moe,coral,near_nearest_proxy,anchor,1.0,1,1train,proxy_source,False,0.5441250999875197,4.0,direct,0.05669004898539718,0.03732651119802457,0.0829113140979963
3,bnci004,MMP_moe,TS,svm_radial,sa,21,4,4,25017,0.05,no_leakage_v1_alpha005,gate_all_sources_proxy_source_only_final_training_only,mmd,,,,,moe,coral,near_nearest_proxy,final,1.0,1,1train,train,False,0.32699166680837066,4.0,direct,0.05669004898539718,0.03732651119802457,0.0829113140979963
3,bnci004,MMP_moe,TS,svm_radial,sa,21,4,4,25017,0.05,no_leakage_v1_alpha005,gate_all_sources_proxy_source_only_final_training_only,mmd,,,,,moe,coral,near_nearest_proxy,main,2.0,2,2train,near,False,0.2739577597405437,4.0,direct,0.06766454310564617,0.039206347316574394,0.10477375894453367
3,bnci004,MMP_moe,TS,svm_radial,sa,21,4,4,25017,0.05,no_leakage_v1_alpha005,gate_all_sources_proxy_source_only_final_training_only,mmd,,,,,moe,coral,near_nearest_proxy,anchor,2.0,2,2train,proxy_source,False,0.45587490001248027,4.0,direct,0.06766454310564617,0.039206347316574394,0.10477375894453367
3,bnci004,MMP_moe,TS,svm_radial,sa,21,4,4,25017,0.05,no_leakage_v1_alpha005,gate_all_sources_proxy_source_only_final_training_only,mmd,,,,,moe,coral,near_nearest_proxy,final,2.0,2,2train,train,False,0.2739577597405437,4.0,direct,0.06766454310564617,0.039206347316574394,0.10477375894453367
3,bnci004,MMP_moe,TS,svm_radial,sa,21,4,4,25017,0.05,no_leakage_v1_alpha005,gate_all_sources_proxy_source_only_final_training_only,mmd,,,,,moe,coral,near_nearest_proxy,main,3.0,3,3test,far,False,,4.0,direct,0.1201696273893757,0.07958100880699205,0.1712428935089385
3,bnci004,MMP_moe,TS,svm_radial,sa,21,4,4,25017,0.05,no_leakage_v1_alpha005,gate_all_sources_proxy_source_only_final_training_only,mmd,,,,,moe,coral,near_nearest_proxy,anchor,3.0,3,3test,not_used,False,,4.0,direct,0.1201696273893757,0.07958100880699205,0.1712428935089385
3,bnci004,MMP_moe,TS,svm_radial,sa,21,4,4,25017,0.05,no_leakage_v1_alpha005,gate_all_sources_proxy_source_only_final_training_only,mmd,,,,,moe,coral,near_nearest_proxy,final,3.0,3,3test,not_used,False,,4.0,direct,0.1201696273893757,0.07958100880699205,0.1712428935089385
3,bnci004,MMP_moe,TS,svm_radial,sa,21,4,4,25017,0.05,no_leakage_v1_alpha005,gate_all_sources_proxy_source_only_final_training_only,mmd,,,,,moe,coral,near_nearest_proxy,main,,4,4test,target,False,,,,,,
3,bnci004,MMP_moe,TS,svm_radial,sa,21,4,4,25017,0.05,no_leakage_v1_alpha005,gate_all_sources_proxy_source_only_final_training_only,mmd,,,,,moe,coral,near_nearest_proxy,final,,4,4test,target,False,,,,,,
3,bnci004,MMP_moe,TS,svm_radial,pt,22,0,0,25890,0.05,no_leakage_v1_alpha005,gate_all_sources_proxy_source_only_final_training_only,mmd,,,,,moe,coral,near_nearest_proxy,main,0.0,1,1train,nearest,True,0.3753340472448675,0.0,direct,0.035743416617076786,0.018325499182902275,0.0661726713387889
3,bnci004,MMP_moe,TS,svm_radial,pt,22,0,0,25890,0.05,no_leakage_v1_alpha005,gate_all_sources_proxy_source_only_final_training_only,mmd,,,,,moe,coral,near_nearest_proxy,anchor,0.0,1,1train,target,False,,0.0,direct,0.035743416617076786,0.018325499182902275,0.0661726713387889
3,bnci004,MMP_moe,TS,svm_radial,pt,22,0,0,25890,0.05,no_leakage_v1_alpha005,gate_all_sources_proxy_source_only_final_training_only,mmd,,,,,moe,coral,near_nearest_proxy,final,0.0,1,1train,train,True,0.3753340472448675,0.0,direct,0.035743416617076786,0.018325499182902275,0.0661726713387889
3,bnci004,MMP_moe,TS,svm_radial,pt,22,0,0,25890,0.05,no_leakage_v1_alpha005,gate_all_sources_proxy_source_only_final_training_only,mmd,,,,,moe,coral,near_nearest_proxy,main,1.0,2,2train,near,False,0.21014660364371326,0.0,direct,0.06384060544435942,0.04309442561370294,0.09078924325191784
3,bnci004,MMP_moe,TS,svm_radial,pt,22,0,0,25890,0.05,no_leakage_v1_alpha005,gate_all_sources_proxy_source_only_final_training_only,mmd,,,,,moe,coral,near_nearest_proxy,anchor,1.0,2,2train,proxy_source,False,0.3364143711000208,0.0,direct,0.06384060544435942,0.04309442561370294,0.09078924325191784
3,bnci004,MMP_moe,TS,svm_radial,pt,22,0,0,25890,0.05,no_leakage_v1_alpha005,gate_all_sources_proxy_source_only_final_training_only,mmd,,,,,moe,coral,near_nearest_proxy,final,1.0,2,2train,train,False,0.21014660364371326,0.0,direct,0.06384060544435942,0.04309442561370294,0.09078924325191784
3,bnci004,MMP_moe,TS,svm_radial,pt,22,0,0,25890,0.05,no_leakage_v1_alpha005,gate_all_sources_proxy_source_only_final_training_only,mmd,,,,,moe,coral,near_nearest_proxy,main,2.0,3,3test,near,False,0.14199496004265072,0.0,direct,0.09448190665573174,0.06228923072214488,0.13110837358732777
3,bnci004,MMP_moe,TS,svm_radial,pt,22,0,0,25890,0.05,no_leakage_v1_alpha005,gate_all_sources_proxy_source_only_final_training_only,mmd,,,,,moe,coral,near_nearest_proxy,anchor,2.0,3,3test,proxy_source,False,0.22731342954802014,0.0,direct,0.09448190665573174,0.06228923072214488,0.13110837358732777
3,bnci004,MMP_moe,TS,svm_radial,pt,22,0,0,25890,0.05,no_leakage_v1_alpha005,gate_all_sources_proxy_source_only_final_training_only,mmd,,,,,moe,coral,near_nearest_proxy,final,2.0,3,3test,train,False,0.14199496004265072,0.0,direct,0.09448190665573174,0.06228923072214488,0.13110837358732777
3,bnci004,MMP_moe,TS,svm_radial,pt,22,0,0,25890,0.05,no_leakage_v1_alpha005,gate_all_sources_proxy_source_only_final_training_only,mmd,,,,,moe,coral,near_nearest_proxy,main,3.0,4,4test,near,False,0.27252438906876864,0.0,direct,0.04922797580336825,0.027634569632982203,0.07619043194338168
3,bnci004,MMP_moe,TS,svm_radial,pt,22,0,0,25890,0.05,no_leakage_v1_alpha005,gate_all_sources_proxy_source_only_final_training_only,mmd,,,,,moe,coral,near_nearest_proxy,anchor,3.0,4,4test,proxy_source,False,0.436272199351959,0.0,direct,0.04922797580336825,0.027634569632982203,0.07619043194338168
3,bnci004,MMP_moe,TS,svm_radial,pt,22,0,0,25890,0.05,no_leakage_v1_alpha005,gate_all_sources_proxy_source_only_final_training_only,mmd,,,,,moe,coral,near_nearest_proxy,final,3.0,4,4test,train,False,0.27252438906876864,0.0,direct,0.04922797580336825,0.027634569632982203,0.07619043194338168
3,bnci004,MMP_moe,TS,svm_radial,pt,22,0,0,25890,0.05,no_leakage_v1_alpha005,gate_all_sources_proxy_source_only_final_training_only,mmd,,,,,moe,coral,near_nearest_proxy,main,,0,0train,target,False,,,,,,
3,bnci004,MMP_moe,TS,svm_radial,pt,22,0,0,25890,0.05,no_leakage_v1_alpha005,gate_all_sources_proxy_source_only_final_training_only,mmd,,,,,moe,coral,near_nearest_proxy,final,,0,0train,target,False,,,,,,
3,bnci004,MMP_moe,TS,svm_radial,pt,22,1,1,25921,0.05,no_leakage_v1_alpha005,gate_all_sources_proxy_source_only_final_training_only,mmd,,,,,moe,coral,near_nearest_proxy,main,0.0,0,0train,nearest,True,0.4816412232510606,1.0,direct,0.03798053368508135,0.01977059847849746,0.06521498175336832
3,bnci004,MMP_moe,TS,svm_radial,pt,22,1,1,25921,0.05,no_leakage_v1_alpha005,gate_all_sources_proxy_source_only_final_training_only,mmd,,,,,moe,coral,near_nearest_proxy,anchor,0.0,0,0train,target,False,,1.0,direct,0.03798053368508135,0.01977059847849746,0.06521498175336832
3,bnci004,MMP_moe,TS,svm_radial,pt,22,1,1,25921,0.05,no_leakage_v1_alpha005,gate_all_sources_proxy_source_only_final_training_only,mmd,,,,,moe,coral,near_nearest_proxy,final,0.0,0,0train,train,True,0.4816412232510606,1.0,direct,0.03798053368508135,0.01977059847849746,0.06521498175336832
3,bnci004,MMP_moe,TS,svm_radial,pt,22,1,1,25921,0.05,no_leakage_v1_alpha005,gate_all_sources_proxy_source_only_final_training_only,mmd,,,,,moe,coral,near_nearest_proxy,main,1.0,2,2train,near,False,0.19244013104762248,1.0,direct,0.0950595897296283,0.061787716307112994,0.1332102579827843
3,bnci004,MMP_moe,TS,svm_radial,pt,22,1,1,25921,0.05,no_leakage_v1_alpha005,gate_all_sources_proxy_source_only_final_training_only,mmd,,,,,moe,coral,near_nearest_proxy,anchor,1.0,2,2train,proxy_source,False,0.37124891036778657,1.0,direct,0.0950595897296283,0.061787716307112994,0.1332102579827843
3,bnci004,MMP_moe,TS,svm_radial,pt,22,1,1,25921,0.05,no_leakage_v1_alpha005,gate_all_sources_proxy_source_only_final_training_only,mmd,,,,,moe,coral,near_nearest_proxy,final,1.0,2,2train,train,False,0.19244013104762248,1.0,direct,0.0950595897296283,0.061787716307112994,0.1332102579827843
3,bnci004,MMP_moe,TS,svm_radial,pt,22,1,1,25921,0.05,no_leakage_v1_alpha005,gate_all_sources_proxy_source_only_final_training_only,mmd,,,,,moe,coral,near_nearest_proxy,main,2.0,3,3test,far,False,,1.0,direct,0.10815164125794458,0.06888709052642664,0.1542784503144396
3,bnci004,MMP_moe,TS,svm_radial,pt,22,1,1,25921,0.05,no_leakage_v1_alpha005,gate_all_sources_proxy_source_only_final_training_only,mmd,,,,,moe,coral,near_nearest_proxy,anchor,2.0,3,3test,not_used,False,,1.0,direct,0.10815164125794458,0.06888709052642664,0.1542784503144396
3,bnci004,MMP_moe,TS,svm_radial,pt,22,1,1,25921,0.05,no_leakage_v1_alpha005,gate_all_sources_proxy_source_only_final_training_only,mmd,,,,,moe,coral,near_nearest_proxy,final,2.0,3,3test,not_used,False,,1.0,direct,0.10815164125794458,0.06888709052642664,0.1542784503144396
3,bnci004,MMP_moe,TS,svm_radial,pt,22,1,1,25921,0.05,no_leakage_v1_alpha005,gate_all_sources_proxy_source_only_final_training_only,mmd,,,,,moe,coral,near_nearest_proxy,main,3.0,4,4test,near,False,0.3259186457013169,1.0,direct,0.05612795299583049,0.03470992061939513,0.08364542694460178
3,bnci004,MMP_moe,TS,svm_radial,pt,22,1,1,25921,0.05,no_leakage_v1_alpha005,gate_all_sources_proxy_source_only_final_training_only,mmd,,,,,moe,coral,near_nearest_proxy,anchor,3.0,4,4test,proxy_source,False,0.6287510896322135,1.0,direct,0.05612795299583049,0.03470992061939513,0.08364542694460178
3,bnci004,MMP_moe,TS,svm_radial,pt,22,1,1,25921,0.05,no_leakage_v1_alpha005,gate_all_sources_proxy_source_only_final_training_only,mmd,,,,,moe,coral,near_nearest_proxy,final,3.0,4,4test,train,False,0.3259186457013169,1.0,direct,0.05612795299583049,0.03470992061939513,0.08364542694460178
3,bnci004,MMP_moe,TS,svm_radial,pt,22,1,1,25921,0.05,no_leakage_v1_alpha005,gate_all_sources_proxy_source_only_final_training_only,mmd,,,,,moe,coral,near_nearest_proxy,main,,1,1train,target,False,,,,,,
3,bnci004,MMP_moe,TS,svm_radial,pt,22,1,1,25921,0.05,no_leakage_v1_alpha005,gate_all_sources_proxy_source_only_final_training_only,mmd,,,,,moe,coral,near_nearest_proxy,final,,1,1train,target,False,,,,,,
3,bnci004,MMP_moe,TS,svm_radial,pt,22,2,2,25952,0.05,no_leakage_v1_alpha005,gate_all_sources_proxy_source_only_final_training_only,mmd,,,,,moe,coral,near_nearest_proxy,main,0.0,0,0train,near,False,0.23069211509675078,2.0,direct,0.07260466785948046,0.05512973140351884,0.09434390549693275
3,bnci004,MMP_moe,TS,svm_radial,pt,22,2,2,25952,0.05,no_leakage_v1_alpha005,gate_all_sources_proxy_source_only_final_training_only,mmd,,,,,moe,coral,near_nearest_proxy,anchor,0.0,0,0train,proxy_source,False,0.32993157940046963,2.0,direct,0.07260466785948046,0.05512973140351884,0.09434390549693275
3,bnci004,MMP_moe,TS,svm_radial,pt,22,2,2,25952,0.05,no_leakage_v1_alpha005,gate_all_sources_proxy_source_only_final_training_only,mmd,,,,,moe,coral,near_nearest_proxy,final,0.0,0,0train,train,False,0.23069211509675078,2.0,direct,0.07260466785948046,0.05512973140351884,0.09434390549693275
3,bnci004,MMP_moe,TS,svm_radial,pt,22,2,2,25952,0.05,no_leakage_v1_alpha005,gate_all_sources_proxy_source_only_final_training_only,mmd,,,,,moe,coral,near_nearest_proxy,main,1.0,1,1train,near,False,0.17920245255864745,2.0,direct,0.09346622016002605,0.06988775170442041,0.1270687805119014
3,bnci004,MMP_moe,TS,svm_radial,pt,22,2,2,25952,0.05,no_leakage_v1_alpha005,gate_all_sources_proxy_source_only_final_training_only,mmd,,,,,moe,coral,near_nearest_proxy,anchor,1.0,1,1train,proxy_source,False,0.25629202012524716,2.0,direct,0.09346622016002605,0.06988775170442041,0.1270687805119014
3,bnci004,MMP_moe,TS,svm_radial,pt,22,2,2,25952,0.05,no_leakage_v1_alpha005,gate_all_sources_proxy_source_only_final_training_only,mmd,,,,,moe,coral,near_nearest_proxy,final,1.0,1,1train,train,False,0.17920245255864745,2.0,direct,0.09346622016002605,0.06988775170442041,0.1270687805119014
3,bnci004,MMP_moe,TS,svm_radial,pt,22,2,2,25952,0.05,no_leakage_v1_alpha005,gate_all_sources_proxy_source_only_final_training_only,mmd,,,,,moe,coral,near_nearest_proxy,main,2.0,3,3test,nearest,True,0.3007880133330988,2.0,direct,0.055684580355780076,0.0324205305651274,0.08696025541142968
3,bnci004,MMP_moe,TS,svm_radial,pt,22,2,2,25952,0.05,no_leakage_v1_alpha005,gate_all_sources_proxy_source_only_final_training_only,mmd,,,,,moe,coral,near_nearest_proxy,anchor,2.0,3,3test,target,False,,2.0,direct,0.055684580355780076,0.0324205305651274,0.08696025541142968
3,bnci004,MMP_moe,TS,svm_radial,pt,22,2,2,25952,0.05,no_leakage_v1_alpha005,gate_all_sources_proxy_source_only_final_training_only,mmd,,,,,moe,coral,near_nearest_proxy,final,2.0,3,3test,train,True,0.3007880133330988,2.0,direct,0.055684580355780076,0.0324205305651274,0.08696025541142968
3,bnci004,MMP_moe,TS,svm_radial,pt,22,2,2,25952,0.05,no_leakage_v1_alpha005,gate_all_sources_proxy_source_only_final_training_only,mmd,,,,,moe,coral,near_nearest_proxy,main,3.0,4,4test,near,False,0.28931741901150293,2.0,direct,0.05789235168184181,0.038660864603221594,0.0787822253792572
3,bnci004,MMP_moe,TS,svm_radial,pt,22,2,2,25952,0.05,no_leakage_v1_alpha005,gate_all_sources_proxy_source_only_final_training_only,mmd,,,,,moe,coral,near_nearest_proxy,anchor,3.0,4,4test,proxy_source,False,0.4137764004742833,2.0,direct,0.05789235168184181,0.038660864603221594,0.0787822253792572
3,bnci004,MMP_moe,TS,svm_radial,pt,22,2,2,25952,0.05,no_leakage_v1_alpha005,gate_all_sources_proxy_source_only_final_training_only,mmd,,,,,moe,coral,near_nearest_proxy,final,3.0,4,4test,train,False,0.28931741901150293,2.0,direct,0.05789235168184181,0.038660864603221594,0.0787822253792572
3,bnci004,MMP_moe,TS,svm_radial,pt,22,2,2,25952,0.05,no_leakage_v1_alpha005,gate_all_sources_proxy_source_only_final_training_only,mmd,,,,,moe,coral,near_nearest_proxy,main,,2,2train,target,False,,,,,,
3,bnci004,MMP_moe,TS,svm_radial,pt,22,2,2,25952,0.05,no_leakage_v1_alpha005,gate_all_sources_proxy_source_only_final_training_only,mmd,,,,,moe,coral,near_nearest_proxy,final,,2,2train,target,False,,,,,,
3,bnci004,MMP_moe,TS,svm_radial,pt,22,3,3,25983,0.05,no_leakage_v1_alpha005,gate_all_sources_proxy_source_only_final_training_only,mmd,,,,,moe,coral,near_nearest_proxy,main,0.0,0,0train,near,False,0.22526147050606754,3.0,direct,0.07548510899455227,0.0559002546671706,0.10591132156765216
3,bnci004,MMP_moe,TS,svm_radial,pt,22,3,3,25983,0.05,no_leakage_v1_alpha005,gate_all_sources_proxy_source_only_final_training_only,mmd,,,,,moe,coral,near_nearest_proxy,anchor,0.0,0,0train,proxy_source,False,0.3353413465814105,3.0,direct,0.07548510899455227,0.0559002546671706,0.10591132156765216
3,bnci004,MMP_moe,TS,svm_radial,pt,22,3,3,25983,0.05,no_leakage_v1_alpha005,gate_all_sources_proxy_source_only_final_training_only,mmd,,,,,moe,coral,near_nearest_proxy,final,0.0,0,0train,train,False,0.22526147050606754,3.0,direct,0.07548510899455227,0.0559002546671706,0.10591132156765216
3,bnci004,MMP_moe,TS,svm_radial,pt,22,3,3,25983,0.05,no_leakage_v1_alpha005,gate_all_sources_proxy_source_only_final_training_only,mmd,,,,,moe,coral,near_nearest_proxy,main,1.0,1,1train,near,False,0.21944115068851294,3.0,direct,0.0774872553319761,0.05701006072713733,0.10345165977678131
3,bnci004,MMP_moe,TS,svm_radial,pt,22,3,3,25983,0.05,no_leakage_v1_alpha005,gate_all_sources_proxy_source_only_final_training_only,mmd,,,,,moe,coral,near_nearest_proxy,anchor,1.0,1,1train,proxy_source,False,0.3266767761123979,3.0,direct,0.0774872553319761,0.05701006072713733,0.10345165977678131
3,bnci004,MMP_moe,TS,svm_radial,pt,22,3,3,25983,0.05,no_leakage_v1_alpha005,gate_all_sources_proxy_source_only_final_training_only,mmd,,,,,moe,coral,near_nearest_proxy,final,1.0,1,1train,train,False,0.21944115068851294,3.0,direct,0.0774872553319761,0.05701006072713733,0.10345165977678131
3,bnci004,MMP_moe,TS,svm_radial,pt,22,3,3,25983,0.05,no_leakage_v1_alpha005,gate_all_sources_proxy_source_only_final_training_only,mmd,,,,,moe,coral,near_nearest_proxy,main,2.0,2,2train,nearest,True,0.3282621639041429,3.0,direct,0.05179940158347208,0.03416343552132184,0.07889930535836348
3,bnci004,MMP_moe,TS,svm_radial,pt,22,3,3,25983,0.05,no_leakage_v1_alpha005,gate_all_sources_proxy_source_only_final_training_only,mmd,,,,,moe,coral,near_nearest_proxy,anchor,2.0,2,2train,target,False,,3.0,direct,0.05179940158347208,0.03416343552132184,0.07889930535836348
3,bnci004,MMP_moe,TS,svm_radial,pt,22,3,3,25983,0.05,no_leakage_v1_alpha005,gate_all_sources_proxy_source_only_final_training_only,mmd,,,,,moe,coral,near_nearest_proxy,final,2.0,2,2train,train,True,0.3282621639041429,3.0,direct,0.05179940158347208,0.03416343552132184,0.07889930535836348
3,bnci004,MMP_moe,TS,svm_radial,pt,22,3,3,25983,0.05,no_leakage_v1_alpha005,gate_all_sources_proxy_source_only_final_training_only,mmd,,,,,moe,coral,near_nearest_proxy,main,3.0,4,4test,near,False,0.22703521490127657,3.0,direct,0.07489536320201763,0.05192539925238596,0.10488010843097065
3,bnci004,MMP_moe,TS,svm_radial,pt,22,3,3,25983,0.05,no_leakage_v1_alpha005,gate_all_sources_proxy_source_only_final_training_only,mmd,,,,,moe,coral,near_nearest_proxy,anchor,3.0,4,4test,proxy_source,False,0.33798187730619156,3.0,direct,0.07489536320201763,0.05192539925238596,0.10488010843097065
3,bnci004,MMP_moe,TS,svm_radial,pt,22,3,3,25983,0.05,no_leakage_v1_alpha005,gate_all_sources_proxy_source_only_final_training_only,mmd,,,,,moe,coral,near_nearest_proxy,final,3.0,4,4test,train,False,0.22703521490127657,3.0,direct,0.07489536320201763,0.05192539925238596,0.10488010843097065
3,bnci004,MMP_moe,TS,svm_radial,pt,22,3,3,25983,0.05,no_leakage_v1_alpha005,gate_all_sources_proxy_source_only_final_training_only,mmd,,,,,moe,coral,near_nearest_proxy,main,,3,3test,target,False,,,,,,
3,bnci004,MMP_moe,TS,svm_radial,pt,22,3,3,25983,0.05,no_leakage_v1_alpha005,gate_all_sources_proxy_source_only_final_training_only,mmd,,,,,moe,coral,near_nearest_proxy,final,,3,3test,target,False,,,,,,
3,bnci004,MMP_moe,TS,svm_radial,pt,22,4,4,26014,0.05,no_leakage_v1_alpha005,gate_all_sources_proxy_source_only_final_training_only,mmd,,,,,moe,coral,near_nearest_proxy,main,0.0,0,0train,nearest,True,0.3897105269121288,4.0,direct,0.04757134253633273,0.029371718646561056,0.0714865917128766
3,bnci004,MMP_moe,TS,svm_radial,pt,22,4,4,26014,0.05,no_leakage_v1_alpha005,gate_all_sources_proxy_source_only_final_training_only,mmd,,,,,moe,coral,near_nearest_proxy,anchor,0.0,0,0train,target,False,,4.0,direct,0.04757134253633273,0.029371718646561056,0.0714865917128766
3,bnci004,MMP_moe,TS,svm_radial,pt,22,4,4,26014,0.05,no_leakage_v1_alpha005,gate_all_sources_proxy_source_only_final_training_only,mmd,,,,,moe,coral,near_nearest_proxy,final,0.0,0,0train,train,True,0.3897105269121288,4.0,direct,0.04757134253633273,0.029371718646561056,0.0714865917128766
3,bnci004,MMP_moe,TS,svm_radial,pt,22,4,4,26014,0.05,no_leakage_v1_alpha005,gate_all_sources_proxy_source_only_final_training_only,mmd,,,,,moe,coral,near_nearest_proxy,main,1.0,1,1train,near,False,0.3330055327150585,4.0,direct,0.05567207703605656,0.039413755260689146,0.08425410690922908
3,bnci004,MMP_moe,TS,svm_radial,pt,22,4,4,26014,0.05,no_leakage_v1_alpha005,gate_all_sources_proxy_source_only_final_training_only,mmd,,,,,moe,coral,near_nearest_proxy,anchor,1.0,1,1train,proxy_source,False,0.545651772477995,4.0,direct,0.05567207703605656,0.039413755260689146,0.08425410690922908
3,bnci004,MMP_moe,TS,svm_radial,pt,22,4,4,26014,0.05,no_leakage_v1_alpha005,gate_all_sources_proxy_source_only_final_training_only,mmd,,,,,moe,coral,near_nearest_proxy,final,1.0,1,1train,train,False,0.3330055327150585,4.0,direct,0.05567207703605656,0.039413755260689146,0.08425410690922908
3,bnci004,MMP_moe,TS,svm_radial,pt,22,4,4,26014,0.05,no_leakage_v1_alpha005,gate_all_sources_proxy_source_only_final_training_only,mmd,,,,,moe,coral,near_nearest_proxy,main,2.0,2,2train,near,False,0.2772839403728127,4.0,direct,0.06685985985128433,0.04065216841194217,0.09795353360316945
3,bnci004,MMP_moe,TS,svm_radial,pt,22,4,4,26014,0.05,no_leakage_v1_alpha005,gate_all_sources_proxy_source_only_final_training_only,mmd,,,,,moe,coral,near_nearest_proxy,anchor,2.0,2,2train,proxy_source,False,0.45434822752200504,4.0,direct,0.06685985985128433,0.04065216841194217,0.09795353360316945
3,bnci004,MMP_moe,TS,svm_radial,pt,22,4,4,26014,0.05,no_leakage_v1_alpha005,gate_all_sources_proxy_source_only_final_training_only,mmd,,,,,moe,coral,near_nearest_proxy,final,2.0,2,2train,train,False,0.2772839403728127,4.0,direct,0.06685985985128433,0.04065216841194217,0.09795353360316945
3,bnci004,MMP_moe,TS,svm_radial,pt,22,4,4,26014,0.05,no_leakage_v1_alpha005,gate_all_sources_proxy_source_only_final_training_only,mmd,,,,,moe,coral,near_nearest_proxy,main,3.0,3,3test,far,False,,4.0,direct,0.1159320556277153,0.07272684953232166,0.17879652069607768
3,bnci004,MMP_moe,TS,svm_radial,pt,22,4,4,26014,0.05,no_leakage_v1_alpha005,gate_all_sources_proxy_source_only_final_training_only,mmd,,,,,moe,coral,near_nearest_proxy,anchor,3.0,3,3test,not_used,False,,4.0,direct,0.1159320556277153,0.07272684953232166,0.17879652069607768
3,bnci004,MMP_moe,TS,svm_radial,pt,22,4,4,26014,0.05,no_leakage_v1_alpha005,gate_all_sources_proxy_source_only_final_training_only,mmd,,,,,moe,coral,near_nearest_proxy,final,3.0,3,3test,not_used,False,,4.0,direct,0.1159320556277153,0.07272684953232166,0.17879652069607768
3,bnci004,MMP_moe,TS,svm_radial,pt,22,4,4,26014,0.05,no_leakage_v1_alpha005,gate_all_sources_proxy_source_only_final_training_only,mmd,,,,,moe,coral,near_nearest_proxy,main,,4,4test,target,False,,,,,,
3,bnci004,MMP_moe,TS,svm_radial,pt,22,4,4,26014,0.05,no_leakage_v1_alpha005,gate_all_sources_proxy_source_only_final_training_only,mmd,,,,,moe,coral,near_nearest_proxy,final,,4,4test,target,False,,,,,,
3,bnci004,MMP_moe,TS,svm_radial,coral,23,0,0,26887,0.05,no_leakage_v1_alpha005,gate_all_sources_proxy_source_only_final_training_only,mmd,,,,,moe,coral,near_nearest_proxy,main,0.0,1,1train,nearest,True,0.3634886604544598,0.0,direct,0.03752050600098786,0.01711809456623084,0.0755801418236213
3,bnci004,MMP_moe,TS,svm_radial,coral,23,0,0,26887,0.05,no_leakage_v1_alpha005,gate_all_sources_proxy_source_only_final_training_only,mmd,,,,,moe,coral,near_nearest_proxy,anchor,0.0,1,1train,target,False,,0.0,direct,0.03752050600098786,0.01711809456623084,0.0755801418236213
3,bnci004,MMP_moe,TS,svm_radial,coral,23,0,0,26887,0.05,no_leakage_v1_alpha005,gate_all_sources_proxy_source_only_final_training_only,mmd,,,,,moe,coral,near_nearest_proxy,final,0.0,1,1train,train,True,0.3634886604544598,0.0,direct,0.03752050600098786,0.01711809456623084,0.0755801418236213
3,bnci004,MMP_moe,TS,svm_radial,coral,23,0,0,26887,0.05,no_leakage_v1_alpha005,gate_all_sources_proxy_source_only_final_training_only,mmd,,,,,moe,coral,near_nearest_proxy,main,1.0,2,2train,near,False,0.21168038229331043,0.0,direct,0.06442935394576602,0.04482184921327049,0.08849812394554869
3,bnci004,MMP_moe,TS,svm_radial,coral,23,0,0,26887,0.05,no_leakage_v1_alpha005,gate_all_sources_proxy_source_only_final_training_only,mmd,,,,,moe,coral,near_nearest_proxy,anchor,1.0,2,2train,proxy_source,False,0.33256341111604887,0.0,direct,0.06442935394576602,0.04482184921327049,0.08849812394554869
3,bnci004,MMP_moe,TS,svm_radial,coral,23,0,0,26887,0.05,no_leakage_v1_alpha005,gate_all_sources_proxy_source_only_final_training_only,mmd,,,,,moe,coral,near_nearest_proxy,final,1.0,2,2train,train,False,0.21168038229331043,0.0,direct,0.06442935394576602,0.04482184921327049,0.08849812394554869
3,bnci004,MMP_moe,TS,svm_radial,coral,23,0,0,26887,0.05,no_leakage_v1_alpha005,gate_all_sources_proxy_source_only_final_training_only,mmd,,,,,moe,coral,near_nearest_proxy,main,2.0,3,3test,near,False,0.14235089277777976,0.0,direct,0.0958090204950873,0.06176752797854747,0.14256593963045763
3,bnci004,MMP_moe,TS,svm_radial,coral,23,0,0,26887,0.05,no_leakage_v1_alpha005,gate_all_sources_proxy_source_only_final_training_only,mmd,,,,,moe,coral,near_nearest_proxy,anchor,2.0,3,3test,proxy_source,False,0.22364235157132664,0.0,direct,0.0958090204950873,0.06176752797854747,0.14256593963045763
3,bnci004,MMP_moe,TS,svm_radial,coral,23,0,0,26887,0.05,no_leakage_v1_alpha005,gate_all_sources_proxy_source_only_final_training_only,mmd,,,,,moe,coral,near_nearest_proxy,final,2.0,3,3test,train,False,0.14235089277777976,0.0,direct,0.0958090204950873,0.06176752797854747,0.14256593963045763
3,bnci004,MMP_moe,TS,svm_radial,coral,23,0,0,26887,0.05,no_leakage_v1_alpha005,gate_all_sources_proxy_source_only_final_training_only,mmd,,,,,moe,coral,near_nearest_proxy,main,3.0,4,4test,near,False,0.28248006447444995,0.0,direct,0.048280785760377636,0.028911839758401173,0.07953954020305161
3,bnci004,MMP_moe,TS,svm_radial,coral,23,0,0,26887,0.05,no_leakage_v1_alpha005,gate_all_sources_proxy_source_only_final_training_only,mmd,,,,,moe,coral,near_nearest_proxy,anchor,3.0,4,4test,proxy_source,False,0.44379423731262446,0.0,direct,0.048280785760377636,0.028911839758401173,0.07953954020305161
3,bnci004,MMP_moe,TS,svm_radial,coral,23,0,0,26887,0.05,no_leakage_v1_alpha005,gate_all_sources_proxy_source_only_final_training_only,mmd,,,,,moe,coral,near_nearest_proxy,final,3.0,4,4test,train,False,0.28248006447444995,0.0,direct,0.048280785760377636,0.028911839758401173,0.07953954020305161
3,bnci004,MMP_moe,TS,svm_radial,coral,23,0,0,26887,0.05,no_leakage_v1_alpha005,gate_all_sources_proxy_source_only_final_training_only,mmd,,,,,moe,coral,near_nearest_proxy,main,,0,0train,target,False,,,,,,
3,bnci004,MMP_moe,TS,svm_radial,coral,23,0,0,26887,0.05,no_leakage_v1_alpha005,gate_all_sources_proxy_source_only_final_training_only,mmd,,,,,moe,coral,near_nearest_proxy,final,,0,0train,target,False,,,,,,
3,bnci004,MMP_moe,TS,svm_radial,coral,23,1,1,26918,0.05,no_leakage_v1_alpha005,gate_all_sources_proxy_source_only_final_training_only,mmd,,,,,moe,coral,near_nearest_proxy,main,0.0,0,0train,nearest,True,0.4932302030942646,1.0,direct,0.03639657210108278,0.01758060459540168,0.06503547651025898
3,bnci004,MMP_moe,TS,svm_radial,coral,23,1,1,26918,0.05,no_leakage_v1_alpha005,gate_all_sources_proxy_source_only_final_training_only,mmd,,,,,moe,coral,near_nearest_proxy,anchor,0.0,0,0train,target,False,,1.0,direct,0.03639657210108278,0.01758060459540168,0.06503547651025898
3,bnci004,MMP_moe,TS,svm_radial,coral,23,1,1,26918,0.05,no_leakage_v1_alpha005,gate_all_sources_proxy_source_only_final_training_only,mmd,,,,,moe,coral,near_nearest_proxy,final,0.0,0,0train,train,True,0.4932302030942646,1.0,direct,0.03639657210108278,0.01758060459540168,0.06503547651025898
3,bnci004,MMP_moe,TS,svm_radial,coral,23,1,1,26918,0.05,no_leakage_v1_alpha005,gate_all_sources_proxy_source_only_final_training_only,mmd,,,,,moe,coral,near_nearest_proxy,main,1.0,2,2train,near,False,0.1862346677975312,1.0,direct,0.0963955629593331,0.05838286342195445,0.1409716154787157
3,bnci004,MMP_moe,TS,svm_radial,coral,23,1,1,26918,0.05,no_leakage_v1_alpha005,gate_all_sources_proxy_source_only_final_training_only,mmd,,,,,moe,coral,near_nearest_proxy,anchor,1.0,2,2train,proxy_source,False,0.3674936212352309,1.0,direct,0.0963955629593331,0.05838286342195445,0.1409716154787157
3,bnci004,MMP_moe,TS,svm_radial,coral,23,1,1,26918,0.05,no_leakage_v1_alpha005,gate_all_sources_proxy_source_only_final_training_only,mmd,,,,,moe,coral,near_nearest_proxy,final,1.0,2,2train,train,False,0.1862346677975312,1.0,direct,0.0963955629593331,0.05838286342195445,0.1409716154787157
3,bnci004,MMP_moe,TS,svm_radial,coral,23,1,1,26918,0.05,no_leakage_v1_alpha005,gate_all_sources_proxy_source_only_final_training_only,mmd,,,,,moe,coral,near_nearest_proxy,main,2.0,3,3test,far,False,,1.0,direct,0.10733651183781084,0.06643645272600598,0.16058001844807124
3,bnci004,MMP_moe,TS,svm_radial,coral,23,1,1,26918,0.05,no_leakage_v1_alpha005,gate_all_sources_proxy_source_only_final_training_only,mmd,,,,,moe,coral,near_nearest_proxy,anchor,2.0,3,3test,not_used,False,,1.0,direct,0.10733651183781084,0.06643645272600598,0.16058001844807124
3,bnci004,MMP_moe,TS,svm_radial,coral,23,1,1,26918,0.05,no_leakage_v1_alpha005,gate_all_sources_proxy_source_only_final_training_only,mmd,,,,,moe,coral,near_nearest_proxy,final,2.0,3,3test,not_used,False,,1.0,direct,0.10733651183781084,0.06643645272600598,0.16058001844807124
3,bnci004,MMP_moe,TS,svm_radial,coral,23,1,1,26918,0.05,no_leakage_v1_alpha005,gate_all_sources_proxy_source_only_final_training_only,mmd,,,,,moe,coral,near_nearest_proxy,main,3.0,4,4test,near,False,0.32053512910820414,1.0,direct,0.0560065331820961,0.033552221508308624,0.09071784634718465
3,bnci004,MMP_moe,TS,svm_radial,coral,23,1,1,26918,0.05,no_leakage_v1_alpha005,gate_all_sources_proxy_source_only_final_training_only,mmd,,,,,moe,coral,near_nearest_proxy,anchor,3.0,4,4test,proxy_source,False,0.6325063787647691,1.0,direct,0.0560065331820961,0.033552221508308624,0.09071784634718465
3,bnci004,MMP_moe,TS,svm_radial,coral,23,1,1,26918,0.05,no_leakage_v1_alpha005,gate_all_sources_proxy_source_only_final_training_only,mmd,,,,,moe,coral,near_nearest_proxy,final,3.0,4,4test,train,False,0.32053512910820414,1.0,direct,0.0560065331820961,0.033552221508308624,0.09071784634718465
3,bnci004,MMP_moe,TS,svm_radial,coral,23,1,1,26918,0.05,no_leakage_v1_alpha005,gate_all_sources_proxy_source_only_final_training_only,mmd,,,,,moe,coral,near_nearest_proxy,main,,1,1train,target,False,,,,,,
3,bnci004,MMP_moe,TS,svm_radial,coral,23,1,1,26918,0.05,no_leakage_v1_alpha005,gate_all_sources_proxy_source_only_final_training_only,mmd,,,,,moe,coral,near_nearest_proxy,final,,1,1train,target,False,,,,,,
3,bnci004,MMP_moe,TS,svm_radial,coral,23,2,2,26949,0.05,no_leakage_v1_alpha005,gate_all_sources_proxy_source_only_final_training_only,mmd,,,,,moe,coral,near_nearest_proxy,main,0.0,0,0train,near,False,0.2309368659986425,2.0,direct,0.07254417189918091,0.054737465439386006,0.09640191928706936
3,bnci004,MMP_moe,TS,svm_radial,coral,23,2,2,26949,0.05,no_leakage_v1_alpha005,gate_all_sources_proxy_source_only_final_training_only,mmd,,,,,moe,coral,near_nearest_proxy,anchor,0.0,0,0train,proxy_source,False,0.33158193223932514,2.0,direct,0.07254417189918091,0.054737465439386006,0.09640191928706936
3,bnci004,MMP_moe,TS,svm_radial,coral,23,2,2,26949,0.05,no_leakage_v1_alpha005,gate_all_sources_proxy_source_only_final_training_only,mmd,,,,,moe,coral,near_nearest_proxy,final,0.0,0,0train,train,False,0.2309368659986425,2.0,direct,0.07254417189918091,0.054737465439386006,0.09640191928706936
3,bnci004,MMP_moe,TS,svm_radial,coral,23,2,2,26949,0.05,no_leakage_v1_alpha005,gate_all_sources_proxy_source_only_final_training_only,mmd,,,,,moe,coral,near_nearest_proxy,main,1.0,1,1train,near,False,0.17515111436362593,2.0,direct,0.09564985955975419,0.07281579999979904,0.13149150483651192
3,bnci004,MMP_moe,TS,svm_radial,coral,23,2,2,26949,0.05,no_leakage_v1_alpha005,gate_all_sources_proxy_source_only_final_training_only,mmd,,,,,moe,coral,near_nearest_proxy,anchor,1.0,1,1train,proxy_source,False,0.25148407848794263,2.0,direct,0.09564985955975419,0.07281579999979904,0.13149150483651192
3,bnci004,MMP_moe,TS,svm_radial,coral,23,2,2,26949,0.05,no_leakage_v1_alpha005,gate_all_sources_proxy_source_only_final_training_only,mmd,,,,,moe,coral,near_nearest_proxy,final,1.0,1,1train,train,False,0.17515111436362593,2.0,direct,0.09564985955975419,0.07281579999979904,0.13149150483651192
3,bnci004,MMP_moe,TS,svm_radial,coral,23,2,2,26949,0.05,no_leakage_v1_alpha005,gate_all_sources_proxy_source_only_final_training_only,mmd,,,,,moe,coral,near_nearest_proxy,main,2.0,3,3test,nearest,True,0.30353000708144834,2.0,direct,0.05519405238648146,0.035131257519856136,0.08415629741910537
3,bnci004,MMP_moe,TS,svm_radial,coral,23,2,2,26949,0.05,no_leakage_v1_alpha005,gate_all_sources_proxy_source_only_final_training_only,mmd,,,,,moe,coral,near_nearest_proxy,anchor,2.0,3,3test,target,False,,2.0,direct,0.05519405238648146,0.035131257519856136,0.08415629741910537
3,bnci004,MMP_moe,TS,svm_radial,coral,23,2,2,26949,0.05,no_leakage_v1_alpha005,gate_all_sources_proxy_source_only_final_training_only,mmd,,,,,moe,coral,near_nearest_proxy,final,2.0,3,3test,train,True,0.30353000708144834,2.0,direct,0.05519405238648146,0.035131257519856136,0.08415629741910537
3,bnci004,MMP_moe,TS,svm_radial,coral,23,2,2,26949,0.05,no_leakage_v1_alpha005,gate_all_sources_proxy_source_only_final_training_only,mmd,,,,,moe,coral,near_nearest_proxy,main,3.0,4,4test,near,False,0.2903820125562834,2.0,direct,0.057693188748975645,0.036648418649855324,0.07966245368259231
3,bnci004,MMP_moe,TS,svm_radial,coral,23,2,2,26949,0.05,no_leakage_v1_alpha005,gate_all_sources_proxy_source_only_final_training_only,mmd,,,,,moe,coral,near_nearest_proxy,anchor,3.0,4,4test,proxy_source,False,0.41693398927273223,2.0,direct,0.057693188748975645,0.036648418649855324,0.07966245368259231
3,bnci004,MMP_moe,TS,svm_radial,coral,23,2,2,26949,0.05,no_leakage_v1_alpha005,gate_all_sources_proxy_source_only_final_training_only,mmd,,,,,moe,coral,near_nearest_proxy,final,3.0,4,4test,train,False,0.2903820125562834,2.0,direct,0.057693188748975645,0.036648418649855324,0.07966245368259231
3,bnci004,MMP_moe,TS,svm_radial,coral,23,2,2,26949,0.05,no_leakage_v1_alpha005,gate_all_sources_proxy_source_only_final_training_only,mmd,,,,,moe,coral,near_nearest_proxy,main,,2,2train,target,False,,,,,,
3,bnci004,MMP_moe,TS,svm_radial,coral,23,2,2,26949,0.05,no_leakage_v1_alpha005,gate_all_sources_proxy_source_only_final_training_only,mmd,,,,,moe,coral,near_nearest_proxy,final,,2,2train,target,False,,,,,,
3,bnci004,MMP_moe,TS,svm_radial,coral,23,3,3,26980,0.05,no_leakage_v1_alpha005,gate_all_sources_proxy_source_only_final_training_only,mmd,,,,,moe,coral,near_nearest_proxy,main,0.0,0,0train,near,False,0.22281770640778564,3.0,direct,0.07655249346097955,0.0582592126454247,0.10595823763531577
3,bnci004,MMP_moe,TS,svm_radial,coral,23,3,3,26980,0.05,no_leakage_v1_alpha005,gate_all_sources_proxy_source_only_final_training_only,mmd,,,,,moe,coral,near_nearest_proxy,anchor,0.0,0,0train,proxy_source,False,0.33136820082930196,3.0,direct,0.07655249346097955,0.0582592126454247,0.10595823763531577
3,bnci004,MMP_moe,TS,svm_radial,coral,23,3,3,26980,0.05,no_leakage_v1_alpha005,gate_all_sources_proxy_source_only_final_training_only,mmd,,,,,moe,coral,near_nearest_proxy,final,0.0,0,0train,train,False,0.22281770640778564,3.0,direct,0.07655249346097955,0.0582592126454247,0.10595823763531577
3,bnci004,MMP_moe,TS,svm_radial,coral,23,3,3,26980,0.05,no_leakage_v1_alpha005,gate_all_sources_proxy_source_only_final_training_only,mmd,,,,,moe,coral,near_nearest_proxy,main,1.0,1,1train,near,False,0.21736127707113928,3.0,direct,0.0784742190469336,0.056151020305766464,0.10782978678626538
3,bnci004,MMP_moe,TS,svm_radial,coral,23,3,3,26980,0.05,no_leakage_v1_alpha005,gate_all_sources_proxy_source_only_final_training_only,mmd,,,,,moe,coral,near_nearest_proxy,anchor,1.0,1,1train,proxy_source,False,0.32325355320373267,3.0,direct,0.0784742190469336,0.056151020305766464,0.10782978678626538
3,bnci004,MMP_moe,TS,svm_radial,coral,23,3,3,26980,0.05,no_leakage_v1_alpha005,gate_all_sources_proxy_source_only_final_training_only,mmd,,,,,moe,coral,near_nearest_proxy,final,1.0,1,1train,train,False,0.21736127707113928,3.0,direct,0.0784742190469336,0.056151020305766464,0.10782978678626538
3,bnci004,MMP_moe,TS,svm_radial,coral,23,3,3,26980,0.05,no_leakage_v1_alpha005,gate_all_sources_proxy_source_only_final_training_only,mmd,,,,,moe,coral,near_nearest_proxy,main,2.0,2,2train,nearest,True,0.3275827135791888,3.0,direct,0.052069738544497285,0.03652463625647199,0.07456204166396577
3,bnci004,MMP_moe,TS,svm_radial,coral,23,3,3,26980,0.05,no_leakage_v1_alpha005,gate_all_sources_proxy_source_only_final_training_only,mmd,,,,,moe,coral,near_nearest_proxy,anchor,2.0,2,2train,target,False,,3.0,direct,0.052069738544497285,0.03652463625647199,0.07456204166396577
3,bnci004,MMP_moe,TS,svm_radial,coral,23,3,3,26980,0.05,no_leakage_v1_alpha005,gate_all_sources_proxy_source_only_final_training_only,mmd,,,,,moe,coral,near_nearest_proxy,final,2.0,2,2train,train,True,0.3275827135791888,3.0,direct,0.052069738544497285,0.03652463625647199,0.07456204166396577
3,bnci004,MMP_moe,TS,svm_radial,coral,23,3,3,26980,0.05,no_leakage_v1_alpha005,gate_all_sources_proxy_source_only_final_training_only,mmd,,,,,moe,coral,near_nearest_proxy,main,3.0,4,4test,near,False,0.23223830294188638,3.0,direct,0.07344715051782055,0.05169113701820714,0.10207662171418977
3,bnci004,MMP_moe,TS,svm_radial,coral,23,3,3,26980,0.05,no_leakage_v1_alpha005,gate_all_sources_proxy_source_only_final_training_only,mmd,,,,,moe,coral,near_nearest_proxy,anchor,3.0,4,4test,proxy_source,False,0.34537824596696537,3.0,direct,0.07344715051782055,0.05169113701820714,0.10207662171418977
3,bnci004,MMP_moe,TS,svm_radial,coral,23,3,3,26980,0.05,no_leakage_v1_alpha005,gate_all_sources_proxy_source_only_final_training_only,mmd,,,,,moe,coral,near_nearest_proxy,final,3.0,4,4test,train,False,0.23223830294188638,3.0,direct,0.07344715051782055,0.05169113701820714,0.10207662171418977
3,bnci004,MMP_moe,TS,svm_radial,coral,23,3,3,26980,0.05,no_leakage_v1_alpha005,gate_all_sources_proxy_source_only_final_training_only,mmd,,,,,moe,coral,near_nearest_proxy,main,,3,3test,target,False,,,,,,
3,bnci004,MMP_moe,TS,svm_radial,coral,23,3,3,26980,0.05,no_leakage_v1_alpha005,gate_all_sources_proxy_source_only_final_training_only,mmd,,,,,moe,coral,near_nearest_proxy,final,,3,3test,target,False,,,,,,
3,bnci004,MMP_moe,TS,svm_radial,coral,23,4,4,27011,0.05,no_leakage_v1_alpha005,gate_all_sources_proxy_source_only_final_training_only,mmd,,,,,moe,coral,near_nearest_proxy,main,0.0,0,0train,nearest,True,0.34268147131271354,4.0,direct,0.047512123515535194,0.028994617052875746,0.07047445769047447
3,bnci004,MMP_moe,TS,svm_radial,coral,23,4,4,27011,0.05,no_leakage_v1_alpha005,gate_all_sources_proxy_source_only_final_training_only,mmd,,,,,moe,coral,near_nearest_proxy,anchor,0.0,0,0train,target,False,,4.0,direct,0.047512123515535194,0.028994617052875746,0.07047445769047447
3,bnci004,MMP_moe,TS,svm_radial,coral,23,4,4,27011,0.05,no_leakage_v1_alpha005,gate_all_sources_proxy_source_only_final_training_only,mmd,,,,,moe,coral,near_nearest_proxy,final,0.0,0,0train,train,True,0.34268147131271354,4.0,direct,0.047512123515535194,0.028994617052875746,0.07047445769047447
3,bnci004,MMP_moe,TS,svm_radial,coral,23,4,4,27011,0.05,no_leakage_v1_alpha005,gate_all_sources_proxy_source_only_final_training_only,mmd,,,,,moe,coral,near_nearest_proxy,main,1.0,1,1train,near,False,0.2899226450449336,4.0,direct,0.056158349230698575,0.03892150081065306,0.08260497245908473
3,bnci004,MMP_moe,TS,svm_radial,coral,23,4,4,27011,0.05,no_leakage_v1_alpha005,gate_all_sources_proxy_source_only_final_training_only,mmd,,,,,moe,coral,near_nearest_proxy,anchor,1.0,1,1train,proxy_source,False,0.4410687245100644,4.0,direct,0.056158349230698575,0.03892150081065306,0.08260497245908473
3,bnci004,MMP_moe,TS,svm_radial,coral,23,4,4,27011,0.05,no_leakage_v1_alpha005,gate_all_sources_proxy_source_only_final_training_only,mmd,,,,,moe,coral,near_nearest_proxy,final,1.0,1,1train,train,False,0.2899226450449336,4.0,direct,0.056158349230698575,0.03892150081065306,0.08260497245908473
3,bnci004,MMP_moe,TS,svm_radial,coral,23,4,4,27011,0.05,no_leakage_v1_alpha005,gate_all_sources_proxy_source_only_final_training_only,mmd,,,,,moe,coral,near_nearest_proxy,main,2.0,2,2train,near,False,0.22621163496439836,4.0,direct,0.07197525831902395,0.039796415309712015,0.11824895300772487
3,bnci004,MMP_moe,TS,svm_radial,coral,23,4,4,27011,0.05,no_leakage_v1_alpha005,gate_all_sources_proxy_source_only_final_training_only,mmd,,,,,moe,coral,near_nearest_proxy,anchor,2.0,2,2train,proxy_source,False,0.3441430981964858,4.0,direct,0.07197525831902395,0.039796415309712015,0.11824895300772487
3,bnci004,MMP_moe,TS,svm_radial,coral,23,4,4,27011,0.05,no_leakage_v1_alpha005,gate_all_sources_proxy_source_only_final_training_only,mmd,,,,,moe,coral,near_nearest_proxy,final,2.0,2,2train,train,False,0.22621163496439836,4.0,direct,0.07197525831902395,0.039796415309712015,0.11824895300772487
3,bnci004,MMP_moe,TS,svm_radial,coral,23,4,4,27011,0.05,no_leakage_v1_alpha005,gate_all_sources_proxy_source_only_final_training_only,mmd,,,,,moe,coral,near_nearest_proxy,main,3.0,3,3test,near,False,0.1411842486779544,4.0,direct,0.11532253803932989,0.07021908337233741,0.16672371965838487
3,bnci004,MMP_moe,TS,svm_radial,coral,23,4,4,27011,0.05,no_leakage_v1_alpha005,gate_all_sources_proxy_source_only_final_training_only,mmd,,,,,moe,coral,near_nearest_proxy,anchor,3.0,3,3test,proxy_source,False,0.21478817729344976,4.0,direct,0.11532253803932989,0.07021908337233741,0.16672371965838487
3,bnci004,MMP_moe,TS,svm_radial,coral,23,4,4,27011,0.05,no_leakage_v1_alpha005,gate_all_sources_proxy_source_only_final_training_only,mmd,,,,,moe,coral,near_nearest_proxy,final,3.0,3,3test,train,False,0.1411842486779544,4.0,direct,0.11532253803932989,0.07021908337233741,0.16672371965838487
3,bnci004,MMP_moe,TS,svm_radial,coral,23,4,4,27011,0.05,no_leakage_v1_alpha005,gate_all_sources_proxy_source_only_final_training_only,mmd,,,,,moe,coral,near_nearest_proxy,main,,4,4test,target,False,,,,,,
3,bnci004,MMP_moe,TS,svm_radial,coral,23,4,4,27011,0.05,no_leakage_v1_alpha005,gate_all_sources_proxy_source_only_final_training_only,mmd,,,,,moe,coral,near_nearest_proxy,final,,4,4test,target,False,,,,,,
