subject,dataset,pipeline,feature,classifier,da,method_row,pair_id,target_id,seed_used,ci_alpha,code_protocol_version,feature_fit_protocol,dist_type,partition_mode,proxy_direction,borrowed_local_idx,borrowed_abs_idx,combiner,harmonize,score_mode,stage,local_idx,session_abs_idx,session_label,role,is_best,weight,dist_to_session,dist_est_method,dist_est,dist_lwr,dist_upr
6,bnci004,MMP_moe,CSP,lda,none,0,0,0,4049,0.05,no_leakage_v1_alpha005,gate_all_sources_proxy_source_only_final_training_only,mmd,,,,,moe,coral,near_nearest_proxy,main,0.0,1,1train,far,False,,0.0,direct,0.1554893269662922,0.10488412789183825,0.22173830368861946
6,bnci004,MMP_moe,CSP,lda,none,0,0,0,4049,0.05,no_leakage_v1_alpha005,gate_all_sources_proxy_source_only_final_training_only,mmd,,,,,moe,coral,near_nearest_proxy,anchor,0.0,1,1train,second_nearest_fallback_source,False,1.0,0.0,direct,0.1554893269662922,0.10488412789183825,0.22173830368861946
6,bnci004,MMP_moe,CSP,lda,none,0,0,0,4049,0.05,no_leakage_v1_alpha005,gate_all_sources_proxy_source_only_final_training_only,mmd,,,,,moe,coral,near_nearest_proxy,final,0.0,1,1train,not_used,False,,0.0,direct,0.1554893269662922,0.10488412789183825,0.22173830368861946
6,bnci004,MMP_moe,CSP,lda,none,0,0,0,4049,0.05,no_leakage_v1_alpha005,gate_all_sources_proxy_source_only_final_training_only,mmd,,,,,moe,coral,near_nearest_proxy,main,1.0,2,2train,far,False,,0.0,direct,0.1911903808907117,0.13609379474793004,0.2516848975798797
6,bnci004,MMP_moe,CSP,lda,none,0,0,0,4049,0.05,no_leakage_v1_alpha005,gate_all_sources_proxy_source_only_final_training_only,mmd,,,,,moe,coral,near_nearest_proxy,anchor,1.0,2,2train,not_used,False,,0.0,direct,0.1911903808907117,0.13609379474793004,0.2516848975798797
6,bnci004,MMP_moe,CSP,lda,none,0,0,0,4049,0.05,no_leakage_v1_alpha005,gate_all_sources_proxy_source_only_final_training_only,mmd,,,,,moe,coral,near_nearest_proxy,final,1.0,2,2train,not_used,False,,0.0,direct,0.1911903808907117,0.13609379474793004,0.2516848975798797
6,bnci004,MMP_moe,CSP,lda,none,0,0,0,4049,0.05,no_leakage_v1_alpha005,gate_all_sources_proxy_source_only_final_training_only,mmd,,,,,moe,coral,near_nearest_proxy,main,2.0,3,3test,far,False,,0.0,direct,0.23341757056791038,0.17105133984669413,0.2990121070767509
6,bnci004,MMP_moe,CSP,lda,none,0,0,0,4049,0.05,no_leakage_v1_alpha005,gate_all_sources_proxy_source_only_final_training_only,mmd,,,,,moe,coral,near_nearest_proxy,anchor,2.0,3,3test,not_used,False,,0.0,direct,0.23341757056791038,0.17105133984669413,0.2990121070767509
6,bnci004,MMP_moe,CSP,lda,none,0,0,0,4049,0.05,no_leakage_v1_alpha005,gate_all_sources_proxy_source_only_final_training_only,mmd,,,,,moe,coral,near_nearest_proxy,final,2.0,3,3test,not_used,False,,0.0,direct,0.23341757056791038,0.17105133984669413,0.2990121070767509
6,bnci004,MMP_moe,CSP,lda,none,0,0,0,4049,0.05,no_leakage_v1_alpha005,gate_all_sources_proxy_source_only_final_training_only,mmd,,,,,moe,coral,near_nearest_proxy,main,3.0,4,4test,nearest,True,1.0,0.0,direct,0.06242670086620565,0.036846157195351885,0.0951506003290914
6,bnci004,MMP_moe,CSP,lda,none,0,0,0,4049,0.05,no_leakage_v1_alpha005,gate_all_sources_proxy_source_only_final_training_only,mmd,,,,,moe,coral,near_nearest_proxy,anchor,3.0,4,4test,target,False,,0.0,direct,0.06242670086620565,0.036846157195351885,0.0951506003290914
6,bnci004,MMP_moe,CSP,lda,none,0,0,0,4049,0.05,no_leakage_v1_alpha005,gate_all_sources_proxy_source_only_final_training_only,mmd,,,,,moe,coral,near_nearest_proxy,final,3.0,4,4test,train,True,1.0,0.0,direct,0.06242670086620565,0.036846157195351885,0.0951506003290914
6,bnci004,MMP_moe,CSP,lda,none,0,0,0,4049,0.05,no_leakage_v1_alpha005,gate_all_sources_proxy_source_only_final_training_only,mmd,,,,,moe,coral,near_nearest_proxy,main,,0,0train,target,False,,,,,,
6,bnci004,MMP_moe,CSP,lda,none,0,0,0,4049,0.05,no_leakage_v1_alpha005,gate_all_sources_proxy_source_only_final_training_only,mmd,,,,,moe,coral,near_nearest_proxy,final,,0,0train,target,False,,,,,,
6,bnci004,MMP_moe,CSP,lda,none,0,1,1,4080,0.05,no_leakage_v1_alpha005,gate_all_sources_proxy_source_only_final_training_only,mmd,,,,,moe,coral,near_nearest_proxy,main,0.0,0,0train,near,False,0.20801548753028515,1.0,direct,0.1461062676256417,0.09392087608766686,0.20225267349500017
6,bnci004,MMP_moe,CSP,lda,none,0,1,1,4080,0.05,no_leakage_v1_alpha005,gate_all_sources_proxy_source_only_final_training_only,mmd,,,,,moe,coral,near_nearest_proxy,anchor,0.0,0,0train,proxy_source,False,0.3004810390541323,1.0,direct,0.1461062676256417,0.09392087608766686,0.20225267349500017
6,bnci004,MMP_moe,CSP,lda,none,0,1,1,4080,0.05,no_leakage_v1_alpha005,gate_all_sources_proxy_source_only_final_training_only,mmd,,,,,moe,coral,near_nearest_proxy,final,0.0,0,0train,train,False,0.20801548753028515,1.0,direct,0.1461062676256417,0.09392087608766686,0.20225267349500017
6,bnci004,MMP_moe,CSP,lda,none,0,1,1,4080,0.05,no_leakage_v1_alpha005,gate_all_sources_proxy_source_only_final_training_only,mmd,,,,,moe,coral,near_nearest_proxy,main,1.0,2,2train,near,False,0.2713527172639469,1.0,direct,0.11200294384590817,0.06995335154633384,0.16112101850578883
6,bnci004,MMP_moe,CSP,lda,none,0,1,1,4080,0.05,no_leakage_v1_alpha005,gate_all_sources_proxy_source_only_final_training_only,mmd,,,,,moe,coral,near_nearest_proxy,anchor,1.0,2,2train,proxy_source,False,0.3919724795576195,1.0,direct,0.11200294384590817,0.06995335154633384,0.16112101850578883
6,bnci004,MMP_moe,CSP,lda,none,0,1,1,4080,0.05,no_leakage_v1_alpha005,gate_all_sources_proxy_source_only_final_training_only,mmd,,,,,moe,coral,near_nearest_proxy,final,1.0,2,2train,train,False,0.2713527172639469,1.0,direct,0.11200294384590817,0.06995335154633384,0.16112101850578883
6,bnci004,MMP_moe,CSP,lda,none,0,1,1,4080,0.05,no_leakage_v1_alpha005,gate_all_sources_proxy_source_only_final_training_only,mmd,,,,,moe,coral,near_nearest_proxy,main,2.0,3,3test,near,False,0.21290671606295625,1.0,direct,0.14274966127025632,0.10653995509761367,0.1929296469860668
6,bnci004,MMP_moe,CSP,lda,none,0,1,1,4080,0.05,no_leakage_v1_alpha005,gate_all_sources_proxy_source_only_final_training_only,mmd,,,,,moe,coral,near_nearest_proxy,anchor,2.0,3,3test,proxy_source,False,0.3075464813882482,1.0,direct,0.14274966127025632,0.10653995509761367,0.1929296469860668
6,bnci004,MMP_moe,CSP,lda,none,0,1,1,4080,0.05,no_leakage_v1_alpha005,gate_all_sources_proxy_source_only_final_training_only,mmd,,,,,moe,coral,near_nearest_proxy,final,2.0,3,3test,train,False,0.21290671606295625,1.0,direct,0.14274966127025632,0.10653995509761367,0.1929296469860668
6,bnci004,MMP_moe,CSP,lda,none,0,1,1,4080,0.05,no_leakage_v1_alpha005,gate_all_sources_proxy_source_only_final_training_only,mmd,,,,,moe,coral,near_nearest_proxy,main,3.0,4,4test,nearest,True,0.30772507914281166,1.0,direct,0.09876434792525267,0.06783633999140333,0.13365572945108203
6,bnci004,MMP_moe,CSP,lda,none,0,1,1,4080,0.05,no_leakage_v1_alpha005,gate_all_sources_proxy_source_only_final_training_only,mmd,,,,,moe,coral,near_nearest_proxy,anchor,3.0,4,4test,target,False,,1.0,direct,0.09876434792525267,0.06783633999140333,0.13365572945108203
6,bnci004,MMP_moe,CSP,lda,none,0,1,1,4080,0.05,no_leakage_v1_alpha005,gate_all_sources_proxy_source_only_final_training_only,mmd,,,,,moe,coral,near_nearest_proxy,final,3.0,4,4test,train,True,0.30772507914281166,1.0,direct,0.09876434792525267,0.06783633999140333,0.13365572945108203
6,bnci004,MMP_moe,CSP,lda,none,0,1,1,4080,0.05,no_leakage_v1_alpha005,gate_all_sources_proxy_source_only_final_training_only,mmd,,,,,moe,coral,near_nearest_proxy,main,,1,1train,target,False,,,,,,
6,bnci004,MMP_moe,CSP,lda,none,0,1,1,4080,0.05,no_leakage_v1_alpha005,gate_all_sources_proxy_source_only_final_training_only,mmd,,,,,moe,coral,near_nearest_proxy,final,,1,1train,target,False,,,,,,
6,bnci004,MMP_moe,CSP,lda,none,0,2,2,4111,0.05,no_leakage_v1_alpha005,gate_all_sources_proxy_source_only_final_training_only,mmd,,,,,moe,coral,near_nearest_proxy,main,0.0,0,0train,far,False,,2.0,direct,0.17233330984294742,0.13036694457186326,0.22180945694877865
6,bnci004,MMP_moe,CSP,lda,none,0,2,2,4111,0.05,no_leakage_v1_alpha005,gate_all_sources_proxy_source_only_final_training_only,mmd,,,,,moe,coral,near_nearest_proxy,anchor,0.0,0,0train,not_used,False,,2.0,direct,0.17233330984294742,0.13036694457186326,0.22180945694877865
6,bnci004,MMP_moe,CSP,lda,none,0,2,2,4111,0.05,no_leakage_v1_alpha005,gate_all_sources_proxy_source_only_final_training_only,mmd,,,,,moe,coral,near_nearest_proxy,final,0.0,0,0train,not_used,False,,2.0,direct,0.17233330984294742,0.13036694457186326,0.22180945694877865
6,bnci004,MMP_moe,CSP,lda,none,0,2,2,4111,0.05,no_leakage_v1_alpha005,gate_all_sources_proxy_source_only_final_training_only,mmd,,,,,moe,coral,near_nearest_proxy,main,1.0,1,1train,near,False,0.21326361272863745,2.0,direct,0.09885960897272356,0.060674964575310235,0.15118014259863544
6,bnci004,MMP_moe,CSP,lda,none,0,2,2,4111,0.05,no_leakage_v1_alpha005,gate_all_sources_proxy_source_only_final_training_only,mmd,,,,,moe,coral,near_nearest_proxy,anchor,1.0,1,1train,proxy_source,False,0.42373934477308084,2.0,direct,0.09885960897272356,0.060674964575310235,0.15118014259863544
6,bnci004,MMP_moe,CSP,lda,none,0,2,2,4111,0.05,no_leakage_v1_alpha005,gate_all_sources_proxy_source_only_final_training_only,mmd,,,,,moe,coral,near_nearest_proxy,final,1.0,1,1train,train,False,0.21326361272863745,2.0,direct,0.09885960897272356,0.060674964575310235,0.15118014259863544
6,bnci004,MMP_moe,CSP,lda,none,0,2,2,4111,0.05,no_leakage_v1_alpha005,gate_all_sources_proxy_source_only_final_training_only,mmd,,,,,moe,coral,near_nearest_proxy,main,2.0,3,3test,nearest,True,0.49671038255169936,2.0,direct,0.04244500347946571,0.022809190416565334,0.06667067278491708
6,bnci004,MMP_moe,CSP,lda,none,0,2,2,4111,0.05,no_leakage_v1_alpha005,gate_all_sources_proxy_source_only_final_training_only,mmd,,,,,moe,coral,near_nearest_proxy,anchor,2.0,3,3test,target,False,,2.0,direct,0.04244500347946571,0.022809190416565334,0.06667067278491708
6,bnci004,MMP_moe,CSP,lda,none,0,2,2,4111,0.05,no_leakage_v1_alpha005,gate_all_sources_proxy_source_only_final_training_only,mmd,,,,,moe,coral,near_nearest_proxy,final,2.0,3,3test,train,True,0.49671038255169936,2.0,direct,0.04244500347946571,0.022809190416565334,0.06667067278491708
6,bnci004,MMP_moe,CSP,lda,none,0,2,2,4111,0.05,no_leakage_v1_alpha005,gate_all_sources_proxy_source_only_final_training_only,mmd,,,,,moe,coral,near_nearest_proxy,main,3.0,4,4test,near,False,0.2900260047196633,2.0,direct,0.07269375937668138,0.04765143150297035,0.10003981518937702
6,bnci004,MMP_moe,CSP,lda,none,0,2,2,4111,0.05,no_leakage_v1_alpha005,gate_all_sources_proxy_source_only_final_training_only,mmd,,,,,moe,coral,near_nearest_proxy,anchor,3.0,4,4test,proxy_source,False,0.5762606552269193,2.0,direct,0.07269375937668138,0.04765143150297035,0.10003981518937702
6,bnci004,MMP_moe,CSP,lda,none,0,2,2,4111,0.05,no_leakage_v1_alpha005,gate_all_sources_proxy_source_only_final_training_only,mmd,,,,,moe,coral,near_nearest_proxy,final,3.0,4,4test,train,False,0.2900260047196633,2.0,direct,0.07269375937668138,0.04765143150297035,0.10003981518937702
6,bnci004,MMP_moe,CSP,lda,none,0,2,2,4111,0.05,no_leakage_v1_alpha005,gate_all_sources_proxy_source_only_final_training_only,mmd,,,,,moe,coral,near_nearest_proxy,main,,2,2train,target,False,,,,,,
6,bnci004,MMP_moe,CSP,lda,none,0,2,2,4111,0.05,no_leakage_v1_alpha005,gate_all_sources_proxy_source_only_final_training_only,mmd,,,,,moe,coral,near_nearest_proxy,final,,2,2train,target,False,,,,,,
6,bnci004,MMP_moe,CSP,lda,none,0,3,3,4142,0.05,no_leakage_v1_alpha005,gate_all_sources_proxy_source_only_final_training_only,mmd,,,,,moe,coral,near_nearest_proxy,main,0.0,0,0train,far,False,,3.0,direct,0.15411339710986796,0.12080690719517634,0.20008287927110618
6,bnci004,MMP_moe,CSP,lda,none,0,3,3,4142,0.05,no_leakage_v1_alpha005,gate_all_sources_proxy_source_only_final_training_only,mmd,,,,,moe,coral,near_nearest_proxy,anchor,0.0,0,0train,not_used,False,,3.0,direct,0.15411339710986796,0.12080690719517634,0.20008287927110618
6,bnci004,MMP_moe,CSP,lda,none,0,3,3,4142,0.05,no_leakage_v1_alpha005,gate_all_sources_proxy_source_only_final_training_only,mmd,,,,,moe,coral,near_nearest_proxy,final,0.0,0,0train,not_used,False,,3.0,direct,0.15411339710986796,0.12080690719517634,0.20008287927110618
6,bnci004,MMP_moe,CSP,lda,none,0,3,3,4142,0.05,no_leakage_v1_alpha005,gate_all_sources_proxy_source_only_final_training_only,mmd,,,,,moe,coral,near_nearest_proxy,main,1.0,1,1train,near,False,0.22520947252463383,3.0,direct,0.0858363933375312,0.05966228651227239,0.11386114582604173
6,bnci004,MMP_moe,CSP,lda,none,0,3,3,4142,0.05,no_leakage_v1_alpha005,gate_all_sources_proxy_source_only_final_training_only,mmd,,,,,moe,coral,near_nearest_proxy,anchor,1.0,1,1train,proxy_source,False,0.404628904133735,3.0,direct,0.0858363933375312,0.05966228651227239,0.11386114582604173
6,bnci004,MMP_moe,CSP,lda,none,0,3,3,4142,0.05,no_leakage_v1_alpha005,gate_all_sources_proxy_source_only_final_training_only,mmd,,,,,moe,coral,near_nearest_proxy,final,1.0,1,1train,train,False,0.22520947252463383,3.0,direct,0.0858363933375312,0.05966228651227239,0.11386114582604173
6,bnci004,MMP_moe,CSP,lda,none,0,3,3,4142,0.05,no_leakage_v1_alpha005,gate_all_sources_proxy_source_only_final_training_only,mmd,,,,,moe,coral,near_nearest_proxy,main,2.0,2,2train,nearest,True,0.443417239292922,3.0,direct,0.04359539717044148,0.026934639464014483,0.06627248126196757
6,bnci004,MMP_moe,CSP,lda,none,0,3,3,4142,0.05,no_leakage_v1_alpha005,gate_all_sources_proxy_source_only_final_training_only,mmd,,,,,moe,coral,near_nearest_proxy,anchor,2.0,2,2train,target,False,,3.0,direct,0.04359539717044148,0.026934639464014483,0.06627248126196757
6,bnci004,MMP_moe,CSP,lda,none,0,3,3,4142,0.05,no_leakage_v1_alpha005,gate_all_sources_proxy_source_only_final_training_only,mmd,,,,,moe,coral,near_nearest_proxy,final,2.0,2,2train,train,True,0.443417239292922,3.0,direct,0.04359539717044148,0.026934639464014483,0.06627248126196757
6,bnci004,MMP_moe,CSP,lda,none,0,3,3,4142,0.05,no_leakage_v1_alpha005,gate_all_sources_proxy_source_only_final_training_only,mmd,,,,,moe,coral,near_nearest_proxy,main,3.0,4,4test,near,False,0.33137328818244416,3.0,direct,0.058336212943342715,0.03761596657072017,0.08289981732206074
6,bnci004,MMP_moe,CSP,lda,none,0,3,3,4142,0.05,no_leakage_v1_alpha005,gate_all_sources_proxy_source_only_final_training_only,mmd,,,,,moe,coral,near_nearest_proxy,anchor,3.0,4,4test,proxy_source,False,0.595371095866265,3.0,direct,0.058336212943342715,0.03761596657072017,0.08289981732206074
6,bnci004,MMP_moe,CSP,lda,none,0,3,3,4142,0.05,no_leakage_v1_alpha005,gate_all_sources_proxy_source_only_final_training_only,mmd,,,,,moe,coral,near_nearest_proxy,final,3.0,4,4test,train,False,0.33137328818244416,3.0,direct,0.058336212943342715,0.03761596657072017,0.08289981732206074
6,bnci004,MMP_moe,CSP,lda,none,0,3,3,4142,0.05,no_leakage_v1_alpha005,gate_all_sources_proxy_source_only_final_training_only,mmd,,,,,moe,coral,near_nearest_proxy,main,,3,3test,target,False,,,,,,
6,bnci004,MMP_moe,CSP,lda,none,0,3,3,4142,0.05,no_leakage_v1_alpha005,gate_all_sources_proxy_source_only_final_training_only,mmd,,,,,moe,coral,near_nearest_proxy,final,,3,3test,target,False,,,,,,
6,bnci004,MMP_moe,CSP,lda,none,0,4,4,4173,0.05,no_leakage_v1_alpha005,gate_all_sources_proxy_source_only_final_training_only,mmd,,,,,moe,coral,near_nearest_proxy,main,0.0,0,0train,nearest,True,0.2740519014799194,4.0,direct,0.05810331540283726,0.03519030764418298,0.08187613878849608
6,bnci004,MMP_moe,CSP,lda,none,0,4,4,4173,0.05,no_leakage_v1_alpha005,gate_all_sources_proxy_source_only_final_training_only,mmd,,,,,moe,coral,near_nearest_proxy,anchor,0.0,0,0train,target,False,,4.0,direct,0.05810331540283726,0.03519030764418298,0.08187613878849608
6,bnci004,MMP_moe,CSP,lda,none,0,4,4,4173,0.05,no_leakage_v1_alpha005,gate_all_sources_proxy_source_only_final_training_only,mmd,,,,,moe,coral,near_nearest_proxy,final,0.0,0,0train,train,True,0.2740519014799194,4.0,direct,0.05810331540283726,0.03519030764418298,0.08187613878849608
6,bnci004,MMP_moe,CSP,lda,none,0,4,4,4173,0.05,no_leakage_v1_alpha005,gate_all_sources_proxy_source_only_final_training_only,mmd,,,,,moe,coral,near_nearest_proxy,main,1.0,1,1train,near,False,0.2185689344414802,4.0,direct,0.07285289463524112,0.043200561966324116,0.10768538575233187
6,bnci004,MMP_moe,CSP,lda,none,0,4,4,4173,0.05,no_leakage_v1_alpha005,gate_all_sources_proxy_source_only_final_training_only,mmd,,,,,moe,coral,near_nearest_proxy,anchor,1.0,1,1train,proxy_source,False,0.30108066249784987,4.0,direct,0.07285289463524112,0.043200561966324116,0.10768538575233187
6,bnci004,MMP_moe,CSP,lda,none,0,4,4,4173,0.05,no_leakage_v1_alpha005,gate_all_sources_proxy_source_only_final_training_only,mmd,,,,,moe,coral,near_nearest_proxy,final,1.0,1,1train,train,False,0.2185689344414802,4.0,direct,0.07285289463524112,0.043200561966324116,0.10768538575233187
6,bnci004,MMP_moe,CSP,lda,none,0,4,4,4173,0.05,no_leakage_v1_alpha005,gate_all_sources_proxy_source_only_final_training_only,mmd,,,,,moe,coral,near_nearest_proxy,main,2.0,2,2train,near,False,0.24394381330260184,4.0,direct,0.06527467928350773,0.04314668164669696,0.09195867867328562
6,bnci004,MMP_moe,CSP,lda,none,0,4,4,4173,0.05,no_leakage_v1_alpha005,gate_all_sources_proxy_source_only_final_training_only,mmd,,,,,moe,coral,near_nearest_proxy,anchor,2.0,2,2train,proxy_source,False,0.33603478513120466,4.0,direct,0.06527467928350773,0.04314668164669696,0.09195867867328562
6,bnci004,MMP_moe,CSP,lda,none,0,4,4,4173,0.05,no_leakage_v1_alpha005,gate_all_sources_proxy_source_only_final_training_only,mmd,,,,,moe,coral,near_nearest_proxy,final,2.0,2,2train,train,False,0.24394381330260184,4.0,direct,0.06527467928350773,0.04314668164669696,0.09195867867328562
6,bnci004,MMP_moe,CSP,lda,none,0,4,4,4173,0.05,no_leakage_v1_alpha005,gate_all_sources_proxy_source_only_final_training_only,mmd,,,,,moe,coral,near_nearest_proxy,main,3.0,3,3test,near,False,0.26343535077599844,4.0,direct,0.06044494270826055,0.03400234840725455,0.08856971116270576
6,bnci004,MMP_moe,CSP,lda,none,0,4,4,4173,0.05,no_leakage_v1_alpha005,gate_all_sources_proxy_source_only_final_training_only,mmd,,,,,moe,coral,near_nearest_proxy,anchor,3.0,3,3test,proxy_source,False,0.3628845523709455,4.0,direct,0.06044494270826055,0.03400234840725455,0.08856971116270576
6,bnci004,MMP_moe,CSP,lda,none,0,4,4,4173,0.05,no_leakage_v1_alpha005,gate_all_sources_proxy_source_only_final_training_only,mmd,,,,,moe,coral,near_nearest_proxy,final,3.0,3,3test,train,False,0.26343535077599844,4.0,direct,0.06044494270826055,0.03400234840725455,0.08856971116270576
6,bnci004,MMP_moe,CSP,lda,none,0,4,4,4173,0.05,no_leakage_v1_alpha005,gate_all_sources_proxy_source_only_final_training_only,mmd,,,,,moe,coral,near_nearest_proxy,main,,4,4test,target,False,,,,,,
6,bnci004,MMP_moe,CSP,lda,none,0,4,4,4173,0.05,no_leakage_v1_alpha005,gate_all_sources_proxy_source_only_final_training_only,mmd,,,,,moe,coral,near_nearest_proxy,final,,4,4test,target,False,,,,,,
6,bnci004,MMP_moe,CSP,lda,sa,1,0,0,5046,0.05,no_leakage_v1_alpha005,gate_all_sources_proxy_source_only_final_training_only,mmd,,,,,moe,coral,near_nearest_proxy,main,0.0,1,1train,far,False,,0.0,direct,0.15583501125867424,0.0998406931633024,0.21746933234883176
6,bnci004,MMP_moe,CSP,lda,sa,1,0,0,5046,0.05,no_leakage_v1_alpha005,gate_all_sources_proxy_source_only_final_training_only,mmd,,,,,moe,coral,near_nearest_proxy,anchor,0.0,1,1train,second_nearest_fallback_source,False,1.0,0.0,direct,0.15583501125867424,0.0998406931633024,0.21746933234883176
6,bnci004,MMP_moe,CSP,lda,sa,1,0,0,5046,0.05,no_leakage_v1_alpha005,gate_all_sources_proxy_source_only_final_training_only,mmd,,,,,moe,coral,near_nearest_proxy,final,0.0,1,1train,not_used,False,,0.0,direct,0.15583501125867424,0.0998406931633024,0.21746933234883176
6,bnci004,MMP_moe,CSP,lda,sa,1,0,0,5046,0.05,no_leakage_v1_alpha005,gate_all_sources_proxy_source_only_final_training_only,mmd,,,,,moe,coral,near_nearest_proxy,main,1.0,2,2train,far,False,,0.0,direct,0.19548376411569135,0.14222509402734437,0.2565218193256635
6,bnci004,MMP_moe,CSP,lda,sa,1,0,0,5046,0.05,no_leakage_v1_alpha005,gate_all_sources_proxy_source_only_final_training_only,mmd,,,,,moe,coral,near_nearest_proxy,anchor,1.0,2,2train,not_used,False,,0.0,direct,0.19548376411569135,0.14222509402734437,0.2565218193256635
6,bnci004,MMP_moe,CSP,lda,sa,1,0,0,5046,0.05,no_leakage_v1_alpha005,gate_all_sources_proxy_source_only_final_training_only,mmd,,,,,moe,coral,near_nearest_proxy,final,1.0,2,2train,not_used,False,,0.0,direct,0.19548376411569135,0.14222509402734437,0.2565218193256635
6,bnci004,MMP_moe,CSP,lda,sa,1,0,0,5046,0.05,no_leakage_v1_alpha005,gate_all_sources_proxy_source_only_final_training_only,mmd,,,,,moe,coral,near_nearest_proxy,main,2.0,3,3test,far,False,,0.0,direct,0.22871639116551332,0.17368376435141505,0.2942726241394562
6,bnci004,MMP_moe,CSP,lda,sa,1,0,0,5046,0.05,no_leakage_v1_alpha005,gate_all_sources_proxy_source_only_final_training_only,mmd,,,,,moe,coral,near_nearest_proxy,anchor,2.0,3,3test,not_used,False,,0.0,direct,0.22871639116551332,0.17368376435141505,0.2942726241394562
6,bnci004,MMP_moe,CSP,lda,sa,1,0,0,5046,0.05,no_leakage_v1_alpha005,gate_all_sources_proxy_source_only_final_training_only,mmd,,,,,moe,coral,near_nearest_proxy,final,2.0,3,3test,not_used,False,,0.0,direct,0.22871639116551332,0.17368376435141505,0.2942726241394562
6,bnci004,MMP_moe,CSP,lda,sa,1,0,0,5046,0.05,no_leakage_v1_alpha005,gate_all_sources_proxy_source_only_final_training_only,mmd,,,,,moe,coral,near_nearest_proxy,main,3.0,4,4test,nearest,True,1.0,0.0,direct,0.065267539276349,0.03913843050621751,0.09904738728871285
6,bnci004,MMP_moe,CSP,lda,sa,1,0,0,5046,0.05,no_leakage_v1_alpha005,gate_all_sources_proxy_source_only_final_training_only,mmd,,,,,moe,coral,near_nearest_proxy,anchor,3.0,4,4test,target,False,,0.0,direct,0.065267539276349,0.03913843050621751,0.09904738728871285
6,bnci004,MMP_moe,CSP,lda,sa,1,0,0,5046,0.05,no_leakage_v1_alpha005,gate_all_sources_proxy_source_only_final_training_only,mmd,,,,,moe,coral,near_nearest_proxy,final,3.0,4,4test,train,True,1.0,0.0,direct,0.065267539276349,0.03913843050621751,0.09904738728871285
6,bnci004,MMP_moe,CSP,lda,sa,1,0,0,5046,0.05,no_leakage_v1_alpha005,gate_all_sources_proxy_source_only_final_training_only,mmd,,,,,moe,coral,near_nearest_proxy,main,,0,0train,target,False,,,,,,
6,bnci004,MMP_moe,CSP,lda,sa,1,0,0,5046,0.05,no_leakage_v1_alpha005,gate_all_sources_proxy_source_only_final_training_only,mmd,,,,,moe,coral,near_nearest_proxy,final,,0,0train,target,False,,,,,,
6,bnci004,MMP_moe,CSP,lda,sa,1,1,1,5077,0.05,no_leakage_v1_alpha005,gate_all_sources_proxy_source_only_final_training_only,mmd,,,,,moe,coral,near_nearest_proxy,main,0.0,0,0train,near,False,0.2092083261676685,1.0,direct,0.14364705684025286,0.08842460985881825,0.20766703408346415
6,bnci004,MMP_moe,CSP,lda,sa,1,1,1,5077,0.05,no_leakage_v1_alpha005,gate_all_sources_proxy_source_only_final_training_only,mmd,,,,,moe,coral,near_nearest_proxy,anchor,0.0,0,0train,proxy_source,False,0.29989112537409995,1.0,direct,0.14364705684025286,0.08842460985881825,0.20766703408346415
6,bnci004,MMP_moe,CSP,lda,sa,1,1,1,5077,0.05,no_leakage_v1_alpha005,gate_all_sources_proxy_source_only_final_training_only,mmd,,,,,moe,coral,near_nearest_proxy,final,0.0,0,0train,train,False,0.2092083261676685,1.0,direct,0.14364705684025286,0.08842460985881825,0.20766703408346415
6,bnci004,MMP_moe,CSP,lda,sa,1,1,1,5077,0.05,no_leakage_v1_alpha005,gate_all_sources_proxy_source_only_final_training_only,mmd,,,,,moe,coral,near_nearest_proxy,main,1.0,2,2train,near,False,0.2766608540688382,1.0,direct,0.10862430454456641,0.06763162375791795,0.14969849151690284
6,bnci004,MMP_moe,CSP,lda,sa,1,1,1,5077,0.05,no_leakage_v1_alpha005,gate_all_sources_proxy_source_only_final_training_only,mmd,,,,,moe,coral,near_nearest_proxy,anchor,1.0,2,2train,proxy_source,False,0.3965814190739681,1.0,direct,0.10862430454456641,0.06763162375791795,0.14969849151690284
6,bnci004,MMP_moe,CSP,lda,sa,1,1,1,5077,0.05,no_leakage_v1_alpha005,gate_all_sources_proxy_source_only_final_training_only,mmd,,,,,moe,coral,near_nearest_proxy,final,1.0,2,2train,train,False,0.2766608540688382,1.0,direct,0.10862430454456641,0.06763162375791795,0.14969849151690284
6,bnci004,MMP_moe,CSP,lda,sa,1,1,1,5077,0.05,no_leakage_v1_alpha005,gate_all_sources_proxy_source_only_final_training_only,mmd,,,,,moe,coral,near_nearest_proxy,main,2.0,3,3test,near,False,0.21174508196178607,1.0,direct,0.14192611939449434,0.09667450824293736,0.19220323818823368
6,bnci004,MMP_moe,CSP,lda,sa,1,1,1,5077,0.05,no_leakage_v1_alpha005,gate_all_sources_proxy_source_only_final_training_only,mmd,,,,,moe,coral,near_nearest_proxy,anchor,2.0,3,3test,proxy_source,False,0.3035274555519319,1.0,direct,0.14192611939449434,0.09667450824293736,0.19220323818823368
6,bnci004,MMP_moe,CSP,lda,sa,1,1,1,5077,0.05,no_leakage_v1_alpha005,gate_all_sources_proxy_source_only_final_training_only,mmd,,,,,moe,coral,near_nearest_proxy,final,2.0,3,3test,train,False,0.21174508196178607,1.0,direct,0.14192611939449434,0.09667450824293736,0.19220323818823368
6,bnci004,MMP_moe,CSP,lda,sa,1,1,1,5077,0.05,no_leakage_v1_alpha005,gate_all_sources_proxy_source_only_final_training_only,mmd,,,,,moe,coral,near_nearest_proxy,main,3.0,4,4test,nearest,True,0.302385737801707,1.0,direct,0.09938321615802063,0.06459888733157265,0.14704260079124828
6,bnci004,MMP_moe,CSP,lda,sa,1,1,1,5077,0.05,no_leakage_v1_alpha005,gate_all_sources_proxy_source_only_final_training_only,mmd,,,,,moe,coral,near_nearest_proxy,anchor,3.0,4,4test,target,False,,1.0,direct,0.09938321615802063,0.06459888733157265,0.14704260079124828
6,bnci004,MMP_moe,CSP,lda,sa,1,1,1,5077,0.05,no_leakage_v1_alpha005,gate_all_sources_proxy_source_only_final_training_only,mmd,,,,,moe,coral,near_nearest_proxy,final,3.0,4,4test,train,True,0.302385737801707,1.0,direct,0.09938321615802063,0.06459888733157265,0.14704260079124828
6,bnci004,MMP_moe,CSP,lda,sa,1,1,1,5077,0.05,no_leakage_v1_alpha005,gate_all_sources_proxy_source_only_final_training_only,mmd,,,,,moe,coral,near_nearest_proxy,main,,1,1train,target,False,,,,,,
6,bnci004,MMP_moe,CSP,lda,sa,1,1,1,5077,0.05,no_leakage_v1_alpha005,gate_all_sources_proxy_source_only_final_training_only,mmd,,,,,moe,coral,near_nearest_proxy,final,,1,1train,target,False,,,,,,
6,bnci004,MMP_moe,CSP,lda,sa,1,2,2,5108,0.05,no_leakage_v1_alpha005,gate_all_sources_proxy_source_only_final_training_only,mmd,,,,,moe,coral,near_nearest_proxy,main,0.0,0,0train,far,False,,2.0,direct,0.17334366722024705,0.11970474121728598,0.22270835251883644
6,bnci004,MMP_moe,CSP,lda,sa,1,2,2,5108,0.05,no_leakage_v1_alpha005,gate_all_sources_proxy_source_only_final_training_only,mmd,,,,,moe,coral,near_nearest_proxy,anchor,0.0,0,0train,not_used,False,,2.0,direct,0.17334366722024705,0.11970474121728598,0.22270835251883644
6,bnci004,MMP_moe,CSP,lda,sa,1,2,2,5108,0.05,no_leakage_v1_alpha005,gate_all_sources_proxy_source_only_final_training_only,mmd,,,,,moe,coral,near_nearest_proxy,final,0.0,0,0train,not_used,False,,2.0,direct,0.17334366722024705,0.11970474121728598,0.22270835251883644
6,bnci004,MMP_moe,CSP,lda,sa,1,2,2,5108,0.05,no_leakage_v1_alpha005,gate_all_sources_proxy_source_only_final_training_only,mmd,,,,,moe,coral,near_nearest_proxy,main,1.0,1,1train,near,False,0.22421851182169233,2.0,direct,0.09519753715069068,0.06619698549667598,0.134437869187124
6,bnci004,MMP_moe,CSP,lda,sa,1,2,2,5108,0.05,no_leakage_v1_alpha005,gate_all_sources_proxy_source_only_final_training_only,mmd,,,,,moe,coral,near_nearest_proxy,anchor,1.0,1,1train,proxy_source,False,0.44084996739998333,2.0,direct,0.09519753715069068,0.06619698549667598,0.134437869187124
6,bnci004,MMP_moe,CSP,lda,sa,1,2,2,5108,0.05,no_leakage_v1_alpha005,gate_all_sources_proxy_source_only_final_training_only,mmd,,,,,moe,coral,near_nearest_proxy,final,1.0,1,1train,train,False,0.22421851182169233,2.0,direct,0.09519753715069068,0.06619698549667598,0.134437869187124
6,bnci004,MMP_moe,CSP,lda,sa,1,2,2,5108,0.05,no_leakage_v1_alpha005,gate_all_sources_proxy_source_only_final_training_only,mmd,,,,,moe,coral,near_nearest_proxy,main,2.0,3,3test,nearest,True,0.4913949678978681,2.0,direct,0.04343712151524998,0.02239459260086969,0.07638135718547477
6,bnci004,MMP_moe,CSP,lda,sa,1,2,2,5108,0.05,no_leakage_v1_alpha005,gate_all_sources_proxy_source_only_final_training_only,mmd,,,,,moe,coral,near_nearest_proxy,anchor,2.0,3,3test,target,False,,2.0,direct,0.04343712151524998,0.02239459260086969,0.07638135718547477
6,bnci004,MMP_moe,CSP,lda,sa,1,2,2,5108,0.05,no_leakage_v1_alpha005,gate_all_sources_proxy_source_only_final_training_only,mmd,,,,,moe,coral,near_nearest_proxy,final,2.0,3,3test,train,True,0.4913949678978681,2.0,direct,0.04343712151524998,0.02239459260086969,0.07638135718547477
6,bnci004,MMP_moe,CSP,lda,sa,1,2,2,5108,0.05,no_leakage_v1_alpha005,gate_all_sources_proxy_source_only_final_training_only,mmd,,,,,moe,coral,near_nearest_proxy,main,3.0,4,4test,near,False,0.2843865202804396,2.0,direct,0.07505626469201468,0.04756817289758676,0.10655842921628796
6,bnci004,MMP_moe,CSP,lda,sa,1,2,2,5108,0.05,no_leakage_v1_alpha005,gate_all_sources_proxy_source_only_final_training_only,mmd,,,,,moe,coral,near_nearest_proxy,anchor,3.0,4,4test,proxy_source,False,0.5591500326000166,2.0,direct,0.07505626469201468,0.04756817289758676,0.10655842921628796
6,bnci004,MMP_moe,CSP,lda,sa,1,2,2,5108,0.05,no_leakage_v1_alpha005,gate_all_sources_proxy_source_only_final_training_only,mmd,,,,,moe,coral,near_nearest_proxy,final,3.0,4,4test,train,False,0.2843865202804396,2.0,direct,0.07505626469201468,0.04756817289758676,0.10655842921628796
6,bnci004,MMP_moe,CSP,lda,sa,1,2,2,5108,0.05,no_leakage_v1_alpha005,gate_all_sources_proxy_source_only_final_training_only,mmd,,,,,moe,coral,near_nearest_proxy,main,,2,2train,target,False,,,,,,
6,bnci004,MMP_moe,CSP,lda,sa,1,2,2,5108,0.05,no_leakage_v1_alpha005,gate_all_sources_proxy_source_only_final_training_only,mmd,,,,,moe,coral,near_nearest_proxy,final,,2,2train,target,False,,,,,,
6,bnci004,MMP_moe,CSP,lda,sa,1,3,3,5139,0.05,no_leakage_v1_alpha005,gate_all_sources_proxy_source_only_final_training_only,mmd,,,,,moe,coral,near_nearest_proxy,main,0.0,0,0train,far,False,,3.0,direct,0.15169707721862097,0.11680932001876826,0.1903577290630725
6,bnci004,MMP_moe,CSP,lda,sa,1,3,3,5139,0.05,no_leakage_v1_alpha005,gate_all_sources_proxy_source_only_final_training_only,mmd,,,,,moe,coral,near_nearest_proxy,anchor,0.0,0,0train,not_used,False,,3.0,direct,0.15169707721862097,0.11680932001876826,0.1903577290630725
6,bnci004,MMP_moe,CSP,lda,sa,1,3,3,5139,0.05,no_leakage_v1_alpha005,gate_all_sources_proxy_source_only_final_training_only,mmd,,,,,moe,coral,near_nearest_proxy,final,0.0,0,0train,not_used,False,,3.0,direct,0.15169707721862097,0.11680932001876826,0.1903577290630725
6,bnci004,MMP_moe,CSP,lda,sa,1,3,3,5139,0.05,no_leakage_v1_alpha005,gate_all_sources_proxy_source_only_final_training_only,mmd,,,,,moe,coral,near_nearest_proxy,main,1.0,1,1train,near,False,0.22677398872858914,3.0,direct,0.08369380134010918,0.05822896792809201,0.11816121420045697
6,bnci004,MMP_moe,CSP,lda,sa,1,3,3,5139,0.05,no_leakage_v1_alpha005,gate_all_sources_proxy_source_only_final_training_only,mmd,,,,,moe,coral,near_nearest_proxy,anchor,1.0,1,1train,proxy_source,False,0.40444037750267475,3.0,direct,0.08369380134010918,0.05822896792809201,0.11816121420045697
6,bnci004,MMP_moe,CSP,lda,sa,1,3,3,5139,0.05,no_leakage_v1_alpha005,gate_all_sources_proxy_source_only_final_training_only,mmd,,,,,moe,coral,near_nearest_proxy,final,1.0,1,1train,train,False,0.22677398872858914,3.0,direct,0.08369380134010918,0.05822896792809201,0.11816121420045697
6,bnci004,MMP_moe,CSP,lda,sa,1,3,3,5139,0.05,no_leakage_v1_alpha005,gate_all_sources_proxy_source_only_final_training_only,mmd,,,,,moe,coral,near_nearest_proxy,main,2.0,2,2train,nearest,True,0.4392894445187057,3.0,direct,0.04320469085500809,0.02565924503338259,0.0679367424590416
6,bnci004,MMP_moe,CSP,lda,sa,1,3,3,5139,0.05,no_leakage_v1_alpha005,gate_all_sources_proxy_source_only_final_training_only,mmd,,,,,moe,coral,near_nearest_proxy,anchor,2.0,2,2train,target,False,,3.0,direct,0.04320469085500809,0.02565924503338259,0.0679367424590416
6,bnci004,MMP_moe,CSP,lda,sa,1,3,3,5139,0.05,no_leakage_v1_alpha005,gate_all_sources_proxy_source_only_final_training_only,mmd,,,,,moe,coral,near_nearest_proxy,final,2.0,2,2train,train,True,0.4392894445187057,3.0,direct,0.04320469085500809,0.02565924503338259,0.0679367424590416
6,bnci004,MMP_moe,CSP,lda,sa,1,3,3,5139,0.05,no_leakage_v1_alpha005,gate_all_sources_proxy_source_only_final_training_only,mmd,,,,,moe,coral,near_nearest_proxy,main,3.0,4,4test,near,False,0.33393656675270517,3.0,direct,0.05683555467955629,0.03566415424551014,0.08035022972747578
6,bnci004,MMP_moe,CSP,lda,sa,1,3,3,5139,0.05,no_leakage_v1_alpha005,gate_all_sources_proxy_source_only_final_training_only,mmd,,,,,moe,coral,near_nearest_proxy,anchor,3.0,4,4test,proxy_source,False,0.5955596224973252,3.0,direct,0.05683555467955629,0.03566415424551014,0.08035022972747578
6,bnci004,MMP_moe,CSP,lda,sa,1,3,3,5139,0.05,no_leakage_v1_alpha005,gate_all_sources_proxy_source_only_final_training_only,mmd,,,,,moe,coral,near_nearest_proxy,final,3.0,4,4test,train,False,0.33393656675270517,3.0,direct,0.05683555467955629,0.03566415424551014,0.08035022972747578
6,bnci004,MMP_moe,CSP,lda,sa,1,3,3,5139,0.05,no_leakage_v1_alpha005,gate_all_sources_proxy_source_only_final_training_only,mmd,,,,,moe,coral,near_nearest_proxy,main,,3,3test,target,False,,,,,,
6,bnci004,MMP_moe,CSP,lda,sa,1,3,3,5139,0.05,no_leakage_v1_alpha005,gate_all_sources_proxy_source_only_final_training_only,mmd,,,,,moe,coral,near_nearest_proxy,final,,3,3test,target,False,,,,,,
6,bnci004,MMP_moe,CSP,lda,sa,1,4,4,5170,0.05,no_leakage_v1_alpha005,gate_all_sources_proxy_source_only_final_training_only,mmd,,,,,moe,coral,near_nearest_proxy,main,0.0,0,0train,nearest,True,0.28151559779173174,4.0,direct,0.0572703939627246,0.03193881295210011,0.08564874500345411
6,bnci004,MMP_moe,CSP,lda,sa,1,4,4,5170,0.05,no_leakage_v1_alpha005,gate_all_sources_proxy_source_only_final_training_only,mmd,,,,,moe,coral,near_nearest_proxy,anchor,0.0,0,0train,target,False,,4.0,direct,0.0572703939627246,0.03193881295210011,0.08564874500345411
6,bnci004,MMP_moe,CSP,lda,sa,1,4,4,5170,0.05,no_leakage_v1_alpha005,gate_all_sources_proxy_source_only_final_training_only,mmd,,,,,moe,coral,near_nearest_proxy,final,0.0,0,0train,train,True,0.28151559779173174,4.0,direct,0.0572703939627246,0.03193881295210011,0.08564874500345411
6,bnci004,MMP_moe,CSP,lda,sa,1,4,4,5170,0.05,no_leakage_v1_alpha005,gate_all_sources_proxy_source_only_final_training_only,mmd,,,,,moe,coral,near_nearest_proxy,main,1.0,1,1train,near,False,0.21939131624227953,4.0,direct,0.07348773685582603,0.04828541978542126,0.10615368787500537
6,bnci004,MMP_moe,CSP,lda,sa,1,4,4,5170,0.05,no_leakage_v1_alpha005,gate_all_sources_proxy_source_only_final_training_only,mmd,,,,,moe,coral,near_nearest_proxy,anchor,1.0,1,1train,proxy_source,False,0.30535292842541656,4.0,direct,0.07348773685582603,0.04828541978542126,0.10615368787500537
6,bnci004,MMP_moe,CSP,lda,sa,1,4,4,5170,0.05,no_leakage_v1_alpha005,gate_all_sources_proxy_source_only_final_training_only,mmd,,,,,moe,coral,near_nearest_proxy,final,1.0,1,1train,train,False,0.21939131624227953,4.0,direct,0.07348773685582603,0.04828541978542126,0.10615368787500537
6,bnci004,MMP_moe,CSP,lda,sa,1,4,4,5170,0.05,no_leakage_v1_alpha005,gate_all_sources_proxy_source_only_final_training_only,mmd,,,,,moe,coral,near_nearest_proxy,main,2.0,2,2train,near,False,0.24423429827335336,4.0,direct,0.06601262225438602,0.042152137531178475,0.09621971718616923
6,bnci004,MMP_moe,CSP,lda,sa,1,4,4,5170,0.05,no_leakage_v1_alpha005,gate_all_sources_proxy_source_only_final_training_only,mmd,,,,,moe,coral,near_nearest_proxy,anchor,2.0,2,2train,proxy_source,False,0.33992985445849216,4.0,direct,0.06601262225438602,0.042152137531178475,0.09621971718616923
6,bnci004,MMP_moe,CSP,lda,sa,1,4,4,5170,0.05,no_leakage_v1_alpha005,gate_all_sources_proxy_source_only_final_training_only,mmd,,,,,moe,coral,near_nearest_proxy,final,2.0,2,2train,train,False,0.24423429827335336,4.0,direct,0.06601262225438602,0.042152137531178475,0.09621971718616923
6,bnci004,MMP_moe,CSP,lda,sa,1,4,4,5170,0.05,no_leakage_v1_alpha005,gate_all_sources_proxy_source_only_final_training_only,mmd,,,,,moe,coral,near_nearest_proxy,main,3.0,3,3test,near,False,0.25485878769263537,4.0,direct,0.06326066287515497,0.03847471832000743,0.09545316771464972
6,bnci004,MMP_moe,CSP,lda,sa,1,4,4,5170,0.05,no_leakage_v1_alpha005,gate_all_sources_proxy_source_only_final_training_only,mmd,,,,,moe,coral,near_nearest_proxy,anchor,3.0,3,3test,proxy_source,False,0.35471721711609133,4.0,direct,0.06326066287515497,0.03847471832000743,0.09545316771464972
6,bnci004,MMP_moe,CSP,lda,sa,1,4,4,5170,0.05,no_leakage_v1_alpha005,gate_all_sources_proxy_source_only_final_training_only,mmd,,,,,moe,coral,near_nearest_proxy,final,3.0,3,3test,train,False,0.25485878769263537,4.0,direct,0.06326066287515497,0.03847471832000743,0.09545316771464972
6,bnci004,MMP_moe,CSP,lda,sa,1,4,4,5170,0.05,no_leakage_v1_alpha005,gate_all_sources_proxy_source_only_final_training_only,mmd,,,,,moe,coral,near_nearest_proxy,main,,4,4test,target,False,,,,,,
6,bnci004,MMP_moe,CSP,lda,sa,1,4,4,5170,0.05,no_leakage_v1_alpha005,gate_all_sources_proxy_source_only_final_training_only,mmd,,,,,moe,coral,near_nearest_proxy,final,,4,4test,target,False,,,,,,
6,bnci004,MMP_moe,CSP,lda,pt,2,0,0,6043,0.05,no_leakage_v1_alpha005,gate_all_sources_proxy_source_only_final_training_only,mmd,,,,,moe,coral,near_nearest_proxy,main,0.0,1,1train,far,False,,0.0,direct,0.1601543470875498,0.11222212574272296,0.22756021910364
6,bnci004,MMP_moe,CSP,lda,pt,2,0,0,6043,0.05,no_leakage_v1_alpha005,gate_all_sources_proxy_source_only_final_training_only,mmd,,,,,moe,coral,near_nearest_proxy,anchor,0.0,1,1train,second_nearest_fallback_source,False,1.0,0.0,direct,0.1601543470875498,0.11222212574272296,0.22756021910364
6,bnci004,MMP_moe,CSP,lda,pt,2,0,0,6043,0.05,no_leakage_v1_alpha005,gate_all_sources_proxy_source_only_final_training_only,mmd,,,,,moe,coral,near_nearest_proxy,final,0.0,1,1train,not_used,False,,0.0,direct,0.1601543470875498,0.11222212574272296,0.22756021910364
6,bnci004,MMP_moe,CSP,lda,pt,2,0,0,6043,0.05,no_leakage_v1_alpha005,gate_all_sources_proxy_source_only_final_training_only,mmd,,,,,moe,coral,near_nearest_proxy,main,1.0,2,2train,far,False,,0.0,direct,0.1955207825771325,0.1411263507476183,0.25209061062840443
6,bnci004,MMP_moe,CSP,lda,pt,2,0,0,6043,0.05,no_leakage_v1_alpha005,gate_all_sources_proxy_source_only_final_training_only,mmd,,,,,moe,coral,near_nearest_proxy,anchor,1.0,2,2train,not_used,False,,0.0,direct,0.1955207825771325,0.1411263507476183,0.25209061062840443
6,bnci004,MMP_moe,CSP,lda,pt,2,0,0,6043,0.05,no_leakage_v1_alpha005,gate_all_sources_proxy_source_only_final_training_only,mmd,,,,,moe,coral,near_nearest_proxy,final,1.0,2,2train,not_used,False,,0.0,direct,0.1955207825771325,0.1411263507476183,0.25209061062840443
6,bnci004,MMP_moe,CSP,lda,pt,2,0,0,6043,0.05,no_leakage_v1_alpha005,gate_all_sources_proxy_source_only_final_training_only,mmd,,,,,moe,coral,near_nearest_proxy,main,2.0,3,3test,far,False,,0.0,direct,0.23307681495390006,0.17339864252770407,0.2940710022514365
6,bnci004,MMP_moe,CSP,lda,pt,2,0,0,6043,0.05,no_leakage_v1_alpha005,gate_all_sources_proxy_source_only_final_training_only,mmd,,,,,moe,coral,near_nearest_proxy,anchor,2.0,3,3test,not_used,False,,0.0,direct,0.23307681495390006,0.17339864252770407,0.2940710022514365
6,bnci004,MMP_moe,CSP,lda,pt,2,0,0,6043,0.05,no_leakage_v1_alpha005,gate_all_sources_proxy_source_only_final_training_only,mmd,,,,,moe,coral,near_nearest_proxy,final,2.0,3,3test,not_used,False,,0.0,direct,0.23307681495390006,0.17339864252770407,0.2940710022514365
6,bnci004,MMP_moe,CSP,lda,pt,2,0,0,6043,0.05,no_leakage_v1_alpha005,gate_all_sources_proxy_source_only_final_training_only,mmd,,,,,moe,coral,near_nearest_proxy,main,3.0,4,4test,nearest,True,1.0,0.0,direct,0.06366021672877491,0.040800492036064624,0.09961609938198764
6,bnci004,MMP_moe,CSP,lda,pt,2,0,0,6043,0.05,no_leakage_v1_alpha005,gate_all_sources_proxy_source_only_final_training_only,mmd,,,,,moe,coral,near_nearest_proxy,anchor,3.0,4,4test,target,False,,0.0,direct,0.06366021672877491,0.040800492036064624,0.09961609938198764
6,bnci004,MMP_moe,CSP,lda,pt,2,0,0,6043,0.05,no_leakage_v1_alpha005,gate_all_sources_proxy_source_only_final_training_only,mmd,,,,,moe,coral,near_nearest_proxy,final,3.0,4,4test,train,True,1.0,0.0,direct,0.06366021672877491,0.040800492036064624,0.09961609938198764
6,bnci004,MMP_moe,CSP,lda,pt,2,0,0,6043,0.05,no_leakage_v1_alpha005,gate_all_sources_proxy_source_only_final_training_only,mmd,,,,,moe,coral,near_nearest_proxy,main,,0,0train,target,False,,,,,,
6,bnci004,MMP_moe,CSP,lda,pt,2,0,0,6043,0.05,no_leakage_v1_alpha005,gate_all_sources_proxy_source_only_final_training_only,mmd,,,,,moe,coral,near_nearest_proxy,final,,0,0train,target,False,,,,,,
6,bnci004,MMP_moe,CSP,lda,pt,2,1,1,6074,0.05,no_leakage_v1_alpha005,gate_all_sources_proxy_source_only_final_training_only,mmd,,,,,moe,coral,near_nearest_proxy,main,0.0,0,0train,near,False,0.20561067233946384,1.0,direct,0.14374837488499226,0.09228524512086184,0.1997134067620564
6,bnci004,MMP_moe,CSP,lda,pt,2,1,1,6074,0.05,no_leakage_v1_alpha005,gate_all_sources_proxy_source_only_final_training_only,mmd,,,,,moe,coral,near_nearest_proxy,anchor,0.0,0,0train,proxy_source,False,0.29825102546054333,1.0,direct,0.14374837488499226,0.09228524512086184,0.1997134067620564
6,bnci004,MMP_moe,CSP,lda,pt,2,1,1,6074,0.05,no_leakage_v1_alpha005,gate_all_sources_proxy_source_only_final_training_only,mmd,,,,,moe,coral,near_nearest_proxy,final,0.0,0,0train,train,False,0.20561067233946384,1.0,direct,0.14374837488499226,0.09228524512086184,0.1997134067620564
6,bnci004,MMP_moe,CSP,lda,pt,2,1,1,6074,0.05,no_leakage_v1_alpha005,gate_all_sources_proxy_source_only_final_training_only,mmd,,,,,moe,coral,near_nearest_proxy,main,1.0,2,2train,near,False,0.27255808714849383,1.0,direct,0.10843975818002831,0.06927776675891024,0.14883581639766336
6,bnci004,MMP_moe,CSP,lda,pt,2,1,1,6074,0.05,no_leakage_v1_alpha005,gate_all_sources_proxy_source_only_final_training_only,mmd,,,,,moe,coral,near_nearest_proxy,anchor,1.0,2,2train,proxy_source,False,0.3953624005245757,1.0,direct,0.10843975818002831,0.06927776675891024,0.14883581639766336
6,bnci004,MMP_moe,CSP,lda,pt,2,1,1,6074,0.05,no_leakage_v1_alpha005,gate_all_sources_proxy_source_only_final_training_only,mmd,,,,,moe,coral,near_nearest_proxy,final,1.0,2,2train,train,False,0.27255808714849383,1.0,direct,0.10843975818002831,0.06927776675891024,0.14883581639766336
6,bnci004,MMP_moe,CSP,lda,pt,2,1,1,6074,0.05,no_leakage_v1_alpha005,gate_all_sources_proxy_source_only_final_training_only,mmd,,,,,moe,coral,near_nearest_proxy,main,2.0,3,3test,near,False,0.2112192217334676,1.0,direct,0.13993136683627877,0.10104853953737686,0.1866247627230559
6,bnci004,MMP_moe,CSP,lda,pt,2,1,1,6074,0.05,no_leakage_v1_alpha005,gate_all_sources_proxy_source_only_final_training_only,mmd,,,,,moe,coral,near_nearest_proxy,anchor,2.0,3,3test,proxy_source,False,0.30638657401488106,1.0,direct,0.13993136683627877,0.10104853953737686,0.1866247627230559
6,bnci004,MMP_moe,CSP,lda,pt,2,1,1,6074,0.05,no_leakage_v1_alpha005,gate_all_sources_proxy_source_only_final_training_only,mmd,,,,,moe,coral,near_nearest_proxy,final,2.0,3,3test,train,False,0.2112192217334676,1.0,direct,0.13993136683627877,0.10104853953737686,0.1866247627230559
6,bnci004,MMP_moe,CSP,lda,pt,2,1,1,6074,0.05,no_leakage_v1_alpha005,gate_all_sources_proxy_source_only_final_training_only,mmd,,,,,moe,coral,near_nearest_proxy,main,3.0,4,4test,nearest,True,0.3106120187785749,1.0,direct,0.09515438302318781,0.06063537811348517,0.13682368304398407
6,bnci004,MMP_moe,CSP,lda,pt,2,1,1,6074,0.05,no_leakage_v1_alpha005,gate_all_sources_proxy_source_only_final_training_only,mmd,,,,,moe,coral,near_nearest_proxy,anchor,3.0,4,4test,target,False,,1.0,direct,0.09515438302318781,0.06063537811348517,0.13682368304398407
6,bnci004,MMP_moe,CSP,lda,pt,2,1,1,6074,0.05,no_leakage_v1_alpha005,gate_all_sources_proxy_source_only_final_training_only,mmd,,,,,moe,coral,near_nearest_proxy,final,3.0,4,4test,train,True,0.3106120187785749,1.0,direct,0.09515438302318781,0.06063537811348517,0.13682368304398407
6,bnci004,MMP_moe,CSP,lda,pt,2,1,1,6074,0.05,no_leakage_v1_alpha005,gate_all_sources_proxy_source_only_final_training_only,mmd,,,,,moe,coral,near_nearest_proxy,main,,1,1train,target,False,,,,,,
6,bnci004,MMP_moe,CSP,lda,pt,2,1,1,6074,0.05,no_leakage_v1_alpha005,gate_all_sources_proxy_source_only_final_training_only,mmd,,,,,moe,coral,near_nearest_proxy,final,,1,1train,target,False,,,,,,
6,bnci004,MMP_moe,CSP,lda,pt,2,2,2,6105,0.05,no_leakage_v1_alpha005,gate_all_sources_proxy_source_only_final_training_only,mmd,,,,,moe,coral,near_nearest_proxy,main,0.0,0,0train,far,False,,2.0,direct,0.1759044931598524,0.12900065725400722,0.23456221961890783
6,bnci004,MMP_moe,CSP,lda,pt,2,2,2,6105,0.05,no_leakage_v1_alpha005,gate_all_sources_proxy_source_only_final_training_only,mmd,,,,,moe,coral,near_nearest_proxy,anchor,0.0,0,0train,not_used,False,,2.0,direct,0.1759044931598524,0.12900065725400722,0.23456221961890783
6,bnci004,MMP_moe,CSP,lda,pt,2,2,2,6105,0.05,no_leakage_v1_alpha005,gate_all_sources_proxy_source_only_final_training_only,mmd,,,,,moe,coral,near_nearest_proxy,final,0.0,0,0train,not_used,False,,2.0,direct,0.1759044931598524,0.12900065725400722,0.23456221961890783
6,bnci004,MMP_moe,CSP,lda,pt,2,2,2,6105,0.05,no_leakage_v1_alpha005,gate_all_sources_proxy_source_only_final_training_only,mmd,,,,,moe,coral,near_nearest_proxy,main,1.0,1,1train,near,False,0.21218996746472474,2.0,direct,0.09969547055465497,0.06280316598465038,0.1448531436690639
6,bnci004,MMP_moe,CSP,lda,pt,2,2,2,6105,0.05,no_leakage_v1_alpha005,gate_all_sources_proxy_source_only_final_training_only,mmd,,,,,moe,coral,near_nearest_proxy,anchor,1.0,1,1train,proxy_source,False,0.42328096897857065,2.0,direct,0.09969547055465497,0.06280316598465038,0.1448531436690639
6,bnci004,MMP_moe,CSP,lda,pt,2,2,2,6105,0.05,no_leakage_v1_alpha005,gate_all_sources_proxy_source_only_final_training_only,mmd,,,,,moe,coral,near_nearest_proxy,final,1.0,1,1train,train,False,0.21218996746472474,2.0,direct,0.09969547055465497,0.06280316598465038,0.1448531436690639
6,bnci004,MMP_moe,CSP,lda,pt,2,2,2,6105,0.05,no_leakage_v1_alpha005,gate_all_sources_proxy_source_only_final_training_only,mmd,,,,,moe,coral,near_nearest_proxy,main,2.0,3,3test,nearest,True,0.49870184814411705,2.0,direct,0.042418315111955984,0.022431131394033885,0.06904277010361407
6,bnci004,MMP_moe,CSP,lda,pt,2,2,2,6105,0.05,no_leakage_v1_alpha005,gate_all_sources_proxy_source_only_final_training_only,mmd,,,,,moe,coral,near_nearest_proxy,anchor,2.0,3,3test,target,False,,2.0,direct,0.042418315111955984,0.022431131394033885,0.06904277010361407
6,bnci004,MMP_moe,CSP,lda,pt,2,2,2,6105,0.05,no_leakage_v1_alpha005,gate_all_sources_proxy_source_only_final_training_only,mmd,,,,,moe,coral,near_nearest_proxy,final,2.0,3,3test,train,True,0.49870184814411705,2.0,direct,0.042418315111955984,0.022431131394033885,0.06904277010361407
6,bnci004,MMP_moe,CSP,lda,pt,2,2,2,6105,0.05,no_leakage_v1_alpha005,gate_all_sources_proxy_source_only_final_training_only,mmd,,,,,moe,coral,near_nearest_proxy,main,3.0,4,4test,near,False,0.2891081843911581,2.0,direct,0.07317088507786534,0.04845864954526246,0.1023933207564551
6,bnci004,MMP_moe,CSP,lda,pt,2,2,2,6105,0.05,no_leakage_v1_alpha005,gate_all_sources_proxy_source_only_final_training_only,mmd,,,,,moe,coral,near_nearest_proxy,anchor,3.0,4,4test,proxy_source,False,0.5767190310214294,2.0,direct,0.07317088507786534,0.04845864954526246,0.1023933207564551
6,bnci004,MMP_moe,CSP,lda,pt,2,2,2,6105,0.05,no_leakage_v1_alpha005,gate_all_sources_proxy_source_only_final_training_only,mmd,,,,,moe,coral,near_nearest_proxy,final,3.0,4,4test,train,False,0.2891081843911581,2.0,direct,0.07317088507786534,0.04845864954526246,0.1023933207564551
6,bnci004,MMP_moe,CSP,lda,pt,2,2,2,6105,0.05,no_leakage_v1_alpha005,gate_all_sources_proxy_source_only_final_training_only,mmd,,,,,moe,coral,near_nearest_proxy,main,,2,2train,target,False,,,,,,
6,bnci004,MMP_moe,CSP,lda,pt,2,2,2,6105,0.05,no_leakage_v1_alpha005,gate_all_sources_proxy_source_only_final_training_only,mmd,,,,,moe,coral,near_nearest_proxy,final,,2,2train,target,False,,,,,,
6,bnci004,MMP_moe,CSP,lda,pt,2,3,3,6136,0.05,no_leakage_v1_alpha005,gate_all_sources_proxy_source_only_final_training_only,mmd,,,,,moe,coral,near_nearest_proxy,main,0.0,0,0train,far,False,,3.0,direct,0.15496697520809316,0.12058227569289286,0.20183426118287018
6,bnci004,MMP_moe,CSP,lda,pt,2,3,3,6136,0.05,no_leakage_v1_alpha005,gate_all_sources_proxy_source_only_final_training_only,mmd,,,,,moe,coral,near_nearest_proxy,anchor,0.0,0,0train,not_used,False,,3.0,direct,0.15496697520809316,0.12058227569289286,0.20183426118287018
6,bnci004,MMP_moe,CSP,lda,pt,2,3,3,6136,0.05,no_leakage_v1_alpha005,gate_all_sources_proxy_source_only_final_training_only,mmd,,,,,moe,coral,near_nearest_proxy,final,0.0,0,0train,not_used,False,,3.0,direct,0.15496697520809316,0.12058227569289286,0.20183426118287018
6,bnci004,MMP_moe,CSP,lda,pt,2,3,3,6136,0.05,no_leakage_v1_alpha005,gate_all_sources_proxy_source_only_final_training_only,mmd,,,,,moe,coral,near_nearest_proxy,main,1.0,1,1train,near,False,0.22887497507759183,3.0,direct,0.08340725635043522,0.05564852173692902,0.11615697317690117
6,bnci004,MMP_moe,CSP,lda,pt,2,3,3,6136,0.05,no_leakage_v1_alpha005,gate_all_sources_proxy_source_only_final_training_only,mmd,,,,,moe,coral,near_nearest_proxy,anchor,1.0,1,1train,proxy_source,False,0.41107916993453186,3.0,direct,0.08340725635043522,0.05564852173692902,0.11615697317690117
6,bnci004,MMP_moe,CSP,lda,pt,2,3,3,6136,0.05,no_leakage_v1_alpha005,gate_all_sources_proxy_source_only_final_training_only,mmd,,,,,moe,coral,near_nearest_proxy,final,1.0,1,1train,train,False,0.22887497507759183,3.0,direct,0.08340725635043522,0.05564852173692902,0.11615697317690117
6,bnci004,MMP_moe,CSP,lda,pt,2,3,3,6136,0.05,no_leakage_v1_alpha005,gate_all_sources_proxy_source_only_final_training_only,mmd,,,,,moe,coral,near_nearest_proxy,main,2.0,2,2train,nearest,True,0.443233829838563,3.0,direct,0.04306895835679856,0.02491750175756781,0.06644806547041363
6,bnci004,MMP_moe,CSP,lda,pt,2,3,3,6136,0.05,no_leakage_v1_alpha005,gate_all_sources_proxy_source_only_final_training_only,mmd,,,,,moe,coral,near_nearest_proxy,anchor,2.0,2,2train,target,False,,3.0,direct,0.04306895835679856,0.02491750175756781,0.06644806547041363
6,bnci004,MMP_moe,CSP,lda,pt,2,3,3,6136,0.05,no_leakage_v1_alpha005,gate_all_sources_proxy_source_only_final_training_only,mmd,,,,,moe,coral,near_nearest_proxy,final,2.0,2,2train,train,True,0.443233829838563,3.0,direct,0.04306895835679856,0.02491750175756781,0.06644806547041363
6,bnci004,MMP_moe,CSP,lda,pt,2,3,3,6136,0.05,no_leakage_v1_alpha005,gate_all_sources_proxy_source_only_final_training_only,mmd,,,,,moe,coral,near_nearest_proxy,main,3.0,4,4test,near,False,0.3278911950838452,3.0,direct,0.05821972345855375,0.034563457832972544,0.08461674645170696
6,bnci004,MMP_moe,CSP,lda,pt,2,3,3,6136,0.05,no_leakage_v1_alpha005,gate_all_sources_proxy_source_only_final_training_only,mmd,,,,,moe,coral,near_nearest_proxy,anchor,3.0,4,4test,proxy_source,False,0.5889208300654682,3.0,direct,0.05821972345855375,0.034563457832972544,0.08461674645170696
6,bnci004,MMP_moe,CSP,lda,pt,2,3,3,6136,0.05,no_leakage_v1_alpha005,gate_all_sources_proxy_source_only_final_training_only,mmd,,,,,moe,coral,near_nearest_proxy,final,3.0,4,4test,train,False,0.3278911950838452,3.0,direct,0.05821972345855375,0.034563457832972544,0.08461674645170696
6,bnci004,MMP_moe,CSP,lda,pt,2,3,3,6136,0.05,no_leakage_v1_alpha005,gate_all_sources_proxy_source_only_final_training_only,mmd,,,,,moe,coral,near_nearest_proxy,main,,3,3test,target,False,,,,,,
6,bnci004,MMP_moe,CSP,lda,pt,2,3,3,6136,0.05,no_leakage_v1_alpha005,gate_all_sources_proxy_source_only_final_training_only,mmd,,,,,moe,coral,near_nearest_proxy,final,,3,3test,target,False,,,,,,
6,bnci004,MMP_moe,CSP,lda,pt,2,4,4,6167,0.05,no_leakage_v1_alpha005,gate_all_sources_proxy_source_only_final_training_only,mmd,,,,,moe,coral,near_nearest_proxy,main,0.0,0,0train,nearest,True,0.2811593843579045,4.0,direct,0.05670378798498327,0.038023084644309785,0.08345056263974826
6,bnci004,MMP_moe,CSP,lda,pt,2,4,4,6167,0.05,no_leakage_v1_alpha005,gate_all_sources_proxy_source_only_final_training_only,mmd,,,,,moe,coral,near_nearest_proxy,anchor,0.0,0,0train,target,False,,4.0,direct,0.05670378798498327,0.038023084644309785,0.08345056263974826
6,bnci004,MMP_moe,CSP,lda,pt,2,4,4,6167,0.05,no_leakage_v1_alpha005,gate_all_sources_proxy_source_only_final_training_only,mmd,,,,,moe,coral,near_nearest_proxy,final,0.0,0,0train,train,True,0.2811593843579045,4.0,direct,0.05670378798498327,0.038023084644309785,0.08345056263974826
6,bnci004,MMP_moe,CSP,lda,pt,2,4,4,6167,0.05,no_leakage_v1_alpha005,gate_all_sources_proxy_source_only_final_training_only,mmd,,,,,moe,coral,near_nearest_proxy,main,1.0,1,1train,near,False,0.22147102138910535,4.0,direct,0.07198622063051663,0.04223263766590834,0.10886456517300964
6,bnci004,MMP_moe,CSP,lda,pt,2,4,4,6167,0.05,no_leakage_v1_alpha005,gate_all_sources_proxy_source_only_final_training_only,mmd,,,,,moe,coral,near_nearest_proxy,anchor,1.0,1,1train,proxy_source,False,0.3080947522578132,4.0,direct,0.07198622063051663,0.04223263766590834,0.10886456517300964
6,bnci004,MMP_moe,CSP,lda,pt,2,4,4,6167,0.05,no_leakage_v1_alpha005,gate_all_sources_proxy_source_only_final_training_only,mmd,,,,,moe,coral,near_nearest_proxy,final,1.0,1,1train,train,False,0.22147102138910535,4.0,direct,0.07198622063051663,0.04223263766590834,0.10886456517300964
6,bnci004,MMP_moe,CSP,lda,pt,2,4,4,6167,0.05,no_leakage_v1_alpha005,gate_all_sources_proxy_source_only_final_training_only,mmd,,,,,moe,coral,near_nearest_proxy,main,2.0,2,2train,near,False,0.24167728448388381,4.0,direct,0.06596748071199904,0.04107804920834014,0.09088497251567303
6,bnci004,MMP_moe,CSP,lda,pt,2,4,4,6167,0.05,no_leakage_v1_alpha005,gate_all_sources_proxy_source_only_final_training_only,mmd,,,,,moe,coral,near_nearest_proxy,anchor,2.0,2,2train,proxy_source,False,0.3362042700773224,4.0,direct,0.06596748071199904,0.04107804920834014,0.09088497251567303
6,bnci004,MMP_moe,CSP,lda,pt,2,4,4,6167,0.05,no_leakage_v1_alpha005,gate_all_sources_proxy_source_only_final_training_only,mmd,,,,,moe,coral,near_nearest_proxy,final,2.0,2,2train,train,False,0.24167728448388381,4.0,direct,0.06596748071199904,0.04107804920834014,0.09088497251567303
6,bnci004,MMP_moe,CSP,lda,pt,2,4,4,6167,0.05,no_leakage_v1_alpha005,gate_all_sources_proxy_source_only_final_training_only,mmd,,,,,moe,coral,near_nearest_proxy,main,3.0,3,3test,near,False,0.2556923097691064,4.0,direct,0.06235161159946584,0.03826460267501409,0.09271470241685294
6,bnci004,MMP_moe,CSP,lda,pt,2,4,4,6167,0.05,no_leakage_v1_alpha005,gate_all_sources_proxy_source_only_final_training_only,mmd,,,,,moe,coral,near_nearest_proxy,anchor,3.0,3,3test,proxy_source,False,0.35570097766486436,4.0,direct,0.06235161159946584,0.03826460267501409,0.09271470241685294
6,bnci004,MMP_moe,CSP,lda,pt,2,4,4,6167,0.05,no_leakage_v1_alpha005,gate_all_sources_proxy_source_only_final_training_only,mmd,,,,,moe,coral,near_nearest_proxy,final,3.0,3,3test,train,False,0.2556923097691064,4.0,direct,0.06235161159946584,0.03826460267501409,0.09271470241685294
6,bnci004,MMP_moe,CSP,lda,pt,2,4,4,6167,0.05,no_leakage_v1_alpha005,gate_all_sources_proxy_source_only_final_training_only,mmd,,,,,moe,coral,near_nearest_proxy,main,,4,4test,target,False,,,,,,
6,bnci004,MMP_moe,CSP,lda,pt,2,4,4,6167,0.05,no_leakage_v1_alpha005,gate_all_sources_proxy_source_only_final_training_only,mmd,,,,,moe,coral,near_nearest_proxy,final,,4,4test,target,False,,,,,,
6,bnci004,MMP_moe,CSP,lda,coral,3,0,0,7040,0.05,no_leakage_v1_alpha005,gate_all_sources_proxy_source_only_final_training_only,mmd,,,,,moe,coral,near_nearest_proxy,main,0.0,1,1train,near,False,0.29271200063682407,0.0,direct,0.15583094385944082,0.10139481691646074,0.20927389252864337
6,bnci004,MMP_moe,CSP,lda,coral,3,0,0,7040,0.05,no_leakage_v1_alpha005,gate_all_sources_proxy_source_only_final_training_only,mmd,,,,,moe,coral,near_nearest_proxy,anchor,0.0,1,1train,proxy_source,False,1.0,0.0,direct,0.15583094385944082,0.10139481691646074,0.20927389252864337
6,bnci004,MMP_moe,CSP,lda,coral,3,0,0,7040,0.05,no_leakage_v1_alpha005,gate_all_sources_proxy_source_only_final_training_only,mmd,,,,,moe,coral,near_nearest_proxy,final,0.0,1,1train,train,False,0.29271200063682407,0.0,direct,0.15583094385944082,0.10139481691646074,0.20927389252864337
6,bnci004,MMP_moe,CSP,lda,coral,3,0,0,7040,0.05,no_leakage_v1_alpha005,gate_all_sources_proxy_source_only_final_training_only,mmd,,,,,moe,coral,near_nearest_proxy,main,1.0,2,2train,far,False,,0.0,direct,0.19636879419117734,0.13937951584277017,0.25575342068744655
6,bnci004,MMP_moe,CSP,lda,coral,3,0,0,7040,0.05,no_leakage_v1_alpha005,gate_all_sources_proxy_source_only_final_training_only,mmd,,,,,moe,coral,near_nearest_proxy,anchor,1.0,2,2train,not_used,False,,0.0,direct,0.19636879419117734,0.13937951584277017,0.25575342068744655
6,bnci004,MMP_moe,CSP,lda,coral,3,0,0,7040,0.05,no_leakage_v1_alpha005,gate_all_sources_proxy_source_only_final_training_only,mmd,,,,,moe,coral,near_nearest_proxy,final,1.0,2,2train,not_used,False,,0.0,direct,0.19636879419117734,0.13937951584277017,0.25575342068744655
6,bnci004,MMP_moe,CSP,lda,coral,3,0,0,7040,0.05,no_leakage_v1_alpha005,gate_all_sources_proxy_source_only_final_training_only,mmd,,,,,moe,coral,near_nearest_proxy,main,2.0,3,3test,far,False,,0.0,direct,0.23161289959389111,0.17784176533579948,0.2981145555713968
6,bnci004,MMP_moe,CSP,lda,coral,3,0,0,7040,0.05,no_leakage_v1_alpha005,gate_all_sources_proxy_source_only_final_training_only,mmd,,,,,moe,coral,near_nearest_proxy,anchor,2.0,3,3test,not_used,False,,0.0,direct,0.23161289959389111,0.17784176533579948,0.2981145555713968
6,bnci004,MMP_moe,CSP,lda,coral,3,0,0,7040,0.05,no_leakage_v1_alpha005,gate_all_sources_proxy_source_only_final_training_only,mmd,,,,,moe,coral,near_nearest_proxy,final,2.0,3,3test,not_used,False,,0.0,direct,0.23161289959389111,0.17784176533579948,0.2981145555713968
6,bnci004,MMP_moe,CSP,lda,coral,3,0,0,7040,0.05,no_leakage_v1_alpha005,gate_all_sources_proxy_source_only_final_training_only,mmd,,,,,moe,coral,near_nearest_proxy,main,3.0,4,4test,nearest,True,0.707287999363176,0.0,direct,0.06449023990692865,0.03736410932189001,0.10467583820945127
6,bnci004,MMP_moe,CSP,lda,coral,3,0,0,7040,0.05,no_leakage_v1_alpha005,gate_all_sources_proxy_source_only_final_training_only,mmd,,,,,moe,coral,near_nearest_proxy,anchor,3.0,4,4test,target,False,,0.0,direct,0.06449023990692865,0.03736410932189001,0.10467583820945127
6,bnci004,MMP_moe,CSP,lda,coral,3,0,0,7040,0.05,no_leakage_v1_alpha005,gate_all_sources_proxy_source_only_final_training_only,mmd,,,,,moe,coral,near_nearest_proxy,final,3.0,4,4test,train,True,0.707287999363176,0.0,direct,0.06449023990692865,0.03736410932189001,0.10467583820945127
6,bnci004,MMP_moe,CSP,lda,coral,3,0,0,7040,0.05,no_leakage_v1_alpha005,gate_all_sources_proxy_source_only_final_training_only,mmd,,,,,moe,coral,near_nearest_proxy,main,,0,0train,target,False,,,,,,
6,bnci004,MMP_moe,CSP,lda,coral,3,0,0,7040,0.05,no_leakage_v1_alpha005,gate_all_sources_proxy_source_only_final_training_only,mmd,,,,,moe,coral,near_nearest_proxy,final,,0,0train,target,False,,,,,,
6,bnci004,MMP_moe,CSP,lda,coral,3,1,1,7071,0.05,no_leakage_v1_alpha005,gate_all_sources_proxy_source_only_final_training_only,mmd,,,,,moe,coral,near_nearest_proxy,main,0.0,0,0train,near,False,0.20663712842526655,1.0,direct,0.14353743230786875,0.08909590361676707,0.2000462240638597
6,bnci004,MMP_moe,CSP,lda,coral,3,1,1,7071,0.05,no_leakage_v1_alpha005,gate_all_sources_proxy_source_only_final_training_only,mmd,,,,,moe,coral,near_nearest_proxy,anchor,0.0,0,0train,proxy_source,False,0.3004934651118433,1.0,direct,0.14353743230786875,0.08909590361676707,0.2000462240638597
6,bnci004,MMP_moe,CSP,lda,coral,3,1,1,7071,0.05,no_leakage_v1_alpha005,gate_all_sources_proxy_source_only_final_training_only,mmd,,,,,moe,coral,near_nearest_proxy,final,0.0,0,0train,train,False,0.20663712842526655,1.0,direct,0.14353743230786875,0.08909590361676707,0.2000462240638597
6,bnci004,MMP_moe,CSP,lda,coral,3,1,1,7071,0.05,no_leakage_v1_alpha005,gate_all_sources_proxy_source_only_final_training_only,mmd,,,,,moe,coral,near_nearest_proxy,main,1.0,2,2train,near,False,0.2689319561322613,1.0,direct,0.11028849440346714,0.06914431961949426,0.15841499497410907
6,bnci004,MMP_moe,CSP,lda,coral,3,1,1,7071,0.05,no_leakage_v1_alpha005,gate_all_sources_proxy_source_only_final_training_only,mmd,,,,,moe,coral,near_nearest_proxy,anchor,1.0,2,2train,proxy_source,False,0.3910831320263746,1.0,direct,0.11028849440346714,0.06914431961949426,0.15841499497410907
6,bnci004,MMP_moe,CSP,lda,coral,3,1,1,7071,0.05,no_leakage_v1_alpha005,gate_all_sources_proxy_source_only_final_training_only,mmd,,,,,moe,coral,near_nearest_proxy,final,1.0,2,2train,train,False,0.2689319561322613,1.0,direct,0.11028849440346714,0.06914431961949426,0.15841499497410907
6,bnci004,MMP_moe,CSP,lda,coral,3,1,1,7071,0.05,no_leakage_v1_alpha005,gate_all_sources_proxy_source_only_final_training_only,mmd,,,,,moe,coral,near_nearest_proxy,main,2.0,3,3test,near,False,0.21209022393477642,1.0,direct,0.1398468860576048,0.09040474638181387,0.18920764243717067
6,bnci004,MMP_moe,CSP,lda,coral,3,1,1,7071,0.05,no_leakage_v1_alpha005,gate_all_sources_proxy_source_only_final_training_only,mmd,,,,,moe,coral,near_nearest_proxy,anchor,2.0,3,3test,proxy_source,False,0.30842340286178205,1.0,direct,0.1398468860576048,0.09040474638181387,0.18920764243717067
6,bnci004,MMP_moe,CSP,lda,coral,3,1,1,7071,0.05,no_leakage_v1_alpha005,gate_all_sources_proxy_source_only_final_training_only,mmd,,,,,moe,coral,near_nearest_proxy,final,2.0,3,3test,train,False,0.21209022393477642,1.0,direct,0.1398468860576048,0.09040474638181387,0.18920764243717067
6,bnci004,MMP_moe,CSP,lda,coral,3,1,1,7071,0.05,no_leakage_v1_alpha005,gate_all_sources_proxy_source_only_final_training_only,mmd,,,,,moe,coral,near_nearest_proxy,main,3.0,4,4test,nearest,True,0.3123406915076956,1.0,direct,0.09496059250845391,0.0633976242692881,0.1387461219389626
6,bnci004,MMP_moe,CSP,lda,coral,3,1,1,7071,0.05,no_leakage_v1_alpha005,gate_all_sources_proxy_source_only_final_training_only,mmd,,,,,moe,coral,near_nearest_proxy,anchor,3.0,4,4test,target,False,,1.0,direct,0.09496059250845391,0.0633976242692881,0.1387461219389626
6,bnci004,MMP_moe,CSP,lda,coral,3,1,1,7071,0.05,no_leakage_v1_alpha005,gate_all_sources_proxy_source_only_final_training_only,mmd,,,,,moe,coral,near_nearest_proxy,final,3.0,4,4test,train,True,0.3123406915076956,1.0,direct,0.09496059250845391,0.0633976242692881,0.1387461219389626
6,bnci004,MMP_moe,CSP,lda,coral,3,1,1,7071,0.05,no_leakage_v1_alpha005,gate_all_sources_proxy_source_only_final_training_only,mmd,,,,,moe,coral,near_nearest_proxy,main,,1,1train,target,False,,,,,,
6,bnci004,MMP_moe,CSP,lda,coral,3,1,1,7071,0.05,no_leakage_v1_alpha005,gate_all_sources_proxy_source_only_final_training_only,mmd,,,,,moe,coral,near_nearest_proxy,final,,1,1train,target,False,,,,,,
6,bnci004,MMP_moe,CSP,lda,coral,3,2,2,7102,0.05,no_leakage_v1_alpha005,gate_all_sources_proxy_source_only_final_training_only,mmd,,,,,moe,coral,near_nearest_proxy,main,0.0,0,0train,far,False,,2.0,direct,0.17343137452586774,0.1293334471518427,0.22403774620110914
6,bnci004,MMP_moe,CSP,lda,coral,3,2,2,7102,0.05,no_leakage_v1_alpha005,gate_all_sources_proxy_source_only_final_training_only,mmd,,,,,moe,coral,near_nearest_proxy,anchor,0.0,0,0train,not_used,False,,2.0,direct,0.17343137452586774,0.1293334471518427,0.22403774620110914
6,bnci004,MMP_moe,CSP,lda,coral,3,2,2,7102,0.05,no_leakage_v1_alpha005,gate_all_sources_proxy_source_only_final_training_only,mmd,,,,,moe,coral,near_nearest_proxy,final,0.0,0,0train,not_used,False,,2.0,direct,0.17343137452586774,0.1293334471518427,0.22403774620110914
6,bnci004,MMP_moe,CSP,lda,coral,3,2,2,7102,0.05,no_leakage_v1_alpha005,gate_all_sources_proxy_source_only_final_training_only,mmd,,,,,moe,coral,near_nearest_proxy,main,1.0,1,1train,near,False,0.21949694677275935,2.0,direct,0.09765474221026213,0.057907878969983756,0.13918343857529897
6,bnci004,MMP_moe,CSP,lda,coral,3,2,2,7102,0.05,no_leakage_v1_alpha005,gate_all_sources_proxy_source_only_final_training_only,mmd,,,,,moe,coral,near_nearest_proxy,anchor,1.0,1,1train,proxy_source,False,0.42616238697976844,2.0,direct,0.09765474221026213,0.057907878969983756,0.13918343857529897
6,bnci004,MMP_moe,CSP,lda,coral,3,2,2,7102,0.05,no_leakage_v1_alpha005,gate_all_sources_proxy_source_only_final_training_only,mmd,,,,,moe,coral,near_nearest_proxy,final,1.0,1,1train,train,False,0.21949694677275935,2.0,direct,0.09765474221026213,0.057907878969983756,0.13918343857529897
6,bnci004,MMP_moe,CSP,lda,coral,3,2,2,7102,0.05,no_leakage_v1_alpha005,gate_all_sources_proxy_source_only_final_training_only,mmd,,,,,moe,coral,near_nearest_proxy,main,2.0,3,3test,nearest,True,0.48494528499254974,2.0,direct,0.04420014580619034,0.024814922224612054,0.07025201576934025
6,bnci004,MMP_moe,CSP,lda,coral,3,2,2,7102,0.05,no_leakage_v1_alpha005,gate_all_sources_proxy_source_only_final_training_only,mmd,,,,,moe,coral,near_nearest_proxy,anchor,2.0,3,3test,target,False,,2.0,direct,0.04420014580619034,0.024814922224612054,0.07025201576934025
6,bnci004,MMP_moe,CSP,lda,coral,3,2,2,7102,0.05,no_leakage_v1_alpha005,gate_all_sources_proxy_source_only_final_training_only,mmd,,,,,moe,coral,near_nearest_proxy,final,2.0,3,3test,train,True,0.48494528499254974,2.0,direct,0.04420014580619034,0.024814922224612054,0.07025201576934025
6,bnci004,MMP_moe,CSP,lda,coral,3,2,2,7102,0.05,no_leakage_v1_alpha005,gate_all_sources_proxy_source_only_final_training_only,mmd,,,,,moe,coral,near_nearest_proxy,main,3.0,4,4test,near,False,0.29555776823469093,2.0,direct,0.07252335751564956,0.044510614829128714,0.10760906072012612
6,bnci004,MMP_moe,CSP,lda,coral,3,2,2,7102,0.05,no_leakage_v1_alpha005,gate_all_sources_proxy_source_only_final_training_only,mmd,,,,,moe,coral,near_nearest_proxy,anchor,3.0,4,4test,proxy_source,False,0.5738376130202316,2.0,direct,0.07252335751564956,0.044510614829128714,0.10760906072012612
6,bnci004,MMP_moe,CSP,lda,coral,3,2,2,7102,0.05,no_leakage_v1_alpha005,gate_all_sources_proxy_source_only_final_training_only,mmd,,,,,moe,coral,near_nearest_proxy,final,3.0,4,4test,train,False,0.29555776823469093,2.0,direct,0.07252335751564956,0.044510614829128714,0.10760906072012612
6,bnci004,MMP_moe,CSP,lda,coral,3,2,2,7102,0.05,no_leakage_v1_alpha005,gate_all_sources_proxy_source_only_final_training_only,mmd,,,,,moe,coral,near_nearest_proxy,main,,2,2train,target,False,,,,,,
6,bnci004,MMP_moe,CSP,lda,coral,3,2,2,7102,0.05,no_leakage_v1_alpha005,gate_all_sources_proxy_source_only_final_training_only,mmd,,,,,moe,coral,near_nearest_proxy,final,,2,2train,target,False,,,,,,
6,bnci004,MMP_moe,CSP,lda,coral,3,3,3,7133,0.05,no_leakage_v1_alpha005,gate_all_sources_proxy_source_only_final_training_only,mmd,,,,,moe,coral,near_nearest_proxy,main,0.0,0,0train,far,False,,3.0,direct,0.15414200942618217,0.12037461951235744,0.19217369053733818
6,bnci004,MMP_moe,CSP,lda,coral,3,3,3,7133,0.05,no_leakage_v1_alpha005,gate_all_sources_proxy_source_only_final_training_only,mmd,,,,,moe,coral,near_nearest_proxy,anchor,0.0,0,0train,not_used,False,,3.0,direct,0.15414200942618217,0.12037461951235744,0.19217369053733818
6,bnci004,MMP_moe,CSP,lda,coral,3,3,3,7133,0.05,no_leakage_v1_alpha005,gate_all_sources_proxy_source_only_final_training_only,mmd,,,,,moe,coral,near_nearest_proxy,final,0.0,0,0train,not_used,False,,3.0,direct,0.15414200942618217,0.12037461951235744,0.19217369053733818
6,bnci004,MMP_moe,CSP,lda,coral,3,3,3,7133,0.05,no_leakage_v1_alpha005,gate_all_sources_proxy_source_only_final_training_only,mmd,,,,,moe,coral,near_nearest_proxy,main,1.0,1,1train,near,False,0.22570608042242443,3.0,direct,0.08375310398036115,0.05522107320631579,0.11727447599673761
6,bnci004,MMP_moe,CSP,lda,coral,3,3,3,7133,0.05,no_leakage_v1_alpha005,gate_all_sources_proxy_source_only_final_training_only,mmd,,,,,moe,coral,near_nearest_proxy,anchor,1.0,1,1train,proxy_source,False,0.40222077858726274,3.0,direct,0.08375310398036115,0.05522107320631579,0.11727447599673761
6,bnci004,MMP_moe,CSP,lda,coral,3,3,3,7133,0.05,no_leakage_v1_alpha005,gate_all_sources_proxy_source_only_final_training_only,mmd,,,,,moe,coral,near_nearest_proxy,final,1.0,1,1train,train,False,0.22570608042242443,3.0,direct,0.08375310398036115,0.05522107320631579,0.11727447599673761
6,bnci004,MMP_moe,CSP,lda,coral,3,3,3,7133,0.05,no_leakage_v1_alpha005,gate_all_sources_proxy_source_only_final_training_only,mmd,,,,,moe,coral,near_nearest_proxy,main,2.0,2,2train,nearest,True,0.4388502721933422,3.0,direct,0.04307476348128851,0.024586875828343645,0.06564640842980242
6,bnci004,MMP_moe,CSP,lda,coral,3,3,3,7133,0.05,no_leakage_v1_alpha005,gate_all_sources_proxy_source_only_final_training_only,mmd,,,,,moe,coral,near_nearest_proxy,anchor,2.0,2,2train,target,False,,3.0,direct,0.04307476348128851,0.024586875828343645,0.06564640842980242
6,bnci004,MMP_moe,CSP,lda,coral,3,3,3,7133,0.05,no_leakage_v1_alpha005,gate_all_sources_proxy_source_only_final_training_only,mmd,,,,,moe,coral,near_nearest_proxy,final,2.0,2,2train,train,True,0.4388502721933422,3.0,direct,0.04307476348128851,0.024586875828343645,0.06564640842980242
6,bnci004,MMP_moe,CSP,lda,coral,3,3,3,7133,0.05,no_leakage_v1_alpha005,gate_all_sources_proxy_source_only_final_training_only,mmd,,,,,moe,coral,near_nearest_proxy,main,3.0,4,4test,near,False,0.33544364738423327,3.0,direct,0.056353653534535884,0.03481310933065936,0.08470871707292371
6,bnci004,MMP_moe,CSP,lda,coral,3,3,3,7133,0.05,no_leakage_v1_alpha005,gate_all_sources_proxy_source_only_final_training_only,mmd,,,,,moe,coral,near_nearest_proxy,anchor,3.0,4,4test,proxy_source,False,0.5977792214127372,3.0,direct,0.056353653534535884,0.03481310933065936,0.08470871707292371
6,bnci004,MMP_moe,CSP,lda,coral,3,3,3,7133,0.05,no_leakage_v1_alpha005,gate_all_sources_proxy_source_only_final_training_only,mmd,,,,,moe,coral,near_nearest_proxy,final,3.0,4,4test,train,False,0.33544364738423327,3.0,direct,0.056353653534535884,0.03481310933065936,0.08470871707292371
6,bnci004,MMP_moe,CSP,lda,coral,3,3,3,7133,0.05,no_leakage_v1_alpha005,gate_all_sources_proxy_source_only_final_training_only,mmd,,,,,moe,coral,near_nearest_proxy,main,,3,3test,target,False,,,,,,
6,bnci004,MMP_moe,CSP,lda,coral,3,3,3,7133,0.05,no_leakage_v1_alpha005,gate_all_sources_proxy_source_only_final_training_only,mmd,,,,,moe,coral,near_nearest_proxy,final,,3,3test,target,False,,,,,,
6,bnci004,MMP_moe,CSP,lda,coral,3,4,4,7164,0.05,no_leakage_v1_alpha005,gate_all_sources_proxy_source_only_final_training_only,mmd,,,,,moe,coral,near_nearest_proxy,main,0.0,0,0train,nearest,True,0.27572326586960527,4.0,direct,0.05833900070020599,0.0356099371155893,0.0859204447460413
6,bnci004,MMP_moe,CSP,lda,coral,3,4,4,7164,0.05,no_leakage_v1_alpha005,gate_all_sources_proxy_source_only_final_training_only,mmd,,,,,moe,coral,near_nearest_proxy,anchor,0.0,0,0train,target,False,,4.0,direct,0.05833900070020599,0.0356099371155893,0.0859204447460413
6,bnci004,MMP_moe,CSP,lda,coral,3,4,4,7164,0.05,no_leakage_v1_alpha005,gate_all_sources_proxy_source_only_final_training_only,mmd,,,,,moe,coral,near_nearest_proxy,final,0.0,0,0train,train,True,0.27572326586960527,4.0,direct,0.05833900070020599,0.0356099371155893,0.0859204447460413
6,bnci004,MMP_moe,CSP,lda,coral,3,4,4,7164,0.05,no_leakage_v1_alpha005,gate_all_sources_proxy_source_only_final_training_only,mmd,,,,,moe,coral,near_nearest_proxy,main,1.0,1,1train,near,False,0.21545393527603432,4.0,direct,0.07465855775320258,0.04863458061223766,0.11153227294391747
6,bnci004,MMP_moe,CSP,lda,coral,3,4,4,7164,0.05,no_leakage_v1_alpha005,gate_all_sources_proxy_source_only_final_training_only,mmd,,,,,moe,coral,near_nearest_proxy,anchor,1.0,1,1train,proxy_source,False,0.29747460483418653,4.0,direct,0.07465855775320258,0.04863458061223766,0.11153227294391747
6,bnci004,MMP_moe,CSP,lda,coral,3,4,4,7164,0.05,no_leakage_v1_alpha005,gate_all_sources_proxy_source_only_final_training_only,mmd,,,,,moe,coral,near_nearest_proxy,final,1.0,1,1train,train,False,0.21545393527603432,4.0,direct,0.07465855775320258,0.04863458061223766,0.11153227294391747
6,bnci004,MMP_moe,CSP,lda,coral,3,4,4,7164,0.05,no_leakage_v1_alpha005,gate_all_sources_proxy_source_only_final_training_only,mmd,,,,,moe,coral,near_nearest_proxy,main,2.0,2,2train,near,False,0.2492225465555383,4.0,direct,0.0645425003622805,0.04080195242223647,0.09319092764309257
6,bnci004,MMP_moe,CSP,lda,coral,3,4,4,7164,0.05,no_leakage_v1_alpha005,gate_all_sources_proxy_source_only_final_training_only,mmd,,,,,moe,coral,near_nearest_proxy,anchor,2.0,2,2train,proxy_source,False,0.34409851208981357,4.0,direct,0.0645425003622805,0.04080195242223647,0.09319092764309257
6,bnci004,MMP_moe,CSP,lda,coral,3,4,4,7164,0.05,no_leakage_v1_alpha005,gate_all_sources_proxy_source_only_final_training_only,mmd,,,,,moe,coral,near_nearest_proxy,final,2.0,2,2train,train,False,0.2492225465555383,4.0,direct,0.0645425003622805,0.04080195242223647,0.09319092764309257
6,bnci004,MMP_moe,CSP,lda,coral,3,4,4,7164,0.05,no_leakage_v1_alpha005,gate_all_sources_proxy_source_only_final_training_only,mmd,,,,,moe,coral,near_nearest_proxy,main,3.0,3,3test,near,False,0.2596002522988221,4.0,direct,0.06196232777589078,0.03472539256010106,0.09691585931084852
6,bnci004,MMP_moe,CSP,lda,coral,3,4,4,7164,0.05,no_leakage_v1_alpha005,gate_all_sources_proxy_source_only_final_training_only,mmd,,,,,moe,coral,near_nearest_proxy,anchor,3.0,3,3test,proxy_source,False,0.35842688307599996,4.0,direct,0.06196232777589078,0.03472539256010106,0.09691585931084852
6,bnci004,MMP_moe,CSP,lda,coral,3,4,4,7164,0.05,no_leakage_v1_alpha005,gate_all_sources_proxy_source_only_final_training_only,mmd,,,,,moe,coral,near_nearest_proxy,final,3.0,3,3test,train,False,0.2596002522988221,4.0,direct,0.06196232777589078,0.03472539256010106,0.09691585931084852
6,bnci004,MMP_moe,CSP,lda,coral,3,4,4,7164,0.05,no_leakage_v1_alpha005,gate_all_sources_proxy_source_only_final_training_only,mmd,,,,,moe,coral,near_nearest_proxy,main,,4,4test,target,False,,,,,,
6,bnci004,MMP_moe,CSP,lda,coral,3,4,4,7164,0.05,no_leakage_v1_alpha005,gate_all_sources_proxy_source_only_final_training_only,mmd,,,,,moe,coral,near_nearest_proxy,final,,4,4test,target,False,,,,,,
6,bnci004,MMP_moe,CSP,svm_radial,none,4,0,0,8037,0.05,no_leakage_v1_alpha005,gate_all_sources_proxy_source_only_final_training_only,mmd,,,,,moe,coral,near_nearest_proxy,main,0.0,1,1train,far,False,,0.0,direct,0.15700147978954973,0.1048326023142221,0.21077295982100622
6,bnci004,MMP_moe,CSP,svm_radial,none,4,0,0,8037,0.05,no_leakage_v1_alpha005,gate_all_sources_proxy_source_only_final_training_only,mmd,,,,,moe,coral,near_nearest_proxy,anchor,0.0,1,1train,second_nearest_fallback_source,False,1.0,0.0,direct,0.15700147978954973,0.1048326023142221,0.21077295982100622
6,bnci004,MMP_moe,CSP,svm_radial,none,4,0,0,8037,0.05,no_leakage_v1_alpha005,gate_all_sources_proxy_source_only_final_training_only,mmd,,,,,moe,coral,near_nearest_proxy,final,0.0,1,1train,not_used,False,,0.0,direct,0.15700147978954973,0.1048326023142221,0.21077295982100622
6,bnci004,MMP_moe,CSP,svm_radial,none,4,0,0,8037,0.05,no_leakage_v1_alpha005,gate_all_sources_proxy_source_only_final_training_only,mmd,,,,,moe,coral,near_nearest_proxy,main,1.0,2,2train,far,False,,0.0,direct,0.1969975660701978,0.1401831101702706,0.26456619839810325
6,bnci004,MMP_moe,CSP,svm_radial,none,4,0,0,8037,0.05,no_leakage_v1_alpha005,gate_all_sources_proxy_source_only_final_training_only,mmd,,,,,moe,coral,near_nearest_proxy,anchor,1.0,2,2train,not_used,False,,0.0,direct,0.1969975660701978,0.1401831101702706,0.26456619839810325
6,bnci004,MMP_moe,CSP,svm_radial,none,4,0,0,8037,0.05,no_leakage_v1_alpha005,gate_all_sources_proxy_source_only_final_training_only,mmd,,,,,moe,coral,near_nearest_proxy,final,1.0,2,2train,not_used,False,,0.0,direct,0.1969975660701978,0.1401831101702706,0.26456619839810325
6,bnci004,MMP_moe,CSP,svm_radial,none,4,0,0,8037,0.05,no_leakage_v1_alpha005,gate_all_sources_proxy_source_only_final_training_only,mmd,,,,,moe,coral,near_nearest_proxy,main,2.0,3,3test,far,False,,0.0,direct,0.23322768571792912,0.1751429338408614,0.2979337370084976
6,bnci004,MMP_moe,CSP,svm_radial,none,4,0,0,8037,0.05,no_leakage_v1_alpha005,gate_all_sources_proxy_source_only_final_training_only,mmd,,,,,moe,coral,near_nearest_proxy,anchor,2.0,3,3test,not_used,False,,0.0,direct,0.23322768571792912,0.1751429338408614,0.2979337370084976
6,bnci004,MMP_moe,CSP,svm_radial,none,4,0,0,8037,0.05,no_leakage_v1_alpha005,gate_all_sources_proxy_source_only_final_training_only,mmd,,,,,moe,coral,near_nearest_proxy,final,2.0,3,3test,not_used,False,,0.0,direct,0.23322768571792912,0.1751429338408614,0.2979337370084976
6,bnci004,MMP_moe,CSP,svm_radial,none,4,0,0,8037,0.05,no_leakage_v1_alpha005,gate_all_sources_proxy_source_only_final_training_only,mmd,,,,,moe,coral,near_nearest_proxy,main,3.0,4,4test,nearest,True,1.0,0.0,direct,0.06523297537393463,0.04287221044379713,0.0998584718939158
6,bnci004,MMP_moe,CSP,svm_radial,none,4,0,0,8037,0.05,no_leakage_v1_alpha005,gate_all_sources_proxy_source_only_final_training_only,mmd,,,,,moe,coral,near_nearest_proxy,anchor,3.0,4,4test,target,False,,0.0,direct,0.06523297537393463,0.04287221044379713,0.0998584718939158
6,bnci004,MMP_moe,CSP,svm_radial,none,4,0,0,8037,0.05,no_leakage_v1_alpha005,gate_all_sources_proxy_source_only_final_training_only,mmd,,,,,moe,coral,near_nearest_proxy,final,3.0,4,4test,train,True,1.0,0.0,direct,0.06523297537393463,0.04287221044379713,0.0998584718939158
6,bnci004,MMP_moe,CSP,svm_radial,none,4,0,0,8037,0.05,no_leakage_v1_alpha005,gate_all_sources_proxy_source_only_final_training_only,mmd,,,,,moe,coral,near_nearest_proxy,main,,0,0train,target,False,,,,,,
6,bnci004,MMP_moe,CSP,svm_radial,none,4,0,0,8037,0.05,no_leakage_v1_alpha005,gate_all_sources_proxy_source_only_final_training_only,mmd,,,,,moe,coral,near_nearest_proxy,final,,0,0train,target,False,,,,,,
6,bnci004,MMP_moe,CSP,svm_radial,none,4,1,1,8068,0.05,no_leakage_v1_alpha005,gate_all_sources_proxy_source_only_final_training_only,mmd,,,,,moe,coral,near_nearest_proxy,main,0.0,0,0train,near,False,0.21356860913937822,1.0,direct,0.13942789190250524,0.09216576485512093,0.20208543634205103
6,bnci004,MMP_moe,CSP,svm_radial,none,4,1,1,8068,0.05,no_leakage_v1_alpha005,gate_all_sources_proxy_source_only_final_training_only,mmd,,,,,moe,coral,near_nearest_proxy,anchor,0.0,0,0train,proxy_source,False,0.30619736316775764,1.0,direct,0.13942789190250524,0.09216576485512093,0.20208543634205103
6,bnci004,MMP_moe,CSP,svm_radial,none,4,1,1,8068,0.05,no_leakage_v1_alpha005,gate_all_sources_proxy_source_only_final_training_only,mmd,,,,,moe,coral,near_nearest_proxy,final,0.0,0,0train,train,False,0.21356860913937822,1.0,direct,0.13942789190250524,0.09216576485512093,0.20208543634205103
6,bnci004,MMP_moe,CSP,svm_radial,none,4,1,1,8068,0.05,no_leakage_v1_alpha005,gate_all_sources_proxy_source_only_final_training_only,mmd,,,,,moe,coral,near_nearest_proxy,main,1.0,2,2train,near,False,0.26859522860043905,1.0,direct,0.11086334659552283,0.06990608030396214,0.16419746148346306
6,bnci004,MMP_moe,CSP,svm_radial,none,4,1,1,8068,0.05,no_leakage_v1_alpha005,gate_all_sources_proxy_source_only_final_training_only,mmd,,,,,moe,coral,near_nearest_proxy,anchor,1.0,2,2train,proxy_source,False,0.3850900705319588,1.0,direct,0.11086334659552283,0.06990608030396214,0.16419746148346306
6,bnci004,MMP_moe,CSP,svm_radial,none,4,1,1,8068,0.05,no_leakage_v1_alpha005,gate_all_sources_proxy_source_only_final_training_only,mmd,,,,,moe,coral,near_nearest_proxy,final,1.0,2,2train,train,False,0.26859522860043905,1.0,direct,0.11086334659552283,0.06990608030396214,0.16419746148346306
6,bnci004,MMP_moe,CSP,svm_radial,none,4,1,1,8068,0.05,no_leakage_v1_alpha005,gate_all_sources_proxy_source_only_final_training_only,mmd,,,,,moe,coral,near_nearest_proxy,main,2.0,3,3test,near,False,0.21532293004259997,1.0,direct,0.13829190968486954,0.09765512696388536,0.1820637525554485
6,bnci004,MMP_moe,CSP,svm_radial,none,4,1,1,8068,0.05,no_leakage_v1_alpha005,gate_all_sources_proxy_source_only_final_training_only,mmd,,,,,moe,coral,near_nearest_proxy,anchor,2.0,3,3test,proxy_source,False,0.3087125663002836,1.0,direct,0.13829190968486954,0.09765512696388536,0.1820637525554485
6,bnci004,MMP_moe,CSP,svm_radial,none,4,1,1,8068,0.05,no_leakage_v1_alpha005,gate_all_sources_proxy_source_only_final_training_only,mmd,,,,,moe,coral,near_nearest_proxy,final,2.0,3,3test,train,False,0.21532293004259997,1.0,direct,0.13829190968486954,0.09765512696388536,0.1820637525554485
6,bnci004,MMP_moe,CSP,svm_radial,none,4,1,1,8068,0.05,no_leakage_v1_alpha005,gate_all_sources_proxy_source_only_final_training_only,mmd,,,,,moe,coral,near_nearest_proxy,main,3.0,4,4test,nearest,True,0.30251323221758264,1.0,direct,0.09843315542248149,0.06440248989553311,0.14452874171043148
6,bnci004,MMP_moe,CSP,svm_radial,none,4,1,1,8068,0.05,no_leakage_v1_alpha005,gate_all_sources_proxy_source_only_final_training_only,mmd,,,,,moe,coral,near_nearest_proxy,anchor,3.0,4,4test,target,False,,1.0,direct,0.09843315542248149,0.06440248989553311,0.14452874171043148
6,bnci004,MMP_moe,CSP,svm_radial,none,4,1,1,8068,0.05,no_leakage_v1_alpha005,gate_all_sources_proxy_source_only_final_training_only,mmd,,,,,moe,coral,near_nearest_proxy,final,3.0,4,4test,train,True,0.30251323221758264,1.0,direct,0.09843315542248149,0.06440248989553311,0.14452874171043148
6,bnci004,MMP_moe,CSP,svm_radial,none,4,1,1,8068,0.05,no_leakage_v1_alpha005,gate_all_sources_proxy_source_only_final_training_only,mmd,,,,,moe,coral,near_nearest_proxy,main,,1,1train,target,False,,,,,,
6,bnci004,MMP_moe,CSP,svm_radial,none,4,1,1,8068,0.05,no_leakage_v1_alpha005,gate_all_sources_proxy_source_only_final_training_only,mmd,,,,,moe,coral,near_nearest_proxy,final,,1,1train,target,False,,,,,,
6,bnci004,MMP_moe,CSP,svm_radial,none,4,2,2,8099,0.05,no_leakage_v1_alpha005,gate_all_sources_proxy_source_only_final_training_only,mmd,,,,,moe,coral,near_nearest_proxy,main,0.0,0,0train,far,False,,2.0,direct,0.1749970761410583,0.12428794521493643,0.2316190201171097
6,bnci004,MMP_moe,CSP,svm_radial,none,4,2,2,8099,0.05,no_leakage_v1_alpha005,gate_all_sources_proxy_source_only_final_training_only,mmd,,,,,moe,coral,near_nearest_proxy,anchor,0.0,0,0train,not_used,False,,2.0,direct,0.1749970761410583,0.12428794521493643,0.2316190201171097
6,bnci004,MMP_moe,CSP,svm_radial,none,4,2,2,8099,0.05,no_leakage_v1_alpha005,gate_all_sources_proxy_source_only_final_training_only,mmd,,,,,moe,coral,near_nearest_proxy,final,0.0,0,0train,not_used,False,,2.0,direct,0.1749970761410583,0.12428794521493643,0.2316190201171097
6,bnci004,MMP_moe,CSP,svm_radial,none,4,2,2,8099,0.05,no_leakage_v1_alpha005,gate_all_sources_proxy_source_only_final_training_only,mmd,,,,,moe,coral,near_nearest_proxy,main,1.0,1,1train,near,False,0.22046015582249032,2.0,direct,0.096411321479547,0.06067581550107536,0.13728034587728127
6,bnci004,MMP_moe,CSP,svm_radial,none,4,2,2,8099,0.05,no_leakage_v1_alpha005,gate_all_sources_proxy_source_only_final_training_only,mmd,,,,,moe,coral,near_nearest_proxy,anchor,1.0,1,1train,proxy_source,False,0.4292118369790209,2.0,direct,0.096411321479547,0.06067581550107536,0.13728034587728127
6,bnci004,MMP_moe,CSP,svm_radial,none,4,2,2,8099,0.05,no_leakage_v1_alpha005,gate_all_sources_proxy_source_only_final_training_only,mmd,,,,,moe,coral,near_nearest_proxy,final,1.0,1,1train,train,False,0.22046015582249032,2.0,direct,0.096411321479547,0.06067581550107536,0.13728034587728127
6,bnci004,MMP_moe,CSP,svm_radial,none,4,2,2,8099,0.05,no_leakage_v1_alpha005,gate_all_sources_proxy_source_only_final_training_only,mmd,,,,,moe,coral,near_nearest_proxy,main,2.0,3,3test,nearest,True,0.48636049421613226,2.0,direct,0.04370130655934707,0.024569047518589352,0.07118780853915786
6,bnci004,MMP_moe,CSP,svm_radial,none,4,2,2,8099,0.05,no_leakage_v1_alpha005,gate_all_sources_proxy_source_only_final_training_only,mmd,,,,,moe,coral,near_nearest_proxy,anchor,2.0,3,3test,target,False,,2.0,direct,0.04370130655934707,0.024569047518589352,0.07118780853915786
6,bnci004,MMP_moe,CSP,svm_radial,none,4,2,2,8099,0.05,no_leakage_v1_alpha005,gate_all_sources_proxy_source_only_final_training_only,mmd,,,,,moe,coral,near_nearest_proxy,final,2.0,3,3test,train,True,0.48636049421613226,2.0,direct,0.04370130655934707,0.024569047518589352,0.07118780853915786
6,bnci004,MMP_moe,CSP,svm_radial,none,4,2,2,8099,0.05,no_leakage_v1_alpha005,gate_all_sources_proxy_source_only_final_training_only,mmd,,,,,moe,coral,near_nearest_proxy,main,3.0,4,4test,near,False,0.29317934996137746,2.0,direct,0.07249754199959525,0.04523233445499033,0.10480370392156077
6,bnci004,MMP_moe,CSP,svm_radial,none,4,2,2,8099,0.05,no_leakage_v1_alpha005,gate_all_sources_proxy_source_only_final_training_only,mmd,,,,,moe,coral,near_nearest_proxy,anchor,3.0,4,4test,proxy_source,False,0.5707881630209791,2.0,direct,0.07249754199959525,0.04523233445499033,0.10480370392156077
6,bnci004,MMP_moe,CSP,svm_radial,none,4,2,2,8099,0.05,no_leakage_v1_alpha005,gate_all_sources_proxy_source_only_final_training_only,mmd,,,,,moe,coral,near_nearest_proxy,final,3.0,4,4test,train,False,0.29317934996137746,2.0,direct,0.07249754199959525,0.04523233445499033,0.10480370392156077
6,bnci004,MMP_moe,CSP,svm_radial,none,4,2,2,8099,0.05,no_leakage_v1_alpha005,gate_all_sources_proxy_source_only_final_training_only,mmd,,,,,moe,coral,near_nearest_proxy,main,,2,2train,target,False,,,,,,
6,bnci004,MMP_moe,CSP,svm_radial,none,4,2,2,8099,0.05,no_leakage_v1_alpha005,gate_all_sources_proxy_source_only_final_training_only,mmd,,,,,moe,coral,near_nearest_proxy,final,,2,2train,target,False,,,,,,
6,bnci004,MMP_moe,CSP,svm_radial,none,4,3,3,8130,0.05,no_leakage_v1_alpha005,gate_all_sources_proxy_source_only_final_training_only,mmd,,,,,moe,coral,near_nearest_proxy,main,0.0,0,0train,far,False,,3.0,direct,0.15175066341827864,0.11682994237186863,0.1876749633266588
6,bnci004,MMP_moe,CSP,svm_radial,none,4,3,3,8130,0.05,no_leakage_v1_alpha005,gate_all_sources_proxy_source_only_final_training_only,mmd,,,,,moe,coral,near_nearest_proxy,anchor,0.0,0,0train,not_used,False,,3.0,direct,0.15175066341827864,0.11682994237186863,0.1876749633266588
6,bnci004,MMP_moe,CSP,svm_radial,none,4,3,3,8130,0.05,no_leakage_v1_alpha005,gate_all_sources_proxy_source_only_final_training_only,mmd,,,,,moe,coral,near_nearest_proxy,final,0.0,0,0train,not_used,False,,3.0,direct,0.15175066341827864,0.11682994237186863,0.1876749633266588
6,bnci004,MMP_moe,CSP,svm_radial,none,4,3,3,8130,0.05,no_leakage_v1_alpha005,gate_all_sources_proxy_source_only_final_training_only,mmd,,,,,moe,coral,near_nearest_proxy,main,1.0,1,1train,near,False,0.22997021957155483,3.0,direct,0.08327367663446406,0.058648485059479574,0.11349403207951567
6,bnci004,MMP_moe,CSP,svm_radial,none,4,3,3,8130,0.05,no_leakage_v1_alpha005,gate_all_sources_proxy_source_only_final_training_only,mmd,,,,,moe,coral,near_nearest_proxy,anchor,1.0,1,1train,proxy_source,False,0.4116867973057739,3.0,direct,0.08327367663446406,0.058648485059479574,0.11349403207951567
6,bnci004,MMP_moe,CSP,svm_radial,none,4,3,3,8130,0.05,no_leakage_v1_alpha005,gate_all_sources_proxy_source_only_final_training_only,mmd,,,,,moe,coral,near_nearest_proxy,final,1.0,1,1train,train,False,0.22997021957155483,3.0,direct,0.08327367663446406,0.058648485059479574,0.11349403207951567
6,bnci004,MMP_moe,CSP,svm_radial,none,4,3,3,8130,0.05,no_leakage_v1_alpha005,gate_all_sources_proxy_source_only_final_training_only,mmd,,,,,moe,coral,near_nearest_proxy,main,2.0,2,2train,nearest,True,0.4413952036437348,3.0,direct,0.043385732597654394,0.02591327730938533,0.0699256067369961
6,bnci004,MMP_moe,CSP,svm_radial,none,4,3,3,8130,0.05,no_leakage_v1_alpha005,gate_all_sources_proxy_source_only_final_training_only,mmd,,,,,moe,coral,near_nearest_proxy,anchor,2.0,2,2train,target,False,,3.0,direct,0.043385732597654394,0.02591327730938533,0.0699256067369961
6,bnci004,MMP_moe,CSP,svm_radial,none,4,3,3,8130,0.05,no_leakage_v1_alpha005,gate_all_sources_proxy_source_only_final_training_only,mmd,,,,,moe,coral,near_nearest_proxy,final,2.0,2,2train,train,True,0.4413952036437348,3.0,direct,0.043385732597654394,0.02591327730938533,0.0699256067369961
6,bnci004,MMP_moe,CSP,svm_radial,none,4,3,3,8130,0.05,no_leakage_v1_alpha005,gate_all_sources_proxy_source_only_final_training_only,mmd,,,,,moe,coral,near_nearest_proxy,main,3.0,4,4test,near,False,0.32863457678471036,3.0,direct,0.058272526351804466,0.03307870858094577,0.08198579356912278
6,bnci004,MMP_moe,CSP,svm_radial,none,4,3,3,8130,0.05,no_leakage_v1_alpha005,gate_all_sources_proxy_source_only_final_training_only,mmd,,,,,moe,coral,near_nearest_proxy,anchor,3.0,4,4test,proxy_source,False,0.5883132026942262,3.0,direct,0.058272526351804466,0.03307870858094577,0.08198579356912278
6,bnci004,MMP_moe,CSP,svm_radial,none,4,3,3,8130,0.05,no_leakage_v1_alpha005,gate_all_sources_proxy_source_only_final_training_only,mmd,,,,,moe,coral,near_nearest_proxy,final,3.0,4,4test,train,False,0.32863457678471036,3.0,direct,0.058272526351804466,0.03307870858094577,0.08198579356912278
6,bnci004,MMP_moe,CSP,svm_radial,none,4,3,3,8130,0.05,no_leakage_v1_alpha005,gate_all_sources_proxy_source_only_final_training_only,mmd,,,,,moe,coral,near_nearest_proxy,main,,3,3test,target,False,,,,,,
6,bnci004,MMP_moe,CSP,svm_radial,none,4,3,3,8130,0.05,no_leakage_v1_alpha005,gate_all_sources_proxy_source_only_final_training_only,mmd,,,,,moe,coral,near_nearest_proxy,final,,3,3test,target,False,,,,,,
6,bnci004,MMP_moe,CSP,svm_radial,none,4,4,4,8161,0.05,no_leakage_v1_alpha005,gate_all_sources_proxy_source_only_final_training_only,mmd,,,,,moe,coral,near_nearest_proxy,main,0.0,0,0train,nearest,True,0.2753938037807611,4.0,direct,0.05894013618303766,0.03774160466696052,0.08354417999141371
6,bnci004,MMP_moe,CSP,svm_radial,none,4,4,4,8161,0.05,no_leakage_v1_alpha005,gate_all_sources_proxy_source_only_final_training_only,mmd,,,,,moe,coral,near_nearest_proxy,anchor,0.0,0,0train,target,False,,4.0,direct,0.05894013618303766,0.03774160466696052,0.08354417999141371
6,bnci004,MMP_moe,CSP,svm_radial,none,4,4,4,8161,0.05,no_leakage_v1_alpha005,gate_all_sources_proxy_source_only_final_training_only,mmd,,,,,moe,coral,near_nearest_proxy,final,0.0,0,0train,train,True,0.2753938037807611,4.0,direct,0.05894013618303766,0.03774160466696052,0.08354417999141371
6,bnci004,MMP_moe,CSP,svm_radial,none,4,4,4,8161,0.05,no_leakage_v1_alpha005,gate_all_sources_proxy_source_only_final_training_only,mmd,,,,,moe,coral,near_nearest_proxy,main,1.0,1,1train,near,False,0.21717030569926227,4.0,direct,0.07474229255254962,0.04552340409887308,0.11407553924912275
6,bnci004,MMP_moe,CSP,svm_radial,none,4,4,4,8161,0.05,no_leakage_v1_alpha005,gate_all_sources_proxy_source_only_final_training_only,mmd,,,,,moe,coral,near_nearest_proxy,anchor,1.0,1,1train,proxy_source,False,0.29970804394495487,4.0,direct,0.07474229255254962,0.04552340409887308,0.11407553924912275
6,bnci004,MMP_moe,CSP,svm_radial,none,4,4,4,8161,0.05,no_leakage_v1_alpha005,gate_all_sources_proxy_source_only_final_training_only,mmd,,,,,moe,coral,near_nearest_proxy,final,1.0,1,1train,train,False,0.21717030569926227,4.0,direct,0.07474229255254962,0.04552340409887308,0.11407553924912275
6,bnci004,MMP_moe,CSP,svm_radial,none,4,4,4,8161,0.05,no_leakage_v1_alpha005,gate_all_sources_proxy_source_only_final_training_only,mmd,,,,,moe,coral,near_nearest_proxy,main,2.0,2,2train,near,False,0.2402193445386506,4.0,direct,0.0675706758938825,0.04404771195332032,0.09902716849902156
6,bnci004,MMP_moe,CSP,svm_radial,none,4,4,4,8161,0.05,no_leakage_v1_alpha005,gate_all_sources_proxy_source_only_final_training_only,mmd,,,,,moe,coral,near_nearest_proxy,anchor,2.0,2,2train,proxy_source,False,0.33151709962188775,4.0,direct,0.0675706758938825,0.04404771195332032,0.09902716849902156
6,bnci004,MMP_moe,CSP,svm_radial,none,4,4,4,8161,0.05,no_leakage_v1_alpha005,gate_all_sources_proxy_source_only_final_training_only,mmd,,,,,moe,coral,near_nearest_proxy,final,2.0,2,2train,train,False,0.2402193445386506,4.0,direct,0.0675706758938825,0.04404771195332032,0.09902716849902156
6,bnci004,MMP_moe,CSP,svm_radial,none,4,4,4,8161,0.05,no_leakage_v1_alpha005,gate_all_sources_proxy_source_only_final_training_only,mmd,,,,,moe,coral,near_nearest_proxy,main,3.0,3,3test,near,False,0.26721654598132616,4.0,direct,0.06074383012642837,0.03401355382180193,0.09252868539006359
6,bnci004,MMP_moe,CSP,svm_radial,none,4,4,4,8161,0.05,no_leakage_v1_alpha005,gate_all_sources_proxy_source_only_final_training_only,mmd,,,,,moe,coral,near_nearest_proxy,anchor,3.0,3,3test,proxy_source,False,0.36877485643315744,4.0,direct,0.06074383012642837,0.03401355382180193,0.09252868539006359
6,bnci004,MMP_moe,CSP,svm_radial,none,4,4,4,8161,0.05,no_leakage_v1_alpha005,gate_all_sources_proxy_source_only_final_training_only,mmd,,,,,moe,coral,near_nearest_proxy,final,3.0,3,3test,train,False,0.26721654598132616,4.0,direct,0.06074383012642837,0.03401355382180193,0.09252868539006359
6,bnci004,MMP_moe,CSP,svm_radial,none,4,4,4,8161,0.05,no_leakage_v1_alpha005,gate_all_sources_proxy_source_only_final_training_only,mmd,,,,,moe,coral,near_nearest_proxy,main,,4,4test,target,False,,,,,,
6,bnci004,MMP_moe,CSP,svm_radial,none,4,4,4,8161,0.05,no_leakage_v1_alpha005,gate_all_sources_proxy_source_only_final_training_only,mmd,,,,,moe,coral,near_nearest_proxy,final,,4,4test,target,False,,,,,,
6,bnci004,MMP_moe,CSP,svm_radial,sa,5,0,0,9034,0.05,no_leakage_v1_alpha005,gate_all_sources_proxy_source_only_final_training_only,mmd,,,,,moe,coral,near_nearest_proxy,main,0.0,1,1train,far,False,,0.0,direct,0.1580416679120571,0.10379811339704284,0.22346810982157592
6,bnci004,MMP_moe,CSP,svm_radial,sa,5,0,0,9034,0.05,no_leakage_v1_alpha005,gate_all_sources_proxy_source_only_final_training_only,mmd,,,,,moe,coral,near_nearest_proxy,anchor,0.0,1,1train,second_nearest_fallback_source,False,1.0,0.0,direct,0.1580416679120571,0.10379811339704284,0.22346810982157592
6,bnci004,MMP_moe,CSP,svm_radial,sa,5,0,0,9034,0.05,no_leakage_v1_alpha005,gate_all_sources_proxy_source_only_final_training_only,mmd,,,,,moe,coral,near_nearest_proxy,final,0.0,1,1train,not_used,False,,0.0,direct,0.1580416679120571,0.10379811339704284,0.22346810982157592
6,bnci004,MMP_moe,CSP,svm_radial,sa,5,0,0,9034,0.05,no_leakage_v1_alpha005,gate_all_sources_proxy_source_only_final_training_only,mmd,,,,,moe,coral,near_nearest_proxy,main,1.0,2,2train,far,False,,0.0,direct,0.19886365673640186,0.1522422200405741,0.2562129327641098
6,bnci004,MMP_moe,CSP,svm_radial,sa,5,0,0,9034,0.05,no_leakage_v1_alpha005,gate_all_sources_proxy_source_only_final_training_only,mmd,,,,,moe,coral,near_nearest_proxy,anchor,1.0,2,2train,not_used,False,,0.0,direct,0.19886365673640186,0.1522422200405741,0.2562129327641098
6,bnci004,MMP_moe,CSP,svm_radial,sa,5,0,0,9034,0.05,no_leakage_v1_alpha005,gate_all_sources_proxy_source_only_final_training_only,mmd,,,,,moe,coral,near_nearest_proxy,final,1.0,2,2train,not_used,False,,0.0,direct,0.19886365673640186,0.1522422200405741,0.2562129327641098
6,bnci004,MMP_moe,CSP,svm_radial,sa,5,0,0,9034,0.05,no_leakage_v1_alpha005,gate_all_sources_proxy_source_only_final_training_only,mmd,,,,,moe,coral,near_nearest_proxy,main,2.0,3,3test,far,False,,0.0,direct,0.23081803859793731,0.1728019340697913,0.290774772830551
6,bnci004,MMP_moe,CSP,svm_radial,sa,5,0,0,9034,0.05,no_leakage_v1_alpha005,gate_all_sources_proxy_source_only_final_training_only,mmd,,,,,moe,coral,near_nearest_proxy,anchor,2.0,3,3test,not_used,False,,0.0,direct,0.23081803859793731,0.1728019340697913,0.290774772830551
6,bnci004,MMP_moe,CSP,svm_radial,sa,5,0,0,9034,0.05,no_leakage_v1_alpha005,gate_all_sources_proxy_source_only_final_training_only,mmd,,,,,moe,coral,near_nearest_proxy,final,2.0,3,3test,not_used,False,,0.0,direct,0.23081803859793731,0.1728019340697913,0.290774772830551
6,bnci004,MMP_moe,CSP,svm_radial,sa,5,0,0,9034,0.05,no_leakage_v1_alpha005,gate_all_sources_proxy_source_only_final_training_only,mmd,,,,,moe,coral,near_nearest_proxy,main,3.0,4,4test,nearest,True,1.0,0.0,direct,0.06238914075078585,0.03873194862235248,0.09926322942827574
6,bnci004,MMP_moe,CSP,svm_radial,sa,5,0,0,9034,0.05,no_leakage_v1_alpha005,gate_all_sources_proxy_source_only_final_training_only,mmd,,,,,moe,coral,near_nearest_proxy,anchor,3.0,4,4test,target,False,,0.0,direct,0.06238914075078585,0.03873194862235248,0.09926322942827574
6,bnci004,MMP_moe,CSP,svm_radial,sa,5,0,0,9034,0.05,no_leakage_v1_alpha005,gate_all_sources_proxy_source_only_final_training_only,mmd,,,,,moe,coral,near_nearest_proxy,final,3.0,4,4test,train,True,1.0,0.0,direct,0.06238914075078585,0.03873194862235248,0.09926322942827574
6,bnci004,MMP_moe,CSP,svm_radial,sa,5,0,0,9034,0.05,no_leakage_v1_alpha005,gate_all_sources_proxy_source_only_final_training_only,mmd,,,,,moe,coral,near_nearest_proxy,main,,0,0train,target,False,,,,,,
6,bnci004,MMP_moe,CSP,svm_radial,sa,5,0,0,9034,0.05,no_leakage_v1_alpha005,gate_all_sources_proxy_source_only_final_training_only,mmd,,,,,moe,coral,near_nearest_proxy,final,,0,0train,target,False,,,,,,
6,bnci004,MMP_moe,CSP,svm_radial,sa,5,1,1,9065,0.05,no_leakage_v1_alpha005,gate_all_sources_proxy_source_only_final_training_only,mmd,,,,,moe,coral,near_nearest_proxy,main,0.0,0,0train,near,False,0.21339764663125751,1.0,direct,0.13998507491262657,0.0888321875377038,0.19270094350737013
6,bnci004,MMP_moe,CSP,svm_radial,sa,5,1,1,9065,0.05,no_leakage_v1_alpha005,gate_all_sources_proxy_source_only_final_training_only,mmd,,,,,moe,coral,near_nearest_proxy,anchor,0.0,0,0train,proxy_source,False,0.30685349101487835,1.0,direct,0.13998507491262657,0.0888321875377038,0.19270094350737013
6,bnci004,MMP_moe,CSP,svm_radial,sa,5,1,1,9065,0.05,no_leakage_v1_alpha005,gate_all_sources_proxy_source_only_final_training_only,mmd,,,,,moe,coral,near_nearest_proxy,final,0.0,0,0train,train,False,0.21339764663125751,1.0,direct,0.13998507491262657,0.0888321875377038,0.19270094350737013
6,bnci004,MMP_moe,CSP,svm_radial,sa,5,1,1,9065,0.05,no_leakage_v1_alpha005,gate_all_sources_proxy_source_only_final_training_only,mmd,,,,,moe,coral,near_nearest_proxy,main,1.0,2,2train,near,False,0.2719847656044387,1.0,direct,0.10983125064504833,0.06547636162911794,0.16263563051375515
6,bnci004,MMP_moe,CSP,svm_radial,sa,5,1,1,9065,0.05,no_leakage_v1_alpha005,gate_all_sources_proxy_source_only_final_training_only,mmd,,,,,moe,coral,near_nearest_proxy,anchor,1.0,2,2train,proxy_source,False,0.3910983843828419,1.0,direct,0.10983125064504833,0.06547636162911794,0.16263563051375515
6,bnci004,MMP_moe,CSP,svm_radial,sa,5,1,1,9065,0.05,no_leakage_v1_alpha005,gate_all_sources_proxy_source_only_final_training_only,mmd,,,,,moe,coral,near_nearest_proxy,final,1.0,2,2train,train,False,0.2719847656044387,1.0,direct,0.10983125064504833,0.06547636162911794,0.16263563051375515
6,bnci004,MMP_moe,CSP,svm_radial,sa,5,1,1,9065,0.05,no_leakage_v1_alpha005,gate_all_sources_proxy_source_only_final_training_only,mmd,,,,,moe,coral,near_nearest_proxy,main,2.0,3,3test,near,False,0.21005581115055996,1.0,direct,0.14221215175179716,0.09911090436463131,0.1860677715275408
6,bnci004,MMP_moe,CSP,svm_radial,sa,5,1,1,9065,0.05,no_leakage_v1_alpha005,gate_all_sources_proxy_source_only_final_training_only,mmd,,,,,moe,coral,near_nearest_proxy,anchor,2.0,3,3test,proxy_source,False,0.30204812460227976,1.0,direct,0.14221215175179716,0.09911090436463131,0.1860677715275408
6,bnci004,MMP_moe,CSP,svm_radial,sa,5,1,1,9065,0.05,no_leakage_v1_alpha005,gate_all_sources_proxy_source_only_final_training_only,mmd,,,,,moe,coral,near_nearest_proxy,final,2.0,3,3test,train,False,0.21005581115055996,1.0,direct,0.14221215175179716,0.09911090436463131,0.1860677715275408
6,bnci004,MMP_moe,CSP,svm_radial,sa,5,1,1,9065,0.05,no_leakage_v1_alpha005,gate_all_sources_proxy_source_only_final_training_only,mmd,,,,,moe,coral,near_nearest_proxy,main,3.0,4,4test,nearest,True,0.3045617766137438,1.0,direct,0.09808320242237771,0.06134830941230223,0.13498551092367272
6,bnci004,MMP_moe,CSP,svm_radial,sa,5,1,1,9065,0.05,no_leakage_v1_alpha005,gate_all_sources_proxy_source_only_final_training_only,mmd,,,,,moe,coral,near_nearest_proxy,anchor,3.0,4,4test,target,False,,1.0,direct,0.09808320242237771,0.06134830941230223,0.13498551092367272
6,bnci004,MMP_moe,CSP,svm_radial,sa,5,1,1,9065,0.05,no_leakage_v1_alpha005,gate_all_sources_proxy_source_only_final_training_only,mmd,,,,,moe,coral,near_nearest_proxy,final,3.0,4,4test,train,True,0.3045617766137438,1.0,direct,0.09808320242237771,0.06134830941230223,0.13498551092367272
6,bnci004,MMP_moe,CSP,svm_radial,sa,5,1,1,9065,0.05,no_leakage_v1_alpha005,gate_all_sources_proxy_source_only_final_training_only,mmd,,,,,moe,coral,near_nearest_proxy,main,,1,1train,target,False,,,,,,
6,bnci004,MMP_moe,CSP,svm_radial,sa,5,1,1,9065,0.05,no_leakage_v1_alpha005,gate_all_sources_proxy_source_only_final_training_only,mmd,,,,,moe,coral,near_nearest_proxy,final,,1,1train,target,False,,,,,,
6,bnci004,MMP_moe,CSP,svm_radial,sa,5,2,2,9096,0.05,no_leakage_v1_alpha005,gate_all_sources_proxy_source_only_final_training_only,mmd,,,,,moe,coral,near_nearest_proxy,main,0.0,0,0train,far,False,,2.0,direct,0.17332107640584435,0.12473415659699544,0.22275268163012052
6,bnci004,MMP_moe,CSP,svm_radial,sa,5,2,2,9096,0.05,no_leakage_v1_alpha005,gate_all_sources_proxy_source_only_final_training_only,mmd,,,,,moe,coral,near_nearest_proxy,anchor,0.0,0,0train,not_used,False,,2.0,direct,0.17332107640584435,0.12473415659699544,0.22275268163012052
6,bnci004,MMP_moe,CSP,svm_radial,sa,5,2,2,9096,0.05,no_leakage_v1_alpha005,gate_all_sources_proxy_source_only_final_training_only,mmd,,,,,moe,coral,near_nearest_proxy,final,0.0,0,0train,not_used,False,,2.0,direct,0.17332107640584435,0.12473415659699544,0.22275268163012052
6,bnci004,MMP_moe,CSP,svm_radial,sa,5,2,2,9096,0.05,no_leakage_v1_alpha005,gate_all_sources_proxy_source_only_final_training_only,mmd,,,,,moe,coral,near_nearest_proxy,main,1.0,1,1train,near,False,0.21482574208117686,2.0,direct,0.0995912722530077,0.05978240427738866,0.13855825170446592
6,bnci004,MMP_moe,CSP,svm_radial,sa,5,2,2,9096,0.05,no_leakage_v1_alpha005,gate_all_sources_proxy_source_only_final_training_only,mmd,,,,,moe,coral,near_nearest_proxy,anchor,1.0,1,1train,proxy_source,False,0.4211595156771583,2.0,direct,0.0995912722530077,0.05978240427738866,0.13855825170446592
6,bnci004,MMP_moe,CSP,svm_radial,sa,5,2,2,9096,0.05,no_leakage_v1_alpha005,gate_all_sources_proxy_source_only_final_training_only,mmd,,,,,moe,coral,near_nearest_proxy,final,1.0,1,1train,train,False,0.21482574208117686,2.0,direct,0.0995912722530077,0.05978240427738866,0.13855825170446592
6,bnci004,MMP_moe,CSP,svm_radial,sa,5,2,2,9096,0.05,no_leakage_v1_alpha005,gate_all_sources_proxy_source_only_final_training_only,mmd,,,,,moe,coral,near_nearest_proxy,main,2.0,3,3test,nearest,True,0.4899183466488444,2.0,direct,0.043669509460708404,0.02404863502373634,0.07598297632100127
6,bnci004,MMP_moe,CSP,svm_radial,sa,5,2,2,9096,0.05,no_leakage_v1_alpha005,gate_all_sources_proxy_source_only_final_training_only,mmd,,,,,moe,coral,near_nearest_proxy,anchor,2.0,3,3test,target,False,,2.0,direct,0.043669509460708404,0.02404863502373634,0.07598297632100127
6,bnci004,MMP_moe,CSP,svm_radial,sa,5,2,2,9096,0.05,no_leakage_v1_alpha005,gate_all_sources_proxy_source_only_final_training_only,mmd,,,,,moe,coral,near_nearest_proxy,final,2.0,3,3test,train,True,0.4899183466488444,2.0,direct,0.043669509460708404,0.02404863502373634,0.07598297632100127
6,bnci004,MMP_moe,CSP,svm_radial,sa,5,2,2,9096,0.05,no_leakage_v1_alpha005,gate_all_sources_proxy_source_only_final_training_only,mmd,,,,,moe,coral,near_nearest_proxy,main,3.0,4,4test,near,False,0.29525591126997874,2.0,direct,0.07246150786403271,0.05056569391476402,0.10457977729945271
6,bnci004,MMP_moe,CSP,svm_radial,sa,5,2,2,9096,0.05,no_leakage_v1_alpha005,gate_all_sources_proxy_source_only_final_training_only,mmd,,,,,moe,coral,near_nearest_proxy,anchor,3.0,4,4test,proxy_source,False,0.5788404843228416,2.0,direct,0.07246150786403271,0.05056569391476402,0.10457977729945271
6,bnci004,MMP_moe,CSP,svm_radial,sa,5,2,2,9096,0.05,no_leakage_v1_alpha005,gate_all_sources_proxy_source_only_final_training_only,mmd,,,,,moe,coral,near_nearest_proxy,final,3.0,4,4test,train,False,0.29525591126997874,2.0,direct,0.07246150786403271,0.05056569391476402,0.10457977729945271
6,bnci004,MMP_moe,CSP,svm_radial,sa,5,2,2,9096,0.05,no_leakage_v1_alpha005,gate_all_sources_proxy_source_only_final_training_only,mmd,,,,,moe,coral,near_nearest_proxy,main,,2,2train,target,False,,,,,,
6,bnci004,MMP_moe,CSP,svm_radial,sa,5,2,2,9096,0.05,no_leakage_v1_alpha005,gate_all_sources_proxy_source_only_final_training_only,mmd,,,,,moe,coral,near_nearest_proxy,final,,2,2train,target,False,,,,,,
6,bnci004,MMP_moe,CSP,svm_radial,sa,5,3,3,9127,0.05,no_leakage_v1_alpha005,gate_all_sources_proxy_source_only_final_training_only,mmd,,,,,moe,coral,near_nearest_proxy,main,0.0,0,0train,far,False,,3.0,direct,0.15257864792574957,0.11212726969471846,0.19162859059735154
6,bnci004,MMP_moe,CSP,svm_radial,sa,5,3,3,9127,0.05,no_leakage_v1_alpha005,gate_all_sources_proxy_source_only_final_training_only,mmd,,,,,moe,coral,near_nearest_proxy,anchor,0.0,0,0train,not_used,False,,3.0,direct,0.15257864792574957,0.11212726969471846,0.19162859059735154
6,bnci004,MMP_moe,CSP,svm_radial,sa,5,3,3,9127,0.05,no_leakage_v1_alpha005,gate_all_sources_proxy_source_only_final_training_only,mmd,,,,,moe,coral,near_nearest_proxy,final,0.0,0,0train,not_used,False,,3.0,direct,0.15257864792574957,0.11212726969471846,0.19162859059735154
6,bnci004,MMP_moe,CSP,svm_radial,sa,5,3,3,9127,0.05,no_leakage_v1_alpha005,gate_all_sources_proxy_source_only_final_training_only,mmd,,,,,moe,coral,near_nearest_proxy,main,1.0,1,1train,near,False,0.2289719283545012,3.0,direct,0.08321683616600138,0.05995770273299111,0.11354382999574313
6,bnci004,MMP_moe,CSP,svm_radial,sa,5,3,3,9127,0.05,no_leakage_v1_alpha005,gate_all_sources_proxy_source_only_final_training_only,mmd,,,,,moe,coral,near_nearest_proxy,anchor,1.0,1,1train,proxy_source,False,0.4063274338677488,3.0,direct,0.08321683616600138,0.05995770273299111,0.11354382999574313
6,bnci004,MMP_moe,CSP,svm_radial,sa,5,3,3,9127,0.05,no_leakage_v1_alpha005,gate_all_sources_proxy_source_only_final_training_only,mmd,,,,,moe,coral,near_nearest_proxy,final,1.0,1,1train,train,False,0.2289719283545012,3.0,direct,0.08321683616600138,0.05995770273299111,0.11354382999574313
6,bnci004,MMP_moe,CSP,svm_radial,sa,5,3,3,9127,0.05,no_leakage_v1_alpha005,gate_all_sources_proxy_source_only_final_training_only,mmd,,,,,moe,coral,near_nearest_proxy,main,2.0,2,2train,nearest,True,0.436484201485084,3.0,direct,0.043653611909405934,0.024298093908411582,0.0730692930172143
6,bnci004,MMP_moe,CSP,svm_radial,sa,5,3,3,9127,0.05,no_leakage_v1_alpha005,gate_all_sources_proxy_source_only_final_training_only,mmd,,,,,moe,coral,near_nearest_proxy,anchor,2.0,2,2train,target,False,,3.0,direct,0.043653611909405934,0.024298093908411582,0.0730692930172143
6,bnci004,MMP_moe,CSP,svm_radial,sa,5,3,3,9127,0.05,no_leakage_v1_alpha005,gate_all_sources_proxy_source_only_final_training_only,mmd,,,,,moe,coral,near_nearest_proxy,final,2.0,2,2train,train,True,0.436484201485084,3.0,direct,0.043653611909405934,0.024298093908411582,0.0730692930172143
6,bnci004,MMP_moe,CSP,svm_radial,sa,5,3,3,9127,0.05,no_leakage_v1_alpha005,gate_all_sources_proxy_source_only_final_training_only,mmd,,,,,moe,coral,near_nearest_proxy,main,3.0,4,4test,near,False,0.3345438701604148,3.0,direct,0.056955800348132433,0.0379222801980707,0.07965632924618486
6,bnci004,MMP_moe,CSP,svm_radial,sa,5,3,3,9127,0.05,no_leakage_v1_alpha005,gate_all_sources_proxy_source_only_final_training_only,mmd,,,,,moe,coral,near_nearest_proxy,anchor,3.0,4,4test,proxy_source,False,0.5936725661322512,3.0,direct,0.056955800348132433,0.0379222801980707,0.07965632924618486
6,bnci004,MMP_moe,CSP,svm_radial,sa,5,3,3,9127,0.05,no_leakage_v1_alpha005,gate_all_sources_proxy_source_only_final_training_only,mmd,,,,,moe,coral,near_nearest_proxy,final,3.0,4,4test,train,False,0.3345438701604148,3.0,direct,0.056955800348132433,0.0379222801980707,0.07965632924618486
6,bnci004,MMP_moe,CSP,svm_radial,sa,5,3,3,9127,0.05,no_leakage_v1_alpha005,gate_all_sources_proxy_source_only_final_training_only,mmd,,,,,moe,coral,near_nearest_proxy,main,,3,3test,target,False,,,,,,
6,bnci004,MMP_moe,CSP,svm_radial,sa,5,3,3,9127,0.05,no_leakage_v1_alpha005,gate_all_sources_proxy_source_only_final_training_only,mmd,,,,,moe,coral,near_nearest_proxy,final,,3,3test,target,False,,,,,,
6,bnci004,MMP_moe,CSP,svm_radial,sa,5,4,4,9158,0.05,no_leakage_v1_alpha005,gate_all_sources_proxy_source_only_final_training_only,mmd,,,,,moe,coral,near_nearest_proxy,main,0.0,0,0train,nearest,True,0.2809833585494999,4.0,direct,0.05751676090399266,0.0367043827249234,0.08288921412112706
6,bnci004,MMP_moe,CSP,svm_radial,sa,5,4,4,9158,0.05,no_leakage_v1_alpha005,gate_all_sources_proxy_source_only_final_training_only,mmd,,,,,moe,coral,near_nearest_proxy,anchor,0.0,0,0train,target,False,,4.0,direct,0.05751676090399266,0.0367043827249234,0.08288921412112706
6,bnci004,MMP_moe,CSP,svm_radial,sa,5,4,4,9158,0.05,no_leakage_v1_alpha005,gate_all_sources_proxy_source_only_final_training_only,mmd,,,,,moe,coral,near_nearest_proxy,final,0.0,0,0train,train,True,0.2809833585494999,4.0,direct,0.05751676090399266,0.0367043827249234,0.08288921412112706
6,bnci004,MMP_moe,CSP,svm_radial,sa,5,4,4,9158,0.05,no_leakage_v1_alpha005,gate_all_sources_proxy_source_only_final_training_only,mmd,,,,,moe,coral,near_nearest_proxy,main,1.0,1,1train,near,False,0.22127583872761952,4.0,direct,0.07303694995415243,0.04630245750765723,0.10354966062456415
6,bnci004,MMP_moe,CSP,svm_radial,sa,5,4,4,9158,0.05,no_leakage_v1_alpha005,gate_all_sources_proxy_source_only_final_training_only,mmd,,,,,moe,coral,near_nearest_proxy,anchor,1.0,1,1train,proxy_source,False,0.3077478683681524,4.0,direct,0.07303694995415243,0.04630245750765723,0.10354966062456415
6,bnci004,MMP_moe,CSP,svm_radial,sa,5,4,4,9158,0.05,no_leakage_v1_alpha005,gate_all_sources_proxy_source_only_final_training_only,mmd,,,,,moe,coral,near_nearest_proxy,final,1.0,1,1train,train,False,0.22127583872761952,4.0,direct,0.07303694995415243,0.04630245750765723,0.10354966062456415
6,bnci004,MMP_moe,CSP,svm_radial,sa,5,4,4,9158,0.05,no_leakage_v1_alpha005,gate_all_sources_proxy_source_only_final_training_only,mmd,,,,,moe,coral,near_nearest_proxy,main,2.0,2,2train,near,False,0.23992869903255612,4.0,direct,0.06735873520557457,0.043581080790890125,0.10124427946345042
6,bnci004,MMP_moe,CSP,svm_radial,sa,5,4,4,9158,0.05,no_leakage_v1_alpha005,gate_all_sources_proxy_source_only_final_training_only,mmd,,,,,moe,coral,near_nearest_proxy,anchor,2.0,2,2train,proxy_source,False,0.3336900499945852,4.0,direct,0.06735873520557457,0.043581080790890125,0.10124427946345042
6,bnci004,MMP_moe,CSP,svm_radial,sa,5,4,4,9158,0.05,no_leakage_v1_alpha005,gate_all_sources_proxy_source_only_final_training_only,mmd,,,,,moe,coral,near_nearest_proxy,final,2.0,2,2train,train,False,0.23992869903255612,4.0,direct,0.06735873520557457,0.043581080790890125,0.10124427946345042
6,bnci004,MMP_moe,CSP,svm_radial,sa,5,4,4,9158,0.05,no_leakage_v1_alpha005,gate_all_sources_proxy_source_only_final_training_only,mmd,,,,,moe,coral,near_nearest_proxy,main,3.0,3,3test,near,False,0.25781210369032453,4.0,direct,0.06268625712918306,0.03355065880606979,0.09473670567329373
6,bnci004,MMP_moe,CSP,svm_radial,sa,5,4,4,9158,0.05,no_leakage_v1_alpha005,gate_all_sources_proxy_source_only_final_training_only,mmd,,,,,moe,coral,near_nearest_proxy,anchor,3.0,3,3test,proxy_source,False,0.3585620816372625,4.0,direct,0.06268625712918306,0.03355065880606979,0.09473670567329373
6,bnci004,MMP_moe,CSP,svm_radial,sa,5,4,4,9158,0.05,no_leakage_v1_alpha005,gate_all_sources_proxy_source_only_final_training_only,mmd,,,,,moe,coral,near_nearest_proxy,final,3.0,3,3test,train,False,0.25781210369032453,4.0,direct,0.06268625712918306,0.03355065880606979,0.09473670567329373
6,bnci004,MMP_moe,CSP,svm_radial,sa,5,4,4,9158,0.05,no_leakage_v1_alpha005,gate_all_sources_proxy_source_only_final_training_only,mmd,,,,,moe,coral,near_nearest_proxy,main,,4,4test,target,False,,,,,,
6,bnci004,MMP_moe,CSP,svm_radial,sa,5,4,4,9158,0.05,no_leakage_v1_alpha005,gate_all_sources_proxy_source_only_final_training_only,mmd,,,,,moe,coral,near_nearest_proxy,final,,4,4test,target,False,,,,,,
6,bnci004,MMP_moe,CSP,svm_radial,pt,6,0,0,10031,0.05,no_leakage_v1_alpha005,gate_all_sources_proxy_source_only_final_training_only,mmd,,,,,moe,coral,near_nearest_proxy,main,0.0,1,1train,far,False,,0.0,direct,0.15744775018092255,0.10714055358080483,0.22457590878824554
6,bnci004,MMP_moe,CSP,svm_radial,pt,6,0,0,10031,0.05,no_leakage_v1_alpha005,gate_all_sources_proxy_source_only_final_training_only,mmd,,,,,moe,coral,near_nearest_proxy,anchor,0.0,1,1train,second_nearest_fallback_source,False,1.0,0.0,direct,0.15744775018092255,0.10714055358080483,0.22457590878824554
6,bnci004,MMP_moe,CSP,svm_radial,pt,6,0,0,10031,0.05,no_leakage_v1_alpha005,gate_all_sources_proxy_source_only_final_training_only,mmd,,,,,moe,coral,near_nearest_proxy,final,0.0,1,1train,not_used,False,,0.0,direct,0.15744775018092255,0.10714055358080483,0.22457590878824554
6,bnci004,MMP_moe,CSP,svm_radial,pt,6,0,0,10031,0.05,no_leakage_v1_alpha005,gate_all_sources_proxy_source_only_final_training_only,mmd,,,,,moe,coral,near_nearest_proxy,main,1.0,2,2train,far,False,,0.0,direct,0.19501924731689727,0.14557205154346536,0.25338628847681155
6,bnci004,MMP_moe,CSP,svm_radial,pt,6,0,0,10031,0.05,no_leakage_v1_alpha005,gate_all_sources_proxy_source_only_final_training_only,mmd,,,,,moe,coral,near_nearest_proxy,anchor,1.0,2,2train,not_used,False,,0.0,direct,0.19501924731689727,0.14557205154346536,0.25338628847681155
6,bnci004,MMP_moe,CSP,svm_radial,pt,6,0,0,10031,0.05,no_leakage_v1_alpha005,gate_all_sources_proxy_source_only_final_training_only,mmd,,,,,moe,coral,near_nearest_proxy,final,1.0,2,2train,not_used,False,,0.0,direct,0.19501924731689727,0.14557205154346536,0.25338628847681155
6,bnci004,MMP_moe,CSP,svm_radial,pt,6,0,0,10031,0.05,no_leakage_v1_alpha005,gate_all_sources_proxy_source_only_final_training_only,mmd,,,,,moe,coral,near_nearest_proxy,main,2.0,3,3test,far,False,,0.0,direct,0.229385414709928,0.17660979582888336,0.29313059038147066
6,bnci004,MMP_moe,CSP,svm_radial,pt,6,0,0,10031,0.05,no_leakage_v1_alpha005,gate_all_sources_proxy_source_only_final_training_only,mmd,,,,,moe,coral,near_nearest_proxy,anchor,2.0,3,3test,not_used,False,,0.0,direct,0.229385414709928,0.17660979582888336,0.29313059038147066
6,bnci004,MMP_moe,CSP,svm_radial,pt,6,0,0,10031,0.05,no_leakage_v1_alpha005,gate_all_sources_proxy_source_only_final_training_only,mmd,,,,,moe,coral,near_nearest_proxy,final,2.0,3,3test,not_used,False,,0.0,direct,0.229385414709928,0.17660979582888336,0.29313059038147066
6,bnci004,MMP_moe,CSP,svm_radial,pt,6,0,0,10031,0.05,no_leakage_v1_alpha005,gate_all_sources_proxy_source_only_final_training_only,mmd,,,,,moe,coral,near_nearest_proxy,main,3.0,4,4test,nearest,True,1.0,0.0,direct,0.06510225968729094,0.03625742407802005,0.10649562161907271
6,bnci004,MMP_moe,CSP,svm_radial,pt,6,0,0,10031,0.05,no_leakage_v1_alpha005,gate_all_sources_proxy_source_only_final_training_only,mmd,,,,,moe,coral,near_nearest_proxy,anchor,3.0,4,4test,target,False,,0.0,direct,0.06510225968729094,0.03625742407802005,0.10649562161907271
6,bnci004,MMP_moe,CSP,svm_radial,pt,6,0,0,10031,0.05,no_leakage_v1_alpha005,gate_all_sources_proxy_source_only_final_training_only,mmd,,,,,moe,coral,near_nearest_proxy,final,3.0,4,4test,train,True,1.0,0.0,direct,0.06510225968729094,0.03625742407802005,0.10649562161907271
6,bnci004,MMP_moe,CSP,svm_radial,pt,6,0,0,10031,0.05,no_leakage_v1_alpha005,gate_all_sources_proxy_source_only_final_training_only,mmd,,,,,moe,coral,near_nearest_proxy,main,,0,0train,target,False,,,,,,
6,bnci004,MMP_moe,CSP,svm_radial,pt,6,0,0,10031,0.05,no_leakage_v1_alpha005,gate_all_sources_proxy_source_only_final_training_only,mmd,,,,,moe,coral,near_nearest_proxy,final,,0,0train,target,False,,,,,,
6,bnci004,MMP_moe,CSP,svm_radial,pt,6,1,1,10062,0.05,no_leakage_v1_alpha005,gate_all_sources_proxy_source_only_final_training_only,mmd,,,,,moe,coral,near_nearest_proxy,main,0.0,0,0train,near,False,0.21334334167180757,1.0,direct,0.1396773076333964,0.08706248400812441,0.19121723999241927
6,bnci004,MMP_moe,CSP,svm_radial,pt,6,1,1,10062,0.05,no_leakage_v1_alpha005,gate_all_sources_proxy_source_only_final_training_only,mmd,,,,,moe,coral,near_nearest_proxy,anchor,0.0,0,0train,proxy_source,False,0.3065456351816393,1.0,direct,0.1396773076333964,0.08706248400812441,0.19121723999241927
6,bnci004,MMP_moe,CSP,svm_radial,pt,6,1,1,10062,0.05,no_leakage_v1_alpha005,gate_all_sources_proxy_source_only_final_training_only,mmd,,,,,moe,coral,near_nearest_proxy,final,0.0,0,0train,train,False,0.21334334167180757,1.0,direct,0.1396773076333964,0.08706248400812441,0.19121723999241927
6,bnci004,MMP_moe,CSP,svm_radial,pt,6,1,1,10062,0.05,no_leakage_v1_alpha005,gate_all_sources_proxy_source_only_final_training_only,mmd,,,,,moe,coral,near_nearest_proxy,main,1.0,2,2train,near,False,0.27508968834541564,1.0,direct,0.10832525929676416,0.0643996912207158,0.15382951316535975
6,bnci004,MMP_moe,CSP,svm_radial,pt,6,1,1,10062,0.05,no_leakage_v1_alpha005,gate_all_sources_proxy_source_only_final_training_only,mmd,,,,,moe,coral,near_nearest_proxy,anchor,1.0,2,2train,proxy_source,False,0.3952668153829155,1.0,direct,0.10832525929676416,0.0643996912207158,0.15382951316535975
6,bnci004,MMP_moe,CSP,svm_radial,pt,6,1,1,10062,0.05,no_leakage_v1_alpha005,gate_all_sources_proxy_source_only_final_training_only,mmd,,,,,moe,coral,near_nearest_proxy,final,1.0,2,2train,train,False,0.27508968834541564,1.0,direct,0.10832525929676416,0.0643996912207158,0.15382951316535975
6,bnci004,MMP_moe,CSP,svm_radial,pt,6,1,1,10062,0.05,no_leakage_v1_alpha005,gate_all_sources_proxy_source_only_final_training_only,mmd,,,,,moe,coral,near_nearest_proxy,main,2.0,3,3test,near,False,0.20752645263988256,1.0,direct,0.14359243847736863,0.09346269990165691,0.19676447851647316
6,bnci004,MMP_moe,CSP,svm_radial,pt,6,1,1,10062,0.05,no_leakage_v1_alpha005,gate_all_sources_proxy_source_only_final_training_only,mmd,,,,,moe,coral,near_nearest_proxy,anchor,2.0,3,3test,proxy_source,False,0.2981875494354451,1.0,direct,0.14359243847736863,0.09346269990165691,0.19676447851647316
6,bnci004,MMP_moe,CSP,svm_radial,pt,6,1,1,10062,0.05,no_leakage_v1_alpha005,gate_all_sources_proxy_source_only_final_training_only,mmd,,,,,moe,coral,near_nearest_proxy,final,2.0,3,3test,train,False,0.20752645263988256,1.0,direct,0.14359243847736863,0.09346269990165691,0.19676447851647316
6,bnci004,MMP_moe,CSP,svm_radial,pt,6,1,1,10062,0.05,no_leakage_v1_alpha005,gate_all_sources_proxy_source_only_final_training_only,mmd,,,,,moe,coral,near_nearest_proxy,main,3.0,4,4test,nearest,True,0.3040405173428941,1.0,direct,0.09801040048700813,0.059757683700096584,0.1412952480895727
6,bnci004,MMP_moe,CSP,svm_radial,pt,6,1,1,10062,0.05,no_leakage_v1_alpha005,gate_all_sources_proxy_source_only_final_training_only,mmd,,,,,moe,coral,near_nearest_proxy,anchor,3.0,4,4test,target,False,,1.0,direct,0.09801040048700813,0.059757683700096584,0.1412952480895727
6,bnci004,MMP_moe,CSP,svm_radial,pt,6,1,1,10062,0.05,no_leakage_v1_alpha005,gate_all_sources_proxy_source_only_final_training_only,mmd,,,,,moe,coral,near_nearest_proxy,final,3.0,4,4test,train,True,0.3040405173428941,1.0,direct,0.09801040048700813,0.059757683700096584,0.1412952480895727
6,bnci004,MMP_moe,CSP,svm_radial,pt,6,1,1,10062,0.05,no_leakage_v1_alpha005,gate_all_sources_proxy_source_only_final_training_only,mmd,,,,,moe,coral,near_nearest_proxy,main,,1,1train,target,False,,,,,,
6,bnci004,MMP_moe,CSP,svm_radial,pt,6,1,1,10062,0.05,no_leakage_v1_alpha005,gate_all_sources_proxy_source_only_final_training_only,mmd,,,,,moe,coral,near_nearest_proxy,final,,1,1train,target,False,,,,,,
6,bnci004,MMP_moe,CSP,svm_radial,pt,6,2,2,10093,0.05,no_leakage_v1_alpha005,gate_all_sources_proxy_source_only_final_training_only,mmd,,,,,moe,coral,near_nearest_proxy,main,0.0,0,0train,far,False,,2.0,direct,0.17569607146610935,0.13042674980395152,0.22290508853775987
6,bnci004,MMP_moe,CSP,svm_radial,pt,6,2,2,10093,0.05,no_leakage_v1_alpha005,gate_all_sources_proxy_source_only_final_training_only,mmd,,,,,moe,coral,near_nearest_proxy,anchor,0.0,0,0train,not_used,False,,2.0,direct,0.17569607146610935,0.13042674980395152,0.22290508853775987
6,bnci004,MMP_moe,CSP,svm_radial,pt,6,2,2,10093,0.05,no_leakage_v1_alpha005,gate_all_sources_proxy_source_only_final_training_only,mmd,,,,,moe,coral,near_nearest_proxy,final,0.0,0,0train,not_used,False,,2.0,direct,0.17569607146610935,0.13042674980395152,0.22290508853775987
6,bnci004,MMP_moe,CSP,svm_radial,pt,6,2,2,10093,0.05,no_leakage_v1_alpha005,gate_all_sources_proxy_source_only_final_training_only,mmd,,,,,moe,coral,near_nearest_proxy,main,1.0,1,1train,near,False,0.21565707428246297,2.0,direct,0.1003624441799324,0.06215353885145042,0.14600034237474258
6,bnci004,MMP_moe,CSP,svm_radial,pt,6,2,2,10093,0.05,no_leakage_v1_alpha005,gate_all_sources_proxy_source_only_final_training_only,mmd,,,,,moe,coral,near_nearest_proxy,anchor,1.0,1,1train,proxy_source,False,0.4184783076800776,2.0,direct,0.1003624441799324,0.06215353885145042,0.14600034237474258
6,bnci004,MMP_moe,CSP,svm_radial,pt,6,2,2,10093,0.05,no_leakage_v1_alpha005,gate_all_sources_proxy_source_only_final_training_only,mmd,,,,,moe,coral,near_nearest_proxy,final,1.0,1,1train,train,False,0.21565707428246297,2.0,direct,0.1003624441799324,0.06215353885145042,0.14600034237474258
6,bnci004,MMP_moe,CSP,svm_radial,pt,6,2,2,10093,0.05,no_leakage_v1_alpha005,gate_all_sources_proxy_source_only_final_training_only,mmd,,,,,moe,coral,near_nearest_proxy,main,2.0,3,3test,nearest,True,0.4846636723465949,2.0,direct,0.04465695142425547,0.025426325555420414,0.07057811780057215
6,bnci004,MMP_moe,CSP,svm_radial,pt,6,2,2,10093,0.05,no_leakage_v1_alpha005,gate_all_sources_proxy_source_only_final_training_only,mmd,,,,,moe,coral,near_nearest_proxy,anchor,2.0,3,3test,target,False,,2.0,direct,0.04465695142425547,0.025426325555420414,0.07057811780057215
6,bnci004,MMP_moe,CSP,svm_radial,pt,6,2,2,10093,0.05,no_leakage_v1_alpha005,gate_all_sources_proxy_source_only_final_training_only,mmd,,,,,moe,coral,near_nearest_proxy,final,2.0,3,3test,train,True,0.4846636723465949,2.0,direct,0.04465695142425547,0.025426325555420414,0.07057811780057215
6,bnci004,MMP_moe,CSP,svm_radial,pt,6,2,2,10093,0.05,no_leakage_v1_alpha005,gate_all_sources_proxy_source_only_final_training_only,mmd,,,,,moe,coral,near_nearest_proxy,main,3.0,4,4test,near,False,0.29967925337094214,2.0,direct,0.07222317465771151,0.044394916117587835,0.1029647883532462
6,bnci004,MMP_moe,CSP,svm_radial,pt,6,2,2,10093,0.05,no_leakage_v1_alpha005,gate_all_sources_proxy_source_only_final_training_only,mmd,,,,,moe,coral,near_nearest_proxy,anchor,3.0,4,4test,proxy_source,False,0.5815216923199223,2.0,direct,0.07222317465771151,0.044394916117587835,0.1029647883532462
6,bnci004,MMP_moe,CSP,svm_radial,pt,6,2,2,10093,0.05,no_leakage_v1_alpha005,gate_all_sources_proxy_source_only_final_training_only,mmd,,,,,moe,coral,near_nearest_proxy,final,3.0,4,4test,train,False,0.29967925337094214,2.0,direct,0.07222317465771151,0.044394916117587835,0.1029647883532462
6,bnci004,MMP_moe,CSP,svm_radial,pt,6,2,2,10093,0.05,no_leakage_v1_alpha005,gate_all_sources_proxy_source_only_final_training_only,mmd,,,,,moe,coral,near_nearest_proxy,main,,2,2train,target,False,,,,,,
6,bnci004,MMP_moe,CSP,svm_radial,pt,6,2,2,10093,0.05,no_leakage_v1_alpha005,gate_all_sources_proxy_source_only_final_training_only,mmd,,,,,moe,coral,near_nearest_proxy,final,,2,2train,target,False,,,,,,
6,bnci004,MMP_moe,CSP,svm_radial,pt,6,3,3,10124,0.05,no_leakage_v1_alpha005,gate_all_sources_proxy_source_only_final_training_only,mmd,,,,,moe,coral,near_nearest_proxy,main,0.0,0,0train,far,False,,3.0,direct,0.15450275717046305,0.12063769450117418,0.1928763364490232
6,bnci004,MMP_moe,CSP,svm_radial,pt,6,3,3,10124,0.05,no_leakage_v1_alpha005,gate_all_sources_proxy_source_only_final_training_only,mmd,,,,,moe,coral,near_nearest_proxy,anchor,0.0,0,0train,not_used,False,,3.0,direct,0.15450275717046305,0.12063769450117418,0.1928763364490232
6,bnci004,MMP_moe,CSP,svm_radial,pt,6,3,3,10124,0.05,no_leakage_v1_alpha005,gate_all_sources_proxy_source_only_final_training_only,mmd,,,,,moe,coral,near_nearest_proxy,final,0.0,0,0train,not_used,False,,3.0,direct,0.15450275717046305,0.12063769450117418,0.1928763364490232
6,bnci004,MMP_moe,CSP,svm_radial,pt,6,3,3,10124,0.05,no_leakage_v1_alpha005,gate_all_sources_proxy_source_only_final_training_only,mmd,,,,,moe,coral,near_nearest_proxy,main,1.0,1,1train,near,False,0.22805587548903278,3.0,direct,0.08507164138466523,0.055180879561267146,0.11567631317475058
6,bnci004,MMP_moe,CSP,svm_radial,pt,6,3,3,10124,0.05,no_leakage_v1_alpha005,gate_all_sources_proxy_source_only_final_training_only,mmd,,,,,moe,coral,near_nearest_proxy,anchor,1.0,1,1train,proxy_source,False,0.40155826576980275,3.0,direct,0.08507164138466523,0.055180879561267146,0.11567631317475058
6,bnci004,MMP_moe,CSP,svm_radial,pt,6,3,3,10124,0.05,no_leakage_v1_alpha005,gate_all_sources_proxy_source_only_final_training_only,mmd,,,,,moe,coral,near_nearest_proxy,final,1.0,1,1train,train,False,0.22805587548903278,3.0,direct,0.08507164138466523,0.055180879561267146,0.11567631317475058
6,bnci004,MMP_moe,CSP,svm_radial,pt,6,3,3,10124,0.05,no_leakage_v1_alpha005,gate_all_sources_proxy_source_only_final_training_only,mmd,,,,,moe,coral,near_nearest_proxy,main,2.0,2,2train,nearest,True,0.43207276520173027,3.0,direct,0.04490188968360707,0.02662448749179253,0.06798584156718175
6,bnci004,MMP_moe,CSP,svm_radial,pt,6,3,3,10124,0.05,no_leakage_v1_alpha005,gate_all_sources_proxy_source_only_final_training_only,mmd,,,,,moe,coral,near_nearest_proxy,anchor,2.0,2,2train,target,False,,3.0,direct,0.04490188968360707,0.02662448749179253,0.06798584156718175
6,bnci004,MMP_moe,CSP,svm_radial,pt,6,3,3,10124,0.05,no_leakage_v1_alpha005,gate_all_sources_proxy_source_only_final_training_only,mmd,,,,,moe,coral,near_nearest_proxy,final,2.0,2,2train,train,True,0.43207276520173027,3.0,direct,0.04490188968360707,0.02662448749179253,0.06798584156718175
6,bnci004,MMP_moe,CSP,svm_radial,pt,6,3,3,10124,0.05,no_leakage_v1_alpha005,gate_all_sources_proxy_source_only_final_training_only,mmd,,,,,moe,coral,near_nearest_proxy,main,3.0,4,4test,near,False,0.339871359309237,3.0,direct,0.057083291393591,0.03506848501297901,0.08254828931362827
6,bnci004,MMP_moe,CSP,svm_radial,pt,6,3,3,10124,0.05,no_leakage_v1_alpha005,gate_all_sources_proxy_source_only_final_training_only,mmd,,,,,moe,coral,near_nearest_proxy,anchor,3.0,4,4test,proxy_source,False,0.5984417342301973,3.0,direct,0.057083291393591,0.03506848501297901,0.08254828931362827
6,bnci004,MMP_moe,CSP,svm_radial,pt,6,3,3,10124,0.05,no_leakage_v1_alpha005,gate_all_sources_proxy_source_only_final_training_only,mmd,,,,,moe,coral,near_nearest_proxy,final,3.0,4,4test,train,False,0.339871359309237,3.0,direct,0.057083291393591,0.03506848501297901,0.08254828931362827
6,bnci004,MMP_moe,CSP,svm_radial,pt,6,3,3,10124,0.05,no_leakage_v1_alpha005,gate_all_sources_proxy_source_only_final_training_only,mmd,,,,,moe,coral,near_nearest_proxy,main,,3,3test,target,False,,,,,,
6,bnci004,MMP_moe,CSP,svm_radial,pt,6,3,3,10124,0.05,no_leakage_v1_alpha005,gate_all_sources_proxy_source_only_final_training_only,mmd,,,,,moe,coral,near_nearest_proxy,final,,3,3test,target,False,,,,,,
6,bnci004,MMP_moe,CSP,svm_radial,pt,6,4,4,10155,0.05,no_leakage_v1_alpha005,gate_all_sources_proxy_source_only_final_training_only,mmd,,,,,moe,coral,near_nearest_proxy,main,0.0,0,0train,nearest,True,0.2812589769610697,4.0,direct,0.05693736401636368,0.03209763538225008,0.08389300571007569
6,bnci004,MMP_moe,CSP,svm_radial,pt,6,4,4,10155,0.05,no_leakage_v1_alpha005,gate_all_sources_proxy_source_only_final_training_only,mmd,,,,,moe,coral,near_nearest_proxy,anchor,0.0,0,0train,target,False,,4.0,direct,0.05693736401636368,0.03209763538225008,0.08389300571007569
6,bnci004,MMP_moe,CSP,svm_radial,pt,6,4,4,10155,0.05,no_leakage_v1_alpha005,gate_all_sources_proxy_source_only_final_training_only,mmd,,,,,moe,coral,near_nearest_proxy,final,0.0,0,0train,train,True,0.2812589769610697,4.0,direct,0.05693736401636368,0.03209763538225008,0.08389300571007569
6,bnci004,MMP_moe,CSP,svm_radial,pt,6,4,4,10155,0.05,no_leakage_v1_alpha005,gate_all_sources_proxy_source_only_final_training_only,mmd,,,,,moe,coral,near_nearest_proxy,main,1.0,1,1train,near,False,0.21982580163296694,4.0,direct,0.07284952934695076,0.047186281107929766,0.1012595996209897
6,bnci004,MMP_moe,CSP,svm_radial,pt,6,4,4,10155,0.05,no_leakage_v1_alpha005,gate_all_sources_proxy_source_only_final_training_only,mmd,,,,,moe,coral,near_nearest_proxy,anchor,1.0,1,1train,proxy_source,False,0.3058484135266343,4.0,direct,0.07284952934695076,0.047186281107929766,0.1012595996209897
6,bnci004,MMP_moe,CSP,svm_radial,pt,6,4,4,10155,0.05,no_leakage_v1_alpha005,gate_all_sources_proxy_source_only_final_training_only,mmd,,,,,moe,coral,near_nearest_proxy,final,1.0,1,1train,train,False,0.21982580163296694,4.0,direct,0.07284952934695076,0.047186281107929766,0.1012595996209897
6,bnci004,MMP_moe,CSP,svm_radial,pt,6,4,4,10155,0.05,no_leakage_v1_alpha005,gate_all_sources_proxy_source_only_final_training_only,mmd,,,,,moe,coral,near_nearest_proxy,main,2.0,2,2train,near,False,0.2434729979993289,4.0,direct,0.06577395716023333,0.03590143602891197,0.09794806923813615
6,bnci004,MMP_moe,CSP,svm_radial,pt,6,4,4,10155,0.05,no_leakage_v1_alpha005,gate_all_sources_proxy_source_only_final_training_only,mmd,,,,,moe,coral,near_nearest_proxy,anchor,2.0,2,2train,proxy_source,False,0.33874927156640294,4.0,direct,0.06577395716023333,0.03590143602891197,0.09794806923813615
6,bnci004,MMP_moe,CSP,svm_radial,pt,6,4,4,10155,0.05,no_leakage_v1_alpha005,gate_all_sources_proxy_source_only_final_training_only,mmd,,,,,moe,coral,near_nearest_proxy,final,2.0,2,2train,train,False,0.2434729979993289,4.0,direct,0.06577395716023333,0.03590143602891197,0.09794806923813615
6,bnci004,MMP_moe,CSP,svm_radial,pt,6,4,4,10155,0.05,no_leakage_v1_alpha005,gate_all_sources_proxy_source_only_final_training_only,mmd,,,,,moe,coral,near_nearest_proxy,main,3.0,3,3test,near,False,0.2554422234066345,4.0,direct,0.06269194793753152,0.03864308294031036,0.09312956088899572
6,bnci004,MMP_moe,CSP,svm_radial,pt,6,4,4,10155,0.05,no_leakage_v1_alpha005,gate_all_sources_proxy_source_only_final_training_only,mmd,,,,,moe,coral,near_nearest_proxy,anchor,3.0,3,3test,proxy_source,False,0.35540231490696284,4.0,direct,0.06269194793753152,0.03864308294031036,0.09312956088899572
6,bnci004,MMP_moe,CSP,svm_radial,pt,6,4,4,10155,0.05,no_leakage_v1_alpha005,gate_all_sources_proxy_source_only_final_training_only,mmd,,,,,moe,coral,near_nearest_proxy,final,3.0,3,3test,train,False,0.2554422234066345,4.0,direct,0.06269194793753152,0.03864308294031036,0.09312956088899572
6,bnci004,MMP_moe,CSP,svm_radial,pt,6,4,4,10155,0.05,no_leakage_v1_alpha005,gate_all_sources_proxy_source_only_final_training_only,mmd,,,,,moe,coral,near_nearest_proxy,main,,4,4test,target,False,,,,,,
6,bnci004,MMP_moe,CSP,svm_radial,pt,6,4,4,10155,0.05,no_leakage_v1_alpha005,gate_all_sources_proxy_source_only_final_training_only,mmd,,,,,moe,coral,near_nearest_proxy,final,,4,4test,target,False,,,,,,
6,bnci004,MMP_moe,CSP,svm_radial,coral,7,0,0,11028,0.05,no_leakage_v1_alpha005,gate_all_sources_proxy_source_only_final_training_only,mmd,,,,,moe,coral,near_nearest_proxy,main,0.0,1,1train,near,False,0.2997205934095376,0.0,direct,0.15138995735977237,0.09341571498665485,0.21940180412162488
6,bnci004,MMP_moe,CSP,svm_radial,coral,7,0,0,11028,0.05,no_leakage_v1_alpha005,gate_all_sources_proxy_source_only_final_training_only,mmd,,,,,moe,coral,near_nearest_proxy,anchor,0.0,1,1train,proxy_source,False,1.0,0.0,direct,0.15138995735977237,0.09341571498665485,0.21940180412162488
6,bnci004,MMP_moe,CSP,svm_radial,coral,7,0,0,11028,0.05,no_leakage_v1_alpha005,gate_all_sources_proxy_source_only_final_training_only,mmd,,,,,moe,coral,near_nearest_proxy,final,0.0,1,1train,train,False,0.2997205934095376,0.0,direct,0.15138995735977237,0.09341571498665485,0.21940180412162488
6,bnci004,MMP_moe,CSP,svm_radial,coral,7,0,0,11028,0.05,no_leakage_v1_alpha005,gate_all_sources_proxy_source_only_final_training_only,mmd,,,,,moe,coral,near_nearest_proxy,main,1.0,2,2train,far,False,,0.0,direct,0.19678583461941188,0.1419809121173093,0.25232812604725596
6,bnci004,MMP_moe,CSP,svm_radial,coral,7,0,0,11028,0.05,no_leakage_v1_alpha005,gate_all_sources_proxy_source_only_final_training_only,mmd,,,,,moe,coral,near_nearest_proxy,anchor,1.0,2,2train,not_used,False,,0.0,direct,0.19678583461941188,0.1419809121173093,0.25232812604725596
6,bnci004,MMP_moe,CSP,svm_radial,coral,7,0,0,11028,0.05,no_leakage_v1_alpha005,gate_all_sources_proxy_source_only_final_training_only,mmd,,,,,moe,coral,near_nearest_proxy,final,1.0,2,2train,not_used,False,,0.0,direct,0.19678583461941188,0.1419809121173093,0.25232812604725596
6,bnci004,MMP_moe,CSP,svm_radial,coral,7,0,0,11028,0.05,no_leakage_v1_alpha005,gate_all_sources_proxy_source_only_final_training_only,mmd,,,,,moe,coral,near_nearest_proxy,main,2.0,3,3test,far,False,,0.0,direct,0.23355308068274666,0.17724765793299563,0.2953249058091419
6,bnci004,MMP_moe,CSP,svm_radial,coral,7,0,0,11028,0.05,no_leakage_v1_alpha005,gate_all_sources_proxy_source_only_final_training_only,mmd,,,,,moe,coral,near_nearest_proxy,anchor,2.0,3,3test,not_used,False,,0.0,direct,0.23355308068274666,0.17724765793299563,0.2953249058091419
6,bnci004,MMP_moe,CSP,svm_radial,coral,7,0,0,11028,0.05,no_leakage_v1_alpha005,gate_all_sources_proxy_source_only_final_training_only,mmd,,,,,moe,coral,near_nearest_proxy,final,2.0,3,3test,not_used,False,,0.0,direct,0.23355308068274666,0.17724765793299563,0.2953249058091419
6,bnci004,MMP_moe,CSP,svm_radial,coral,7,0,0,11028,0.05,no_leakage_v1_alpha005,gate_all_sources_proxy_source_only_final_training_only,mmd,,,,,moe,coral,near_nearest_proxy,main,3.0,4,4test,nearest,True,0.7002794065904624,0.0,direct,0.06479454753385058,0.035813581936204514,0.10349368264912787
6,bnci004,MMP_moe,CSP,svm_radial,coral,7,0,0,11028,0.05,no_leakage_v1_alpha005,gate_all_sources_proxy_source_only_final_training_only,mmd,,,,,moe,coral,near_nearest_proxy,anchor,3.0,4,4test,target,False,,0.0,direct,0.06479454753385058,0.035813581936204514,0.10349368264912787
6,bnci004,MMP_moe,CSP,svm_radial,coral,7,0,0,11028,0.05,no_leakage_v1_alpha005,gate_all_sources_proxy_source_only_final_training_only,mmd,,,,,moe,coral,near_nearest_proxy,final,3.0,4,4test,train,True,0.7002794065904624,0.0,direct,0.06479454753385058,0.035813581936204514,0.10349368264912787
6,bnci004,MMP_moe,CSP,svm_radial,coral,7,0,0,11028,0.05,no_leakage_v1_alpha005,gate_all_sources_proxy_source_only_final_training_only,mmd,,,,,moe,coral,near_nearest_proxy,main,,0,0train,target,False,,,,,,
6,bnci004,MMP_moe,CSP,svm_radial,coral,7,0,0,11028,0.05,no_leakage_v1_alpha005,gate_all_sources_proxy_source_only_final_training_only,mmd,,,,,moe,coral,near_nearest_proxy,final,,0,0train,target,False,,,,,,
6,bnci004,MMP_moe,CSP,svm_radial,coral,7,1,1,11059,0.05,no_leakage_v1_alpha005,gate_all_sources_proxy_source_only_final_training_only,mmd,,,,,moe,coral,near_nearest_proxy,main,0.0,0,0train,near,False,0.2114963573732204,1.0,direct,0.1429410382638382,0.09165760329202849,0.20512258738043998
6,bnci004,MMP_moe,CSP,svm_radial,coral,7,1,1,11059,0.05,no_leakage_v1_alpha005,gate_all_sources_proxy_source_only_final_training_only,mmd,,,,,moe,coral,near_nearest_proxy,anchor,0.0,0,0train,proxy_source,False,0.30357892966666783,1.0,direct,0.1429410382638382,0.09165760329202849,0.20512258738043998
6,bnci004,MMP_moe,CSP,svm_radial,coral,7,1,1,11059,0.05,no_leakage_v1_alpha005,gate_all_sources_proxy_source_only_final_training_only,mmd,,,,,moe,coral,near_nearest_proxy,final,0.0,0,0train,train,False,0.2114963573732204,1.0,direct,0.1429410382638382,0.09165760329202849,0.20512258738043998
6,bnci004,MMP_moe,CSP,svm_radial,coral,7,1,1,11059,0.05,no_leakage_v1_alpha005,gate_all_sources_proxy_source_only_final_training_only,mmd,,,,,moe,coral,near_nearest_proxy,main,1.0,2,2train,near,False,0.2707720565252098,1.0,direct,0.11164907496070996,0.07263679162499552,0.160985981444645
6,bnci004,MMP_moe,CSP,svm_radial,coral,7,1,1,11059,0.05,no_leakage_v1_alpha005,gate_all_sources_proxy_source_only_final_training_only,mmd,,,,,moe,coral,near_nearest_proxy,anchor,1.0,2,2train,proxy_source,False,0.3886624437626078,1.0,direct,0.11164907496070996,0.07263679162499552,0.160985981444645
6,bnci004,MMP_moe,CSP,svm_radial,coral,7,1,1,11059,0.05,no_leakage_v1_alpha005,gate_all_sources_proxy_source_only_final_training_only,mmd,,,,,moe,coral,near_nearest_proxy,final,1.0,2,2train,train,False,0.2707720565252098,1.0,direct,0.11164907496070996,0.07263679162499552,0.160985981444645
6,bnci004,MMP_moe,CSP,svm_radial,coral,7,1,1,11059,0.05,no_leakage_v1_alpha005,gate_all_sources_proxy_source_only_final_training_only,mmd,,,,,moe,coral,near_nearest_proxy,main,2.0,3,3test,near,False,0.21440825468803976,1.0,direct,0.14099972990329543,0.09916653131070183,0.19479882622923128
6,bnci004,MMP_moe,CSP,svm_radial,coral,7,1,1,11059,0.05,no_leakage_v1_alpha005,gate_all_sources_proxy_source_only_final_training_only,mmd,,,,,moe,coral,near_nearest_proxy,anchor,2.0,3,3test,proxy_source,False,0.30775862657072445,1.0,direct,0.14099972990329543,0.09916653131070183,0.19479882622923128
6,bnci004,MMP_moe,CSP,svm_radial,coral,7,1,1,11059,0.05,no_leakage_v1_alpha005,gate_all_sources_proxy_source_only_final_training_only,mmd,,,,,moe,coral,near_nearest_proxy,final,2.0,3,3test,train,False,0.21440825468803976,1.0,direct,0.14099972990329543,0.09916653131070183,0.19479882622923128
6,bnci004,MMP_moe,CSP,svm_radial,coral,7,1,1,11059,0.05,no_leakage_v1_alpha005,gate_all_sources_proxy_source_only_final_training_only,mmd,,,,,moe,coral,near_nearest_proxy,main,3.0,4,4test,nearest,True,0.3033233314135301,1.0,direct,0.09966729873396528,0.05899660063498192,0.14834053408004144
6,bnci004,MMP_moe,CSP,svm_radial,coral,7,1,1,11059,0.05,no_leakage_v1_alpha005,gate_all_sources_proxy_source_only_final_training_only,mmd,,,,,moe,coral,near_nearest_proxy,anchor,3.0,4,4test,target,False,,1.0,direct,0.09966729873396528,0.05899660063498192,0.14834053408004144
6,bnci004,MMP_moe,CSP,svm_radial,coral,7,1,1,11059,0.05,no_leakage_v1_alpha005,gate_all_sources_proxy_source_only_final_training_only,mmd,,,,,moe,coral,near_nearest_proxy,final,3.0,4,4test,train,True,0.3033233314135301,1.0,direct,0.09966729873396528,0.05899660063498192,0.14834053408004144
6,bnci004,MMP_moe,CSP,svm_radial,coral,7,1,1,11059,0.05,no_leakage_v1_alpha005,gate_all_sources_proxy_source_only_final_training_only,mmd,,,,,moe,coral,near_nearest_proxy,main,,1,1train,target,False,,,,,,
6,bnci004,MMP_moe,CSP,svm_radial,coral,7,1,1,11059,0.05,no_leakage_v1_alpha005,gate_all_sources_proxy_source_only_final_training_only,mmd,,,,,moe,coral,near_nearest_proxy,final,,1,1train,target,False,,,,,,
6,bnci004,MMP_moe,CSP,svm_radial,coral,7,2,2,11090,0.05,no_leakage_v1_alpha005,gate_all_sources_proxy_source_only_final_training_only,mmd,,,,,moe,coral,near_nearest_proxy,main,0.0,0,0train,far,False,,2.0,direct,0.1750226241474674,0.12688500866746164,0.22905207024525046
6,bnci004,MMP_moe,CSP,svm_radial,coral,7,2,2,11090,0.05,no_leakage_v1_alpha005,gate_all_sources_proxy_source_only_final_training_only,mmd,,,,,moe,coral,near_nearest_proxy,anchor,0.0,0,0train,not_used,False,,2.0,direct,0.1750226241474674,0.12688500866746164,0.22905207024525046
6,bnci004,MMP_moe,CSP,svm_radial,coral,7,2,2,11090,0.05,no_leakage_v1_alpha005,gate_all_sources_proxy_source_only_final_training_only,mmd,,,,,moe,coral,near_nearest_proxy,final,0.0,0,0train,not_used,False,,2.0,direct,0.1750226241474674,0.12688500866746164,0.22905207024525046
6,bnci004,MMP_moe,CSP,svm_radial,coral,7,2,2,11090,0.05,no_leakage_v1_alpha005,gate_all_sources_proxy_source_only_final_training_only,mmd,,,,,moe,coral,near_nearest_proxy,main,1.0,1,1train,near,False,0.21544566788464925,2.0,direct,0.09955563757827829,0.06604593065244668,0.13891276692363508
6,bnci004,MMP_moe,CSP,svm_radial,coral,7,2,2,11090,0.05,no_leakage_v1_alpha005,gate_all_sources_proxy_source_only_final_training_only,mmd,,,,,moe,coral,near_nearest_proxy,anchor,1.0,1,1train,proxy_source,False,0.41940944908134686,2.0,direct,0.09955563757827829,0.06604593065244668,0.13891276692363508
6,bnci004,MMP_moe,CSP,svm_radial,coral,7,2,2,11090,0.05,no_leakage_v1_alpha005,gate_all_sources_proxy_source_only_final_training_only,mmd,,,,,moe,coral,near_nearest_proxy,final,1.0,1,1train,train,False,0.21544566788464925,2.0,direct,0.09955563757827829,0.06604593065244668,0.13891276692363508
6,bnci004,MMP_moe,CSP,svm_radial,coral,7,2,2,11090,0.05,no_leakage_v1_alpha005,gate_all_sources_proxy_source_only_final_training_only,mmd,,,,,moe,coral,near_nearest_proxy,main,2.0,3,3test,nearest,True,0.4863118407166303,2.0,direct,0.044104539860585684,0.02510665046932404,0.06745126822280834
6,bnci004,MMP_moe,CSP,svm_radial,coral,7,2,2,11090,0.05,no_leakage_v1_alpha005,gate_all_sources_proxy_source_only_final_training_only,mmd,,,,,moe,coral,near_nearest_proxy,anchor,2.0,3,3test,target,False,,2.0,direct,0.044104539860585684,0.02510665046932404,0.06745126822280834
6,bnci004,MMP_moe,CSP,svm_radial,coral,7,2,2,11090,0.05,no_leakage_v1_alpha005,gate_all_sources_proxy_source_only_final_training_only,mmd,,,,,moe,coral,near_nearest_proxy,final,2.0,3,3test,train,True,0.4863118407166303,2.0,direct,0.044104539860585684,0.02510665046932404,0.06745126822280834
6,bnci004,MMP_moe,CSP,svm_radial,coral,7,2,2,11090,0.05,no_leakage_v1_alpha005,gate_all_sources_proxy_source_only_final_training_only,mmd,,,,,moe,coral,near_nearest_proxy,main,3.0,4,4test,near,False,0.29824249139872044,2.0,direct,0.07191714343693535,0.043436797704062675,0.10761557765300442
6,bnci004,MMP_moe,CSP,svm_radial,coral,7,2,2,11090,0.05,no_leakage_v1_alpha005,gate_all_sources_proxy_source_only_final_training_only,mmd,,,,,moe,coral,near_nearest_proxy,anchor,3.0,4,4test,proxy_source,False,0.5805905509186532,2.0,direct,0.07191714343693535,0.043436797704062675,0.10761557765300442
6,bnci004,MMP_moe,CSP,svm_radial,coral,7,2,2,11090,0.05,no_leakage_v1_alpha005,gate_all_sources_proxy_source_only_final_training_only,mmd,,,,,moe,coral,near_nearest_proxy,final,3.0,4,4test,train,False,0.29824249139872044,2.0,direct,0.07191714343693535,0.043436797704062675,0.10761557765300442
6,bnci004,MMP_moe,CSP,svm_radial,coral,7,2,2,11090,0.05,no_leakage_v1_alpha005,gate_all_sources_proxy_source_only_final_training_only,mmd,,,,,moe,coral,near_nearest_proxy,main,,2,2train,target,False,,,,,,
6,bnci004,MMP_moe,CSP,svm_radial,coral,7,2,2,11090,0.05,no_leakage_v1_alpha005,gate_all_sources_proxy_source_only_final_training_only,mmd,,,,,moe,coral,near_nearest_proxy,final,,2,2train,target,False,,,,,,
6,bnci004,MMP_moe,CSP,svm_radial,coral,7,3,3,11121,0.05,no_leakage_v1_alpha005,gate_all_sources_proxy_source_only_final_training_only,mmd,,,,,moe,coral,near_nearest_proxy,main,0.0,0,0train,far,False,,3.0,direct,0.15517126933324402,0.11530025900798037,0.19729368335089476
6,bnci004,MMP_moe,CSP,svm_radial,coral,7,3,3,11121,0.05,no_leakage_v1_alpha005,gate_all_sources_proxy_source_only_final_training_only,mmd,,,,,moe,coral,near_nearest_proxy,anchor,0.0,0,0train,not_used,False,,3.0,direct,0.15517126933324402,0.11530025900798037,0.19729368335089476
6,bnci004,MMP_moe,CSP,svm_radial,coral,7,3,3,11121,0.05,no_leakage_v1_alpha005,gate_all_sources_proxy_source_only_final_training_only,mmd,,,,,moe,coral,near_nearest_proxy,final,0.0,0,0train,not_used,False,,3.0,direct,0.15517126933324402,0.11530025900798037,0.19729368335089476
6,bnci004,MMP_moe,CSP,svm_radial,coral,7,3,3,11121,0.05,no_leakage_v1_alpha005,gate_all_sources_proxy_source_only_final_training_only,mmd,,,,,moe,coral,near_nearest_proxy,main,1.0,1,1train,near,False,0.22824291487917217,3.0,direct,0.08520663371157987,0.05791050902063089,0.1131112303416029
6,bnci004,MMP_moe,CSP,svm_radial,coral,7,3,3,11121,0.05,no_leakage_v1_alpha005,gate_all_sources_proxy_source_only_final_training_only,mmd,,,,,moe,coral,near_nearest_proxy,anchor,1.0,1,1train,proxy_source,False,0.4052857277489848,3.0,direct,0.08520663371157987,0.05791050902063089,0.1131112303416029
6,bnci004,MMP_moe,CSP,svm_radial,coral,7,3,3,11121,0.05,no_leakage_v1_alpha005,gate_all_sources_proxy_source_only_final_training_only,mmd,,,,,moe,coral,near_nearest_proxy,final,1.0,1,1train,train,False,0.22824291487917217,3.0,direct,0.08520663371157987,0.05791050902063089,0.1131112303416029
6,bnci004,MMP_moe,CSP,svm_radial,coral,7,3,3,11121,0.05,no_leakage_v1_alpha005,gate_all_sources_proxy_source_only_final_training_only,mmd,,,,,moe,coral,near_nearest_proxy,main,2.0,2,2train,nearest,True,0.4368345607755148,3.0,direct,0.04451937552560309,0.026839610194844817,0.0653418040634901
6,bnci004,MMP_moe,CSP,svm_radial,coral,7,3,3,11121,0.05,no_leakage_v1_alpha005,gate_all_sources_proxy_source_only_final_training_only,mmd,,,,,moe,coral,near_nearest_proxy,anchor,2.0,2,2train,target,False,,3.0,direct,0.04451937552560309,0.026839610194844817,0.0653418040634901
6,bnci004,MMP_moe,CSP,svm_radial,coral,7,3,3,11121,0.05,no_leakage_v1_alpha005,gate_all_sources_proxy_source_only_final_training_only,mmd,,,,,moe,coral,near_nearest_proxy,final,2.0,2,2train,train,True,0.4368345607755148,3.0,direct,0.04451937552560309,0.026839610194844817,0.0653418040634901
6,bnci004,MMP_moe,CSP,svm_radial,coral,7,3,3,11121,0.05,no_leakage_v1_alpha005,gate_all_sources_proxy_source_only_final_training_only,mmd,,,,,moe,coral,near_nearest_proxy,main,3.0,4,4test,near,False,0.334922524345313,3.0,direct,0.058066276085129515,0.035874389727743164,0.08770314564102574
6,bnci004,MMP_moe,CSP,svm_radial,coral,7,3,3,11121,0.05,no_leakage_v1_alpha005,gate_all_sources_proxy_source_only_final_training_only,mmd,,,,,moe,coral,near_nearest_proxy,anchor,3.0,4,4test,proxy_source,False,0.5947142722510151,3.0,direct,0.058066276085129515,0.035874389727743164,0.08770314564102574
6,bnci004,MMP_moe,CSP,svm_radial,coral,7,3,3,11121,0.05,no_leakage_v1_alpha005,gate_all_sources_proxy_source_only_final_training_only,mmd,,,,,moe,coral,near_nearest_proxy,final,3.0,4,4test,train,False,0.334922524345313,3.0,direct,0.058066276085129515,0.035874389727743164,0.08770314564102574
6,bnci004,MMP_moe,CSP,svm_radial,coral,7,3,3,11121,0.05,no_leakage_v1_alpha005,gate_all_sources_proxy_source_only_final_training_only,mmd,,,,,moe,coral,near_nearest_proxy,main,,3,3test,target,False,,,,,,
6,bnci004,MMP_moe,CSP,svm_radial,coral,7,3,3,11121,0.05,no_leakage_v1_alpha005,gate_all_sources_proxy_source_only_final_training_only,mmd,,,,,moe,coral,near_nearest_proxy,final,,3,3test,target,False,,,,,,
6,bnci004,MMP_moe,CSP,svm_radial,coral,7,4,4,11152,0.05,no_leakage_v1_alpha005,gate_all_sources_proxy_source_only_final_training_only,mmd,,,,,moe,coral,near_nearest_proxy,main,0.0,0,0train,nearest,True,0.2791282592967019,4.0,direct,0.057212879599115654,0.03560466352520936,0.08586666639777199
6,bnci004,MMP_moe,CSP,svm_radial,coral,7,4,4,11152,0.05,no_leakage_v1_alpha005,gate_all_sources_proxy_source_only_final_training_only,mmd,,,,,moe,coral,near_nearest_proxy,anchor,0.0,0,0train,target,False,,4.0,direct,0.057212879599115654,0.03560466352520936,0.08586666639777199
6,bnci004,MMP_moe,CSP,svm_radial,coral,7,4,4,11152,0.05,no_leakage_v1_alpha005,gate_all_sources_proxy_source_only_final_training_only,mmd,,,,,moe,coral,near_nearest_proxy,final,0.0,0,0train,train,True,0.2791282592967019,4.0,direct,0.057212879599115654,0.03560466352520936,0.08586666639777199
6,bnci004,MMP_moe,CSP,svm_radial,coral,7,4,4,11152,0.05,no_leakage_v1_alpha005,gate_all_sources_proxy_source_only_final_training_only,mmd,,,,,moe,coral,near_nearest_proxy,main,1.0,1,1train,near,False,0.2202105462993685,4.0,direct,0.07252055216218195,0.04711449273921278,0.10300595949164333
6,bnci004,MMP_moe,CSP,svm_radial,coral,7,4,4,11152,0.05,no_leakage_v1_alpha005,gate_all_sources_proxy_source_only_final_training_only,mmd,,,,,moe,coral,near_nearest_proxy,anchor,1.0,1,1train,proxy_source,False,0.30547812303548805,4.0,direct,0.07252055216218195,0.04711449273921278,0.10300595949164333
6,bnci004,MMP_moe,CSP,svm_radial,coral,7,4,4,11152,0.05,no_leakage_v1_alpha005,gate_all_sources_proxy_source_only_final_training_only,mmd,,,,,moe,coral,near_nearest_proxy,final,1.0,1,1train,train,False,0.2202105462993685,4.0,direct,0.07252055216218195,0.04711449273921278,0.10300595949164333
6,bnci004,MMP_moe,CSP,svm_radial,coral,7,4,4,11152,0.05,no_leakage_v1_alpha005,gate_all_sources_proxy_source_only_final_training_only,mmd,,,,,moe,coral,near_nearest_proxy,main,2.0,2,2train,near,False,0.24863885102672223,4.0,direct,0.06422874749990248,0.04280327570737539,0.09013610911974906
6,bnci004,MMP_moe,CSP,svm_radial,coral,7,4,4,11152,0.05,no_leakage_v1_alpha005,gate_all_sources_proxy_source_only_final_training_only,mmd,,,,,moe,coral,near_nearest_proxy,anchor,2.0,2,2train,proxy_source,False,0.34491413241438035,4.0,direct,0.06422874749990248,0.04280327570737539,0.09013610911974906
6,bnci004,MMP_moe,CSP,svm_radial,coral,7,4,4,11152,0.05,no_leakage_v1_alpha005,gate_all_sources_proxy_source_only_final_training_only,mmd,,,,,moe,coral,near_nearest_proxy,final,2.0,2,2train,train,False,0.24863885102672223,4.0,direct,0.06422874749990248,0.04280327570737539,0.09013610911974906
6,bnci004,MMP_moe,CSP,svm_radial,coral,7,4,4,11152,0.05,no_leakage_v1_alpha005,gate_all_sources_proxy_source_only_final_training_only,mmd,,,,,moe,coral,near_nearest_proxy,main,3.0,3,3test,near,False,0.25202234337720736,4.0,direct,0.06336643959328071,0.03952808390648222,0.09405589405456785
6,bnci004,MMP_moe,CSP,svm_radial,coral,7,4,4,11152,0.05,no_leakage_v1_alpha005,gate_all_sources_proxy_source_only_final_training_only,mmd,,,,,moe,coral,near_nearest_proxy,anchor,3.0,3,3test,proxy_source,False,0.34960774455013166,4.0,direct,0.06336643959328071,0.03952808390648222,0.09405589405456785
6,bnci004,MMP_moe,CSP,svm_radial,coral,7,4,4,11152,0.05,no_leakage_v1_alpha005,gate_all_sources_proxy_source_only_final_training_only,mmd,,,,,moe,coral,near_nearest_proxy,final,3.0,3,3test,train,False,0.25202234337720736,4.0,direct,0.06336643959328071,0.03952808390648222,0.09405589405456785
6,bnci004,MMP_moe,CSP,svm_radial,coral,7,4,4,11152,0.05,no_leakage_v1_alpha005,gate_all_sources_proxy_source_only_final_training_only,mmd,,,,,moe,coral,near_nearest_proxy,main,,4,4test,target,False,,,,,,
6,bnci004,MMP_moe,CSP,svm_radial,coral,7,4,4,11152,0.05,no_leakage_v1_alpha005,gate_all_sources_proxy_source_only_final_training_only,mmd,,,,,moe,coral,near_nearest_proxy,final,,4,4test,target,False,,,,,,
6,bnci004,MMP_moe,logvar,lda,none,8,0,0,12025,0.05,no_leakage_v1_alpha005,gate_all_sources_proxy_source_only_final_training_only,mmd,,,,,moe,coral,near_nearest_proxy,main,0.0,1,1train,near,False,0.2189692238195565,0.0,direct,0.17020180008914834,0.10913064709958963,0.2450573463678598
6,bnci004,MMP_moe,logvar,lda,none,8,0,0,12025,0.05,no_leakage_v1_alpha005,gate_all_sources_proxy_source_only_final_training_only,mmd,,,,,moe,coral,near_nearest_proxy,anchor,0.0,1,1train,proxy_source,False,0.3261295367450137,0.0,direct,0.17020180008914834,0.10913064709958963,0.2450573463678598
6,bnci004,MMP_moe,logvar,lda,none,8,0,0,12025,0.05,no_leakage_v1_alpha005,gate_all_sources_proxy_source_only_final_training_only,mmd,,,,,moe,coral,near_nearest_proxy,final,0.0,1,1train,train,False,0.2189692238195565,0.0,direct,0.17020180008914834,0.10913064709958963,0.2450573463678598
6,bnci004,MMP_moe,logvar,lda,none,8,0,0,12025,0.05,no_leakage_v1_alpha005,gate_all_sources_proxy_source_only_final_training_only,mmd,,,,,moe,coral,near_nearest_proxy,main,1.0,2,2train,near,False,0.28888364616804313,0.0,direct,0.12901002406384243,0.07153958736039451,0.19845159057741676
6,bnci004,MMP_moe,logvar,lda,none,8,0,0,12025,0.05,no_leakage_v1_alpha005,gate_all_sources_proxy_source_only_final_training_only,mmd,,,,,moe,coral,near_nearest_proxy,anchor,1.0,2,2train,proxy_source,False,0.4302590476168094,0.0,direct,0.12901002406384243,0.07153958736039451,0.19845159057741676
6,bnci004,MMP_moe,logvar,lda,none,8,0,0,12025,0.05,no_leakage_v1_alpha005,gate_all_sources_proxy_source_only_final_training_only,mmd,,,,,moe,coral,near_nearest_proxy,final,1.0,2,2train,train,False,0.28888364616804313,0.0,direct,0.12901002406384243,0.07153958736039451,0.19845159057741676
6,bnci004,MMP_moe,logvar,lda,none,8,0,0,12025,0.05,no_leakage_v1_alpha005,gate_all_sources_proxy_source_only_final_training_only,mmd,,,,,moe,coral,near_nearest_proxy,main,2.0,3,3test,near,False,0.16356507640576526,0.0,direct,0.2278543334636067,0.16117681118892432,0.30630610679606185
6,bnci004,MMP_moe,logvar,lda,none,8,0,0,12025,0.05,no_leakage_v1_alpha005,gate_all_sources_proxy_source_only_final_training_only,mmd,,,,,moe,coral,near_nearest_proxy,anchor,2.0,3,3test,proxy_source,False,0.24361141563817706,0.0,direct,0.2278543334636067,0.16117681118892432,0.30630610679606185
6,bnci004,MMP_moe,logvar,lda,none,8,0,0,12025,0.05,no_leakage_v1_alpha005,gate_all_sources_proxy_source_only_final_training_only,mmd,,,,,moe,coral,near_nearest_proxy,final,2.0,3,3test,train,False,0.16356507640576526,0.0,direct,0.2278543334636067,0.16117681118892432,0.30630610679606185
6,bnci004,MMP_moe,logvar,lda,none,8,0,0,12025,0.05,no_leakage_v1_alpha005,gate_all_sources_proxy_source_only_final_training_only,mmd,,,,,moe,coral,near_nearest_proxy,main,3.0,4,4test,nearest,True,0.32858205360663517,0.0,direct,0.11342325618914983,0.060776613596398084,0.18530895152319865
6,bnci004,MMP_moe,logvar,lda,none,8,0,0,12025,0.05,no_leakage_v1_alpha005,gate_all_sources_proxy_source_only_final_training_only,mmd,,,,,moe,coral,near_nearest_proxy,anchor,3.0,4,4test,target,False,,0.0,direct,0.11342325618914983,0.060776613596398084,0.18530895152319865
6,bnci004,MMP_moe,logvar,lda,none,8,0,0,12025,0.05,no_leakage_v1_alpha005,gate_all_sources_proxy_source_only_final_training_only,mmd,,,,,moe,coral,near_nearest_proxy,final,3.0,4,4test,train,True,0.32858205360663517,0.0,direct,0.11342325618914983,0.060776613596398084,0.18530895152319865
6,bnci004,MMP_moe,logvar,lda,none,8,0,0,12025,0.05,no_leakage_v1_alpha005,gate_all_sources_proxy_source_only_final_training_only,mmd,,,,,moe,coral,near_nearest_proxy,main,,0,0train,target,False,,,,,,
6,bnci004,MMP_moe,logvar,lda,none,8,0,0,12025,0.05,no_leakage_v1_alpha005,gate_all_sources_proxy_source_only_final_training_only,mmd,,,,,moe,coral,near_nearest_proxy,final,,0,0train,target,False,,,,,,
6,bnci004,MMP_moe,logvar,lda,none,8,1,1,12056,0.05,no_leakage_v1_alpha005,gate_all_sources_proxy_source_only_final_training_only,mmd,,,,,moe,coral,near_nearest_proxy,main,0.0,0,0train,near,False,0.1468797681280103,1.0,direct,0.1758864788565513,0.10060940575982992,0.24770417743266987
6,bnci004,MMP_moe,logvar,lda,none,8,1,1,12056,0.05,no_leakage_v1_alpha005,gate_all_sources_proxy_source_only_final_training_only,mmd,,,,,moe,coral,near_nearest_proxy,anchor,0.0,0,0train,proxy_source,False,0.2227645422537036,1.0,direct,0.1758864788565513,0.10060940575982992,0.24770417743266987
6,bnci004,MMP_moe,logvar,lda,none,8,1,1,12056,0.05,no_leakage_v1_alpha005,gate_all_sources_proxy_source_only_final_training_only,mmd,,,,,moe,coral,near_nearest_proxy,final,0.0,0,0train,train,False,0.1468797681280103,1.0,direct,0.1758864788565513,0.10060940575982992,0.24770417743266987
6,bnci004,MMP_moe,logvar,lda,none,8,1,1,12056,0.05,no_leakage_v1_alpha005,gate_all_sources_proxy_source_only_final_training_only,mmd,,,,,moe,coral,near_nearest_proxy,main,1.0,2,2train,near,False,0.23373768365290448,1.0,direct,0.11052594502369578,0.07019802322682611,0.16383810961993778
6,bnci004,MMP_moe,logvar,lda,none,8,1,1,12056,0.05,no_leakage_v1_alpha005,gate_all_sources_proxy_source_only_final_training_only,mmd,,,,,moe,coral,near_nearest_proxy,anchor,1.0,2,2train,proxy_source,False,0.35449721067779016,1.0,direct,0.11052594502369578,0.07019802322682611,0.16383810961993778
6,bnci004,MMP_moe,logvar,lda,none,8,1,1,12056,0.05,no_leakage_v1_alpha005,gate_all_sources_proxy_source_only_final_training_only,mmd,,,,,moe,coral,near_nearest_proxy,final,1.0,2,2train,train,False,0.23373768365290448,1.0,direct,0.11052594502369578,0.07019802322682611,0.16383810961993778
6,bnci004,MMP_moe,logvar,lda,none,8,1,1,12056,0.05,no_leakage_v1_alpha005,gate_all_sources_proxy_source_only_final_training_only,mmd,,,,,moe,coral,near_nearest_proxy,main,2.0,3,3test,near,False,0.27873240094713236,1.0,direct,0.09268399831123186,0.060974775692324776,0.13538756137003818
6,bnci004,MMP_moe,logvar,lda,none,8,1,1,12056,0.05,no_leakage_v1_alpha005,gate_all_sources_proxy_source_only_final_training_only,mmd,,,,,moe,coral,near_nearest_proxy,anchor,2.0,3,3test,proxy_source,False,0.4227382470685062,1.0,direct,0.09268399831123186,0.060974775692324776,0.13538756137003818
6,bnci004,MMP_moe,logvar,lda,none,8,1,1,12056,0.05,no_leakage_v1_alpha005,gate_all_sources_proxy_source_only_final_training_only,mmd,,,,,moe,coral,near_nearest_proxy,final,2.0,3,3test,train,False,0.27873240094713236,1.0,direct,0.09268399831123186,0.060974775692324776,0.13538756137003818
6,bnci004,MMP_moe,logvar,lda,none,8,1,1,12056,0.05,no_leakage_v1_alpha005,gate_all_sources_proxy_source_only_final_training_only,mmd,,,,,moe,coral,near_nearest_proxy,main,3.0,4,4test,nearest,True,0.34065014727195275,1.0,direct,0.07583725316959615,0.04448919297311267,0.11950930599263022
6,bnci004,MMP_moe,logvar,lda,none,8,1,1,12056,0.05,no_leakage_v1_alpha005,gate_all_sources_proxy_source_only_final_training_only,mmd,,,,,moe,coral,near_nearest_proxy,anchor,3.0,4,4test,target,False,,1.0,direct,0.07583725316959615,0.04448919297311267,0.11950930599263022
6,bnci004,MMP_moe,logvar,lda,none,8,1,1,12056,0.05,no_leakage_v1_alpha005,gate_all_sources_proxy_source_only_final_training_only,mmd,,,,,moe,coral,near_nearest_proxy,final,3.0,4,4test,train,True,0.34065014727195275,1.0,direct,0.07583725316959615,0.04448919297311267,0.11950930599263022
6,bnci004,MMP_moe,logvar,lda,none,8,1,1,12056,0.05,no_leakage_v1_alpha005,gate_all_sources_proxy_source_only_final_training_only,mmd,,,,,moe,coral,near_nearest_proxy,main,,1,1train,target,False,,,,,,
6,bnci004,MMP_moe,logvar,lda,none,8,1,1,12056,0.05,no_leakage_v1_alpha005,gate_all_sources_proxy_source_only_final_training_only,mmd,,,,,moe,coral,near_nearest_proxy,final,,1,1train,target,False,,,,,,
6,bnci004,MMP_moe,logvar,lda,none,8,2,2,12087,0.05,no_leakage_v1_alpha005,gate_all_sources_proxy_source_only_final_training_only,mmd,,,,,moe,coral,near_nearest_proxy,main,0.0,0,0train,far,False,,2.0,direct,0.12399378812162451,0.07159123800909464,0.19722615595904983
6,bnci004,MMP_moe,logvar,lda,none,8,2,2,12087,0.05,no_leakage_v1_alpha005,gate_all_sources_proxy_source_only_final_training_only,mmd,,,,,moe,coral,near_nearest_proxy,anchor,0.0,0,0train,not_used,False,,2.0,direct,0.12399378812162451,0.07159123800909464,0.19722615595904983
6,bnci004,MMP_moe,logvar,lda,none,8,2,2,12087,0.05,no_leakage_v1_alpha005,gate_all_sources_proxy_source_only_final_training_only,mmd,,,,,moe,coral,near_nearest_proxy,final,0.0,0,0train,not_used,False,,2.0,direct,0.12399378812162451,0.07159123800909464,0.19722615595904983
6,bnci004,MMP_moe,logvar,lda,none,8,2,2,12087,0.05,no_leakage_v1_alpha005,gate_all_sources_proxy_source_only_final_training_only,mmd,,,,,moe,coral,near_nearest_proxy,main,1.0,1,1train,far,False,,2.0,direct,0.09620570730210504,0.060251232636668164,0.13767950678625318
6,bnci004,MMP_moe,logvar,lda,none,8,2,2,12087,0.05,no_leakage_v1_alpha005,gate_all_sources_proxy_source_only_final_training_only,mmd,,,,,moe,coral,near_nearest_proxy,anchor,1.0,1,1train,not_used,False,,2.0,direct,0.09620570730210504,0.060251232636668164,0.13767950678625318
6,bnci004,MMP_moe,logvar,lda,none,8,2,2,12087,0.05,no_leakage_v1_alpha005,gate_all_sources_proxy_source_only_final_training_only,mmd,,,,,moe,coral,near_nearest_proxy,final,1.0,1,1train,not_used,False,,2.0,direct,0.09620570730210504,0.060251232636668164,0.13767950678625318
6,bnci004,MMP_moe,logvar,lda,none,8,2,2,12087,0.05,no_leakage_v1_alpha005,gate_all_sources_proxy_source_only_final_training_only,mmd,,,,,moe,coral,near_nearest_proxy,main,2.0,3,3test,near,False,0.3210592721917601,2.0,direct,0.05465532959965109,0.02529779930487854,0.0934421911660299
6,bnci004,MMP_moe,logvar,lda,none,8,2,2,12087,0.05,no_leakage_v1_alpha005,gate_all_sources_proxy_source_only_final_training_only,mmd,,,,,moe,coral,near_nearest_proxy,anchor,2.0,3,3test,proxy_source,False,1.0,2.0,direct,0.05465532959965109,0.02529779930487854,0.0934421911660299
6,bnci004,MMP_moe,logvar,lda,none,8,2,2,12087,0.05,no_leakage_v1_alpha005,gate_all_sources_proxy_source_only_final_training_only,mmd,,,,,moe,coral,near_nearest_proxy,final,2.0,3,3test,train,False,0.3210592721917601,2.0,direct,0.05465532959965109,0.02529779930487854,0.0934421911660299
6,bnci004,MMP_moe,logvar,lda,none,8,2,2,12087,0.05,no_leakage_v1_alpha005,gate_all_sources_proxy_source_only_final_training_only,mmd,,,,,moe,coral,near_nearest_proxy,main,3.0,4,4test,nearest,True,0.6789407278082398,2.0,direct,0.025845028501759248,0.011885739286462407,0.044182667515754025
6,bnci004,MMP_moe,logvar,lda,none,8,2,2,12087,0.05,no_leakage_v1_alpha005,gate_all_sources_proxy_source_only_final_training_only,mmd,,,,,moe,coral,near_nearest_proxy,anchor,3.0,4,4test,target,False,,2.0,direct,0.025845028501759248,0.011885739286462407,0.044182667515754025
6,bnci004,MMP_moe,logvar,lda,none,8,2,2,12087,0.05,no_leakage_v1_alpha005,gate_all_sources_proxy_source_only_final_training_only,mmd,,,,,moe,coral,near_nearest_proxy,final,3.0,4,4test,train,True,0.6789407278082398,2.0,direct,0.025845028501759248,0.011885739286462407,0.044182667515754025
6,bnci004,MMP_moe,logvar,lda,none,8,2,2,12087,0.05,no_leakage_v1_alpha005,gate_all_sources_proxy_source_only_final_training_only,mmd,,,,,moe,coral,near_nearest_proxy,main,,2,2train,target,False,,,,,,
6,bnci004,MMP_moe,logvar,lda,none,8,2,2,12087,0.05,no_leakage_v1_alpha005,gate_all_sources_proxy_source_only_final_training_only,mmd,,,,,moe,coral,near_nearest_proxy,final,,2,2train,target,False,,,,,,
6,bnci004,MMP_moe,logvar,lda,none,8,3,3,12118,0.05,no_leakage_v1_alpha005,gate_all_sources_proxy_source_only_final_training_only,mmd,,,,,moe,coral,near_nearest_proxy,main,0.0,0,0train,far,False,,3.0,direct,0.1602070188741628,0.11201774565941047,0.2191315078550466
6,bnci004,MMP_moe,logvar,lda,none,8,3,3,12118,0.05,no_leakage_v1_alpha005,gate_all_sources_proxy_source_only_final_training_only,mmd,,,,,moe,coral,near_nearest_proxy,anchor,0.0,0,0train,not_used,False,,3.0,direct,0.1602070188741628,0.11201774565941047,0.2191315078550466
6,bnci004,MMP_moe,logvar,lda,none,8,3,3,12118,0.05,no_leakage_v1_alpha005,gate_all_sources_proxy_source_only_final_training_only,mmd,,,,,moe,coral,near_nearest_proxy,final,0.0,0,0train,not_used,False,,3.0,direct,0.1602070188741628,0.11201774565941047,0.2191315078550466
6,bnci004,MMP_moe,logvar,lda,none,8,3,3,12118,0.05,no_leakage_v1_alpha005,gate_all_sources_proxy_source_only_final_training_only,mmd,,,,,moe,coral,near_nearest_proxy,main,1.0,1,1train,far,False,,3.0,direct,0.08696040814072335,0.0605561657529986,0.11703300105442929
6,bnci004,MMP_moe,logvar,lda,none,8,3,3,12118,0.05,no_leakage_v1_alpha005,gate_all_sources_proxy_source_only_final_training_only,mmd,,,,,moe,coral,near_nearest_proxy,anchor,1.0,1,1train,not_used,False,,3.0,direct,0.08696040814072335,0.0605561657529986,0.11703300105442929
6,bnci004,MMP_moe,logvar,lda,none,8,3,3,12118,0.05,no_leakage_v1_alpha005,gate_all_sources_proxy_source_only_final_training_only,mmd,,,,,moe,coral,near_nearest_proxy,final,1.0,1,1train,not_used,False,,3.0,direct,0.08696040814072335,0.0605561657529986,0.11703300105442929
6,bnci004,MMP_moe,logvar,lda,none,8,3,3,12118,0.05,no_leakage_v1_alpha005,gate_all_sources_proxy_source_only_final_training_only,mmd,,,,,moe,coral,near_nearest_proxy,main,2.0,2,2train,near,False,0.4037192992181417,3.0,direct,0.048758573368167364,0.025981982200293675,0.07830795439531202
6,bnci004,MMP_moe,logvar,lda,none,8,3,3,12118,0.05,no_leakage_v1_alpha005,gate_all_sources_proxy_source_only_final_training_only,mmd,,,,,moe,coral,near_nearest_proxy,anchor,2.0,2,2train,proxy_source,False,1.0,3.0,direct,0.048758573368167364,0.025981982200293675,0.07830795439531202
6,bnci004,MMP_moe,logvar,lda,none,8,3,3,12118,0.05,no_leakage_v1_alpha005,gate_all_sources_proxy_source_only_final_training_only,mmd,,,,,moe,coral,near_nearest_proxy,final,2.0,2,2train,train,False,0.4037192992181417,3.0,direct,0.048758573368167364,0.025981982200293675,0.07830795439531202
6,bnci004,MMP_moe,logvar,lda,none,8,3,3,12118,0.05,no_leakage_v1_alpha005,gate_all_sources_proxy_source_only_final_training_only,mmd,,,,,moe,coral,near_nearest_proxy,main,3.0,4,4test,nearest,True,0.5962807007818582,3.0,direct,0.03301227841830264,0.015254588413759023,0.05878223702090038
6,bnci004,MMP_moe,logvar,lda,none,8,3,3,12118,0.05,no_leakage_v1_alpha005,gate_all_sources_proxy_source_only_final_training_only,mmd,,,,,moe,coral,near_nearest_proxy,anchor,3.0,4,4test,target,False,,3.0,direct,0.03301227841830264,0.015254588413759023,0.05878223702090038
6,bnci004,MMP_moe,logvar,lda,none,8,3,3,12118,0.05,no_leakage_v1_alpha005,gate_all_sources_proxy_source_only_final_training_only,mmd,,,,,moe,coral,near_nearest_proxy,final,3.0,4,4test,train,True,0.5962807007818582,3.0,direct,0.03301227841830264,0.015254588413759023,0.05878223702090038
6,bnci004,MMP_moe,logvar,lda,none,8,3,3,12118,0.05,no_leakage_v1_alpha005,gate_all_sources_proxy_source_only_final_training_only,mmd,,,,,moe,coral,near_nearest_proxy,main,,3,3test,target,False,,,,,,
6,bnci004,MMP_moe,logvar,lda,none,8,3,3,12118,0.05,no_leakage_v1_alpha005,gate_all_sources_proxy_source_only_final_training_only,mmd,,,,,moe,coral,near_nearest_proxy,final,,3,3test,target,False,,,,,,
6,bnci004,MMP_moe,logvar,lda,none,8,4,4,12149,0.05,no_leakage_v1_alpha005,gate_all_sources_proxy_source_only_final_training_only,mmd,,,,,moe,coral,near_nearest_proxy,main,0.0,0,0train,far,False,,4.0,direct,0.09885681968512858,0.05888608030587937,0.1458699272832059
6,bnci004,MMP_moe,logvar,lda,none,8,4,4,12149,0.05,no_leakage_v1_alpha005,gate_all_sources_proxy_source_only_final_training_only,mmd,,,,,moe,coral,near_nearest_proxy,anchor,0.0,0,0train,not_used,False,,4.0,direct,0.09885681968512858,0.05888608030587937,0.1458699272832059
6,bnci004,MMP_moe,logvar,lda,none,8,4,4,12149,0.05,no_leakage_v1_alpha005,gate_all_sources_proxy_source_only_final_training_only,mmd,,,,,moe,coral,near_nearest_proxy,final,0.0,0,0train,not_used,False,,4.0,direct,0.09885681968512858,0.05888608030587937,0.1458699272832059
6,bnci004,MMP_moe,logvar,lda,none,8,4,4,12149,0.05,no_leakage_v1_alpha005,gate_all_sources_proxy_source_only_final_training_only,mmd,,,,,moe,coral,near_nearest_proxy,main,1.0,1,1train,near,False,0.16091862433928916,4.0,direct,0.08514279654861484,0.05220241087792814,0.12377799105186463
6,bnci004,MMP_moe,logvar,lda,none,8,4,4,12149,0.05,no_leakage_v1_alpha005,gate_all_sources_proxy_source_only_final_training_only,mmd,,,,,moe,coral,near_nearest_proxy,anchor,1.0,1,1train,proxy_source,False,0.2864024877428506,4.0,direct,0.08514279654861484,0.05220241087792814,0.12377799105186463
6,bnci004,MMP_moe,logvar,lda,none,8,4,4,12149,0.05,no_leakage_v1_alpha005,gate_all_sources_proxy_source_only_final_training_only,mmd,,,,,moe,coral,near_nearest_proxy,final,1.0,1,1train,train,False,0.16091862433928916,4.0,direct,0.08514279654861484,0.05220241087792814,0.12377799105186463
6,bnci004,MMP_moe,logvar,lda,none,8,4,4,12149,0.05,no_leakage_v1_alpha005,gate_all_sources_proxy_source_only_final_training_only,mmd,,,,,moe,coral,near_nearest_proxy,main,2.0,2,2train,nearest,True,0.4381381753786594,4.0,direct,0.031270464988838696,0.016784454106292014,0.052251915196369604
6,bnci004,MMP_moe,logvar,lda,none,8,4,4,12149,0.05,no_leakage_v1_alpha005,gate_all_sources_proxy_source_only_final_training_only,mmd,,,,,moe,coral,near_nearest_proxy,anchor,2.0,2,2train,target,False,,4.0,direct,0.031270464988838696,0.016784454106292014,0.052251915196369604
6,bnci004,MMP_moe,logvar,lda,none,8,4,4,12149,0.05,no_leakage_v1_alpha005,gate_all_sources_proxy_source_only_final_training_only,mmd,,,,,moe,coral,near_nearest_proxy,final,2.0,2,2train,train,True,0.4381381753786594,4.0,direct,0.031270464988838696,0.016784454106292014,0.052251915196369604
6,bnci004,MMP_moe,logvar,lda,none,8,4,4,12149,0.05,no_leakage_v1_alpha005,gate_all_sources_proxy_source_only_final_training_only,mmd,,,,,moe,coral,near_nearest_proxy,main,3.0,3,3test,near,False,0.40094320028205144,4.0,direct,0.03417147780231469,0.015045509770918378,0.06450201601464162
6,bnci004,MMP_moe,logvar,lda,none,8,4,4,12149,0.05,no_leakage_v1_alpha005,gate_all_sources_proxy_source_only_final_training_only,mmd,,,,,moe,coral,near_nearest_proxy,anchor,3.0,3,3test,proxy_source,False,0.7135975122571494,4.0,direct,0.03417147780231469,0.015045509770918378,0.06450201601464162
6,bnci004,MMP_moe,logvar,lda,none,8,4,4,12149,0.05,no_leakage_v1_alpha005,gate_all_sources_proxy_source_only_final_training_only,mmd,,,,,moe,coral,near_nearest_proxy,final,3.0,3,3test,train,False,0.40094320028205144,4.0,direct,0.03417147780231469,0.015045509770918378,0.06450201601464162
6,bnci004,MMP_moe,logvar,lda,none,8,4,4,12149,0.05,no_leakage_v1_alpha005,gate_all_sources_proxy_source_only_final_training_only,mmd,,,,,moe,coral,near_nearest_proxy,main,,4,4test,target,False,,,,,,
6,bnci004,MMP_moe,logvar,lda,none,8,4,4,12149,0.05,no_leakage_v1_alpha005,gate_all_sources_proxy_source_only_final_training_only,mmd,,,,,moe,coral,near_nearest_proxy,final,,4,4test,target,False,,,,,,
6,bnci004,MMP_moe,logvar,lda,sa,9,0,0,13022,0.05,no_leakage_v1_alpha005,gate_all_sources_proxy_source_only_final_training_only,mmd,,,,,moe,coral,near_nearest_proxy,main,0.0,1,1train,near,False,0.2261364159958366,0.0,direct,0.16524783202946502,0.09548498727501001,0.24336761706505192
6,bnci004,MMP_moe,logvar,lda,sa,9,0,0,13022,0.05,no_leakage_v1_alpha005,gate_all_sources_proxy_source_only_final_training_only,mmd,,,,,moe,coral,near_nearest_proxy,anchor,0.0,1,1train,proxy_source,False,0.3302482590124944,0.0,direct,0.16524783202946502,0.09548498727501001,0.24336761706505192
6,bnci004,MMP_moe,logvar,lda,sa,9,0,0,13022,0.05,no_leakage_v1_alpha005,gate_all_sources_proxy_source_only_final_training_only,mmd,,,,,moe,coral,near_nearest_proxy,final,0.0,1,1train,train,False,0.2261364159958366,0.0,direct,0.16524783202946502,0.09548498727501001,0.24336761706505192
6,bnci004,MMP_moe,logvar,lda,sa,9,0,0,13022,0.05,no_leakage_v1_alpha005,gate_all_sources_proxy_source_only_final_training_only,mmd,,,,,moe,coral,near_nearest_proxy,main,1.0,2,2train,near,False,0.29765940314939043,0.0,direct,0.12554107334712167,0.07040340178660015,0.18971250112270316
6,bnci004,MMP_moe,logvar,lda,sa,9,0,0,13022,0.05,no_leakage_v1_alpha005,gate_all_sources_proxy_source_only_final_training_only,mmd,,,,,moe,coral,near_nearest_proxy,anchor,1.0,2,2train,proxy_source,False,0.4346999983876732,0.0,direct,0.12554107334712167,0.07040340178660015,0.18971250112270316
6,bnci004,MMP_moe,logvar,lda,sa,9,0,0,13022,0.05,no_leakage_v1_alpha005,gate_all_sources_proxy_source_only_final_training_only,mmd,,,,,moe,coral,near_nearest_proxy,final,1.0,2,2train,train,False,0.29765940314939043,0.0,direct,0.12554107334712167,0.07040340178660015,0.18971250112270316
6,bnci004,MMP_moe,logvar,lda,sa,9,0,0,13022,0.05,no_leakage_v1_alpha005,gate_all_sources_proxy_source_only_final_training_only,mmd,,,,,moe,coral,near_nearest_proxy,main,2.0,3,3test,near,False,0.16095091251666843,0.0,direct,0.23217400316297515,0.13475507150122806,0.3178113082535053
6,bnci004,MMP_moe,logvar,lda,sa,9,0,0,13022,0.05,no_leakage_v1_alpha005,gate_all_sources_proxy_source_only_final_training_only,mmd,,,,,moe,coral,near_nearest_proxy,anchor,2.0,3,3test,proxy_source,False,0.23505174259983255,0.0,direct,0.23217400316297515,0.13475507150122806,0.3178113082535053
6,bnci004,MMP_moe,logvar,lda,sa,9,0,0,13022,0.05,no_leakage_v1_alpha005,gate_all_sources_proxy_source_only_final_training_only,mmd,,,,,moe,coral,near_nearest_proxy,final,2.0,3,3test,train,False,0.16095091251666843,0.0,direct,0.23217400316297515,0.13475507150122806,0.3178113082535053
6,bnci004,MMP_moe,logvar,lda,sa,9,0,0,13022,0.05,no_leakage_v1_alpha005,gate_all_sources_proxy_source_only_final_training_only,mmd,,,,,moe,coral,near_nearest_proxy,main,3.0,4,4test,nearest,True,0.31525326833810463,0.0,direct,0.11853473737596829,0.06672688736870697,0.1832021299717801
6,bnci004,MMP_moe,logvar,lda,sa,9,0,0,13022,0.05,no_leakage_v1_alpha005,gate_all_sources_proxy_source_only_final_training_only,mmd,,,,,moe,coral,near_nearest_proxy,anchor,3.0,4,4test,target,False,,0.0,direct,0.11853473737596829,0.06672688736870697,0.1832021299717801
6,bnci004,MMP_moe,logvar,lda,sa,9,0,0,13022,0.05,no_leakage_v1_alpha005,gate_all_sources_proxy_source_only_final_training_only,mmd,,,,,moe,coral,near_nearest_proxy,final,3.0,4,4test,train,True,0.31525326833810463,0.0,direct,0.11853473737596829,0.06672688736870697,0.1832021299717801
6,bnci004,MMP_moe,logvar,lda,sa,9,0,0,13022,0.05,no_leakage_v1_alpha005,gate_all_sources_proxy_source_only_final_training_only,mmd,,,,,moe,coral,near_nearest_proxy,main,,0,0train,target,False,,,,,,
6,bnci004,MMP_moe,logvar,lda,sa,9,0,0,13022,0.05,no_leakage_v1_alpha005,gate_all_sources_proxy_source_only_final_training_only,mmd,,,,,moe,coral,near_nearest_proxy,final,,0,0train,target,False,,,,,,
6,bnci004,MMP_moe,logvar,lda,sa,9,1,1,13053,0.05,no_leakage_v1_alpha005,gate_all_sources_proxy_source_only_final_training_only,mmd,,,,,moe,coral,near_nearest_proxy,main,0.0,0,0train,near,False,0.14482510314695515,1.0,direct,0.1775904537466414,0.10850750602929204,0.26311944092321377
6,bnci004,MMP_moe,logvar,lda,sa,9,1,1,13053,0.05,no_leakage_v1_alpha005,gate_all_sources_proxy_source_only_final_training_only,mmd,,,,,moe,coral,near_nearest_proxy,anchor,0.0,0,0train,proxy_source,False,0.21926773639906377,1.0,direct,0.1775904537466414,0.10850750602929204,0.26311944092321377
6,bnci004,MMP_moe,logvar,lda,sa,9,1,1,13053,0.05,no_leakage_v1_alpha005,gate_all_sources_proxy_source_only_final_training_only,mmd,,,,,moe,coral,near_nearest_proxy,final,0.0,0,0train,train,False,0.14482510314695515,1.0,direct,0.1775904537466414,0.10850750602929204,0.26311944092321377
6,bnci004,MMP_moe,logvar,lda,sa,9,1,1,13053,0.05,no_leakage_v1_alpha005,gate_all_sources_proxy_source_only_final_training_only,mmd,,,,,moe,coral,near_nearest_proxy,main,1.0,2,2train,near,False,0.23347989068200917,1.0,direct,0.11015709769203776,0.06448453317631274,0.1748525893091566
6,bnci004,MMP_moe,logvar,lda,sa,9,1,1,13053,0.05,no_leakage_v1_alpha005,gate_all_sources_proxy_source_only_final_training_only,mmd,,,,,moe,coral,near_nearest_proxy,anchor,1.0,2,2train,proxy_source,False,0.3534926336119881,1.0,direct,0.11015709769203776,0.06448453317631274,0.1748525893091566
6,bnci004,MMP_moe,logvar,lda,sa,9,1,1,13053,0.05,no_leakage_v1_alpha005,gate_all_sources_proxy_source_only_final_training_only,mmd,,,,,moe,coral,near_nearest_proxy,final,1.0,2,2train,train,False,0.23347989068200917,1.0,direct,0.11015709769203776,0.06448453317631274,0.1748525893091566
6,bnci004,MMP_moe,logvar,lda,sa,9,1,1,13053,0.05,no_leakage_v1_alpha005,gate_all_sources_proxy_source_only_final_training_only,mmd,,,,,moe,coral,near_nearest_proxy,main,2.0,3,3test,near,False,0.2821893658308434,1.0,direct,0.09114240836745977,0.06113696135974142,0.12688045515781413
6,bnci004,MMP_moe,logvar,lda,sa,9,1,1,13053,0.05,no_leakage_v1_alpha005,gate_all_sources_proxy_source_only_final_training_only,mmd,,,,,moe,coral,near_nearest_proxy,anchor,2.0,3,3test,proxy_source,False,0.427239629988948,1.0,direct,0.09114240836745977,0.06113696135974142,0.12688045515781413
6,bnci004,MMP_moe,logvar,lda,sa,9,1,1,13053,0.05,no_leakage_v1_alpha005,gate_all_sources_proxy_source_only_final_training_only,mmd,,,,,moe,coral,near_nearest_proxy,final,2.0,3,3test,train,False,0.2821893658308434,1.0,direct,0.09114240836745977,0.06113696135974142,0.12688045515781413
6,bnci004,MMP_moe,logvar,lda,sa,9,1,1,13053,0.05,no_leakage_v1_alpha005,gate_all_sources_proxy_source_only_final_training_only,mmd,,,,,moe,coral,near_nearest_proxy,main,3.0,4,4test,nearest,True,0.3395056403401922,1.0,direct,0.07575532788045392,0.04504519615036865,0.11216224983578833
6,bnci004,MMP_moe,logvar,lda,sa,9,1,1,13053,0.05,no_leakage_v1_alpha005,gate_all_sources_proxy_source_only_final_training_only,mmd,,,,,moe,coral,near_nearest_proxy,anchor,3.0,4,4test,target,False,,1.0,direct,0.07575532788045392,0.04504519615036865,0.11216224983578833
6,bnci004,MMP_moe,logvar,lda,sa,9,1,1,13053,0.05,no_leakage_v1_alpha005,gate_all_sources_proxy_source_only_final_training_only,mmd,,,,,moe,coral,near_nearest_proxy,final,3.0,4,4test,train,True,0.3395056403401922,1.0,direct,0.07575532788045392,0.04504519615036865,0.11216224983578833
6,bnci004,MMP_moe,logvar,lda,sa,9,1,1,13053,0.05,no_leakage_v1_alpha005,gate_all_sources_proxy_source_only_final_training_only,mmd,,,,,moe,coral,near_nearest_proxy,main,,1,1train,target,False,,,,,,
6,bnci004,MMP_moe,logvar,lda,sa,9,1,1,13053,0.05,no_leakage_v1_alpha005,gate_all_sources_proxy_source_only_final_training_only,mmd,,,,,moe,coral,near_nearest_proxy,final,,1,1train,target,False,,,,,,
6,bnci004,MMP_moe,logvar,lda,sa,9,2,2,13084,0.05,no_leakage_v1_alpha005,gate_all_sources_proxy_source_only_final_training_only,mmd,,,,,moe,coral,near_nearest_proxy,main,0.0,0,0train,far,False,,2.0,direct,0.11846168328375879,0.06262239423203003,0.18153246446103657
6,bnci004,MMP_moe,logvar,lda,sa,9,2,2,13084,0.05,no_leakage_v1_alpha005,gate_all_sources_proxy_source_only_final_training_only,mmd,,,,,moe,coral,near_nearest_proxy,anchor,0.0,0,0train,not_used,False,,2.0,direct,0.11846168328375879,0.06262239423203003,0.18153246446103657
6,bnci004,MMP_moe,logvar,lda,sa,9,2,2,13084,0.05,no_leakage_v1_alpha005,gate_all_sources_proxy_source_only_final_training_only,mmd,,,,,moe,coral,near_nearest_proxy,final,0.0,0,0train,not_used,False,,2.0,direct,0.11846168328375879,0.06262239423203003,0.18153246446103657
6,bnci004,MMP_moe,logvar,lda,sa,9,2,2,13084,0.05,no_leakage_v1_alpha005,gate_all_sources_proxy_source_only_final_training_only,mmd,,,,,moe,coral,near_nearest_proxy,main,1.0,1,1train,far,False,,2.0,direct,0.0959435619557237,0.06031483612855483,0.14933002624684671
6,bnci004,MMP_moe,logvar,lda,sa,9,2,2,13084,0.05,no_leakage_v1_alpha005,gate_all_sources_proxy_source_only_final_training_only,mmd,,,,,moe,coral,near_nearest_proxy,anchor,1.0,1,1train,not_used,False,,2.0,direct,0.0959435619557237,0.06031483612855483,0.14933002624684671
6,bnci004,MMP_moe,logvar,lda,sa,9,2,2,13084,0.05,no_leakage_v1_alpha005,gate_all_sources_proxy_source_only_final_training_only,mmd,,,,,moe,coral,near_nearest_proxy,final,1.0,1,1train,not_used,False,,2.0,direct,0.0959435619557237,0.06031483612855483,0.14933002624684671
6,bnci004,MMP_moe,logvar,lda,sa,9,2,2,13084,0.05,no_leakage_v1_alpha005,gate_all_sources_proxy_source_only_final_training_only,mmd,,,,,moe,coral,near_nearest_proxy,main,2.0,3,3test,near,False,0.3305437651948337,2.0,direct,0.054357619158132635,0.024847426637478125,0.09184465380092556
6,bnci004,MMP_moe,logvar,lda,sa,9,2,2,13084,0.05,no_leakage_v1_alpha005,gate_all_sources_proxy_source_only_final_training_only,mmd,,,,,moe,coral,near_nearest_proxy,anchor,2.0,3,3test,proxy_source,False,1.0,2.0,direct,0.054357619158132635,0.024847426637478125,0.09184465380092556
6,bnci004,MMP_moe,logvar,lda,sa,9,2,2,13084,0.05,no_leakage_v1_alpha005,gate_all_sources_proxy_source_only_final_training_only,mmd,,,,,moe,coral,near_nearest_proxy,final,2.0,3,3test,train,False,0.3305437651948337,2.0,direct,0.054357619158132635,0.024847426637478125,0.09184465380092556
6,bnci004,MMP_moe,logvar,lda,sa,9,2,2,13084,0.05,no_leakage_v1_alpha005,gate_all_sources_proxy_source_only_final_training_only,mmd,,,,,moe,coral,near_nearest_proxy,main,3.0,4,4test,nearest,True,0.6694562348051663,2.0,direct,0.026838547849681964,0.012705606336320757,0.04643066477448934
6,bnci004,MMP_moe,logvar,lda,sa,9,2,2,13084,0.05,no_leakage_v1_alpha005,gate_all_sources_proxy_source_only_final_training_only,mmd,,,,,moe,coral,near_nearest_proxy,anchor,3.0,4,4test,target,False,,2.0,direct,0.026838547849681964,0.012705606336320757,0.04643066477448934
6,bnci004,MMP_moe,logvar,lda,sa,9,2,2,13084,0.05,no_leakage_v1_alpha005,gate_all_sources_proxy_source_only_final_training_only,mmd,,,,,moe,coral,near_nearest_proxy,final,3.0,4,4test,train,True,0.6694562348051663,2.0,direct,0.026838547849681964,0.012705606336320757,0.04643066477448934
6,bnci004,MMP_moe,logvar,lda,sa,9,2,2,13084,0.05,no_leakage_v1_alpha005,gate_all_sources_proxy_source_only_final_training_only,mmd,,,,,moe,coral,near_nearest_proxy,main,,2,2train,target,False,,,,,,
6,bnci004,MMP_moe,logvar,lda,sa,9,2,2,13084,0.05,no_leakage_v1_alpha005,gate_all_sources_proxy_source_only_final_training_only,mmd,,,,,moe,coral,near_nearest_proxy,final,,2,2train,target,False,,,,,,
6,bnci004,MMP_moe,logvar,lda,sa,9,3,3,13115,0.05,no_leakage_v1_alpha005,gate_all_sources_proxy_source_only_final_training_only,mmd,,,,,moe,coral,near_nearest_proxy,main,0.0,0,0train,far,False,,3.0,direct,0.16453242282405814,0.11375330542359861,0.2274436506849819
6,bnci004,MMP_moe,logvar,lda,sa,9,3,3,13115,0.05,no_leakage_v1_alpha005,gate_all_sources_proxy_source_only_final_training_only,mmd,,,,,moe,coral,near_nearest_proxy,anchor,0.0,0,0train,not_used,False,,3.0,direct,0.16453242282405814,0.11375330542359861,0.2274436506849819
6,bnci004,MMP_moe,logvar,lda,sa,9,3,3,13115,0.05,no_leakage_v1_alpha005,gate_all_sources_proxy_source_only_final_training_only,mmd,,,,,moe,coral,near_nearest_proxy,final,0.0,0,0train,not_used,False,,3.0,direct,0.16453242282405814,0.11375330542359861,0.2274436506849819
6,bnci004,MMP_moe,logvar,lda,sa,9,3,3,13115,0.05,no_leakage_v1_alpha005,gate_all_sources_proxy_source_only_final_training_only,mmd,,,,,moe,coral,near_nearest_proxy,main,1.0,1,1train,near,False,0.19708569575957052,3.0,direct,0.08474068633798142,0.05422292961589964,0.1187755249663199
6,bnci004,MMP_moe,logvar,lda,sa,9,3,3,13115,0.05,no_leakage_v1_alpha005,gate_all_sources_proxy_source_only_final_training_only,mmd,,,,,moe,coral,near_nearest_proxy,anchor,1.0,1,1train,proxy_source,False,0.3772807706769608,3.0,direct,0.08474068633798142,0.05422292961589964,0.1187755249663199
6,bnci004,MMP_moe,logvar,lda,sa,9,3,3,13115,0.05,no_leakage_v1_alpha005,gate_all_sources_proxy_source_only_final_training_only,mmd,,,,,moe,coral,near_nearest_proxy,final,1.0,1,1train,train,False,0.19708569575957052,3.0,direct,0.08474068633798142,0.05422292961589964,0.1187755249663199
6,bnci004,MMP_moe,logvar,lda,sa,9,3,3,13115,0.05,no_leakage_v1_alpha005,gate_all_sources_proxy_source_only_final_training_only,mmd,,,,,moe,coral,near_nearest_proxy,main,2.0,2,2train,near,False,0.32529898715426203,3.0,direct,0.05134061147523124,0.02705063994680688,0.08147073943565111
6,bnci004,MMP_moe,logvar,lda,sa,9,3,3,13115,0.05,no_leakage_v1_alpha005,gate_all_sources_proxy_source_only_final_training_only,mmd,,,,,moe,coral,near_nearest_proxy,anchor,2.0,2,2train,proxy_source,False,0.6227192293230392,3.0,direct,0.05134061147523124,0.02705063994680688,0.08147073943565111
6,bnci004,MMP_moe,logvar,lda,sa,9,3,3,13115,0.05,no_leakage_v1_alpha005,gate_all_sources_proxy_source_only_final_training_only,mmd,,,,,moe,coral,near_nearest_proxy,final,2.0,2,2train,train,False,0.32529898715426203,3.0,direct,0.05134061147523124,0.02705063994680688,0.08147073943565111
6,bnci004,MMP_moe,logvar,lda,sa,9,3,3,13115,0.05,no_leakage_v1_alpha005,gate_all_sources_proxy_source_only_final_training_only,mmd,,,,,moe,coral,near_nearest_proxy,main,3.0,4,4test,nearest,True,0.4776153170861675,3.0,direct,0.03496725502509425,0.019330692413399485,0.0566479563775361
6,bnci004,MMP_moe,logvar,lda,sa,9,3,3,13115,0.05,no_leakage_v1_alpha005,gate_all_sources_proxy_source_only_final_training_only,mmd,,,,,moe,coral,near_nearest_proxy,anchor,3.0,4,4test,target,False,,3.0,direct,0.03496725502509425,0.019330692413399485,0.0566479563775361
6,bnci004,MMP_moe,logvar,lda,sa,9,3,3,13115,0.05,no_leakage_v1_alpha005,gate_all_sources_proxy_source_only_final_training_only,mmd,,,,,moe,coral,near_nearest_proxy,final,3.0,4,4test,train,True,0.4776153170861675,3.0,direct,0.03496725502509425,0.019330692413399485,0.0566479563775361
6,bnci004,MMP_moe,logvar,lda,sa,9,3,3,13115,0.05,no_leakage_v1_alpha005,gate_all_sources_proxy_source_only_final_training_only,mmd,,,,,moe,coral,near_nearest_proxy,main,,3,3test,target,False,,,,,,
6,bnci004,MMP_moe,logvar,lda,sa,9,3,3,13115,0.05,no_leakage_v1_alpha005,gate_all_sources_proxy_source_only_final_training_only,mmd,,,,,moe,coral,near_nearest_proxy,final,,3,3test,target,False,,,,,,
6,bnci004,MMP_moe,logvar,lda,sa,9,4,4,13146,0.05,no_leakage_v1_alpha005,gate_all_sources_proxy_source_only_final_training_only,mmd,,,,,moe,coral,near_nearest_proxy,main,0.0,0,0train,far,False,,4.0,direct,0.0998889607583542,0.057881815276393245,0.14982729798634842
6,bnci004,MMP_moe,logvar,lda,sa,9,4,4,13146,0.05,no_leakage_v1_alpha005,gate_all_sources_proxy_source_only_final_training_only,mmd,,,,,moe,coral,near_nearest_proxy,anchor,0.0,0,0train,not_used,False,,4.0,direct,0.0998889607583542,0.057881815276393245,0.14982729798634842
6,bnci004,MMP_moe,logvar,lda,sa,9,4,4,13146,0.05,no_leakage_v1_alpha005,gate_all_sources_proxy_source_only_final_training_only,mmd,,,,,moe,coral,near_nearest_proxy,final,0.0,0,0train,not_used,False,,4.0,direct,0.0998889607583542,0.057881815276393245,0.14982729798634842
6,bnci004,MMP_moe,logvar,lda,sa,9,4,4,13146,0.05,no_leakage_v1_alpha005,gate_all_sources_proxy_source_only_final_training_only,mmd,,,,,moe,coral,near_nearest_proxy,main,1.0,1,1train,far,False,,4.0,direct,0.08270567227008098,0.05361252434224521,0.12184811604039153
6,bnci004,MMP_moe,logvar,lda,sa,9,4,4,13146,0.05,no_leakage_v1_alpha005,gate_all_sources_proxy_source_only_final_training_only,mmd,,,,,moe,coral,near_nearest_proxy,anchor,1.0,1,1train,not_used,False,,4.0,direct,0.08270567227008098,0.05361252434224521,0.12184811604039153
6,bnci004,MMP_moe,logvar,lda,sa,9,4,4,13146,0.05,no_leakage_v1_alpha005,gate_all_sources_proxy_source_only_final_training_only,mmd,,,,,moe,coral,near_nearest_proxy,final,1.0,1,1train,not_used,False,,4.0,direct,0.08270567227008098,0.05361252434224521,0.12184811604039153
6,bnci004,MMP_moe,logvar,lda,sa,9,4,4,13146,0.05,no_leakage_v1_alpha005,gate_all_sources_proxy_source_only_final_training_only,mmd,,,,,moe,coral,near_nearest_proxy,main,2.0,2,2train,nearest,True,0.5171568672101232,4.0,direct,0.03154007278451759,0.016729935266989186,0.052369780895960304
6,bnci004,MMP_moe,logvar,lda,sa,9,4,4,13146,0.05,no_leakage_v1_alpha005,gate_all_sources_proxy_source_only_final_training_only,mmd,,,,,moe,coral,near_nearest_proxy,anchor,2.0,2,2train,target,False,,4.0,direct,0.03154007278451759,0.016729935266989186,0.052369780895960304
6,bnci004,MMP_moe,logvar,lda,sa,9,4,4,13146,0.05,no_leakage_v1_alpha005,gate_all_sources_proxy_source_only_final_training_only,mmd,,,,,moe,coral,near_nearest_proxy,final,2.0,2,2train,train,True,0.5171568672101232,4.0,direct,0.03154007278451759,0.016729935266989186,0.052369780895960304
6,bnci004,MMP_moe,logvar,lda,sa,9,4,4,13146,0.05,no_leakage_v1_alpha005,gate_all_sources_proxy_source_only_final_training_only,mmd,,,,,moe,coral,near_nearest_proxy,main,3.0,3,3test,near,False,0.48284313278987673,4.0,direct,0.03378157094687955,0.01412258542309817,0.059724852017592076
6,bnci004,MMP_moe,logvar,lda,sa,9,4,4,13146,0.05,no_leakage_v1_alpha005,gate_all_sources_proxy_source_only_final_training_only,mmd,,,,,moe,coral,near_nearest_proxy,anchor,3.0,3,3test,proxy_source,False,1.0,4.0,direct,0.03378157094687955,0.01412258542309817,0.059724852017592076
6,bnci004,MMP_moe,logvar,lda,sa,9,4,4,13146,0.05,no_leakage_v1_alpha005,gate_all_sources_proxy_source_only_final_training_only,mmd,,,,,moe,coral,near_nearest_proxy,final,3.0,3,3test,train,False,0.48284313278987673,4.0,direct,0.03378157094687955,0.01412258542309817,0.059724852017592076
6,bnci004,MMP_moe,logvar,lda,sa,9,4,4,13146,0.05,no_leakage_v1_alpha005,gate_all_sources_proxy_source_only_final_training_only,mmd,,,,,moe,coral,near_nearest_proxy,main,,4,4test,target,False,,,,,,
6,bnci004,MMP_moe,logvar,lda,sa,9,4,4,13146,0.05,no_leakage_v1_alpha005,gate_all_sources_proxy_source_only_final_training_only,mmd,,,,,moe,coral,near_nearest_proxy,final,,4,4test,target,False,,,,,,
6,bnci004,MMP_moe,logvar,lda,pt,10,0,0,14019,0.05,no_leakage_v1_alpha005,gate_all_sources_proxy_source_only_final_training_only,mmd,,,,,moe,coral,near_nearest_proxy,main,0.0,1,1train,near,False,0.2180173964687109,0.0,direct,0.17018816721335436,0.09825775393794813,0.24932063468879237
6,bnci004,MMP_moe,logvar,lda,pt,10,0,0,14019,0.05,no_leakage_v1_alpha005,gate_all_sources_proxy_source_only_final_training_only,mmd,,,,,moe,coral,near_nearest_proxy,anchor,0.0,1,1train,proxy_source,False,0.3206282628760773,0.0,direct,0.17018816721335436,0.09825775393794813,0.24932063468879237
6,bnci004,MMP_moe,logvar,lda,pt,10,0,0,14019,0.05,no_leakage_v1_alpha005,gate_all_sources_proxy_source_only_final_training_only,mmd,,,,,moe,coral,near_nearest_proxy,final,0.0,1,1train,train,False,0.2180173964687109,0.0,direct,0.17018816721335436,0.09825775393794813,0.24932063468879237
6,bnci004,MMP_moe,logvar,lda,pt,10,0,0,14019,0.05,no_leakage_v1_alpha005,gate_all_sources_proxy_source_only_final_training_only,mmd,,,,,moe,coral,near_nearest_proxy,main,1.0,2,2train,near,False,0.30082870475529927,0.0,direct,0.1233389557838571,0.06837901897212072,0.1831503790758214
6,bnci004,MMP_moe,logvar,lda,pt,10,0,0,14019,0.05,no_leakage_v1_alpha005,gate_all_sources_proxy_source_only_final_training_only,mmd,,,,,moe,coral,near_nearest_proxy,anchor,1.0,2,2train,proxy_source,False,0.442415085177823,0.0,direct,0.1233389557838571,0.06837901897212072,0.1831503790758214
6,bnci004,MMP_moe,logvar,lda,pt,10,0,0,14019,0.05,no_leakage_v1_alpha005,gate_all_sources_proxy_source_only_final_training_only,mmd,,,,,moe,coral,near_nearest_proxy,final,1.0,2,2train,train,False,0.30082870475529927,0.0,direct,0.1233389557838571,0.06837901897212072,0.1831503790758214
6,bnci004,MMP_moe,logvar,lda,pt,10,0,0,14019,0.05,no_leakage_v1_alpha005,gate_all_sources_proxy_source_only_final_training_only,mmd,,,,,moe,coral,near_nearest_proxy,main,2.0,3,3test,near,False,0.1611232642744223,0.0,direct,0.2302835545621419,0.15925553980344817,0.3297206328343691
6,bnci004,MMP_moe,logvar,lda,pt,10,0,0,14019,0.05,no_leakage_v1_alpha005,gate_all_sources_proxy_source_only_final_training_only,mmd,,,,,moe,coral,near_nearest_proxy,anchor,2.0,3,3test,proxy_source,False,0.2369566519460997,0.0,direct,0.2302835545621419,0.15925553980344817,0.3297206328343691
6,bnci004,MMP_moe,logvar,lda,pt,10,0,0,14019,0.05,no_leakage_v1_alpha005,gate_all_sources_proxy_source_only_final_training_only,mmd,,,,,moe,coral,near_nearest_proxy,final,2.0,3,3test,train,False,0.1611232642744223,0.0,direct,0.2302835545621419,0.15925553980344817,0.3297206328343691
6,bnci004,MMP_moe,logvar,lda,pt,10,0,0,14019,0.05,no_leakage_v1_alpha005,gate_all_sources_proxy_source_only_final_training_only,mmd,,,,,moe,coral,near_nearest_proxy,main,3.0,4,4test,nearest,True,0.32003063450156755,0.0,direct,0.11593852310478538,0.06497475389438885,0.17322609330467392
6,bnci004,MMP_moe,logvar,lda,pt,10,0,0,14019,0.05,no_leakage_v1_alpha005,gate_all_sources_proxy_source_only_final_training_only,mmd,,,,,moe,coral,near_nearest_proxy,anchor,3.0,4,4test,target,False,,0.0,direct,0.11593852310478538,0.06497475389438885,0.17322609330467392
6,bnci004,MMP_moe,logvar,lda,pt,10,0,0,14019,0.05,no_leakage_v1_alpha005,gate_all_sources_proxy_source_only_final_training_only,mmd,,,,,moe,coral,near_nearest_proxy,final,3.0,4,4test,train,True,0.32003063450156755,0.0,direct,0.11593852310478538,0.06497475389438885,0.17322609330467392
6,bnci004,MMP_moe,logvar,lda,pt,10,0,0,14019,0.05,no_leakage_v1_alpha005,gate_all_sources_proxy_source_only_final_training_only,mmd,,,,,moe,coral,near_nearest_proxy,main,,0,0train,target,False,,,,,,
6,bnci004,MMP_moe,logvar,lda,pt,10,0,0,14019,0.05,no_leakage_v1_alpha005,gate_all_sources_proxy_source_only_final_training_only,mmd,,,,,moe,coral,near_nearest_proxy,final,,0,0train,target,False,,,,,,
6,bnci004,MMP_moe,logvar,lda,pt,10,1,1,14050,0.05,no_leakage_v1_alpha005,gate_all_sources_proxy_source_only_final_training_only,mmd,,,,,moe,coral,near_nearest_proxy,main,0.0,0,0train,near,False,0.1434487922273436,1.0,direct,0.18018072357058068,0.10938295096182479,0.26336813442349954
6,bnci004,MMP_moe,logvar,lda,pt,10,1,1,14050,0.05,no_leakage_v1_alpha005,gate_all_sources_proxy_source_only_final_training_only,mmd,,,,,moe,coral,near_nearest_proxy,anchor,0.0,0,0train,proxy_source,False,0.21633640883491762,1.0,direct,0.18018072357058068,0.10938295096182479,0.26336813442349954
6,bnci004,MMP_moe,logvar,lda,pt,10,1,1,14050,0.05,no_leakage_v1_alpha005,gate_all_sources_proxy_source_only_final_training_only,mmd,,,,,moe,coral,near_nearest_proxy,final,0.0,0,0train,train,False,0.1434487922273436,1.0,direct,0.18018072357058068,0.10938295096182479,0.26336813442349954
6,bnci004,MMP_moe,logvar,lda,pt,10,1,1,14050,0.05,no_leakage_v1_alpha005,gate_all_sources_proxy_source_only_final_training_only,mmd,,,,,moe,coral,near_nearest_proxy,main,1.0,2,2train,near,False,0.241196047523995,1.0,direct,0.10716016989881252,0.06454637888962288,0.15360169969888973
6,bnci004,MMP_moe,logvar,lda,pt,10,1,1,14050,0.05,no_leakage_v1_alpha005,gate_all_sources_proxy_source_only_final_training_only,mmd,,,,,moe,coral,near_nearest_proxy,anchor,1.0,2,2train,proxy_source,False,0.36374992034663484,1.0,direct,0.10716016989881252,0.06454637888962288,0.15360169969888973
6,bnci004,MMP_moe,logvar,lda,pt,10,1,1,14050,0.05,no_leakage_v1_alpha005,gate_all_sources_proxy_source_only_final_training_only,mmd,,,,,moe,coral,near_nearest_proxy,final,1.0,2,2train,train,False,0.241196047523995,1.0,direct,0.10716016989881252,0.06454637888962288,0.15360169969888973
6,bnci004,MMP_moe,logvar,lda,pt,10,1,1,14050,0.05,no_leakage_v1_alpha005,gate_all_sources_proxy_source_only_final_training_only,mmd,,,,,moe,coral,near_nearest_proxy,main,2.0,3,3test,near,False,0.27843722304099877,1.0,direct,0.09282728763105083,0.060411270012247234,0.1276204500150743
6,bnci004,MMP_moe,logvar,lda,pt,10,1,1,14050,0.05,no_leakage_v1_alpha005,gate_all_sources_proxy_source_only_final_training_only,mmd,,,,,moe,coral,near_nearest_proxy,anchor,2.0,3,3test,proxy_source,False,0.4199136708184476,1.0,direct,0.09282728763105083,0.060411270012247234,0.1276204500150743
6,bnci004,MMP_moe,logvar,lda,pt,10,1,1,14050,0.05,no_leakage_v1_alpha005,gate_all_sources_proxy_source_only_final_training_only,mmd,,,,,moe,coral,near_nearest_proxy,final,2.0,3,3test,train,False,0.27843722304099877,1.0,direct,0.09282728763105083,0.060411270012247234,0.1276204500150743
6,bnci004,MMP_moe,logvar,lda,pt,10,1,1,14050,0.05,no_leakage_v1_alpha005,gate_all_sources_proxy_source_only_final_training_only,mmd,,,,,moe,coral,near_nearest_proxy,main,3.0,4,4test,nearest,True,0.33691793720766255,1.0,direct,0.07671456712550433,0.04579919532045509,0.12285322040689658
6,bnci004,MMP_moe,logvar,lda,pt,10,1,1,14050,0.05,no_leakage_v1_alpha005,gate_all_sources_proxy_source_only_final_training_only,mmd,,,,,moe,coral,near_nearest_proxy,anchor,3.0,4,4test,target,False,,1.0,direct,0.07671456712550433,0.04579919532045509,0.12285322040689658
6,bnci004,MMP_moe,logvar,lda,pt,10,1,1,14050,0.05,no_leakage_v1_alpha005,gate_all_sources_proxy_source_only_final_training_only,mmd,,,,,moe,coral,near_nearest_proxy,final,3.0,4,4test,train,True,0.33691793720766255,1.0,direct,0.07671456712550433,0.04579919532045509,0.12285322040689658
6,bnci004,MMP_moe,logvar,lda,pt,10,1,1,14050,0.05,no_leakage_v1_alpha005,gate_all_sources_proxy_source_only_final_training_only,mmd,,,,,moe,coral,near_nearest_proxy,main,,1,1train,target,False,,,,,,
6,bnci004,MMP_moe,logvar,lda,pt,10,1,1,14050,0.05,no_leakage_v1_alpha005,gate_all_sources_proxy_source_only_final_training_only,mmd,,,,,moe,coral,near_nearest_proxy,final,,1,1train,target,False,,,,,,
6,bnci004,MMP_moe,logvar,lda,pt,10,2,2,14081,0.05,no_leakage_v1_alpha005,gate_all_sources_proxy_source_only_final_training_only,mmd,,,,,moe,coral,near_nearest_proxy,main,0.0,0,0train,far,False,,2.0,direct,0.1198455773572294,0.07363831259505545,0.1789602069844705
6,bnci004,MMP_moe,logvar,lda,pt,10,2,2,14081,0.05,no_leakage_v1_alpha005,gate_all_sources_proxy_source_only_final_training_only,mmd,,,,,moe,coral,near_nearest_proxy,anchor,0.0,0,0train,not_used,False,,2.0,direct,0.1198455773572294,0.07363831259505545,0.1789602069844705
6,bnci004,MMP_moe,logvar,lda,pt,10,2,2,14081,0.05,no_leakage_v1_alpha005,gate_all_sources_proxy_source_only_final_training_only,mmd,,,,,moe,coral,near_nearest_proxy,final,0.0,0,0train,not_used,False,,2.0,direct,0.1198455773572294,0.07363831259505545,0.1789602069844705
6,bnci004,MMP_moe,logvar,lda,pt,10,2,2,14081,0.05,no_leakage_v1_alpha005,gate_all_sources_proxy_source_only_final_training_only,mmd,,,,,moe,coral,near_nearest_proxy,main,1.0,1,1train,far,False,,2.0,direct,0.09681396936894966,0.056697233994110995,0.1406363900983195
6,bnci004,MMP_moe,logvar,lda,pt,10,2,2,14081,0.05,no_leakage_v1_alpha005,gate_all_sources_proxy_source_only_final_training_only,mmd,,,,,moe,coral,near_nearest_proxy,anchor,1.0,1,1train,not_used,False,,2.0,direct,0.09681396936894966,0.056697233994110995,0.1406363900983195
6,bnci004,MMP_moe,logvar,lda,pt,10,2,2,14081,0.05,no_leakage_v1_alpha005,gate_all_sources_proxy_source_only_final_training_only,mmd,,,,,moe,coral,near_nearest_proxy,final,1.0,1,1train,not_used,False,,2.0,direct,0.09681396936894966,0.056697233994110995,0.1406363900983195
6,bnci004,MMP_moe,logvar,lda,pt,10,2,2,14081,0.05,no_leakage_v1_alpha005,gate_all_sources_proxy_source_only_final_training_only,mmd,,,,,moe,coral,near_nearest_proxy,main,2.0,3,3test,near,False,0.32908024320050294,2.0,direct,0.053824983605433356,0.024954714812371274,0.087150736441448
6,bnci004,MMP_moe,logvar,lda,pt,10,2,2,14081,0.05,no_leakage_v1_alpha005,gate_all_sources_proxy_source_only_final_training_only,mmd,,,,,moe,coral,near_nearest_proxy,anchor,2.0,3,3test,proxy_source,False,1.0,2.0,direct,0.053824983605433356,0.024954714812371274,0.087150736441448
6,bnci004,MMP_moe,logvar,lda,pt,10,2,2,14081,0.05,no_leakage_v1_alpha005,gate_all_sources_proxy_source_only_final_training_only,mmd,,,,,moe,coral,near_nearest_proxy,final,2.0,3,3test,train,False,0.32908024320050294,2.0,direct,0.053824983605433356,0.024954714812371274,0.087150736441448
6,bnci004,MMP_moe,logvar,lda,pt,10,2,2,14081,0.05,no_leakage_v1_alpha005,gate_all_sources_proxy_source_only_final_training_only,mmd,,,,,moe,coral,near_nearest_proxy,main,3.0,4,4test,nearest,True,0.6709197567994971,2.0,direct,0.026400171818041728,0.012741779262928243,0.04656814491323796
6,bnci004,MMP_moe,logvar,lda,pt,10,2,2,14081,0.05,no_leakage_v1_alpha005,gate_all_sources_proxy_source_only_final_training_only,mmd,,,,,moe,coral,near_nearest_proxy,anchor,3.0,4,4test,target,False,,2.0,direct,0.026400171818041728,0.012741779262928243,0.04656814491323796
6,bnci004,MMP_moe,logvar,lda,pt,10,2,2,14081,0.05,no_leakage_v1_alpha005,gate_all_sources_proxy_source_only_final_training_only,mmd,,,,,moe,coral,near_nearest_proxy,final,3.0,4,4test,train,True,0.6709197567994971,2.0,direct,0.026400171818041728,0.012741779262928243,0.04656814491323796
6,bnci004,MMP_moe,logvar,lda,pt,10,2,2,14081,0.05,no_leakage_v1_alpha005,gate_all_sources_proxy_source_only_final_training_only,mmd,,,,,moe,coral,near_nearest_proxy,main,,2,2train,target,False,,,,,,
6,bnci004,MMP_moe,logvar,lda,pt,10,2,2,14081,0.05,no_leakage_v1_alpha005,gate_all_sources_proxy_source_only_final_training_only,mmd,,,,,moe,coral,near_nearest_proxy,final,,2,2train,target,False,,,,,,
6,bnci004,MMP_moe,logvar,lda,pt,10,3,3,14112,0.05,no_leakage_v1_alpha005,gate_all_sources_proxy_source_only_final_training_only,mmd,,,,,moe,coral,near_nearest_proxy,main,0.0,0,0train,far,False,,3.0,direct,0.1590126809858254,0.11313886690391967,0.21669488198491865
6,bnci004,MMP_moe,logvar,lda,pt,10,3,3,14112,0.05,no_leakage_v1_alpha005,gate_all_sources_proxy_source_only_final_training_only,mmd,,,,,moe,coral,near_nearest_proxy,anchor,0.0,0,0train,not_used,False,,3.0,direct,0.1590126809858254,0.11313886690391967,0.21669488198491865
6,bnci004,MMP_moe,logvar,lda,pt,10,3,3,14112,0.05,no_leakage_v1_alpha005,gate_all_sources_proxy_source_only_final_training_only,mmd,,,,,moe,coral,near_nearest_proxy,final,0.0,0,0train,not_used,False,,3.0,direct,0.1590126809858254,0.11313886690391967,0.21669488198491865
6,bnci004,MMP_moe,logvar,lda,pt,10,3,3,14112,0.05,no_leakage_v1_alpha005,gate_all_sources_proxy_source_only_final_training_only,mmd,,,,,moe,coral,near_nearest_proxy,main,1.0,1,1train,far,False,,3.0,direct,0.08802879578611442,0.0615094693738838,0.12152083098850712
6,bnci004,MMP_moe,logvar,lda,pt,10,3,3,14112,0.05,no_leakage_v1_alpha005,gate_all_sources_proxy_source_only_final_training_only,mmd,,,,,moe,coral,near_nearest_proxy,anchor,1.0,1,1train,not_used,False,,3.0,direct,0.08802879578611442,0.0615094693738838,0.12152083098850712
6,bnci004,MMP_moe,logvar,lda,pt,10,3,3,14112,0.05,no_leakage_v1_alpha005,gate_all_sources_proxy_source_only_final_training_only,mmd,,,,,moe,coral,near_nearest_proxy,final,1.0,1,1train,not_used,False,,3.0,direct,0.08802879578611442,0.0615094693738838,0.12152083098850712
6,bnci004,MMP_moe,logvar,lda,pt,10,3,3,14112,0.05,no_leakage_v1_alpha005,gate_all_sources_proxy_source_only_final_training_only,mmd,,,,,moe,coral,near_nearest_proxy,main,2.0,2,2train,near,False,0.3912389916335223,3.0,direct,0.05067219474676652,0.026393221332569508,0.08344203457242531
6,bnci004,MMP_moe,logvar,lda,pt,10,3,3,14112,0.05,no_leakage_v1_alpha005,gate_all_sources_proxy_source_only_final_training_only,mmd,,,,,moe,coral,near_nearest_proxy,anchor,2.0,2,2train,proxy_source,False,1.0,3.0,direct,0.05067219474676652,0.026393221332569508,0.08344203457242531
6,bnci004,MMP_moe,logvar,lda,pt,10,3,3,14112,0.05,no_leakage_v1_alpha005,gate_all_sources_proxy_source_only_final_training_only,mmd,,,,,moe,coral,near_nearest_proxy,final,2.0,2,2train,train,False,0.3912389916335223,3.0,direct,0.05067219474676652,0.026393221332569508,0.08344203457242531
6,bnci004,MMP_moe,logvar,lda,pt,10,3,3,14112,0.05,no_leakage_v1_alpha005,gate_all_sources_proxy_source_only_final_training_only,mmd,,,,,moe,coral,near_nearest_proxy,main,3.0,4,4test,nearest,True,0.6087610083664776,3.0,direct,0.032565687654277406,0.01708038028464244,0.0533299389648923
6,bnci004,MMP_moe,logvar,lda,pt,10,3,3,14112,0.05,no_leakage_v1_alpha005,gate_all_sources_proxy_source_only_final_training_only,mmd,,,,,moe,coral,near_nearest_proxy,anchor,3.0,4,4test,target,False,,3.0,direct,0.032565687654277406,0.01708038028464244,0.0533299389648923
6,bnci004,MMP_moe,logvar,lda,pt,10,3,3,14112,0.05,no_leakage_v1_alpha005,gate_all_sources_proxy_source_only_final_training_only,mmd,,,,,moe,coral,near_nearest_proxy,final,3.0,4,4test,train,True,0.6087610083664776,3.0,direct,0.032565687654277406,0.01708038028464244,0.0533299389648923
6,bnci004,MMP_moe,logvar,lda,pt,10,3,3,14112,0.05,no_leakage_v1_alpha005,gate_all_sources_proxy_source_only_final_training_only,mmd,,,,,moe,coral,near_nearest_proxy,main,,3,3test,target,False,,,,,,
6,bnci004,MMP_moe,logvar,lda,pt,10,3,3,14112,0.05,no_leakage_v1_alpha005,gate_all_sources_proxy_source_only_final_training_only,mmd,,,,,moe,coral,near_nearest_proxy,final,,3,3test,target,False,,,,,,
6,bnci004,MMP_moe,logvar,lda,pt,10,4,4,14143,0.05,no_leakage_v1_alpha005,gate_all_sources_proxy_source_only_final_training_only,mmd,,,,,moe,coral,near_nearest_proxy,main,0.0,0,0train,far,False,,4.0,direct,0.0975048883322527,0.060699937881949134,0.15114956230574214
6,bnci004,MMP_moe,logvar,lda,pt,10,4,4,14143,0.05,no_leakage_v1_alpha005,gate_all_sources_proxy_source_only_final_training_only,mmd,,,,,moe,coral,near_nearest_proxy,anchor,0.0,0,0train,not_used,False,,4.0,direct,0.0975048883322527,0.060699937881949134,0.15114956230574214
6,bnci004,MMP_moe,logvar,lda,pt,10,4,4,14143,0.05,no_leakage_v1_alpha005,gate_all_sources_proxy_source_only_final_training_only,mmd,,,,,moe,coral,near_nearest_proxy,final,0.0,0,0train,not_used,False,,4.0,direct,0.0975048883322527,0.060699937881949134,0.15114956230574214
6,bnci004,MMP_moe,logvar,lda,pt,10,4,4,14143,0.05,no_leakage_v1_alpha005,gate_all_sources_proxy_source_only_final_training_only,mmd,,,,,moe,coral,near_nearest_proxy,main,1.0,1,1train,far,False,,4.0,direct,0.08026248591714374,0.04872014421544634,0.12657242877974006
6,bnci004,MMP_moe,logvar,lda,pt,10,4,4,14143,0.05,no_leakage_v1_alpha005,gate_all_sources_proxy_source_only_final_training_only,mmd,,,,,moe,coral,near_nearest_proxy,anchor,1.0,1,1train,not_used,False,,4.0,direct,0.08026248591714374,0.04872014421544634,0.12657242877974006
6,bnci004,MMP_moe,logvar,lda,pt,10,4,4,14143,0.05,no_leakage_v1_alpha005,gate_all_sources_proxy_source_only_final_training_only,mmd,,,,,moe,coral,near_nearest_proxy,final,1.0,1,1train,not_used,False,,4.0,direct,0.08026248591714374,0.04872014421544634,0.12657242877974006
6,bnci004,MMP_moe,logvar,lda,pt,10,4,4,14143,0.05,no_leakage_v1_alpha005,gate_all_sources_proxy_source_only_final_training_only,mmd,,,,,moe,coral,near_nearest_proxy,main,2.0,2,2train,nearest,True,0.5147106021115848,4.0,direct,0.03116617798133257,0.01657886870864498,0.04728358974964878
6,bnci004,MMP_moe,logvar,lda,pt,10,4,4,14143,0.05,no_leakage_v1_alpha005,gate_all_sources_proxy_source_only_final_training_only,mmd,,,,,moe,coral,near_nearest_proxy,anchor,2.0,2,2train,target,False,,4.0,direct,0.03116617798133257,0.01657886870864498,0.04728358974964878
6,bnci004,MMP_moe,logvar,lda,pt,10,4,4,14143,0.05,no_leakage_v1_alpha005,gate_all_sources_proxy_source_only_final_training_only,mmd,,,,,moe,coral,near_nearest_proxy,final,2.0,2,2train,train,True,0.5147106021115848,4.0,direct,0.03116617798133257,0.01657886870864498,0.04728358974964878
6,bnci004,MMP_moe,logvar,lda,pt,10,4,4,14143,0.05,no_leakage_v1_alpha005,gate_all_sources_proxy_source_only_final_training_only,mmd,,,,,moe,coral,near_nearest_proxy,main,3.0,3,3test,near,False,0.4852893978884152,4.0,direct,0.033055722472596125,0.015141101940779927,0.058075506630751346
6,bnci004,MMP_moe,logvar,lda,pt,10,4,4,14143,0.05,no_leakage_v1_alpha005,gate_all_sources_proxy_source_only_final_training_only,mmd,,,,,moe,coral,near_nearest_proxy,anchor,3.0,3,3test,proxy_source,False,1.0,4.0,direct,0.033055722472596125,0.015141101940779927,0.058075506630751346
6,bnci004,MMP_moe,logvar,lda,pt,10,4,4,14143,0.05,no_leakage_v1_alpha005,gate_all_sources_proxy_source_only_final_training_only,mmd,,,,,moe,coral,near_nearest_proxy,final,3.0,3,3test,train,False,0.4852893978884152,4.0,direct,0.033055722472596125,0.015141101940779927,0.058075506630751346
6,bnci004,MMP_moe,logvar,lda,pt,10,4,4,14143,0.05,no_leakage_v1_alpha005,gate_all_sources_proxy_source_only_final_training_only,mmd,,,,,moe,coral,near_nearest_proxy,main,,4,4test,target,False,,,,,,
6,bnci004,MMP_moe,logvar,lda,pt,10,4,4,14143,0.05,no_leakage_v1_alpha005,gate_all_sources_proxy_source_only_final_training_only,mmd,,,,,moe,coral,near_nearest_proxy,final,,4,4test,target,False,,,,,,
6,bnci004,MMP_moe,logvar,lda,coral,11,0,0,15016,0.05,no_leakage_v1_alpha005,gate_all_sources_proxy_source_only_final_training_only,mmd,,,,,moe,coral,near_nearest_proxy,main,0.0,1,1train,near,False,0.2209827008912451,0.0,direct,0.1696905804112011,0.1054669561995806,0.24504457179929845
6,bnci004,MMP_moe,logvar,lda,coral,11,0,0,15016,0.05,no_leakage_v1_alpha005,gate_all_sources_proxy_source_only_final_training_only,mmd,,,,,moe,coral,near_nearest_proxy,anchor,0.0,1,1train,proxy_source,False,0.3205860374581938,0.0,direct,0.1696905804112011,0.1054669561995806,0.24504457179929845
6,bnci004,MMP_moe,logvar,lda,coral,11,0,0,15016,0.05,no_leakage_v1_alpha005,gate_all_sources_proxy_source_only_final_training_only,mmd,,,,,moe,coral,near_nearest_proxy,final,0.0,1,1train,train,False,0.2209827008912451,0.0,direct,0.1696905804112011,0.1054669561995806,0.24504457179929845
6,bnci004,MMP_moe,logvar,lda,coral,11,0,0,15016,0.05,no_leakage_v1_alpha005,gate_all_sources_proxy_source_only_final_training_only,mmd,,,,,moe,coral,near_nearest_proxy,main,1.0,2,2train,near,False,0.30348413646034833,0.0,direct,0.12356033073423603,0.07233600420400148,0.19099799590473135
6,bnci004,MMP_moe,logvar,lda,coral,11,0,0,15016,0.05,no_leakage_v1_alpha005,gate_all_sources_proxy_source_only_final_training_only,mmd,,,,,moe,coral,near_nearest_proxy,anchor,1.0,2,2train,proxy_source,False,0.4402732718301181,0.0,direct,0.12356033073423603,0.07233600420400148,0.19099799590473135
6,bnci004,MMP_moe,logvar,lda,coral,11,0,0,15016,0.05,no_leakage_v1_alpha005,gate_all_sources_proxy_source_only_final_training_only,mmd,,,,,moe,coral,near_nearest_proxy,final,1.0,2,2train,train,False,0.30348413646034833,0.0,direct,0.12356033073423603,0.07233600420400148,0.19099799590473135
6,bnci004,MMP_moe,logvar,lda,coral,11,0,0,15016,0.05,no_leakage_v1_alpha005,gate_all_sources_proxy_source_only_final_training_only,mmd,,,,,moe,coral,near_nearest_proxy,main,2.0,3,3test,near,False,0.16484172593872906,0.0,direct,0.22748329467251088,0.1443570000229441,0.3144333376401814
6,bnci004,MMP_moe,logvar,lda,coral,11,0,0,15016,0.05,no_leakage_v1_alpha005,gate_all_sources_proxy_source_only_final_training_only,mmd,,,,,moe,coral,near_nearest_proxy,anchor,2.0,3,3test,proxy_source,False,0.23914069071168803,0.0,direct,0.22748329467251088,0.1443570000229441,0.3144333376401814
6,bnci004,MMP_moe,logvar,lda,coral,11,0,0,15016,0.05,no_leakage_v1_alpha005,gate_all_sources_proxy_source_only_final_training_only,mmd,,,,,moe,coral,near_nearest_proxy,final,2.0,3,3test,train,False,0.16484172593872906,0.0,direct,0.22748329467251088,0.1443570000229441,0.3144333376401814
6,bnci004,MMP_moe,logvar,lda,coral,11,0,0,15016,0.05,no_leakage_v1_alpha005,gate_all_sources_proxy_source_only_final_training_only,mmd,,,,,moe,coral,near_nearest_proxy,main,3.0,4,4test,nearest,True,0.3106914367096774,0.0,direct,0.12069400258808745,0.07380544788591295,0.18041495013444933
6,bnci004,MMP_moe,logvar,lda,coral,11,0,0,15016,0.05,no_leakage_v1_alpha005,gate_all_sources_proxy_source_only_final_training_only,mmd,,,,,moe,coral,near_nearest_proxy,anchor,3.0,4,4test,target,False,,0.0,direct,0.12069400258808745,0.07380544788591295,0.18041495013444933
6,bnci004,MMP_moe,logvar,lda,coral,11,0,0,15016,0.05,no_leakage_v1_alpha005,gate_all_sources_proxy_source_only_final_training_only,mmd,,,,,moe,coral,near_nearest_proxy,final,3.0,4,4test,train,True,0.3106914367096774,0.0,direct,0.12069400258808745,0.07380544788591295,0.18041495013444933
6,bnci004,MMP_moe,logvar,lda,coral,11,0,0,15016,0.05,no_leakage_v1_alpha005,gate_all_sources_proxy_source_only_final_training_only,mmd,,,,,moe,coral,near_nearest_proxy,main,,0,0train,target,False,,,,,,
6,bnci004,MMP_moe,logvar,lda,coral,11,0,0,15016,0.05,no_leakage_v1_alpha005,gate_all_sources_proxy_source_only_final_training_only,mmd,,,,,moe,coral,near_nearest_proxy,final,,0,0train,target,False,,,,,,
6,bnci004,MMP_moe,logvar,lda,coral,11,1,1,15047,0.05,no_leakage_v1_alpha005,gate_all_sources_proxy_source_only_final_training_only,mmd,,,,,moe,coral,near_nearest_proxy,main,0.0,0,0train,near,False,0.14687290714742646,1.0,direct,0.17694015007944663,0.10388946762899187,0.2589709155252266
6,bnci004,MMP_moe,logvar,lda,coral,11,1,1,15047,0.05,no_leakage_v1_alpha005,gate_all_sources_proxy_source_only_final_training_only,mmd,,,,,moe,coral,near_nearest_proxy,anchor,0.0,0,0train,proxy_source,False,0.22126865401961235,1.0,direct,0.17694015007944663,0.10388946762899187,0.2589709155252266
6,bnci004,MMP_moe,logvar,lda,coral,11,1,1,15047,0.05,no_leakage_v1_alpha005,gate_all_sources_proxy_source_only_final_training_only,mmd,,,,,moe,coral,near_nearest_proxy,final,0.0,0,0train,train,False,0.14687290714742646,1.0,direct,0.17694015007944663,0.10388946762899187,0.2589709155252266
6,bnci004,MMP_moe,logvar,lda,coral,11,1,1,15047,0.05,no_leakage_v1_alpha005,gate_all_sources_proxy_source_only_final_training_only,mmd,,,,,moe,coral,near_nearest_proxy,main,1.0,2,2train,near,False,0.23918360983586157,1.0,direct,0.10865134923083332,0.06751907920731597,0.16066622377728768
6,bnci004,MMP_moe,logvar,lda,coral,11,1,1,15047,0.05,no_leakage_v1_alpha005,gate_all_sources_proxy_source_only_final_training_only,mmd,,,,,moe,coral,near_nearest_proxy,anchor,1.0,2,2train,proxy_source,False,0.36033763094789095,1.0,direct,0.10865134923083332,0.06751907920731597,0.16066622377728768
6,bnci004,MMP_moe,logvar,lda,coral,11,1,1,15047,0.05,no_leakage_v1_alpha005,gate_all_sources_proxy_source_only_final_training_only,mmd,,,,,moe,coral,near_nearest_proxy,final,1.0,2,2train,train,False,0.23918360983586157,1.0,direct,0.10865134923083332,0.06751907920731597,0.16066622377728768
6,bnci004,MMP_moe,logvar,lda,coral,11,1,1,15047,0.05,no_leakage_v1_alpha005,gate_all_sources_proxy_source_only_final_training_only,mmd,,,,,moe,coral,near_nearest_proxy,main,2.0,3,3test,near,False,0.2777198674222873,1.0,direct,0.09357480841222834,0.05677938601682806,0.13232440185905114
6,bnci004,MMP_moe,logvar,lda,coral,11,1,1,15047,0.05,no_leakage_v1_alpha005,gate_all_sources_proxy_source_only_final_training_only,mmd,,,,,moe,coral,near_nearest_proxy,anchor,2.0,3,3test,proxy_source,False,0.4183937150324968,1.0,direct,0.09357480841222834,0.05677938601682806,0.13232440185905114
6,bnci004,MMP_moe,logvar,lda,coral,11,1,1,15047,0.05,no_leakage_v1_alpha005,gate_all_sources_proxy_source_only_final_training_only,mmd,,,,,moe,coral,near_nearest_proxy,final,2.0,3,3test,train,False,0.2777198674222873,1.0,direct,0.09357480841222834,0.05677938601682806,0.13232440185905114
6,bnci004,MMP_moe,logvar,lda,coral,11,1,1,15047,0.05,no_leakage_v1_alpha005,gate_all_sources_proxy_source_only_final_training_only,mmd,,,,,moe,coral,near_nearest_proxy,main,3.0,4,4test,nearest,True,0.33622361559442465,1.0,direct,0.07729238422654315,0.04638864882605305,0.11796665192896727
6,bnci004,MMP_moe,logvar,lda,coral,11,1,1,15047,0.05,no_leakage_v1_alpha005,gate_all_sources_proxy_source_only_final_training_only,mmd,,,,,moe,coral,near_nearest_proxy,anchor,3.0,4,4test,target,False,,1.0,direct,0.07729238422654315,0.04638864882605305,0.11796665192896727
6,bnci004,MMP_moe,logvar,lda,coral,11,1,1,15047,0.05,no_leakage_v1_alpha005,gate_all_sources_proxy_source_only_final_training_only,mmd,,,,,moe,coral,near_nearest_proxy,final,3.0,4,4test,train,True,0.33622361559442465,1.0,direct,0.07729238422654315,0.04638864882605305,0.11796665192896727
6,bnci004,MMP_moe,logvar,lda,coral,11,1,1,15047,0.05,no_leakage_v1_alpha005,gate_all_sources_proxy_source_only_final_training_only,mmd,,,,,moe,coral,near_nearest_proxy,main,,1,1train,target,False,,,,,,
6,bnci004,MMP_moe,logvar,lda,coral,11,1,1,15047,0.05,no_leakage_v1_alpha005,gate_all_sources_proxy_source_only_final_training_only,mmd,,,,,moe,coral,near_nearest_proxy,final,,1,1train,target,False,,,,,,
6,bnci004,MMP_moe,logvar,lda,coral,11,2,2,15078,0.05,no_leakage_v1_alpha005,gate_all_sources_proxy_source_only_final_training_only,mmd,,,,,moe,coral,near_nearest_proxy,main,0.0,0,0train,far,False,,2.0,direct,0.12187462317976432,0.07168956249001589,0.18740307869400513
6,bnci004,MMP_moe,logvar,lda,coral,11,2,2,15078,0.05,no_leakage_v1_alpha005,gate_all_sources_proxy_source_only_final_training_only,mmd,,,,,moe,coral,near_nearest_proxy,anchor,0.0,0,0train,not_used,False,,2.0,direct,0.12187462317976432,0.07168956249001589,0.18740307869400513
6,bnci004,MMP_moe,logvar,lda,coral,11,2,2,15078,0.05,no_leakage_v1_alpha005,gate_all_sources_proxy_source_only_final_training_only,mmd,,,,,moe,coral,near_nearest_proxy,final,0.0,0,0train,not_used,False,,2.0,direct,0.12187462317976432,0.07168956249001589,0.18740307869400513
6,bnci004,MMP_moe,logvar,lda,coral,11,2,2,15078,0.05,no_leakage_v1_alpha005,gate_all_sources_proxy_source_only_final_training_only,mmd,,,,,moe,coral,near_nearest_proxy,main,1.0,1,1train,far,False,,2.0,direct,0.09693940957119347,0.059900785335605854,0.1526796713360079
6,bnci004,MMP_moe,logvar,lda,coral,11,2,2,15078,0.05,no_leakage_v1_alpha005,gate_all_sources_proxy_source_only_final_training_only,mmd,,,,,moe,coral,near_nearest_proxy,anchor,1.0,1,1train,not_used,False,,2.0,direct,0.09693940957119347,0.059900785335605854,0.1526796713360079
6,bnci004,MMP_moe,logvar,lda,coral,11,2,2,15078,0.05,no_leakage_v1_alpha005,gate_all_sources_proxy_source_only_final_training_only,mmd,,,,,moe,coral,near_nearest_proxy,final,1.0,1,1train,not_used,False,,2.0,direct,0.09693940957119347,0.059900785335605854,0.1526796713360079
6,bnci004,MMP_moe,logvar,lda,coral,11,2,2,15078,0.05,no_leakage_v1_alpha005,gate_all_sources_proxy_source_only_final_training_only,mmd,,,,,moe,coral,near_nearest_proxy,main,2.0,3,3test,near,False,0.3253878611704184,2.0,direct,0.05417635171603674,0.025971012660512074,0.09301401942899944
6,bnci004,MMP_moe,logvar,lda,coral,11,2,2,15078,0.05,no_leakage_v1_alpha005,gate_all_sources_proxy_source_only_final_training_only,mmd,,,,,moe,coral,near_nearest_proxy,anchor,2.0,3,3test,proxy_source,False,1.0,2.0,direct,0.05417635171603674,0.025971012660512074,0.09301401942899944
6,bnci004,MMP_moe,logvar,lda,coral,11,2,2,15078,0.05,no_leakage_v1_alpha005,gate_all_sources_proxy_source_only_final_training_only,mmd,,,,,moe,coral,near_nearest_proxy,final,2.0,3,3test,train,False,0.3253878611704184,2.0,direct,0.05417635171603674,0.025971012660512074,0.09301401942899944
6,bnci004,MMP_moe,logvar,lda,coral,11,2,2,15078,0.05,no_leakage_v1_alpha005,gate_all_sources_proxy_source_only_final_training_only,mmd,,,,,moe,coral,near_nearest_proxy,main,3.0,4,4test,nearest,True,0.6746121388295816,2.0,direct,0.02613053778902278,0.012614373949150059,0.04360952307232984
6,bnci004,MMP_moe,logvar,lda,coral,11,2,2,15078,0.05,no_leakage_v1_alpha005,gate_all_sources_proxy_source_only_final_training_only,mmd,,,,,moe,coral,near_nearest_proxy,anchor,3.0,4,4test,target,False,,2.0,direct,0.02613053778902278,0.012614373949150059,0.04360952307232984
6,bnci004,MMP_moe,logvar,lda,coral,11,2,2,15078,0.05,no_leakage_v1_alpha005,gate_all_sources_proxy_source_only_final_training_only,mmd,,,,,moe,coral,near_nearest_proxy,final,3.0,4,4test,train,True,0.6746121388295816,2.0,direct,0.02613053778902278,0.012614373949150059,0.04360952307232984
6,bnci004,MMP_moe,logvar,lda,coral,11,2,2,15078,0.05,no_leakage_v1_alpha005,gate_all_sources_proxy_source_only_final_training_only,mmd,,,,,moe,coral,near_nearest_proxy,main,,2,2train,target,False,,,,,,
6,bnci004,MMP_moe,logvar,lda,coral,11,2,2,15078,0.05,no_leakage_v1_alpha005,gate_all_sources_proxy_source_only_final_training_only,mmd,,,,,moe,coral,near_nearest_proxy,final,,2,2train,target,False,,,,,,
6,bnci004,MMP_moe,logvar,lda,coral,11,3,3,15109,0.05,no_leakage_v1_alpha005,gate_all_sources_proxy_source_only_final_training_only,mmd,,,,,moe,coral,near_nearest_proxy,main,0.0,0,0train,far,False,,3.0,direct,0.1605888484569297,0.10632192156409753,0.22045363218969552
6,bnci004,MMP_moe,logvar,lda,coral,11,3,3,15109,0.05,no_leakage_v1_alpha005,gate_all_sources_proxy_source_only_final_training_only,mmd,,,,,moe,coral,near_nearest_proxy,anchor,0.0,0,0train,not_used,False,,3.0,direct,0.1605888484569297,0.10632192156409753,0.22045363218969552
6,bnci004,MMP_moe,logvar,lda,coral,11,3,3,15109,0.05,no_leakage_v1_alpha005,gate_all_sources_proxy_source_only_final_training_only,mmd,,,,,moe,coral,near_nearest_proxy,final,0.0,0,0train,not_used,False,,3.0,direct,0.1605888484569297,0.10632192156409753,0.22045363218969552
6,bnci004,MMP_moe,logvar,lda,coral,11,3,3,15109,0.05,no_leakage_v1_alpha005,gate_all_sources_proxy_source_only_final_training_only,mmd,,,,,moe,coral,near_nearest_proxy,main,1.0,1,1train,near,False,0.18537150461115187,3.0,direct,0.08622778245625343,0.054074586642014304,0.1171731044782124
6,bnci004,MMP_moe,logvar,lda,coral,11,3,3,15109,0.05,no_leakage_v1_alpha005,gate_all_sources_proxy_source_only_final_training_only,mmd,,,,,moe,coral,near_nearest_proxy,anchor,1.0,1,1train,proxy_source,False,0.3625506112045941,3.0,direct,0.08622778245625343,0.054074586642014304,0.1171731044782124
6,bnci004,MMP_moe,logvar,lda,coral,11,3,3,15109,0.05,no_leakage_v1_alpha005,gate_all_sources_proxy_source_only_final_training_only,mmd,,,,,moe,coral,near_nearest_proxy,final,1.0,1,1train,train,False,0.18537150461115187,3.0,direct,0.08622778245625343,0.054074586642014304,0.1171731044782124
6,bnci004,MMP_moe,logvar,lda,coral,11,3,3,15109,0.05,no_leakage_v1_alpha005,gate_all_sources_proxy_source_only_final_training_only,mmd,,,,,moe,coral,near_nearest_proxy,main,2.0,2,2train,near,False,0.3259267772900839,3.0,direct,0.04904179199642707,0.028564059816327363,0.0795108325437688
6,bnci004,MMP_moe,logvar,lda,coral,11,3,3,15109,0.05,no_leakage_v1_alpha005,gate_all_sources_proxy_source_only_final_training_only,mmd,,,,,moe,coral,near_nearest_proxy,anchor,2.0,2,2train,proxy_source,False,0.6374493887954059,3.0,direct,0.04904179199642707,0.028564059816327363,0.0795108325437688
6,bnci004,MMP_moe,logvar,lda,coral,11,3,3,15109,0.05,no_leakage_v1_alpha005,gate_all_sources_proxy_source_only_final_training_only,mmd,,,,,moe,coral,near_nearest_proxy,final,2.0,2,2train,train,False,0.3259267772900839,3.0,direct,0.04904179199642707,0.028564059816327363,0.0795108325437688
6,bnci004,MMP_moe,logvar,lda,coral,11,3,3,15109,0.05,no_leakage_v1_alpha005,gate_all_sources_proxy_source_only_final_training_only,mmd,,,,,moe,coral,near_nearest_proxy,main,3.0,4,4test,nearest,True,0.4887017180987642,3.0,direct,0.03270680222932024,0.015911196255902246,0.056908004969113524
6,bnci004,MMP_moe,logvar,lda,coral,11,3,3,15109,0.05,no_leakage_v1_alpha005,gate_all_sources_proxy_source_only_final_training_only,mmd,,,,,moe,coral,near_nearest_proxy,anchor,3.0,4,4test,target,False,,3.0,direct,0.03270680222932024,0.015911196255902246,0.056908004969113524
6,bnci004,MMP_moe,logvar,lda,coral,11,3,3,15109,0.05,no_leakage_v1_alpha005,gate_all_sources_proxy_source_only_final_training_only,mmd,,,,,moe,coral,near_nearest_proxy,final,3.0,4,4test,train,True,0.4887017180987642,3.0,direct,0.03270680222932024,0.015911196255902246,0.056908004969113524
6,bnci004,MMP_moe,logvar,lda,coral,11,3,3,15109,0.05,no_leakage_v1_alpha005,gate_all_sources_proxy_source_only_final_training_only,mmd,,,,,moe,coral,near_nearest_proxy,main,,3,3test,target,False,,,,,,
6,bnci004,MMP_moe,logvar,lda,coral,11,3,3,15109,0.05,no_leakage_v1_alpha005,gate_all_sources_proxy_source_only_final_training_only,mmd,,,,,moe,coral,near_nearest_proxy,final,,3,3test,target,False,,,,,,
6,bnci004,MMP_moe,logvar,lda,coral,11,4,4,15140,0.05,no_leakage_v1_alpha005,gate_all_sources_proxy_source_only_final_training_only,mmd,,,,,moe,coral,near_nearest_proxy,main,0.0,0,0train,far,False,,4.0,direct,0.09837187736177093,0.06092358396144084,0.14284654178633188
6,bnci004,MMP_moe,logvar,lda,coral,11,4,4,15140,0.05,no_leakage_v1_alpha005,gate_all_sources_proxy_source_only_final_training_only,mmd,,,,,moe,coral,near_nearest_proxy,anchor,0.0,0,0train,not_used,False,,4.0,direct,0.09837187736177093,0.06092358396144084,0.14284654178633188
6,bnci004,MMP_moe,logvar,lda,coral,11,4,4,15140,0.05,no_leakage_v1_alpha005,gate_all_sources_proxy_source_only_final_training_only,mmd,,,,,moe,coral,near_nearest_proxy,final,0.0,0,0train,not_used,False,,4.0,direct,0.09837187736177093,0.06092358396144084,0.14284654178633188
6,bnci004,MMP_moe,logvar,lda,coral,11,4,4,15140,0.05,no_leakage_v1_alpha005,gate_all_sources_proxy_source_only_final_training_only,mmd,,,,,moe,coral,near_nearest_proxy,main,1.0,1,1train,far,False,,4.0,direct,0.08285409978804449,0.05259693151925272,0.1233281286106613
6,bnci004,MMP_moe,logvar,lda,coral,11,4,4,15140,0.05,no_leakage_v1_alpha005,gate_all_sources_proxy_source_only_final_training_only,mmd,,,,,moe,coral,near_nearest_proxy,anchor,1.0,1,1train,not_used,False,,4.0,direct,0.08285409978804449,0.05259693151925272,0.1233281286106613
6,bnci004,MMP_moe,logvar,lda,coral,11,4,4,15140,0.05,no_leakage_v1_alpha005,gate_all_sources_proxy_source_only_final_training_only,mmd,,,,,moe,coral,near_nearest_proxy,final,1.0,1,1train,not_used,False,,4.0,direct,0.08285409978804449,0.05259693151925272,0.1233281286106613
6,bnci004,MMP_moe,logvar,lda,coral,11,4,4,15140,0.05,no_leakage_v1_alpha005,gate_all_sources_proxy_source_only_final_training_only,mmd,,,,,moe,coral,near_nearest_proxy,main,2.0,2,2train,nearest,True,0.5433175091153135,4.0,direct,0.029827422846244112,0.017020748507916045,0.04488853032735301
6,bnci004,MMP_moe,logvar,lda,coral,11,4,4,15140,0.05,no_leakage_v1_alpha005,gate_all_sources_proxy_source_only_final_training_only,mmd,,,,,moe,coral,near_nearest_proxy,anchor,2.0,2,2train,target,False,,4.0,direct,0.029827422846244112,0.017020748507916045,0.04488853032735301
6,bnci004,MMP_moe,logvar,lda,coral,11,4,4,15140,0.05,no_leakage_v1_alpha005,gate_all_sources_proxy_source_only_final_training_only,mmd,,,,,moe,coral,near_nearest_proxy,final,2.0,2,2train,train,True,0.5433175091153135,4.0,direct,0.029827422846244112,0.017020748507916045,0.04488853032735301
6,bnci004,MMP_moe,logvar,lda,coral,11,4,4,15140,0.05,no_leakage_v1_alpha005,gate_all_sources_proxy_source_only_final_training_only,mmd,,,,,moe,coral,near_nearest_proxy,main,3.0,3,3test,near,False,0.4566824908846865,4.0,direct,0.03548602813253201,0.016964963549887017,0.06303660586279687
6,bnci004,MMP_moe,logvar,lda,coral,11,4,4,15140,0.05,no_leakage_v1_alpha005,gate_all_sources_proxy_source_only_final_training_only,mmd,,,,,moe,coral,near_nearest_proxy,anchor,3.0,3,3test,proxy_source,False,1.0,4.0,direct,0.03548602813253201,0.016964963549887017,0.06303660586279687
6,bnci004,MMP_moe,logvar,lda,coral,11,4,4,15140,0.05,no_leakage_v1_alpha005,gate_all_sources_proxy_source_only_final_training_only,mmd,,,,,moe,coral,near_nearest_proxy,final,3.0,3,3test,train,False,0.4566824908846865,4.0,direct,0.03548602813253201,0.016964963549887017,0.06303660586279687
6,bnci004,MMP_moe,logvar,lda,coral,11,4,4,15140,0.05,no_leakage_v1_alpha005,gate_all_sources_proxy_source_only_final_training_only,mmd,,,,,moe,coral,near_nearest_proxy,main,,4,4test,target,False,,,,,,
6,bnci004,MMP_moe,logvar,lda,coral,11,4,4,15140,0.05,no_leakage_v1_alpha005,gate_all_sources_proxy_source_only_final_training_only,mmd,,,,,moe,coral,near_nearest_proxy,final,,4,4test,target,False,,,,,,
6,bnci004,MMP_moe,logvar,svm_radial,none,12,0,0,16013,0.05,no_leakage_v1_alpha005,gate_all_sources_proxy_source_only_final_training_only,mmd,,,,,moe,coral,near_nearest_proxy,main,0.0,1,1train,near,False,0.2197339653965781,0.0,direct,0.1713480038953317,0.1035922755877743,0.25614101053589156
6,bnci004,MMP_moe,logvar,svm_radial,none,12,0,0,16013,0.05,no_leakage_v1_alpha005,gate_all_sources_proxy_source_only_final_training_only,mmd,,,,,moe,coral,near_nearest_proxy,anchor,0.0,1,1train,proxy_source,False,0.3220250429419792,0.0,direct,0.1713480038953317,0.1035922755877743,0.25614101053589156
6,bnci004,MMP_moe,logvar,svm_radial,none,12,0,0,16013,0.05,no_leakage_v1_alpha005,gate_all_sources_proxy_source_only_final_training_only,mmd,,,,,moe,coral,near_nearest_proxy,final,0.0,1,1train,train,False,0.2197339653965781,0.0,direct,0.1713480038953317,0.1035922755877743,0.25614101053589156
6,bnci004,MMP_moe,logvar,svm_radial,none,12,0,0,16013,0.05,no_leakage_v1_alpha005,gate_all_sources_proxy_source_only_final_training_only,mmd,,,,,moe,coral,near_nearest_proxy,main,1.0,2,2train,near,False,0.3006301261468209,0.0,direct,0.1252399283635365,0.07118514422397311,0.19599891843409847
6,bnci004,MMP_moe,logvar,svm_radial,none,12,0,0,16013,0.05,no_leakage_v1_alpha005,gate_all_sources_proxy_source_only_final_training_only,mmd,,,,,moe,coral,near_nearest_proxy,anchor,1.0,2,2train,proxy_source,False,0.4405801766120143,0.0,direct,0.1252399283635365,0.07118514422397311,0.19599891843409847
6,bnci004,MMP_moe,logvar,svm_radial,none,12,0,0,16013,0.05,no_leakage_v1_alpha005,gate_all_sources_proxy_source_only_final_training_only,mmd,,,,,moe,coral,near_nearest_proxy,final,1.0,2,2train,train,False,0.3006301261468209,0.0,direct,0.1252399283635365,0.07118514422397311,0.19599891843409847
6,bnci004,MMP_moe,logvar,svm_radial,none,12,0,0,16013,0.05,no_leakage_v1_alpha005,gate_all_sources_proxy_source_only_final_training_only,mmd,,,,,moe,coral,near_nearest_proxy,main,2.0,3,3test,near,False,0.16198645917500773,0.0,direct,0.23243321878860354,0.16680801187882408,0.3232237014138379
6,bnci004,MMP_moe,logvar,svm_radial,none,12,0,0,16013,0.05,no_leakage_v1_alpha005,gate_all_sources_proxy_source_only_final_training_only,mmd,,,,,moe,coral,near_nearest_proxy,anchor,2.0,3,3test,proxy_source,False,0.2373947804460064,0.0,direct,0.23243321878860354,0.16680801187882408,0.3232237014138379
6,bnci004,MMP_moe,logvar,svm_radial,none,12,0,0,16013,0.05,no_leakage_v1_alpha005,gate_all_sources_proxy_source_only_final_training_only,mmd,,,,,moe,coral,near_nearest_proxy,final,2.0,3,3test,train,False,0.16198645917500773,0.0,direct,0.23243321878860354,0.16680801187882408,0.3232237014138379
6,bnci004,MMP_moe,logvar,svm_radial,none,12,0,0,16013,0.05,no_leakage_v1_alpha005,gate_all_sources_proxy_source_only_final_training_only,mmd,,,,,moe,coral,near_nearest_proxy,main,3.0,4,4test,nearest,True,0.3176494492815932,0.0,direct,0.11852965125038989,0.06771818800401366,0.1896987988782099
6,bnci004,MMP_moe,logvar,svm_radial,none,12,0,0,16013,0.05,no_leakage_v1_alpha005,gate_all_sources_proxy_source_only_final_training_only,mmd,,,,,moe,coral,near_nearest_proxy,anchor,3.0,4,4test,target,False,,0.0,direct,0.11852965125038989,0.06771818800401366,0.1896987988782099
6,bnci004,MMP_moe,logvar,svm_radial,none,12,0,0,16013,0.05,no_leakage_v1_alpha005,gate_all_sources_proxy_source_only_final_training_only,mmd,,,,,moe,coral,near_nearest_proxy,final,3.0,4,4test,train,True,0.3176494492815932,0.0,direct,0.11852965125038989,0.06771818800401366,0.1896987988782099
6,bnci004,MMP_moe,logvar,svm_radial,none,12,0,0,16013,0.05,no_leakage_v1_alpha005,gate_all_sources_proxy_source_only_final_training_only,mmd,,,,,moe,coral,near_nearest_proxy,main,,0,0train,target,False,,,,,,
6,bnci004,MMP_moe,logvar,svm_radial,none,12,0,0,16013,0.05,no_leakage_v1_alpha005,gate_all_sources_proxy_source_only_final_training_only,mmd,,,,,moe,coral,near_nearest_proxy,final,,0,0train,target,False,,,,,,
6,bnci004,MMP_moe,logvar,svm_radial,none,12,1,1,16044,0.05,no_leakage_v1_alpha005,gate_all_sources_proxy_source_only_final_training_only,mmd,,,,,moe,coral,near_nearest_proxy,main,0.0,0,0train,near,False,0.1487029860634613,1.0,direct,0.17363686822542954,0.09401197020315773,0.24654703221588248
6,bnci004,MMP_moe,logvar,svm_radial,none,12,1,1,16044,0.05,no_leakage_v1_alpha005,gate_all_sources_proxy_source_only_final_training_only,mmd,,,,,moe,coral,near_nearest_proxy,anchor,0.0,0,0train,proxy_source,False,0.22187829297698128,1.0,direct,0.17363686822542954,0.09401197020315773,0.24654703221588248
6,bnci004,MMP_moe,logvar,svm_radial,none,12,1,1,16044,0.05,no_leakage_v1_alpha005,gate_all_sources_proxy_source_only_final_training_only,mmd,,,,,moe,coral,near_nearest_proxy,final,0.0,0,0train,train,False,0.1487029860634613,1.0,direct,0.17363686822542954,0.09401197020315773,0.24654703221588248
6,bnci004,MMP_moe,logvar,svm_radial,none,12,1,1,16044,0.05,no_leakage_v1_alpha005,gate_all_sources_proxy_source_only_final_training_only,mmd,,,,,moe,coral,near_nearest_proxy,main,1.0,2,2train,near,False,0.2381917259465972,1.0,direct,0.10840104207850673,0.0635818922495138,0.15920807942427528
6,bnci004,MMP_moe,logvar,svm_radial,none,12,1,1,16044,0.05,no_leakage_v1_alpha005,gate_all_sources_proxy_source_only_final_training_only,mmd,,,,,moe,coral,near_nearest_proxy,anchor,1.0,2,2train,proxy_source,False,0.35540357966798025,1.0,direct,0.10840104207850673,0.0635818922495138,0.15920807942427528
6,bnci004,MMP_moe,logvar,svm_radial,none,12,1,1,16044,0.05,no_leakage_v1_alpha005,gate_all_sources_proxy_source_only_final_training_only,mmd,,,,,moe,coral,near_nearest_proxy,final,1.0,2,2train,train,False,0.2381917259465972,1.0,direct,0.10840104207850673,0.0635818922495138,0.15920807942427528
6,bnci004,MMP_moe,logvar,svm_radial,none,12,1,1,16044,0.05,no_leakage_v1_alpha005,gate_all_sources_proxy_source_only_final_training_only,mmd,,,,,moe,coral,near_nearest_proxy,main,2.0,3,3test,near,False,0.2833059825612147,1.0,direct,0.09113886674544042,0.05778948502435679,0.13393742749236331
6,bnci004,MMP_moe,logvar,svm_radial,none,12,1,1,16044,0.05,no_leakage_v1_alpha005,gate_all_sources_proxy_source_only_final_training_only,mmd,,,,,moe,coral,near_nearest_proxy,anchor,2.0,3,3test,proxy_source,False,0.42271812735503844,1.0,direct,0.09113886674544042,0.05778948502435679,0.13393742749236331
6,bnci004,MMP_moe,logvar,svm_radial,none,12,1,1,16044,0.05,no_leakage_v1_alpha005,gate_all_sources_proxy_source_only_final_training_only,mmd,,,,,moe,coral,near_nearest_proxy,final,2.0,3,3test,train,False,0.2833059825612147,1.0,direct,0.09113886674544042,0.05778948502435679,0.13393742749236331
6,bnci004,MMP_moe,logvar,svm_radial,none,12,1,1,16044,0.05,no_leakage_v1_alpha005,gate_all_sources_proxy_source_only_final_training_only,mmd,,,,,moe,coral,near_nearest_proxy,main,3.0,4,4test,nearest,True,0.32979930542872676,1.0,direct,0.07829046112133115,0.046952599591291236,0.12123495779129952
6,bnci004,MMP_moe,logvar,svm_radial,none,12,1,1,16044,0.05,no_leakage_v1_alpha005,gate_all_sources_proxy_source_only_final_training_only,mmd,,,,,moe,coral,near_nearest_proxy,anchor,3.0,4,4test,target,False,,1.0,direct,0.07829046112133115,0.046952599591291236,0.12123495779129952
6,bnci004,MMP_moe,logvar,svm_radial,none,12,1,1,16044,0.05,no_leakage_v1_alpha005,gate_all_sources_proxy_source_only_final_training_only,mmd,,,,,moe,coral,near_nearest_proxy,final,3.0,4,4test,train,True,0.32979930542872676,1.0,direct,0.07829046112133115,0.046952599591291236,0.12123495779129952
6,bnci004,MMP_moe,logvar,svm_radial,none,12,1,1,16044,0.05,no_leakage_v1_alpha005,gate_all_sources_proxy_source_only_final_training_only,mmd,,,,,moe,coral,near_nearest_proxy,main,,1,1train,target,False,,,,,,
6,bnci004,MMP_moe,logvar,svm_radial,none,12,1,1,16044,0.05,no_leakage_v1_alpha005,gate_all_sources_proxy_source_only_final_training_only,mmd,,,,,moe,coral,near_nearest_proxy,final,,1,1train,target,False,,,,,,
6,bnci004,MMP_moe,logvar,svm_radial,none,12,2,2,16075,0.05,no_leakage_v1_alpha005,gate_all_sources_proxy_source_only_final_training_only,mmd,,,,,moe,coral,near_nearest_proxy,main,0.0,0,0train,far,False,,2.0,direct,0.11930635276227722,0.06968049303663412,0.1794219331915295
6,bnci004,MMP_moe,logvar,svm_radial,none,12,2,2,16075,0.05,no_leakage_v1_alpha005,gate_all_sources_proxy_source_only_final_training_only,mmd,,,,,moe,coral,near_nearest_proxy,anchor,0.0,0,0train,not_used,False,,2.0,direct,0.11930635276227722,0.06968049303663412,0.1794219331915295
6,bnci004,MMP_moe,logvar,svm_radial,none,12,2,2,16075,0.05,no_leakage_v1_alpha005,gate_all_sources_proxy_source_only_final_training_only,mmd,,,,,moe,coral,near_nearest_proxy,final,0.0,0,0train,not_used,False,,2.0,direct,0.11930635276227722,0.06968049303663412,0.1794219331915295
6,bnci004,MMP_moe,logvar,svm_radial,none,12,2,2,16075,0.05,no_leakage_v1_alpha005,gate_all_sources_proxy_source_only_final_training_only,mmd,,,,,moe,coral,near_nearest_proxy,main,1.0,1,1train,far,False,,2.0,direct,0.09702197994692646,0.056046954850215804,0.1442992039110567
6,bnci004,MMP_moe,logvar,svm_radial,none,12,2,2,16075,0.05,no_leakage_v1_alpha005,gate_all_sources_proxy_source_only_final_training_only,mmd,,,,,moe,coral,near_nearest_proxy,anchor,1.0,1,1train,not_used,False,,2.0,direct,0.09702197994692646,0.056046954850215804,0.1442992039110567
6,bnci004,MMP_moe,logvar,svm_radial,none,12,2,2,16075,0.05,no_leakage_v1_alpha005,gate_all_sources_proxy_source_only_final_training_only,mmd,,,,,moe,coral,near_nearest_proxy,final,1.0,1,1train,not_used,False,,2.0,direct,0.09702197994692646,0.056046954850215804,0.1442992039110567
6,bnci004,MMP_moe,logvar,svm_radial,none,12,2,2,16075,0.05,no_leakage_v1_alpha005,gate_all_sources_proxy_source_only_final_training_only,mmd,,,,,moe,coral,near_nearest_proxy,main,2.0,3,3test,near,False,0.3364141936568295,2.0,direct,0.05356447169239702,0.02602423610995831,0.10084363057568133
6,bnci004,MMP_moe,logvar,svm_radial,none,12,2,2,16075,0.05,no_leakage_v1_alpha005,gate_all_sources_proxy_source_only_final_training_only,mmd,,,,,moe,coral,near_nearest_proxy,anchor,2.0,3,3test,proxy_source,False,1.0,2.0,direct,0.05356447169239702,0.02602423610995831,0.10084363057568133
6,bnci004,MMP_moe,logvar,svm_radial,none,12,2,2,16075,0.05,no_leakage_v1_alpha005,gate_all_sources_proxy_source_only_final_training_only,mmd,,,,,moe,coral,near_nearest_proxy,final,2.0,3,3test,train,False,0.3364141936568295,2.0,direct,0.05356447169239702,0.02602423610995831,0.10084363057568133
6,bnci004,MMP_moe,logvar,svm_radial,none,12,2,2,16075,0.05,no_leakage_v1_alpha005,gate_all_sources_proxy_source_only_final_training_only,mmd,,,,,moe,coral,near_nearest_proxy,main,3.0,4,4test,nearest,True,0.6635858063431704,2.0,direct,0.02715477216238168,0.01321536848483797,0.04587662950445784
6,bnci004,MMP_moe,logvar,svm_radial,none,12,2,2,16075,0.05,no_leakage_v1_alpha005,gate_all_sources_proxy_source_only_final_training_only,mmd,,,,,moe,coral,near_nearest_proxy,anchor,3.0,4,4test,target,False,,2.0,direct,0.02715477216238168,0.01321536848483797,0.04587662950445784
6,bnci004,MMP_moe,logvar,svm_radial,none,12,2,2,16075,0.05,no_leakage_v1_alpha005,gate_all_sources_proxy_source_only_final_training_only,mmd,,,,,moe,coral,near_nearest_proxy,final,3.0,4,4test,train,True,0.6635858063431704,2.0,direct,0.02715477216238168,0.01321536848483797,0.04587662950445784
6,bnci004,MMP_moe,logvar,svm_radial,none,12,2,2,16075,0.05,no_leakage_v1_alpha005,gate_all_sources_proxy_source_only_final_training_only,mmd,,,,,moe,coral,near_nearest_proxy,main,,2,2train,target,False,,,,,,
6,bnci004,MMP_moe,logvar,svm_radial,none,12,2,2,16075,0.05,no_leakage_v1_alpha005,gate_all_sources_proxy_source_only_final_training_only,mmd,,,,,moe,coral,near_nearest_proxy,final,,2,2train,target,False,,,,,,
6,bnci004,MMP_moe,logvar,svm_radial,none,12,3,3,16106,0.05,no_leakage_v1_alpha005,gate_all_sources_proxy_source_only_final_training_only,mmd,,,,,moe,coral,near_nearest_proxy,main,0.0,0,0train,far,False,,3.0,direct,0.1648658134068053,0.11276057077726274,0.23935674296861223
6,bnci004,MMP_moe,logvar,svm_radial,none,12,3,3,16106,0.05,no_leakage_v1_alpha005,gate_all_sources_proxy_source_only_final_training_only,mmd,,,,,moe,coral,near_nearest_proxy,anchor,0.0,0,0train,not_used,False,,3.0,direct,0.1648658134068053,0.11276057077726274,0.23935674296861223
6,bnci004,MMP_moe,logvar,svm_radial,none,12,3,3,16106,0.05,no_leakage_v1_alpha005,gate_all_sources_proxy_source_only_final_training_only,mmd,,,,,moe,coral,near_nearest_proxy,final,0.0,0,0train,not_used,False,,3.0,direct,0.1648658134068053,0.11276057077726274,0.23935674296861223
6,bnci004,MMP_moe,logvar,svm_radial,none,12,3,3,16106,0.05,no_leakage_v1_alpha005,gate_all_sources_proxy_source_only_final_training_only,mmd,,,,,moe,coral,near_nearest_proxy,main,1.0,1,1train,far,False,,3.0,direct,0.08652442769970722,0.05831933946775813,0.11640634456891233
6,bnci004,MMP_moe,logvar,svm_radial,none,12,3,3,16106,0.05,no_leakage_v1_alpha005,gate_all_sources_proxy_source_only_final_training_only,mmd,,,,,moe,coral,near_nearest_proxy,anchor,1.0,1,1train,not_used,False,,3.0,direct,0.08652442769970722,0.05831933946775813,0.11640634456891233
6,bnci004,MMP_moe,logvar,svm_radial,none,12,3,3,16106,0.05,no_leakage_v1_alpha005,gate_all_sources_proxy_source_only_final_training_only,mmd,,,,,moe,coral,near_nearest_proxy,final,1.0,1,1train,not_used,False,,3.0,direct,0.08652442769970722,0.05831933946775813,0.11640634456891233
6,bnci004,MMP_moe,logvar,svm_radial,none,12,3,3,16106,0.05,no_leakage_v1_alpha005,gate_all_sources_proxy_source_only_final_training_only,mmd,,,,,moe,coral,near_nearest_proxy,main,2.0,2,2train,near,False,0.39532879624218975,3.0,direct,0.04977907009640993,0.025863386209974668,0.08590386465692426
6,bnci004,MMP_moe,logvar,svm_radial,none,12,3,3,16106,0.05,no_leakage_v1_alpha005,gate_all_sources_proxy_source_only_final_training_only,mmd,,,,,moe,coral,near_nearest_proxy,anchor,2.0,2,2train,proxy_source,False,1.0,3.0,direct,0.04977907009640993,0.025863386209974668,0.08590386465692426
6,bnci004,MMP_moe,logvar,svm_radial,none,12,3,3,16106,0.05,no_leakage_v1_alpha005,gate_all_sources_proxy_source_only_final_training_only,mmd,,,,,moe,coral,near_nearest_proxy,final,2.0,2,2train,train,False,0.39532879624218975,3.0,direct,0.04977907009640993,0.025863386209974668,0.08590386465692426
6,bnci004,MMP_moe,logvar,svm_radial,none,12,3,3,16106,0.05,no_leakage_v1_alpha005,gate_all_sources_proxy_source_only_final_training_only,mmd,,,,,moe,coral,near_nearest_proxy,main,3.0,4,4test,nearest,True,0.6046712037578102,3.0,direct,0.032544778707113385,0.016186382421120298,0.058308887315308665
6,bnci004,MMP_moe,logvar,svm_radial,none,12,3,3,16106,0.05,no_leakage_v1_alpha005,gate_all_sources_proxy_source_only_final_training_only,mmd,,,,,moe,coral,near_nearest_proxy,anchor,3.0,4,4test,target,False,,3.0,direct,0.032544778707113385,0.016186382421120298,0.058308887315308665
6,bnci004,MMP_moe,logvar,svm_radial,none,12,3,3,16106,0.05,no_leakage_v1_alpha005,gate_all_sources_proxy_source_only_final_training_only,mmd,,,,,moe,coral,near_nearest_proxy,final,3.0,4,4test,train,True,0.6046712037578102,3.0,direct,0.032544778707113385,0.016186382421120298,0.058308887315308665
6,bnci004,MMP_moe,logvar,svm_radial,none,12,3,3,16106,0.05,no_leakage_v1_alpha005,gate_all_sources_proxy_source_only_final_training_only,mmd,,,,,moe,coral,near_nearest_proxy,main,,3,3test,target,False,,,,,,
6,bnci004,MMP_moe,logvar,svm_radial,none,12,3,3,16106,0.05,no_leakage_v1_alpha005,gate_all_sources_proxy_source_only_final_training_only,mmd,,,,,moe,coral,near_nearest_proxy,final,,3,3test,target,False,,,,,,
6,bnci004,MMP_moe,logvar,svm_radial,none,12,4,4,16137,0.05,no_leakage_v1_alpha005,gate_all_sources_proxy_source_only_final_training_only,mmd,,,,,moe,coral,near_nearest_proxy,main,0.0,0,0train,far,False,,4.0,direct,0.09876210047102965,0.05809005291713124,0.14582033925802604
6,bnci004,MMP_moe,logvar,svm_radial,none,12,4,4,16137,0.05,no_leakage_v1_alpha005,gate_all_sources_proxy_source_only_final_training_only,mmd,,,,,moe,coral,near_nearest_proxy,anchor,0.0,0,0train,not_used,False,,4.0,direct,0.09876210047102965,0.05809005291713124,0.14582033925802604
6,bnci004,MMP_moe,logvar,svm_radial,none,12,4,4,16137,0.05,no_leakage_v1_alpha005,gate_all_sources_proxy_source_only_final_training_only,mmd,,,,,moe,coral,near_nearest_proxy,final,0.0,0,0train,not_used,False,,4.0,direct,0.09876210047102965,0.05809005291713124,0.14582033925802604
6,bnci004,MMP_moe,logvar,svm_radial,none,12,4,4,16137,0.05,no_leakage_v1_alpha005,gate_all_sources_proxy_source_only_final_training_only,mmd,,,,,moe,coral,near_nearest_proxy,main,1.0,1,1train,far,False,,4.0,direct,0.08312864397034919,0.054118755326254646,0.12188004047834497
6,bnci004,MMP_moe,logvar,svm_radial,none,12,4,4,16137,0.05,no_leakage_v1_alpha005,gate_all_sources_proxy_source_only_final_training_only,mmd,,,,,moe,coral,near_nearest_proxy,anchor,1.0,1,1train,not_used,False,,4.0,direct,0.08312864397034919,0.054118755326254646,0.12188004047834497
6,bnci004,MMP_moe,logvar,svm_radial,none,12,4,4,16137,0.05,no_leakage_v1_alpha005,gate_all_sources_proxy_source_only_final_training_only,mmd,,,,,moe,coral,near_nearest_proxy,final,1.0,1,1train,not_used,False,,4.0,direct,0.08312864397034919,0.054118755326254646,0.12188004047834497
6,bnci004,MMP_moe,logvar,svm_radial,none,12,4,4,16137,0.05,no_leakage_v1_alpha005,gate_all_sources_proxy_source_only_final_training_only,mmd,,,,,moe,coral,near_nearest_proxy,main,2.0,2,2train,nearest,True,0.5060307059449712,4.0,direct,0.03233614678428689,0.01730785141695338,0.050207471749622944
6,bnci004,MMP_moe,logvar,svm_radial,none,12,4,4,16137,0.05,no_leakage_v1_alpha005,gate_all_sources_proxy_source_only_final_training_only,mmd,,,,,moe,coral,near_nearest_proxy,anchor,2.0,2,2train,target,False,,4.0,direct,0.03233614678428689,0.01730785141695338,0.050207471749622944
6,bnci004,MMP_moe,logvar,svm_radial,none,12,4,4,16137,0.05,no_leakage_v1_alpha005,gate_all_sources_proxy_source_only_final_training_only,mmd,,,,,moe,coral,near_nearest_proxy,final,2.0,2,2train,train,True,0.5060307059449712,4.0,direct,0.03233614678428689,0.01730785141695338,0.050207471749622944
6,bnci004,MMP_moe,logvar,svm_radial,none,12,4,4,16137,0.05,no_leakage_v1_alpha005,gate_all_sources_proxy_source_only_final_training_only,mmd,,,,,moe,coral,near_nearest_proxy,main,3.0,3,3test,near,False,0.4939692940550287,4.0,direct,0.03312573360963188,0.015032087103870093,0.057319049802460775
6,bnci004,MMP_moe,logvar,svm_radial,none,12,4,4,16137,0.05,no_leakage_v1_alpha005,gate_all_sources_proxy_source_only_final_training_only,mmd,,,,,moe,coral,near_nearest_proxy,anchor,3.0,3,3test,proxy_source,False,1.0,4.0,direct,0.03312573360963188,0.015032087103870093,0.057319049802460775
6,bnci004,MMP_moe,logvar,svm_radial,none,12,4,4,16137,0.05,no_leakage_v1_alpha005,gate_all_sources_proxy_source_only_final_training_only,mmd,,,,,moe,coral,near_nearest_proxy,final,3.0,3,3test,train,False,0.4939692940550287,4.0,direct,0.03312573360963188,0.015032087103870093,0.057319049802460775
6,bnci004,MMP_moe,logvar,svm_radial,none,12,4,4,16137,0.05,no_leakage_v1_alpha005,gate_all_sources_proxy_source_only_final_training_only,mmd,,,,,moe,coral,near_nearest_proxy,main,,4,4test,target,False,,,,,,
6,bnci004,MMP_moe,logvar,svm_radial,none,12,4,4,16137,0.05,no_leakage_v1_alpha005,gate_all_sources_proxy_source_only_final_training_only,mmd,,,,,moe,coral,near_nearest_proxy,final,,4,4test,target,False,,,,,,
6,bnci004,MMP_moe,logvar,svm_radial,sa,13,0,0,17010,0.05,no_leakage_v1_alpha005,gate_all_sources_proxy_source_only_final_training_only,mmd,,,,,moe,coral,near_nearest_proxy,main,0.0,1,1train,near,False,0.2288913096935034,0.0,direct,0.16611873028973562,0.09758034204957272,0.25489685676205553
6,bnci004,MMP_moe,logvar,svm_radial,sa,13,0,0,17010,0.05,no_leakage_v1_alpha005,gate_all_sources_proxy_source_only_final_training_only,mmd,,,,,moe,coral,near_nearest_proxy,anchor,0.0,1,1train,proxy_source,False,0.336520459380801,0.0,direct,0.16611873028973562,0.09758034204957272,0.25489685676205553
6,bnci004,MMP_moe,logvar,svm_radial,sa,13,0,0,17010,0.05,no_leakage_v1_alpha005,gate_all_sources_proxy_source_only_final_training_only,mmd,,,,,moe,coral,near_nearest_proxy,final,0.0,1,1train,train,False,0.2288913096935034,0.0,direct,0.16611873028973562,0.09758034204957272,0.25489685676205553
6,bnci004,MMP_moe,logvar,svm_radial,sa,13,0,0,17010,0.05,no_leakage_v1_alpha005,gate_all_sources_proxy_source_only_final_training_only,mmd,,,,,moe,coral,near_nearest_proxy,main,1.0,2,2train,near,False,0.2895447477972666,0.0,direct,0.13132019619234928,0.07912604113841876,0.18794204591990551
6,bnci004,MMP_moe,logvar,svm_radial,sa,13,0,0,17010,0.05,no_leakage_v1_alpha005,gate_all_sources_proxy_source_only_final_training_only,mmd,,,,,moe,coral,near_nearest_proxy,anchor,1.0,2,2train,proxy_source,False,0.4256943248326386,0.0,direct,0.13132019619234928,0.07912604113841876,0.18794204591990551
6,bnci004,MMP_moe,logvar,svm_radial,sa,13,0,0,17010,0.05,no_leakage_v1_alpha005,gate_all_sources_proxy_source_only_final_training_only,mmd,,,,,moe,coral,near_nearest_proxy,final,1.0,2,2train,train,False,0.2895447477972666,0.0,direct,0.13132019619234928,0.07912604113841876,0.18794204591990551
6,bnci004,MMP_moe,logvar,svm_radial,sa,13,0,0,17010,0.05,no_leakage_v1_alpha005,gate_all_sources_proxy_source_only_final_training_only,mmd,,,,,moe,coral,near_nearest_proxy,main,2.0,3,3test,near,False,0.1617345036533113,0.0,direct,0.23509640824045036,0.1544529538511814,0.3340062411895352
6,bnci004,MMP_moe,logvar,svm_radial,sa,13,0,0,17010,0.05,no_leakage_v1_alpha005,gate_all_sources_proxy_source_only_final_training_only,mmd,,,,,moe,coral,near_nearest_proxy,anchor,2.0,3,3test,proxy_source,False,0.2377852157865605,0.0,direct,0.23509640824045036,0.1544529538511814,0.3340062411895352
6,bnci004,MMP_moe,logvar,svm_radial,sa,13,0,0,17010,0.05,no_leakage_v1_alpha005,gate_all_sources_proxy_source_only_final_training_only,mmd,,,,,moe,coral,near_nearest_proxy,final,2.0,3,3test,train,False,0.1617345036533113,0.0,direct,0.23509640824045036,0.1544529538511814,0.3340062411895352
6,bnci004,MMP_moe,logvar,svm_radial,sa,13,0,0,17010,0.05,no_leakage_v1_alpha005,gate_all_sources_proxy_source_only_final_training_only,mmd,,,,,moe,coral,near_nearest_proxy,main,3.0,4,4test,nearest,True,0.3198294388559188,0.0,direct,0.1188853750878118,0.06466815764195231,0.19005101229375201
6,bnci004,MMP_moe,logvar,svm_radial,sa,13,0,0,17010,0.05,no_leakage_v1_alpha005,gate_all_sources_proxy_source_only_final_training_only,mmd,,,,,moe,coral,near_nearest_proxy,anchor,3.0,4,4test,target,False,,0.0,direct,0.1188853750878118,0.06466815764195231,0.19005101229375201
6,bnci004,MMP_moe,logvar,svm_radial,sa,13,0,0,17010,0.05,no_leakage_v1_alpha005,gate_all_sources_proxy_source_only_final_training_only,mmd,,,,,moe,coral,near_nearest_proxy,final,3.0,4,4test,train,True,0.3198294388559188,0.0,direct,0.1188853750878118,0.06466815764195231,0.19005101229375201
6,bnci004,MMP_moe,logvar,svm_radial,sa,13,0,0,17010,0.05,no_leakage_v1_alpha005,gate_all_sources_proxy_source_only_final_training_only,mmd,,,,,moe,coral,near_nearest_proxy,main,,0,0train,target,False,,,,,,
6,bnci004,MMP_moe,logvar,svm_radial,sa,13,0,0,17010,0.05,no_leakage_v1_alpha005,gate_all_sources_proxy_source_only_final_training_only,mmd,,,,,moe,coral,near_nearest_proxy,final,,0,0train,target,False,,,,,,
6,bnci004,MMP_moe,logvar,svm_radial,sa,13,1,1,17041,0.05,no_leakage_v1_alpha005,gate_all_sources_proxy_source_only_final_training_only,mmd,,,,,moe,coral,near_nearest_proxy,main,0.0,0,0train,near,False,0.14594376507713158,1.0,direct,0.179374376279954,0.11174450163409286,0.26805927883471037
6,bnci004,MMP_moe,logvar,svm_radial,sa,13,1,1,17041,0.05,no_leakage_v1_alpha005,gate_all_sources_proxy_source_only_final_training_only,mmd,,,,,moe,coral,near_nearest_proxy,anchor,0.0,0,0train,proxy_source,False,0.2190261106318601,1.0,direct,0.179374376279954,0.11174450163409286,0.26805927883471037
6,bnci004,MMP_moe,logvar,svm_radial,sa,13,1,1,17041,0.05,no_leakage_v1_alpha005,gate_all_sources_proxy_source_only_final_training_only,mmd,,,,,moe,coral,near_nearest_proxy,final,0.0,0,0train,train,False,0.14594376507713158,1.0,direct,0.179374376279954,0.11174450163409286,0.26805927883471037
6,bnci004,MMP_moe,logvar,svm_radial,sa,13,1,1,17041,0.05,no_leakage_v1_alpha005,gate_all_sources_proxy_source_only_final_training_only,mmd,,,,,moe,coral,near_nearest_proxy,main,1.0,2,2train,near,False,0.23437880059682964,1.0,direct,0.11169305129543015,0.07373384265911714,0.16819678965303111
6,bnci004,MMP_moe,logvar,svm_radial,sa,13,1,1,17041,0.05,no_leakage_v1_alpha005,gate_all_sources_proxy_source_only_final_training_only,mmd,,,,,moe,coral,near_nearest_proxy,anchor,1.0,2,2train,proxy_source,False,0.35174559928718563,1.0,direct,0.11169305129543015,0.07373384265911714,0.16819678965303111
6,bnci004,MMP_moe,logvar,svm_radial,sa,13,1,1,17041,0.05,no_leakage_v1_alpha005,gate_all_sources_proxy_source_only_final_training_only,mmd,,,,,moe,coral,near_nearest_proxy,final,1.0,2,2train,train,False,0.23437880059682964,1.0,direct,0.11169305129543015,0.07373384265911714,0.16819678965303111
6,bnci004,MMP_moe,logvar,svm_radial,sa,13,1,1,17041,0.05,no_leakage_v1_alpha005,gate_all_sources_proxy_source_only_final_training_only,mmd,,,,,moe,coral,near_nearest_proxy,main,2.0,3,3test,near,False,0.2860078761902712,1.0,direct,0.09153045754282617,0.06224870617111473,0.1305670437251928
6,bnci004,MMP_moe,logvar,svm_radial,sa,13,1,1,17041,0.05,no_leakage_v1_alpha005,gate_all_sources_proxy_source_only_final_training_only,mmd,,,,,moe,coral,near_nearest_proxy,anchor,2.0,3,3test,proxy_source,False,0.4292282900809542,1.0,direct,0.09153045754282617,0.06224870617111473,0.1305670437251928
6,bnci004,MMP_moe,logvar,svm_radial,sa,13,1,1,17041,0.05,no_leakage_v1_alpha005,gate_all_sources_proxy_source_only_final_training_only,mmd,,,,,moe,coral,near_nearest_proxy,final,2.0,3,3test,train,False,0.2860078761902712,1.0,direct,0.09153045754282617,0.06224870617111473,0.1305670437251928
6,bnci004,MMP_moe,logvar,svm_radial,sa,13,1,1,17041,0.05,no_leakage_v1_alpha005,gate_all_sources_proxy_source_only_final_training_only,mmd,,,,,moe,coral,near_nearest_proxy,main,3.0,4,4test,nearest,True,0.33366955813576776,1.0,direct,0.07845601574541528,0.04331920196963052,0.12570620164513427
6,bnci004,MMP_moe,logvar,svm_radial,sa,13,1,1,17041,0.05,no_leakage_v1_alpha005,gate_all_sources_proxy_source_only_final_training_only,mmd,,,,,moe,coral,near_nearest_proxy,anchor,3.0,4,4test,target,False,,1.0,direct,0.07845601574541528,0.04331920196963052,0.12570620164513427
6,bnci004,MMP_moe,logvar,svm_radial,sa,13,1,1,17041,0.05,no_leakage_v1_alpha005,gate_all_sources_proxy_source_only_final_training_only,mmd,,,,,moe,coral,near_nearest_proxy,final,3.0,4,4test,train,True,0.33366955813576776,1.0,direct,0.07845601574541528,0.04331920196963052,0.12570620164513427
6,bnci004,MMP_moe,logvar,svm_radial,sa,13,1,1,17041,0.05,no_leakage_v1_alpha005,gate_all_sources_proxy_source_only_final_training_only,mmd,,,,,moe,coral,near_nearest_proxy,main,,1,1train,target,False,,,,,,
6,bnci004,MMP_moe,logvar,svm_radial,sa,13,1,1,17041,0.05,no_leakage_v1_alpha005,gate_all_sources_proxy_source_only_final_training_only,mmd,,,,,moe,coral,near_nearest_proxy,final,,1,1train,target,False,,,,,,
6,bnci004,MMP_moe,logvar,svm_radial,sa,13,2,2,17072,0.05,no_leakage_v1_alpha005,gate_all_sources_proxy_source_only_final_training_only,mmd,,,,,moe,coral,near_nearest_proxy,main,0.0,0,0train,far,False,,2.0,direct,0.1230111219776519,0.06780930232579147,0.18431463504130957
6,bnci004,MMP_moe,logvar,svm_radial,sa,13,2,2,17072,0.05,no_leakage_v1_alpha005,gate_all_sources_proxy_source_only_final_training_only,mmd,,,,,moe,coral,near_nearest_proxy,anchor,0.0,0,0train,not_used,False,,2.0,direct,0.1230111219776519,0.06780930232579147,0.18431463504130957
6,bnci004,MMP_moe,logvar,svm_radial,sa,13,2,2,17072,0.05,no_leakage_v1_alpha005,gate_all_sources_proxy_source_only_final_training_only,mmd,,,,,moe,coral,near_nearest_proxy,final,0.0,0,0train,not_used,False,,2.0,direct,0.1230111219776519,0.06780930232579147,0.18431463504130957
6,bnci004,MMP_moe,logvar,svm_radial,sa,13,2,2,17072,0.05,no_leakage_v1_alpha005,gate_all_sources_proxy_source_only_final_training_only,mmd,,,,,moe,coral,near_nearest_proxy,main,1.0,1,1train,far,False,,2.0,direct,0.09502502768358255,0.058777512886732726,0.14095579589050264
6,bnci004,MMP_moe,logvar,svm_radial,sa,13,2,2,17072,0.05,no_leakage_v1_alpha005,gate_all_sources_proxy_source_only_final_training_only,mmd,,,,,moe,coral,near_nearest_proxy,anchor,1.0,1,1train,not_used,False,,2.0,direct,0.09502502768358255,0.058777512886732726,0.14095579589050264
6,bnci004,MMP_moe,logvar,svm_radial,sa,13,2,2,17072,0.05,no_leakage_v1_alpha005,gate_all_sources_proxy_source_only_final_training_only,mmd,,,,,moe,coral,near_nearest_proxy,final,1.0,1,1train,not_used,False,,2.0,direct,0.09502502768358255,0.058777512886732726,0.14095579589050264
6,bnci004,MMP_moe,logvar,svm_radial,sa,13,2,2,17072,0.05,no_leakage_v1_alpha005,gate_all_sources_proxy_source_only_final_training_only,mmd,,,,,moe,coral,near_nearest_proxy,main,2.0,3,3test,near,False,0.3305605219646542,2.0,direct,0.05430202022881584,0.026249142374577372,0.09401549719588365
6,bnci004,MMP_moe,logvar,svm_radial,sa,13,2,2,17072,0.05,no_leakage_v1_alpha005,gate_all_sources_proxy_source_only_final_training_only,mmd,,,,,moe,coral,near_nearest_proxy,anchor,2.0,3,3test,proxy_source,False,1.0,2.0,direct,0.05430202022881584,0.026249142374577372,0.09401549719588365
6,bnci004,MMP_moe,logvar,svm_radial,sa,13,2,2,17072,0.05,no_leakage_v1_alpha005,gate_all_sources_proxy_source_only_final_training_only,mmd,,,,,moe,coral,near_nearest_proxy,final,2.0,3,3test,train,False,0.3305605219646542,2.0,direct,0.05430202022881584,0.026249142374577372,0.09401549719588365
6,bnci004,MMP_moe,logvar,svm_radial,sa,13,2,2,17072,0.05,no_leakage_v1_alpha005,gate_all_sources_proxy_source_only_final_training_only,mmd,,,,,moe,coral,near_nearest_proxy,main,3.0,4,4test,nearest,True,0.6694394780353458,2.0,direct,0.026813126295292634,0.012431272858343329,0.04940326198687521
6,bnci004,MMP_moe,logvar,svm_radial,sa,13,2,2,17072,0.05,no_leakage_v1_alpha005,gate_all_sources_proxy_source_only_final_training_only,mmd,,,,,moe,coral,near_nearest_proxy,anchor,3.0,4,4test,target,False,,2.0,direct,0.026813126295292634,0.012431272858343329,0.04940326198687521
6,bnci004,MMP_moe,logvar,svm_radial,sa,13,2,2,17072,0.05,no_leakage_v1_alpha005,gate_all_sources_proxy_source_only_final_training_only,mmd,,,,,moe,coral,near_nearest_proxy,final,3.0,4,4test,train,True,0.6694394780353458,2.0,direct,0.026813126295292634,0.012431272858343329,0.04940326198687521
6,bnci004,MMP_moe,logvar,svm_radial,sa,13,2,2,17072,0.05,no_leakage_v1_alpha005,gate_all_sources_proxy_source_only_final_training_only,mmd,,,,,moe,coral,near_nearest_proxy,main,,2,2train,target,False,,,,,,
6,bnci004,MMP_moe,logvar,svm_radial,sa,13,2,2,17072,0.05,no_leakage_v1_alpha005,gate_all_sources_proxy_source_only_final_training_only,mmd,,,,,moe,coral,near_nearest_proxy,final,,2,2train,target,False,,,,,,
6,bnci004,MMP_moe,logvar,svm_radial,sa,13,3,3,17103,0.05,no_leakage_v1_alpha005,gate_all_sources_proxy_source_only_final_training_only,mmd,,,,,moe,coral,near_nearest_proxy,main,0.0,0,0train,far,False,,3.0,direct,0.16575360242780143,0.11154123120103042,0.2268220525236549
6,bnci004,MMP_moe,logvar,svm_radial,sa,13,3,3,17103,0.05,no_leakage_v1_alpha005,gate_all_sources_proxy_source_only_final_training_only,mmd,,,,,moe,coral,near_nearest_proxy,anchor,0.0,0,0train,not_used,False,,3.0,direct,0.16575360242780143,0.11154123120103042,0.2268220525236549
6,bnci004,MMP_moe,logvar,svm_radial,sa,13,3,3,17103,0.05,no_leakage_v1_alpha005,gate_all_sources_proxy_source_only_final_training_only,mmd,,,,,moe,coral,near_nearest_proxy,final,0.0,0,0train,not_used,False,,3.0,direct,0.16575360242780143,0.11154123120103042,0.2268220525236549
6,bnci004,MMP_moe,logvar,svm_radial,sa,13,3,3,17103,0.05,no_leakage_v1_alpha005,gate_all_sources_proxy_source_only_final_training_only,mmd,,,,,moe,coral,near_nearest_proxy,main,1.0,1,1train,far,False,,3.0,direct,0.08759796562707793,0.06121958315273651,0.12574774809227382
6,bnci004,MMP_moe,logvar,svm_radial,sa,13,3,3,17103,0.05,no_leakage_v1_alpha005,gate_all_sources_proxy_source_only_final_training_only,mmd,,,,,moe,coral,near_nearest_proxy,anchor,1.0,1,1train,not_used,False,,3.0,direct,0.08759796562707793,0.06121958315273651,0.12574774809227382
6,bnci004,MMP_moe,logvar,svm_radial,sa,13,3,3,17103,0.05,no_leakage_v1_alpha005,gate_all_sources_proxy_source_only_final_training_only,mmd,,,,,moe,coral,near_nearest_proxy,final,1.0,1,1train,not_used,False,,3.0,direct,0.08759796562707793,0.06121958315273651,0.12574774809227382
6,bnci004,MMP_moe,logvar,svm_radial,sa,13,3,3,17103,0.05,no_leakage_v1_alpha005,gate_all_sources_proxy_source_only_final_training_only,mmd,,,,,moe,coral,near_nearest_proxy,main,2.0,2,2train,near,False,0.4014694582727774,3.0,direct,0.04984108387484616,0.027869466582588376,0.07786341359483928
6,bnci004,MMP_moe,logvar,svm_radial,sa,13,3,3,17103,0.05,no_leakage_v1_alpha005,gate_all_sources_proxy_source_only_final_training_only,mmd,,,,,moe,coral,near_nearest_proxy,anchor,2.0,2,2train,proxy_source,False,1.0,3.0,direct,0.04984108387484616,0.027869466582588376,0.07786341359483928
6,bnci004,MMP_moe,logvar,svm_radial,sa,13,3,3,17103,0.05,no_leakage_v1_alpha005,gate_all_sources_proxy_source_only_final_training_only,mmd,,,,,moe,coral,near_nearest_proxy,final,2.0,2,2train,train,False,0.4014694582727774,3.0,direct,0.04984108387484616,0.027869466582588376,0.07786341359483928
6,bnci004,MMP_moe,logvar,svm_radial,sa,13,3,3,17103,0.05,no_leakage_v1_alpha005,gate_all_sources_proxy_source_only_final_training_only,mmd,,,,,moe,coral,near_nearest_proxy,main,3.0,4,4test,nearest,True,0.5985305417272225,3.0,direct,0.033431002241149324,0.017367014347397958,0.05549224460614316
6,bnci004,MMP_moe,logvar,svm_radial,sa,13,3,3,17103,0.05,no_leakage_v1_alpha005,gate_all_sources_proxy_source_only_final_training_only,mmd,,,,,moe,coral,near_nearest_proxy,anchor,3.0,4,4test,target,False,,3.0,direct,0.033431002241149324,0.017367014347397958,0.05549224460614316
6,bnci004,MMP_moe,logvar,svm_radial,sa,13,3,3,17103,0.05,no_leakage_v1_alpha005,gate_all_sources_proxy_source_only_final_training_only,mmd,,,,,moe,coral,near_nearest_proxy,final,3.0,4,4test,train,True,0.5985305417272225,3.0,direct,0.033431002241149324,0.017367014347397958,0.05549224460614316
6,bnci004,MMP_moe,logvar,svm_radial,sa,13,3,3,17103,0.05,no_leakage_v1_alpha005,gate_all_sources_proxy_source_only_final_training_only,mmd,,,,,moe,coral,near_nearest_proxy,main,,3,3test,target,False,,,,,,
6,bnci004,MMP_moe,logvar,svm_radial,sa,13,3,3,17103,0.05,no_leakage_v1_alpha005,gate_all_sources_proxy_source_only_final_training_only,mmd,,,,,moe,coral,near_nearest_proxy,final,,3,3test,target,False,,,,,,
6,bnci004,MMP_moe,logvar,svm_radial,sa,13,4,4,17134,0.05,no_leakage_v1_alpha005,gate_all_sources_proxy_source_only_final_training_only,mmd,,,,,moe,coral,near_nearest_proxy,main,0.0,0,0train,far,False,,4.0,direct,0.09877668450261541,0.06045011928871403,0.14505151071883615
6,bnci004,MMP_moe,logvar,svm_radial,sa,13,4,4,17134,0.05,no_leakage_v1_alpha005,gate_all_sources_proxy_source_only_final_training_only,mmd,,,,,moe,coral,near_nearest_proxy,anchor,0.0,0,0train,not_used,False,,4.0,direct,0.09877668450261541,0.06045011928871403,0.14505151071883615
6,bnci004,MMP_moe,logvar,svm_radial,sa,13,4,4,17134,0.05,no_leakage_v1_alpha005,gate_all_sources_proxy_source_only_final_training_only,mmd,,,,,moe,coral,near_nearest_proxy,final,0.0,0,0train,not_used,False,,4.0,direct,0.09877668450261541,0.06045011928871403,0.14505151071883615
6,bnci004,MMP_moe,logvar,svm_radial,sa,13,4,4,17134,0.05,no_leakage_v1_alpha005,gate_all_sources_proxy_source_only_final_training_only,mmd,,,,,moe,coral,near_nearest_proxy,main,1.0,1,1train,far,False,,4.0,direct,0.08398692652265533,0.051420187140927484,0.11926135457953854
6,bnci004,MMP_moe,logvar,svm_radial,sa,13,4,4,17134,0.05,no_leakage_v1_alpha005,gate_all_sources_proxy_source_only_final_training_only,mmd,,,,,moe,coral,near_nearest_proxy,anchor,1.0,1,1train,not_used,False,,4.0,direct,0.08398692652265533,0.051420187140927484,0.11926135457953854
6,bnci004,MMP_moe,logvar,svm_radial,sa,13,4,4,17134,0.05,no_leakage_v1_alpha005,gate_all_sources_proxy_source_only_final_training_only,mmd,,,,,moe,coral,near_nearest_proxy,final,1.0,1,1train,not_used,False,,4.0,direct,0.08398692652265533,0.051420187140927484,0.11926135457953854
6,bnci004,MMP_moe,logvar,svm_radial,sa,13,4,4,17134,0.05,no_leakage_v1_alpha005,gate_all_sources_proxy_source_only_final_training_only,mmd,,,,,moe,coral,near_nearest_proxy,main,2.0,2,2train,nearest,True,0.5172283885694418,4.0,direct,0.03144983922430081,0.015921566875019298,0.050366571951215175
6,bnci004,MMP_moe,logvar,svm_radial,sa,13,4,4,17134,0.05,no_leakage_v1_alpha005,gate_all_sources_proxy_source_only_final_training_only,mmd,,,,,moe,coral,near_nearest_proxy,anchor,2.0,2,2train,target,False,,4.0,direct,0.03144983922430081,0.015921566875019298,0.050366571951215175
6,bnci004,MMP_moe,logvar,svm_radial,sa,13,4,4,17134,0.05,no_leakage_v1_alpha005,gate_all_sources_proxy_source_only_final_training_only,mmd,,,,,moe,coral,near_nearest_proxy,final,2.0,2,2train,train,True,0.5172283885694418,4.0,direct,0.03144983922430081,0.015921566875019298,0.050366571951215175
6,bnci004,MMP_moe,logvar,svm_radial,sa,13,4,4,17134,0.05,no_leakage_v1_alpha005,gate_all_sources_proxy_source_only_final_training_only,mmd,,,,,moe,coral,near_nearest_proxy,main,3.0,3,3test,near,False,0.48277161143055825,4.0,direct,0.0336945746899413,0.016906755171619513,0.06185241041645139
6,bnci004,MMP_moe,logvar,svm_radial,sa,13,4,4,17134,0.05,no_leakage_v1_alpha005,gate_all_sources_proxy_source_only_final_training_only,mmd,,,,,moe,coral,near_nearest_proxy,anchor,3.0,3,3test,proxy_source,False,1.0,4.0,direct,0.0336945746899413,0.016906755171619513,0.06185241041645139
6,bnci004,MMP_moe,logvar,svm_radial,sa,13,4,4,17134,0.05,no_leakage_v1_alpha005,gate_all_sources_proxy_source_only_final_training_only,mmd,,,,,moe,coral,near_nearest_proxy,final,3.0,3,3test,train,False,0.48277161143055825,4.0,direct,0.0336945746899413,0.016906755171619513,0.06185241041645139
6,bnci004,MMP_moe,logvar,svm_radial,sa,13,4,4,17134,0.05,no_leakage_v1_alpha005,gate_all_sources_proxy_source_only_final_training_only,mmd,,,,,moe,coral,near_nearest_proxy,main,,4,4test,target,False,,,,,,
6,bnci004,MMP_moe,logvar,svm_radial,sa,13,4,4,17134,0.05,no_leakage_v1_alpha005,gate_all_sources_proxy_source_only_final_training_only,mmd,,,,,moe,coral,near_nearest_proxy,final,,4,4test,target,False,,,,,,
6,bnci004,MMP_moe,logvar,svm_radial,pt,14,0,0,18007,0.05,no_leakage_v1_alpha005,gate_all_sources_proxy_source_only_final_training_only,mmd,,,,,moe,coral,near_nearest_proxy,main,0.0,1,1train,near,False,0.21561013539699214,0.0,direct,0.17044490219490682,0.09926567626382224,0.24913051203403588
6,bnci004,MMP_moe,logvar,svm_radial,pt,14,0,0,18007,0.05,no_leakage_v1_alpha005,gate_all_sources_proxy_source_only_final_training_only,mmd,,,,,moe,coral,near_nearest_proxy,anchor,0.0,1,1train,proxy_source,False,0.3168965389048983,0.0,direct,0.17044490219490682,0.09926567626382224,0.24913051203403588
6,bnci004,MMP_moe,logvar,svm_radial,pt,14,0,0,18007,0.05,no_leakage_v1_alpha005,gate_all_sources_proxy_source_only_final_training_only,mmd,,,,,moe,coral,near_nearest_proxy,final,0.0,1,1train,train,False,0.21561013539699214,0.0,direct,0.17044490219490682,0.09926567626382224,0.24913051203403588
6,bnci004,MMP_moe,logvar,svm_radial,pt,14,0,0,18007,0.05,no_leakage_v1_alpha005,gate_all_sources_proxy_source_only_final_training_only,mmd,,,,,moe,coral,near_nearest_proxy,main,1.0,2,2train,near,False,0.3027713539054949,0.0,direct,0.12137727299731005,0.0678995230691742,0.17702391316990718
6,bnci004,MMP_moe,logvar,svm_radial,pt,14,0,0,18007,0.05,no_leakage_v1_alpha005,gate_all_sources_proxy_source_only_final_training_only,mmd,,,,,moe,coral,near_nearest_proxy,anchor,1.0,2,2train,proxy_source,False,0.4450031718385531,0.0,direct,0.12137727299731005,0.0678995230691742,0.17702391316990718
6,bnci004,MMP_moe,logvar,svm_radial,pt,14,0,0,18007,0.05,no_leakage_v1_alpha005,gate_all_sources_proxy_source_only_final_training_only,mmd,,,,,moe,coral,near_nearest_proxy,final,1.0,2,2train,train,False,0.3027713539054949,0.0,direct,0.12137727299731005,0.0678995230691742,0.17702391316990718
6,bnci004,MMP_moe,logvar,svm_radial,pt,14,0,0,18007,0.05,no_leakage_v1_alpha005,gate_all_sources_proxy_source_only_final_training_only,mmd,,,,,moe,coral,near_nearest_proxy,main,2.0,3,3test,near,False,0.16199872608919152,0.0,direct,0.22685179654528262,0.14851770112766088,0.3131394683623006
6,bnci004,MMP_moe,logvar,svm_radial,pt,14,0,0,18007,0.05,no_leakage_v1_alpha005,gate_all_sources_proxy_source_only_final_training_only,mmd,,,,,moe,coral,near_nearest_proxy,anchor,2.0,3,3test,proxy_source,False,0.23810028925654864,0.0,direct,0.22685179654528262,0.14851770112766088,0.3131394683623006
6,bnci004,MMP_moe,logvar,svm_radial,pt,14,0,0,18007,0.05,no_leakage_v1_alpha005,gate_all_sources_proxy_source_only_final_training_only,mmd,,,,,moe,coral,near_nearest_proxy,final,2.0,3,3test,train,False,0.16199872608919152,0.0,direct,0.22685179654528262,0.14851770112766088,0.3131394683623006
6,bnci004,MMP_moe,logvar,svm_radial,pt,14,0,0,18007,0.05,no_leakage_v1_alpha005,gate_all_sources_proxy_source_only_final_training_only,mmd,,,,,moe,coral,near_nearest_proxy,main,3.0,4,4test,nearest,True,0.3196197846083214,0.0,direct,0.11497894122967547,0.06777201982924295,0.18267175222684556
6,bnci004,MMP_moe,logvar,svm_radial,pt,14,0,0,18007,0.05,no_leakage_v1_alpha005,gate_all_sources_proxy_source_only_final_training_only,mmd,,,,,moe,coral,near_nearest_proxy,anchor,3.0,4,4test,target,False,,0.0,direct,0.11497894122967547,0.06777201982924295,0.18267175222684556
6,bnci004,MMP_moe,logvar,svm_radial,pt,14,0,0,18007,0.05,no_leakage_v1_alpha005,gate_all_sources_proxy_source_only_final_training_only,mmd,,,,,moe,coral,near_nearest_proxy,final,3.0,4,4test,train,True,0.3196197846083214,0.0,direct,0.11497894122967547,0.06777201982924295,0.18267175222684556
6,bnci004,MMP_moe,logvar,svm_radial,pt,14,0,0,18007,0.05,no_leakage_v1_alpha005,gate_all_sources_proxy_source_only_final_training_only,mmd,,,,,moe,coral,near_nearest_proxy,main,,0,0train,target,False,,,,,,
6,bnci004,MMP_moe,logvar,svm_radial,pt,14,0,0,18007,0.05,no_leakage_v1_alpha005,gate_all_sources_proxy_source_only_final_training_only,mmd,,,,,moe,coral,near_nearest_proxy,final,,0,0train,target,False,,,,,,
6,bnci004,MMP_moe,logvar,svm_radial,pt,14,1,1,18038,0.05,no_leakage_v1_alpha005,gate_all_sources_proxy_source_only_final_training_only,mmd,,,,,moe,coral,near_nearest_proxy,main,0.0,0,0train,near,False,0.14477828401005938,1.0,direct,0.17759462440280038,0.10861487178640743,0.26304333138081587
6,bnci004,MMP_moe,logvar,svm_radial,pt,14,1,1,18038,0.05,no_leakage_v1_alpha005,gate_all_sources_proxy_source_only_final_training_only,mmd,,,,,moe,coral,near_nearest_proxy,anchor,0.0,0,0train,proxy_source,False,0.2180867570855001,1.0,direct,0.17759462440280038,0.10861487178640743,0.26304333138081587
6,bnci004,MMP_moe,logvar,svm_radial,pt,14,1,1,18038,0.05,no_leakage_v1_alpha005,gate_all_sources_proxy_source_only_final_training_only,mmd,,,,,moe,coral,near_nearest_proxy,final,0.0,0,0train,train,False,0.14477828401005938,1.0,direct,0.17759462440280038,0.10861487178640743,0.26304333138081587
6,bnci004,MMP_moe,logvar,svm_radial,pt,14,1,1,18038,0.05,no_leakage_v1_alpha005,gate_all_sources_proxy_source_only_final_training_only,mmd,,,,,moe,coral,near_nearest_proxy,main,1.0,2,2train,near,False,0.24093987171439762,1.0,direct,0.10671437909346376,0.06748487912442497,0.15860807803946664
6,bnci004,MMP_moe,logvar,svm_radial,pt,14,1,1,18038,0.05,no_leakage_v1_alpha005,gate_all_sources_proxy_source_only_final_training_only,mmd,,,,,moe,coral,near_nearest_proxy,anchor,1.0,2,2train,proxy_source,False,0.3629397573957876,1.0,direct,0.10671437909346376,0.06748487912442497,0.15860807803946664
6,bnci004,MMP_moe,logvar,svm_radial,pt,14,1,1,18038,0.05,no_leakage_v1_alpha005,gate_all_sources_proxy_source_only_final_training_only,mmd,,,,,moe,coral,near_nearest_proxy,final,1.0,2,2train,train,False,0.24093987171439762,1.0,direct,0.10671437909346376,0.06748487912442497,0.15860807803946664
6,bnci004,MMP_moe,logvar,svm_radial,pt,14,1,1,18038,0.05,no_leakage_v1_alpha005,gate_all_sources_proxy_source_only_final_training_only,mmd,,,,,moe,coral,near_nearest_proxy,main,2.0,3,3test,near,False,0.2781382193478708,1.0,direct,0.09244220974304568,0.06099310930881679,0.1390183894052446
6,bnci004,MMP_moe,logvar,svm_radial,pt,14,1,1,18038,0.05,no_leakage_v1_alpha005,gate_all_sources_proxy_source_only_final_training_only,mmd,,,,,moe,coral,near_nearest_proxy,anchor,2.0,3,3test,proxy_source,False,0.4189734855187124,1.0,direct,0.09244220974304568,0.06099310930881679,0.1390183894052446
6,bnci004,MMP_moe,logvar,svm_radial,pt,14,1,1,18038,0.05,no_leakage_v1_alpha005,gate_all_sources_proxy_source_only_final_training_only,mmd,,,,,moe,coral,near_nearest_proxy,final,2.0,3,3test,train,False,0.2781382193478708,1.0,direct,0.09244220974304568,0.06099310930881679,0.1390183894052446
6,bnci004,MMP_moe,logvar,svm_radial,pt,14,1,1,18038,0.05,no_leakage_v1_alpha005,gate_all_sources_proxy_source_only_final_training_only,mmd,,,,,moe,coral,near_nearest_proxy,main,3.0,4,4test,nearest,True,0.336143624927672,1.0,direct,0.07649008250755882,0.046083772648526033,0.12004803323961864
6,bnci004,MMP_moe,logvar,svm_radial,pt,14,1,1,18038,0.05,no_leakage_v1_alpha005,gate_all_sources_proxy_source_only_final_training_only,mmd,,,,,moe,coral,near_nearest_proxy,anchor,3.0,4,4test,target,False,,1.0,direct,0.07649008250755882,0.046083772648526033,0.12004803323961864
6,bnci004,MMP_moe,logvar,svm_radial,pt,14,1,1,18038,0.05,no_leakage_v1_alpha005,gate_all_sources_proxy_source_only_final_training_only,mmd,,,,,moe,coral,near_nearest_proxy,final,3.0,4,4test,train,True,0.336143624927672,1.0,direct,0.07649008250755882,0.046083772648526033,0.12004803323961864
6,bnci004,MMP_moe,logvar,svm_radial,pt,14,1,1,18038,0.05,no_leakage_v1_alpha005,gate_all_sources_proxy_source_only_final_training_only,mmd,,,,,moe,coral,near_nearest_proxy,main,,1,1train,target,False,,,,,,
6,bnci004,MMP_moe,logvar,svm_radial,pt,14,1,1,18038,0.05,no_leakage_v1_alpha005,gate_all_sources_proxy_source_only_final_training_only,mmd,,,,,moe,coral,near_nearest_proxy,final,,1,1train,target,False,,,,,,
6,bnci004,MMP_moe,logvar,svm_radial,pt,14,2,2,18069,0.05,no_leakage_v1_alpha005,gate_all_sources_proxy_source_only_final_training_only,mmd,,,,,moe,coral,near_nearest_proxy,main,0.0,0,0train,far,False,,2.0,direct,0.12230852034059318,0.06750833098985923,0.1861682150610807
6,bnci004,MMP_moe,logvar,svm_radial,pt,14,2,2,18069,0.05,no_leakage_v1_alpha005,gate_all_sources_proxy_source_only_final_training_only,mmd,,,,,moe,coral,near_nearest_proxy,anchor,0.0,0,0train,not_used,False,,2.0,direct,0.12230852034059318,0.06750833098985923,0.1861682150610807
6,bnci004,MMP_moe,logvar,svm_radial,pt,14,2,2,18069,0.05,no_leakage_v1_alpha005,gate_all_sources_proxy_source_only_final_training_only,mmd,,,,,moe,coral,near_nearest_proxy,final,0.0,0,0train,not_used,False,,2.0,direct,0.12230852034059318,0.06750833098985923,0.1861682150610807
6,bnci004,MMP_moe,logvar,svm_radial,pt,14,2,2,18069,0.05,no_leakage_v1_alpha005,gate_all_sources_proxy_source_only_final_training_only,mmd,,,,,moe,coral,near_nearest_proxy,main,1.0,1,1train,far,False,,2.0,direct,0.0954449310234586,0.055947868362053316,0.14431450814474273
6,bnci004,MMP_moe,logvar,svm_radial,pt,14,2,2,18069,0.05,no_leakage_v1_alpha005,gate_all_sources_proxy_source_only_final_training_only,mmd,,,,,moe,coral,near_nearest_proxy,anchor,1.0,1,1train,not_used,False,,2.0,direct,0.0954449310234586,0.055947868362053316,0.14431450814474273
6,bnci004,MMP_moe,logvar,svm_radial,pt,14,2,2,18069,0.05,no_leakage_v1_alpha005,gate_all_sources_proxy_source_only_final_training_only,mmd,,,,,moe,coral,near_nearest_proxy,final,1.0,1,1train,not_used,False,,2.0,direct,0.0954449310234586,0.055947868362053316,0.14431450814474273
6,bnci004,MMP_moe,logvar,svm_radial,pt,14,2,2,18069,0.05,no_leakage_v1_alpha005,gate_all_sources_proxy_source_only_final_training_only,mmd,,,,,moe,coral,near_nearest_proxy,main,2.0,3,3test,near,False,0.3308632645743009,2.0,direct,0.055990184276332566,0.024356603234030105,0.10253845353626231
6,bnci004,MMP_moe,logvar,svm_radial,pt,14,2,2,18069,0.05,no_leakage_v1_alpha005,gate_all_sources_proxy_source_only_final_training_only,mmd,,,,,moe,coral,near_nearest_proxy,anchor,2.0,3,3test,proxy_source,False,1.0,2.0,direct,0.055990184276332566,0.024356603234030105,0.10253845353626231
6,bnci004,MMP_moe,logvar,svm_radial,pt,14,2,2,18069,0.05,no_leakage_v1_alpha005,gate_all_sources_proxy_source_only_final_training_only,mmd,,,,,moe,coral,near_nearest_proxy,final,2.0,3,3test,train,False,0.3308632645743009,2.0,direct,0.055990184276332566,0.024356603234030105,0.10253845353626231
6,bnci004,MMP_moe,logvar,svm_radial,pt,14,2,2,18069,0.05,no_leakage_v1_alpha005,gate_all_sources_proxy_source_only_final_training_only,mmd,,,,,moe,coral,near_nearest_proxy,main,3.0,4,4test,nearest,True,0.6691367354256991,2.0,direct,0.027684561166004346,0.013533095693052073,0.04765577506983287
6,bnci004,MMP_moe,logvar,svm_radial,pt,14,2,2,18069,0.05,no_leakage_v1_alpha005,gate_all_sources_proxy_source_only_final_training_only,mmd,,,,,moe,coral,near_nearest_proxy,anchor,3.0,4,4test,target,False,,2.0,direct,0.027684561166004346,0.013533095693052073,0.04765577506983287
6,bnci004,MMP_moe,logvar,svm_radial,pt,14,2,2,18069,0.05,no_leakage_v1_alpha005,gate_all_sources_proxy_source_only_final_training_only,mmd,,,,,moe,coral,near_nearest_proxy,final,3.0,4,4test,train,True,0.6691367354256991,2.0,direct,0.027684561166004346,0.013533095693052073,0.04765577506983287
6,bnci004,MMP_moe,logvar,svm_radial,pt,14,2,2,18069,0.05,no_leakage_v1_alpha005,gate_all_sources_proxy_source_only_final_training_only,mmd,,,,,moe,coral,near_nearest_proxy,main,,2,2train,target,False,,,,,,
6,bnci004,MMP_moe,logvar,svm_radial,pt,14,2,2,18069,0.05,no_leakage_v1_alpha005,gate_all_sources_proxy_source_only_final_training_only,mmd,,,,,moe,coral,near_nearest_proxy,final,,2,2train,target,False,,,,,,
6,bnci004,MMP_moe,logvar,svm_radial,pt,14,3,3,18100,0.05,no_leakage_v1_alpha005,gate_all_sources_proxy_source_only_final_training_only,mmd,,,,,moe,coral,near_nearest_proxy,main,0.0,0,0train,far,False,,3.0,direct,0.16388515866995526,0.1138138240238095,0.21882481787806982
6,bnci004,MMP_moe,logvar,svm_radial,pt,14,3,3,18100,0.05,no_leakage_v1_alpha005,gate_all_sources_proxy_source_only_final_training_only,mmd,,,,,moe,coral,near_nearest_proxy,anchor,0.0,0,0train,not_used,False,,3.0,direct,0.16388515866995526,0.1138138240238095,0.21882481787806982
6,bnci004,MMP_moe,logvar,svm_radial,pt,14,3,3,18100,0.05,no_leakage_v1_alpha005,gate_all_sources_proxy_source_only_final_training_only,mmd,,,,,moe,coral,near_nearest_proxy,final,0.0,0,0train,not_used,False,,3.0,direct,0.16388515866995526,0.1138138240238095,0.21882481787806982
6,bnci004,MMP_moe,logvar,svm_radial,pt,14,3,3,18100,0.05,no_leakage_v1_alpha005,gate_all_sources_proxy_source_only_final_training_only,mmd,,,,,moe,coral,near_nearest_proxy,main,1.0,1,1train,far,False,,3.0,direct,0.0872099431820422,0.06035010785106842,0.12745839484840757
6,bnci004,MMP_moe,logvar,svm_radial,pt,14,3,3,18100,0.05,no_leakage_v1_alpha005,gate_all_sources_proxy_source_only_final_training_only,mmd,,,,,moe,coral,near_nearest_proxy,anchor,1.0,1,1train,not_used,False,,3.0,direct,0.0872099431820422,0.06035010785106842,0.12745839484840757
6,bnci004,MMP_moe,logvar,svm_radial,pt,14,3,3,18100,0.05,no_leakage_v1_alpha005,gate_all_sources_proxy_source_only_final_training_only,mmd,,,,,moe,coral,near_nearest_proxy,final,1.0,1,1train,not_used,False,,3.0,direct,0.0872099431820422,0.06035010785106842,0.12745839484840757
6,bnci004,MMP_moe,logvar,svm_radial,pt,14,3,3,18100,0.05,no_leakage_v1_alpha005,gate_all_sources_proxy_source_only_final_training_only,mmd,,,,,moe,coral,near_nearest_proxy,main,2.0,2,2train,near,False,0.4079687150923633,3.0,direct,0.049518395044360786,0.02965534638878186,0.0750754104598509
6,bnci004,MMP_moe,logvar,svm_radial,pt,14,3,3,18100,0.05,no_leakage_v1_alpha005,gate_all_sources_proxy_source_only_final_training_only,mmd,,,,,moe,coral,near_nearest_proxy,anchor,2.0,2,2train,proxy_source,False,1.0,3.0,direct,0.049518395044360786,0.02965534638878186,0.0750754104598509
6,bnci004,MMP_moe,logvar,svm_radial,pt,14,3,3,18100,0.05,no_leakage_v1_alpha005,gate_all_sources_proxy_source_only_final_training_only,mmd,,,,,moe,coral,near_nearest_proxy,final,2.0,2,2train,train,False,0.4079687150923633,3.0,direct,0.049518395044360786,0.02965534638878186,0.0750754104598509
6,bnci004,MMP_moe,logvar,svm_radial,pt,14,3,3,18100,0.05,no_leakage_v1_alpha005,gate_all_sources_proxy_source_only_final_training_only,mmd,,,,,moe,coral,near_nearest_proxy,main,3.0,4,4test,nearest,True,0.5920312849076367,3.0,direct,0.03412281150018247,0.013207787594718154,0.055007163640446353
6,bnci004,MMP_moe,logvar,svm_radial,pt,14,3,3,18100,0.05,no_leakage_v1_alpha005,gate_all_sources_proxy_source_only_final_training_only,mmd,,,,,moe,coral,near_nearest_proxy,anchor,3.0,4,4test,target,False,,3.0,direct,0.03412281150018247,0.013207787594718154,0.055007163640446353
6,bnci004,MMP_moe,logvar,svm_radial,pt,14,3,3,18100,0.05,no_leakage_v1_alpha005,gate_all_sources_proxy_source_only_final_training_only,mmd,,,,,moe,coral,near_nearest_proxy,final,3.0,4,4test,train,True,0.5920312849076367,3.0,direct,0.03412281150018247,0.013207787594718154,0.055007163640446353
6,bnci004,MMP_moe,logvar,svm_radial,pt,14,3,3,18100,0.05,no_leakage_v1_alpha005,gate_all_sources_proxy_source_only_final_training_only,mmd,,,,,moe,coral,near_nearest_proxy,main,,3,3test,target,False,,,,,,
6,bnci004,MMP_moe,logvar,svm_radial,pt,14,3,3,18100,0.05,no_leakage_v1_alpha005,gate_all_sources_proxy_source_only_final_training_only,mmd,,,,,moe,coral,near_nearest_proxy,final,,3,3test,target,False,,,,,,
6,bnci004,MMP_moe,logvar,svm_radial,pt,14,4,4,18131,0.05,no_leakage_v1_alpha005,gate_all_sources_proxy_source_only_final_training_only,mmd,,,,,moe,coral,near_nearest_proxy,main,0.0,0,0train,far,False,,4.0,direct,0.09685365835959399,0.0601633098221977,0.13975618235336645
6,bnci004,MMP_moe,logvar,svm_radial,pt,14,4,4,18131,0.05,no_leakage_v1_alpha005,gate_all_sources_proxy_source_only_final_training_only,mmd,,,,,moe,coral,near_nearest_proxy,anchor,0.0,0,0train,not_used,False,,4.0,direct,0.09685365835959399,0.0601633098221977,0.13975618235336645
6,bnci004,MMP_moe,logvar,svm_radial,pt,14,4,4,18131,0.05,no_leakage_v1_alpha005,gate_all_sources_proxy_source_only_final_training_only,mmd,,,,,moe,coral,near_nearest_proxy,final,0.0,0,0train,not_used,False,,4.0,direct,0.09685365835959399,0.0601633098221977,0.13975618235336645
6,bnci004,MMP_moe,logvar,svm_radial,pt,14,4,4,18131,0.05,no_leakage_v1_alpha005,gate_all_sources_proxy_source_only_final_training_only,mmd,,,,,moe,coral,near_nearest_proxy,main,1.0,1,1train,far,False,,4.0,direct,0.08368023057205509,0.05156470953359211,0.12218730131541483
6,bnci004,MMP_moe,logvar,svm_radial,pt,14,4,4,18131,0.05,no_leakage_v1_alpha005,gate_all_sources_proxy_source_only_final_training_only,mmd,,,,,moe,coral,near_nearest_proxy,anchor,1.0,1,1train,not_used,False,,4.0,direct,0.08368023057205509,0.05156470953359211,0.12218730131541483
6,bnci004,MMP_moe,logvar,svm_radial,pt,14,4,4,18131,0.05,no_leakage_v1_alpha005,gate_all_sources_proxy_source_only_final_training_only,mmd,,,,,moe,coral,near_nearest_proxy,final,1.0,1,1train,not_used,False,,4.0,direct,0.08368023057205509,0.05156470953359211,0.12218730131541483
6,bnci004,MMP_moe,logvar,svm_radial,pt,14,4,4,18131,0.05,no_leakage_v1_alpha005,gate_all_sources_proxy_source_only_final_training_only,mmd,,,,,moe,coral,near_nearest_proxy,main,2.0,2,2train,nearest,True,0.5163888806649509,4.0,direct,0.031184094535728565,0.0177279752321677,0.049686506830724175
6,bnci004,MMP_moe,logvar,svm_radial,pt,14,4,4,18131,0.05,no_leakage_v1_alpha005,gate_all_sources_proxy_source_only_final_training_only,mmd,,,,,moe,coral,near_nearest_proxy,anchor,2.0,2,2train,target,False,,4.0,direct,0.031184094535728565,0.0177279752321677,0.049686506830724175
6,bnci004,MMP_moe,logvar,svm_radial,pt,14,4,4,18131,0.05,no_leakage_v1_alpha005,gate_all_sources_proxy_source_only_final_training_only,mmd,,,,,moe,coral,near_nearest_proxy,final,2.0,2,2train,train,True,0.5163888806649509,4.0,direct,0.031184094535728565,0.0177279752321677,0.049686506830724175
6,bnci004,MMP_moe,logvar,svm_radial,pt,14,4,4,18131,0.05,no_leakage_v1_alpha005,gate_all_sources_proxy_source_only_final_training_only,mmd,,,,,moe,coral,near_nearest_proxy,main,3.0,3,3test,near,False,0.4836111193350491,4.0,direct,0.03329772994416996,0.014914298652170832,0.058475846619569075
6,bnci004,MMP_moe,logvar,svm_radial,pt,14,4,4,18131,0.05,no_leakage_v1_alpha005,gate_all_sources_proxy_source_only_final_training_only,mmd,,,,,moe,coral,near_nearest_proxy,anchor,3.0,3,3test,proxy_source,False,1.0,4.0,direct,0.03329772994416996,0.014914298652170832,0.058475846619569075
6,bnci004,MMP_moe,logvar,svm_radial,pt,14,4,4,18131,0.05,no_leakage_v1_alpha005,gate_all_sources_proxy_source_only_final_training_only,mmd,,,,,moe,coral,near_nearest_proxy,final,3.0,3,3test,train,False,0.4836111193350491,4.0,direct,0.03329772994416996,0.014914298652170832,0.058475846619569075
6,bnci004,MMP_moe,logvar,svm_radial,pt,14,4,4,18131,0.05,no_leakage_v1_alpha005,gate_all_sources_proxy_source_only_final_training_only,mmd,,,,,moe,coral,near_nearest_proxy,main,,4,4test,target,False,,,,,,
6,bnci004,MMP_moe,logvar,svm_radial,pt,14,4,4,18131,0.05,no_leakage_v1_alpha005,gate_all_sources_proxy_source_only_final_training_only,mmd,,,,,moe,coral,near_nearest_proxy,final,,4,4test,target,False,,,,,,
6,bnci004,MMP_moe,logvar,svm_radial,coral,15,0,0,19004,0.05,no_leakage_v1_alpha005,gate_all_sources_proxy_source_only_final_training_only,mmd,,,,,moe,coral,near_nearest_proxy,main,0.0,1,1train,near,False,0.22022779987504906,0.0,direct,0.17120824545744603,0.10010411730857151,0.2599810108895381
6,bnci004,MMP_moe,logvar,svm_radial,coral,15,0,0,19004,0.05,no_leakage_v1_alpha005,gate_all_sources_proxy_source_only_final_training_only,mmd,,,,,moe,coral,near_nearest_proxy,anchor,0.0,1,1train,proxy_source,False,0.32445871443722174,0.0,direct,0.17120824545744603,0.10010411730857151,0.2599810108895381
6,bnci004,MMP_moe,logvar,svm_radial,coral,15,0,0,19004,0.05,no_leakage_v1_alpha005,gate_all_sources_proxy_source_only_final_training_only,mmd,,,,,moe,coral,near_nearest_proxy,final,0.0,1,1train,train,False,0.22022779987504906,0.0,direct,0.17120824545744603,0.10010411730857151,0.2599810108895381
6,bnci004,MMP_moe,logvar,svm_radial,coral,15,0,0,19004,0.05,no_leakage_v1_alpha005,gate_all_sources_proxy_source_only_final_training_only,mmd,,,,,moe,coral,near_nearest_proxy,main,1.0,2,2train,near,False,0.29446284996369537,0.0,direct,0.12804583324232333,0.08104041889025015,0.1811613780701375
6,bnci004,MMP_moe,logvar,svm_radial,coral,15,0,0,19004,0.05,no_leakage_v1_alpha005,gate_all_sources_proxy_source_only_final_training_only,mmd,,,,,moe,coral,near_nearest_proxy,anchor,1.0,2,2train,proxy_source,False,0.4338282351408331,0.0,direct,0.12804583324232333,0.08104041889025015,0.1811613780701375
6,bnci004,MMP_moe,logvar,svm_radial,coral,15,0,0,19004,0.05,no_leakage_v1_alpha005,gate_all_sources_proxy_source_only_final_training_only,mmd,,,,,moe,coral,near_nearest_proxy,final,1.0,2,2train,train,False,0.29446284996369537,0.0,direct,0.12804583324232333,0.08104041889025015,0.1811613780701375
6,bnci004,MMP_moe,logvar,svm_radial,coral,15,0,0,19004,0.05,no_leakage_v1_alpha005,gate_all_sources_proxy_source_only_final_training_only,mmd,,,,,moe,coral,near_nearest_proxy,main,2.0,3,3test,near,False,0.1640638112859546,0.0,direct,0.229818331574851,0.1508395026313672,0.33770685112096166
6,bnci004,MMP_moe,logvar,svm_radial,coral,15,0,0,19004,0.05,no_leakage_v1_alpha005,gate_all_sources_proxy_source_only_final_training_only,mmd,,,,,moe,coral,near_nearest_proxy,anchor,2.0,3,3test,proxy_source,False,0.24171305042194516,0.0,direct,0.229818331574851,0.1508395026313672,0.33770685112096166
6,bnci004,MMP_moe,logvar,svm_radial,coral,15,0,0,19004,0.05,no_leakage_v1_alpha005,gate_all_sources_proxy_source_only_final_training_only,mmd,,,,,moe,coral,near_nearest_proxy,final,2.0,3,3test,train,False,0.1640638112859546,0.0,direct,0.229818331574851,0.1508395026313672,0.33770685112096166
6,bnci004,MMP_moe,logvar,svm_radial,coral,15,0,0,19004,0.05,no_leakage_v1_alpha005,gate_all_sources_proxy_source_only_final_training_only,mmd,,,,,moe,coral,near_nearest_proxy,main,3.0,4,4test,nearest,True,0.3212455388753009,0.0,direct,0.11737039005063876,0.06878257437758506,0.18078249567486002
6,bnci004,MMP_moe,logvar,svm_radial,coral,15,0,0,19004,0.05,no_leakage_v1_alpha005,gate_all_sources_proxy_source_only_final_training_only,mmd,,,,,moe,coral,near_nearest_proxy,anchor,3.0,4,4test,target,False,,0.0,direct,0.11737039005063876,0.06878257437758506,0.18078249567486002
6,bnci004,MMP_moe,logvar,svm_radial,coral,15,0,0,19004,0.05,no_leakage_v1_alpha005,gate_all_sources_proxy_source_only_final_training_only,mmd,,,,,moe,coral,near_nearest_proxy,final,3.0,4,4test,train,True,0.3212455388753009,0.0,direct,0.11737039005063876,0.06878257437758506,0.18078249567486002
6,bnci004,MMP_moe,logvar,svm_radial,coral,15,0,0,19004,0.05,no_leakage_v1_alpha005,gate_all_sources_proxy_source_only_final_training_only,mmd,,,,,moe,coral,near_nearest_proxy,main,,0,0train,target,False,,,,,,
6,bnci004,MMP_moe,logvar,svm_radial,coral,15,0,0,19004,0.05,no_leakage_v1_alpha005,gate_all_sources_proxy_source_only_final_training_only,mmd,,,,,moe,coral,near_nearest_proxy,final,,0,0train,target,False,,,,,,
6,bnci004,MMP_moe,logvar,svm_radial,coral,15,1,1,19035,0.05,no_leakage_v1_alpha005,gate_all_sources_proxy_source_only_final_training_only,mmd,,,,,moe,coral,near_nearest_proxy,main,0.0,0,0train,near,False,0.14349372666820487,1.0,direct,0.1794021967671094,0.10830336494001383,0.26676062223448366
6,bnci004,MMP_moe,logvar,svm_radial,coral,15,1,1,19035,0.05,no_leakage_v1_alpha005,gate_all_sources_proxy_source_only_final_training_only,mmd,,,,,moe,coral,near_nearest_proxy,anchor,0.0,0,0train,proxy_source,False,0.21803803755997803,1.0,direct,0.1794021967671094,0.10830336494001383,0.26676062223448366
6,bnci004,MMP_moe,logvar,svm_radial,coral,15,1,1,19035,0.05,no_leakage_v1_alpha005,gate_all_sources_proxy_source_only_final_training_only,mmd,,,,,moe,coral,near_nearest_proxy,final,0.0,0,0train,train,False,0.14349372666820487,1.0,direct,0.1794021967671094,0.10830336494001383,0.26676062223448366
6,bnci004,MMP_moe,logvar,svm_radial,coral,15,1,1,19035,0.05,no_leakage_v1_alpha005,gate_all_sources_proxy_source_only_final_training_only,mmd,,,,,moe,coral,near_nearest_proxy,main,1.0,2,2train,near,False,0.24077161909700598,1.0,direct,0.1069187166046797,0.07031473967847499,0.15061238458793713
6,bnci004,MMP_moe,logvar,svm_radial,coral,15,1,1,19035,0.05,no_leakage_v1_alpha005,gate_all_sources_proxy_source_only_final_training_only,mmd,,,,,moe,coral,near_nearest_proxy,anchor,1.0,2,2train,proxy_source,False,0.3658513340408073,1.0,direct,0.1069187166046797,0.07031473967847499,0.15061238458793713
6,bnci004,MMP_moe,logvar,svm_radial,coral,15,1,1,19035,0.05,no_leakage_v1_alpha005,gate_all_sources_proxy_source_only_final_training_only,mmd,,,,,moe,coral,near_nearest_proxy,final,1.0,2,2train,train,False,0.24077161909700598,1.0,direct,0.1069187166046797,0.07031473967847499,0.15061238458793713
6,bnci004,MMP_moe,logvar,svm_radial,coral,15,1,1,19035,0.05,no_leakage_v1_alpha005,gate_all_sources_proxy_source_only_final_training_only,mmd,,,,,moe,coral,near_nearest_proxy,main,2.0,3,3test,near,False,0.27384792783610984,1.0,direct,0.09400457997177308,0.06359972461119967,0.131524199981595
6,bnci004,MMP_moe,logvar,svm_radial,coral,15,1,1,19035,0.05,no_leakage_v1_alpha005,gate_all_sources_proxy_source_only_final_training_only,mmd,,,,,moe,coral,near_nearest_proxy,anchor,2.0,3,3test,proxy_source,False,0.41611062839921464,1.0,direct,0.09400457997177308,0.06359972461119967,0.131524199981595
6,bnci004,MMP_moe,logvar,svm_radial,coral,15,1,1,19035,0.05,no_leakage_v1_alpha005,gate_all_sources_proxy_source_only_final_training_only,mmd,,,,,moe,coral,near_nearest_proxy,final,2.0,3,3test,train,False,0.27384792783610984,1.0,direct,0.09400457997177308,0.06359972461119967,0.131524199981595
6,bnci004,MMP_moe,logvar,svm_radial,coral,15,1,1,19035,0.05,no_leakage_v1_alpha005,gate_all_sources_proxy_source_only_final_training_only,mmd,,,,,moe,coral,near_nearest_proxy,main,3.0,4,4test,nearest,True,0.34188672639867945,1.0,direct,0.07529655118448846,0.0413022773343011,0.1129785161072029
6,bnci004,MMP_moe,logvar,svm_radial,coral,15,1,1,19035,0.05,no_leakage_v1_alpha005,gate_all_sources_proxy_source_only_final_training_only,mmd,,,,,moe,coral,near_nearest_proxy,anchor,3.0,4,4test,target,False,,1.0,direct,0.07529655118448846,0.0413022773343011,0.1129785161072029
6,bnci004,MMP_moe,logvar,svm_radial,coral,15,1,1,19035,0.05,no_leakage_v1_alpha005,gate_all_sources_proxy_source_only_final_training_only,mmd,,,,,moe,coral,near_nearest_proxy,final,3.0,4,4test,train,True,0.34188672639867945,1.0,direct,0.07529655118448846,0.0413022773343011,0.1129785161072029
6,bnci004,MMP_moe,logvar,svm_radial,coral,15,1,1,19035,0.05,no_leakage_v1_alpha005,gate_all_sources_proxy_source_only_final_training_only,mmd,,,,,moe,coral,near_nearest_proxy,main,,1,1train,target,False,,,,,,
6,bnci004,MMP_moe,logvar,svm_radial,coral,15,1,1,19035,0.05,no_leakage_v1_alpha005,gate_all_sources_proxy_source_only_final_training_only,mmd,,,,,moe,coral,near_nearest_proxy,final,,1,1train,target,False,,,,,,
6,bnci004,MMP_moe,logvar,svm_radial,coral,15,2,2,19066,0.05,no_leakage_v1_alpha005,gate_all_sources_proxy_source_only_final_training_only,mmd,,,,,moe,coral,near_nearest_proxy,main,0.0,0,0train,far,False,,2.0,direct,0.11727097331942055,0.07374053061384298,0.16378044441087902
6,bnci004,MMP_moe,logvar,svm_radial,coral,15,2,2,19066,0.05,no_leakage_v1_alpha005,gate_all_sources_proxy_source_only_final_training_only,mmd,,,,,moe,coral,near_nearest_proxy,anchor,0.0,0,0train,not_used,False,,2.0,direct,0.11727097331942055,0.07374053061384298,0.16378044441087902
6,bnci004,MMP_moe,logvar,svm_radial,coral,15,2,2,19066,0.05,no_leakage_v1_alpha005,gate_all_sources_proxy_source_only_final_training_only,mmd,,,,,moe,coral,near_nearest_proxy,final,0.0,0,0train,not_used,False,,2.0,direct,0.11727097331942055,0.07374053061384298,0.16378044441087902
6,bnci004,MMP_moe,logvar,svm_radial,coral,15,2,2,19066,0.05,no_leakage_v1_alpha005,gate_all_sources_proxy_source_only_final_training_only,mmd,,,,,moe,coral,near_nearest_proxy,main,1.0,1,1train,far,False,,2.0,direct,0.09905423470527365,0.061328284031199,0.14742590363828095
6,bnci004,MMP_moe,logvar,svm_radial,coral,15,2,2,19066,0.05,no_leakage_v1_alpha005,gate_all_sources_proxy_source_only_final_training_only,mmd,,,,,moe,coral,near_nearest_proxy,anchor,1.0,1,1train,not_used,False,,2.0,direct,0.09905423470527365,0.061328284031199,0.14742590363828095
6,bnci004,MMP_moe,logvar,svm_radial,coral,15,2,2,19066,0.05,no_leakage_v1_alpha005,gate_all_sources_proxy_source_only_final_training_only,mmd,,,,,moe,coral,near_nearest_proxy,final,1.0,1,1train,not_used,False,,2.0,direct,0.09905423470527365,0.061328284031199,0.14742590363828095
6,bnci004,MMP_moe,logvar,svm_radial,coral,15,2,2,19066,0.05,no_leakage_v1_alpha005,gate_all_sources_proxy_source_only_final_training_only,mmd,,,,,moe,coral,near_nearest_proxy,main,2.0,3,3test,near,False,0.3448995775487507,2.0,direct,0.050911924489622874,0.020820551827275987,0.0860167593904288
6,bnci004,MMP_moe,logvar,svm_radial,coral,15,2,2,19066,0.05,no_leakage_v1_alpha005,gate_all_sources_proxy_source_only_final_training_only,mmd,,,,,moe,coral,near_nearest_proxy,anchor,2.0,3,3test,proxy_source,False,1.0,2.0,direct,0.050911924489622874,0.020820551827275987,0.0860167593904288
6,bnci004,MMP_moe,logvar,svm_radial,coral,15,2,2,19066,0.05,no_leakage_v1_alpha005,gate_all_sources_proxy_source_only_final_training_only,mmd,,,,,moe,coral,near_nearest_proxy,final,2.0,3,3test,train,False,0.3448995775487507,2.0,direct,0.050911924489622874,0.020820551827275987,0.0860167593904288
6,bnci004,MMP_moe,logvar,svm_radial,coral,15,2,2,19066,0.05,no_leakage_v1_alpha005,gate_all_sources_proxy_source_only_final_training_only,mmd,,,,,moe,coral,near_nearest_proxy,main,3.0,4,4test,nearest,True,0.6551004224512493,2.0,direct,0.02680381579074104,0.013907473084160207,0.048148352271888864
6,bnci004,MMP_moe,logvar,svm_radial,coral,15,2,2,19066,0.05,no_leakage_v1_alpha005,gate_all_sources_proxy_source_only_final_training_only,mmd,,,,,moe,coral,near_nearest_proxy,anchor,3.0,4,4test,target,False,,2.0,direct,0.02680381579074104,0.013907473084160207,0.048148352271888864
6,bnci004,MMP_moe,logvar,svm_radial,coral,15,2,2,19066,0.05,no_leakage_v1_alpha005,gate_all_sources_proxy_source_only_final_training_only,mmd,,,,,moe,coral,near_nearest_proxy,final,3.0,4,4test,train,True,0.6551004224512493,2.0,direct,0.02680381579074104,0.013907473084160207,0.048148352271888864
6,bnci004,MMP_moe,logvar,svm_radial,coral,15,2,2,19066,0.05,no_leakage_v1_alpha005,gate_all_sources_proxy_source_only_final_training_only,mmd,,,,,moe,coral,near_nearest_proxy,main,,2,2train,target,False,,,,,,
6,bnci004,MMP_moe,logvar,svm_radial,coral,15,2,2,19066,0.05,no_leakage_v1_alpha005,gate_all_sources_proxy_source_only_final_training_only,mmd,,,,,moe,coral,near_nearest_proxy,final,,2,2train,target,False,,,,,,
6,bnci004,MMP_moe,logvar,svm_radial,coral,15,3,3,19097,0.05,no_leakage_v1_alpha005,gate_all_sources_proxy_source_only_final_training_only,mmd,,,,,moe,coral,near_nearest_proxy,main,0.0,0,0train,far,False,,3.0,direct,0.16733606954391977,0.122378606735451,0.2228980743037253
6,bnci004,MMP_moe,logvar,svm_radial,coral,15,3,3,19097,0.05,no_leakage_v1_alpha005,gate_all_sources_proxy_source_only_final_training_only,mmd,,,,,moe,coral,near_nearest_proxy,anchor,0.0,0,0train,not_used,False,,3.0,direct,0.16733606954391977,0.122378606735451,0.2228980743037253
6,bnci004,MMP_moe,logvar,svm_radial,coral,15,3,3,19097,0.05,no_leakage_v1_alpha005,gate_all_sources_proxy_source_only_final_training_only,mmd,,,,,moe,coral,near_nearest_proxy,final,0.0,0,0train,not_used,False,,3.0,direct,0.16733606954391977,0.122378606735451,0.2228980743037253
6,bnci004,MMP_moe,logvar,svm_radial,coral,15,3,3,19097,0.05,no_leakage_v1_alpha005,gate_all_sources_proxy_source_only_final_training_only,mmd,,,,,moe,coral,near_nearest_proxy,main,1.0,1,1train,near,False,0.18714266360480114,3.0,direct,0.0870384740455398,0.057457625911106425,0.12100823051430341
6,bnci004,MMP_moe,logvar,svm_radial,coral,15,3,3,19097,0.05,no_leakage_v1_alpha005,gate_all_sources_proxy_source_only_final_training_only,mmd,,,,,moe,coral,near_nearest_proxy,anchor,1.0,1,1train,proxy_source,False,0.36518315390970496,3.0,direct,0.0870384740455398,0.057457625911106425,0.12100823051430341
6,bnci004,MMP_moe,logvar,svm_radial,coral,15,3,3,19097,0.05,no_leakage_v1_alpha005,gate_all_sources_proxy_source_only_final_training_only,mmd,,,,,moe,coral,near_nearest_proxy,final,1.0,1,1train,train,False,0.18714266360480114,3.0,direct,0.0870384740455398,0.057457625911106425,0.12100823051430341
6,bnci004,MMP_moe,logvar,svm_radial,coral,15,3,3,19097,0.05,no_leakage_v1_alpha005,gate_all_sources_proxy_source_only_final_training_only,mmd,,,,,moe,coral,near_nearest_proxy,main,2.0,2,2train,near,False,0.325319813377568,3.0,direct,0.05006911052455758,0.026183000445898368,0.08170871367230616
6,bnci004,MMP_moe,logvar,svm_radial,coral,15,3,3,19097,0.05,no_leakage_v1_alpha005,gate_all_sources_proxy_source_only_final_training_only,mmd,,,,,moe,coral,near_nearest_proxy,anchor,2.0,2,2train,proxy_source,False,0.6348168460902951,3.0,direct,0.05006911052455758,0.026183000445898368,0.08170871367230616
6,bnci004,MMP_moe,logvar,svm_radial,coral,15,3,3,19097,0.05,no_leakage_v1_alpha005,gate_all_sources_proxy_source_only_final_training_only,mmd,,,,,moe,coral,near_nearest_proxy,final,2.0,2,2train,train,False,0.325319813377568,3.0,direct,0.05006911052455758,0.026183000445898368,0.08170871367230616
6,bnci004,MMP_moe,logvar,svm_radial,coral,15,3,3,19097,0.05,no_leakage_v1_alpha005,gate_all_sources_proxy_source_only_final_training_only,mmd,,,,,moe,coral,near_nearest_proxy,main,3.0,4,4test,nearest,True,0.4875375230176309,3.0,direct,0.033409349445152794,0.016001390874304244,0.05822762987714033
6,bnci004,MMP_moe,logvar,svm_radial,coral,15,3,3,19097,0.05,no_leakage_v1_alpha005,gate_all_sources_proxy_source_only_final_training_only,mmd,,,,,moe,coral,near_nearest_proxy,anchor,3.0,4,4test,target,False,,3.0,direct,0.033409349445152794,0.016001390874304244,0.05822762987714033
6,bnci004,MMP_moe,logvar,svm_radial,coral,15,3,3,19097,0.05,no_leakage_v1_alpha005,gate_all_sources_proxy_source_only_final_training_only,mmd,,,,,moe,coral,near_nearest_proxy,final,3.0,4,4test,train,True,0.4875375230176309,3.0,direct,0.033409349445152794,0.016001390874304244,0.05822762987714033
6,bnci004,MMP_moe,logvar,svm_radial,coral,15,3,3,19097,0.05,no_leakage_v1_alpha005,gate_all_sources_proxy_source_only_final_training_only,mmd,,,,,moe,coral,near_nearest_proxy,main,,3,3test,target,False,,,,,,
6,bnci004,MMP_moe,logvar,svm_radial,coral,15,3,3,19097,0.05,no_leakage_v1_alpha005,gate_all_sources_proxy_source_only_final_training_only,mmd,,,,,moe,coral,near_nearest_proxy,final,,3,3test,target,False,,,,,,
6,bnci004,MMP_moe,logvar,svm_radial,coral,15,4,4,19128,0.05,no_leakage_v1_alpha005,gate_all_sources_proxy_source_only_final_training_only,mmd,,,,,moe,coral,near_nearest_proxy,main,0.0,0,0train,far,False,,4.0,direct,0.09956444845128204,0.06087501685419209,0.1463810935922251
6,bnci004,MMP_moe,logvar,svm_radial,coral,15,4,4,19128,0.05,no_leakage_v1_alpha005,gate_all_sources_proxy_source_only_final_training_only,mmd,,,,,moe,coral,near_nearest_proxy,anchor,0.0,0,0train,not_used,False,,4.0,direct,0.09956444845128204,0.06087501685419209,0.1463810935922251
6,bnci004,MMP_moe,logvar,svm_radial,coral,15,4,4,19128,0.05,no_leakage_v1_alpha005,gate_all_sources_proxy_source_only_final_training_only,mmd,,,,,moe,coral,near_nearest_proxy,final,0.0,0,0train,not_used,False,,4.0,direct,0.09956444845128204,0.06087501685419209,0.1463810935922251
6,bnci004,MMP_moe,logvar,svm_radial,coral,15,4,4,19128,0.05,no_leakage_v1_alpha005,gate_all_sources_proxy_source_only_final_training_only,mmd,,,,,moe,coral,near_nearest_proxy,main,1.0,1,1train,near,False,0.1654196088027405,4.0,direct,0.08312257493822503,0.05068462243053577,0.12744705798167974
6,bnci004,MMP_moe,logvar,svm_radial,coral,15,4,4,19128,0.05,no_leakage_v1_alpha005,gate_all_sources_proxy_source_only_final_training_only,mmd,,,,,moe,coral,near_nearest_proxy,anchor,1.0,1,1train,proxy_source,False,0.2915520837928771,4.0,direct,0.08312257493822503,0.05068462243053577,0.12744705798167974
6,bnci004,MMP_moe,logvar,svm_radial,coral,15,4,4,19128,0.05,no_leakage_v1_alpha005,gate_all_sources_proxy_source_only_final_training_only,mmd,,,,,moe,coral,near_nearest_proxy,final,1.0,1,1train,train,False,0.1654196088027405,4.0,direct,0.08312257493822503,0.05068462243053577,0.12744705798167974
6,bnci004,MMP_moe,logvar,svm_radial,coral,15,4,4,19128,0.05,no_leakage_v1_alpha005,gate_all_sources_proxy_source_only_final_training_only,mmd,,,,,moe,coral,near_nearest_proxy,main,2.0,2,2train,nearest,True,0.43262415877549676,4.0,direct,0.031782405918627736,0.014949386541766505,0.05370474426084948
6,bnci004,MMP_moe,logvar,svm_radial,coral,15,4,4,19128,0.05,no_leakage_v1_alpha005,gate_all_sources_proxy_source_only_final_training_only,mmd,,,,,moe,coral,near_nearest_proxy,anchor,2.0,2,2train,target,False,,4.0,direct,0.031782405918627736,0.014949386541766505,0.05370474426084948
6,bnci004,MMP_moe,logvar,svm_radial,coral,15,4,4,19128,0.05,no_leakage_v1_alpha005,gate_all_sources_proxy_source_only_final_training_only,mmd,,,,,moe,coral,near_nearest_proxy,final,2.0,2,2train,train,True,0.43262415877549676,4.0,direct,0.031782405918627736,0.014949386541766505,0.05370474426084948
6,bnci004,MMP_moe,logvar,svm_radial,coral,15,4,4,19128,0.05,no_leakage_v1_alpha005,gate_all_sources_proxy_source_only_final_training_only,mmd,,,,,moe,coral,near_nearest_proxy,main,3.0,3,3test,near,False,0.40195623242176276,4.0,direct,0.03420737429419094,0.015732651399804846,0.059780063701686294
6,bnci004,MMP_moe,logvar,svm_radial,coral,15,4,4,19128,0.05,no_leakage_v1_alpha005,gate_all_sources_proxy_source_only_final_training_only,mmd,,,,,moe,coral,near_nearest_proxy,anchor,3.0,3,3test,proxy_source,False,0.7084479162071229,4.0,direct,0.03420737429419094,0.015732651399804846,0.059780063701686294
6,bnci004,MMP_moe,logvar,svm_radial,coral,15,4,4,19128,0.05,no_leakage_v1_alpha005,gate_all_sources_proxy_source_only_final_training_only,mmd,,,,,moe,coral,near_nearest_proxy,final,3.0,3,3test,train,False,0.40195623242176276,4.0,direct,0.03420737429419094,0.015732651399804846,0.059780063701686294
6,bnci004,MMP_moe,logvar,svm_radial,coral,15,4,4,19128,0.05,no_leakage_v1_alpha005,gate_all_sources_proxy_source_only_final_training_only,mmd,,,,,moe,coral,near_nearest_proxy,main,,4,4test,target,False,,,,,,
6,bnci004,MMP_moe,logvar,svm_radial,coral,15,4,4,19128,0.05,no_leakage_v1_alpha005,gate_all_sources_proxy_source_only_final_training_only,mmd,,,,,moe,coral,near_nearest_proxy,final,,4,4test,target,False,,,,,,
6,bnci004,MMP_moe,TS,lda,none,16,0,0,20001,0.05,no_leakage_v1_alpha005,gate_all_sources_proxy_source_only_final_training_only,mmd,,,,,moe,coral,near_nearest_proxy,main,0.0,1,1train,near,False,0.23305778906791486,0.0,direct,0.1331190429412117,0.08301011107158647,0.19398200378461133
6,bnci004,MMP_moe,TS,lda,none,16,0,0,20001,0.05,no_leakage_v1_alpha005,gate_all_sources_proxy_source_only_final_training_only,mmd,,,,,moe,coral,near_nearest_proxy,anchor,0.0,1,1train,proxy_source,False,0.33513018483740986,0.0,direct,0.1331190429412117,0.08301011107158647,0.19398200378461133
6,bnci004,MMP_moe,TS,lda,none,16,0,0,20001,0.05,no_leakage_v1_alpha005,gate_all_sources_proxy_source_only_final_training_only,mmd,,,,,moe,coral,near_nearest_proxy,final,0.0,1,1train,train,False,0.23305778906791486,0.0,direct,0.1331190429412117,0.08301011107158647,0.19398200378461133
6,bnci004,MMP_moe,TS,lda,none,16,0,0,20001,0.05,no_leakage_v1_alpha005,gate_all_sources_proxy_source_only_final_training_only,mmd,,,,,moe,coral,near_nearest_proxy,main,1.0,2,2train,near,False,0.2682409526726328,0.0,direct,0.1156586805200281,0.07334858604640053,0.16473312693472264
6,bnci004,MMP_moe,TS,lda,none,16,0,0,20001,0.05,no_leakage_v1_alpha005,gate_all_sources_proxy_source_only_final_training_only,mmd,,,,,moe,coral,near_nearest_proxy,anchor,1.0,2,2train,proxy_source,False,0.3857225300629023,0.0,direct,0.1156586805200281,0.07334858604640053,0.16473312693472264
6,bnci004,MMP_moe,TS,lda,none,16,0,0,20001,0.05,no_leakage_v1_alpha005,gate_all_sources_proxy_source_only_final_training_only,mmd,,,,,moe,coral,near_nearest_proxy,final,1.0,2,2train,train,False,0.2682409526726328,0.0,direct,0.1156586805200281,0.07334858604640053,0.16473312693472264
6,bnci004,MMP_moe,TS,lda,none,16,0,0,20001,0.05,no_leakage_v1_alpha005,gate_all_sources_proxy_source_only_final_training_only,mmd,,,,,moe,coral,near_nearest_proxy,main,2.0,3,3test,near,False,0.1941259010172632,0.0,direct,0.15981622544971333,0.10593065607326439,0.21801852865937602
6,bnci004,MMP_moe,TS,lda,none,16,0,0,20001,0.05,no_leakage_v1_alpha005,gate_all_sources_proxy_source_only_final_training_only,mmd,,,,,moe,coral,near_nearest_proxy,anchor,2.0,3,3test,proxy_source,False,0.27914728509968784,0.0,direct,0.15981622544971333,0.10593065607326439,0.21801852865937602
6,bnci004,MMP_moe,TS,lda,none,16,0,0,20001,0.05,no_leakage_v1_alpha005,gate_all_sources_proxy_source_only_final_training_only,mmd,,,,,moe,coral,near_nearest_proxy,final,2.0,3,3test,train,False,0.1941259010172632,0.0,direct,0.15981622544971333,0.10593065607326439,0.21801852865937602
6,bnci004,MMP_moe,TS,lda,none,16,0,0,20001,0.05,no_leakage_v1_alpha005,gate_all_sources_proxy_source_only_final_training_only,mmd,,,,,moe,coral,near_nearest_proxy,main,3.0,4,4test,nearest,True,0.3045753572421891,0.0,direct,0.1018610257706365,0.05891208617707577,0.1546374468643929
6,bnci004,MMP_moe,TS,lda,none,16,0,0,20001,0.05,no_leakage_v1_alpha005,gate_all_sources_proxy_source_only_final_training_only,mmd,,,,,moe,coral,near_nearest_proxy,anchor,3.0,4,4test,target,False,,0.0,direct,0.1018610257706365,0.05891208617707577,0.1546374468643929
6,bnci004,MMP_moe,TS,lda,none,16,0,0,20001,0.05,no_leakage_v1_alpha005,gate_all_sources_proxy_source_only_final_training_only,mmd,,,,,moe,coral,near_nearest_proxy,final,3.0,4,4test,train,True,0.3045753572421891,0.0,direct,0.1018610257706365,0.05891208617707577,0.1546374468643929
6,bnci004,MMP_moe,TS,lda,none,16,0,0,20001,0.05,no_leakage_v1_alpha005,gate_all_sources_proxy_source_only_final_training_only,mmd,,,,,moe,coral,near_nearest_proxy,main,,0,0train,target,False,,,,,,
6,bnci004,MMP_moe,TS,lda,none,16,0,0,20001,0.05,no_leakage_v1_alpha005,gate_all_sources_proxy_source_only_final_training_only,mmd,,,,,moe,coral,near_nearest_proxy,final,,0,0train,target,False,,,,,,
6,bnci004,MMP_moe,TS,lda,none,16,1,1,20032,0.05,no_leakage_v1_alpha005,gate_all_sources_proxy_source_only_final_training_only,mmd,,,,,moe,coral,near_nearest_proxy,main,0.0,0,0train,near,False,0.15285216589413753,1.0,direct,0.15504044576429968,0.08924266900344499,0.2212052594798388
6,bnci004,MMP_moe,TS,lda,none,16,1,1,20032,0.05,no_leakage_v1_alpha005,gate_all_sources_proxy_source_only_final_training_only,mmd,,,,,moe,coral,near_nearest_proxy,anchor,0.0,0,0train,proxy_source,False,0.23750070363450362,1.0,direct,0.15504044576429968,0.08924266900344499,0.2212052594798388
6,bnci004,MMP_moe,TS,lda,none,16,1,1,20032,0.05,no_leakage_v1_alpha005,gate_all_sources_proxy_source_only_final_training_only,mmd,,,,,moe,coral,near_nearest_proxy,final,0.0,0,0train,train,False,0.15285216589413753,1.0,direct,0.15504044576429968,0.08924266900344499,0.2212052594798388
6,bnci004,MMP_moe,TS,lda,none,16,1,1,20032,0.05,no_leakage_v1_alpha005,gate_all_sources_proxy_source_only_final_training_only,mmd,,,,,moe,coral,near_nearest_proxy,main,1.0,2,2train,near,False,0.18675151580118218,1.0,direct,0.12689714423600862,0.08684636055908716,0.18133890849148648
6,bnci004,MMP_moe,TS,lda,none,16,1,1,20032,0.05,no_leakage_v1_alpha005,gate_all_sources_proxy_source_only_final_training_only,mmd,,,,,moe,coral,near_nearest_proxy,anchor,1.0,2,2train,proxy_source,False,0.2901732935751094,1.0,direct,0.12689714423600862,0.08684636055908716,0.18133890849148648
6,bnci004,MMP_moe,TS,lda,none,16,1,1,20032,0.05,no_leakage_v1_alpha005,gate_all_sources_proxy_source_only_final_training_only,mmd,,,,,moe,coral,near_nearest_proxy,final,1.0,2,2train,train,False,0.18675151580118218,1.0,direct,0.12689714423600862,0.08684636055908716,0.18133890849148648
6,bnci004,MMP_moe,TS,lda,none,16,1,1,20032,0.05,no_leakage_v1_alpha005,gate_all_sources_proxy_source_only_final_training_only,mmd,,,,,moe,coral,near_nearest_proxy,main,2.0,3,3test,near,False,0.30398247849292936,1.0,direct,0.07795882487517906,0.05462332819910029,0.1077986378700287
6,bnci004,MMP_moe,TS,lda,none,16,1,1,20032,0.05,no_leakage_v1_alpha005,gate_all_sources_proxy_source_only_final_training_only,mmd,,,,,moe,coral,near_nearest_proxy,anchor,2.0,3,3test,proxy_source,False,0.47232600279038695,1.0,direct,0.07795882487517906,0.05462332819910029,0.1077986378700287
6,bnci004,MMP_moe,TS,lda,none,16,1,1,20032,0.05,no_leakage_v1_alpha005,gate_all_sources_proxy_source_only_final_training_only,mmd,,,,,moe,coral,near_nearest_proxy,final,2.0,3,3test,train,False,0.30398247849292936,1.0,direct,0.07795882487517906,0.05462332819910029,0.1077986378700287
6,bnci004,MMP_moe,TS,lda,none,16,1,1,20032,0.05,no_leakage_v1_alpha005,gate_all_sources_proxy_source_only_final_training_only,mmd,,,,,moe,coral,near_nearest_proxy,main,3.0,4,4test,nearest,True,0.3564138398117509,1.0,direct,0.06649030348290792,0.03694506971877343,0.10401022170370743
6,bnci004,MMP_moe,TS,lda,none,16,1,1,20032,0.05,no_leakage_v1_alpha005,gate_all_sources_proxy_source_only_final_training_only,mmd,,,,,moe,coral,near_nearest_proxy,anchor,3.0,4,4test,target,False,,1.0,direct,0.06649030348290792,0.03694506971877343,0.10401022170370743
6,bnci004,MMP_moe,TS,lda,none,16,1,1,20032,0.05,no_leakage_v1_alpha005,gate_all_sources_proxy_source_only_final_training_only,mmd,,,,,moe,coral,near_nearest_proxy,final,3.0,4,4test,train,True,0.3564138398117509,1.0,direct,0.06649030348290792,0.03694506971877343,0.10401022170370743
6,bnci004,MMP_moe,TS,lda,none,16,1,1,20032,0.05,no_leakage_v1_alpha005,gate_all_sources_proxy_source_only_final_training_only,mmd,,,,,moe,coral,near_nearest_proxy,main,,1,1train,target,False,,,,,,
6,bnci004,MMP_moe,TS,lda,none,16,1,1,20032,0.05,no_leakage_v1_alpha005,gate_all_sources_proxy_source_only_final_training_only,mmd,,,,,moe,coral,near_nearest_proxy,final,,1,1train,target,False,,,,,,
6,bnci004,MMP_moe,TS,lda,none,16,2,2,20063,0.05,no_leakage_v1_alpha005,gate_all_sources_proxy_source_only_final_training_only,mmd,,,,,moe,coral,near_nearest_proxy,main,0.0,0,0train,near,False,0.1888506523436716,2.0,direct,0.09918742251411043,0.06213994348277497,0.15134902945756498
6,bnci004,MMP_moe,TS,lda,none,16,2,2,20063,0.05,no_leakage_v1_alpha005,gate_all_sources_proxy_source_only_final_training_only,mmd,,,,,moe,coral,near_nearest_proxy,anchor,0.0,0,0train,proxy_source,False,0.3261827752776845,2.0,direct,0.09918742251411043,0.06213994348277497,0.15134902945756498
6,bnci004,MMP_moe,TS,lda,none,16,2,2,20063,0.05,no_leakage_v1_alpha005,gate_all_sources_proxy_source_only_final_training_only,mmd,,,,,moe,coral,near_nearest_proxy,final,0.0,0,0train,train,False,0.1888506523436716,2.0,direct,0.09918742251411043,0.06213994348277497,0.15134902945756498
6,bnci004,MMP_moe,TS,lda,none,16,2,2,20063,0.05,no_leakage_v1_alpha005,gate_all_sources_proxy_source_only_final_training_only,mmd,,,,,moe,coral,near_nearest_proxy,main,1.0,1,1train,far,False,,2.0,direct,0.10608826955392775,0.07550221029759716,0.14125892475902663
6,bnci004,MMP_moe,TS,lda,none,16,2,2,20063,0.05,no_leakage_v1_alpha005,gate_all_sources_proxy_source_only_final_training_only,mmd,,,,,moe,coral,near_nearest_proxy,anchor,1.0,1,1train,not_used,False,,2.0,direct,0.10608826955392775,0.07550221029759716,0.14125892475902663
6,bnci004,MMP_moe,TS,lda,none,16,2,2,20063,0.05,no_leakage_v1_alpha005,gate_all_sources_proxy_source_only_final_training_only,mmd,,,,,moe,coral,near_nearest_proxy,final,1.0,1,1train,not_used,False,,2.0,direct,0.10608826955392775,0.07550221029759716,0.14125892475902663
6,bnci004,MMP_moe,TS,lda,none,16,2,2,20063,0.05,no_leakage_v1_alpha005,gate_all_sources_proxy_source_only_final_training_only,mmd,,,,,moe,coral,near_nearest_proxy,main,2.0,3,3test,near,False,0.3901212206588193,2.0,direct,0.04801432781297068,0.027027970335135026,0.07787076312026087
6,bnci004,MMP_moe,TS,lda,none,16,2,2,20063,0.05,no_leakage_v1_alpha005,gate_all_sources_proxy_source_only_final_training_only,mmd,,,,,moe,coral,near_nearest_proxy,anchor,2.0,3,3test,proxy_source,False,0.6738172247223155,2.0,direct,0.04801432781297068,0.027027970335135026,0.07787076312026087
6,bnci004,MMP_moe,TS,lda,none,16,2,2,20063,0.05,no_leakage_v1_alpha005,gate_all_sources_proxy_source_only_final_training_only,mmd,,,,,moe,coral,near_nearest_proxy,final,2.0,3,3test,train,False,0.3901212206588193,2.0,direct,0.04801432781297068,0.027027970335135026,0.07787076312026087
6,bnci004,MMP_moe,TS,lda,none,16,2,2,20063,0.05,no_leakage_v1_alpha005,gate_all_sources_proxy_source_only_final_training_only,mmd,,,,,moe,coral,near_nearest_proxy,main,3.0,4,4test,nearest,True,0.4210281269975091,2.0,direct,0.04448961023621422,0.029034687071850227,0.06438845995228393
6,bnci004,MMP_moe,TS,lda,none,16,2,2,20063,0.05,no_leakage_v1_alpha005,gate_all_sources_proxy_source_only_final_training_only,mmd,,,,,moe,coral,near_nearest_proxy,anchor,3.0,4,4test,target,False,,2.0,direct,0.04448961023621422,0.029034687071850227,0.06438845995228393
6,bnci004,MMP_moe,TS,lda,none,16,2,2,20063,0.05,no_leakage_v1_alpha005,gate_all_sources_proxy_source_only_final_training_only,mmd,,,,,moe,coral,near_nearest_proxy,final,3.0,4,4test,train,True,0.4210281269975091,2.0,direct,0.04448961023621422,0.029034687071850227,0.06438845995228393
6,bnci004,MMP_moe,TS,lda,none,16,2,2,20063,0.05,no_leakage_v1_alpha005,gate_all_sources_proxy_source_only_final_training_only,mmd,,,,,moe,coral,near_nearest_proxy,main,,2,2train,target,False,,,,,,
6,bnci004,MMP_moe,TS,lda,none,16,2,2,20063,0.05,no_leakage_v1_alpha005,gate_all_sources_proxy_source_only_final_training_only,mmd,,,,,moe,coral,near_nearest_proxy,final,,2,2train,target,False,,,,,,
6,bnci004,MMP_moe,TS,lda,none,16,3,3,20094,0.05,no_leakage_v1_alpha005,gate_all_sources_proxy_source_only_final_training_only,mmd,,,,,moe,coral,near_nearest_proxy,main,0.0,0,0train,far,False,,3.0,direct,0.11763985916017444,0.08048138725791495,0.15642728318741905
6,bnci004,MMP_moe,TS,lda,none,16,3,3,20094,0.05,no_leakage_v1_alpha005,gate_all_sources_proxy_source_only_final_training_only,mmd,,,,,moe,coral,near_nearest_proxy,anchor,0.0,0,0train,not_used,False,,3.0,direct,0.11763985916017444,0.08048138725791495,0.15642728318741905
6,bnci004,MMP_moe,TS,lda,none,16,3,3,20094,0.05,no_leakage_v1_alpha005,gate_all_sources_proxy_source_only_final_training_only,mmd,,,,,moe,coral,near_nearest_proxy,final,0.0,0,0train,not_used,False,,3.0,direct,0.11763985916017444,0.08048138725791495,0.15642728318741905
6,bnci004,MMP_moe,TS,lda,none,16,3,3,20094,0.05,no_leakage_v1_alpha005,gate_all_sources_proxy_source_only_final_training_only,mmd,,,,,moe,coral,near_nearest_proxy,main,1.0,1,1train,near,False,0.23680782997825553,3.0,direct,0.06330805792107796,0.04776869766498529,0.08148148781862048
6,bnci004,MMP_moe,TS,lda,none,16,3,3,20094,0.05,no_leakage_v1_alpha005,gate_all_sources_proxy_source_only_final_training_only,mmd,,,,,moe,coral,near_nearest_proxy,anchor,1.0,1,1train,proxy_source,False,0.4341562603344288,3.0,direct,0.06330805792107796,0.04776869766498529,0.08148148781862048
6,bnci004,MMP_moe,TS,lda,none,16,3,3,20094,0.05,no_leakage_v1_alpha005,gate_all_sources_proxy_source_only_final_training_only,mmd,,,,,moe,coral,near_nearest_proxy,final,1.0,1,1train,train,False,0.23680782997825553,3.0,direct,0.06330805792107796,0.04776869766498529,0.08148148781862048
6,bnci004,MMP_moe,TS,lda,none,16,3,3,20094,0.05,no_leakage_v1_alpha005,gate_all_sources_proxy_source_only_final_training_only,mmd,,,,,moe,coral,near_nearest_proxy,main,2.0,2,2train,near,False,0.30863594594666927,3.0,direct,0.04857429014733986,0.03105848209235401,0.07227770259105273
6,bnci004,MMP_moe,TS,lda,none,16,3,3,20094,0.05,no_leakage_v1_alpha005,gate_all_sources_proxy_source_only_final_training_only,mmd,,,,,moe,coral,near_nearest_proxy,anchor,2.0,2,2train,proxy_source,False,0.5658437396655711,3.0,direct,0.04857429014733986,0.03105848209235401,0.07227770259105273
6,bnci004,MMP_moe,TS,lda,none,16,3,3,20094,0.05,no_leakage_v1_alpha005,gate_all_sources_proxy_source_only_final_training_only,mmd,,,,,moe,coral,near_nearest_proxy,final,2.0,2,2train,train,False,0.30863594594666927,3.0,direct,0.04857429014733986,0.03105848209235401,0.07227770259105273
6,bnci004,MMP_moe,TS,lda,none,16,3,3,20094,0.05,no_leakage_v1_alpha005,gate_all_sources_proxy_source_only_final_training_only,mmd,,,,,moe,coral,near_nearest_proxy,main,3.0,4,4test,nearest,True,0.4545562240750752,3.0,direct,0.032980795936825735,0.020453088804534374,0.04816994416438376
6,bnci004,MMP_moe,TS,lda,none,16,3,3,20094,0.05,no_leakage_v1_alpha005,gate_all_sources_proxy_source_only_final_training_only,mmd,,,,,moe,coral,near_nearest_proxy,anchor,3.0,4,4test,target,False,,3.0,direct,0.032980795936825735,0.020453088804534374,0.04816994416438376
6,bnci004,MMP_moe,TS,lda,none,16,3,3,20094,0.05,no_leakage_v1_alpha005,gate_all_sources_proxy_source_only_final_training_only,mmd,,,,,moe,coral,near_nearest_proxy,final,3.0,4,4test,train,True,0.4545562240750752,3.0,direct,0.032980795936825735,0.020453088804534374,0.04816994416438376
6,bnci004,MMP_moe,TS,lda,none,16,3,3,20094,0.05,no_leakage_v1_alpha005,gate_all_sources_proxy_source_only_final_training_only,mmd,,,,,moe,coral,near_nearest_proxy,main,,3,3test,target,False,,,,,,
6,bnci004,MMP_moe,TS,lda,none,16,3,3,20094,0.05,no_leakage_v1_alpha005,gate_all_sources_proxy_source_only_final_training_only,mmd,,,,,moe,coral,near_nearest_proxy,final,,3,3test,target,False,,,,,,
6,bnci004,MMP_moe,TS,lda,none,16,4,4,20125,0.05,no_leakage_v1_alpha005,gate_all_sources_proxy_source_only_final_training_only,mmd,,,,,moe,coral,near_nearest_proxy,main,0.0,0,0train,far,False,,4.0,direct,0.09064071274075197,0.05490754350708471,0.12736649657116958
6,bnci004,MMP_moe,TS,lda,none,16,4,4,20125,0.05,no_leakage_v1_alpha005,gate_all_sources_proxy_source_only_final_training_only,mmd,,,,,moe,coral,near_nearest_proxy,anchor,0.0,0,0train,not_used,False,,4.0,direct,0.09064071274075197,0.05490754350708471,0.12736649657116958
6,bnci004,MMP_moe,TS,lda,none,16,4,4,20125,0.05,no_leakage_v1_alpha005,gate_all_sources_proxy_source_only_final_training_only,mmd,,,,,moe,coral,near_nearest_proxy,final,0.0,0,0train,not_used,False,,4.0,direct,0.09064071274075197,0.05490754350708471,0.12736649657116958
6,bnci004,MMP_moe,TS,lda,none,16,4,4,20125,0.05,no_leakage_v1_alpha005,gate_all_sources_proxy_source_only_final_training_only,mmd,,,,,moe,coral,near_nearest_proxy,main,1.0,1,1train,near,False,0.22912667510553744,4.0,direct,0.06588471571334382,0.04496400913399617,0.09273193874970906
6,bnci004,MMP_moe,TS,lda,none,16,4,4,20125,0.05,no_leakage_v1_alpha005,gate_all_sources_proxy_source_only_final_training_only,mmd,,,,,moe,coral,near_nearest_proxy,anchor,1.0,1,1train,proxy_source,False,0.4275431563956425,4.0,direct,0.06588471571334382,0.04496400913399617,0.09273193874970906
6,bnci004,MMP_moe,TS,lda,none,16,4,4,20125,0.05,no_leakage_v1_alpha005,gate_all_sources_proxy_source_only_final_training_only,mmd,,,,,moe,coral,near_nearest_proxy,final,1.0,1,1train,train,False,0.22912667510553744,4.0,direct,0.06588471571334382,0.04496400913399617,0.09273193874970906
6,bnci004,MMP_moe,TS,lda,none,16,4,4,20125,0.05,no_leakage_v1_alpha005,gate_all_sources_proxy_source_only_final_training_only,mmd,,,,,moe,coral,near_nearest_proxy,main,2.0,2,2train,near,False,0.30678805461944686,4.0,direct,0.04920617984627231,0.03490429538444355,0.06850657341664056
6,bnci004,MMP_moe,TS,lda,none,16,4,4,20125,0.05,no_leakage_v1_alpha005,gate_all_sources_proxy_source_only_final_training_only,mmd,,,,,moe,coral,near_nearest_proxy,anchor,2.0,2,2train,proxy_source,False,0.5724568436043574,4.0,direct,0.04920617984627231,0.03490429538444355,0.06850657341664056
6,bnci004,MMP_moe,TS,lda,none,16,4,4,20125,0.05,no_leakage_v1_alpha005,gate_all_sources_proxy_source_only_final_training_only,mmd,,,,,moe,coral,near_nearest_proxy,final,2.0,2,2train,train,False,0.30678805461944686,4.0,direct,0.04920617984627231,0.03490429538444355,0.06850657341664056
6,bnci004,MMP_moe,TS,lda,none,16,4,4,20125,0.05,no_leakage_v1_alpha005,gate_all_sources_proxy_source_only_final_training_only,mmd,,,,,moe,coral,near_nearest_proxy,main,3.0,3,3test,nearest,True,0.4640852702750157,4.0,direct,0.03252788196473286,0.020929284509616314,0.05122888859620085
6,bnci004,MMP_moe,TS,lda,none,16,4,4,20125,0.05,no_leakage_v1_alpha005,gate_all_sources_proxy_source_only_final_training_only,mmd,,,,,moe,coral,near_nearest_proxy,anchor,3.0,3,3test,target,False,,4.0,direct,0.03252788196473286,0.020929284509616314,0.05122888859620085
6,bnci004,MMP_moe,TS,lda,none,16,4,4,20125,0.05,no_leakage_v1_alpha005,gate_all_sources_proxy_source_only_final_training_only,mmd,,,,,moe,coral,near_nearest_proxy,final,3.0,3,3test,train,True,0.4640852702750157,4.0,direct,0.03252788196473286,0.020929284509616314,0.05122888859620085
6,bnci004,MMP_moe,TS,lda,none,16,4,4,20125,0.05,no_leakage_v1_alpha005,gate_all_sources_proxy_source_only_final_training_only,mmd,,,,,moe,coral,near_nearest_proxy,main,,4,4test,target,False,,,,,,
6,bnci004,MMP_moe,TS,lda,none,16,4,4,20125,0.05,no_leakage_v1_alpha005,gate_all_sources_proxy_source_only_final_training_only,mmd,,,,,moe,coral,near_nearest_proxy,final,,4,4test,target,False,,,,,,
6,bnci004,MMP_moe,TS,lda,sa,17,0,0,20998,0.05,no_leakage_v1_alpha005,gate_all_sources_proxy_source_only_final_training_only,mmd,,,,,moe,coral,near_nearest_proxy,main,0.0,1,1train,near,False,0.2376222368781364,0.0,direct,0.12908258536132994,0.0772510930148609,0.18656495044538793
6,bnci004,MMP_moe,TS,lda,sa,17,0,0,20998,0.05,no_leakage_v1_alpha005,gate_all_sources_proxy_source_only_final_training_only,mmd,,,,,moe,coral,near_nearest_proxy,anchor,0.0,1,1train,proxy_source,False,0.33980969491919116,0.0,direct,0.12908258536132994,0.0772510930148609,0.18656495044538793
6,bnci004,MMP_moe,TS,lda,sa,17,0,0,20998,0.05,no_leakage_v1_alpha005,gate_all_sources_proxy_source_only_final_training_only,mmd,,,,,moe,coral,near_nearest_proxy,final,0.0,1,1train,train,False,0.2376222368781364,0.0,direct,0.12908258536132994,0.0772510930148609,0.18656495044538793
6,bnci004,MMP_moe,TS,lda,sa,17,0,0,20998,0.05,no_leakage_v1_alpha005,gate_all_sources_proxy_source_only_final_training_only,mmd,,,,,moe,coral,near_nearest_proxy,main,1.0,2,2train,near,False,0.26717279330506205,0.0,direct,0.11480533906756378,0.0783222242193189,0.159091767656162
6,bnci004,MMP_moe,TS,lda,sa,17,0,0,20998,0.05,no_leakage_v1_alpha005,gate_all_sources_proxy_source_only_final_training_only,mmd,,,,,moe,coral,near_nearest_proxy,anchor,1.0,2,2train,proxy_source,False,0.38206822129303264,0.0,direct,0.11480533906756378,0.0783222242193189,0.159091767656162
6,bnci004,MMP_moe,TS,lda,sa,17,0,0,20998,0.05,no_leakage_v1_alpha005,gate_all_sources_proxy_source_only_final_training_only,mmd,,,,,moe,coral,near_nearest_proxy,final,1.0,2,2train,train,False,0.26717279330506205,0.0,direct,0.11480533906756378,0.0783222242193189,0.159091767656162
6,bnci004,MMP_moe,TS,lda,sa,17,0,0,20998,0.05,no_leakage_v1_alpha005,gate_all_sources_proxy_source_only_final_training_only,mmd,,,,,moe,coral,near_nearest_proxy,main,2.0,3,3test,near,False,0.1944853035772743,0.0,direct,0.15771338629871492,0.10890079360221645,0.21884241410629637
6,bnci004,MMP_moe,TS,lda,sa,17,0,0,20998,0.05,no_leakage_v1_alpha005,gate_all_sources_proxy_source_only_final_training_only,mmd,,,,,moe,coral,near_nearest_proxy,anchor,2.0,3,3test,proxy_source,False,0.2781220837877762,0.0,direct,0.15771338629871492,0.10890079360221645,0.21884241410629637
6,bnci004,MMP_moe,TS,lda,sa,17,0,0,20998,0.05,no_leakage_v1_alpha005,gate_all_sources_proxy_source_only_final_training_only,mmd,,,,,moe,coral,near_nearest_proxy,final,2.0,3,3test,train,False,0.1944853035772743,0.0,direct,0.15771338629871492,0.10890079360221645,0.21884241410629637
6,bnci004,MMP_moe,TS,lda,sa,17,0,0,20998,0.05,no_leakage_v1_alpha005,gate_all_sources_proxy_source_only_final_training_only,mmd,,,,,moe,coral,near_nearest_proxy,main,3.0,4,4test,nearest,True,0.30071966623952734,0.0,direct,0.10199808333689594,0.055468416223499004,0.15827804085751096
6,bnci004,MMP_moe,TS,lda,sa,17,0,0,20998,0.05,no_leakage_v1_alpha005,gate_all_sources_proxy_source_only_final_training_only,mmd,,,,,moe,coral,near_nearest_proxy,anchor,3.0,4,4test,target,False,,0.0,direct,0.10199808333689594,0.055468416223499004,0.15827804085751096
6,bnci004,MMP_moe,TS,lda,sa,17,0,0,20998,0.05,no_leakage_v1_alpha005,gate_all_sources_proxy_source_only_final_training_only,mmd,,,,,moe,coral,near_nearest_proxy,final,3.0,4,4test,train,True,0.30071966623952734,0.0,direct,0.10199808333689594,0.055468416223499004,0.15827804085751096
6,bnci004,MMP_moe,TS,lda,sa,17,0,0,20998,0.05,no_leakage_v1_alpha005,gate_all_sources_proxy_source_only_final_training_only,mmd,,,,,moe,coral,near_nearest_proxy,main,,0,0train,target,False,,,,,,
6,bnci004,MMP_moe,TS,lda,sa,17,0,0,20998,0.05,no_leakage_v1_alpha005,gate_all_sources_proxy_source_only_final_training_only,mmd,,,,,moe,coral,near_nearest_proxy,final,,0,0train,target,False,,,,,,
6,bnci004,MMP_moe,TS,lda,sa,17,1,1,21029,0.05,no_leakage_v1_alpha005,gate_all_sources_proxy_source_only_final_training_only,mmd,,,,,moe,coral,near_nearest_proxy,main,0.0,0,0train,near,False,0.15438066292517852,1.0,direct,0.15609370219890084,0.09758672476007209,0.24753073030674141
6,bnci004,MMP_moe,TS,lda,sa,17,1,1,21029,0.05,no_leakage_v1_alpha005,gate_all_sources_proxy_source_only_final_training_only,mmd,,,,,moe,coral,near_nearest_proxy,anchor,0.0,0,0train,proxy_source,False,0.23671665491198418,1.0,direct,0.15609370219890084,0.09758672476007209,0.24753073030674141
6,bnci004,MMP_moe,TS,lda,sa,17,1,1,21029,0.05,no_leakage_v1_alpha005,gate_all_sources_proxy_source_only_final_training_only,mmd,,,,,moe,coral,near_nearest_proxy,final,0.0,0,0train,train,False,0.15438066292517852,1.0,direct,0.15609370219890084,0.09758672476007209,0.24753073030674141
6,bnci004,MMP_moe,TS,lda,sa,17,1,1,21029,0.05,no_leakage_v1_alpha005,gate_all_sources_proxy_source_only_final_training_only,mmd,,,,,moe,coral,near_nearest_proxy,main,1.0,2,2train,near,False,0.18602246412576792,1.0,direct,0.12954251356340607,0.09291475163715719,0.18316401262221135
6,bnci004,MMP_moe,TS,lda,sa,17,1,1,21029,0.05,no_leakage_v1_alpha005,gate_all_sources_proxy_source_only_final_training_only,mmd,,,,,moe,coral,near_nearest_proxy,anchor,1.0,2,2train,proxy_source,False,0.2852340093116324,1.0,direct,0.12954251356340607,0.09291475163715719,0.18316401262221135
6,bnci004,MMP_moe,TS,lda,sa,17,1,1,21029,0.05,no_leakage_v1_alpha005,gate_all_sources_proxy_source_only_final_training_only,mmd,,,,,moe,coral,near_nearest_proxy,final,1.0,2,2train,train,False,0.18602246412576792,1.0,direct,0.12954251356340607,0.09291475163715719,0.18316401262221135
6,bnci004,MMP_moe,TS,lda,sa,17,1,1,21029,0.05,no_leakage_v1_alpha005,gate_all_sources_proxy_source_only_final_training_only,mmd,,,,,moe,coral,near_nearest_proxy,main,2.0,3,3test,near,False,0.31177178215677387,1.0,direct,0.07729272888678232,0.05333635802625749,0.1080292570469776
6,bnci004,MMP_moe,TS,lda,sa,17,1,1,21029,0.05,no_leakage_v1_alpha005,gate_all_sources_proxy_source_only_final_training_only,mmd,,,,,moe,coral,near_nearest_proxy,anchor,2.0,3,3test,proxy_source,False,0.4780493357763834,1.0,direct,0.07729272888678232,0.05333635802625749,0.1080292570469776
6,bnci004,MMP_moe,TS,lda,sa,17,1,1,21029,0.05,no_leakage_v1_alpha005,gate_all_sources_proxy_source_only_final_training_only,mmd,,,,,moe,coral,near_nearest_proxy,final,2.0,3,3test,train,False,0.31177178215677387,1.0,direct,0.07729272888678232,0.05333635802625749,0.1080292570469776
6,bnci004,MMP_moe,TS,lda,sa,17,1,1,21029,0.05,no_leakage_v1_alpha005,gate_all_sources_proxy_source_only_final_training_only,mmd,,,,,moe,coral,near_nearest_proxy,main,3.0,4,4test,nearest,True,0.3478250907922797,1.0,direct,0.06928095878475571,0.04032993386062279,0.10661647168333503
6,bnci004,MMP_moe,TS,lda,sa,17,1,1,21029,0.05,no_leakage_v1_alpha005,gate_all_sources_proxy_source_only_final_training_only,mmd,,,,,moe,coral,near_nearest_proxy,anchor,3.0,4,4test,target,False,,1.0,direct,0.06928095878475571,0.04032993386062279,0.10661647168333503
6,bnci004,MMP_moe,TS,lda,sa,17,1,1,21029,0.05,no_leakage_v1_alpha005,gate_all_sources_proxy_source_only_final_training_only,mmd,,,,,moe,coral,near_nearest_proxy,final,3.0,4,4test,train,True,0.3478250907922797,1.0,direct,0.06928095878475571,0.04032993386062279,0.10661647168333503
6,bnci004,MMP_moe,TS,lda,sa,17,1,1,21029,0.05,no_leakage_v1_alpha005,gate_all_sources_proxy_source_only_final_training_only,mmd,,,,,moe,coral,near_nearest_proxy,main,,1,1train,target,False,,,,,,
6,bnci004,MMP_moe,TS,lda,sa,17,1,1,21029,0.05,no_leakage_v1_alpha005,gate_all_sources_proxy_source_only_final_training_only,mmd,,,,,moe,coral,near_nearest_proxy,final,,1,1train,target,False,,,,,,
6,bnci004,MMP_moe,TS,lda,sa,17,2,2,21060,0.05,no_leakage_v1_alpha005,gate_all_sources_proxy_source_only_final_training_only,mmd,,,,,moe,coral,near_nearest_proxy,main,0.0,0,0train,far,False,,2.0,direct,0.09860804486693275,0.07109878360257779,0.13602710948760305
6,bnci004,MMP_moe,TS,lda,sa,17,2,2,21060,0.05,no_leakage_v1_alpha005,gate_all_sources_proxy_source_only_final_training_only,mmd,,,,,moe,coral,near_nearest_proxy,anchor,0.0,0,0train,not_used,False,,2.0,direct,0.09860804486693275,0.07109878360257779,0.13602710948760305
6,bnci004,MMP_moe,TS,lda,sa,17,2,2,21060,0.05,no_leakage_v1_alpha005,gate_all_sources_proxy_source_only_final_training_only,mmd,,,,,moe,coral,near_nearest_proxy,final,0.0,0,0train,not_used,False,,2.0,direct,0.09860804486693275,0.07109878360257779,0.13602710948760305
6,bnci004,MMP_moe,TS,lda,sa,17,2,2,21060,0.05,no_leakage_v1_alpha005,gate_all_sources_proxy_source_only_final_training_only,mmd,,,,,moe,coral,near_nearest_proxy,main,1.0,1,1train,far,False,,2.0,direct,0.10499226604559973,0.076973657476377,0.13491025115095437
6,bnci004,MMP_moe,TS,lda,sa,17,2,2,21060,0.05,no_leakage_v1_alpha005,gate_all_sources_proxy_source_only_final_training_only,mmd,,,,,moe,coral,near_nearest_proxy,anchor,1.0,1,1train,not_used,False,,2.0,direct,0.10499226604559973,0.076973657476377,0.13491025115095437
6,bnci004,MMP_moe,TS,lda,sa,17,2,2,21060,0.05,no_leakage_v1_alpha005,gate_all_sources_proxy_source_only_final_training_only,mmd,,,,,moe,coral,near_nearest_proxy,final,1.0,1,1train,not_used,False,,2.0,direct,0.10499226604559973,0.076973657476377,0.13491025115095437
6,bnci004,MMP_moe,TS,lda,sa,17,2,2,21060,0.05,no_leakage_v1_alpha005,gate_all_sources_proxy_source_only_final_training_only,mmd,,,,,moe,coral,near_nearest_proxy,main,2.0,3,3test,near,False,0.47601324691700525,2.0,direct,0.04921224792670765,0.024833053887676294,0.07786054090960504
6,bnci004,MMP_moe,TS,lda,sa,17,2,2,21060,0.05,no_leakage_v1_alpha005,gate_all_sources_proxy_source_only_final_training_only,mmd,,,,,moe,coral,near_nearest_proxy,anchor,2.0,3,3test,proxy_source,False,1.0,2.0,direct,0.04921224792670765,0.024833053887676294,0.07786054090960504
6,bnci004,MMP_moe,TS,lda,sa,17,2,2,21060,0.05,no_leakage_v1_alpha005,gate_all_sources_proxy_source_only_final_training_only,mmd,,,,,moe,coral,near_nearest_proxy,final,2.0,3,3test,train,False,0.47601324691700525,2.0,direct,0.04921224792670765,0.024833053887676294,0.07786054090960504
6,bnci004,MMP_moe,TS,lda,sa,17,2,2,21060,0.05,no_leakage_v1_alpha005,gate_all_sources_proxy_source_only_final_training_only,mmd,,,,,moe,coral,near_nearest_proxy,main,3.0,4,4test,nearest,True,0.5239867530829948,2.0,direct,0.04470653849995363,0.028685233667983107,0.06930245147459824
6,bnci004,MMP_moe,TS,lda,sa,17,2,2,21060,0.05,no_leakage_v1_alpha005,gate_all_sources_proxy_source_only_final_training_only,mmd,,,,,moe,coral,near_nearest_proxy,anchor,3.0,4,4test,target,False,,2.0,direct,0.04470653849995363,0.028685233667983107,0.06930245147459824
6,bnci004,MMP_moe,TS,lda,sa,17,2,2,21060,0.05,no_leakage_v1_alpha005,gate_all_sources_proxy_source_only_final_training_only,mmd,,,,,moe,coral,near_nearest_proxy,final,3.0,4,4test,train,True,0.5239867530829948,2.0,direct,0.04470653849995363,0.028685233667983107,0.06930245147459824
6,bnci004,MMP_moe,TS,lda,sa,17,2,2,21060,0.05,no_leakage_v1_alpha005,gate_all_sources_proxy_source_only_final_training_only,mmd,,,,,moe,coral,near_nearest_proxy,main,,2,2train,target,False,,,,,,
6,bnci004,MMP_moe,TS,lda,sa,17,2,2,21060,0.05,no_leakage_v1_alpha005,gate_all_sources_proxy_source_only_final_training_only,mmd,,,,,moe,coral,near_nearest_proxy,final,,2,2train,target,False,,,,,,
6,bnci004,MMP_moe,TS,lda,sa,17,3,3,21091,0.05,no_leakage_v1_alpha005,gate_all_sources_proxy_source_only_final_training_only,mmd,,,,,moe,coral,near_nearest_proxy,main,0.0,0,0train,far,False,,3.0,direct,0.11158646765404337,0.07562933496477149,0.14976567565498125
6,bnci004,MMP_moe,TS,lda,sa,17,3,3,21091,0.05,no_leakage_v1_alpha005,gate_all_sources_proxy_source_only_final_training_only,mmd,,,,,moe,coral,near_nearest_proxy,anchor,0.0,0,0train,not_used,False,,3.0,direct,0.11158646765404337,0.07562933496477149,0.14976567565498125
6,bnci004,MMP_moe,TS,lda,sa,17,3,3,21091,0.05,no_leakage_v1_alpha005,gate_all_sources_proxy_source_only_final_training_only,mmd,,,,,moe,coral,near_nearest_proxy,final,0.0,0,0train,not_used,False,,3.0,direct,0.11158646765404337,0.07562933496477149,0.14976567565498125
6,bnci004,MMP_moe,TS,lda,sa,17,3,3,21091,0.05,no_leakage_v1_alpha005,gate_all_sources_proxy_source_only_final_training_only,mmd,,,,,moe,coral,near_nearest_proxy,main,1.0,1,1train,near,False,0.2338659792860923,3.0,direct,0.06457683918469988,0.04791181284708667,0.08378494202625088
6,bnci004,MMP_moe,TS,lda,sa,17,3,3,21091,0.05,no_leakage_v1_alpha005,gate_all_sources_proxy_source_only_final_training_only,mmd,,,,,moe,coral,near_nearest_proxy,anchor,1.0,1,1train,proxy_source,False,0.431919089985675,3.0,direct,0.06457683918469988,0.04791181284708667,0.08378494202625088
6,bnci004,MMP_moe,TS,lda,sa,17,3,3,21091,0.05,no_leakage_v1_alpha005,gate_all_sources_proxy_source_only_final_training_only,mmd,,,,,moe,coral,near_nearest_proxy,final,1.0,1,1train,train,False,0.2338659792860923,3.0,direct,0.06457683918469988,0.04791181284708667,0.08378494202625088
6,bnci004,MMP_moe,TS,lda,sa,17,3,3,21091,0.05,no_leakage_v1_alpha005,gate_all_sources_proxy_source_only_final_training_only,mmd,,,,,moe,coral,near_nearest_proxy,main,2.0,2,2train,near,False,0.3075918648065331,3.0,direct,0.0490983466638291,0.030459260975564537,0.07137126627236805
6,bnci004,MMP_moe,TS,lda,sa,17,3,3,21091,0.05,no_leakage_v1_alpha005,gate_all_sources_proxy_source_only_final_training_only,mmd,,,,,moe,coral,near_nearest_proxy,anchor,2.0,2,2train,proxy_source,False,0.5680809100143248,3.0,direct,0.0490983466638291,0.030459260975564537,0.07137126627236805
6,bnci004,MMP_moe,TS,lda,sa,17,3,3,21091,0.05,no_leakage_v1_alpha005,gate_all_sources_proxy_source_only_final_training_only,mmd,,,,,moe,coral,near_nearest_proxy,final,2.0,2,2train,train,False,0.3075918648065331,3.0,direct,0.0490983466638291,0.030459260975564537,0.07137126627236805
6,bnci004,MMP_moe,TS,lda,sa,17,3,3,21091,0.05,no_leakage_v1_alpha005,gate_all_sources_proxy_source_only_final_training_only,mmd,,,,,moe,coral,near_nearest_proxy,main,3.0,4,4test,nearest,True,0.4585421559073746,3.0,direct,0.03293503304853029,0.020428289339100444,0.05014038060747869
6,bnci004,MMP_moe,TS,lda,sa,17,3,3,21091,0.05,no_leakage_v1_alpha005,gate_all_sources_proxy_source_only_final_training_only,mmd,,,,,moe,coral,near_nearest_proxy,anchor,3.0,4,4test,target,False,,3.0,direct,0.03293503304853029,0.020428289339100444,0.05014038060747869
6,bnci004,MMP_moe,TS,lda,sa,17,3,3,21091,0.05,no_leakage_v1_alpha005,gate_all_sources_proxy_source_only_final_training_only,mmd,,,,,moe,coral,near_nearest_proxy,final,3.0,4,4test,train,True,0.4585421559073746,3.0,direct,0.03293503304853029,0.020428289339100444,0.05014038060747869
6,bnci004,MMP_moe,TS,lda,sa,17,3,3,21091,0.05,no_leakage_v1_alpha005,gate_all_sources_proxy_source_only_final_training_only,mmd,,,,,moe,coral,near_nearest_proxy,main,,3,3test,target,False,,,,,,
6,bnci004,MMP_moe,TS,lda,sa,17,3,3,21091,0.05,no_leakage_v1_alpha005,gate_all_sources_proxy_source_only_final_training_only,mmd,,,,,moe,coral,near_nearest_proxy,final,,3,3test,target,False,,,,,,
6,bnci004,MMP_moe,TS,lda,sa,17,4,4,21122,0.05,no_leakage_v1_alpha005,gate_all_sources_proxy_source_only_final_training_only,mmd,,,,,moe,coral,near_nearest_proxy,main,0.0,0,0train,far,False,,4.0,direct,0.08980850042237204,0.05473812461706144,0.1319060148072628
6,bnci004,MMP_moe,TS,lda,sa,17,4,4,21122,0.05,no_leakage_v1_alpha005,gate_all_sources_proxy_source_only_final_training_only,mmd,,,,,moe,coral,near_nearest_proxy,anchor,0.0,0,0train,not_used,False,,4.0,direct,0.08980850042237204,0.05473812461706144,0.1319060148072628
6,bnci004,MMP_moe,TS,lda,sa,17,4,4,21122,0.05,no_leakage_v1_alpha005,gate_all_sources_proxy_source_only_final_training_only,mmd,,,,,moe,coral,near_nearest_proxy,final,0.0,0,0train,not_used,False,,4.0,direct,0.08980850042237204,0.05473812461706144,0.1319060148072628
6,bnci004,MMP_moe,TS,lda,sa,17,4,4,21122,0.05,no_leakage_v1_alpha005,gate_all_sources_proxy_source_only_final_training_only,mmd,,,,,moe,coral,near_nearest_proxy,main,1.0,1,1train,near,False,0.22621436189122454,4.0,direct,0.06638201016141078,0.041697707570422175,0.09833877509367833
6,bnci004,MMP_moe,TS,lda,sa,17,4,4,21122,0.05,no_leakage_v1_alpha005,gate_all_sources_proxy_source_only_final_training_only,mmd,,,,,moe,coral,near_nearest_proxy,anchor,1.0,1,1train,proxy_source,False,0.4179343618650893,4.0,direct,0.06638201016141078,0.041697707570422175,0.09833877509367833
6,bnci004,MMP_moe,TS,lda,sa,17,4,4,21122,0.05,no_leakage_v1_alpha005,gate_all_sources_proxy_source_only_final_training_only,mmd,,,,,moe,coral,near_nearest_proxy,final,1.0,1,1train,train,False,0.22621436189122454,4.0,direct,0.06638201016141078,0.041697707570422175,0.09833877509367833
6,bnci004,MMP_moe,TS,lda,sa,17,4,4,21122,0.05,no_leakage_v1_alpha005,gate_all_sources_proxy_source_only_final_training_only,mmd,,,,,moe,coral,near_nearest_proxy,main,2.0,2,2train,near,False,0.3150533167981084,4.0,direct,0.047663282467164864,0.035299277224718,0.07168437482398896
6,bnci004,MMP_moe,TS,lda,sa,17,4,4,21122,0.05,no_leakage_v1_alpha005,gate_all_sources_proxy_source_only_final_training_only,mmd,,,,,moe,coral,near_nearest_proxy,anchor,2.0,2,2train,proxy_source,False,0.5820656381349107,4.0,direct,0.047663282467164864,0.035299277224718,0.07168437482398896
6,bnci004,MMP_moe,TS,lda,sa,17,4,4,21122,0.05,no_leakage_v1_alpha005,gate_all_sources_proxy_source_only_final_training_only,mmd,,,,,moe,coral,near_nearest_proxy,final,2.0,2,2train,train,False,0.3150533167981084,4.0,direct,0.047663282467164864,0.035299277224718,0.07168437482398896
6,bnci004,MMP_moe,TS,lda,sa,17,4,4,21122,0.05,no_leakage_v1_alpha005,gate_all_sources_proxy_source_only_final_training_only,mmd,,,,,moe,coral,near_nearest_proxy,main,3.0,3,3test,nearest,True,0.4587323213106671,4.0,direct,0.03273440927130879,0.019689773680409584,0.051255768489930985
6,bnci004,MMP_moe,TS,lda,sa,17,4,4,21122,0.05,no_leakage_v1_alpha005,gate_all_sources_proxy_source_only_final_training_only,mmd,,,,,moe,coral,near_nearest_proxy,anchor,3.0,3,3test,target,False,,4.0,direct,0.03273440927130879,0.019689773680409584,0.051255768489930985
6,bnci004,MMP_moe,TS,lda,sa,17,4,4,21122,0.05,no_leakage_v1_alpha005,gate_all_sources_proxy_source_only_final_training_only,mmd,,,,,moe,coral,near_nearest_proxy,final,3.0,3,3test,train,True,0.4587323213106671,4.0,direct,0.03273440927130879,0.019689773680409584,0.051255768489930985
6,bnci004,MMP_moe,TS,lda,sa,17,4,4,21122,0.05,no_leakage_v1_alpha005,gate_all_sources_proxy_source_only_final_training_only,mmd,,,,,moe,coral,near_nearest_proxy,main,,4,4test,target,False,,,,,,
6,bnci004,MMP_moe,TS,lda,sa,17,4,4,21122,0.05,no_leakage_v1_alpha005,gate_all_sources_proxy_source_only_final_training_only,mmd,,,,,moe,coral,near_nearest_proxy,final,,4,4test,target,False,,,,,,
6,bnci004,MMP_moe,TS,lda,pt,18,0,0,21995,0.05,no_leakage_v1_alpha005,gate_all_sources_proxy_source_only_final_training_only,mmd,,,,,moe,coral,near_nearest_proxy,main,0.0,1,1train,near,False,0.23430911078065042,0.0,direct,0.1297775528302713,0.07515974897607276,0.18732092101182932
6,bnci004,MMP_moe,TS,lda,pt,18,0,0,21995,0.05,no_leakage_v1_alpha005,gate_all_sources_proxy_source_only_final_training_only,mmd,,,,,moe,coral,near_nearest_proxy,anchor,0.0,1,1train,proxy_source,False,0.33508514618488267,0.0,direct,0.1297775528302713,0.07515974897607276,0.18732092101182932
6,bnci004,MMP_moe,TS,lda,pt,18,0,0,21995,0.05,no_leakage_v1_alpha005,gate_all_sources_proxy_source_only_final_training_only,mmd,,,,,moe,coral,near_nearest_proxy,final,0.0,1,1train,train,False,0.23430911078065042,0.0,direct,0.1297775528302713,0.07515974897607276,0.18732092101182932
6,bnci004,MMP_moe,TS,lda,pt,18,0,0,21995,0.05,no_leakage_v1_alpha005,gate_all_sources_proxy_source_only_final_training_only,mmd,,,,,moe,coral,near_nearest_proxy,main,1.0,2,2train,near,False,0.27017597992390724,0.0,direct,0.11254896584309516,0.07302779288872133,0.15904551225276214
6,bnci004,MMP_moe,TS,lda,pt,18,0,0,21995,0.05,no_leakage_v1_alpha005,gate_all_sources_proxy_source_only_final_training_only,mmd,,,,,moe,coral,near_nearest_proxy,anchor,1.0,2,2train,proxy_source,False,0.3863783078123595,0.0,direct,0.11254896584309516,0.07302779288872133,0.15904551225276214
6,bnci004,MMP_moe,TS,lda,pt,18,0,0,21995,0.05,no_leakage_v1_alpha005,gate_all_sources_proxy_source_only_final_training_only,mmd,,,,,moe,coral,near_nearest_proxy,final,1.0,2,2train,train,False,0.27017597992390724,0.0,direct,0.11254896584309516,0.07302779288872133,0.15904551225276214
6,bnci004,MMP_moe,TS,lda,pt,18,0,0,21995,0.05,no_leakage_v1_alpha005,gate_all_sources_proxy_source_only_final_training_only,mmd,,,,,moe,coral,near_nearest_proxy,main,2.0,3,3test,near,False,0.19476736333102276,0.0,direct,0.15612524616363055,0.10531845531649184,0.21189404438927537
6,bnci004,MMP_moe,TS,lda,pt,18,0,0,21995,0.05,no_leakage_v1_alpha005,gate_all_sources_proxy_source_only_final_training_only,mmd,,,,,moe,coral,near_nearest_proxy,anchor,2.0,3,3test,proxy_source,False,0.27853654600275785,0.0,direct,0.15612524616363055,0.10531845531649184,0.21189404438927537
6,bnci004,MMP_moe,TS,lda,pt,18,0,0,21995,0.05,no_leakage_v1_alpha005,gate_all_sources_proxy_source_only_final_training_only,mmd,,,,,moe,coral,near_nearest_proxy,final,2.0,3,3test,train,False,0.19476736333102276,0.0,direct,0.15612524616363055,0.10531845531649184,0.21189404438927537
6,bnci004,MMP_moe,TS,lda,pt,18,0,0,21995,0.05,no_leakage_v1_alpha005,gate_all_sources_proxy_source_only_final_training_only,mmd,,,,,moe,coral,near_nearest_proxy,main,3.0,4,4test,nearest,True,0.3007475459644197,0.0,direct,0.10110804551040964,0.06680943934578562,0.1553376664834813
6,bnci004,MMP_moe,TS,lda,pt,18,0,0,21995,0.05,no_leakage_v1_alpha005,gate_all_sources_proxy_source_only_final_training_only,mmd,,,,,moe,coral,near_nearest_proxy,anchor,3.0,4,4test,target,False,,0.0,direct,0.10110804551040964,0.06680943934578562,0.1553376664834813
6,bnci004,MMP_moe,TS,lda,pt,18,0,0,21995,0.05,no_leakage_v1_alpha005,gate_all_sources_proxy_source_only_final_training_only,mmd,,,,,moe,coral,near_nearest_proxy,final,3.0,4,4test,train,True,0.3007475459644197,0.0,direct,0.10110804551040964,0.06680943934578562,0.1553376664834813
6,bnci004,MMP_moe,TS,lda,pt,18,0,0,21995,0.05,no_leakage_v1_alpha005,gate_all_sources_proxy_source_only_final_training_only,mmd,,,,,moe,coral,near_nearest_proxy,main,,0,0train,target,False,,,,,,
6,bnci004,MMP_moe,TS,lda,pt,18,0,0,21995,0.05,no_leakage_v1_alpha005,gate_all_sources_proxy_source_only_final_training_only,mmd,,,,,moe,coral,near_nearest_proxy,final,,0,0train,target,False,,,,,,
6,bnci004,MMP_moe,TS,lda,pt,18,1,1,22026,0.05,no_leakage_v1_alpha005,gate_all_sources_proxy_source_only_final_training_only,mmd,,,,,moe,coral,near_nearest_proxy,main,0.0,0,0train,near,False,0.15092560490727203,1.0,direct,0.1567930248248765,0.09678735867967989,0.23239629690865762
6,bnci004,MMP_moe,TS,lda,pt,18,1,1,22026,0.05,no_leakage_v1_alpha005,gate_all_sources_proxy_source_only_final_training_only,mmd,,,,,moe,coral,near_nearest_proxy,anchor,0.0,0,0train,proxy_source,False,0.23527574608030644,1.0,direct,0.1567930248248765,0.09678735867967989,0.23239629690865762
6,bnci004,MMP_moe,TS,lda,pt,18,1,1,22026,0.05,no_leakage_v1_alpha005,gate_all_sources_proxy_source_only_final_training_only,mmd,,,,,moe,coral,near_nearest_proxy,final,0.0,0,0train,train,False,0.15092560490727203,1.0,direct,0.1567930248248765,0.09678735867967989,0.23239629690865762
6,bnci004,MMP_moe,TS,lda,pt,18,1,1,22026,0.05,no_leakage_v1_alpha005,gate_all_sources_proxy_source_only_final_training_only,mmd,,,,,moe,coral,near_nearest_proxy,main,1.0,2,2train,near,False,0.18786180360627006,1.0,direct,0.12596517613731087,0.08294015055977033,0.17134761064869042
6,bnci004,MMP_moe,TS,lda,pt,18,1,1,22026,0.05,no_leakage_v1_alpha005,gate_all_sources_proxy_source_only_final_training_only,mmd,,,,,moe,coral,near_nearest_proxy,anchor,1.0,2,2train,proxy_source,False,0.2928550528627203,1.0,direct,0.12596517613731087,0.08294015055977033,0.17134761064869042
6,bnci004,MMP_moe,TS,lda,pt,18,1,1,22026,0.05,no_leakage_v1_alpha005,gate_all_sources_proxy_source_only_final_training_only,mmd,,,,,moe,coral,near_nearest_proxy,final,1.0,2,2train,train,False,0.18786180360627006,1.0,direct,0.12596517613731087,0.08294015055977033,0.17134761064869042
6,bnci004,MMP_moe,TS,lda,pt,18,1,1,22026,0.05,no_leakage_v1_alpha005,gate_all_sources_proxy_source_only_final_training_only,mmd,,,,,moe,coral,near_nearest_proxy,main,2.0,3,3test,near,False,0.3026964988661703,1.0,direct,0.07817708640397544,0.05257827874579756,0.10615967100287116
6,bnci004,MMP_moe,TS,lda,pt,18,1,1,22026,0.05,no_leakage_v1_alpha005,gate_all_sources_proxy_source_only_final_training_only,mmd,,,,,moe,coral,near_nearest_proxy,anchor,2.0,3,3test,proxy_source,False,0.47186920105697316,1.0,direct,0.07817708640397544,0.05257827874579756,0.10615967100287116
6,bnci004,MMP_moe,TS,lda,pt,18,1,1,22026,0.05,no_leakage_v1_alpha005,gate_all_sources_proxy_source_only_final_training_only,mmd,,,,,moe,coral,near_nearest_proxy,final,2.0,3,3test,train,False,0.3026964988661703,1.0,direct,0.07817708640397544,0.05257827874579756,0.10615967100287116
6,bnci004,MMP_moe,TS,lda,pt,18,1,1,22026,0.05,no_leakage_v1_alpha005,gate_all_sources_proxy_source_only_final_training_only,mmd,,,,,moe,coral,near_nearest_proxy,main,3.0,4,4test,nearest,True,0.3585160926202876,1.0,direct,0.06600505531981972,0.03933494185770195,0.09765696586555618
6,bnci004,MMP_moe,TS,lda,pt,18,1,1,22026,0.05,no_leakage_v1_alpha005,gate_all_sources_proxy_source_only_final_training_only,mmd,,,,,moe,coral,near_nearest_proxy,anchor,3.0,4,4test,target,False,,1.0,direct,0.06600505531981972,0.03933494185770195,0.09765696586555618
6,bnci004,MMP_moe,TS,lda,pt,18,1,1,22026,0.05,no_leakage_v1_alpha005,gate_all_sources_proxy_source_only_final_training_only,mmd,,,,,moe,coral,near_nearest_proxy,final,3.0,4,4test,train,True,0.3585160926202876,1.0,direct,0.06600505531981972,0.03933494185770195,0.09765696586555618
6,bnci004,MMP_moe,TS,lda,pt,18,1,1,22026,0.05,no_leakage_v1_alpha005,gate_all_sources_proxy_source_only_final_training_only,mmd,,,,,moe,coral,near_nearest_proxy,main,,1,1train,target,False,,,,,,
6,bnci004,MMP_moe,TS,lda,pt,18,1,1,22026,0.05,no_leakage_v1_alpha005,gate_all_sources_proxy_source_only_final_training_only,mmd,,,,,moe,coral,near_nearest_proxy,final,,1,1train,target,False,,,,,,
6,bnci004,MMP_moe,TS,lda,pt,18,2,2,22057,0.05,no_leakage_v1_alpha005,gate_all_sources_proxy_source_only_final_training_only,mmd,,,,,moe,coral,near_nearest_proxy,main,0.0,0,0train,far,False,,2.0,direct,0.10027427801041,0.06874556056099872,0.1557780174931346
6,bnci004,MMP_moe,TS,lda,pt,18,2,2,22057,0.05,no_leakage_v1_alpha005,gate_all_sources_proxy_source_only_final_training_only,mmd,,,,,moe,coral,near_nearest_proxy,anchor,0.0,0,0train,not_used,False,,2.0,direct,0.10027427801041,0.06874556056099872,0.1557780174931346
6,bnci004,MMP_moe,TS,lda,pt,18,2,2,22057,0.05,no_leakage_v1_alpha005,gate_all_sources_proxy_source_only_final_training_only,mmd,,,,,moe,coral,near_nearest_proxy,final,0.0,0,0train,not_used,False,,2.0,direct,0.10027427801041,0.06874556056099872,0.1557780174931346
6,bnci004,MMP_moe,TS,lda,pt,18,2,2,22057,0.05,no_leakage_v1_alpha005,gate_all_sources_proxy_source_only_final_training_only,mmd,,,,,moe,coral,near_nearest_proxy,main,1.0,1,1train,far,False,,2.0,direct,0.10555612457314294,0.07645480606111127,0.13927889721729467
6,bnci004,MMP_moe,TS,lda,pt,18,2,2,22057,0.05,no_leakage_v1_alpha005,gate_all_sources_proxy_source_only_final_training_only,mmd,,,,,moe,coral,near_nearest_proxy,anchor,1.0,1,1train,not_used,False,,2.0,direct,0.10555612457314294,0.07645480606111127,0.13927889721729467
6,bnci004,MMP_moe,TS,lda,pt,18,2,2,22057,0.05,no_leakage_v1_alpha005,gate_all_sources_proxy_source_only_final_training_only,mmd,,,,,moe,coral,near_nearest_proxy,final,1.0,1,1train,not_used,False,,2.0,direct,0.10555612457314294,0.07645480606111127,0.13927889721729467
6,bnci004,MMP_moe,TS,lda,pt,18,2,2,22057,0.05,no_leakage_v1_alpha005,gate_all_sources_proxy_source_only_final_training_only,mmd,,,,,moe,coral,near_nearest_proxy,main,2.0,3,3test,near,False,0.4860781425965776,2.0,direct,0.04820329712295841,0.02915462583154963,0.07371350576615561
6,bnci004,MMP_moe,TS,lda,pt,18,2,2,22057,0.05,no_leakage_v1_alpha005,gate_all_sources_proxy_source_only_final_training_only,mmd,,,,,moe,coral,near_nearest_proxy,anchor,2.0,3,3test,proxy_source,False,1.0,2.0,direct,0.04820329712295841,0.02915462583154963,0.07371350576615561
6,bnci004,MMP_moe,TS,lda,pt,18,2,2,22057,0.05,no_leakage_v1_alpha005,gate_all_sources_proxy_source_only_final_training_only,mmd,,,,,moe,coral,near_nearest_proxy,final,2.0,3,3test,train,False,0.4860781425965776,2.0,direct,0.04820329712295841,0.02915462583154963,0.07371350576615561
6,bnci004,MMP_moe,TS,lda,pt,18,2,2,22057,0.05,no_leakage_v1_alpha005,gate_all_sources_proxy_source_only_final_training_only,mmd,,,,,moe,coral,near_nearest_proxy,main,3.0,4,4test,nearest,True,0.5139218574034224,2.0,direct,0.045591641902965566,0.029911951402402992,0.06616164026848183
6,bnci004,MMP_moe,TS,lda,pt,18,2,2,22057,0.05,no_leakage_v1_alpha005,gate_all_sources_proxy_source_only_final_training_only,mmd,,,,,moe,coral,near_nearest_proxy,anchor,3.0,4,4test,target,False,,2.0,direct,0.045591641902965566,0.029911951402402992,0.06616164026848183
6,bnci004,MMP_moe,TS,lda,pt,18,2,2,22057,0.05,no_leakage_v1_alpha005,gate_all_sources_proxy_source_only_final_training_only,mmd,,,,,moe,coral,near_nearest_proxy,final,3.0,4,4test,train,True,0.5139218574034224,2.0,direct,0.045591641902965566,0.029911951402402992,0.06616164026848183
6,bnci004,MMP_moe,TS,lda,pt,18,2,2,22057,0.05,no_leakage_v1_alpha005,gate_all_sources_proxy_source_only_final_training_only,mmd,,,,,moe,coral,near_nearest_proxy,main,,2,2train,target,False,,,,,,
6,bnci004,MMP_moe,TS,lda,pt,18,2,2,22057,0.05,no_leakage_v1_alpha005,gate_all_sources_proxy_source_only_final_training_only,mmd,,,,,moe,coral,near_nearest_proxy,final,,2,2train,target,False,,,,,,
6,bnci004,MMP_moe,TS,lda,pt,18,3,3,22088,0.05,no_leakage_v1_alpha005,gate_all_sources_proxy_source_only_final_training_only,mmd,,,,,moe,coral,near_nearest_proxy,main,0.0,0,0train,far,False,,3.0,direct,0.11075713394694475,0.08060376568881274,0.1463666088757651
6,bnci004,MMP_moe,TS,lda,pt,18,3,3,22088,0.05,no_leakage_v1_alpha005,gate_all_sources_proxy_source_only_final_training_only,mmd,,,,,moe,coral,near_nearest_proxy,anchor,0.0,0,0train,not_used,False,,3.0,direct,0.11075713394694475,0.08060376568881274,0.1463666088757651
6,bnci004,MMP_moe,TS,lda,pt,18,3,3,22088,0.05,no_leakage_v1_alpha005,gate_all_sources_proxy_source_only_final_training_only,mmd,,,,,moe,coral,near_nearest_proxy,final,0.0,0,0train,not_used,False,,3.0,direct,0.11075713394694475,0.08060376568881274,0.1463666088757651
6,bnci004,MMP_moe,TS,lda,pt,18,3,3,22088,0.05,no_leakage_v1_alpha005,gate_all_sources_proxy_source_only_final_training_only,mmd,,,,,moe,coral,near_nearest_proxy,main,1.0,1,1train,far,False,,3.0,direct,0.06402167267378395,0.045745755579000104,0.08233318720788232
6,bnci004,MMP_moe,TS,lda,pt,18,3,3,22088,0.05,no_leakage_v1_alpha005,gate_all_sources_proxy_source_only_final_training_only,mmd,,,,,moe,coral,near_nearest_proxy,anchor,1.0,1,1train,not_used,False,,3.0,direct,0.06402167267378395,0.045745755579000104,0.08233318720788232
6,bnci004,MMP_moe,TS,lda,pt,18,3,3,22088,0.05,no_leakage_v1_alpha005,gate_all_sources_proxy_source_only_final_training_only,mmd,,,,,moe,coral,near_nearest_proxy,final,1.0,1,1train,not_used,False,,3.0,direct,0.06402167267378395,0.045745755579000104,0.08233318720788232
6,bnci004,MMP_moe,TS,lda,pt,18,3,3,22088,0.05,no_leakage_v1_alpha005,gate_all_sources_proxy_source_only_final_training_only,mmd,,,,,moe,coral,near_nearest_proxy,main,2.0,2,2train,near,False,0.397532856906786,3.0,direct,0.047962077847776695,0.031130677139747487,0.06918121062066354
6,bnci004,MMP_moe,TS,lda,pt,18,3,3,22088,0.05,no_leakage_v1_alpha005,gate_all_sources_proxy_source_only_final_training_only,mmd,,,,,moe,coral,near_nearest_proxy,anchor,2.0,2,2train,proxy_source,False,1.0,3.0,direct,0.047962077847776695,0.031130677139747487,0.06918121062066354
6,bnci004,MMP_moe,TS,lda,pt,18,3,3,22088,0.05,no_leakage_v1_alpha005,gate_all_sources_proxy_source_only_final_training_only,mmd,,,,,moe,coral,near_nearest_proxy,final,2.0,2,2train,train,False,0.397532856906786,3.0,direct,0.047962077847776695,0.031130677139747487,0.06918121062066354
6,bnci004,MMP_moe,TS,lda,pt,18,3,3,22088,0.05,no_leakage_v1_alpha005,gate_all_sources_proxy_source_only_final_training_only,mmd,,,,,moe,coral,near_nearest_proxy,main,3.0,4,4test,nearest,True,0.602467143093214,3.0,direct,0.03164703189925863,0.02089813381115445,0.04543936636066014
6,bnci004,MMP_moe,TS,lda,pt,18,3,3,22088,0.05,no_leakage_v1_alpha005,gate_all_sources_proxy_source_only_final_training_only,mmd,,,,,moe,coral,near_nearest_proxy,anchor,3.0,4,4test,target,False,,3.0,direct,0.03164703189925863,0.02089813381115445,0.04543936636066014
6,bnci004,MMP_moe,TS,lda,pt,18,3,3,22088,0.05,no_leakage_v1_alpha005,gate_all_sources_proxy_source_only_final_training_only,mmd,,,,,moe,coral,near_nearest_proxy,final,3.0,4,4test,train,True,0.602467143093214,3.0,direct,0.03164703189925863,0.02089813381115445,0.04543936636066014
6,bnci004,MMP_moe,TS,lda,pt,18,3,3,22088,0.05,no_leakage_v1_alpha005,gate_all_sources_proxy_source_only_final_training_only,mmd,,,,,moe,coral,near_nearest_proxy,main,,3,3test,target,False,,,,,,
6,bnci004,MMP_moe,TS,lda,pt,18,3,3,22088,0.05,no_leakage_v1_alpha005,gate_all_sources_proxy_source_only_final_training_only,mmd,,,,,moe,coral,near_nearest_proxy,final,,3,3test,target,False,,,,,,
6,bnci004,MMP_moe,TS,lda,pt,18,4,4,22119,0.05,no_leakage_v1_alpha005,gate_all_sources_proxy_source_only_final_training_only,mmd,,,,,moe,coral,near_nearest_proxy,main,0.0,0,0train,far,False,,4.0,direct,0.09203057383887586,0.05595053454195927,0.14052559020423586
6,bnci004,MMP_moe,TS,lda,pt,18,4,4,22119,0.05,no_leakage_v1_alpha005,gate_all_sources_proxy_source_only_final_training_only,mmd,,,,,moe,coral,near_nearest_proxy,anchor,0.0,0,0train,not_used,False,,4.0,direct,0.09203057383887586,0.05595053454195927,0.14052559020423586
6,bnci004,MMP_moe,TS,lda,pt,18,4,4,22119,0.05,no_leakage_v1_alpha005,gate_all_sources_proxy_source_only_final_training_only,mmd,,,,,moe,coral,near_nearest_proxy,final,0.0,0,0train,not_used,False,,4.0,direct,0.09203057383887586,0.05595053454195927,0.14052559020423586
6,bnci004,MMP_moe,TS,lda,pt,18,4,4,22119,0.05,no_leakage_v1_alpha005,gate_all_sources_proxy_source_only_final_training_only,mmd,,,,,moe,coral,near_nearest_proxy,main,1.0,1,1train,near,False,0.22653915483953804,4.0,direct,0.06731331930822573,0.04327237647781876,0.10056288429022049
6,bnci004,MMP_moe,TS,lda,pt,18,4,4,22119,0.05,no_leakage_v1_alpha005,gate_all_sources_proxy_source_only_final_training_only,mmd,,,,,moe,coral,near_nearest_proxy,anchor,1.0,1,1train,proxy_source,False,0.4181657467085198,4.0,direct,0.06731331930822573,0.04327237647781876,0.10056288429022049
6,bnci004,MMP_moe,TS,lda,pt,18,4,4,22119,0.05,no_leakage_v1_alpha005,gate_all_sources_proxy_source_only_final_training_only,mmd,,,,,moe,coral,near_nearest_proxy,final,1.0,1,1train,train,False,0.22653915483953804,4.0,direct,0.06731331930822573,0.04327237647781876,0.10056288429022049
6,bnci004,MMP_moe,TS,lda,pt,18,4,4,22119,0.05,no_leakage_v1_alpha005,gate_all_sources_proxy_source_only_final_training_only,mmd,,,,,moe,coral,near_nearest_proxy,main,2.0,2,2train,near,False,0.3152057313035299,4.0,direct,0.048377971224986355,0.034600168956955016,0.06624861792457638
6,bnci004,MMP_moe,TS,lda,pt,18,4,4,22119,0.05,no_leakage_v1_alpha005,gate_all_sources_proxy_source_only_final_training_only,mmd,,,,,moe,coral,near_nearest_proxy,anchor,2.0,2,2train,proxy_source,False,0.5818342532914802,4.0,direct,0.048377971224986355,0.034600168956955016,0.06624861792457638
6,bnci004,MMP_moe,TS,lda,pt,18,4,4,22119,0.05,no_leakage_v1_alpha005,gate_all_sources_proxy_source_only_final_training_only,mmd,,,,,moe,coral,near_nearest_proxy,final,2.0,2,2train,train,False,0.3152057313035299,4.0,direct,0.048377971224986355,0.034600168956955016,0.06624861792457638
6,bnci004,MMP_moe,TS,lda,pt,18,4,4,22119,0.05,no_leakage_v1_alpha005,gate_all_sources_proxy_source_only_final_training_only,mmd,,,,,moe,coral,near_nearest_proxy,main,3.0,3,3test,nearest,True,0.458255113856932,4.0,direct,0.033275942348416694,0.019849190170621662,0.05420855265997949
6,bnci004,MMP_moe,TS,lda,pt,18,4,4,22119,0.05,no_leakage_v1_alpha005,gate_all_sources_proxy_source_only_final_training_only,mmd,,,,,moe,coral,near_nearest_proxy,anchor,3.0,3,3test,target,False,,4.0,direct,0.033275942348416694,0.019849190170621662,0.05420855265997949
6,bnci004,MMP_moe,TS,lda,pt,18,4,4,22119,0.05,no_leakage_v1_alpha005,gate_all_sources_proxy_source_only_final_training_only,mmd,,,,,moe,coral,near_nearest_proxy,final,3.0,3,3test,train,True,0.458255113856932,4.0,direct,0.033275942348416694,0.019849190170621662,0.05420855265997949
6,bnci004,MMP_moe,TS,lda,pt,18,4,4,22119,0.05,no_leakage_v1_alpha005,gate_all_sources_proxy_source_only_final_training_only,mmd,,,,,moe,coral,near_nearest_proxy,main,,4,4test,target,False,,,,,,
6,bnci004,MMP_moe,TS,lda,pt,18,4,4,22119,0.05,no_leakage_v1_alpha005,gate_all_sources_proxy_source_only_final_training_only,mmd,,,,,moe,coral,near_nearest_proxy,final,,4,4test,target,False,,,,,,
6,bnci004,MMP_moe,TS,lda,coral,19,0,0,22992,0.05,no_leakage_v1_alpha005,gate_all_sources_proxy_source_only_final_training_only,mmd,,,,,moe,coral,near_nearest_proxy,main,0.0,1,1train,near,False,0.23300668028850408,0.0,direct,0.1303022042188371,0.08242111437433129,0.18817291293011817
6,bnci004,MMP_moe,TS,lda,coral,19,0,0,22992,0.05,no_leakage_v1_alpha005,gate_all_sources_proxy_source_only_final_training_only,mmd,,,,,moe,coral,near_nearest_proxy,anchor,0.0,1,1train,proxy_source,False,0.33706902560373875,0.0,direct,0.1303022042188371,0.08242111437433129,0.18817291293011817
6,bnci004,MMP_moe,TS,lda,coral,19,0,0,22992,0.05,no_leakage_v1_alpha005,gate_all_sources_proxy_source_only_final_training_only,mmd,,,,,moe,coral,near_nearest_proxy,final,0.0,1,1train,train,False,0.23300668028850408,0.0,direct,0.1303022042188371,0.08242111437433129,0.18817291293011817
6,bnci004,MMP_moe,TS,lda,coral,19,0,0,22992,0.05,no_leakage_v1_alpha005,gate_all_sources_proxy_source_only_final_training_only,mmd,,,,,moe,coral,near_nearest_proxy,main,1.0,2,2train,near,False,0.26715175606105,0.0,direct,0.11364795179295754,0.0732459624081288,0.16898557696361496
6,bnci004,MMP_moe,TS,lda,coral,19,0,0,22992,0.05,no_leakage_v1_alpha005,gate_all_sources_proxy_source_only_final_training_only,mmd,,,,,moe,coral,near_nearest_proxy,anchor,1.0,2,2train,proxy_source,False,0.3864635210987494,0.0,direct,0.11364795179295754,0.0732459624081288,0.16898557696361496
6,bnci004,MMP_moe,TS,lda,coral,19,0,0,22992,0.05,no_leakage_v1_alpha005,gate_all_sources_proxy_source_only_final_training_only,mmd,,,,,moe,coral,near_nearest_proxy,final,1.0,2,2train,train,False,0.26715175606105,0.0,direct,0.11364795179295754,0.0732459624081288,0.16898557696361496
6,bnci004,MMP_moe,TS,lda,coral,19,0,0,22992,0.05,no_leakage_v1_alpha005,gate_all_sources_proxy_source_only_final_training_only,mmd,,,,,moe,coral,near_nearest_proxy,main,2.0,3,3test,near,False,0.19111445611262293,0.0,direct,0.1588646225361326,0.11004060754824098,0.21659556604343416
6,bnci004,MMP_moe,TS,lda,coral,19,0,0,22992,0.05,no_leakage_v1_alpha005,gate_all_sources_proxy_source_only_final_training_only,mmd,,,,,moe,coral,near_nearest_proxy,anchor,2.0,3,3test,proxy_source,False,0.27646745329751193,0.0,direct,0.1588646225361326,0.11004060754824098,0.21659556604343416
6,bnci004,MMP_moe,TS,lda,coral,19,0,0,22992,0.05,no_leakage_v1_alpha005,gate_all_sources_proxy_source_only_final_training_only,mmd,,,,,moe,coral,near_nearest_proxy,final,2.0,3,3test,train,False,0.19111445611262293,0.0,direct,0.1588646225361326,0.11004060754824098,0.21659556604343416
6,bnci004,MMP_moe,TS,lda,coral,19,0,0,22992,0.05,no_leakage_v1_alpha005,gate_all_sources_proxy_source_only_final_training_only,mmd,,,,,moe,coral,near_nearest_proxy,main,3.0,4,4test,nearest,True,0.308727107537823,0.0,direct,0.09834318910644754,0.06003859824307776,0.15095600533490963
6,bnci004,MMP_moe,TS,lda,coral,19,0,0,22992,0.05,no_leakage_v1_alpha005,gate_all_sources_proxy_source_only_final_training_only,mmd,,,,,moe,coral,near_nearest_proxy,anchor,3.0,4,4test,target,False,,0.0,direct,0.09834318910644754,0.06003859824307776,0.15095600533490963
6,bnci004,MMP_moe,TS,lda,coral,19,0,0,22992,0.05,no_leakage_v1_alpha005,gate_all_sources_proxy_source_only_final_training_only,mmd,,,,,moe,coral,near_nearest_proxy,final,3.0,4,4test,train,True,0.308727107537823,0.0,direct,0.09834318910644754,0.06003859824307776,0.15095600533490963
6,bnci004,MMP_moe,TS,lda,coral,19,0,0,22992,0.05,no_leakage_v1_alpha005,gate_all_sources_proxy_source_only_final_training_only,mmd,,,,,moe,coral,near_nearest_proxy,main,,0,0train,target,False,,,,,,
6,bnci004,MMP_moe,TS,lda,coral,19,0,0,22992,0.05,no_leakage_v1_alpha005,gate_all_sources_proxy_source_only_final_training_only,mmd,,,,,moe,coral,near_nearest_proxy,final,,0,0train,target,False,,,,,,
6,bnci004,MMP_moe,TS,lda,coral,19,1,1,23023,0.05,no_leakage_v1_alpha005,gate_all_sources_proxy_source_only_final_training_only,mmd,,,,,moe,coral,near_nearest_proxy,main,0.0,0,0train,near,False,0.14775472592049166,1.0,direct,0.16130989058425022,0.09645231091513011,0.23548912463309563
6,bnci004,MMP_moe,TS,lda,coral,19,1,1,23023,0.05,no_leakage_v1_alpha005,gate_all_sources_proxy_source_only_final_training_only,mmd,,,,,moe,coral,near_nearest_proxy,anchor,0.0,0,0train,proxy_source,False,0.23200009865476576,1.0,direct,0.16130989058425022,0.09645231091513011,0.23548912463309563
6,bnci004,MMP_moe,TS,lda,coral,19,1,1,23023,0.05,no_leakage_v1_alpha005,gate_all_sources_proxy_source_only_final_training_only,mmd,,,,,moe,coral,near_nearest_proxy,final,0.0,0,0train,train,False,0.14775472592049166,1.0,direct,0.16130989058425022,0.09645231091513011,0.23548912463309563
6,bnci004,MMP_moe,TS,lda,coral,19,1,1,23023,0.05,no_leakage_v1_alpha005,gate_all_sources_proxy_source_only_final_training_only,mmd,,,,,moe,coral,near_nearest_proxy,main,1.0,2,2train,near,False,0.18444186138496307,1.0,direct,0.1292237120436481,0.08677775821777206,0.18156263779107723
6,bnci004,MMP_moe,TS,lda,coral,19,1,1,23023,0.05,no_leakage_v1_alpha005,gate_all_sources_proxy_source_only_final_training_only,mmd,,,,,moe,coral,near_nearest_proxy,anchor,1.0,2,2train,proxy_source,False,0.2896051532077971,1.0,direct,0.1292237120436481,0.08677775821777206,0.18156263779107723
6,bnci004,MMP_moe,TS,lda,coral,19,1,1,23023,0.05,no_leakage_v1_alpha005,gate_all_sources_proxy_source_only_final_training_only,mmd,,,,,moe,coral,near_nearest_proxy,final,1.0,2,2train,train,False,0.18444186138496307,1.0,direct,0.1292237120436481,0.08677775821777206,0.18156263779107723
6,bnci004,MMP_moe,TS,lda,coral,19,1,1,23023,0.05,no_leakage_v1_alpha005,gate_all_sources_proxy_source_only_final_training_only,mmd,,,,,moe,coral,near_nearest_proxy,main,2.0,3,3test,near,False,0.3046769604957564,1.0,direct,0.07822758147030216,0.054383120310617185,0.11120474868889425
6,bnci004,MMP_moe,TS,lda,coral,19,1,1,23023,0.05,no_leakage_v1_alpha005,gate_all_sources_proxy_source_only_final_training_only,mmd,,,,,moe,coral,near_nearest_proxy,anchor,2.0,3,3test,proxy_source,False,0.47839474813743704,1.0,direct,0.07822758147030216,0.054383120310617185,0.11120474868889425
6,bnci004,MMP_moe,TS,lda,coral,19,1,1,23023,0.05,no_leakage_v1_alpha005,gate_all_sources_proxy_source_only_final_training_only,mmd,,,,,moe,coral,near_nearest_proxy,final,2.0,3,3test,train,False,0.3046769604957564,1.0,direct,0.07822758147030216,0.054383120310617185,0.11120474868889425
6,bnci004,MMP_moe,TS,lda,coral,19,1,1,23023,0.05,no_leakage_v1_alpha005,gate_all_sources_proxy_source_only_final_training_only,mmd,,,,,moe,coral,near_nearest_proxy,main,3.0,4,4test,nearest,True,0.363126452198789,1.0,direct,0.06563576725268817,0.040963822948896146,0.09730111262949101
6,bnci004,MMP_moe,TS,lda,coral,19,1,1,23023,0.05,no_leakage_v1_alpha005,gate_all_sources_proxy_source_only_final_training_only,mmd,,,,,moe,coral,near_nearest_proxy,anchor,3.0,4,4test,target,False,,1.0,direct,0.06563576725268817,0.040963822948896146,0.09730111262949101
6,bnci004,MMP_moe,TS,lda,coral,19,1,1,23023,0.05,no_leakage_v1_alpha005,gate_all_sources_proxy_source_only_final_training_only,mmd,,,,,moe,coral,near_nearest_proxy,final,3.0,4,4test,train,True,0.363126452198789,1.0,direct,0.06563576725268817,0.040963822948896146,0.09730111262949101
6,bnci004,MMP_moe,TS,lda,coral,19,1,1,23023,0.05,no_leakage_v1_alpha005,gate_all_sources_proxy_source_only_final_training_only,mmd,,,,,moe,coral,near_nearest_proxy,main,,1,1train,target,False,,,,,,
6,bnci004,MMP_moe,TS,lda,coral,19,1,1,23023,0.05,no_leakage_v1_alpha005,gate_all_sources_proxy_source_only_final_training_only,mmd,,,,,moe,coral,near_nearest_proxy,final,,1,1train,target,False,,,,,,
6,bnci004,MMP_moe,TS,lda,coral,19,2,2,23054,0.05,no_leakage_v1_alpha005,gate_all_sources_proxy_source_only_final_training_only,mmd,,,,,moe,coral,near_nearest_proxy,main,0.0,0,0train,far,False,,2.0,direct,0.10161451950028087,0.07102076935583261,0.1387895427621861
6,bnci004,MMP_moe,TS,lda,coral,19,2,2,23054,0.05,no_leakage_v1_alpha005,gate_all_sources_proxy_source_only_final_training_only,mmd,,,,,moe,coral,near_nearest_proxy,anchor,0.0,0,0train,not_used,False,,2.0,direct,0.10161451950028087,0.07102076935583261,0.1387895427621861
6,bnci004,MMP_moe,TS,lda,coral,19,2,2,23054,0.05,no_leakage_v1_alpha005,gate_all_sources_proxy_source_only_final_training_only,mmd,,,,,moe,coral,near_nearest_proxy,final,0.0,0,0train,not_used,False,,2.0,direct,0.10161451950028087,0.07102076935583261,0.1387895427621861
6,bnci004,MMP_moe,TS,lda,coral,19,2,2,23054,0.05,no_leakage_v1_alpha005,gate_all_sources_proxy_source_only_final_training_only,mmd,,,,,moe,coral,near_nearest_proxy,main,1.0,1,1train,far,False,,2.0,direct,0.1076298199410854,0.07258885706495465,0.1460328566466262
6,bnci004,MMP_moe,TS,lda,coral,19,2,2,23054,0.05,no_leakage_v1_alpha005,gate_all_sources_proxy_source_only_final_training_only,mmd,,,,,moe,coral,near_nearest_proxy,anchor,1.0,1,1train,not_used,False,,2.0,direct,0.1076298199410854,0.07258885706495465,0.1460328566466262
6,bnci004,MMP_moe,TS,lda,coral,19,2,2,23054,0.05,no_leakage_v1_alpha005,gate_all_sources_proxy_source_only_final_training_only,mmd,,,,,moe,coral,near_nearest_proxy,final,1.0,1,1train,not_used,False,,2.0,direct,0.1076298199410854,0.07258885706495465,0.1460328566466262
6,bnci004,MMP_moe,TS,lda,coral,19,2,2,23054,0.05,no_leakage_v1_alpha005,gate_all_sources_proxy_source_only_final_training_only,mmd,,,,,moe,coral,near_nearest_proxy,main,2.0,3,3test,near,False,0.47897330512659797,2.0,direct,0.04859146795287597,0.02674201844010609,0.08089864334760898
6,bnci004,MMP_moe,TS,lda,coral,19,2,2,23054,0.05,no_leakage_v1_alpha005,gate_all_sources_proxy_source_only_final_training_only,mmd,,,,,moe,coral,near_nearest_proxy,anchor,2.0,3,3test,proxy_source,False,1.0,2.0,direct,0.04859146795287597,0.02674201844010609,0.08089864334760898
6,bnci004,MMP_moe,TS,lda,coral,19,2,2,23054,0.05,no_leakage_v1_alpha005,gate_all_sources_proxy_source_only_final_training_only,mmd,,,,,moe,coral,near_nearest_proxy,final,2.0,3,3test,train,False,0.47897330512659797,2.0,direct,0.04859146795287597,0.02674201844010609,0.08089864334760898
6,bnci004,MMP_moe,TS,lda,coral,19,2,2,23054,0.05,no_leakage_v1_alpha005,gate_all_sources_proxy_source_only_final_training_only,mmd,,,,,moe,coral,near_nearest_proxy,main,3.0,4,4test,nearest,True,0.521026694873402,2.0,direct,0.044669446272052306,0.028950852606610202,0.06483391044851196
6,bnci004,MMP_moe,TS,lda,coral,19,2,2,23054,0.05,no_leakage_v1_alpha005,gate_all_sources_proxy_source_only_final_training_only,mmd,,,,,moe,coral,near_nearest_proxy,anchor,3.0,4,4test,target,False,,2.0,direct,0.044669446272052306,0.028950852606610202,0.06483391044851196
6,bnci004,MMP_moe,TS,lda,coral,19,2,2,23054,0.05,no_leakage_v1_alpha005,gate_all_sources_proxy_source_only_final_training_only,mmd,,,,,moe,coral,near_nearest_proxy,final,3.0,4,4test,train,True,0.521026694873402,2.0,direct,0.044669446272052306,0.028950852606610202,0.06483391044851196
6,bnci004,MMP_moe,TS,lda,coral,19,2,2,23054,0.05,no_leakage_v1_alpha005,gate_all_sources_proxy_source_only_final_training_only,mmd,,,,,moe,coral,near_nearest_proxy,main,,2,2train,target,False,,,,,,
6,bnci004,MMP_moe,TS,lda,coral,19,2,2,23054,0.05,no_leakage_v1_alpha005,gate_all_sources_proxy_source_only_final_training_only,mmd,,,,,moe,coral,near_nearest_proxy,final,,2,2train,target,False,,,,,,
6,bnci004,MMP_moe,TS,lda,coral,19,3,3,23085,0.05,no_leakage_v1_alpha005,gate_all_sources_proxy_source_only_final_training_only,mmd,,,,,moe,coral,near_nearest_proxy,main,0.0,0,0train,far,False,,3.0,direct,0.1125875999342335,0.0796451067600197,0.14989759786872267
6,bnci004,MMP_moe,TS,lda,coral,19,3,3,23085,0.05,no_leakage_v1_alpha005,gate_all_sources_proxy_source_only_final_training_only,mmd,,,,,moe,coral,near_nearest_proxy,anchor,0.0,0,0train,not_used,False,,3.0,direct,0.1125875999342335,0.0796451067600197,0.14989759786872267
6,bnci004,MMP_moe,TS,lda,coral,19,3,3,23085,0.05,no_leakage_v1_alpha005,gate_all_sources_proxy_source_only_final_training_only,mmd,,,,,moe,coral,near_nearest_proxy,final,0.0,0,0train,not_used,False,,3.0,direct,0.1125875999342335,0.0796451067600197,0.14989759786872267
6,bnci004,MMP_moe,TS,lda,coral,19,3,3,23085,0.05,no_leakage_v1_alpha005,gate_all_sources_proxy_source_only_final_training_only,mmd,,,,,moe,coral,near_nearest_proxy,main,1.0,1,1train,near,False,0.23297276681438808,3.0,direct,0.06414662729752839,0.047572999167959734,0.08221085486550861
6,bnci004,MMP_moe,TS,lda,coral,19,3,3,23085,0.05,no_leakage_v1_alpha005,gate_all_sources_proxy_source_only_final_training_only,mmd,,,,,moe,coral,near_nearest_proxy,anchor,1.0,1,1train,proxy_source,False,0.4333803294844689,3.0,direct,0.06414662729752839,0.047572999167959734,0.08221085486550861
6,bnci004,MMP_moe,TS,lda,coral,19,3,3,23085,0.05,no_leakage_v1_alpha005,gate_all_sources_proxy_source_only_final_training_only,mmd,,,,,moe,coral,near_nearest_proxy,final,1.0,1,1train,train,False,0.23297276681438808,3.0,direct,0.06414662729752839,0.047572999167959734,0.08221085486550861
6,bnci004,MMP_moe,TS,lda,coral,19,3,3,23085,0.05,no_leakage_v1_alpha005,gate_all_sources_proxy_source_only_final_training_only,mmd,,,,,moe,coral,near_nearest_proxy,main,2.0,2,2train,near,False,0.304598394044534,3.0,direct,0.049062457024984726,0.03032964237035414,0.06858137486993227
6,bnci004,MMP_moe,TS,lda,coral,19,3,3,23085,0.05,no_leakage_v1_alpha005,gate_all_sources_proxy_source_only_final_training_only,mmd,,,,,moe,coral,near_nearest_proxy,anchor,2.0,2,2train,proxy_source,False,0.5666196705155311,3.0,direct,0.049062457024984726,0.03032964237035414,0.06858137486993227
6,bnci004,MMP_moe,TS,lda,coral,19,3,3,23085,0.05,no_leakage_v1_alpha005,gate_all_sources_proxy_source_only_final_training_only,mmd,,,,,moe,coral,near_nearest_proxy,final,2.0,2,2train,train,False,0.304598394044534,3.0,direct,0.049062457024984726,0.03032964237035414,0.06858137486993227
6,bnci004,MMP_moe,TS,lda,coral,19,3,3,23085,0.05,no_leakage_v1_alpha005,gate_all_sources_proxy_source_only_final_training_only,mmd,,,,,moe,coral,near_nearest_proxy,main,3.0,4,4test,nearest,True,0.462428839141078,3.0,direct,0.03231672967240055,0.020771718638059114,0.049251082025805144
6,bnci004,MMP_moe,TS,lda,coral,19,3,3,23085,0.05,no_leakage_v1_alpha005,gate_all_sources_proxy_source_only_final_training_only,mmd,,,,,moe,coral,near_nearest_proxy,anchor,3.0,4,4test,target,False,,3.0,direct,0.03231672967240055,0.020771718638059114,0.049251082025805144
6,bnci004,MMP_moe,TS,lda,coral,19,3,3,23085,0.05,no_leakage_v1_alpha005,gate_all_sources_proxy_source_only_final_training_only,mmd,,,,,moe,coral,near_nearest_proxy,final,3.0,4,4test,train,True,0.462428839141078,3.0,direct,0.03231672967240055,0.020771718638059114,0.049251082025805144
6,bnci004,MMP_moe,TS,lda,coral,19,3,3,23085,0.05,no_leakage_v1_alpha005,gate_all_sources_proxy_source_only_final_training_only,mmd,,,,,moe,coral,near_nearest_proxy,main,,3,3test,target,False,,,,,,
6,bnci004,MMP_moe,TS,lda,coral,19,3,3,23085,0.05,no_leakage_v1_alpha005,gate_all_sources_proxy_source_only_final_training_only,mmd,,,,,moe,coral,near_nearest_proxy,final,,3,3test,target,False,,,,,,
6,bnci004,MMP_moe,TS,lda,coral,19,4,4,23116,0.05,no_leakage_v1_alpha005,gate_all_sources_proxy_source_only_final_training_only,mmd,,,,,moe,coral,near_nearest_proxy,main,0.0,0,0train,far,False,,4.0,direct,0.09430942993676843,0.060165865220398504,0.14413205354005298
6,bnci004,MMP_moe,TS,lda,coral,19,4,4,23116,0.05,no_leakage_v1_alpha005,gate_all_sources_proxy_source_only_final_training_only,mmd,,,,,moe,coral,near_nearest_proxy,anchor,0.0,0,0train,not_used,False,,4.0,direct,0.09430942993676843,0.060165865220398504,0.14413205354005298
6,bnci004,MMP_moe,TS,lda,coral,19,4,4,23116,0.05,no_leakage_v1_alpha005,gate_all_sources_proxy_source_only_final_training_only,mmd,,,,,moe,coral,near_nearest_proxy,final,0.0,0,0train,not_used,False,,4.0,direct,0.09430942993676843,0.060165865220398504,0.14413205354005298
6,bnci004,MMP_moe,TS,lda,coral,19,4,4,23116,0.05,no_leakage_v1_alpha005,gate_all_sources_proxy_source_only_final_training_only,mmd,,,,,moe,coral,near_nearest_proxy,main,1.0,1,1train,near,False,0.23273777724025074,4.0,direct,0.06515177097860347,0.042161172478856285,0.09341269803819724
6,bnci004,MMP_moe,TS,lda,coral,19,4,4,23116,0.05,no_leakage_v1_alpha005,gate_all_sources_proxy_source_only_final_training_only,mmd,,,,,moe,coral,near_nearest_proxy,anchor,1.0,1,1train,proxy_source,False,0.4279751609830761,4.0,direct,0.06515177097860347,0.042161172478856285,0.09341269803819724
6,bnci004,MMP_moe,TS,lda,coral,19,4,4,23116,0.05,no_leakage_v1_alpha005,gate_all_sources_proxy_source_only_final_training_only,mmd,,,,,moe,coral,near_nearest_proxy,final,1.0,1,1train,train,False,0.23273777724025074,4.0,direct,0.06515177097860347,0.042161172478856285,0.09341269803819724
6,bnci004,MMP_moe,TS,lda,coral,19,4,4,23116,0.05,no_leakage_v1_alpha005,gate_all_sources_proxy_source_only_final_training_only,mmd,,,,,moe,coral,near_nearest_proxy,main,2.0,2,2train,near,False,0.31107363626711904,4.0,direct,0.04874472876237695,0.03460555708164478,0.06808950020828493
6,bnci004,MMP_moe,TS,lda,coral,19,4,4,23116,0.05,no_leakage_v1_alpha005,gate_all_sources_proxy_source_only_final_training_only,mmd,,,,,moe,coral,near_nearest_proxy,anchor,2.0,2,2train,proxy_source,False,0.5720248390169239,4.0,direct,0.04874472876237695,0.03460555708164478,0.06808950020828493
6,bnci004,MMP_moe,TS,lda,coral,19,4,4,23116,0.05,no_leakage_v1_alpha005,gate_all_sources_proxy_source_only_final_training_only,mmd,,,,,moe,coral,near_nearest_proxy,final,2.0,2,2train,train,False,0.31107363626711904,4.0,direct,0.04874472876237695,0.03460555708164478,0.06808950020828493
6,bnci004,MMP_moe,TS,lda,coral,19,4,4,23116,0.05,no_leakage_v1_alpha005,gate_all_sources_proxy_source_only_final_training_only,mmd,,,,,moe,coral,near_nearest_proxy,main,3.0,3,3test,nearest,True,0.4561885864926302,4.0,direct,0.0332385670290367,0.01799351397879396,0.05286701127540077
6,bnci004,MMP_moe,TS,lda,coral,19,4,4,23116,0.05,no_leakage_v1_alpha005,gate_all_sources_proxy_source_only_final_training_only,mmd,,,,,moe,coral,near_nearest_proxy,anchor,3.0,3,3test,target,False,,4.0,direct,0.0332385670290367,0.01799351397879396,0.05286701127540077
6,bnci004,MMP_moe,TS,lda,coral,19,4,4,23116,0.05,no_leakage_v1_alpha005,gate_all_sources_proxy_source_only_final_training_only,mmd,,,,,moe,coral,near_nearest_proxy,final,3.0,3,3test,train,True,0.4561885864926302,4.0,direct,0.0332385670290367,0.01799351397879396,0.05286701127540077
6,bnci004,MMP_moe,TS,lda,coral,19,4,4,23116,0.05,no_leakage_v1_alpha005,gate_all_sources_proxy_source_only_final_training_only,mmd,,,,,moe,coral,near_nearest_proxy,main,,4,4test,target,False,,,,,,
6,bnci004,MMP_moe,TS,lda,coral,19,4,4,23116,0.05,no_leakage_v1_alpha005,gate_all_sources_proxy_source_only_final_training_only,mmd,,,,,moe,coral,near_nearest_proxy,final,,4,4test,target,False,,,,,,
6,bnci004,MMP_moe,TS,svm_radial,none,20,0,0,23989,0.05,no_leakage_v1_alpha005,gate_all_sources_proxy_source_only_final_training_only,mmd,,,,,moe,coral,near_nearest_proxy,main,0.0,1,1train,near,False,0.23770625235069764,0.0,direct,0.1290809065557795,0.0763735300126976,0.1865187087981351
6,bnci004,MMP_moe,TS,svm_radial,none,20,0,0,23989,0.05,no_leakage_v1_alpha005,gate_all_sources_proxy_source_only_final_training_only,mmd,,,,,moe,coral,near_nearest_proxy,anchor,0.0,1,1train,proxy_source,False,0.33987434925484006,0.0,direct,0.1290809065557795,0.0763735300126976,0.1865187087981351
6,bnci004,MMP_moe,TS,svm_radial,none,20,0,0,23989,0.05,no_leakage_v1_alpha005,gate_all_sources_proxy_source_only_final_training_only,mmd,,,,,moe,coral,near_nearest_proxy,final,0.0,1,1train,train,False,0.23770625235069764,0.0,direct,0.1290809065557795,0.0763735300126976,0.1865187087981351
6,bnci004,MMP_moe,TS,svm_radial,none,20,0,0,23989,0.05,no_leakage_v1_alpha005,gate_all_sources_proxy_source_only_final_training_only,mmd,,,,,moe,coral,near_nearest_proxy,main,1.0,2,2train,near,False,0.26735132684097923,0.0,direct,0.11476774499264372,0.07584200291575315,0.1587156568008357
6,bnci004,MMP_moe,TS,svm_radial,none,20,0,0,23989,0.05,no_leakage_v1_alpha005,gate_all_sources_proxy_source_only_final_training_only,mmd,,,,,moe,coral,near_nearest_proxy,anchor,1.0,2,2train,proxy_source,False,0.38226111990709355,0.0,direct,0.11476774499264372,0.07584200291575315,0.1587156568008357
6,bnci004,MMP_moe,TS,svm_radial,none,20,0,0,23989,0.05,no_leakage_v1_alpha005,gate_all_sources_proxy_source_only_final_training_only,mmd,,,,,moe,coral,near_nearest_proxy,final,1.0,2,2train,train,False,0.26735132684097923,0.0,direct,0.11476774499264372,0.07584200291575315,0.1587156568008357
6,bnci004,MMP_moe,TS,svm_radial,none,20,0,0,23989,0.05,no_leakage_v1_alpha005,gate_all_sources_proxy_source_only_final_training_only,mmd,,,,,moe,coral,near_nearest_proxy,main,2.0,3,3test,near,False,0.19433692607728034,0.0,direct,0.15788755403350166,0.11476883465630859,0.21638513009471264
6,bnci004,MMP_moe,TS,svm_radial,none,20,0,0,23989,0.05,no_leakage_v1_alpha005,gate_all_sources_proxy_source_only_final_training_only,mmd,,,,,moe,coral,near_nearest_proxy,anchor,2.0,3,3test,proxy_source,False,0.27786453083806634,0.0,direct,0.15788755403350166,0.11476883465630859,0.21638513009471264
6,bnci004,MMP_moe,TS,svm_radial,none,20,0,0,23989,0.05,no_leakage_v1_alpha005,gate_all_sources_proxy_source_only_final_training_only,mmd,,,,,moe,coral,near_nearest_proxy,final,2.0,3,3test,train,False,0.19433692607728034,0.0,direct,0.15788755403350166,0.11476883465630859,0.21638513009471264
6,bnci004,MMP_moe,TS,svm_radial,none,20,0,0,23989,0.05,no_leakage_v1_alpha005,gate_all_sources_proxy_source_only_final_training_only,mmd,,,,,moe,coral,near_nearest_proxy,main,3.0,4,4test,nearest,True,0.30060549473104275,0.0,direct,0.10207157282875169,0.0640336771078991,0.16811066809526265
6,bnci004,MMP_moe,TS,svm_radial,none,20,0,0,23989,0.05,no_leakage_v1_alpha005,gate_all_sources_proxy_source_only_final_training_only,mmd,,,,,moe,coral,near_nearest_proxy,anchor,3.0,4,4test,target,False,,0.0,direct,0.10207157282875169,0.0640336771078991,0.16811066809526265
6,bnci004,MMP_moe,TS,svm_radial,none,20,0,0,23989,0.05,no_leakage_v1_alpha005,gate_all_sources_proxy_source_only_final_training_only,mmd,,,,,moe,coral,near_nearest_proxy,final,3.0,4,4test,train,True,0.30060549473104275,0.0,direct,0.10207157282875169,0.0640336771078991,0.16811066809526265
6,bnci004,MMP_moe,TS,svm_radial,none,20,0,0,23989,0.05,no_leakage_v1_alpha005,gate_all_sources_proxy_source_only_final_training_only,mmd,,,,,moe,coral,near_nearest_proxy,main,,0,0train,target,False,,,,,,
6,bnci004,MMP_moe,TS,svm_radial,none,20,0,0,23989,0.05,no_leakage_v1_alpha005,gate_all_sources_proxy_source_only_final_training_only,mmd,,,,,moe,coral,near_nearest_proxy,final,,0,0train,target,False,,,,,,
6,bnci004,MMP_moe,TS,svm_radial,none,20,1,1,24020,0.05,no_leakage_v1_alpha005,gate_all_sources_proxy_source_only_final_training_only,mmd,,,,,moe,coral,near_nearest_proxy,main,0.0,0,0train,near,False,0.15395416848563648,1.0,direct,0.1546278437131422,0.08731827005291813,0.21990313946546153
6,bnci004,MMP_moe,TS,svm_radial,none,20,1,1,24020,0.05,no_leakage_v1_alpha005,gate_all_sources_proxy_source_only_final_training_only,mmd,,,,,moe,coral,near_nearest_proxy,anchor,0.0,0,0train,proxy_source,False,0.24090029265798107,1.0,direct,0.1546278437131422,0.08731827005291813,0.21990313946546153
6,bnci004,MMP_moe,TS,svm_radial,none,20,1,1,24020,0.05,no_leakage_v1_alpha005,gate_all_sources_proxy_source_only_final_training_only,mmd,,,,,moe,coral,near_nearest_proxy,final,0.0,0,0train,train,False,0.15395416848563648,1.0,direct,0.1546278437131422,0.08731827005291813,0.21990313946546153
6,bnci004,MMP_moe,TS,svm_radial,none,20,1,1,24020,0.05,no_leakage_v1_alpha005,gate_all_sources_proxy_source_only_final_training_only,mmd,,,,,moe,coral,near_nearest_proxy,main,1.0,2,2train,near,False,0.17721897633039918,1.0,direct,0.1343286048238641,0.09211418439399797,0.18683460840924399
6,bnci004,MMP_moe,TS,svm_radial,none,20,1,1,24020,0.05,no_leakage_v1_alpha005,gate_all_sources_proxy_source_only_final_training_only,mmd,,,,,moe,coral,near_nearest_proxy,anchor,1.0,2,2train,proxy_source,False,0.27730397742704865,1.0,direct,0.1343286048238641,0.09211418439399797,0.18683460840924399
6,bnci004,MMP_moe,TS,svm_radial,none,20,1,1,24020,0.05,no_leakage_v1_alpha005,gate_all_sources_proxy_source_only_final_training_only,mmd,,,,,moe,coral,near_nearest_proxy,final,1.0,2,2train,train,False,0.17721897633039918,1.0,direct,0.1343286048238641,0.09211418439399797,0.18683460840924399
6,bnci004,MMP_moe,TS,svm_radial,none,20,1,1,24020,0.05,no_leakage_v1_alpha005,gate_all_sources_proxy_source_only_final_training_only,mmd,,,,,moe,coral,near_nearest_proxy,main,2.0,3,3test,near,False,0.3079052339894786,1.0,direct,0.07731420100943043,0.05377671107285468,0.1045179570181798
6,bnci004,MMP_moe,TS,svm_radial,none,20,1,1,24020,0.05,no_leakage_v1_alpha005,gate_all_sources_proxy_source_only_final_training_only,mmd,,,,,moe,coral,near_nearest_proxy,anchor,2.0,3,3test,proxy_source,False,0.4817957299149702,1.0,direct,0.07731420100943043,0.05377671107285468,0.1045179570181798
6,bnci004,MMP_moe,TS,svm_radial,none,20,1,1,24020,0.05,no_leakage_v1_alpha005,gate_all_sources_proxy_source_only_final_training_only,mmd,,,,,moe,coral,near_nearest_proxy,final,2.0,3,3test,train,False,0.3079052339894786,1.0,direct,0.07731420100943043,0.05377671107285468,0.1045179570181798
6,bnci004,MMP_moe,TS,svm_radial,none,20,1,1,24020,0.05,no_leakage_v1_alpha005,gate_all_sources_proxy_source_only_final_training_only,mmd,,,,,moe,coral,near_nearest_proxy,main,3.0,4,4test,nearest,True,0.3609216211944857,1.0,direct,0.06595724040401368,0.03923913179273431,0.0975977903604924
6,bnci004,MMP_moe,TS,svm_radial,none,20,1,1,24020,0.05,no_leakage_v1_alpha005,gate_all_sources_proxy_source_only_final_training_only,mmd,,,,,moe,coral,near_nearest_proxy,anchor,3.0,4,4test,target,False,,1.0,direct,0.06595724040401368,0.03923913179273431,0.0975977903604924
6,bnci004,MMP_moe,TS,svm_radial,none,20,1,1,24020,0.05,no_leakage_v1_alpha005,gate_all_sources_proxy_source_only_final_training_only,mmd,,,,,moe,coral,near_nearest_proxy,final,3.0,4,4test,train,True,0.3609216211944857,1.0,direct,0.06595724040401368,0.03923913179273431,0.0975977903604924
6,bnci004,MMP_moe,TS,svm_radial,none,20,1,1,24020,0.05,no_leakage_v1_alpha005,gate_all_sources_proxy_source_only_final_training_only,mmd,,,,,moe,coral,near_nearest_proxy,main,,1,1train,target,False,,,,,,
6,bnci004,MMP_moe,TS,svm_radial,none,20,1,1,24020,0.05,no_leakage_v1_alpha005,gate_all_sources_proxy_source_only_final_training_only,mmd,,,,,moe,coral,near_nearest_proxy,final,,1,1train,target,False,,,,,,
6,bnci004,MMP_moe,TS,svm_radial,none,20,2,2,24051,0.05,no_leakage_v1_alpha005,gate_all_sources_proxy_source_only_final_training_only,mmd,,,,,moe,coral,near_nearest_proxy,main,0.0,0,0train,far,False,,2.0,direct,0.10024626556946582,0.06618575363744252,0.14854034204664468
6,bnci004,MMP_moe,TS,svm_radial,none,20,2,2,24051,0.05,no_leakage_v1_alpha005,gate_all_sources_proxy_source_only_final_training_only,mmd,,,,,moe,coral,near_nearest_proxy,anchor,0.0,0,0train,not_used,False,,2.0,direct,0.10024626556946582,0.06618575363744252,0.14854034204664468
6,bnci004,MMP_moe,TS,svm_radial,none,20,2,2,24051,0.05,no_leakage_v1_alpha005,gate_all_sources_proxy_source_only_final_training_only,mmd,,,,,moe,coral,near_nearest_proxy,final,0.0,0,0train,not_used,False,,2.0,direct,0.10024626556946582,0.06618575363744252,0.14854034204664468
6,bnci004,MMP_moe,TS,svm_radial,none,20,2,2,24051,0.05,no_leakage_v1_alpha005,gate_all_sources_proxy_source_only_final_training_only,mmd,,,,,moe,coral,near_nearest_proxy,main,1.0,1,1train,far,False,,2.0,direct,0.10612134344836299,0.07631260271512526,0.14258299641553976
6,bnci004,MMP_moe,TS,svm_radial,none,20,2,2,24051,0.05,no_leakage_v1_alpha005,gate_all_sources_proxy_source_only_final_training_only,mmd,,,,,moe,coral,near_nearest_proxy,anchor,1.0,1,1train,not_used,False,,2.0,direct,0.10612134344836299,0.07631260271512526,0.14258299641553976
6,bnci004,MMP_moe,TS,svm_radial,none,20,2,2,24051,0.05,no_leakage_v1_alpha005,gate_all_sources_proxy_source_only_final_training_only,mmd,,,,,moe,coral,near_nearest_proxy,final,1.0,1,1train,not_used,False,,2.0,direct,0.10612134344836299,0.07631260271512526,0.14258299641553976
6,bnci004,MMP_moe,TS,svm_radial,none,20,2,2,24051,0.05,no_leakage_v1_alpha005,gate_all_sources_proxy_source_only_final_training_only,mmd,,,,,moe,coral,near_nearest_proxy,main,2.0,3,3test,near,False,0.47603747819571673,2.0,direct,0.04795180151626915,0.02930342617471974,0.08130552912253272
6,bnci004,MMP_moe,TS,svm_radial,none,20,2,2,24051,0.05,no_leakage_v1_alpha005,gate_all_sources_proxy_source_only_final_training_only,mmd,,,,,moe,coral,near_nearest_proxy,anchor,2.0,3,3test,proxy_source,False,1.0,2.0,direct,0.04795180151626915,0.02930342617471974,0.08130552912253272
6,bnci004,MMP_moe,TS,svm_radial,none,20,2,2,24051,0.05,no_leakage_v1_alpha005,gate_all_sources_proxy_source_only_final_training_only,mmd,,,,,moe,coral,near_nearest_proxy,final,2.0,3,3test,train,False,0.47603747819571673,2.0,direct,0.04795180151626915,0.02930342617471974,0.08130552912253272
6,bnci004,MMP_moe,TS,svm_radial,none,20,2,2,24051,0.05,no_leakage_v1_alpha005,gate_all_sources_proxy_source_only_final_training_only,mmd,,,,,moe,coral,near_nearest_proxy,main,3.0,4,4test,nearest,True,0.5239625218042833,2.0,direct,0.04356572425275341,0.02886074833415864,0.06135363826767629
6,bnci004,MMP_moe,TS,svm_radial,none,20,2,2,24051,0.05,no_leakage_v1_alpha005,gate_all_sources_proxy_source_only_final_training_only,mmd,,,,,moe,coral,near_nearest_proxy,anchor,3.0,4,4test,target,False,,2.0,direct,0.04356572425275341,0.02886074833415864,0.06135363826767629
6,bnci004,MMP_moe,TS,svm_radial,none,20,2,2,24051,0.05,no_leakage_v1_alpha005,gate_all_sources_proxy_source_only_final_training_only,mmd,,,,,moe,coral,near_nearest_proxy,final,3.0,4,4test,train,True,0.5239625218042833,2.0,direct,0.04356572425275341,0.02886074833415864,0.06135363826767629
6,bnci004,MMP_moe,TS,svm_radial,none,20,2,2,24051,0.05,no_leakage_v1_alpha005,gate_all_sources_proxy_source_only_final_training_only,mmd,,,,,moe,coral,near_nearest_proxy,main,,2,2train,target,False,,,,,,
6,bnci004,MMP_moe,TS,svm_radial,none,20,2,2,24051,0.05,no_leakage_v1_alpha005,gate_all_sources_proxy_source_only_final_training_only,mmd,,,,,moe,coral,near_nearest_proxy,final,,2,2train,target,False,,,,,,
6,bnci004,MMP_moe,TS,svm_radial,none,20,3,3,24082,0.05,no_leakage_v1_alpha005,gate_all_sources_proxy_source_only_final_training_only,mmd,,,,,moe,coral,near_nearest_proxy,main,0.0,0,0train,far,False,,3.0,direct,0.11083589515875883,0.07855790811372405,0.14668042388475883
6,bnci004,MMP_moe,TS,svm_radial,none,20,3,3,24082,0.05,no_leakage_v1_alpha005,gate_all_sources_proxy_source_only_final_training_only,mmd,,,,,moe,coral,near_nearest_proxy,anchor,0.0,0,0train,not_used,False,,3.0,direct,0.11083589515875883,0.07855790811372405,0.14668042388475883
6,bnci004,MMP_moe,TS,svm_radial,none,20,3,3,24082,0.05,no_leakage_v1_alpha005,gate_all_sources_proxy_source_only_final_training_only,mmd,,,,,moe,coral,near_nearest_proxy,final,0.0,0,0train,not_used,False,,3.0,direct,0.11083589515875883,0.07855790811372405,0.14668042388475883
6,bnci004,MMP_moe,TS,svm_radial,none,20,3,3,24082,0.05,no_leakage_v1_alpha005,gate_all_sources_proxy_source_only_final_training_only,mmd,,,,,moe,coral,near_nearest_proxy,main,1.0,1,1train,far,False,,3.0,direct,0.06466502552897517,0.0478437295015152,0.08516029038689082
6,bnci004,MMP_moe,TS,svm_radial,none,20,3,3,24082,0.05,no_leakage_v1_alpha005,gate_all_sources_proxy_source_only_final_training_only,mmd,,,,,moe,coral,near_nearest_proxy,anchor,1.0,1,1train,not_used,False,,3.0,direct,0.06466502552897517,0.0478437295015152,0.08516029038689082
6,bnci004,MMP_moe,TS,svm_radial,none,20,3,3,24082,0.05,no_leakage_v1_alpha005,gate_all_sources_proxy_source_only_final_training_only,mmd,,,,,moe,coral,near_nearest_proxy,final,1.0,1,1train,not_used,False,,3.0,direct,0.06466502552897517,0.0478437295015152,0.08516029038689082
6,bnci004,MMP_moe,TS,svm_radial,none,20,3,3,24082,0.05,no_leakage_v1_alpha005,gate_all_sources_proxy_source_only_final_training_only,mmd,,,,,moe,coral,near_nearest_proxy,main,2.0,2,2train,near,False,0.40046401269733284,3.0,direct,0.04828848410491972,0.030008706572182017,0.07339767505536456
6,bnci004,MMP_moe,TS,svm_radial,none,20,3,3,24082,0.05,no_leakage_v1_alpha005,gate_all_sources_proxy_source_only_final_training_only,mmd,,,,,moe,coral,near_nearest_proxy,anchor,2.0,2,2train,proxy_source,False,1.0,3.0,direct,0.04828848410491972,0.030008706572182017,0.07339767505536456
6,bnci004,MMP_moe,TS,svm_radial,none,20,3,3,24082,0.05,no_leakage_v1_alpha005,gate_all_sources_proxy_source_only_final_training_only,mmd,,,,,moe,coral,near_nearest_proxy,final,2.0,2,2train,train,False,0.40046401269733284,3.0,direct,0.04828848410491972,0.030008706572182017,0.07339767505536456
6,bnci004,MMP_moe,TS,svm_radial,none,20,3,3,24082,0.05,no_leakage_v1_alpha005,gate_all_sources_proxy_source_only_final_training_only,mmd,,,,,moe,coral,near_nearest_proxy,main,3.0,4,4test,nearest,True,0.5995359873026672,3.0,direct,0.03225427905796522,0.021696090942727977,0.0474476611546572
6,bnci004,MMP_moe,TS,svm_radial,none,20,3,3,24082,0.05,no_leakage_v1_alpha005,gate_all_sources_proxy_source_only_final_training_only,mmd,,,,,moe,coral,near_nearest_proxy,anchor,3.0,4,4test,target,False,,3.0,direct,0.03225427905796522,0.021696090942727977,0.0474476611546572
6,bnci004,MMP_moe,TS,svm_radial,none,20,3,3,24082,0.05,no_leakage_v1_alpha005,gate_all_sources_proxy_source_only_final_training_only,mmd,,,,,moe,coral,near_nearest_proxy,final,3.0,4,4test,train,True,0.5995359873026672,3.0,direct,0.03225427905796522,0.021696090942727977,0.0474476611546572
6,bnci004,MMP_moe,TS,svm_radial,none,20,3,3,24082,0.05,no_leakage_v1_alpha005,gate_all_sources_proxy_source_only_final_training_only,mmd,,,,,moe,coral,near_nearest_proxy,main,,3,3test,target,False,,,,,,
6,bnci004,MMP_moe,TS,svm_radial,none,20,3,3,24082,0.05,no_leakage_v1_alpha005,gate_all_sources_proxy_source_only_final_training_only,mmd,,,,,moe,coral,near_nearest_proxy,final,,3,3test,target,False,,,,,,
6,bnci004,MMP_moe,TS,svm_radial,none,20,4,4,24113,0.05,no_leakage_v1_alpha005,gate_all_sources_proxy_source_only_final_training_only,mmd,,,,,moe,coral,near_nearest_proxy,main,0.0,0,0train,far,False,,4.0,direct,0.08959007711704134,0.05556816339351919,0.12982159556597217
6,bnci004,MMP_moe,TS,svm_radial,none,20,4,4,24113,0.05,no_leakage_v1_alpha005,gate_all_sources_proxy_source_only_final_training_only,mmd,,,,,moe,coral,near_nearest_proxy,anchor,0.0,0,0train,not_used,False,,4.0,direct,0.08959007711704134,0.05556816339351919,0.12982159556597217
6,bnci004,MMP_moe,TS,svm_radial,none,20,4,4,24113,0.05,no_leakage_v1_alpha005,gate_all_sources_proxy_source_only_final_training_only,mmd,,,,,moe,coral,near_nearest_proxy,final,0.0,0,0train,not_used,False,,4.0,direct,0.08959007711704134,0.05556816339351919,0.12982159556597217
6,bnci004,MMP_moe,TS,svm_radial,none,20,4,4,24113,0.05,no_leakage_v1_alpha005,gate_all_sources_proxy_source_only_final_training_only,mmd,,,,,moe,coral,near_nearest_proxy,main,1.0,1,1train,near,False,0.2313209773306426,4.0,direct,0.06500446117805046,0.04077571057240194,0.09335613869385129
6,bnci004,MMP_moe,TS,svm_radial,none,20,4,4,24113,0.05,no_leakage_v1_alpha005,gate_all_sources_proxy_source_only_final_training_only,mmd,,,,,moe,coral,near_nearest_proxy,anchor,1.0,1,1train,proxy_source,False,0.42761049456152106,4.0,direct,0.06500446117805046,0.04077571057240194,0.09335613869385129
6,bnci004,MMP_moe,TS,svm_radial,none,20,4,4,24113,0.05,no_leakage_v1_alpha005,gate_all_sources_proxy_source_only_final_training_only,mmd,,,,,moe,coral,near_nearest_proxy,final,1.0,1,1train,train,False,0.2313209773306426,4.0,direct,0.06500446117805046,0.04077571057240194,0.09335613869385129
6,bnci004,MMP_moe,TS,svm_radial,none,20,4,4,24113,0.05,no_leakage_v1_alpha005,gate_all_sources_proxy_source_only_final_training_only,mmd,,,,,moe,coral,near_nearest_proxy,main,2.0,2,2train,near,False,0.309640903335647,4.0,direct,0.04856211504567507,0.03270987466215698,0.07005728001650886
6,bnci004,MMP_moe,TS,svm_radial,none,20,4,4,24113,0.05,no_leakage_v1_alpha005,gate_all_sources_proxy_source_only_final_training_only,mmd,,,,,moe,coral,near_nearest_proxy,anchor,2.0,2,2train,proxy_source,False,0.572389505438479,4.0,direct,0.04856211504567507,0.03270987466215698,0.07005728001650886
6,bnci004,MMP_moe,TS,svm_radial,none,20,4,4,24113,0.05,no_leakage_v1_alpha005,gate_all_sources_proxy_source_only_final_training_only,mmd,,,,,moe,coral,near_nearest_proxy,final,2.0,2,2train,train,False,0.309640903335647,4.0,direct,0.04856211504567507,0.03270987466215698,0.07005728001650886
6,bnci004,MMP_moe,TS,svm_radial,none,20,4,4,24113,0.05,no_leakage_v1_alpha005,gate_all_sources_proxy_source_only_final_training_only,mmd,,,,,moe,coral,near_nearest_proxy,main,3.0,3,3test,nearest,True,0.4590381193337104,4.0,direct,0.03275690436175982,0.02151033969505456,0.05152908358469952
6,bnci004,MMP_moe,TS,svm_radial,none,20,4,4,24113,0.05,no_leakage_v1_alpha005,gate_all_sources_proxy_source_only_final_training_only,mmd,,,,,moe,coral,near_nearest_proxy,anchor,3.0,3,3test,target,False,,4.0,direct,0.03275690436175982,0.02151033969505456,0.05152908358469952
6,bnci004,MMP_moe,TS,svm_radial,none,20,4,4,24113,0.05,no_leakage_v1_alpha005,gate_all_sources_proxy_source_only_final_training_only,mmd,,,,,moe,coral,near_nearest_proxy,final,3.0,3,3test,train,True,0.4590381193337104,4.0,direct,0.03275690436175982,0.02151033969505456,0.05152908358469952
6,bnci004,MMP_moe,TS,svm_radial,none,20,4,4,24113,0.05,no_leakage_v1_alpha005,gate_all_sources_proxy_source_only_final_training_only,mmd,,,,,moe,coral,near_nearest_proxy,main,,4,4test,target,False,,,,,,
6,bnci004,MMP_moe,TS,svm_radial,none,20,4,4,24113,0.05,no_leakage_v1_alpha005,gate_all_sources_proxy_source_only_final_training_only,mmd,,,,,moe,coral,near_nearest_proxy,final,,4,4test,target,False,,,,,,
6,bnci004,MMP_moe,TS,svm_radial,sa,21,0,0,24986,0.05,no_leakage_v1_alpha005,gate_all_sources_proxy_source_only_final_training_only,mmd,,,,,moe,coral,near_nearest_proxy,main,0.0,1,1train,near,False,0.23689052354605197,0.0,direct,0.1288683304890048,0.08151664266007609,0.1870105886098407
6,bnci004,MMP_moe,TS,svm_radial,sa,21,0,0,24986,0.05,no_leakage_v1_alpha005,gate_all_sources_proxy_source_only_final_training_only,mmd,,,,,moe,coral,near_nearest_proxy,anchor,0.0,1,1train,proxy_source,False,0.34115438089425587,0.0,direct,0.1288683304890048,0.08151664266007609,0.1870105886098407
6,bnci004,MMP_moe,TS,svm_radial,sa,21,0,0,24986,0.05,no_leakage_v1_alpha005,gate_all_sources_proxy_source_only_final_training_only,mmd,,,,,moe,coral,near_nearest_proxy,final,0.0,1,1train,train,False,0.23689052354605197,0.0,direct,0.1288683304890048,0.08151664266007609,0.1870105886098407
6,bnci004,MMP_moe,TS,svm_radial,sa,21,0,0,24986,0.05,no_leakage_v1_alpha005,gate_all_sources_proxy_source_only_final_training_only,mmd,,,,,moe,coral,near_nearest_proxy,main,1.0,2,2train,near,False,0.26266728542785583,0.0,direct,0.11622178396353376,0.07783922672940197,0.16915340099601195
6,bnci004,MMP_moe,TS,svm_radial,sa,21,0,0,24986,0.05,no_leakage_v1_alpha005,gate_all_sources_proxy_source_only_final_training_only,mmd,,,,,moe,coral,near_nearest_proxy,anchor,1.0,2,2train,proxy_source,False,0.37827640295579223,0.0,direct,0.11622178396353376,0.07783922672940197,0.16915340099601195
6,bnci004,MMP_moe,TS,svm_radial,sa,21,0,0,24986,0.05,no_leakage_v1_alpha005,gate_all_sources_proxy_source_only_final_training_only,mmd,,,,,moe,coral,near_nearest_proxy,final,1.0,2,2train,train,False,0.26266728542785583,0.0,direct,0.11622178396353376,0.07783922672940197,0.16915340099601195
6,bnci004,MMP_moe,TS,svm_radial,sa,21,0,0,24986,0.05,no_leakage_v1_alpha005,gate_all_sources_proxy_source_only_final_training_only,mmd,,,,,moe,coral,near_nearest_proxy,main,2.0,3,3test,near,False,0.19482144221758874,0.0,direct,0.156695936543946,0.10712371501854463,0.20902764926618841
6,bnci004,MMP_moe,TS,svm_radial,sa,21,0,0,24986,0.05,no_leakage_v1_alpha005,gate_all_sources_proxy_source_only_final_training_only,mmd,,,,,moe,coral,near_nearest_proxy,anchor,2.0,3,3test,proxy_source,False,0.28056921614995195,0.0,direct,0.156695936543946,0.10712371501854463,0.20902764926618841
6,bnci004,MMP_moe,TS,svm_radial,sa,21,0,0,24986,0.05,no_leakage_v1_alpha005,gate_all_sources_proxy_source_only_final_training_only,mmd,,,,,moe,coral,near_nearest_proxy,final,2.0,3,3test,train,False,0.19482144221758874,0.0,direct,0.156695936543946,0.10712371501854463,0.20902764926618841
6,bnci004,MMP_moe,TS,svm_radial,sa,21,0,0,24986,0.05,no_leakage_v1_alpha005,gate_all_sources_proxy_source_only_final_training_only,mmd,,,,,moe,coral,near_nearest_proxy,main,3.0,4,4test,nearest,True,0.3056207488085033,0.0,direct,0.09988725460177711,0.05986908135017264,0.14725021825891393
6,bnci004,MMP_moe,TS,svm_radial,sa,21,0,0,24986,0.05,no_leakage_v1_alpha005,gate_all_sources_proxy_source_only_final_training_only,mmd,,,,,moe,coral,near_nearest_proxy,anchor,3.0,4,4test,target,False,,0.0,direct,0.09988725460177711,0.05986908135017264,0.14725021825891393
6,bnci004,MMP_moe,TS,svm_radial,sa,21,0,0,24986,0.05,no_leakage_v1_alpha005,gate_all_sources_proxy_source_only_final_training_only,mmd,,,,,moe,coral,near_nearest_proxy,final,3.0,4,4test,train,True,0.3056207488085033,0.0,direct,0.09988725460177711,0.05986908135017264,0.14725021825891393
6,bnci004,MMP_moe,TS,svm_radial,sa,21,0,0,24986,0.05,no_leakage_v1_alpha005,gate_all_sources_proxy_source_only_final_training_only,mmd,,,,,moe,coral,near_nearest_proxy,main,,0,0train,target,False,,,,,,
6,bnci004,MMP_moe,TS,svm_radial,sa,21,0,0,24986,0.05,no_leakage_v1_alpha005,gate_all_sources_proxy_source_only_final_training_only,mmd,,,,,moe,coral,near_nearest_proxy,final,,0,0train,target,False,,,,,,
6,bnci004,MMP_moe,TS,svm_radial,sa,21,1,1,25017,0.05,no_leakage_v1_alpha005,gate_all_sources_proxy_source_only_final_training_only,mmd,,,,,moe,coral,near_nearest_proxy,main,0.0,0,0train,far,False,,1.0,direct,0.15667102738603086,0.10549596964970559,0.2300251188081767
6,bnci004,MMP_moe,TS,svm_radial,sa,21,1,1,25017,0.05,no_leakage_v1_alpha005,gate_all_sources_proxy_source_only_final_training_only,mmd,,,,,moe,coral,near_nearest_proxy,anchor,0.0,0,0train,not_used,False,,1.0,direct,0.15667102738603086,0.10549596964970559,0.2300251188081767
6,bnci004,MMP_moe,TS,svm_radial,sa,21,1,1,25017,0.05,no_leakage_v1_alpha005,gate_all_sources_proxy_source_only_final_training_only,mmd,,,,,moe,coral,near_nearest_proxy,final,0.0,0,0train,not_used,False,,1.0,direct,0.15667102738603086,0.10549596964970559,0.2300251188081767
6,bnci004,MMP_moe,TS,svm_radial,sa,21,1,1,25017,0.05,no_leakage_v1_alpha005,gate_all_sources_proxy_source_only_final_training_only,mmd,,,,,moe,coral,near_nearest_proxy,main,1.0,2,2train,near,False,0.21616947685672894,1.0,direct,0.1291310861493358,0.08964536706830037,0.18157235182773143
6,bnci004,MMP_moe,TS,svm_radial,sa,21,1,1,25017,0.05,no_leakage_v1_alpha005,gate_all_sources_proxy_source_only_final_training_only,mmd,,,,,moe,coral,near_nearest_proxy,anchor,1.0,2,2train,proxy_source,False,0.37026176999482757,1.0,direct,0.1291310861493358,0.08964536706830037,0.18157235182773143
6,bnci004,MMP_moe,TS,svm_radial,sa,21,1,1,25017,0.05,no_leakage_v1_alpha005,gate_all_sources_proxy_source_only_final_training_only,mmd,,,,,moe,coral,near_nearest_proxy,final,1.0,2,2train,train,False,0.21616947685672894,1.0,direct,0.1291310861493358,0.08964536706830037,0.18157235182773143
6,bnci004,MMP_moe,TS,svm_radial,sa,21,1,1,25017,0.05,no_leakage_v1_alpha005,gate_all_sources_proxy_source_only_final_training_only,mmd,,,,,moe,coral,near_nearest_proxy,main,2.0,3,3test,near,False,0.36765930152281795,1.0,direct,0.07592368187993749,0.052191884706580524,0.10350369734975964
6,bnci004,MMP_moe,TS,svm_radial,sa,21,1,1,25017,0.05,no_leakage_v1_alpha005,gate_all_sources_proxy_source_only_final_training_only,mmd,,,,,moe,coral,near_nearest_proxy,anchor,2.0,3,3test,proxy_source,False,0.6297382300051725,1.0,direct,0.07592368187993749,0.052191884706580524,0.10350369734975964
6,bnci004,MMP_moe,TS,svm_radial,sa,21,1,1,25017,0.05,no_leakage_v1_alpha005,gate_all_sources_proxy_source_only_final_training_only,mmd,,,,,moe,coral,near_nearest_proxy,final,2.0,3,3test,train,False,0.36765930152281795,1.0,direct,0.07592368187993749,0.052191884706580524,0.10350369734975964
6,bnci004,MMP_moe,TS,svm_radial,sa,21,1,1,25017,0.05,no_leakage_v1_alpha005,gate_all_sources_proxy_source_only_final_training_only,mmd,,,,,moe,coral,near_nearest_proxy,main,3.0,4,4test,nearest,True,0.41617122162045317,1.0,direct,0.06707335319441148,0.041063470036094556,0.1046172048141845
6,bnci004,MMP_moe,TS,svm_radial,sa,21,1,1,25017,0.05,no_leakage_v1_alpha005,gate_all_sources_proxy_source_only_final_training_only,mmd,,,,,moe,coral,near_nearest_proxy,anchor,3.0,4,4test,target,False,,1.0,direct,0.06707335319441148,0.041063470036094556,0.1046172048141845
6,bnci004,MMP_moe,TS,svm_radial,sa,21,1,1,25017,0.05,no_leakage_v1_alpha005,gate_all_sources_proxy_source_only_final_training_only,mmd,,,,,moe,coral,near_nearest_proxy,final,3.0,4,4test,train,True,0.41617122162045317,1.0,direct,0.06707335319441148,0.041063470036094556,0.1046172048141845
6,bnci004,MMP_moe,TS,svm_radial,sa,21,1,1,25017,0.05,no_leakage_v1_alpha005,gate_all_sources_proxy_source_only_final_training_only,mmd,,,,,moe,coral,near_nearest_proxy,main,,1,1train,target,False,,,,,,
6,bnci004,MMP_moe,TS,svm_radial,sa,21,1,1,25017,0.05,no_leakage_v1_alpha005,gate_all_sources_proxy_source_only_final_training_only,mmd,,,,,moe,coral,near_nearest_proxy,final,,1,1train,target,False,,,,,,
6,bnci004,MMP_moe,TS,svm_radial,sa,21,2,2,25048,0.05,no_leakage_v1_alpha005,gate_all_sources_proxy_source_only_final_training_only,mmd,,,,,moe,coral,near_nearest_proxy,main,0.0,0,0train,far,False,,2.0,direct,0.10044333925701018,0.06875028140454537,0.14217546096517336
6,bnci004,MMP_moe,TS,svm_radial,sa,21,2,2,25048,0.05,no_leakage_v1_alpha005,gate_all_sources_proxy_source_only_final_training_only,mmd,,,,,moe,coral,near_nearest_proxy,anchor,0.0,0,0train,not_used,False,,2.0,direct,0.10044333925701018,0.06875028140454537,0.14217546096517336
6,bnci004,MMP_moe,TS,svm_radial,sa,21,2,2,25048,0.05,no_leakage_v1_alpha005,gate_all_sources_proxy_source_only_final_training_only,mmd,,,,,moe,coral,near_nearest_proxy,final,0.0,0,0train,not_used,False,,2.0,direct,0.10044333925701018,0.06875028140454537,0.14217546096517336
6,bnci004,MMP_moe,TS,svm_radial,sa,21,2,2,25048,0.05,no_leakage_v1_alpha005,gate_all_sources_proxy_source_only_final_training_only,mmd,,,,,moe,coral,near_nearest_proxy,main,1.0,1,1train,far,False,,2.0,direct,0.10564020148589583,0.07663834193123002,0.1467315413717722
6,bnci004,MMP_moe,TS,svm_radial,sa,21,2,2,25048,0.05,no_leakage_v1_alpha005,gate_all_sources_proxy_source_only_final_training_only,mmd,,,,,moe,coral,near_nearest_proxy,anchor,1.0,1,1train,not_used,False,,2.0,direct,0.10564020148589583,0.07663834193123002,0.1467315413717722
6,bnci004,MMP_moe,TS,svm_radial,sa,21,2,2,25048,0.05,no_leakage_v1_alpha005,gate_all_sources_proxy_source_only_final_training_only,mmd,,,,,moe,coral,near_nearest_proxy,final,1.0,1,1train,not_used,False,,2.0,direct,0.10564020148589583,0.07663834193123002,0.1467315413717722
6,bnci004,MMP_moe,TS,svm_radial,sa,21,2,2,25048,0.05,no_leakage_v1_alpha005,gate_all_sources_proxy_source_only_final_training_only,mmd,,,,,moe,coral,near_nearest_proxy,main,2.0,3,3test,near,False,0.476136450820344,2.0,direct,0.04791443859642077,0.02521941029945477,0.07330791497593044
6,bnci004,MMP_moe,TS,svm_radial,sa,21,2,2,25048,0.05,no_leakage_v1_alpha005,gate_all_sources_proxy_source_only_final_training_only,mmd,,,,,moe,coral,near_nearest_proxy,anchor,2.0,3,3test,proxy_source,False,1.0,2.0,direct,0.04791443859642077,0.02521941029945477,0.07330791497593044
6,bnci004,MMP_moe,TS,svm_radial,sa,21,2,2,25048,0.05,no_leakage_v1_alpha005,gate_all_sources_proxy_source_only_final_training_only,mmd,,,,,moe,coral,near_nearest_proxy,final,2.0,3,3test,train,False,0.476136450820344,2.0,direct,0.04791443859642077,0.02521941029945477,0.07330791497593044
6,bnci004,MMP_moe,TS,svm_radial,sa,21,2,2,25048,0.05,no_leakage_v1_alpha005,gate_all_sources_proxy_source_only_final_training_only,mmd,,,,,moe,coral,near_nearest_proxy,main,3.0,4,4test,nearest,True,0.5238635491796559,2.0,direct,0.043549055942097785,0.029176027044701944,0.06546495771650535
6,bnci004,MMP_moe,TS,svm_radial,sa,21,2,2,25048,0.05,no_leakage_v1_alpha005,gate_all_sources_proxy_source_only_final_training_only,mmd,,,,,moe,coral,near_nearest_proxy,anchor,3.0,4,4test,target,False,,2.0,direct,0.043549055942097785,0.029176027044701944,0.06546495771650535
6,bnci004,MMP_moe,TS,svm_radial,sa,21,2,2,25048,0.05,no_leakage_v1_alpha005,gate_all_sources_proxy_source_only_final_training_only,mmd,,,,,moe,coral,near_nearest_proxy,final,3.0,4,4test,train,True,0.5238635491796559,2.0,direct,0.043549055942097785,0.029176027044701944,0.06546495771650535
6,bnci004,MMP_moe,TS,svm_radial,sa,21,2,2,25048,0.05,no_leakage_v1_alpha005,gate_all_sources_proxy_source_only_final_training_only,mmd,,,,,moe,coral,near_nearest_proxy,main,,2,2train,target,False,,,,,,
6,bnci004,MMP_moe,TS,svm_radial,sa,21,2,2,25048,0.05,no_leakage_v1_alpha005,gate_all_sources_proxy_source_only_final_training_only,mmd,,,,,moe,coral,near_nearest_proxy,final,,2,2train,target,False,,,,,,
6,bnci004,MMP_moe,TS,svm_radial,sa,21,3,3,25079,0.05,no_leakage_v1_alpha005,gate_all_sources_proxy_source_only_final_training_only,mmd,,,,,moe,coral,near_nearest_proxy,main,0.0,0,0train,far,False,,3.0,direct,0.11369077253880622,0.08029755843185436,0.15957660801230186
6,bnci004,MMP_moe,TS,svm_radial,sa,21,3,3,25079,0.05,no_leakage_v1_alpha005,gate_all_sources_proxy_source_only_final_training_only,mmd,,,,,moe,coral,near_nearest_proxy,anchor,0.0,0,0train,not_used,False,,3.0,direct,0.11369077253880622,0.08029755843185436,0.15957660801230186
6,bnci004,MMP_moe,TS,svm_radial,sa,21,3,3,25079,0.05,no_leakage_v1_alpha005,gate_all_sources_proxy_source_only_final_training_only,mmd,,,,,moe,coral,near_nearest_proxy,final,0.0,0,0train,not_used,False,,3.0,direct,0.11369077253880622,0.08029755843185436,0.15957660801230186
6,bnci004,MMP_moe,TS,svm_radial,sa,21,3,3,25079,0.05,no_leakage_v1_alpha005,gate_all_sources_proxy_source_only_final_training_only,mmd,,,,,moe,coral,near_nearest_proxy,main,1.0,1,1train,far,False,,3.0,direct,0.06348424126614594,0.04630899631691524,0.08401561217029958
6,bnci004,MMP_moe,TS,svm_radial,sa,21,3,3,25079,0.05,no_leakage_v1_alpha005,gate_all_sources_proxy_source_only_final_training_only,mmd,,,,,moe,coral,near_nearest_proxy,anchor,1.0,1,1train,not_used,False,,3.0,direct,0.06348424126614594,0.04630899631691524,0.08401561217029958
6,bnci004,MMP_moe,TS,svm_radial,sa,21,3,3,25079,0.05,no_leakage_v1_alpha005,gate_all_sources_proxy_source_only_final_training_only,mmd,,,,,moe,coral,near_nearest_proxy,final,1.0,1,1train,not_used,False,,3.0,direct,0.06348424126614594,0.04630899631691524,0.08401561217029958
6,bnci004,MMP_moe,TS,svm_radial,sa,21,3,3,25079,0.05,no_leakage_v1_alpha005,gate_all_sources_proxy_source_only_final_training_only,mmd,,,,,moe,coral,near_nearest_proxy,main,2.0,2,2train,near,False,0.4025314754770431,3.0,direct,0.047102241548969435,0.029273820503353542,0.07232694275951333
6,bnci004,MMP_moe,TS,svm_radial,sa,21,3,3,25079,0.05,no_leakage_v1_alpha005,gate_all_sources_proxy_source_only_final_training_only,mmd,,,,,moe,coral,near_nearest_proxy,anchor,2.0,2,2train,proxy_source,False,1.0,3.0,direct,0.047102241548969435,0.029273820503353542,0.07232694275951333
6,bnci004,MMP_moe,TS,svm_radial,sa,21,3,3,25079,0.05,no_leakage_v1_alpha005,gate_all_sources_proxy_source_only_final_training_only,mmd,,,,,moe,coral,near_nearest_proxy,final,2.0,2,2train,train,False,0.4025314754770431,3.0,direct,0.047102241548969435,0.029273820503353542,0.07232694275951333
6,bnci004,MMP_moe,TS,svm_radial,sa,21,3,3,25079,0.05,no_leakage_v1_alpha005,gate_all_sources_proxy_source_only_final_training_only,mmd,,,,,moe,coral,near_nearest_proxy,main,3.0,4,4test,nearest,True,0.5974685245229568,3.0,direct,0.03173378859927741,0.020646659342650305,0.04617500714036479
6,bnci004,MMP_moe,TS,svm_radial,sa,21,3,3,25079,0.05,no_leakage_v1_alpha005,gate_all_sources_proxy_source_only_final_training_only,mmd,,,,,moe,coral,near_nearest_proxy,anchor,3.0,4,4test,target,False,,3.0,direct,0.03173378859927741,0.020646659342650305,0.04617500714036479
6,bnci004,MMP_moe,TS,svm_radial,sa,21,3,3,25079,0.05,no_leakage_v1_alpha005,gate_all_sources_proxy_source_only_final_training_only,mmd,,,,,moe,coral,near_nearest_proxy,final,3.0,4,4test,train,True,0.5974685245229568,3.0,direct,0.03173378859927741,0.020646659342650305,0.04617500714036479
6,bnci004,MMP_moe,TS,svm_radial,sa,21,3,3,25079,0.05,no_leakage_v1_alpha005,gate_all_sources_proxy_source_only_final_training_only,mmd,,,,,moe,coral,near_nearest_proxy,main,,3,3test,target,False,,,,,,
6,bnci004,MMP_moe,TS,svm_radial,sa,21,3,3,25079,0.05,no_leakage_v1_alpha005,gate_all_sources_proxy_source_only_final_training_only,mmd,,,,,moe,coral,near_nearest_proxy,final,,3,3test,target,False,,,,,,
6,bnci004,MMP_moe,TS,svm_radial,sa,21,4,4,25110,0.05,no_leakage_v1_alpha005,gate_all_sources_proxy_source_only_final_training_only,mmd,,,,,moe,coral,near_nearest_proxy,main,0.0,0,0train,far,False,,4.0,direct,0.09258703646851395,0.059798849003529754,0.14215742600608944
6,bnci004,MMP_moe,TS,svm_radial,sa,21,4,4,25110,0.05,no_leakage_v1_alpha005,gate_all_sources_proxy_source_only_final_training_only,mmd,,,,,moe,coral,near_nearest_proxy,anchor,0.0,0,0train,not_used,False,,4.0,direct,0.09258703646851395,0.059798849003529754,0.14215742600608944
6,bnci004,MMP_moe,TS,svm_radial,sa,21,4,4,25110,0.05,no_leakage_v1_alpha005,gate_all_sources_proxy_source_only_final_training_only,mmd,,,,,moe,coral,near_nearest_proxy,final,0.0,0,0train,not_used,False,,4.0,direct,0.09258703646851395,0.059798849003529754,0.14215742600608944
6,bnci004,MMP_moe,TS,svm_radial,sa,21,4,4,25110,0.05,no_leakage_v1_alpha005,gate_all_sources_proxy_source_only_final_training_only,mmd,,,,,moe,coral,near_nearest_proxy,main,1.0,1,1train,near,False,0.22365524547479038,4.0,direct,0.06789617295088196,0.04605390381767793,0.09819765720207199
6,bnci004,MMP_moe,TS,svm_radial,sa,21,4,4,25110,0.05,no_leakage_v1_alpha005,gate_all_sources_proxy_source_only_final_training_only,mmd,,,,,moe,coral,near_nearest_proxy,anchor,1.0,1,1train,proxy_source,False,0.4181791625249363,4.0,direct,0.06789617295088196,0.04605390381767793,0.09819765720207199
6,bnci004,MMP_moe,TS,svm_radial,sa,21,4,4,25110,0.05,no_leakage_v1_alpha005,gate_all_sources_proxy_source_only_final_training_only,mmd,,,,,moe,coral,near_nearest_proxy,final,1.0,1,1train,train,False,0.22365524547479038,4.0,direct,0.06789617295088196,0.04605390381767793,0.09819765720207199
6,bnci004,MMP_moe,TS,svm_radial,sa,21,4,4,25110,0.05,no_leakage_v1_alpha005,gate_all_sources_proxy_source_only_final_training_only,mmd,,,,,moe,coral,near_nearest_proxy,main,2.0,2,2train,near,False,0.3111759118798128,4.0,direct,0.048799560402114306,0.03598747403904304,0.07013773959531236
6,bnci004,MMP_moe,TS,svm_radial,sa,21,4,4,25110,0.05,no_leakage_v1_alpha005,gate_all_sources_proxy_source_only_final_training_only,mmd,,,,,moe,coral,near_nearest_proxy,anchor,2.0,2,2train,proxy_source,False,0.5818208374750637,4.0,direct,0.048799560402114306,0.03598747403904304,0.07013773959531236
6,bnci004,MMP_moe,TS,svm_radial,sa,21,4,4,25110,0.05,no_leakage_v1_alpha005,gate_all_sources_proxy_source_only_final_training_only,mmd,,,,,moe,coral,near_nearest_proxy,final,2.0,2,2train,train,False,0.3111759118798128,4.0,direct,0.048799560402114306,0.03598747403904304,0.07013773959531236
6,bnci004,MMP_moe,TS,svm_radial,sa,21,4,4,25110,0.05,no_leakage_v1_alpha005,gate_all_sources_proxy_source_only_final_training_only,mmd,,,,,moe,coral,near_nearest_proxy,main,3.0,3,3test,nearest,True,0.46516884264539693,4.0,direct,0.03264426230306855,0.0208196708727223,0.049856835013234894
6,bnci004,MMP_moe,TS,svm_radial,sa,21,4,4,25110,0.05,no_leakage_v1_alpha005,gate_all_sources_proxy_source_only_final_training_only,mmd,,,,,moe,coral,near_nearest_proxy,anchor,3.0,3,3test,target,False,,4.0,direct,0.03264426230306855,0.0208196708727223,0.049856835013234894
6,bnci004,MMP_moe,TS,svm_radial,sa,21,4,4,25110,0.05,no_leakage_v1_alpha005,gate_all_sources_proxy_source_only_final_training_only,mmd,,,,,moe,coral,near_nearest_proxy,final,3.0,3,3test,train,True,0.46516884264539693,4.0,direct,0.03264426230306855,0.0208196708727223,0.049856835013234894
6,bnci004,MMP_moe,TS,svm_radial,sa,21,4,4,25110,0.05,no_leakage_v1_alpha005,gate_all_sources_proxy_source_only_final_training_only,mmd,,,,,moe,coral,near_nearest_proxy,main,,4,4test,target,False,,,,,,
6,bnci004,MMP_moe,TS,svm_radial,sa,21,4,4,25110,0.05,no_leakage_v1_alpha005,gate_all_sources_proxy_source_only_final_training_only,mmd,,,,,moe,coral,near_nearest_proxy,final,,4,4test,target,False,,,,,,
6,bnci004,MMP_moe,TS,svm_radial,pt,22,0,0,25983,0.05,no_leakage_v1_alpha005,gate_all_sources_proxy_source_only_final_training_only,mmd,,,,,moe,coral,near_nearest_proxy,main,0.0,1,1train,near,False,0.23523016290622747,0.0,direct,0.1305267850839272,0.08129559862268082,0.19308457940022092
6,bnci004,MMP_moe,TS,svm_radial,pt,22,0,0,25983,0.05,no_leakage_v1_alpha005,gate_all_sources_proxy_source_only_final_training_only,mmd,,,,,moe,coral,near_nearest_proxy,anchor,0.0,1,1train,proxy_source,False,0.33748240302586663,0.0,direct,0.1305267850839272,0.08129559862268082,0.19308457940022092
6,bnci004,MMP_moe,TS,svm_radial,pt,22,0,0,25983,0.05,no_leakage_v1_alpha005,gate_all_sources_proxy_source_only_final_training_only,mmd,,,,,moe,coral,near_nearest_proxy,final,0.0,1,1train,train,False,0.23523016290622747,0.0,direct,0.1305267850839272,0.08129559862268082,0.19308457940022092
6,bnci004,MMP_moe,TS,svm_radial,pt,22,0,0,25983,0.05,no_leakage_v1_alpha005,gate_all_sources_proxy_source_only_final_training_only,mmd,,,,,moe,coral,near_nearest_proxy,main,1.0,2,2train,near,False,0.2673840146929142,0.0,direct,0.11483036785250357,0.07530273216230846,0.16009681950139407
6,bnci004,MMP_moe,TS,svm_radial,pt,22,0,0,25983,0.05,no_leakage_v1_alpha005,gate_all_sources_proxy_source_only_final_training_only,mmd,,,,,moe,coral,near_nearest_proxy,anchor,1.0,2,2train,proxy_source,False,0.38361321819617444,0.0,direct,0.11483036785250357,0.07530273216230846,0.16009681950139407
6,bnci004,MMP_moe,TS,svm_radial,pt,22,0,0,25983,0.05,no_leakage_v1_alpha005,gate_all_sources_proxy_source_only_final_training_only,mmd,,,,,moe,coral,near_nearest_proxy,final,1.0,2,2train,train,False,0.2673840146929142,0.0,direct,0.11483036785250357,0.07530273216230846,0.16009681950139407
6,bnci004,MMP_moe,TS,svm_radial,pt,22,0,0,25983,0.05,no_leakage_v1_alpha005,gate_all_sources_proxy_source_only_final_training_only,mmd,,,,,moe,coral,near_nearest_proxy,main,2.0,3,3test,near,False,0.19440042463538756,0.0,direct,0.15794141296884517,0.1085494656143287,0.21282474329756904
6,bnci004,MMP_moe,TS,svm_radial,pt,22,0,0,25983,0.05,no_leakage_v1_alpha005,gate_all_sources_proxy_source_only_final_training_only,mmd,,,,,moe,coral,near_nearest_proxy,anchor,2.0,3,3test,proxy_source,False,0.27890437877795904,0.0,direct,0.15794141296884517,0.1085494656143287,0.21282474329756904
6,bnci004,MMP_moe,TS,svm_radial,pt,22,0,0,25983,0.05,no_leakage_v1_alpha005,gate_all_sources_proxy_source_only_final_training_only,mmd,,,,,moe,coral,near_nearest_proxy,final,2.0,3,3test,train,False,0.19440042463538756,0.0,direct,0.15794141296884517,0.1085494656143287,0.21282474329756904
6,bnci004,MMP_moe,TS,svm_radial,pt,22,0,0,25983,0.05,no_leakage_v1_alpha005,gate_all_sources_proxy_source_only_final_training_only,mmd,,,,,moe,coral,near_nearest_proxy,main,3.0,4,4test,nearest,True,0.3029853977654709,0.0,direct,0.10133745517151972,0.06160468416563692,0.14934534511308492
6,bnci004,MMP_moe,TS,svm_radial,pt,22,0,0,25983,0.05,no_leakage_v1_alpha005,gate_all_sources_proxy_source_only_final_training_only,mmd,,,,,moe,coral,near_nearest_proxy,anchor,3.0,4,4test,target,False,,0.0,direct,0.10133745517151972,0.06160468416563692,0.14934534511308492
6,bnci004,MMP_moe,TS,svm_radial,pt,22,0,0,25983,0.05,no_leakage_v1_alpha005,gate_all_sources_proxy_source_only_final_training_only,mmd,,,,,moe,coral,near_nearest_proxy,final,3.0,4,4test,train,True,0.3029853977654709,0.0,direct,0.10133745517151972,0.06160468416563692,0.14934534511308492
6,bnci004,MMP_moe,TS,svm_radial,pt,22,0,0,25983,0.05,no_leakage_v1_alpha005,gate_all_sources_proxy_source_only_final_training_only,mmd,,,,,moe,coral,near_nearest_proxy,main,,0,0train,target,False,,,,,,
6,bnci004,MMP_moe,TS,svm_radial,pt,22,0,0,25983,0.05,no_leakage_v1_alpha005,gate_all_sources_proxy_source_only_final_training_only,mmd,,,,,moe,coral,near_nearest_proxy,final,,0,0train,target,False,,,,,,
6,bnci004,MMP_moe,TS,svm_radial,pt,22,1,1,26014,0.05,no_leakage_v1_alpha005,gate_all_sources_proxy_source_only_final_training_only,mmd,,,,,moe,coral,near_nearest_proxy,main,0.0,0,0train,near,False,0.1509649141298466,1.0,direct,0.15707406474124538,0.09239895730146831,0.2357319670789351
6,bnci004,MMP_moe,TS,svm_radial,pt,22,1,1,26014,0.05,no_leakage_v1_alpha005,gate_all_sources_proxy_source_only_final_training_only,mmd,,,,,moe,coral,near_nearest_proxy,anchor,0.0,0,0train,proxy_source,False,0.23492834260996096,1.0,direct,0.15707406474124538,0.09239895730146831,0.2357319670789351
6,bnci004,MMP_moe,TS,svm_radial,pt,22,1,1,26014,0.05,no_leakage_v1_alpha005,gate_all_sources_proxy_source_only_final_training_only,mmd,,,,,moe,coral,near_nearest_proxy,final,0.0,0,0train,train,False,0.1509649141298466,1.0,direct,0.15707406474124538,0.09239895730146831,0.2357319670789351
6,bnci004,MMP_moe,TS,svm_radial,pt,22,1,1,26014,0.05,no_leakage_v1_alpha005,gate_all_sources_proxy_source_only_final_training_only,mmd,,,,,moe,coral,near_nearest_proxy,main,1.0,2,2train,near,False,0.1818189163838498,1.0,direct,0.1304190032219998,0.09121080913935144,0.1773168060460488
6,bnci004,MMP_moe,TS,svm_radial,pt,22,1,1,26014,0.05,no_leakage_v1_alpha005,gate_all_sources_proxy_source_only_final_training_only,mmd,,,,,moe,coral,near_nearest_proxy,anchor,1.0,2,2train,proxy_source,False,0.2829426753057188,1.0,direct,0.1304190032219998,0.09121080913935144,0.1773168060460488
6,bnci004,MMP_moe,TS,svm_radial,pt,22,1,1,26014,0.05,no_leakage_v1_alpha005,gate_all_sources_proxy_source_only_final_training_only,mmd,,,,,moe,coral,near_nearest_proxy,final,1.0,2,2train,train,False,0.1818189163838498,1.0,direct,0.1304190032219998,0.09121080913935144,0.1773168060460488
6,bnci004,MMP_moe,TS,svm_radial,pt,22,1,1,26014,0.05,no_leakage_v1_alpha005,gate_all_sources_proxy_source_only_final_training_only,mmd,,,,,moe,coral,near_nearest_proxy,main,2.0,3,3test,near,False,0.30981600419626715,1.0,direct,0.0765374077627579,0.04993637514464993,0.1067426364616527
6,bnci004,MMP_moe,TS,svm_radial,pt,22,1,1,26014,0.05,no_leakage_v1_alpha005,gate_all_sources_proxy_source_only_final_training_only,mmd,,,,,moe,coral,near_nearest_proxy,anchor,2.0,3,3test,proxy_source,False,0.4821289820843202,1.0,direct,0.0765374077627579,0.04993637514464993,0.1067426364616527
6,bnci004,MMP_moe,TS,svm_radial,pt,22,1,1,26014,0.05,no_leakage_v1_alpha005,gate_all_sources_proxy_source_only_final_training_only,mmd,,,,,moe,coral,near_nearest_proxy,final,2.0,3,3test,train,False,0.30981600419626715,1.0,direct,0.0765374077627579,0.04993637514464993,0.1067426364616527
6,bnci004,MMP_moe,TS,svm_radial,pt,22,1,1,26014,0.05,no_leakage_v1_alpha005,gate_all_sources_proxy_source_only_final_training_only,mmd,,,,,moe,coral,near_nearest_proxy,main,3.0,4,4test,nearest,True,0.35740016529003643,1.0,direct,0.06634710490744693,0.040195044590060985,0.10391331739444169
6,bnci004,MMP_moe,TS,svm_radial,pt,22,1,1,26014,0.05,no_leakage_v1_alpha005,gate_all_sources_proxy_source_only_final_training_only,mmd,,,,,moe,coral,near_nearest_proxy,anchor,3.0,4,4test,target,False,,1.0,direct,0.06634710490744693,0.040195044590060985,0.10391331739444169
6,bnci004,MMP_moe,TS,svm_radial,pt,22,1,1,26014,0.05,no_leakage_v1_alpha005,gate_all_sources_proxy_source_only_final_training_only,mmd,,,,,moe,coral,near_nearest_proxy,final,3.0,4,4test,train,True,0.35740016529003643,1.0,direct,0.06634710490744693,0.040195044590060985,0.10391331739444169
6,bnci004,MMP_moe,TS,svm_radial,pt,22,1,1,26014,0.05,no_leakage_v1_alpha005,gate_all_sources_proxy_source_only_final_training_only,mmd,,,,,moe,coral,near_nearest_proxy,main,,1,1train,target,False,,,,,,
6,bnci004,MMP_moe,TS,svm_radial,pt,22,1,1,26014,0.05,no_leakage_v1_alpha005,gate_all_sources_proxy_source_only_final_training_only,mmd,,,,,moe,coral,near_nearest_proxy,final,,1,1train,target,False,,,,,,
6,bnci004,MMP_moe,TS,svm_radial,pt,22,2,2,26045,0.05,no_leakage_v1_alpha005,gate_all_sources_proxy_source_only_final_training_only,mmd,,,,,moe,coral,near_nearest_proxy,main,0.0,0,0train,far,False,,2.0,direct,0.09966567196045933,0.06798854017961191,0.13269142400308737
6,bnci004,MMP_moe,TS,svm_radial,pt,22,2,2,26045,0.05,no_leakage_v1_alpha005,gate_all_sources_proxy_source_only_final_training_only,mmd,,,,,moe,coral,near_nearest_proxy,anchor,0.0,0,0train,not_used,False,,2.0,direct,0.09966567196045933,0.06798854017961191,0.13269142400308737
6,bnci004,MMP_moe,TS,svm_radial,pt,22,2,2,26045,0.05,no_leakage_v1_alpha005,gate_all_sources_proxy_source_only_final_training_only,mmd,,,,,moe,coral,near_nearest_proxy,final,0.0,0,0train,not_used,False,,2.0,direct,0.09966567196045933,0.06798854017961191,0.13269142400308737
6,bnci004,MMP_moe,TS,svm_radial,pt,22,2,2,26045,0.05,no_leakage_v1_alpha005,gate_all_sources_proxy_source_only_final_training_only,mmd,,,,,moe,coral,near_nearest_proxy,main,1.0,1,1train,far,False,,2.0,direct,0.10409407566739479,0.07311516840427663,0.1356433081021662
6,bnci004,MMP_moe,TS,svm_radial,pt,22,2,2,26045,0.05,no_leakage_v1_alpha005,gate_all_sources_proxy_source_only_final_training_only,mmd,,,,,moe,coral,near_nearest_proxy,anchor,1.0,1,1train,not_used,False,,2.0,direct,0.10409407566739479,0.07311516840427663,0.1356433081021662
6,bnci004,MMP_moe,TS,svm_radial,pt,22,2,2,26045,0.05,no_leakage_v1_alpha005,gate_all_sources_proxy_source_only_final_training_only,mmd,,,,,moe,coral,near_nearest_proxy,final,1.0,1,1train,not_used,False,,2.0,direct,0.10409407566739479,0.07311516840427663,0.1356433081021662
6,bnci004,MMP_moe,TS,svm_radial,pt,22,2,2,26045,0.05,no_leakage_v1_alpha005,gate_all_sources_proxy_source_only_final_training_only,mmd,,,,,moe,coral,near_nearest_proxy,main,2.0,3,3test,near,False,0.4798669101248263,2.0,direct,0.04866210447511873,0.027129977655202486,0.0781448181627421
6,bnci004,MMP_moe,TS,svm_radial,pt,22,2,2,26045,0.05,no_leakage_v1_alpha005,gate_all_sources_proxy_source_only_final_training_only,mmd,,,,,moe,coral,near_nearest_proxy,anchor,2.0,3,3test,proxy_source,False,1.0,2.0,direct,0.04866210447511873,0.027129977655202486,0.0781448181627421
6,bnci004,MMP_moe,TS,svm_radial,pt,22,2,2,26045,0.05,no_leakage_v1_alpha005,gate_all_sources_proxy_source_only_final_training_only,mmd,,,,,moe,coral,near_nearest_proxy,final,2.0,3,3test,train,False,0.4798669101248263,2.0,direct,0.04866210447511873,0.027129977655202486,0.0781448181627421
6,bnci004,MMP_moe,TS,svm_radial,pt,22,2,2,26045,0.05,no_leakage_v1_alpha005,gate_all_sources_proxy_source_only_final_training_only,mmd,,,,,moe,coral,near_nearest_proxy,main,3.0,4,4test,nearest,True,0.5201330898751736,2.0,direct,0.04489484307578089,0.030929949287124982,0.06545857419377595
6,bnci004,MMP_moe,TS,svm_radial,pt,22,2,2,26045,0.05,no_leakage_v1_alpha005,gate_all_sources_proxy_source_only_final_training_only,mmd,,,,,moe,coral,near_nearest_proxy,anchor,3.0,4,4test,target,False,,2.0,direct,0.04489484307578089,0.030929949287124982,0.06545857419377595
6,bnci004,MMP_moe,TS,svm_radial,pt,22,2,2,26045,0.05,no_leakage_v1_alpha005,gate_all_sources_proxy_source_only_final_training_only,mmd,,,,,moe,coral,near_nearest_proxy,final,3.0,4,4test,train,True,0.5201330898751736,2.0,direct,0.04489484307578089,0.030929949287124982,0.06545857419377595
6,bnci004,MMP_moe,TS,svm_radial,pt,22,2,2,26045,0.05,no_leakage_v1_alpha005,gate_all_sources_proxy_source_only_final_training_only,mmd,,,,,moe,coral,near_nearest_proxy,main,,2,2train,target,False,,,,,,
6,bnci004,MMP_moe,TS,svm_radial,pt,22,2,2,26045,0.05,no_leakage_v1_alpha005,gate_all_sources_proxy_source_only_final_training_only,mmd,,,,,moe,coral,near_nearest_proxy,final,,2,2train,target,False,,,,,,
6,bnci004,MMP_moe,TS,svm_radial,pt,22,3,3,26076,0.05,no_leakage_v1_alpha005,gate_all_sources_proxy_source_only_final_training_only,mmd,,,,,moe,coral,near_nearest_proxy,main,0.0,0,0train,far,False,,3.0,direct,0.1132936168738649,0.07683821712341732,0.16110405979000775
6,bnci004,MMP_moe,TS,svm_radial,pt,22,3,3,26076,0.05,no_leakage_v1_alpha005,gate_all_sources_proxy_source_only_final_training_only,mmd,,,,,moe,coral,near_nearest_proxy,anchor,0.0,0,0train,not_used,False,,3.0,direct,0.1132936168738649,0.07683821712341732,0.16110405979000775
6,bnci004,MMP_moe,TS,svm_radial,pt,22,3,3,26076,0.05,no_leakage_v1_alpha005,gate_all_sources_proxy_source_only_final_training_only,mmd,,,,,moe,coral,near_nearest_proxy,final,0.0,0,0train,not_used,False,,3.0,direct,0.1132936168738649,0.07683821712341732,0.16110405979000775
6,bnci004,MMP_moe,TS,svm_radial,pt,22,3,3,26076,0.05,no_leakage_v1_alpha005,gate_all_sources_proxy_source_only_final_training_only,mmd,,,,,moe,coral,near_nearest_proxy,main,1.0,1,1train,far,False,,3.0,direct,0.06422200078211081,0.04891958398944733,0.08425584904350122
6,bnci004,MMP_moe,TS,svm_radial,pt,22,3,3,26076,0.05,no_leakage_v1_alpha005,gate_all_sources_proxy_source_only_final_training_only,mmd,,,,,moe,coral,near_nearest_proxy,anchor,1.0,1,1train,not_used,False,,3.0,direct,0.06422200078211081,0.04891958398944733,0.08425584904350122
6,bnci004,MMP_moe,TS,svm_radial,pt,22,3,3,26076,0.05,no_leakage_v1_alpha005,gate_all_sources_proxy_source_only_final_training_only,mmd,,,,,moe,coral,near_nearest_proxy,final,1.0,1,1train,not_used,False,,3.0,direct,0.06422200078211081,0.04891958398944733,0.08425584904350122
6,bnci004,MMP_moe,TS,svm_radial,pt,22,3,3,26076,0.05,no_leakage_v1_alpha005,gate_all_sources_proxy_source_only_final_training_only,mmd,,,,,moe,coral,near_nearest_proxy,main,2.0,2,2train,near,False,0.3929039371256795,3.0,direct,0.04860840791198401,0.032521853347702995,0.07264501073461771
6,bnci004,MMP_moe,TS,svm_radial,pt,22,3,3,26076,0.05,no_leakage_v1_alpha005,gate_all_sources_proxy_source_only_final_training_only,mmd,,,,,moe,coral,near_nearest_proxy,anchor,2.0,2,2train,proxy_source,False,1.0,3.0,direct,0.04860840791198401,0.032521853347702995,0.07264501073461771
6,bnci004,MMP_moe,TS,svm_radial,pt,22,3,3,26076,0.05,no_leakage_v1_alpha005,gate_all_sources_proxy_source_only_final_training_only,mmd,,,,,moe,coral,near_nearest_proxy,final,2.0,2,2train,train,False,0.3929039371256795,3.0,direct,0.04860840791198401,0.032521853347702995,0.07264501073461771
6,bnci004,MMP_moe,TS,svm_radial,pt,22,3,3,26076,0.05,no_leakage_v1_alpha005,gate_all_sources_proxy_source_only_final_training_only,mmd,,,,,moe,coral,near_nearest_proxy,main,3.0,4,4test,nearest,True,0.6070960628743206,3.0,direct,0.031458317425882336,0.021419052485870147,0.04464979608408163
6,bnci004,MMP_moe,TS,svm_radial,pt,22,3,3,26076,0.05,no_leakage_v1_alpha005,gate_all_sources_proxy_source_only_final_training_only,mmd,,,,,moe,coral,near_nearest_proxy,anchor,3.0,4,4test,target,False,,3.0,direct,0.031458317425882336,0.021419052485870147,0.04464979608408163
6,bnci004,MMP_moe,TS,svm_radial,pt,22,3,3,26076,0.05,no_leakage_v1_alpha005,gate_all_sources_proxy_source_only_final_training_only,mmd,,,,,moe,coral,near_nearest_proxy,final,3.0,4,4test,train,True,0.6070960628743206,3.0,direct,0.031458317425882336,0.021419052485870147,0.04464979608408163
6,bnci004,MMP_moe,TS,svm_radial,pt,22,3,3,26076,0.05,no_leakage_v1_alpha005,gate_all_sources_proxy_source_only_final_training_only,mmd,,,,,moe,coral,near_nearest_proxy,main,,3,3test,target,False,,,,,,
6,bnci004,MMP_moe,TS,svm_radial,pt,22,3,3,26076,0.05,no_leakage_v1_alpha005,gate_all_sources_proxy_source_only_final_training_only,mmd,,,,,moe,coral,near_nearest_proxy,final,,3,3test,target,False,,,,,,
6,bnci004,MMP_moe,TS,svm_radial,pt,22,4,4,26107,0.05,no_leakage_v1_alpha005,gate_all_sources_proxy_source_only_final_training_only,mmd,,,,,moe,coral,near_nearest_proxy,main,0.0,0,0train,far,False,,4.0,direct,0.08768840896492143,0.05341300554359767,0.1352329064423094
6,bnci004,MMP_moe,TS,svm_radial,pt,22,4,4,26107,0.05,no_leakage_v1_alpha005,gate_all_sources_proxy_source_only_final_training_only,mmd,,,,,moe,coral,near_nearest_proxy,anchor,0.0,0,0train,not_used,False,,4.0,direct,0.08768840896492143,0.05341300554359767,0.1352329064423094
6,bnci004,MMP_moe,TS,svm_radial,pt,22,4,4,26107,0.05,no_leakage_v1_alpha005,gate_all_sources_proxy_source_only_final_training_only,mmd,,,,,moe,coral,near_nearest_proxy,final,0.0,0,0train,not_used,False,,4.0,direct,0.08768840896492143,0.05341300554359767,0.1352329064423094
6,bnci004,MMP_moe,TS,svm_radial,pt,22,4,4,26107,0.05,no_leakage_v1_alpha005,gate_all_sources_proxy_source_only_final_training_only,mmd,,,,,moe,coral,near_nearest_proxy,main,1.0,1,1train,near,False,0.22988028170838667,4.0,direct,0.06591804110440051,0.045780831976524265,0.0967408044360908
6,bnci004,MMP_moe,TS,svm_radial,pt,22,4,4,26107,0.05,no_leakage_v1_alpha005,gate_all_sources_proxy_source_only_final_training_only,mmd,,,,,moe,coral,near_nearest_proxy,anchor,1.0,1,1train,proxy_source,False,0.4263582683638266,4.0,direct,0.06591804110440051,0.045780831976524265,0.0967408044360908
6,bnci004,MMP_moe,TS,svm_radial,pt,22,4,4,26107,0.05,no_leakage_v1_alpha005,gate_all_sources_proxy_source_only_final_training_only,mmd,,,,,moe,coral,near_nearest_proxy,final,1.0,1,1train,train,False,0.22988028170838667,4.0,direct,0.06591804110440051,0.045780831976524265,0.0967408044360908
6,bnci004,MMP_moe,TS,svm_radial,pt,22,4,4,26107,0.05,no_leakage_v1_alpha005,gate_all_sources_proxy_source_only_final_training_only,mmd,,,,,moe,coral,near_nearest_proxy,main,2.0,2,2train,near,False,0.30929134639340894,4.0,direct,0.04899321828553698,0.03500998112002171,0.06983049231449422
6,bnci004,MMP_moe,TS,svm_radial,pt,22,4,4,26107,0.05,no_leakage_v1_alpha005,gate_all_sources_proxy_source_only_final_training_only,mmd,,,,,moe,coral,near_nearest_proxy,anchor,2.0,2,2train,proxy_source,False,0.5736417316361735,4.0,direct,0.04899321828553698,0.03500998112002171,0.06983049231449422
6,bnci004,MMP_moe,TS,svm_radial,pt,22,4,4,26107,0.05,no_leakage_v1_alpha005,gate_all_sources_proxy_source_only_final_training_only,mmd,,,,,moe,coral,near_nearest_proxy,final,2.0,2,2train,train,False,0.30929134639340894,4.0,direct,0.04899321828553698,0.03500998112002171,0.06983049231449422
6,bnci004,MMP_moe,TS,svm_radial,pt,22,4,4,26107,0.05,no_leakage_v1_alpha005,gate_all_sources_proxy_source_only_final_training_only,mmd,,,,,moe,coral,near_nearest_proxy,main,3.0,3,3test,nearest,True,0.4608283718982044,4.0,direct,0.03288214839775896,0.019112643355736165,0.05157819163278515
6,bnci004,MMP_moe,TS,svm_radial,pt,22,4,4,26107,0.05,no_leakage_v1_alpha005,gate_all_sources_proxy_source_only_final_training_only,mmd,,,,,moe,coral,near_nearest_proxy,anchor,3.0,3,3test,target,False,,4.0,direct,0.03288214839775896,0.019112643355736165,0.05157819163278515
6,bnci004,MMP_moe,TS,svm_radial,pt,22,4,4,26107,0.05,no_leakage_v1_alpha005,gate_all_sources_proxy_source_only_final_training_only,mmd,,,,,moe,coral,near_nearest_proxy,final,3.0,3,3test,train,True,0.4608283718982044,4.0,direct,0.03288214839775896,0.019112643355736165,0.05157819163278515
6,bnci004,MMP_moe,TS,svm_radial,pt,22,4,4,26107,0.05,no_leakage_v1_alpha005,gate_all_sources_proxy_source_only_final_training_only,mmd,,,,,moe,coral,near_nearest_proxy,main,,4,4test,target,False,,,,,,
6,bnci004,MMP_moe,TS,svm_radial,pt,22,4,4,26107,0.05,no_leakage_v1_alpha005,gate_all_sources_proxy_source_only_final_training_only,mmd,,,,,moe,coral,near_nearest_proxy,final,,4,4test,target,False,,,,,,
6,bnci004,MMP_moe,TS,svm_radial,coral,23,0,0,26980,0.05,no_leakage_v1_alpha005,gate_all_sources_proxy_source_only_final_training_only,mmd,,,,,moe,coral,near_nearest_proxy,main,0.0,1,1train,near,False,0.23205859901414982,0.0,direct,0.13032662462018121,0.07934817280553276,0.1841229320520263
6,bnci004,MMP_moe,TS,svm_radial,coral,23,0,0,26980,0.05,no_leakage_v1_alpha005,gate_all_sources_proxy_source_only_final_training_only,mmd,,,,,moe,coral,near_nearest_proxy,anchor,0.0,1,1train,proxy_source,False,0.3351136258119849,0.0,direct,0.13032662462018121,0.07934817280553276,0.1841229320520263
6,bnci004,MMP_moe,TS,svm_radial,coral,23,0,0,26980,0.05,no_leakage_v1_alpha005,gate_all_sources_proxy_source_only_final_training_only,mmd,,,,,moe,coral,near_nearest_proxy,final,0.0,1,1train,train,False,0.23205859901414982,0.0,direct,0.13032662462018121,0.07934817280553276,0.1841229320520263
6,bnci004,MMP_moe,TS,svm_radial,coral,23,0,0,26980,0.05,no_leakage_v1_alpha005,gate_all_sources_proxy_source_only_final_training_only,mmd,,,,,moe,coral,near_nearest_proxy,main,1.0,2,2train,near,False,0.2695459515338428,0.0,direct,0.11220118968268954,0.0736815269298267,0.16367928473223428
6,bnci004,MMP_moe,TS,svm_radial,coral,23,0,0,26980,0.05,no_leakage_v1_alpha005,gate_all_sources_proxy_source_only_final_training_only,mmd,,,,,moe,coral,near_nearest_proxy,anchor,1.0,2,2train,proxy_source,False,0.3892487566726187,0.0,direct,0.11220118968268954,0.0736815269298267,0.16367928473223428
6,bnci004,MMP_moe,TS,svm_radial,coral,23,0,0,26980,0.05,no_leakage_v1_alpha005,gate_all_sources_proxy_source_only_final_training_only,mmd,,,,,moe,coral,near_nearest_proxy,final,1.0,2,2train,train,False,0.2695459515338428,0.0,direct,0.11220118968268954,0.0736815269298267,0.16367928473223428
6,bnci004,MMP_moe,TS,svm_radial,coral,23,0,0,26980,0.05,no_leakage_v1_alpha005,gate_all_sources_proxy_source_only_final_training_only,mmd,,,,,moe,coral,near_nearest_proxy,main,2.0,3,3test,near,False,0.19087280978574098,0.0,direct,0.158448210320477,0.10763536506786477,0.21505940781648233
6,bnci004,MMP_moe,TS,svm_radial,coral,23,0,0,26980,0.05,no_leakage_v1_alpha005,gate_all_sources_proxy_source_only_final_training_only,mmd,,,,,moe,coral,near_nearest_proxy,anchor,2.0,3,3test,proxy_source,False,0.27563761751539634,0.0,direct,0.158448210320477,0.10763536506786477,0.21505940781648233
6,bnci004,MMP_moe,TS,svm_radial,coral,23,0,0,26980,0.05,no_leakage_v1_alpha005,gate_all_sources_proxy_source_only_final_training_only,mmd,,,,,moe,coral,near_nearest_proxy,final,2.0,3,3test,train,False,0.19087280978574098,0.0,direct,0.158448210320477,0.10763536506786477,0.21505940781648233
6,bnci004,MMP_moe,TS,svm_radial,coral,23,0,0,26980,0.05,no_leakage_v1_alpha005,gate_all_sources_proxy_source_only_final_training_only,mmd,,,,,moe,coral,near_nearest_proxy,main,3.0,4,4test,nearest,True,0.3075226396662664,0.0,direct,0.09834507954400581,0.05753844788840354,0.14998978248468778
6,bnci004,MMP_moe,TS,svm_radial,coral,23,0,0,26980,0.05,no_leakage_v1_alpha005,gate_all_sources_proxy_source_only_final_training_only,mmd,,,,,moe,coral,near_nearest_proxy,anchor,3.0,4,4test,target,False,,0.0,direct,0.09834507954400581,0.05753844788840354,0.14998978248468778
6,bnci004,MMP_moe,TS,svm_radial,coral,23,0,0,26980,0.05,no_leakage_v1_alpha005,gate_all_sources_proxy_source_only_final_training_only,mmd,,,,,moe,coral,near_nearest_proxy,final,3.0,4,4test,train,True,0.3075226396662664,0.0,direct,0.09834507954400581,0.05753844788840354,0.14998978248468778
6,bnci004,MMP_moe,TS,svm_radial,coral,23,0,0,26980,0.05,no_leakage_v1_alpha005,gate_all_sources_proxy_source_only_final_training_only,mmd,,,,,moe,coral,near_nearest_proxy,main,,0,0train,target,False,,,,,,
6,bnci004,MMP_moe,TS,svm_radial,coral,23,0,0,26980,0.05,no_leakage_v1_alpha005,gate_all_sources_proxy_source_only_final_training_only,mmd,,,,,moe,coral,near_nearest_proxy,final,,0,0train,target,False,,,,,,
6,bnci004,MMP_moe,TS,svm_radial,coral,23,1,1,27011,0.05,no_leakage_v1_alpha005,gate_all_sources_proxy_source_only_final_training_only,mmd,,,,,moe,coral,near_nearest_proxy,main,0.0,0,0train,near,False,0.15183031281067552,1.0,direct,0.15706568424850323,0.09129840060700607,0.24298406091822097
6,bnci004,MMP_moe,TS,svm_radial,coral,23,1,1,27011,0.05,no_leakage_v1_alpha005,gate_all_sources_proxy_source_only_final_training_only,mmd,,,,,moe,coral,near_nearest_proxy,anchor,0.0,0,0train,proxy_source,False,0.23690836528000778,1.0,direct,0.15706568424850323,0.09129840060700607,0.24298406091822097
6,bnci004,MMP_moe,TS,svm_radial,coral,23,1,1,27011,0.05,no_leakage_v1_alpha005,gate_all_sources_proxy_source_only_final_training_only,mmd,,,,,moe,coral,near_nearest_proxy,final,0.0,0,0train,train,False,0.15183031281067552,1.0,direct,0.15706568424850323,0.09129840060700607,0.24298406091822097
6,bnci004,MMP_moe,TS,svm_radial,coral,23,1,1,27011,0.05,no_leakage_v1_alpha005,gate_all_sources_proxy_source_only_final_training_only,mmd,,,,,moe,coral,near_nearest_proxy,main,1.0,2,2train,near,False,0.18610518089824774,1.0,direct,0.12813881688464848,0.08359599640986039,0.17501117198953953
6,bnci004,MMP_moe,TS,svm_radial,coral,23,1,1,27011,0.05,no_leakage_v1_alpha005,gate_all_sources_proxy_source_only_final_training_only,mmd,,,,,moe,coral,near_nearest_proxy,anchor,1.0,2,2train,proxy_source,False,0.29038914140763034,1.0,direct,0.12813881688464848,0.08359599640986039,0.17501117198953953
6,bnci004,MMP_moe,TS,svm_radial,coral,23,1,1,27011,0.05,no_leakage_v1_alpha005,gate_all_sources_proxy_source_only_final_training_only,mmd,,,,,moe,coral,near_nearest_proxy,final,1.0,2,2train,train,False,0.18610518089824774,1.0,direct,0.12813881688464848,0.08359599640986039,0.17501117198953953
6,bnci004,MMP_moe,TS,svm_radial,coral,23,1,1,27011,0.05,no_leakage_v1_alpha005,gate_all_sources_proxy_source_only_final_training_only,mmd,,,,,moe,coral,near_nearest_proxy,main,2.0,3,3test,near,False,0.30294653099807084,1.0,direct,0.07871745808241885,0.05463702524396971,0.11016075829111864
6,bnci004,MMP_moe,TS,svm_radial,coral,23,1,1,27011,0.05,no_leakage_v1_alpha005,gate_all_sources_proxy_source_only_final_training_only,mmd,,,,,moe,coral,near_nearest_proxy,anchor,2.0,3,3test,proxy_source,False,0.47270249331236197,1.0,direct,0.07871745808241885,0.05463702524396971,0.11016075829111864
6,bnci004,MMP_moe,TS,svm_radial,coral,23,1,1,27011,0.05,no_leakage_v1_alpha005,gate_all_sources_proxy_source_only_final_training_only,mmd,,,,,moe,coral,near_nearest_proxy,final,2.0,3,3test,train,False,0.30294653099807084,1.0,direct,0.07871745808241885,0.05463702524396971,0.11016075829111864
6,bnci004,MMP_moe,TS,svm_radial,coral,23,1,1,27011,0.05,no_leakage_v1_alpha005,gate_all_sources_proxy_source_only_final_training_only,mmd,,,,,moe,coral,near_nearest_proxy,main,3.0,4,4test,nearest,True,0.35911797529300604,1.0,direct,0.06640470910472686,0.03993627003455093,0.09855960874648245
6,bnci004,MMP_moe,TS,svm_radial,coral,23,1,1,27011,0.05,no_leakage_v1_alpha005,gate_all_sources_proxy_source_only_final_training_only,mmd,,,,,moe,coral,near_nearest_proxy,anchor,3.0,4,4test,target,False,,1.0,direct,0.06640470910472686,0.03993627003455093,0.09855960874648245
6,bnci004,MMP_moe,TS,svm_radial,coral,23,1,1,27011,0.05,no_leakage_v1_alpha005,gate_all_sources_proxy_source_only_final_training_only,mmd,,,,,moe,coral,near_nearest_proxy,final,3.0,4,4test,train,True,0.35911797529300604,1.0,direct,0.06640470910472686,0.03993627003455093,0.09855960874648245
6,bnci004,MMP_moe,TS,svm_radial,coral,23,1,1,27011,0.05,no_leakage_v1_alpha005,gate_all_sources_proxy_source_only_final_training_only,mmd,,,,,moe,coral,near_nearest_proxy,main,,1,1train,target,False,,,,,,
6,bnci004,MMP_moe,TS,svm_radial,coral,23,1,1,27011,0.05,no_leakage_v1_alpha005,gate_all_sources_proxy_source_only_final_training_only,mmd,,,,,moe,coral,near_nearest_proxy,final,,1,1train,target,False,,,,,,
6,bnci004,MMP_moe,TS,svm_radial,coral,23,2,2,27042,0.05,no_leakage_v1_alpha005,gate_all_sources_proxy_source_only_final_training_only,mmd,,,,,moe,coral,near_nearest_proxy,main,0.0,0,0train,far,False,,2.0,direct,0.10145117379346268,0.07018330986497028,0.14007120437666648
6,bnci004,MMP_moe,TS,svm_radial,coral,23,2,2,27042,0.05,no_leakage_v1_alpha005,gate_all_sources_proxy_source_only_final_training_only,mmd,,,,,moe,coral,near_nearest_proxy,anchor,0.0,0,0train,not_used,False,,2.0,direct,0.10145117379346268,0.07018330986497028,0.14007120437666648
6,bnci004,MMP_moe,TS,svm_radial,coral,23,2,2,27042,0.05,no_leakage_v1_alpha005,gate_all_sources_proxy_source_only_final_training_only,mmd,,,,,moe,coral,near_nearest_proxy,final,0.0,0,0train,not_used,False,,2.0,direct,0.10145117379346268,0.07018330986497028,0.14007120437666648
6,bnci004,MMP_moe,TS,svm_radial,coral,23,2,2,27042,0.05,no_leakage_v1_alpha005,gate_all_sources_proxy_source_only_final_training_only,mmd,,,,,moe,coral,near_nearest_proxy,main,1.0,1,1train,far,False,,2.0,direct,0.10489160470305699,0.07500696150634129,0.13929317619320586
6,bnci004,MMP_moe,TS,svm_radial,coral,23,2,2,27042,0.05,no_leakage_v1_alpha005,gate_all_sources_proxy_source_only_final_training_only,mmd,,,,,moe,coral,near_nearest_proxy,anchor,1.0,1,1train,not_used,False,,2.0,direct,0.10489160470305699,0.07500696150634129,0.13929317619320586
6,bnci004,MMP_moe,TS,svm_radial,coral,23,2,2,27042,0.05,no_leakage_v1_alpha005,gate_all_sources_proxy_source_only_final_training_only,mmd,,,,,moe,coral,near_nearest_proxy,final,1.0,1,1train,not_used,False,,2.0,direct,0.10489160470305699,0.07500696150634129,0.13929317619320586
6,bnci004,MMP_moe,TS,svm_radial,coral,23,2,2,27042,0.05,no_leakage_v1_alpha005,gate_all_sources_proxy_source_only_final_training_only,mmd,,,,,moe,coral,near_nearest_proxy,main,2.0,3,3test,near,False,0.4788069139941324,2.0,direct,0.04909406290495201,0.02792638392198599,0.07823008806677006
6,bnci004,MMP_moe,TS,svm_radial,coral,23,2,2,27042,0.05,no_leakage_v1_alpha005,gate_all_sources_proxy_source_only_final_training_only,mmd,,,,,moe,coral,near_nearest_proxy,anchor,2.0,3,3test,proxy_source,False,1.0,2.0,direct,0.04909406290495201,0.02792638392198599,0.07823008806677006
6,bnci004,MMP_moe,TS,svm_radial,coral,23,2,2,27042,0.05,no_leakage_v1_alpha005,gate_all_sources_proxy_source_only_final_training_only,mmd,,,,,moe,coral,near_nearest_proxy,final,2.0,3,3test,train,False,0.4788069139941324,2.0,direct,0.04909406290495201,0.02792638392198599,0.07823008806677006
6,bnci004,MMP_moe,TS,svm_radial,coral,23,2,2,27042,0.05,no_leakage_v1_alpha005,gate_all_sources_proxy_source_only_final_training_only,mmd,,,,,moe,coral,near_nearest_proxy,main,3.0,4,4test,nearest,True,0.5211930860058677,2.0,direct,0.04510139332223841,0.030937808290950775,0.0649788070119892
6,bnci004,MMP_moe,TS,svm_radial,coral,23,2,2,27042,0.05,no_leakage_v1_alpha005,gate_all_sources_proxy_source_only_final_training_only,mmd,,,,,moe,coral,near_nearest_proxy,anchor,3.0,4,4test,target,False,,2.0,direct,0.04510139332223841,0.030937808290950775,0.0649788070119892
6,bnci004,MMP_moe,TS,svm_radial,coral,23,2,2,27042,0.05,no_leakage_v1_alpha005,gate_all_sources_proxy_source_only_final_training_only,mmd,,,,,moe,coral,near_nearest_proxy,final,3.0,4,4test,train,True,0.5211930860058677,2.0,direct,0.04510139332223841,0.030937808290950775,0.0649788070119892
6,bnci004,MMP_moe,TS,svm_radial,coral,23,2,2,27042,0.05,no_leakage_v1_alpha005,gate_all_sources_proxy_source_only_final_training_only,mmd,,,,,moe,coral,near_nearest_proxy,main,,2,2train,target,False,,,,,,
6,bnci004,MMP_moe,TS,svm_radial,coral,23,2,2,27042,0.05,no_leakage_v1_alpha005,gate_all_sources_proxy_source_only_final_training_only,mmd,,,,,moe,coral,near_nearest_proxy,final,,2,2train,target,False,,,,,,
6,bnci004,MMP_moe,TS,svm_radial,coral,23,3,3,27073,0.05,no_leakage_v1_alpha005,gate_all_sources_proxy_source_only_final_training_only,mmd,,,,,moe,coral,near_nearest_proxy,main,0.0,0,0train,far,False,,3.0,direct,0.11405068775509498,0.07795155830932125,0.1552615764291099
6,bnci004,MMP_moe,TS,svm_radial,coral,23,3,3,27073,0.05,no_leakage_v1_alpha005,gate_all_sources_proxy_source_only_final_training_only,mmd,,,,,moe,coral,near_nearest_proxy,anchor,0.0,0,0train,not_used,False,,3.0,direct,0.11405068775509498,0.07795155830932125,0.1552615764291099
6,bnci004,MMP_moe,TS,svm_radial,coral,23,3,3,27073,0.05,no_leakage_v1_alpha005,gate_all_sources_proxy_source_only_final_training_only,mmd,,,,,moe,coral,near_nearest_proxy,final,0.0,0,0train,not_used,False,,3.0,direct,0.11405068775509498,0.07795155830932125,0.1552615764291099
6,bnci004,MMP_moe,TS,svm_radial,coral,23,3,3,27073,0.05,no_leakage_v1_alpha005,gate_all_sources_proxy_source_only_final_training_only,mmd,,,,,moe,coral,near_nearest_proxy,main,1.0,1,1train,near,False,0.23009550619681263,3.0,direct,0.06442647059547511,0.047874913509536474,0.08309990486078996
6,bnci004,MMP_moe,TS,svm_radial,coral,23,3,3,27073,0.05,no_leakage_v1_alpha005,gate_all_sources_proxy_source_only_final_training_only,mmd,,,,,moe,coral,near_nearest_proxy,anchor,1.0,1,1train,proxy_source,False,0.42642555847033076,3.0,direct,0.06442647059547511,0.047874913509536474,0.08309990486078996
6,bnci004,MMP_moe,TS,svm_radial,coral,23,3,3,27073,0.05,no_leakage_v1_alpha005,gate_all_sources_proxy_source_only_final_training_only,mmd,,,,,moe,coral,near_nearest_proxy,final,1.0,1,1train,train,False,0.23009550619681263,3.0,direct,0.06442647059547511,0.047874913509536474,0.08309990486078996
6,bnci004,MMP_moe,TS,svm_radial,coral,23,3,3,27073,0.05,no_leakage_v1_alpha005,gate_all_sources_proxy_source_only_final_training_only,mmd,,,,,moe,coral,near_nearest_proxy,main,2.0,2,2train,near,False,0.30949575803746254,3.0,direct,0.047897787219732084,0.02976120318130916,0.07277823984114415
6,bnci004,MMP_moe,TS,svm_radial,coral,23,3,3,27073,0.05,no_leakage_v1_alpha005,gate_all_sources_proxy_source_only_final_training_only,mmd,,,,,moe,coral,near_nearest_proxy,anchor,2.0,2,2train,proxy_source,False,0.5735744415296692,3.0,direct,0.047897787219732084,0.02976120318130916,0.07277823984114415
6,bnci004,MMP_moe,TS,svm_radial,coral,23,3,3,27073,0.05,no_leakage_v1_alpha005,gate_all_sources_proxy_source_only_final_training_only,mmd,,,,,moe,coral,near_nearest_proxy,final,2.0,2,2train,train,False,0.30949575803746254,3.0,direct,0.047897787219732084,0.02976120318130916,0.07277823984114415
6,bnci004,MMP_moe,TS,svm_radial,coral,23,3,3,27073,0.05,no_leakage_v1_alpha005,gate_all_sources_proxy_source_only_final_training_only,mmd,,,,,moe,coral,near_nearest_proxy,main,3.0,4,4test,nearest,True,0.4604087357657248,3.0,direct,0.03219750169652171,0.02144823989200578,0.050870465498242264
6,bnci004,MMP_moe,TS,svm_radial,coral,23,3,3,27073,0.05,no_leakage_v1_alpha005,gate_all_sources_proxy_source_only_final_training_only,mmd,,,,,moe,coral,near_nearest_proxy,anchor,3.0,4,4test,target,False,,3.0,direct,0.03219750169652171,0.02144823989200578,0.050870465498242264
6,bnci004,MMP_moe,TS,svm_radial,coral,23,3,3,27073,0.05,no_leakage_v1_alpha005,gate_all_sources_proxy_source_only_final_training_only,mmd,,,,,moe,coral,near_nearest_proxy,final,3.0,4,4test,train,True,0.4604087357657248,3.0,direct,0.03219750169652171,0.02144823989200578,0.050870465498242264
6,bnci004,MMP_moe,TS,svm_radial,coral,23,3,3,27073,0.05,no_leakage_v1_alpha005,gate_all_sources_proxy_source_only_final_training_only,mmd,,,,,moe,coral,near_nearest_proxy,main,,3,3test,target,False,,,,,,
6,bnci004,MMP_moe,TS,svm_radial,coral,23,3,3,27073,0.05,no_leakage_v1_alpha005,gate_all_sources_proxy_source_only_final_training_only,mmd,,,,,moe,coral,near_nearest_proxy,final,,3,3test,target,False,,,,,,
6,bnci004,MMP_moe,TS,svm_radial,coral,23,4,4,27104,0.05,no_leakage_v1_alpha005,gate_all_sources_proxy_source_only_final_training_only,mmd,,,,,moe,coral,near_nearest_proxy,main,0.0,0,0train,far,False,,4.0,direct,0.09085094527163154,0.05750202464995209,0.12925478678384844
6,bnci004,MMP_moe,TS,svm_radial,coral,23,4,4,27104,0.05,no_leakage_v1_alpha005,gate_all_sources_proxy_source_only_final_training_only,mmd,,,,,moe,coral,near_nearest_proxy,anchor,0.0,0,0train,not_used,False,,4.0,direct,0.09085094527163154,0.05750202464995209,0.12925478678384844
6,bnci004,MMP_moe,TS,svm_radial,coral,23,4,4,27104,0.05,no_leakage_v1_alpha005,gate_all_sources_proxy_source_only_final_training_only,mmd,,,,,moe,coral,near_nearest_proxy,final,0.0,0,0train,not_used,False,,4.0,direct,0.09085094527163154,0.05750202464995209,0.12925478678384844
6,bnci004,MMP_moe,TS,svm_radial,coral,23,4,4,27104,0.05,no_leakage_v1_alpha005,gate_all_sources_proxy_source_only_final_training_only,mmd,,,,,moe,coral,near_nearest_proxy,main,1.0,1,1train,near,False,0.2312564920883794,4.0,direct,0.06605176480907436,0.04093965144724822,0.09013381478385366
6,bnci004,MMP_moe,TS,svm_radial,coral,23,4,4,27104,0.05,no_leakage_v1_alpha005,gate_all_sources_proxy_source_only_final_training_only,mmd,,,,,moe,coral,near_nearest_proxy,anchor,1.0,1,1train,proxy_source,False,0.4250326916055932,4.0,direct,0.06605176480907436,0.04093965144724822,0.09013381478385366
6,bnci004,MMP_moe,TS,svm_radial,coral,23,4,4,27104,0.05,no_leakage_v1_alpha005,gate_all_sources_proxy_source_only_final_training_only,mmd,,,,,moe,coral,near_nearest_proxy,final,1.0,1,1train,train,False,0.2312564920883794,4.0,direct,0.06605176480907436,0.04093965144724822,0.09013381478385366
6,bnci004,MMP_moe,TS,svm_radial,coral,23,4,4,27104,0.05,no_leakage_v1_alpha005,gate_all_sources_proxy_source_only_final_training_only,mmd,,,,,moe,coral,near_nearest_proxy,main,2.0,2,2train,near,False,0.31283457821209676,4.0,direct,0.0488271403219084,0.03499353291440591,0.06925709943664153
6,bnci004,MMP_moe,TS,svm_radial,coral,23,4,4,27104,0.05,no_leakage_v1_alpha005,gate_all_sources_proxy_source_only_final_training_only,mmd,,,,,moe,coral,near_nearest_proxy,anchor,2.0,2,2train,proxy_source,False,0.5749673083944068,4.0,direct,0.0488271403219084,0.03499353291440591,0.06925709943664153
6,bnci004,MMP_moe,TS,svm_radial,coral,23,4,4,27104,0.05,no_leakage_v1_alpha005,gate_all_sources_proxy_source_only_final_training_only,mmd,,,,,moe,coral,near_nearest_proxy,final,2.0,2,2train,train,False,0.31283457821209676,4.0,direct,0.0488271403219084,0.03499353291440591,0.06925709943664153
6,bnci004,MMP_moe,TS,svm_radial,coral,23,4,4,27104,0.05,no_leakage_v1_alpha005,gate_all_sources_proxy_source_only_final_training_only,mmd,,,,,moe,coral,near_nearest_proxy,main,3.0,3,3test,nearest,True,0.4559089296995239,4.0,direct,0.03350378502922212,0.019107499466778984,0.05180805012979689
6,bnci004,MMP_moe,TS,svm_radial,coral,23,4,4,27104,0.05,no_leakage_v1_alpha005,gate_all_sources_proxy_source_only_final_training_only,mmd,,,,,moe,coral,near_nearest_proxy,anchor,3.0,3,3test,target,False,,4.0,direct,0.03350378502922212,0.019107499466778984,0.05180805012979689
6,bnci004,MMP_moe,TS,svm_radial,coral,23,4,4,27104,0.05,no_leakage_v1_alpha005,gate_all_sources_proxy_source_only_final_training_only,mmd,,,,,moe,coral,near_nearest_proxy,final,3.0,3,3test,train,True,0.4559089296995239,4.0,direct,0.03350378502922212,0.019107499466778984,0.05180805012979689
6,bnci004,MMP_moe,TS,svm_radial,coral,23,4,4,27104,0.05,no_leakage_v1_alpha005,gate_all_sources_proxy_source_only_final_training_only,mmd,,,,,moe,coral,near_nearest_proxy,main,,4,4test,target,False,,,,,,
6,bnci004,MMP_moe,TS,svm_radial,coral,23,4,4,27104,0.05,no_leakage_v1_alpha005,gate_all_sources_proxy_source_only_final_training_only,mmd,,,,,moe,coral,near_nearest_proxy,final,,4,4test,target,False,,,,,,
